id,device_id,record_id,bpm,accuracy,time_ms,time_iso
3770,bc2c14bd2bf7551f5633c01663847239,3784,84.0,3,1786572661941,2026-08-13T05:11:01.941
3771,bc2c14bd2bf7551f5633c01663847239,3785,84.0,-1,1786572662941,2026-08-13T05:11:02.941
3772,bc2c14bd2bf7551f5633c01663847239,3786,84.0,-1,1786572663941,2026-08-13T05:11:03.941
3773,bc2c14bd2bf7551f5633c01663847239,3787,84.0,-1,1786572664941,2026-08-13T05:11:04.941
3774,bc2c14bd2bf7551f5633c01663847239,3788,92.0,3,1786572665942,2026-08-13T05:11:05.942
3775,bc2c14bd2bf7551f5633c01663847239,3789,93.0,3,1786572666941,2026-08-13T05:11:06.941
3776,bc2c14bd2bf7551f5633c01663847239,3790,92.0,3,1786572667940,2026-08-13T05:11:07.940
3777,bc2c14bd2bf7551f5633c01663847239,3791,92.0,3,1786572668941,2026-08-13T05:11:08.941
3778,bc2c14bd2bf7551f5633c01663847239,3792,92.0,3,1786572669945,2026-08-13T05:11:09.945
3779,bc2c14bd2bf7551f5633c01663847239,3793,92.0,3,1786572670941,2026-08-13T05:11:10.941
3780,bc2c14bd2bf7551f5633c01663847239,3794,92.0,3,1786572671941,2026-08-13T05:11:11.941
3781,bc2c14bd2bf7551f5633c01663847239,3795,91.0,3,1786572672942,2026-08-13T05:11:12.942
3782,bc2c14bd2bf7551f5633c01663847239,3796,91.0,3,1786572673941,2026-08-13T05:11:13.941
3783,bc2c14bd2bf7551f5633c01663847239,3797,91.0,3,1786572674941,2026-08-13T05:11:14.941
3784,bc2c14bd2bf7551f5633c01663847239,3798,91.0,3,1786572675941,2026-08-13T05:11:15.941
3785,bc2c14bd2bf7551f5633c01663847239,3799,91.0,3,1786572676941,2026-08-13T05:11:16.941
3786,bc2c14bd2bf7551f5633c01663847239,3800,91.0,3,1786572677941,2026-08-13T05:11:17.941
3787,bc2c14bd2bf7551f5633c01663847239,3801,91.0,3,1786572678940,2026-08-13T05:11:18.940
3788,bc2c14bd2bf7551f5633c01663847239,3802,92.0,3,1786572679941,2026-08-13T05:11:19.941
3789,bc2c14bd2bf7551f5633c01663847239,3803,92.0,3,1786572680941,2026-08-13T05:11:20.941
3790,bc2c14bd2bf7551f5633c01663847239,3804,92.0,3,1786572681941,2026-08-13T05:11:21.941
3791,bc2c14bd2bf7551f5633c01663847239,3805,92.0,3,1786572682942,2026-08-13T05:11:22.942
3792,bc2c14bd2bf7551f5633c01663847239,3806,92.0,3,1786572683946,2026-08-13T05:11:23.946
3793,bc2c14bd2bf7551f5633c01663847239,3807,92.0,3,1786572684941,2026-08-13T05:11:24.941
3794,bc2c14bd2bf7551f5633c01663847239,3808,92.0,3,1786572685941,2026-08-13T05:11:25.941
3795,bc2c14bd2bf7551f5633c01663847239,3809,92.0,3,1786572686941,2026-08-13T05:11:26.941
3796,bc2c14bd2bf7551f5633c01663847239,3810,92.0,3,1786572687941,2026-08-13T05:11:27.941
3797,bc2c14bd2bf7551f5633c01663847239,3811,93.0,3,1786572688941,2026-08-13T05:11:28.941
3798,bc2c14bd2bf7551f5633c01663847239,3812,94.0,3,1786572689941,2026-08-13T05:11:29.941
3799,bc2c14bd2bf7551f5633c01663847239,3813,96.0,3,1786572690941,2026-08-13T05:11:30.941
3800,bc2c14bd2bf7551f5633c01663847239,3814,97.0,3,1786572691940,2026-08-13T05:11:31.940
3801,bc2c14bd2bf7551f5633c01663847239,3815,97.0,3,1786572692940,2026-08-13T05:11:32.940
3802,bc2c14bd2bf7551f5633c01663847239,3816,97.0,3,1786572693941,2026-08-13T05:11:33.941
3803,bc2c14bd2bf7551f5633c01663847239,3817,97.0,3,1786572694944,2026-08-13T05:11:34.944
3804,bc2c14bd2bf7551f5633c01663847239,3818,97.0,3,1786572695942,2026-08-13T05:11:35.942
3805,bc2c14bd2bf7551f5633c01663847239,3819,96.0,3,1786572696940,2026-08-13T05:11:36.940
3806,bc2c14bd2bf7551f5633c01663847239,3820,95.0,3,1786572697941,2026-08-13T05:11:37.941
3807,bc2c14bd2bf7551f5633c01663847239,3821,94.0,3,1786572698941,2026-08-13T05:11:38.941
3808,bc2c14bd2bf7551f5633c01663847239,3822,93.0,3,1786572699943,2026-08-13T05:11:39.943
3809,bc2c14bd2bf7551f5633c01663847239,3823,93.0,3,1786572700950,2026-08-13T05:11:40.950
3810,bc2c14bd2bf7551f5633c01663847239,3824,92.0,3,1786572701946,2026-08-13T05:11:41.946
3811,bc2c14bd2bf7551f5633c01663847239,3825,91.0,3,1786572702941,2026-08-13T05:11:42.941
3812,bc2c14bd2bf7551f5633c01663847239,3826,92.0,3,1786572703941,2026-08-13T05:11:43.941
3813,bc2c14bd2bf7551f5633c01663847239,3827,92.0,3,1786572704941,2026-08-13T05:11:44.941
3814,bc2c14bd2bf7551f5633c01663847239,3828,91.0,3,1786572705943,2026-08-13T05:11:45.943
3815,bc2c14bd2bf7551f5633c01663847239,3829,91.0,3,1786572706943,2026-08-13T05:11:46.943
3816,bc2c14bd2bf7551f5633c01663847239,3830,91.0,3,1786572707943,2026-08-13T05:11:47.943
3817,bc2c14bd2bf7551f5633c01663847239,3831,92.0,3,1786572708943,2026-08-13T05:11:48.943
3818,bc2c14bd2bf7551f5633c01663847239,3832,91.0,3,1786572709941,2026-08-13T05:11:49.941
3819,bc2c14bd2bf7551f5633c01663847239,3833,91.0,3,1786572710943,2026-08-13T05:11:50.943
3820,bc2c14bd2bf7551f5633c01663847239,3834,90.0,3,1786572711941,2026-08-13T05:11:51.941
3821,bc2c14bd2bf7551f5633c01663847239,3835,89.0,3,1786572712948,2026-08-13T05:11:52.948
3822,bc2c14bd2bf7551f5633c01663847239,3836,88.0,3,1786572713940,2026-08-13T05:11:53.940
3823,bc2c14bd2bf7551f5633c01663847239,3837,88.0,3,1786572714941,2026-08-13T05:11:54.941
3824,bc2c14bd2bf7551f5633c01663847239,3838,88.0,3,1786572715942,2026-08-13T05:11:55.942
3825,bc2c14bd2bf7551f5633c01663847239,3839,88.0,3,1786572716942,2026-08-13T05:11:56.942
3826,bc2c14bd2bf7551f5633c01663847239,3840,88.0,3,1786572717941,2026-08-13T05:11:57.941
3827,bc2c14bd2bf7551f5633c01663847239,3841,90.0,3,1786572718941,2026-08-13T05:11:58.941
3828,bc2c14bd2bf7551f5633c01663847239,3842,91.0,3,1786572719941,2026-08-13T05:11:59.941
3829,bc2c14bd2bf7551f5633c01663847239,3843,93.0,3,1786572720941,2026-08-13T05:12:00.941
3830,bc2c14bd2bf7551f5633c01663847239,3844,93.0,3,1786572721941,2026-08-13T05:12:01.941
3831,bc2c14bd2bf7551f5633c01663847239,3845,92.0,3,1786572722948,2026-08-13T05:12:02.948
3832,bc2c14bd2bf7551f5633c01663847239,3846,91.0,3,1786572723951,2026-08-13T05:12:03.951
3833,bc2c14bd2bf7551f5633c01663847239,3847,92.0,3,1786572724951,2026-08-13T05:12:04.951
3834,bc2c14bd2bf7551f5633c01663847239,3848,93.0,3,1786572725948,2026-08-13T05:12:05.948
3835,bc2c14bd2bf7551f5633c01663847239,3849,95.0,3,1786572726949,2026-08-13T05:12:06.949
3836,bc2c14bd2bf7551f5633c01663847239,3850,94.0,3,1786572727948,2026-08-13T05:12:07.948
3837,bc2c14bd2bf7551f5633c01663847239,3851,92.0,3,1786572728949,2026-08-13T05:12:08.949
3838,bc2c14bd2bf7551f5633c01663847239,3852,90.0,3,1786572729946,2026-08-13T05:12:09.946
3839,bc2c14bd2bf7551f5633c01663847239,3853,88.0,3,1786572730949,2026-08-13T05:12:10.949
3840,bc2c14bd2bf7551f5633c01663847239,3854,87.0,3,1786572731941,2026-08-13T05:12:11.941
3841,bc2c14bd2bf7551f5633c01663847239,3855,87.0,3,1786572732944,2026-08-13T05:12:12.944
3842,bc2c14bd2bf7551f5633c01663847239,3856,86.0,3,1786572733943,2026-08-13T05:12:13.943
3843,bc2c14bd2bf7551f5633c01663847239,3857,86.0,3,1786572734942,2026-08-13T05:12:14.942
3844,bc2c14bd2bf7551f5633c01663847239,3858,87.0,3,1786572735942,2026-08-13T05:12:15.942
3845,bc2c14bd2bf7551f5633c01663847239,3859,87.0,3,1786572736941,2026-08-13T05:12:16.941
3846,bc2c14bd2bf7551f5633c01663847239,3860,87.0,3,1786572737942,2026-08-13T05:12:17.942
3847,bc2c14bd2bf7551f5633c01663847239,3861,87.0,3,1786572738941,2026-08-13T05:12:18.941
3848,bc2c14bd2bf7551f5633c01663847239,3862,87.0,3,1786572739941,2026-08-13T05:12:19.941
3849,bc2c14bd2bf7551f5633c01663847239,3863,88.0,3,1786572740943,2026-08-13T05:12:20.943
3850,bc2c14bd2bf7551f5633c01663847239,3864,88.0,3,1786572741942,2026-08-13T05:12:21.942
3851,bc2c14bd2bf7551f5633c01663847239,3865,89.0,3,1786572742941,2026-08-13T05:12:22.941
3852,bc2c14bd2bf7551f5633c01663847239,3866,89.0,3,1786572743941,2026-08-13T05:12:23.941
3853,bc2c14bd2bf7551f5633c01663847239,3867,89.0,3,1786572744942,2026-08-13T05:12:24.942
3854,bc2c14bd2bf7551f5633c01663847239,3868,90.0,3,1786572745942,2026-08-13T05:12:25.942
3855,bc2c14bd2bf7551f5633c01663847239,3869,90.0,3,1786572746942,2026-08-13T05:12:26.942
3856,bc2c14bd2bf7551f5633c01663847239,3870,91.0,3,1786572747942,2026-08-13T05:12:27.942
3857,bc2c14bd2bf7551f5633c01663847239,3871,91.0,3,1786572748942,2026-08-13T05:12:28.942
3858,bc2c14bd2bf7551f5633c01663847239,3872,92.0,3,1786572749941,2026-08-13T05:12:29.941
3859,bc2c14bd2bf7551f5633c01663847239,3873,93.0,3,1786572750941,2026-08-13T05:12:30.941
3860,bc2c14bd2bf7551f5633c01663847239,3874,94.0,3,1786572751950,2026-08-13T05:12:31.950
3861,bc2c14bd2bf7551f5633c01663847239,3875,94.0,3,1786572752948,2026-08-13T05:12:32.948
3862,bc2c14bd2bf7551f5633c01663847239,3876,95.0,3,1786572753942,2026-08-13T05:12:33.942
3863,bc2c14bd2bf7551f5633c01663847239,3877,95.0,3,1786572754945,2026-08-13T05:12:34.945
3864,bc2c14bd2bf7551f5633c01663847239,3878,94.0,3,1786572755943,2026-08-13T05:12:35.943
3865,bc2c14bd2bf7551f5633c01663847239,3879,94.0,3,1786572756941,2026-08-13T05:12:36.941
3866,bc2c14bd2bf7551f5633c01663847239,3880,94.0,3,1786572757941,2026-08-13T05:12:37.941
3867,bc2c14bd2bf7551f5633c01663847239,3881,95.0,3,1786572758941,2026-08-13T05:12:38.941
3868,bc2c14bd2bf7551f5633c01663847239,3882,94.0,3,1786572759944,2026-08-13T05:12:39.944
3869,bc2c14bd2bf7551f5633c01663847239,3883,93.0,3,1786572760943,2026-08-13T05:12:40.943
3870,bc2c14bd2bf7551f5633c01663847239,3884,94.0,3,1786572761941,2026-08-13T05:12:41.941
3871,bc2c14bd2bf7551f5633c01663847239,3885,93.0,3,1786572762942,2026-08-13T05:12:42.942
3872,bc2c14bd2bf7551f5633c01663847239,3886,92.0,3,1786572763942,2026-08-13T05:12:43.942
3873,bc2c14bd2bf7551f5633c01663847239,3887,92.0,3,1786572764941,2026-08-13T05:12:44.941
3874,bc2c14bd2bf7551f5633c01663847239,3888,93.0,3,1786572765942,2026-08-13T05:12:45.942
3875,bc2c14bd2bf7551f5633c01663847239,3889,93.0,3,1786572766941,2026-08-13T05:12:46.941
3876,bc2c14bd2bf7551f5633c01663847239,3890,93.0,3,1786572767941,2026-08-13T05:12:47.941
3877,bc2c14bd2bf7551f5633c01663847239,3891,91.0,3,1786572768942,2026-08-13T05:12:48.942
3878,bc2c14bd2bf7551f5633c01663847239,3892,90.0,3,1786572769941,2026-08-13T05:12:49.941
3879,bc2c14bd2bf7551f5633c01663847239,3893,90.0,3,1786572770950,2026-08-13T05:12:50.950
3880,bc2c14bd2bf7551f5633c01663847239,3894,90.0,3,1786572771948,2026-08-13T05:12:51.948
3881,bc2c14bd2bf7551f5633c01663847239,3895,91.0,3,1786572772948,2026-08-13T05:12:52.948
3882,bc2c14bd2bf7551f5633c01663847239,3896,91.0,3,1786572773947,2026-08-13T05:12:53.947
3883,bc2c14bd2bf7551f5633c01663847239,3897,92.0,3,1786572774941,2026-08-13T05:12:54.941
3884,bc2c14bd2bf7551f5633c01663847239,3898,93.0,3,1786572775944,2026-08-13T05:12:55.944
3885,bc2c14bd2bf7551f5633c01663847239,3899,93.0,3,1786572776944,2026-08-13T05:12:56.944
3886,bc2c14bd2bf7551f5633c01663847239,3900,93.0,3,1786572777943,2026-08-13T05:12:57.943
3887,bc2c14bd2bf7551f5633c01663847239,3901,94.0,3,1786572778944,2026-08-13T05:12:58.944
3888,bc2c14bd2bf7551f5633c01663847239,3902,95.0,3,1786572779943,2026-08-13T05:12:59.943
3889,bc2c14bd2bf7551f5633c01663847239,3903,95.0,3,1786572780944,2026-08-13T05:13:00.944
3890,bc2c14bd2bf7551f5633c01663847239,3904,95.0,3,1786572781944,2026-08-13T05:13:01.944
3891,bc2c14bd2bf7551f5633c01663847239,3905,96.0,3,1786572782941,2026-08-13T05:13:02.941
3892,bc2c14bd2bf7551f5633c01663847239,3906,97.0,3,1786572783943,2026-08-13T05:13:03.943
3893,bc2c14bd2bf7551f5633c01663847239,3907,98.0,3,1786572784943,2026-08-13T05:13:04.943
3894,bc2c14bd2bf7551f5633c01663847239,3908,98.0,3,1786572785941,2026-08-13T05:13:05.941
3895,bc2c14bd2bf7551f5633c01663847239,3909,100.0,3,1786572786942,2026-08-13T05:13:06.942
3896,bc2c14bd2bf7551f5633c01663847239,3910,101.0,3,1786572787941,2026-08-13T05:13:07.941
3897,bc2c14bd2bf7551f5633c01663847239,3911,102.0,3,1786572788941,2026-08-13T05:13:08.941
3898,bc2c14bd2bf7551f5633c01663847239,3912,102.0,3,1786572789942,2026-08-13T05:13:09.942
3899,bc2c14bd2bf7551f5633c01663847239,3913,102.0,3,1786572790941,2026-08-13T05:13:10.941
3900,bc2c14bd2bf7551f5633c01663847239,3914,101.0,3,1786572791942,2026-08-13T05:13:11.942
3901,bc2c14bd2bf7551f5633c01663847239,3915,101.0,3,1786572792941,2026-08-13T05:13:12.941
3902,bc2c14bd2bf7551f5633c01663847239,3916,100.0,3,1786572793941,2026-08-13T05:13:13.941
3903,bc2c14bd2bf7551f5633c01663847239,3917,99.0,3,1786572794941,2026-08-13T05:13:14.941
3904,bc2c14bd2bf7551f5633c01663847239,3918,98.0,3,1786572795960,2026-08-13T05:13:15.960
3905,bc2c14bd2bf7551f5633c01663847239,3919,97.0,3,1786572796946,2026-08-13T05:13:16.946
3906,bc2c14bd2bf7551f5633c01663847239,3920,97.0,3,1786572797946,2026-08-13T05:13:17.946
3907,bc2c14bd2bf7551f5633c01663847239,3921,96.0,3,1786572798941,2026-08-13T05:13:18.941
3908,bc2c14bd2bf7551f5633c01663847239,3922,96.0,3,1786572799941,2026-08-13T05:13:19.941
3909,bc2c14bd2bf7551f5633c01663847239,3923,96.0,3,1786572800941,2026-08-13T05:13:20.941
3910,bc2c14bd2bf7551f5633c01663847239,3924,96.0,3,1786572801941,2026-08-13T05:13:21.941
3911,bc2c14bd2bf7551f5633c01663847239,3925,97.0,3,1786572802944,2026-08-13T05:13:22.944
3912,bc2c14bd2bf7551f5633c01663847239,3926,98.0,3,1786572803953,2026-08-13T05:13:23.953
3913,bc2c14bd2bf7551f5633c01663847239,3927,99.0,3,1786572804942,2026-08-13T05:13:24.942
3914,bc2c14bd2bf7551f5633c01663847239,3928,100.0,3,1786572805942,2026-08-13T05:13:25.942
3915,bc2c14bd2bf7551f5633c01663847239,3929,100.0,3,1786572806943,2026-08-13T05:13:26.943
3916,bc2c14bd2bf7551f5633c01663847239,3930,99.0,3,1786572807942,2026-08-13T05:13:27.942
3917,bc2c14bd2bf7551f5633c01663847239,3931,99.0,3,1786572808941,2026-08-13T05:13:28.941
3918,bc2c14bd2bf7551f5633c01663847239,3932,99.0,3,1786572809948,2026-08-13T05:13:29.948
3919,bc2c14bd2bf7551f5633c01663847239,3933,99.0,3,1786572810941,2026-08-13T05:13:30.941
3920,bc2c14bd2bf7551f5633c01663847239,3934,99.0,3,1786572811941,2026-08-13T05:13:31.941
3921,bc2c14bd2bf7551f5633c01663847239,3935,100.0,3,1786572812941,2026-08-13T05:13:32.941
3922,bc2c14bd2bf7551f5633c01663847239,3936,99.0,3,1786572813941,2026-08-13T05:13:33.941
3923,bc2c14bd2bf7551f5633c01663847239,3937,98.0,3,1786572814941,2026-08-13T05:13:34.941
3924,bc2c14bd2bf7551f5633c01663847239,3938,97.0,3,1786572815941,2026-08-13T05:13:35.941
3925,bc2c14bd2bf7551f5633c01663847239,3939,97.0,3,1786572816941,2026-08-13T05:13:36.941
3926,bc2c14bd2bf7551f5633c01663847239,3940,97.0,3,1786572817941,2026-08-13T05:13:37.941
3927,bc2c14bd2bf7551f5633c01663847239,3941,96.0,3,1786572818941,2026-08-13T05:13:38.941
3928,bc2c14bd2bf7551f5633c01663847239,3942,96.0,3,1786572819942,2026-08-13T05:13:39.942
3929,bc2c14bd2bf7551f5633c01663847239,3943,97.0,3,1786572820943,2026-08-13T05:13:40.943
3930,bc2c14bd2bf7551f5633c01663847239,3944,96.0,3,1786572821941,2026-08-13T05:13:41.941
3931,bc2c14bd2bf7551f5633c01663847239,3945,95.0,3,1786572822941,2026-08-13T05:13:42.941
3932,bc2c14bd2bf7551f5633c01663847239,3946,94.0,3,1786572823941,2026-08-13T05:13:43.941
3933,bc2c14bd2bf7551f5633c01663847239,3947,93.0,3,1786572824941,2026-08-13T05:13:44.941
3934,bc2c14bd2bf7551f5633c01663847239,3948,92.0,3,1786572825941,2026-08-13T05:13:45.941
3935,bc2c14bd2bf7551f5633c01663847239,3949,91.0,3,1786572826948,2026-08-13T05:13:46.948
3936,bc2c14bd2bf7551f5633c01663847239,3950,91.0,3,1786572827947,2026-08-13T05:13:47.947
3937,bc2c14bd2bf7551f5633c01663847239,3951,90.0,3,1786572828943,2026-08-13T05:13:48.943
3938,bc2c14bd2bf7551f5633c01663847239,3952,89.0,3,1786572829948,2026-08-13T05:13:49.948
3939,bc2c14bd2bf7551f5633c01663847239,3953,88.0,3,1786572830948,2026-08-13T05:13:50.948
3940,bc2c14bd2bf7551f5633c01663847239,3954,89.0,3,1786572831947,2026-08-13T05:13:51.947
3941,bc2c14bd2bf7551f5633c01663847239,3955,89.0,3,1786572832948,2026-08-13T05:13:52.948
3942,bc2c14bd2bf7551f5633c01663847239,3956,90.0,3,1786572833940,2026-08-13T05:13:53.940
3943,bc2c14bd2bf7551f5633c01663847239,3957,90.0,3,1786572834947,2026-08-13T05:13:54.947
3944,bc2c14bd2bf7551f5633c01663847239,3958,90.0,3,1786572835947,2026-08-13T05:13:55.947
3945,bc2c14bd2bf7551f5633c01663847239,3959,90.0,3,1786572836946,2026-08-13T05:13:56.946
3946,bc2c14bd2bf7551f5633c01663847239,3960,90.0,3,1786572837947,2026-08-13T05:13:57.947
3947,bc2c14bd2bf7551f5633c01663847239,3961,90.0,3,1786572838947,2026-08-13T05:13:58.947
3948,bc2c14bd2bf7551f5633c01663847239,3962,90.0,3,1786572839947,2026-08-13T05:13:59.947
3949,bc2c14bd2bf7551f5633c01663847239,3963,91.0,3,1786572840941,2026-08-13T05:14:00.941
3950,bc2c14bd2bf7551f5633c01663847239,3964,91.0,3,1786572841946,2026-08-13T05:14:01.946
3951,bc2c14bd2bf7551f5633c01663847239,3965,91.0,3,1786572842946,2026-08-13T05:14:02.946
3952,bc2c14bd2bf7551f5633c01663847239,3966,91.0,3,1786572843945,2026-08-13T05:14:03.945
3953,bc2c14bd2bf7551f5633c01663847239,3967,91.0,3,1786572844944,2026-08-13T05:14:04.944
3954,bc2c14bd2bf7551f5633c01663847239,3968,90.0,3,1786572845945,2026-08-13T05:14:05.945
3955,bc2c14bd2bf7551f5633c01663847239,3969,91.0,3,1786572846946,2026-08-13T05:14:06.946
3956,bc2c14bd2bf7551f5633c01663847239,3970,92.0,3,1786572847942,2026-08-13T05:14:07.942
3957,bc2c14bd2bf7551f5633c01663847239,3971,92.0,3,1786572848942,2026-08-13T05:14:08.942
3958,bc2c14bd2bf7551f5633c01663847239,3972,92.0,3,1786572849946,2026-08-13T05:14:09.946
3959,bc2c14bd2bf7551f5633c01663847239,3973,93.0,3,1786572850945,2026-08-13T05:14:10.945
3960,bc2c14bd2bf7551f5633c01663847239,3974,94.0,3,1786572851944,2026-08-13T05:14:11.944
3961,bc2c14bd2bf7551f5633c01663847239,3975,94.0,3,1786572852941,2026-08-13T05:14:12.941
3962,bc2c14bd2bf7551f5633c01663847239,3976,95.0,3,1786572853945,2026-08-13T05:14:13.945
3963,bc2c14bd2bf7551f5633c01663847239,3977,96.0,3,1786572854942,2026-08-13T05:14:14.942
3964,bc2c14bd2bf7551f5633c01663847239,3978,97.0,3,1786572855942,2026-08-13T05:14:15.942
3965,bc2c14bd2bf7551f5633c01663847239,3979,97.0,3,1786572856941,2026-08-13T05:14:16.941
3966,bc2c14bd2bf7551f5633c01663847239,3980,97.0,3,1786572857942,2026-08-13T05:14:17.942
3967,bc2c14bd2bf7551f5633c01663847239,3981,97.0,3,1786572858941,2026-08-13T05:14:18.941
3968,bc2c14bd2bf7551f5633c01663847239,3982,97.0,3,1786572859940,2026-08-13T05:14:19.940
3969,bc2c14bd2bf7551f5633c01663847239,3983,97.0,3,1786572860941,2026-08-13T05:14:20.941
3970,bc2c14bd2bf7551f5633c01663847239,3984,96.0,3,1786572861942,2026-08-13T05:14:21.942
3971,bc2c14bd2bf7551f5633c01663847239,3985,95.0,3,1786572862950,2026-08-13T05:14:22.950
3972,bc2c14bd2bf7551f5633c01663847239,3986,94.0,3,1786572863950,2026-08-13T05:14:23.950
3973,bc2c14bd2bf7551f5633c01663847239,3987,93.0,3,1786572864947,2026-08-13T05:14:24.947
3974,bc2c14bd2bf7551f5633c01663847239,3988,93.0,3,1786572865944,2026-08-13T05:14:25.944
3975,bc2c14bd2bf7551f5633c01663847239,3989,93.0,3,1786572866942,2026-08-13T05:14:26.942
3976,bc2c14bd2bf7551f5633c01663847239,3990,93.0,3,1786572867942,2026-08-13T05:14:27.942
3977,bc2c14bd2bf7551f5633c01663847239,3991,93.0,3,1786572868942,2026-08-13T05:14:28.942
3978,bc2c14bd2bf7551f5633c01663847239,3992,93.0,3,1786572869941,2026-08-13T05:14:29.941
3979,bc2c14bd2bf7551f5633c01663847239,3993,93.0,3,1786572870941,2026-08-13T05:14:30.941
3980,bc2c14bd2bf7551f5633c01663847239,3994,93.0,3,1786572871942,2026-08-13T05:14:31.942
3981,bc2c14bd2bf7551f5633c01663847239,3995,94.0,3,1786572872941,2026-08-13T05:14:32.941
3982,bc2c14bd2bf7551f5633c01663847239,3996,95.0,3,1786572873941,2026-08-13T05:14:33.941
3983,bc2c14bd2bf7551f5633c01663847239,3997,96.0,3,1786572874941,2026-08-13T05:14:34.941
3984,bc2c14bd2bf7551f5633c01663847239,3998,97.0,3,1786572875942,2026-08-13T05:14:35.942
3985,bc2c14bd2bf7551f5633c01663847239,3999,98.0,3,1786572876941,2026-08-13T05:14:36.941
3986,bc2c14bd2bf7551f5633c01663847239,4000,98.0,3,1786572877943,2026-08-13T05:14:37.943
3987,bc2c14bd2bf7551f5633c01663847239,4001,98.0,3,1786572878943,2026-08-13T05:14:38.943
3988,bc2c14bd2bf7551f5633c01663847239,4002,98.0,3,1786572879941,2026-08-13T05:14:39.941
3989,bc2c14bd2bf7551f5633c01663847239,4003,98.0,3,1786572880942,2026-08-13T05:14:40.942
3990,bc2c14bd2bf7551f5633c01663847239,4004,97.0,3,1786572881941,2026-08-13T05:14:41.941
3991,bc2c14bd2bf7551f5633c01663847239,4005,96.0,3,1786572882943,2026-08-13T05:14:42.943
3992,bc2c14bd2bf7551f5633c01663847239,4006,95.0,3,1786572883941,2026-08-13T05:14:43.941
3993,bc2c14bd2bf7551f5633c01663847239,4007,94.0,3,1786572884942,2026-08-13T05:14:44.942
3994,bc2c14bd2bf7551f5633c01663847239,4008,93.0,3,1786572885942,2026-08-13T05:14:45.942
3995,bc2c14bd2bf7551f5633c01663847239,4009,92.0,3,1786572886942,2026-08-13T05:14:46.942
3996,bc2c14bd2bf7551f5633c01663847239,4010,92.0,3,1786572887942,2026-08-13T05:14:47.942
3997,bc2c14bd2bf7551f5633c01663847239,4011,91.0,3,1786572888941,2026-08-13T05:14:48.941
3998,bc2c14bd2bf7551f5633c01663847239,4012,91.0,3,1786572889941,2026-08-13T05:14:49.941
3999,bc2c14bd2bf7551f5633c01663847239,4013,90.0,3,1786572890941,2026-08-13T05:14:50.941
4000,bc2c14bd2bf7551f5633c01663847239,4014,90.0,3,1786572891941,2026-08-13T05:14:51.941
4001,bc2c14bd2bf7551f5633c01663847239,4015,89.0,3,1786572892941,2026-08-13T05:14:52.941
4002,bc2c14bd2bf7551f5633c01663847239,4016,88.0,3,1786572893941,2026-08-13T05:14:53.941
4003,bc2c14bd2bf7551f5633c01663847239,4017,89.0,3,1786572894941,2026-08-13T05:14:54.941
4004,bc2c14bd2bf7551f5633c01663847239,4018,88.0,3,1786572895942,2026-08-13T05:14:55.942
4005,bc2c14bd2bf7551f5633c01663847239,4019,88.0,3,1786572896941,2026-08-13T05:14:56.941
4006,bc2c14bd2bf7551f5633c01663847239,4020,87.0,3,1786572897941,2026-08-13T05:14:57.941
4007,bc2c14bd2bf7551f5633c01663847239,4021,88.0,3,1786572898941,2026-08-13T05:14:58.941
4008,bc2c14bd2bf7551f5633c01663847239,4022,89.0,3,1786572899942,2026-08-13T05:14:59.942
4009,bc2c14bd2bf7551f5633c01663847239,4023,89.0,3,1786572900941,2026-08-13T05:15:00.941
4010,bc2c14bd2bf7551f5633c01663847239,4024,90.0,3,1786572901941,2026-08-13T05:15:01.941
4011,bc2c14bd2bf7551f5633c01663847239,4025,90.0,3,1786572902942,2026-08-13T05:15:02.942
4012,bc2c14bd2bf7551f5633c01663847239,4026,91.0,3,1786572903944,2026-08-13T05:15:03.944
4013,bc2c14bd2bf7551f5633c01663847239,4027,91.0,3,1786572904948,2026-08-13T05:15:04.948
4014,bc2c14bd2bf7551f5633c01663847239,4028,91.0,3,1786572905949,2026-08-13T05:15:05.949
4015,bc2c14bd2bf7551f5633c01663847239,4029,91.0,3,1786572906948,2026-08-13T05:15:06.948
4016,bc2c14bd2bf7551f5633c01663847239,4030,91.0,3,1786572907946,2026-08-13T05:15:07.946
4017,bc2c14bd2bf7551f5633c01663847239,4031,91.0,3,1786572908946,2026-08-13T05:15:08.946
4018,bc2c14bd2bf7551f5633c01663847239,4032,91.0,3,1786572909945,2026-08-13T05:15:09.945
4019,bc2c14bd2bf7551f5633c01663847239,4033,91.0,3,1786572910943,2026-08-13T05:15:10.943
4020,bc2c14bd2bf7551f5633c01663847239,4034,92.0,3,1786572911943,2026-08-13T05:15:11.943
4021,bc2c14bd2bf7551f5633c01663847239,4035,92.0,3,1786572912942,2026-08-13T05:15:12.942
4022,bc2c14bd2bf7551f5633c01663847239,4036,93.0,3,1786572913942,2026-08-13T05:15:13.942
4023,bc2c14bd2bf7551f5633c01663847239,4037,92.0,3,1786572914941,2026-08-13T05:15:14.941
4024,bc2c14bd2bf7551f5633c01663847239,4038,92.0,3,1786572915942,2026-08-13T05:15:15.942
4025,bc2c14bd2bf7551f5633c01663847239,4039,92.0,3,1786572916941,2026-08-13T05:15:16.941
4026,bc2c14bd2bf7551f5633c01663847239,4040,92.0,3,1786572917941,2026-08-13T05:15:17.941
4027,bc2c14bd2bf7551f5633c01663847239,4041,92.0,3,1786572918942,2026-08-13T05:15:18.942
4028,bc2c14bd2bf7551f5633c01663847239,4042,91.0,3,1786572919941,2026-08-13T05:15:19.941
4029,bc2c14bd2bf7551f5633c01663847239,4043,91.0,3,1786572920941,2026-08-13T05:15:20.941
4030,bc2c14bd2bf7551f5633c01663847239,4044,91.0,3,1786572921941,2026-08-13T05:15:21.941
4031,bc2c14bd2bf7551f5633c01663847239,4045,92.0,3,1786572922941,2026-08-13T05:15:22.941
4032,bc2c14bd2bf7551f5633c01663847239,4046,91.0,3,1786572923941,2026-08-13T05:15:23.941
4033,bc2c14bd2bf7551f5633c01663847239,4047,90.0,3,1786572924942,2026-08-13T05:15:24.942
4034,bc2c14bd2bf7551f5633c01663847239,4048,91.0,3,1786572925942,2026-08-13T05:15:25.942
4035,bc2c14bd2bf7551f5633c01663847239,4049,90.0,3,1786572926941,2026-08-13T05:15:26.941
4036,bc2c14bd2bf7551f5633c01663847239,4050,88.0,3,1786572927941,2026-08-13T05:15:27.941
4037,bc2c14bd2bf7551f5633c01663847239,4051,86.0,3,1786572928941,2026-08-13T05:15:28.941
4038,bc2c14bd2bf7551f5633c01663847239,4052,87.0,3,1786572929942,2026-08-13T05:15:29.942
4039,bc2c14bd2bf7551f5633c01663847239,4053,89.0,3,1786572930941,2026-08-13T05:15:30.941
4040,bc2c14bd2bf7551f5633c01663847239,4054,92.0,3,1786572931941,2026-08-13T05:15:31.941
4041,bc2c14bd2bf7551f5633c01663847239,4055,92.0,3,1786572932942,2026-08-13T05:15:32.942
4042,bc2c14bd2bf7551f5633c01663847239,4056,93.0,3,1786572933942,2026-08-13T05:15:33.942
4043,bc2c14bd2bf7551f5633c01663847239,4057,92.0,3,1786572934941,2026-08-13T05:15:34.941
4044,bc2c14bd2bf7551f5633c01663847239,4058,92.0,3,1786572935941,2026-08-13T05:15:35.941
4045,bc2c14bd2bf7551f5633c01663847239,4059,94.0,3,1786572936951,2026-08-13T05:15:36.951
4046,bc2c14bd2bf7551f5633c01663847239,4060,95.0,3,1786572937950,2026-08-13T05:15:37.950
4047,bc2c14bd2bf7551f5633c01663847239,4061,96.0,3,1786572938946,2026-08-13T05:15:38.946
4048,bc2c14bd2bf7551f5633c01663847239,4062,97.0,3,1786572939943,2026-08-13T05:15:39.943
4049,bc2c14bd2bf7551f5633c01663847239,4063,98.0,3,1786572940947,2026-08-13T05:15:40.947
4050,bc2c14bd2bf7551f5633c01663847239,4064,99.0,3,1786572941944,2026-08-13T05:15:41.944
4051,bc2c14bd2bf7551f5633c01663847239,4065,100.0,3,1786572942945,2026-08-13T05:15:42.945
4052,bc2c14bd2bf7551f5633c01663847239,4066,100.0,3,1786572943946,2026-08-13T05:15:43.946
4053,bc2c14bd2bf7551f5633c01663847239,4067,100.0,3,1786572944943,2026-08-13T05:15:44.943
4054,bc2c14bd2bf7551f5633c01663847239,4068,99.0,3,1786572945942,2026-08-13T05:15:45.942
4055,bc2c14bd2bf7551f5633c01663847239,4069,99.0,3,1786572946944,2026-08-13T05:15:46.944
4056,bc2c14bd2bf7551f5633c01663847239,4070,98.0,3,1786572947943,2026-08-13T05:15:47.943
4057,bc2c14bd2bf7551f5633c01663847239,4071,98.0,3,1786572948941,2026-08-13T05:15:48.941
4058,bc2c14bd2bf7551f5633c01663847239,4072,98.0,3,1786572949941,2026-08-13T05:15:49.941
4059,bc2c14bd2bf7551f5633c01663847239,4073,97.0,3,1786572950949,2026-08-13T05:15:50.949
4060,bc2c14bd2bf7551f5633c01663847239,4074,96.0,3,1786572951941,2026-08-13T05:15:51.941
4061,bc2c14bd2bf7551f5633c01663847239,4075,96.0,3,1786572952941,2026-08-13T05:15:52.941
4062,bc2c14bd2bf7551f5633c01663847239,4076,97.0,3,1786572953941,2026-08-13T05:15:53.941
4063,bc2c14bd2bf7551f5633c01663847239,4077,99.0,3,1786572954941,2026-08-13T05:15:54.941
4064,bc2c14bd2bf7551f5633c01663847239,4078,100.0,3,1786572955942,2026-08-13T05:15:55.942
4065,bc2c14bd2bf7551f5633c01663847239,4079,101.0,3,1786572956943,2026-08-13T05:15:56.943
4066,bc2c14bd2bf7551f5633c01663847239,4080,101.0,3,1786572957941,2026-08-13T05:15:57.941
4067,bc2c14bd2bf7551f5633c01663847239,4081,101.0,3,1786572958942,2026-08-13T05:15:58.942
4068,bc2c14bd2bf7551f5633c01663847239,4082,100.0,3,1786572959941,2026-08-13T05:15:59.941
4069,bc2c14bd2bf7551f5633c01663847239,4083,100.0,3,1786572960941,2026-08-13T05:16:00.941
4070,bc2c14bd2bf7551f5633c01663847239,4084,99.0,3,1786572961941,2026-08-13T05:16:01.941
4071,bc2c14bd2bf7551f5633c01663847239,4085,99.0,3,1786572962941,2026-08-13T05:16:02.941
4072,bc2c14bd2bf7551f5633c01663847239,4086,99.0,3,1786572963950,2026-08-13T05:16:03.950
4073,bc2c14bd2bf7551f5633c01663847239,4087,98.0,3,1786572964941,2026-08-13T05:16:04.941
4074,bc2c14bd2bf7551f5633c01663847239,4088,97.0,3,1786572965956,2026-08-13T05:16:05.956
4075,bc2c14bd2bf7551f5633c01663847239,4089,97.0,3,1786572966941,2026-08-13T05:16:06.941
4076,bc2c14bd2bf7551f5633c01663847239,4090,97.0,3,1786572967941,2026-08-13T05:16:07.941
4077,bc2c14bd2bf7551f5633c01663847239,4091,96.0,3,1786572968941,2026-08-13T05:16:08.941
4078,bc2c14bd2bf7551f5633c01663847239,4092,96.0,3,1786572969941,2026-08-13T05:16:09.941
4079,bc2c14bd2bf7551f5633c01663847239,4093,96.0,3,1786572970953,2026-08-13T05:16:10.953
4080,bc2c14bd2bf7551f5633c01663847239,4094,96.0,3,1786572971943,2026-08-13T05:16:11.943
4081,bc2c14bd2bf7551f5633c01663847239,4095,96.0,3,1786572972943,2026-08-13T05:16:12.943
4082,bc2c14bd2bf7551f5633c01663847239,4096,96.0,3,1786572973942,2026-08-13T05:16:13.942
4083,bc2c14bd2bf7551f5633c01663847239,4097,95.0,3,1786572974941,2026-08-13T05:16:14.941
4084,bc2c14bd2bf7551f5633c01663847239,4098,95.0,3,1786572975941,2026-08-13T05:16:15.941
4085,bc2c14bd2bf7551f5633c01663847239,4099,94.0,3,1786572976941,2026-08-13T05:16:16.941
4086,bc2c14bd2bf7551f5633c01663847239,4100,93.0,3,1786572977941,2026-08-13T05:16:17.941
4087,bc2c14bd2bf7551f5633c01663847239,4101,92.0,3,1786572978942,2026-08-13T05:16:18.942
4088,bc2c14bd2bf7551f5633c01663847239,4102,92.0,3,1786572979941,2026-08-13T05:16:19.941
4089,bc2c14bd2bf7551f5633c01663847239,4103,91.0,3,1786572980941,2026-08-13T05:16:20.941
4090,bc2c14bd2bf7551f5633c01663847239,4104,91.0,3,1786572981942,2026-08-13T05:16:21.942
4091,bc2c14bd2bf7551f5633c01663847239,4105,90.0,3,1786572982941,2026-08-13T05:16:22.941
4092,bc2c14bd2bf7551f5633c01663847239,4106,90.0,3,1786572983941,2026-08-13T05:16:23.941
4093,bc2c14bd2bf7551f5633c01663847239,4107,90.0,3,1786572984941,2026-08-13T05:16:24.941
4094,bc2c14bd2bf7551f5633c01663847239,4108,89.0,3,1786572985941,2026-08-13T05:16:25.941
4095,bc2c14bd2bf7551f5633c01663847239,4109,89.0,3,1786572986941,2026-08-13T05:16:26.941
4096,bc2c14bd2bf7551f5633c01663847239,4110,89.0,3,1786572987941,2026-08-13T05:16:27.941
4097,bc2c14bd2bf7551f5633c01663847239,4111,89.0,3,1786572988941,2026-08-13T05:16:28.941
4098,bc2c14bd2bf7551f5633c01663847239,4112,89.0,3,1786572989941,2026-08-13T05:16:29.941
4099,bc2c14bd2bf7551f5633c01663847239,4113,89.0,3,1786572990942,2026-08-13T05:16:30.942
4100,bc2c14bd2bf7551f5633c01663847239,4114,89.0,3,1786572991951,2026-08-13T05:16:31.951
4101,bc2c14bd2bf7551f5633c01663847239,4115,89.0,3,1786572992949,2026-08-13T05:16:32.949
4102,bc2c14bd2bf7551f5633c01663847239,4116,89.0,3,1786572993945,2026-08-13T05:16:33.945
4103,bc2c14bd2bf7551f5633c01663847239,4117,89.0,3,1786572994943,2026-08-13T05:16:34.943
4104,bc2c14bd2bf7551f5633c01663847239,4118,89.0,3,1786572995942,2026-08-13T05:16:35.942
4105,bc2c14bd2bf7551f5633c01663847239,4119,90.0,3,1786572996945,2026-08-13T05:16:36.945
4106,bc2c14bd2bf7551f5633c01663847239,4120,90.0,3,1786572997945,2026-08-13T05:16:37.945
4107,bc2c14bd2bf7551f5633c01663847239,4121,90.0,3,1786572998943,2026-08-13T05:16:38.943
4108,bc2c14bd2bf7551f5633c01663847239,4122,90.0,3,1786572999942,2026-08-13T05:16:39.942
4109,bc2c14bd2bf7551f5633c01663847239,4123,90.0,3,1786573000942,2026-08-13T05:16:40.942
4110,bc2c14bd2bf7551f5633c01663847239,4124,90.0,3,1786573001941,2026-08-13T05:16:41.941
4111,bc2c14bd2bf7551f5633c01663847239,4125,90.0,3,1786573002941,2026-08-13T05:16:42.941
4112,bc2c14bd2bf7551f5633c01663847239,4126,90.0,3,1786573003941,2026-08-13T05:16:43.941
4113,bc2c14bd2bf7551f5633c01663847239,4127,90.0,3,1786573004942,2026-08-13T05:16:44.942
4114,bc2c14bd2bf7551f5633c01663847239,4128,90.0,3,1786573005941,2026-08-13T05:16:45.941
4115,bc2c14bd2bf7551f5633c01663847239,4129,90.0,3,1786573006941,2026-08-13T05:16:46.941
4116,bc2c14bd2bf7551f5633c01663847239,4130,90.0,3,1786573007942,2026-08-13T05:16:47.942
4117,bc2c14bd2bf7551f5633c01663847239,4131,90.0,3,1786573008942,2026-08-13T05:16:48.942
4118,bc2c14bd2bf7551f5633c01663847239,4132,89.0,3,1786573009942,2026-08-13T05:16:49.942
4119,bc2c14bd2bf7551f5633c01663847239,4133,89.0,3,1786573010943,2026-08-13T05:16:50.943
4120,bc2c14bd2bf7551f5633c01663847239,4134,90.0,3,1786573011942,2026-08-13T05:16:51.942
4121,bc2c14bd2bf7551f5633c01663847239,4135,90.0,3,1786573012941,2026-08-13T05:16:52.941
4122,bc2c14bd2bf7551f5633c01663847239,4136,90.0,3,1786573013944,2026-08-13T05:16:53.944
4123,bc2c14bd2bf7551f5633c01663847239,4137,90.0,3,1786573014941,2026-08-13T05:16:54.941
4124,bc2c14bd2bf7551f5633c01663847239,4138,90.0,3,1786573015941,2026-08-13T05:16:55.941
4125,bc2c14bd2bf7551f5633c01663847239,4139,90.0,3,1786573016941,2026-08-13T05:16:56.941
4126,bc2c14bd2bf7551f5633c01663847239,4140,89.0,3,1786573017942,2026-08-13T05:16:57.942
4127,bc2c14bd2bf7551f5633c01663847239,4141,89.0,3,1786573018941,2026-08-13T05:16:58.941
4128,bc2c14bd2bf7551f5633c01663847239,4142,89.0,3,1786573019942,2026-08-13T05:16:59.942
4129,bc2c14bd2bf7551f5633c01663847239,4143,89.0,3,1786573020941,2026-08-13T05:17:00.941
4130,bc2c14bd2bf7551f5633c01663847239,4144,90.0,3,1786573021942,2026-08-13T05:17:01.942
4131,bc2c14bd2bf7551f5633c01663847239,4145,89.0,3,1786573022941,2026-08-13T05:17:02.941
4132,bc2c14bd2bf7551f5633c01663847239,4146,89.0,3,1786573023941,2026-08-13T05:17:03.941
4133,bc2c14bd2bf7551f5633c01663847239,4147,89.0,3,1786573024941,2026-08-13T05:17:04.941
4134,bc2c14bd2bf7551f5633c01663847239,4148,88.0,3,1786573025943,2026-08-13T05:17:05.943
4135,bc2c14bd2bf7551f5633c01663847239,4149,88.0,3,1786573026945,2026-08-13T05:17:06.945
4136,bc2c14bd2bf7551f5633c01663847239,4150,88.0,3,1786573027941,2026-08-13T05:17:07.941
4137,bc2c14bd2bf7551f5633c01663847239,4151,88.0,3,1786573028947,2026-08-13T05:17:08.947
4138,bc2c14bd2bf7551f5633c01663847239,4152,88.0,3,1786573029948,2026-08-13T05:17:09.948
4139,bc2c14bd2bf7551f5633c01663847239,4153,88.0,3,1786573030960,2026-08-13T05:17:10.960
4140,bc2c14bd2bf7551f5633c01663847239,4154,88.0,3,1786573031946,2026-08-13T05:17:11.946
4141,bc2c14bd2bf7551f5633c01663847239,4155,89.0,3,1786573032945,2026-08-13T05:17:12.945
4142,bc2c14bd2bf7551f5633c01663847239,4156,90.0,3,1786573033945,2026-08-13T05:17:13.945
4143,bc2c14bd2bf7551f5633c01663847239,4157,91.0,3,1786573034941,2026-08-13T05:17:14.941
4144,bc2c14bd2bf7551f5633c01663847239,4158,91.0,3,1786573035942,2026-08-13T05:17:15.942
4145,bc2c14bd2bf7551f5633c01663847239,4159,91.0,3,1786573036943,2026-08-13T05:17:16.943
4146,bc2c14bd2bf7551f5633c01663847239,4160,90.0,3,1786573037947,2026-08-13T05:17:17.947
4147,bc2c14bd2bf7551f5633c01663847239,4161,90.0,3,1786573038941,2026-08-13T05:17:18.941
4148,bc2c14bd2bf7551f5633c01663847239,4162,91.0,3,1786573039941,2026-08-13T05:17:19.941
4149,bc2c14bd2bf7551f5633c01663847239,4163,92.0,3,1786573040942,2026-08-13T05:17:20.942
4150,bc2c14bd2bf7551f5633c01663847239,4164,93.0,3,1786573041942,2026-08-13T05:17:21.942
4151,bc2c14bd2bf7551f5633c01663847239,4165,94.0,3,1786573042942,2026-08-13T05:17:22.942
4152,bc2c14bd2bf7551f5633c01663847239,4166,95.0,3,1786573043941,2026-08-13T05:17:23.941
4153,bc2c14bd2bf7551f5633c01663847239,4167,96.0,3,1786573044941,2026-08-13T05:17:24.941
4154,bc2c14bd2bf7551f5633c01663847239,4168,96.0,3,1786573045941,2026-08-13T05:17:25.941
4155,bc2c14bd2bf7551f5633c01663847239,4169,97.0,3,1786573046941,2026-08-13T05:17:26.941
4156,bc2c14bd2bf7551f5633c01663847239,4170,97.0,3,1786573047941,2026-08-13T05:17:27.941
4157,bc2c14bd2bf7551f5633c01663847239,4171,97.0,3,1786573048941,2026-08-13T05:17:28.941
4158,bc2c14bd2bf7551f5633c01663847239,4172,97.0,3,1786573049941,2026-08-13T05:17:29.941
4159,bc2c14bd2bf7551f5633c01663847239,4173,98.0,3,1786573050942,2026-08-13T05:17:30.942
4160,bc2c14bd2bf7551f5633c01663847239,4174,97.0,3,1786573051941,2026-08-13T05:17:31.941
4161,bc2c14bd2bf7551f5633c01663847239,4175,98.0,3,1786573052941,2026-08-13T05:17:32.941
4162,bc2c14bd2bf7551f5633c01663847239,4176,98.0,3,1786573053941,2026-08-13T05:17:33.941
4163,bc2c14bd2bf7551f5633c01663847239,4177,97.0,3,1786573054941,2026-08-13T05:17:34.941
4164,bc2c14bd2bf7551f5633c01663847239,4178,97.0,3,1786573055942,2026-08-13T05:17:35.942
4165,bc2c14bd2bf7551f5633c01663847239,4179,97.0,3,1786573056942,2026-08-13T05:17:36.942
4166,bc2c14bd2bf7551f5633c01663847239,4180,97.0,3,1786573057942,2026-08-13T05:17:37.942
4167,bc2c14bd2bf7551f5633c01663847239,4181,96.0,3,1786573058943,2026-08-13T05:17:38.943
4168,bc2c14bd2bf7551f5633c01663847239,4182,95.0,3,1786573059941,2026-08-13T05:17:39.941
4169,bc2c14bd2bf7551f5633c01663847239,4183,95.0,3,1786573060941,2026-08-13T05:17:40.941
4170,bc2c14bd2bf7551f5633c01663847239,4184,94.0,3,1786573061941,2026-08-13T05:17:41.941
4171,bc2c14bd2bf7551f5633c01663847239,4185,93.0,3,1786573062941,2026-08-13T05:17:42.941
4172,bc2c14bd2bf7551f5633c01663847239,4186,95.0,3,1786573063941,2026-08-13T05:17:43.941
4173,bc2c14bd2bf7551f5633c01663847239,4187,96.0,3,1786573064941,2026-08-13T05:17:44.941
4174,bc2c14bd2bf7551f5633c01663847239,4188,96.0,3,1786573065941,2026-08-13T05:17:45.941
4175,bc2c14bd2bf7551f5633c01663847239,4189,96.0,3,1786573066941,2026-08-13T05:17:46.941
4176,bc2c14bd2bf7551f5633c01663847239,4190,96.0,3,1786573067941,2026-08-13T05:17:47.941
4177,bc2c14bd2bf7551f5633c01663847239,4191,96.0,3,1786573068941,2026-08-13T05:17:48.941
4178,bc2c14bd2bf7551f5633c01663847239,4192,96.0,3,1786573069941,2026-08-13T05:17:49.941
4179,bc2c14bd2bf7551f5633c01663847239,4193,97.0,3,1786573070941,2026-08-13T05:17:50.941
4180,bc2c14bd2bf7551f5633c01663847239,4194,98.0,3,1786573071941,2026-08-13T05:17:51.941
4181,bc2c14bd2bf7551f5633c01663847239,4195,98.0,3,1786573072941,2026-08-13T05:17:52.941
4182,bc2c14bd2bf7551f5633c01663847239,4196,98.0,3,1786573073941,2026-08-13T05:17:53.941
4183,bc2c14bd2bf7551f5633c01663847239,4197,97.0,3,1786573074941,2026-08-13T05:17:54.941
4184,bc2c14bd2bf7551f5633c01663847239,4198,96.0,3,1786573075941,2026-08-13T05:17:55.941
4185,bc2c14bd2bf7551f5633c01663847239,4199,95.0,3,1786573076942,2026-08-13T05:17:56.942
4186,bc2c14bd2bf7551f5633c01663847239,4200,94.0,3,1786573077941,2026-08-13T05:17:57.941
4187,bc2c14bd2bf7551f5633c01663847239,4201,93.0,3,1786573078948,2026-08-13T05:17:58.948
4188,bc2c14bd2bf7551f5633c01663847239,4202,91.0,3,1786573079942,2026-08-13T05:17:59.942
4189,bc2c14bd2bf7551f5633c01663847239,4203,90.0,3,1786573080961,2026-08-13T05:18:00.961
4190,bc2c14bd2bf7551f5633c01663847239,4204,90.0,3,1786573081952,2026-08-13T05:18:01.952
4191,bc2c14bd2bf7551f5633c01663847239,4205,89.0,3,1786573082946,2026-08-13T05:18:02.946
4192,bc2c14bd2bf7551f5633c01663847239,4206,90.0,3,1786573083957,2026-08-13T05:18:03.957
4193,bc2c14bd2bf7551f5633c01663847239,4207,91.0,3,1786573084942,2026-08-13T05:18:04.942
4194,bc2c14bd2bf7551f5633c01663847239,4208,91.0,3,1786573085957,2026-08-13T05:18:05.957
4195,bc2c14bd2bf7551f5633c01663847239,4209,91.0,3,1786573086946,2026-08-13T05:18:06.946
4196,bc2c14bd2bf7551f5633c01663847239,4210,91.0,3,1786573087947,2026-08-13T05:18:07.947
4197,bc2c14bd2bf7551f5633c01663847239,4211,92.0,3,1786573088946,2026-08-13T05:18:08.946
4198,bc2c14bd2bf7551f5633c01663847239,4212,92.0,3,1786573089942,2026-08-13T05:18:09.942
4199,bc2c14bd2bf7551f5633c01663847239,4213,93.0,3,1786573090942,2026-08-13T05:18:10.942
4200,bc2c14bd2bf7551f5633c01663847239,4214,94.0,3,1786573091944,2026-08-13T05:18:11.944
4201,bc2c14bd2bf7551f5633c01663847239,4215,95.0,3,1786573092943,2026-08-13T05:18:12.943
4202,bc2c14bd2bf7551f5633c01663847239,4216,96.0,3,1786573093942,2026-08-13T05:18:13.942
4203,bc2c14bd2bf7551f5633c01663847239,4217,97.0,3,1786573094942,2026-08-13T05:18:14.942
4204,bc2c14bd2bf7551f5633c01663847239,4218,98.0,3,1786573095941,2026-08-13T05:18:15.941
4205,bc2c14bd2bf7551f5633c01663847239,4219,99.0,3,1786573096941,2026-08-13T05:18:16.941
4206,bc2c14bd2bf7551f5633c01663847239,4220,99.0,3,1786573097941,2026-08-13T05:18:17.941
4207,bc2c14bd2bf7551f5633c01663847239,4221,99.0,3,1786573098941,2026-08-13T05:18:18.941
4208,bc2c14bd2bf7551f5633c01663847239,4222,98.0,3,1786573099941,2026-08-13T05:18:19.941
4209,bc2c14bd2bf7551f5633c01663847239,4223,97.0,3,1786573100942,2026-08-13T05:18:20.942
4210,bc2c14bd2bf7551f5633c01663847239,4224,96.0,3,1786573101941,2026-08-13T05:18:21.941
4211,bc2c14bd2bf7551f5633c01663847239,4225,96.0,3,1786573102942,2026-08-13T05:18:22.942
4212,bc2c14bd2bf7551f5633c01663847239,4226,95.0,3,1786573103942,2026-08-13T05:18:23.942
4213,bc2c14bd2bf7551f5633c01663847239,4227,94.0,3,1786573104944,2026-08-13T05:18:24.944
4214,bc2c14bd2bf7551f5633c01663847239,4228,94.0,3,1786573105943,2026-08-13T05:18:25.943
4215,bc2c14bd2bf7551f5633c01663847239,4229,94.0,3,1786573106942,2026-08-13T05:18:26.942
4216,bc2c14bd2bf7551f5633c01663847239,4230,94.0,3,1786573107942,2026-08-13T05:18:27.942
4217,bc2c14bd2bf7551f5633c01663847239,4231,94.0,3,1786573108949,2026-08-13T05:18:28.949
4218,bc2c14bd2bf7551f5633c01663847239,4232,94.0,3,1786573109941,2026-08-13T05:18:29.941
4219,bc2c14bd2bf7551f5633c01663847239,4233,93.0,3,1786573110942,2026-08-13T05:18:30.942
4220,bc2c14bd2bf7551f5633c01663847239,4234,92.0,3,1786573111941,2026-08-13T05:18:31.941
4221,bc2c14bd2bf7551f5633c01663847239,4235,92.0,3,1786573112941,2026-08-13T05:18:32.941
4222,bc2c14bd2bf7551f5633c01663847239,4236,91.0,3,1786573113942,2026-08-13T05:18:33.942
4223,bc2c14bd2bf7551f5633c01663847239,4237,91.0,3,1786573114941,2026-08-13T05:18:34.941
4224,bc2c14bd2bf7551f5633c01663847239,4238,90.0,3,1786573115941,2026-08-13T05:18:35.941
4225,bc2c14bd2bf7551f5633c01663847239,4239,90.0,3,1786573116941,2026-08-13T05:18:36.941
4226,bc2c14bd2bf7551f5633c01663847239,4240,91.0,3,1786573117941,2026-08-13T05:18:37.941
4227,bc2c14bd2bf7551f5633c01663847239,4241,91.0,3,1786573118942,2026-08-13T05:18:38.942
4228,bc2c14bd2bf7551f5633c01663847239,4242,92.0,3,1786573119951,2026-08-13T05:18:39.951
4229,bc2c14bd2bf7551f5633c01663847239,4243,92.0,3,1786573120949,2026-08-13T05:18:40.949
4230,bc2c14bd2bf7551f5633c01663847239,4244,93.0,3,1786573121948,2026-08-13T05:18:41.948
4231,bc2c14bd2bf7551f5633c01663847239,4245,93.0,3,1786573122941,2026-08-13T05:18:42.941
4232,bc2c14bd2bf7551f5633c01663847239,4246,92.0,3,1786573123945,2026-08-13T05:18:43.945
4233,bc2c14bd2bf7551f5633c01663847239,4247,92.0,3,1786573124941,2026-08-13T05:18:44.941
4234,bc2c14bd2bf7551f5633c01663847239,4248,92.0,3,1786573125944,2026-08-13T05:18:45.944
4235,bc2c14bd2bf7551f5633c01663847239,4249,91.0,3,1786573126942,2026-08-13T05:18:46.942
4236,bc2c14bd2bf7551f5633c01663847239,4250,91.0,3,1786573127941,2026-08-13T05:18:47.941
4237,bc2c14bd2bf7551f5633c01663847239,4251,91.0,3,1786573128941,2026-08-13T05:18:48.941
4238,bc2c14bd2bf7551f5633c01663847239,4252,91.0,3,1786573129944,2026-08-13T05:18:49.944
4239,bc2c14bd2bf7551f5633c01663847239,4253,91.0,3,1786573130943,2026-08-13T05:18:50.943
4240,bc2c14bd2bf7551f5633c01663847239,4254,92.0,3,1786573131943,2026-08-13T05:18:51.943
4241,bc2c14bd2bf7551f5633c01663847239,4255,92.0,3,1786573132940,2026-08-13T05:18:52.940
4242,bc2c14bd2bf7551f5633c01663847239,4256,92.0,3,1786573133941,2026-08-13T05:18:53.941
4243,bc2c14bd2bf7551f5633c01663847239,4257,92.0,3,1786573134942,2026-08-13T05:18:54.942
4244,bc2c14bd2bf7551f5633c01663847239,4258,92.0,3,1786573135941,2026-08-13T05:18:55.941
4245,bc2c14bd2bf7551f5633c01663847239,4259,93.0,3,1786573136942,2026-08-13T05:18:56.942
4246,bc2c14bd2bf7551f5633c01663847239,4260,93.0,3,1786573137941,2026-08-13T05:18:57.941
4247,bc2c14bd2bf7551f5633c01663847239,4261,93.0,3,1786573138941,2026-08-13T05:18:58.941
4248,bc2c14bd2bf7551f5633c01663847239,4262,93.0,3,1786573139941,2026-08-13T05:18:59.941
4249,bc2c14bd2bf7551f5633c01663847239,4263,94.0,3,1786573140944,2026-08-13T05:19:00.944
4250,bc2c14bd2bf7551f5633c01663847239,4264,94.0,3,1786573141941,2026-08-13T05:19:01.941
4251,bc2c14bd2bf7551f5633c01663847239,4265,94.0,3,1786573142942,2026-08-13T05:19:02.942
4252,bc2c14bd2bf7551f5633c01663847239,4266,95.0,3,1786573143946,2026-08-13T05:19:03.946
4253,bc2c14bd2bf7551f5633c01663847239,4267,95.0,3,1786573144949,2026-08-13T05:19:04.949
4254,bc2c14bd2bf7551f5633c01663847239,4268,94.0,3,1786573145947,2026-08-13T05:19:05.947
4255,bc2c14bd2bf7551f5633c01663847239,4269,94.0,3,1786573146941,2026-08-13T05:19:06.941
4256,bc2c14bd2bf7551f5633c01663847239,4270,94.0,3,1786573147941,2026-08-13T05:19:07.941
4257,bc2c14bd2bf7551f5633c01663847239,4271,94.0,3,1786573148942,2026-08-13T05:19:08.942
4258,bc2c14bd2bf7551f5633c01663847239,4272,94.0,3,1786573149942,2026-08-13T05:19:09.942
4259,bc2c14bd2bf7551f5633c01663847239,4273,95.0,3,1786573150944,2026-08-13T05:19:10.944
4260,bc2c14bd2bf7551f5633c01663847239,4274,95.0,3,1786573151941,2026-08-13T05:19:11.941
4261,bc2c14bd2bf7551f5633c01663847239,4275,96.0,3,1786573152941,2026-08-13T05:19:12.941
4262,bc2c14bd2bf7551f5633c01663847239,4276,95.0,3,1786573153941,2026-08-13T05:19:13.941
4263,bc2c14bd2bf7551f5633c01663847239,4277,96.0,3,1786573154944,2026-08-13T05:19:14.944
4264,bc2c14bd2bf7551f5633c01663847239,4278,96.0,3,1786573155943,2026-08-13T05:19:15.943
4265,bc2c14bd2bf7551f5633c01663847239,4279,97.0,3,1786573156942,2026-08-13T05:19:16.942
4266,bc2c14bd2bf7551f5633c01663847239,4280,96.0,3,1786573157942,2026-08-13T05:19:17.942
4267,bc2c14bd2bf7551f5633c01663847239,4281,97.0,3,1786573158942,2026-08-13T05:19:18.942
4268,bc2c14bd2bf7551f5633c01663847239,4282,98.0,3,1786573159942,2026-08-13T05:19:19.942
4269,bc2c14bd2bf7551f5633c01663847239,4283,99.0,3,1786573160941,2026-08-13T05:19:20.941
4270,bc2c14bd2bf7551f5633c01663847239,4284,100.0,3,1786573161942,2026-08-13T05:19:21.942
4271,bc2c14bd2bf7551f5633c01663847239,4285,99.0,3,1786573162943,2026-08-13T05:19:22.943
4272,bc2c14bd2bf7551f5633c01663847239,4286,99.0,3,1786573163941,2026-08-13T05:19:23.941
4273,bc2c14bd2bf7551f5633c01663847239,4287,98.0,3,1786573164941,2026-08-13T05:19:24.941
4274,bc2c14bd2bf7551f5633c01663847239,4288,98.0,3,1786573165941,2026-08-13T05:19:25.941
4275,bc2c14bd2bf7551f5633c01663847239,4289,98.0,3,1786573166941,2026-08-13T05:19:26.941
4276,bc2c14bd2bf7551f5633c01663847239,4290,97.0,3,1786573167941,2026-08-13T05:19:27.941
4277,bc2c14bd2bf7551f5633c01663847239,4291,96.0,3,1786573168941,2026-08-13T05:19:28.941
4278,bc2c14bd2bf7551f5633c01663847239,4292,96.0,3,1786573169942,2026-08-13T05:19:29.942
4279,bc2c14bd2bf7551f5633c01663847239,4293,95.0,3,1786573170948,2026-08-13T05:19:30.948
4280,bc2c14bd2bf7551f5633c01663847239,4294,94.0,3,1786573171947,2026-08-13T05:19:31.947
4281,bc2c14bd2bf7551f5633c01663847239,4295,94.0,3,1786573172943,2026-08-13T05:19:32.943
4282,bc2c14bd2bf7551f5633c01663847239,4296,94.0,3,1786573173945,2026-08-13T05:19:33.945
4283,bc2c14bd2bf7551f5633c01663847239,4297,94.0,3,1786573174944,2026-08-13T05:19:34.944
4284,bc2c14bd2bf7551f5633c01663847239,4298,95.0,3,1786573175942,2026-08-13T05:19:35.942
4285,bc2c14bd2bf7551f5633c01663847239,4299,95.0,3,1786573176942,2026-08-13T05:19:36.942
4286,bc2c14bd2bf7551f5633c01663847239,4300,95.0,3,1786573177941,2026-08-13T05:19:37.941
4287,bc2c14bd2bf7551f5633c01663847239,4301,95.0,3,1786573178941,2026-08-13T05:19:38.941
4288,bc2c14bd2bf7551f5633c01663847239,4302,95.0,3,1786573179941,2026-08-13T05:19:39.941
4289,bc2c14bd2bf7551f5633c01663847239,4303,95.0,3,1786573180941,2026-08-13T05:19:40.941
4290,bc2c14bd2bf7551f5633c01663847239,4304,95.0,3,1786573181942,2026-08-13T05:19:41.942
4291,bc2c14bd2bf7551f5633c01663847239,4305,94.0,3,1786573182951,2026-08-13T05:19:42.951
4292,bc2c14bd2bf7551f5633c01663847239,4306,94.0,3,1786573183942,2026-08-13T05:19:43.942
4293,bc2c14bd2bf7551f5633c01663847239,4307,93.0,3,1786573184941,2026-08-13T05:19:44.941
4294,bc2c14bd2bf7551f5633c01663847239,4308,93.0,3,1786573185942,2026-08-13T05:19:45.942
4295,bc2c14bd2bf7551f5633c01663847239,4309,92.0,3,1786573186942,2026-08-13T05:19:46.942
4296,bc2c14bd2bf7551f5633c01663847239,4310,91.0,3,1786573187941,2026-08-13T05:19:47.941
4297,bc2c14bd2bf7551f5633c01663847239,4311,91.0,3,1786573188942,2026-08-13T05:19:48.942
4298,bc2c14bd2bf7551f5633c01663847239,4312,91.0,3,1786573189942,2026-08-13T05:19:49.942
4299,bc2c14bd2bf7551f5633c01663847239,4313,91.0,3,1786573190941,2026-08-13T05:19:50.941
4300,bc2c14bd2bf7551f5633c01663847239,4314,91.0,3,1786573191941,2026-08-13T05:19:51.941
4301,bc2c14bd2bf7551f5633c01663847239,4315,92.0,3,1786573192941,2026-08-13T05:19:52.941
4302,bc2c14bd2bf7551f5633c01663847239,4316,92.0,3,1786573193948,2026-08-13T05:19:53.948
4303,bc2c14bd2bf7551f5633c01663847239,4317,93.0,3,1786573194948,2026-08-13T05:19:54.948
4304,bc2c14bd2bf7551f5633c01663847239,4318,93.0,3,1786573195947,2026-08-13T05:19:55.947
4305,bc2c14bd2bf7551f5633c01663847239,4319,93.0,3,1786573196946,2026-08-13T05:19:56.946
4306,bc2c14bd2bf7551f5633c01663847239,4320,93.0,3,1786573197944,2026-08-13T05:19:57.944
4307,bc2c14bd2bf7551f5633c01663847239,4321,93.0,3,1786573198942,2026-08-13T05:19:58.942
4308,bc2c14bd2bf7551f5633c01663847239,4322,92.0,3,1786573199941,2026-08-13T05:19:59.941
4309,bc2c14bd2bf7551f5633c01663847239,4323,91.0,3,1786573200941,2026-08-13T05:20:00.941
4310,bc2c14bd2bf7551f5633c01663847239,4324,91.0,3,1786573201943,2026-08-13T05:20:01.943
4311,bc2c14bd2bf7551f5633c01663847239,4325,91.0,3,1786573202943,2026-08-13T05:20:02.943
4312,bc2c14bd2bf7551f5633c01663847239,4326,91.0,3,1786573203941,2026-08-13T05:20:03.941
4313,bc2c14bd2bf7551f5633c01663847239,4327,91.0,3,1786573204941,2026-08-13T05:20:04.941
4314,bc2c14bd2bf7551f5633c01663847239,4328,91.0,3,1786573205941,2026-08-13T05:20:05.941
4315,bc2c14bd2bf7551f5633c01663847239,4329,90.0,3,1786573206942,2026-08-13T05:20:06.942
4316,bc2c14bd2bf7551f5633c01663847239,4330,90.0,3,1786573207941,2026-08-13T05:20:07.941
4317,bc2c14bd2bf7551f5633c01663847239,4331,90.0,3,1786573208941,2026-08-13T05:20:08.941
4318,bc2c14bd2bf7551f5633c01663847239,4332,91.0,3,1786573209950,2026-08-13T05:20:09.950
4319,bc2c14bd2bf7551f5633c01663847239,4333,92.0,3,1786573210949,2026-08-13T05:20:10.949
4320,bc2c14bd2bf7551f5633c01663847239,4334,93.0,3,1786573211946,2026-08-13T05:20:11.946
4321,bc2c14bd2bf7551f5633c01663847239,4335,94.0,3,1786573212944,2026-08-13T05:20:12.944
4322,bc2c14bd2bf7551f5633c01663847239,4336,95.0,3,1786573213941,2026-08-13T05:20:13.941
4323,bc2c14bd2bf7551f5633c01663847239,4337,96.0,3,1786573214941,2026-08-13T05:20:14.941
4324,bc2c14bd2bf7551f5633c01663847239,4338,97.0,3,1786573215941,2026-08-13T05:20:15.941
4325,bc2c14bd2bf7551f5633c01663847239,4339,98.0,3,1786573216941,2026-08-13T05:20:16.941
4326,bc2c14bd2bf7551f5633c01663847239,4340,98.0,3,1786573217941,2026-08-13T05:20:17.941
4327,bc2c14bd2bf7551f5633c01663847239,4341,98.0,3,1786573218941,2026-08-13T05:20:18.941
4328,bc2c14bd2bf7551f5633c01663847239,4342,97.0,3,1786573219941,2026-08-13T05:20:19.941
4329,bc2c14bd2bf7551f5633c01663847239,4343,96.0,3,1786573220942,2026-08-13T05:20:20.942
4330,bc2c14bd2bf7551f5633c01663847239,4344,95.0,3,1786573221941,2026-08-13T05:20:21.941
4331,bc2c14bd2bf7551f5633c01663847239,4345,94.0,3,1786573222943,2026-08-13T05:20:22.943
4332,bc2c14bd2bf7551f5633c01663847239,4346,93.0,3,1786573223941,2026-08-13T05:20:23.941
4333,bc2c14bd2bf7551f5633c01663847239,4347,93.0,3,1786573224942,2026-08-13T05:20:24.942
4334,bc2c14bd2bf7551f5633c01663847239,4348,93.0,3,1786573225941,2026-08-13T05:20:25.941
4335,bc2c14bd2bf7551f5633c01663847239,4349,93.0,3,1786573226941,2026-08-13T05:20:26.941
4336,bc2c14bd2bf7551f5633c01663847239,4350,93.0,3,1786573227942,2026-08-13T05:20:27.942
4337,bc2c14bd2bf7551f5633c01663847239,4351,93.0,3,1786573228941,2026-08-13T05:20:28.941
4338,bc2c14bd2bf7551f5633c01663847239,4352,94.0,3,1786573229941,2026-08-13T05:20:29.941
4339,bc2c14bd2bf7551f5633c01663847239,4353,94.0,3,1786573230942,2026-08-13T05:20:30.942
4340,bc2c14bd2bf7551f5633c01663847239,4354,94.0,3,1786573231941,2026-08-13T05:20:31.941
4341,bc2c14bd2bf7551f5633c01663847239,4355,95.0,3,1786573232942,2026-08-13T05:20:32.942
4342,bc2c14bd2bf7551f5633c01663847239,4356,96.0,3,1786573233941,2026-08-13T05:20:33.941
4343,bc2c14bd2bf7551f5633c01663847239,4357,96.0,3,1786573234943,2026-08-13T05:20:34.943
4344,bc2c14bd2bf7551f5633c01663847239,4358,96.0,3,1786573235941,2026-08-13T05:20:35.941
4345,bc2c14bd2bf7551f5633c01663847239,4359,96.0,3,1786573236941,2026-08-13T05:20:36.941
4346,bc2c14bd2bf7551f5633c01663847239,4360,97.0,3,1786573237941,2026-08-13T05:20:37.941
4347,bc2c14bd2bf7551f5633c01663847239,4361,97.0,3,1786573238941,2026-08-13T05:20:38.941
4348,bc2c14bd2bf7551f5633c01663847239,4362,98.0,3,1786573239941,2026-08-13T05:20:39.941
4349,bc2c14bd2bf7551f5633c01663847239,4363,98.0,3,1786573240941,2026-08-13T05:20:40.941
4350,bc2c14bd2bf7551f5633c01663847239,4364,98.0,3,1786573241941,2026-08-13T05:20:41.941
4351,bc2c14bd2bf7551f5633c01663847239,4365,97.0,3,1786573242941,2026-08-13T05:20:42.941
4352,bc2c14bd2bf7551f5633c01663847239,4366,97.0,3,1786573243941,2026-08-13T05:20:43.941
4353,bc2c14bd2bf7551f5633c01663847239,4367,97.0,3,1786573244943,2026-08-13T05:20:44.943
4354,bc2c14bd2bf7551f5633c01663847239,4368,97.0,3,1786573245950,2026-08-13T05:20:45.950
4355,bc2c14bd2bf7551f5633c01663847239,4369,97.0,3,1786573246952,2026-08-13T05:20:46.952
4356,bc2c14bd2bf7551f5633c01663847239,4370,97.0,3,1786573247949,2026-08-13T05:20:47.949
4357,bc2c14bd2bf7551f5633c01663847239,4371,97.0,3,1786573248946,2026-08-13T05:20:48.946
4358,bc2c14bd2bf7551f5633c01663847239,4372,96.0,3,1786573249947,2026-08-13T05:20:49.947
4359,bc2c14bd2bf7551f5633c01663847239,4373,95.0,3,1786573250947,2026-08-13T05:20:50.947
4360,bc2c14bd2bf7551f5633c01663847239,4374,95.0,3,1786573251946,2026-08-13T05:20:51.946
4361,bc2c14bd2bf7551f5633c01663847239,4375,95.0,3,1786573252941,2026-08-13T05:20:52.941
4362,bc2c14bd2bf7551f5633c01663847239,4376,95.0,3,1786573253941,2026-08-13T05:20:53.941
4363,bc2c14bd2bf7551f5633c01663847239,4377,94.0,3,1786573254942,2026-08-13T05:20:54.942
4364,bc2c14bd2bf7551f5633c01663847239,4378,94.0,3,1786573255943,2026-08-13T05:20:55.943
4365,bc2c14bd2bf7551f5633c01663847239,4379,93.0,3,1786573256942,2026-08-13T05:20:56.942
4366,bc2c14bd2bf7551f5633c01663847239,4380,92.0,3,1786573257941,2026-08-13T05:20:57.941
4367,bc2c14bd2bf7551f5633c01663847239,4381,92.0,3,1786573258941,2026-08-13T05:20:58.941
4368,bc2c14bd2bf7551f5633c01663847239,4382,92.0,3,1786573259941,2026-08-13T05:20:59.941
4369,bc2c14bd2bf7551f5633c01663847239,4383,92.0,3,1786573260941,2026-08-13T05:21:00.941
4370,bc2c14bd2bf7551f5633c01663847239,4384,92.0,3,1786573261942,2026-08-13T05:21:01.942
4371,bc2c14bd2bf7551f5633c01663847239,4385,93.0,3,1786573262941,2026-08-13T05:21:02.941
4372,bc2c14bd2bf7551f5633c01663847239,4386,92.0,3,1786573263941,2026-08-13T05:21:03.941
4373,bc2c14bd2bf7551f5633c01663847239,4387,92.0,3,1786573264941,2026-08-13T05:21:04.941
4374,bc2c14bd2bf7551f5633c01663847239,4388,92.0,3,1786573265942,2026-08-13T05:21:05.942
4375,bc2c14bd2bf7551f5633c01663847239,4389,92.0,3,1786573266941,2026-08-13T05:21:06.941
4376,bc2c14bd2bf7551f5633c01663847239,4390,92.0,3,1786573267941,2026-08-13T05:21:07.941
4377,bc2c14bd2bf7551f5633c01663847239,4391,93.0,3,1786573268942,2026-08-13T05:21:08.942
4378,bc2c14bd2bf7551f5633c01663847239,4392,93.0,3,1786573269942,2026-08-13T05:21:09.942
4379,bc2c14bd2bf7551f5633c01663847239,4393,94.0,3,1786573270944,2026-08-13T05:21:10.944
4380,bc2c14bd2bf7551f5633c01663847239,4394,94.0,3,1786573271941,2026-08-13T05:21:11.941
4381,bc2c14bd2bf7551f5633c01663847239,4395,94.0,3,1786573272943,2026-08-13T05:21:12.943
4382,bc2c14bd2bf7551f5633c01663847239,4396,94.0,3,1786573273950,2026-08-13T05:21:13.950
4383,bc2c14bd2bf7551f5633c01663847239,4397,94.0,3,1786573274943,2026-08-13T05:21:14.943
4384,bc2c14bd2bf7551f5633c01663847239,4398,94.0,3,1786573275941,2026-08-13T05:21:15.941
4385,bc2c14bd2bf7551f5633c01663847239,4399,94.0,3,1786573276942,2026-08-13T05:21:16.942
4386,bc2c14bd2bf7551f5633c01663847239,4400,93.0,3,1786573277942,2026-08-13T05:21:17.942
4387,bc2c14bd2bf7551f5633c01663847239,4401,92.0,3,1786573278941,2026-08-13T05:21:18.941
4388,bc2c14bd2bf7551f5633c01663847239,4402,92.0,3,1786573279942,2026-08-13T05:21:19.942
4389,bc2c14bd2bf7551f5633c01663847239,4403,91.0,3,1786573280942,2026-08-13T05:21:20.942
4390,bc2c14bd2bf7551f5633c01663847239,4404,92.0,3,1786573281941,2026-08-13T05:21:21.941
4391,bc2c14bd2bf7551f5633c01663847239,4405,91.0,3,1786573282941,2026-08-13T05:21:22.941
4392,bc2c14bd2bf7551f5633c01663847239,4406,91.0,3,1786573283947,2026-08-13T05:21:23.947
4393,bc2c14bd2bf7551f5633c01663847239,4407,92.0,3,1786573284941,2026-08-13T05:21:24.941
4394,bc2c14bd2bf7551f5633c01663847239,4408,93.0,3,1786573285942,2026-08-13T05:21:25.942
4395,bc2c14bd2bf7551f5633c01663847239,4409,93.0,3,1786573286941,2026-08-13T05:21:26.941
4396,bc2c14bd2bf7551f5633c01663847239,4410,95.0,3,1786573287942,2026-08-13T05:21:27.942
4397,bc2c14bd2bf7551f5633c01663847239,4411,96.0,3,1786573288941,2026-08-13T05:21:28.941
4398,bc2c14bd2bf7551f5633c01663847239,4412,97.0,3,1786573289941,2026-08-13T05:21:29.941
4399,bc2c14bd2bf7551f5633c01663847239,4413,98.0,3,1786573290942,2026-08-13T05:21:30.942
4400,bc2c14bd2bf7551f5633c01663847239,4414,98.0,3,1786573291943,2026-08-13T05:21:31.943
4401,bc2c14bd2bf7551f5633c01663847239,4415,97.0,3,1786573292941,2026-08-13T05:21:32.941
4402,bc2c14bd2bf7551f5633c01663847239,4416,96.0,3,1786573293941,2026-08-13T05:21:33.941
4403,bc2c14bd2bf7551f5633c01663847239,4417,96.0,3,1786573294941,2026-08-13T05:21:34.941
4404,bc2c14bd2bf7551f5633c01663847239,4418,96.0,3,1786573295942,2026-08-13T05:21:35.942
4405,bc2c14bd2bf7551f5633c01663847239,4419,96.0,3,1786573296950,2026-08-13T05:21:36.950
4406,bc2c14bd2bf7551f5633c01663847239,4420,97.0,3,1786573297948,2026-08-13T05:21:37.948
4407,bc2c14bd2bf7551f5633c01663847239,4421,97.0,3,1786573298953,2026-08-13T05:21:38.953
4408,bc2c14bd2bf7551f5633c01663847239,4422,97.0,3,1786573299957,2026-08-13T05:21:39.957
4409,bc2c14bd2bf7551f5633c01663847239,4423,97.0,3,1786573300941,2026-08-13T05:21:40.941
4410,bc2c14bd2bf7551f5633c01663847239,4424,97.0,3,1786573301952,2026-08-13T05:21:41.952
4411,bc2c14bd2bf7551f5633c01663847239,4425,96.0,3,1786573302954,2026-08-13T05:21:42.954
4412,bc2c14bd2bf7551f5633c01663847239,4426,95.0,3,1786573303960,2026-08-13T05:21:43.960
4413,bc2c14bd2bf7551f5633c01663847239,4427,95.0,3,1786573304943,2026-08-13T05:21:44.943
4414,bc2c14bd2bf7551f5633c01663847239,4428,95.0,3,1786573305941,2026-08-13T05:21:45.941
4415,bc2c14bd2bf7551f5633c01663847239,4429,94.0,3,1786573306942,2026-08-13T05:21:46.942
4416,bc2c14bd2bf7551f5633c01663847239,4430,94.0,3,1786573307941,2026-08-13T05:21:47.941
4417,bc2c14bd2bf7551f5633c01663847239,4431,93.0,3,1786573308940,2026-08-13T05:21:48.940
4418,bc2c14bd2bf7551f5633c01663847239,4432,93.0,3,1786573309942,2026-08-13T05:21:49.942
4419,bc2c14bd2bf7551f5633c01663847239,4433,94.0,3,1786573310942,2026-08-13T05:21:50.942
4420,bc2c14bd2bf7551f5633c01663847239,4434,94.0,3,1786573311941,2026-08-13T05:21:51.941
4421,bc2c14bd2bf7551f5633c01663847239,4435,95.0,3,1786573312942,2026-08-13T05:21:52.942
4422,bc2c14bd2bf7551f5633c01663847239,4436,96.0,3,1786573313944,2026-08-13T05:21:53.944
4423,bc2c14bd2bf7551f5633c01663847239,4437,96.0,3,1786573314944,2026-08-13T05:21:54.944
4424,bc2c14bd2bf7551f5633c01663847239,4438,96.0,3,1786573315944,2026-08-13T05:21:55.944
4425,bc2c14bd2bf7551f5633c01663847239,4439,97.0,3,1786573316943,2026-08-13T05:21:56.943
4426,bc2c14bd2bf7551f5633c01663847239,4440,100.0,3,1786573317941,2026-08-13T05:21:57.941
4427,bc2c14bd2bf7551f5633c01663847239,4441,101.0,3,1786573318942,2026-08-13T05:21:58.942
4428,bc2c14bd2bf7551f5633c01663847239,4442,100.0,3,1786573319942,2026-08-13T05:21:59.942
4429,bc2c14bd2bf7551f5633c01663847239,4443,102.0,3,1786573320941,2026-08-13T05:22:00.941
4430,bc2c14bd2bf7551f5633c01663847239,4444,103.0,3,1786573321941,2026-08-13T05:22:01.941
4431,bc2c14bd2bf7551f5633c01663847239,4445,104.0,3,1786573322942,2026-08-13T05:22:02.942
4432,bc2c14bd2bf7551f5633c01663847239,4446,103.0,3,1786573323942,2026-08-13T05:22:03.942
4433,bc2c14bd2bf7551f5633c01663847239,4447,102.0,3,1786573324941,2026-08-13T05:22:04.941
4434,bc2c14bd2bf7551f5633c01663847239,4448,100.0,3,1786573325941,2026-08-13T05:22:05.941
4435,bc2c14bd2bf7551f5633c01663847239,4449,99.0,3,1786573326941,2026-08-13T05:22:06.941
4436,bc2c14bd2bf7551f5633c01663847239,4450,97.0,3,1786573327941,2026-08-13T05:22:07.941
4437,bc2c14bd2bf7551f5633c01663847239,4451,95.0,3,1786573328941,2026-08-13T05:22:08.941
4438,bc2c14bd2bf7551f5633c01663847239,4452,95.0,3,1786573329941,2026-08-13T05:22:09.941
4439,bc2c14bd2bf7551f5633c01663847239,4453,94.0,3,1786573330941,2026-08-13T05:22:10.941
4440,bc2c14bd2bf7551f5633c01663847239,4454,93.0,3,1786573331941,2026-08-13T05:22:11.941
4441,bc2c14bd2bf7551f5633c01663847239,4455,93.0,3,1786573332941,2026-08-13T05:22:12.941
4442,bc2c14bd2bf7551f5633c01663847239,4456,93.0,3,1786573333941,2026-08-13T05:22:13.941
4443,bc2c14bd2bf7551f5633c01663847239,4457,93.0,3,1786573334942,2026-08-13T05:22:14.942
4444,bc2c14bd2bf7551f5633c01663847239,4458,95.0,3,1786573335942,2026-08-13T05:22:15.942
4445,bc2c14bd2bf7551f5633c01663847239,4459,96.0,3,1786573336951,2026-08-13T05:22:16.951
4446,bc2c14bd2bf7551f5633c01663847239,4460,97.0,3,1786573337951,2026-08-13T05:22:17.951
4447,bc2c14bd2bf7551f5633c01663847239,4461,99.0,3,1786573338949,2026-08-13T05:22:18.949
4448,bc2c14bd2bf7551f5633c01663847239,4462,100.0,3,1786573339947,2026-08-13T05:22:19.947
4449,bc2c14bd2bf7551f5633c01663847239,4463,100.0,3,1786573340947,2026-08-13T05:22:20.947
4450,bc2c14bd2bf7551f5633c01663847239,4464,99.0,3,1786573341946,2026-08-13T05:22:21.946
4451,bc2c14bd2bf7551f5633c01663847239,4465,97.0,3,1786573342944,2026-08-13T05:22:22.944
4452,bc2c14bd2bf7551f5633c01663847239,4466,96.0,3,1786573343943,2026-08-13T05:22:23.943
4453,bc2c14bd2bf7551f5633c01663847239,4467,95.0,3,1786573344942,2026-08-13T05:22:24.942
4454,bc2c14bd2bf7551f5633c01663847239,4468,94.0,3,1786573345942,2026-08-13T05:22:25.942
4455,bc2c14bd2bf7551f5633c01663847239,4469,92.0,3,1786573346943,2026-08-13T05:22:26.943
4456,bc2c14bd2bf7551f5633c01663847239,4470,90.0,3,1786573347943,2026-08-13T05:22:27.943
4457,bc2c14bd2bf7551f5633c01663847239,4471,90.0,3,1786573348941,2026-08-13T05:22:28.941
4458,bc2c14bd2bf7551f5633c01663847239,4472,89.0,3,1786573349942,2026-08-13T05:22:29.942
4459,bc2c14bd2bf7551f5633c01663847239,4473,88.0,3,1786573350941,2026-08-13T05:22:30.941
4460,bc2c14bd2bf7551f5633c01663847239,4474,88.0,3,1786573351942,2026-08-13T05:22:31.942
4461,bc2c14bd2bf7551f5633c01663847239,4475,88.0,3,1786573352941,2026-08-13T05:22:32.941
4462,bc2c14bd2bf7551f5633c01663847239,4476,89.0,3,1786573353942,2026-08-13T05:22:33.942
4463,bc2c14bd2bf7551f5633c01663847239,4477,90.0,3,1786573354941,2026-08-13T05:22:34.941
4464,bc2c14bd2bf7551f5633c01663847239,4478,90.0,3,1786573355945,2026-08-13T05:22:35.945
4465,bc2c14bd2bf7551f5633c01663847239,4479,89.0,3,1786573356941,2026-08-13T05:22:36.941
4466,bc2c14bd2bf7551f5633c01663847239,4480,88.0,3,1786573357941,2026-08-13T05:22:37.941
4467,bc2c14bd2bf7551f5633c01663847239,4481,88.0,3,1786573358941,2026-08-13T05:22:38.941
4468,bc2c14bd2bf7551f5633c01663847239,4482,87.0,3,1786573359941,2026-08-13T05:22:39.941
4469,bc2c14bd2bf7551f5633c01663847239,4483,87.0,3,1786573360944,2026-08-13T05:22:40.944
4470,bc2c14bd2bf7551f5633c01663847239,4484,87.0,3,1786573361943,2026-08-13T05:22:41.943
4471,bc2c14bd2bf7551f5633c01663847239,4485,88.0,3,1786573362944,2026-08-13T05:22:42.944
4472,bc2c14bd2bf7551f5633c01663847239,4486,89.0,3,1786573363942,2026-08-13T05:22:43.942
4473,bc2c14bd2bf7551f5633c01663847239,4487,89.0,3,1786573364941,2026-08-13T05:22:44.941
4474,bc2c14bd2bf7551f5633c01663847239,4488,91.0,3,1786573365942,2026-08-13T05:22:45.942
4475,bc2c14bd2bf7551f5633c01663847239,4489,90.0,3,1786573366942,2026-08-13T05:22:46.942
4476,bc2c14bd2bf7551f5633c01663847239,4490,91.0,3,1786573367941,2026-08-13T05:22:47.941
4477,bc2c14bd2bf7551f5633c01663847239,4491,90.0,3,1786573368941,2026-08-13T05:22:48.941
4478,bc2c14bd2bf7551f5633c01663847239,4492,89.0,3,1786573369943,2026-08-13T05:22:49.943
4479,bc2c14bd2bf7551f5633c01663847239,4493,88.0,3,1786573370961,2026-08-13T05:22:50.961
4480,bc2c14bd2bf7551f5633c01663847239,4494,88.0,3,1786573371949,2026-08-13T05:22:51.949
4481,bc2c14bd2bf7551f5633c01663847239,4495,88.0,3,1786573372947,2026-08-13T05:22:52.947
4482,bc2c14bd2bf7551f5633c01663847239,4496,88.0,3,1786573373941,2026-08-13T05:22:53.941
4483,bc2c14bd2bf7551f5633c01663847239,4497,88.0,3,1786573374952,2026-08-13T05:22:54.952
4484,bc2c14bd2bf7551f5633c01663847239,4498,88.0,3,1786573375942,2026-08-13T05:22:55.942
4485,bc2c14bd2bf7551f5633c01663847239,4499,89.0,3,1786573376942,2026-08-13T05:22:56.942
4486,bc2c14bd2bf7551f5633c01663847239,4500,89.0,3,1786573377941,2026-08-13T05:22:57.941
4487,bc2c14bd2bf7551f5633c01663847239,4501,89.0,3,1786573378942,2026-08-13T05:22:58.942
4488,bc2c14bd2bf7551f5633c01663847239,4502,90.0,3,1786573379943,2026-08-13T05:22:59.943
4489,bc2c14bd2bf7551f5633c01663847239,4503,90.0,3,1786573380941,2026-08-13T05:23:00.941
4490,bc2c14bd2bf7551f5633c01663847239,4504,90.0,3,1786573381945,2026-08-13T05:23:01.945
4491,bc2c14bd2bf7551f5633c01663847239,4505,90.0,3,1786573382943,2026-08-13T05:23:02.943
4492,bc2c14bd2bf7551f5633c01663847239,4506,90.0,3,1786573383942,2026-08-13T05:23:03.942
4493,bc2c14bd2bf7551f5633c01663847239,4507,90.0,3,1786573384941,2026-08-13T05:23:04.941
4494,bc2c14bd2bf7551f5633c01663847239,4508,91.0,3,1786573385941,2026-08-13T05:23:05.941
4495,bc2c14bd2bf7551f5633c01663847239,4509,91.0,3,1786573386941,2026-08-13T05:23:06.941
4496,bc2c14bd2bf7551f5633c01663847239,4510,91.0,3,1786573387941,2026-08-13T05:23:07.941
4497,bc2c14bd2bf7551f5633c01663847239,4511,92.0,3,1786573388941,2026-08-13T05:23:08.941
4498,bc2c14bd2bf7551f5633c01663847239,4512,93.0,3,1786573389941,2026-08-13T05:23:09.941
4499,bc2c14bd2bf7551f5633c01663847239,4513,94.0,3,1786573390941,2026-08-13T05:23:10.941
4500,bc2c14bd2bf7551f5633c01663847239,4514,95.0,3,1786573391942,2026-08-13T05:23:11.942
4501,bc2c14bd2bf7551f5633c01663847239,4515,95.0,3,1786573392940,2026-08-13T05:23:12.940
4502,bc2c14bd2bf7551f5633c01663847239,4516,94.0,3,1786573393942,2026-08-13T05:23:13.942
4503,bc2c14bd2bf7551f5633c01663847239,4517,93.0,3,1786573394941,2026-08-13T05:23:14.941
4504,bc2c14bd2bf7551f5633c01663847239,4518,93.0,3,1786573395941,2026-08-13T05:23:15.941
4505,bc2c14bd2bf7551f5633c01663847239,4519,92.0,3,1786573396942,2026-08-13T05:23:16.942
4506,bc2c14bd2bf7551f5633c01663847239,4520,92.0,3,1786573397950,2026-08-13T05:23:17.950
4507,bc2c14bd2bf7551f5633c01663847239,4521,91.0,3,1786573398948,2026-08-13T05:23:18.948
4508,bc2c14bd2bf7551f5633c01663847239,4522,90.0,3,1786573399948,2026-08-13T05:23:19.948
4509,bc2c14bd2bf7551f5633c01663847239,4523,90.0,3,1786573400947,2026-08-13T05:23:20.947
4510,bc2c14bd2bf7551f5633c01663847239,4524,90.0,3,1786573401944,2026-08-13T05:23:21.944
4511,bc2c14bd2bf7551f5633c01663847239,4525,89.0,3,1786573402946,2026-08-13T05:23:22.946
4512,bc2c14bd2bf7551f5633c01663847239,4526,89.0,3,1786573403942,2026-08-13T05:23:23.942
4513,bc2c14bd2bf7551f5633c01663847239,4527,90.0,3,1786573404949,2026-08-13T05:23:24.949
4514,bc2c14bd2bf7551f5633c01663847239,4528,89.0,3,1786573405941,2026-08-13T05:23:25.941
4515,bc2c14bd2bf7551f5633c01663847239,4529,89.0,3,1786573406941,2026-08-13T05:23:26.941
4516,bc2c14bd2bf7551f5633c01663847239,4530,89.0,3,1786573407942,2026-08-13T05:23:27.942
4517,bc2c14bd2bf7551f5633c01663847239,4531,89.0,3,1786573408941,2026-08-13T05:23:28.941
4518,bc2c14bd2bf7551f5633c01663847239,4532,88.0,3,1786573409943,2026-08-13T05:23:29.943
4519,bc2c14bd2bf7551f5633c01663847239,4533,88.0,3,1786573410941,2026-08-13T05:23:30.941
4520,bc2c14bd2bf7551f5633c01663847239,4534,87.0,3,1786573411942,2026-08-13T05:23:31.942
4521,bc2c14bd2bf7551f5633c01663847239,4535,87.0,3,1786573412942,2026-08-13T05:23:32.942
4522,bc2c14bd2bf7551f5633c01663847239,4536,88.0,3,1786573413941,2026-08-13T05:23:33.941
4523,bc2c14bd2bf7551f5633c01663847239,4537,89.0,3,1786573414942,2026-08-13T05:23:34.942
4524,bc2c14bd2bf7551f5633c01663847239,4538,90.0,3,1786573415941,2026-08-13T05:23:35.941
4525,bc2c14bd2bf7551f5633c01663847239,4539,90.0,3,1786573416942,2026-08-13T05:23:36.942
4526,bc2c14bd2bf7551f5633c01663847239,4540,90.0,3,1786573417942,2026-08-13T05:23:37.942
4527,bc2c14bd2bf7551f5633c01663847239,4541,89.0,3,1786573418942,2026-08-13T05:23:38.942
4528,bc2c14bd2bf7551f5633c01663847239,4542,88.0,3,1786573419941,2026-08-13T05:23:39.941
4529,bc2c14bd2bf7551f5633c01663847239,4543,88.0,3,1786573420941,2026-08-13T05:23:40.941
4530,bc2c14bd2bf7551f5633c01663847239,4544,87.0,3,1786573421941,2026-08-13T05:23:41.941
4531,bc2c14bd2bf7551f5633c01663847239,4545,87.0,3,1786573422951,2026-08-13T05:23:42.951
4532,bc2c14bd2bf7551f5633c01663847239,4546,87.0,3,1786573423950,2026-08-13T05:23:43.950
4533,bc2c14bd2bf7551f5633c01663847239,4547,87.0,3,1786573424949,2026-08-13T05:23:44.949
4534,bc2c14bd2bf7551f5633c01663847239,4548,87.0,3,1786573425947,2026-08-13T05:23:45.947
4535,bc2c14bd2bf7551f5633c01663847239,4549,88.0,3,1786573426948,2026-08-13T05:23:46.948
4536,bc2c14bd2bf7551f5633c01663847239,4550,88.0,3,1786573427947,2026-08-13T05:23:47.947
4537,bc2c14bd2bf7551f5633c01663847239,4551,87.0,3,1786573428944,2026-08-13T05:23:48.944
4538,bc2c14bd2bf7551f5633c01663847239,4552,86.0,3,1786573429941,2026-08-13T05:23:49.941
4539,bc2c14bd2bf7551f5633c01663847239,4553,86.0,3,1786573430942,2026-08-13T05:23:50.942
4540,bc2c14bd2bf7551f5633c01663847239,4554,85.0,3,1786573431941,2026-08-13T05:23:51.941
4541,bc2c14bd2bf7551f5633c01663847239,4555,84.0,3,1786573432941,2026-08-13T05:23:52.941
4542,bc2c14bd2bf7551f5633c01663847239,4556,85.0,3,1786573433941,2026-08-13T05:23:53.941
4543,bc2c14bd2bf7551f5633c01663847239,4557,85.0,3,1786573434943,2026-08-13T05:23:54.943
4544,bc2c14bd2bf7551f5633c01663847239,4558,86.0,3,1786573435942,2026-08-13T05:23:55.942
4545,bc2c14bd2bf7551f5633c01663847239,4559,86.0,3,1786573436942,2026-08-13T05:23:56.942
4546,bc2c14bd2bf7551f5633c01663847239,4560,86.0,3,1786573437941,2026-08-13T05:23:57.941
4547,bc2c14bd2bf7551f5633c01663847239,4561,87.0,3,1786573438941,2026-08-13T05:23:58.941
4548,bc2c14bd2bf7551f5633c01663847239,4562,86.0,3,1786573439941,2026-08-13T05:23:59.941
4549,bc2c14bd2bf7551f5633c01663847239,4563,86.0,3,1786573440941,2026-08-13T05:24:00.941
4550,bc2c14bd2bf7551f5633c01663847239,4564,87.0,3,1786573441942,2026-08-13T05:24:01.942
4551,bc2c14bd2bf7551f5633c01663847239,4565,87.0,3,1786573442942,2026-08-13T05:24:02.942
4552,bc2c14bd2bf7551f5633c01663847239,4566,88.0,3,1786573443942,2026-08-13T05:24:03.942
4553,bc2c14bd2bf7551f5633c01663847239,4567,88.0,3,1786573444941,2026-08-13T05:24:04.941
4554,bc2c14bd2bf7551f5633c01663847239,4568,88.0,3,1786573445941,2026-08-13T05:24:05.941
4555,bc2c14bd2bf7551f5633c01663847239,4569,88.0,3,1786573446942,2026-08-13T05:24:06.942
4556,bc2c14bd2bf7551f5633c01663847239,4570,88.0,3,1786573447951,2026-08-13T05:24:07.951
4557,bc2c14bd2bf7551f5633c01663847239,4571,88.0,3,1786573448949,2026-08-13T05:24:08.949
4558,bc2c14bd2bf7551f5633c01663847239,4572,88.0,3,1786573449950,2026-08-13T05:24:09.950
4559,bc2c14bd2bf7551f5633c01663847239,4573,88.0,3,1786573450943,2026-08-13T05:24:10.943
4560,bc2c14bd2bf7551f5633c01663847239,4574,89.0,3,1786573451944,2026-08-13T05:24:11.944
4561,bc2c14bd2bf7551f5633c01663847239,4575,88.0,3,1786573452943,2026-08-13T05:24:12.943
4562,bc2c14bd2bf7551f5633c01663847239,4576,87.0,3,1786573453943,2026-08-13T05:24:13.943
4563,bc2c14bd2bf7551f5633c01663847239,4577,86.0,3,1786573454941,2026-08-13T05:24:14.941
4564,bc2c14bd2bf7551f5633c01663847239,4578,85.0,3,1786573455943,2026-08-13T05:24:15.943
4565,bc2c14bd2bf7551f5633c01663847239,4579,84.0,3,1786573456941,2026-08-13T05:24:16.941
4566,bc2c14bd2bf7551f5633c01663847239,4580,83.0,3,1786573457941,2026-08-13T05:24:17.941
4567,bc2c14bd2bf7551f5633c01663847239,4581,83.0,3,1786573458941,2026-08-13T05:24:18.941
4568,bc2c14bd2bf7551f5633c01663847239,4582,84.0,3,1786573459941,2026-08-13T05:24:19.941
4569,bc2c14bd2bf7551f5633c01663847239,4583,85.0,3,1786573460941,2026-08-13T05:24:20.941
4570,bc2c14bd2bf7551f5633c01663847239,4584,86.0,3,1786573461941,2026-08-13T05:24:21.941
4571,bc2c14bd2bf7551f5633c01663847239,4585,88.0,3,1786573462941,2026-08-13T05:24:22.941
4572,bc2c14bd2bf7551f5633c01663847239,4586,88.0,3,1786573463941,2026-08-13T05:24:23.941
4573,bc2c14bd2bf7551f5633c01663847239,4587,88.0,3,1786573464942,2026-08-13T05:24:24.942
4574,bc2c14bd2bf7551f5633c01663847239,4588,88.0,3,1786573465944,2026-08-13T05:24:25.944
4575,bc2c14bd2bf7551f5633c01663847239,4589,88.0,3,1786573466953,2026-08-13T05:24:26.953
4576,bc2c14bd2bf7551f5633c01663847239,4590,88.0,3,1786573467942,2026-08-13T05:24:27.942
4577,bc2c14bd2bf7551f5633c01663847239,4591,88.0,3,1786573468942,2026-08-13T05:24:28.942
4578,bc2c14bd2bf7551f5633c01663847239,4592,89.0,3,1786573469941,2026-08-13T05:24:29.941
4579,bc2c14bd2bf7551f5633c01663847239,4593,90.0,3,1786573470941,2026-08-13T05:24:30.941
4580,bc2c14bd2bf7551f5633c01663847239,4594,91.0,3,1786573471941,2026-08-13T05:24:31.941
4581,bc2c14bd2bf7551f5633c01663847239,4595,91.0,3,1786573472941,2026-08-13T05:24:32.941
4582,bc2c14bd2bf7551f5633c01663847239,4596,91.0,3,1786573473941,2026-08-13T05:24:33.941
4583,bc2c14bd2bf7551f5633c01663847239,4597,91.0,3,1786573474941,2026-08-13T05:24:34.941
4584,bc2c14bd2bf7551f5633c01663847239,4598,91.0,3,1786573475941,2026-08-13T05:24:35.941
4585,bc2c14bd2bf7551f5633c01663847239,4599,90.0,3,1786573476941,2026-08-13T05:24:36.941
4586,bc2c14bd2bf7551f5633c01663847239,4600,90.0,3,1786573477941,2026-08-13T05:24:37.941
4587,bc2c14bd2bf7551f5633c01663847239,4601,89.0,3,1786573478941,2026-08-13T05:24:38.941
4588,bc2c14bd2bf7551f5633c01663847239,4602,89.0,3,1786573479941,2026-08-13T05:24:39.941
4589,bc2c14bd2bf7551f5633c01663847239,4603,89.0,3,1786573480942,2026-08-13T05:24:40.942
4590,bc2c14bd2bf7551f5633c01663847239,4604,88.0,3,1786573481961,2026-08-13T05:24:41.961
4591,bc2c14bd2bf7551f5633c01663847239,4605,88.0,3,1786573482949,2026-08-13T05:24:42.949
4592,bc2c14bd2bf7551f5633c01663847239,4606,88.0,3,1786573483947,2026-08-13T05:24:43.947
4593,bc2c14bd2bf7551f5633c01663847239,4607,88.0,3,1786573484948,2026-08-13T05:24:44.948
4594,bc2c14bd2bf7551f5633c01663847239,4608,88.0,3,1786573485947,2026-08-13T05:24:45.947
4595,bc2c14bd2bf7551f5633c01663847239,4609,88.0,3,1786573486945,2026-08-13T05:24:46.945
4596,bc2c14bd2bf7551f5633c01663847239,4610,88.0,3,1786573487945,2026-08-13T05:24:47.945
4597,bc2c14bd2bf7551f5633c01663847239,4611,88.0,3,1786573488942,2026-08-13T05:24:48.942
4598,bc2c14bd2bf7551f5633c01663847239,4612,88.0,3,1786573489941,2026-08-13T05:24:49.941
4599,bc2c14bd2bf7551f5633c01663847239,4613,88.0,3,1786573490941,2026-08-13T05:24:50.941
4600,bc2c14bd2bf7551f5633c01663847239,4614,88.0,3,1786573491941,2026-08-13T05:24:51.941
4601,bc2c14bd2bf7551f5633c01663847239,4615,88.0,3,1786573492942,2026-08-13T05:24:52.942
4602,bc2c14bd2bf7551f5633c01663847239,4616,88.0,3,1786573493951,2026-08-13T05:24:53.951
4603,bc2c14bd2bf7551f5633c01663847239,4617,88.0,3,1786573494950,2026-08-13T05:24:54.950
4604,bc2c14bd2bf7551f5633c01663847239,4618,87.0,3,1786573495941,2026-08-13T05:24:55.941
4605,bc2c14bd2bf7551f5633c01663847239,4619,88.0,3,1786573496942,2026-08-13T05:24:56.942
4606,bc2c14bd2bf7551f5633c01663847239,4620,88.0,3,1786573497941,2026-08-13T05:24:57.941
4607,bc2c14bd2bf7551f5633c01663847239,4621,87.0,3,1786573498941,2026-08-13T05:24:58.941
4608,bc2c14bd2bf7551f5633c01663847239,4622,88.0,3,1786573499941,2026-08-13T05:24:59.941
4609,bc2c14bd2bf7551f5633c01663847239,4623,89.0,3,1786573500941,2026-08-13T05:25:00.941
4610,bc2c14bd2bf7551f5633c01663847239,4624,89.0,3,1786573501941,2026-08-13T05:25:01.941
4611,bc2c14bd2bf7551f5633c01663847239,4625,90.0,3,1786573502949,2026-08-13T05:25:02.949
4612,bc2c14bd2bf7551f5633c01663847239,4626,91.0,3,1786573503941,2026-08-13T05:25:03.941
4613,bc2c14bd2bf7551f5633c01663847239,4627,92.0,3,1786573504941,2026-08-13T05:25:04.941
4614,bc2c14bd2bf7551f5633c01663847239,4628,91.0,3,1786573505947,2026-08-13T05:25:05.947
4615,bc2c14bd2bf7551f5633c01663847239,4629,91.0,3,1786573506942,2026-08-13T05:25:06.942
4616,bc2c14bd2bf7551f5633c01663847239,4630,91.0,3,1786573507942,2026-08-13T05:25:07.942
4617,bc2c14bd2bf7551f5633c01663847239,4631,90.0,3,1786573508949,2026-08-13T05:25:08.949
4618,bc2c14bd2bf7551f5633c01663847239,4632,90.0,3,1786573509948,2026-08-13T05:25:09.948
4619,bc2c14bd2bf7551f5633c01663847239,4633,89.0,3,1786573510948,2026-08-13T05:25:10.948
4620,bc2c14bd2bf7551f5633c01663847239,4634,90.0,3,1786573511947,2026-08-13T05:25:11.947
4621,bc2c14bd2bf7551f5633c01663847239,4635,90.0,3,1786573512946,2026-08-13T05:25:12.946
4622,bc2c14bd2bf7551f5633c01663847239,4636,91.0,3,1786573513946,2026-08-13T05:25:13.946
4623,bc2c14bd2bf7551f5633c01663847239,4637,92.0,3,1786573514945,2026-08-13T05:25:14.945
4624,bc2c14bd2bf7551f5633c01663847239,4638,92.0,3,1786573515945,2026-08-13T05:25:15.945
4625,bc2c14bd2bf7551f5633c01663847239,4639,92.0,3,1786573516943,2026-08-13T05:25:16.943
4626,bc2c14bd2bf7551f5633c01663847239,4640,93.0,3,1786573517942,2026-08-13T05:25:17.942
4627,bc2c14bd2bf7551f5633c01663847239,4641,92.0,3,1786573518942,2026-08-13T05:25:18.942
4628,bc2c14bd2bf7551f5633c01663847239,4642,92.0,3,1786573519941,2026-08-13T05:25:19.941
4629,bc2c14bd2bf7551f5633c01663847239,4643,91.0,3,1786573520941,2026-08-13T05:25:20.941
4630,bc2c14bd2bf7551f5633c01663847239,4644,90.0,3,1786573521942,2026-08-13T05:25:21.942
4631,bc2c14bd2bf7551f5633c01663847239,4645,90.0,3,1786573522942,2026-08-13T05:25:22.942
4632,bc2c14bd2bf7551f5633c01663847239,4646,90.0,3,1786573523941,2026-08-13T05:25:23.941
4633,bc2c14bd2bf7551f5633c01663847239,4647,90.0,3,1786573524941,2026-08-13T05:25:24.941
4634,bc2c14bd2bf7551f5633c01663847239,4648,90.0,3,1786573525942,2026-08-13T05:25:25.942
4635,bc2c14bd2bf7551f5633c01663847239,4649,89.0,3,1786573526942,2026-08-13T05:25:26.942
4636,bc2c14bd2bf7551f5633c01663847239,4650,89.0,3,1786573527941,2026-08-13T05:25:27.941
4637,bc2c14bd2bf7551f5633c01663847239,4651,89.0,3,1786573528941,2026-08-13T05:25:28.941
4638,bc2c14bd2bf7551f5633c01663847239,4652,89.0,3,1786573529941,2026-08-13T05:25:29.941
4639,bc2c14bd2bf7551f5633c01663847239,4653,89.0,3,1786573530941,2026-08-13T05:25:30.941
4640,bc2c14bd2bf7551f5633c01663847239,4654,90.0,3,1786573531950,2026-08-13T05:25:31.950
4641,bc2c14bd2bf7551f5633c01663847239,4655,90.0,3,1786573532948,2026-08-13T05:25:32.948
4642,bc2c14bd2bf7551f5633c01663847239,4656,91.0,3,1786573533946,2026-08-13T05:25:33.946
4643,bc2c14bd2bf7551f5633c01663847239,4657,91.0,3,1786573534941,2026-08-13T05:25:34.941
4644,bc2c14bd2bf7551f5633c01663847239,4658,92.0,3,1786573535943,2026-08-13T05:25:35.943
4645,bc2c14bd2bf7551f5633c01663847239,4659,92.0,3,1786573536942,2026-08-13T05:25:36.942
4646,bc2c14bd2bf7551f5633c01663847239,4660,92.0,3,1786573537941,2026-08-13T05:25:37.941
4647,bc2c14bd2bf7551f5633c01663847239,4661,92.0,3,1786573538941,2026-08-13T05:25:38.941
4648,bc2c14bd2bf7551f5633c01663847239,4662,93.0,3,1786573539941,2026-08-13T05:25:39.941
4649,bc2c14bd2bf7551f5633c01663847239,4663,92.0,3,1786573540942,2026-08-13T05:25:40.942
4650,bc2c14bd2bf7551f5633c01663847239,4664,91.0,3,1786573541944,2026-08-13T05:25:41.944
4651,bc2c14bd2bf7551f5633c01663847239,4665,91.0,3,1786573542943,2026-08-13T05:25:42.943
4652,bc2c14bd2bf7551f5633c01663847239,4666,90.0,3,1786573543941,2026-08-13T05:25:43.941
4653,bc2c14bd2bf7551f5633c01663847239,4667,90.0,3,1786573544941,2026-08-13T05:25:44.941
4654,bc2c14bd2bf7551f5633c01663847239,4668,90.0,3,1786573545941,2026-08-13T05:25:45.941
4655,bc2c14bd2bf7551f5633c01663847239,4669,90.0,3,1786573546947,2026-08-13T05:25:46.947
4656,bc2c14bd2bf7551f5633c01663847239,4670,89.0,3,1786573547941,2026-08-13T05:25:47.941
4657,bc2c14bd2bf7551f5633c01663847239,4671,89.0,3,1786573548941,2026-08-13T05:25:48.941
4658,bc2c14bd2bf7551f5633c01663847239,4672,88.0,3,1786573549944,2026-08-13T05:25:49.944
4659,bc2c14bd2bf7551f5633c01663847239,4673,88.0,3,1786573550941,2026-08-13T05:25:50.941
4660,bc2c14bd2bf7551f5633c01663847239,4674,88.0,3,1786573551941,2026-08-13T05:25:51.941
4661,bc2c14bd2bf7551f5633c01663847239,4675,88.0,3,1786573552941,2026-08-13T05:25:52.941
4662,bc2c14bd2bf7551f5633c01663847239,4676,88.0,3,1786573553943,2026-08-13T05:25:53.943
4663,bc2c14bd2bf7551f5633c01663847239,4677,88.0,3,1786573554941,2026-08-13T05:25:54.941
4664,bc2c14bd2bf7551f5633c01663847239,4678,88.0,3,1786573555941,2026-08-13T05:25:55.941
4665,bc2c14bd2bf7551f5633c01663847239,4679,88.0,3,1786573556941,2026-08-13T05:25:56.941
4666,bc2c14bd2bf7551f5633c01663847239,4680,88.0,3,1786573557943,2026-08-13T05:25:57.943
4667,bc2c14bd2bf7551f5633c01663847239,4681,88.0,3,1786573558942,2026-08-13T05:25:58.942
4668,bc2c14bd2bf7551f5633c01663847239,4682,88.0,3,1786573559943,2026-08-13T05:25:59.943
4669,bc2c14bd2bf7551f5633c01663847239,4683,88.0,3,1786573560950,2026-08-13T05:26:00.950
4670,bc2c14bd2bf7551f5633c01663847239,4684,88.0,3,1786573561948,2026-08-13T05:26:01.948
4671,bc2c14bd2bf7551f5633c01663847239,4685,88.0,3,1786573562946,2026-08-13T05:26:02.946
4672,bc2c14bd2bf7551f5633c01663847239,4686,88.0,3,1786573563945,2026-08-13T05:26:03.945
4673,bc2c14bd2bf7551f5633c01663847239,4687,88.0,3,1786573564944,2026-08-13T05:26:04.944
4674,bc2c14bd2bf7551f5633c01663847239,4688,89.0,3,1786573565944,2026-08-13T05:26:05.944
4675,bc2c14bd2bf7551f5633c01663847239,4689,88.0,3,1786573566941,2026-08-13T05:26:06.941
4676,bc2c14bd2bf7551f5633c01663847239,4690,88.0,3,1786573567943,2026-08-13T05:26:07.943
4677,bc2c14bd2bf7551f5633c01663847239,4691,89.0,3,1786573568941,2026-08-13T05:26:08.941
4678,bc2c14bd2bf7551f5633c01663847239,4692,90.0,3,1786573569941,2026-08-13T05:26:09.941
4679,bc2c14bd2bf7551f5633c01663847239,4693,91.0,3,1786573570941,2026-08-13T05:26:10.941
4680,bc2c14bd2bf7551f5633c01663847239,4694,90.0,3,1786573571941,2026-08-13T05:26:11.941
4681,bc2c14bd2bf7551f5633c01663847239,4695,92.0,3,1786573572942,2026-08-13T05:26:12.942
4682,bc2c14bd2bf7551f5633c01663847239,4696,93.0,3,1786573573941,2026-08-13T05:26:13.941
4683,bc2c14bd2bf7551f5633c01663847239,4697,94.0,3,1786573574951,2026-08-13T05:26:14.951
4684,bc2c14bd2bf7551f5633c01663847239,4698,95.0,3,1786573575941,2026-08-13T05:26:15.941
4685,bc2c14bd2bf7551f5633c01663847239,4699,95.0,3,1786573576943,2026-08-13T05:26:16.943
4686,bc2c14bd2bf7551f5633c01663847239,4700,95.0,3,1786573577948,2026-08-13T05:26:17.948
4687,bc2c14bd2bf7551f5633c01663847239,4701,94.0,3,1786573578944,2026-08-13T05:26:18.944
4688,bc2c14bd2bf7551f5633c01663847239,4702,93.0,3,1786573579945,2026-08-13T05:26:19.945
4689,bc2c14bd2bf7551f5633c01663847239,4703,92.0,3,1786573580943,2026-08-13T05:26:20.943
4690,bc2c14bd2bf7551f5633c01663847239,4704,92.0,3,1786573581948,2026-08-13T05:26:21.948
4691,bc2c14bd2bf7551f5633c01663847239,4705,93.0,3,1786573582948,2026-08-13T05:26:22.948
4692,bc2c14bd2bf7551f5633c01663847239,4706,93.0,3,1786573583942,2026-08-13T05:26:23.942
4693,bc2c14bd2bf7551f5633c01663847239,4707,93.0,3,1786573584941,2026-08-13T05:26:24.941
4694,bc2c14bd2bf7551f5633c01663847239,4708,92.0,3,1786573585941,2026-08-13T05:26:25.941
4695,bc2c14bd2bf7551f5633c01663847239,4709,91.0,3,1786573586941,2026-08-13T05:26:26.941
4696,bc2c14bd2bf7551f5633c01663847239,4710,90.0,3,1786573587942,2026-08-13T05:26:27.942
4697,bc2c14bd2bf7551f5633c01663847239,4711,89.0,3,1786573588946,2026-08-13T05:26:28.946
4698,bc2c14bd2bf7551f5633c01663847239,4712,88.0,3,1786573589942,2026-08-13T05:26:29.942
4699,bc2c14bd2bf7551f5633c01663847239,4713,88.0,3,1786573590942,2026-08-13T05:26:30.942
4700,bc2c14bd2bf7551f5633c01663847239,4714,88.0,3,1786573591941,2026-08-13T05:26:31.941
4701,bc2c14bd2bf7551f5633c01663847239,4715,88.0,3,1786573592941,2026-08-13T05:26:32.941
4702,bc2c14bd2bf7551f5633c01663847239,4716,88.0,3,1786573593941,2026-08-13T05:26:33.941
4703,bc2c14bd2bf7551f5633c01663847239,4717,90.0,3,1786573594942,2026-08-13T05:26:34.942
4704,bc2c14bd2bf7551f5633c01663847239,4718,91.0,3,1786573595942,2026-08-13T05:26:35.942
4705,bc2c14bd2bf7551f5633c01663847239,4719,91.0,3,1786573596951,2026-08-13T05:26:36.951
4706,bc2c14bd2bf7551f5633c01663847239,4720,92.0,3,1786573597951,2026-08-13T05:26:37.951
4707,bc2c14bd2bf7551f5633c01663847239,4721,93.0,3,1786573598947,2026-08-13T05:26:38.947
4708,bc2c14bd2bf7551f5633c01663847239,4722,94.0,3,1786573599947,2026-08-13T05:26:39.947
4709,bc2c14bd2bf7551f5633c01663847239,4723,95.0,3,1786573600947,2026-08-13T05:26:40.947
4710,bc2c14bd2bf7551f5633c01663847239,4724,96.0,3,1786573601943,2026-08-13T05:26:41.943
4711,bc2c14bd2bf7551f5633c01663847239,4725,96.0,3,1786573602946,2026-08-13T05:26:42.946
4712,bc2c14bd2bf7551f5633c01663847239,4726,95.0,3,1786573603945,2026-08-13T05:26:43.945
4713,bc2c14bd2bf7551f5633c01663847239,4727,94.0,3,1786573604942,2026-08-13T05:26:44.942
4714,bc2c14bd2bf7551f5633c01663847239,4728,93.0,3,1786573605943,2026-08-13T05:26:45.943
4715,bc2c14bd2bf7551f5633c01663847239,4729,93.0,3,1786573606941,2026-08-13T05:26:46.941
4716,bc2c14bd2bf7551f5633c01663847239,4730,92.0,3,1786573607941,2026-08-13T05:26:47.941
4717,bc2c14bd2bf7551f5633c01663847239,4731,92.0,3,1786573608941,2026-08-13T05:26:48.941
4718,bc2c14bd2bf7551f5633c01663847239,4732,91.0,3,1786573609942,2026-08-13T05:26:49.942
4719,bc2c14bd2bf7551f5633c01663847239,4733,91.0,3,1786573610943,2026-08-13T05:26:50.943
4720,bc2c14bd2bf7551f5633c01663847239,4734,90.0,3,1786573611946,2026-08-13T05:26:51.946
4721,bc2c14bd2bf7551f5633c01663847239,4735,90.0,3,1786573612942,2026-08-13T05:26:52.942
4722,bc2c14bd2bf7551f5633c01663847239,4736,90.0,3,1786573613942,2026-08-13T05:26:53.942
4723,bc2c14bd2bf7551f5633c01663847239,4737,90.0,3,1786573614942,2026-08-13T05:26:54.942
4724,bc2c14bd2bf7551f5633c01663847239,4738,90.0,3,1786573615941,2026-08-13T05:26:55.941
4725,bc2c14bd2bf7551f5633c01663847239,4739,90.0,3,1786573616942,2026-08-13T05:26:56.942
4726,bc2c14bd2bf7551f5633c01663847239,4740,90.0,3,1786573617942,2026-08-13T05:26:57.942
4727,bc2c14bd2bf7551f5633c01663847239,4741,90.0,3,1786573618943,2026-08-13T05:26:58.943
4728,bc2c14bd2bf7551f5633c01663847239,4742,90.0,3,1786573619941,2026-08-13T05:26:59.941
4729,bc2c14bd2bf7551f5633c01663847239,4743,89.0,3,1786573620941,2026-08-13T05:27:00.941
4730,bc2c14bd2bf7551f5633c01663847239,4744,88.0,3,1786573621956,2026-08-13T05:27:01.956
4731,bc2c14bd2bf7551f5633c01663847239,4745,88.0,3,1786573622949,2026-08-13T05:27:02.949
4732,bc2c14bd2bf7551f5633c01663847239,4746,87.0,3,1786573623949,2026-08-13T05:27:03.949
4733,bc2c14bd2bf7551f5633c01663847239,4747,87.0,3,1786573624942,2026-08-13T05:27:04.942
4734,bc2c14bd2bf7551f5633c01663847239,4748,87.0,3,1786573625945,2026-08-13T05:27:05.945
4735,bc2c14bd2bf7551f5633c01663847239,4749,87.0,3,1786573626943,2026-08-13T05:27:06.943
4736,bc2c14bd2bf7551f5633c01663847239,4750,87.0,3,1786573627942,2026-08-13T05:27:07.942
4737,bc2c14bd2bf7551f5633c01663847239,4751,87.0,3,1786573628942,2026-08-13T05:27:08.942
4738,bc2c14bd2bf7551f5633c01663847239,4752,87.0,3,1786573629941,2026-08-13T05:27:09.941
4739,bc2c14bd2bf7551f5633c01663847239,4753,86.0,3,1786573630941,2026-08-13T05:27:10.941
4740,bc2c14bd2bf7551f5633c01663847239,4754,86.0,3,1786573631941,2026-08-13T05:27:11.941
4741,bc2c14bd2bf7551f5633c01663847239,4755,87.0,3,1786573632942,2026-08-13T05:27:12.942
4742,bc2c14bd2bf7551f5633c01663847239,4756,87.0,3,1786573633941,2026-08-13T05:27:13.941
4743,bc2c14bd2bf7551f5633c01663847239,4757,87.0,3,1786573634940,2026-08-13T05:27:14.940
4744,bc2c14bd2bf7551f5633c01663847239,4758,88.0,3,1786573635941,2026-08-13T05:27:15.941
4745,bc2c14bd2bf7551f5633c01663847239,4759,88.0,3,1786573636942,2026-08-13T05:27:16.942
4746,bc2c14bd2bf7551f5633c01663847239,4760,88.0,3,1786573637941,2026-08-13T05:27:17.941
4747,bc2c14bd2bf7551f5633c01663847239,4761,89.0,3,1786573638941,2026-08-13T05:27:18.941
4748,bc2c14bd2bf7551f5633c01663847239,4762,90.0,3,1786573639943,2026-08-13T05:27:19.943
4749,bc2c14bd2bf7551f5633c01663847239,4763,90.0,3,1786573640941,2026-08-13T05:27:20.941
4750,bc2c14bd2bf7551f5633c01663847239,4764,90.0,3,1786573641941,2026-08-13T05:27:21.941
4751,bc2c14bd2bf7551f5633c01663847239,4765,90.0,3,1786573642941,2026-08-13T05:27:22.941
4752,bc2c14bd2bf7551f5633c01663847239,4766,89.0,3,1786573643941,2026-08-13T05:27:23.941
4753,bc2c14bd2bf7551f5633c01663847239,4767,88.0,3,1786573644941,2026-08-13T05:27:24.941
4754,bc2c14bd2bf7551f5633c01663847239,4768,87.0,3,1786573645949,2026-08-13T05:27:25.949
4755,bc2c14bd2bf7551f5633c01663847239,4769,87.0,3,1786573646948,2026-08-13T05:27:26.948
4756,bc2c14bd2bf7551f5633c01663847239,4770,87.0,3,1786573647948,2026-08-13T05:27:27.948
4757,bc2c14bd2bf7551f5633c01663847239,4771,86.0,3,1786573648947,2026-08-13T05:27:28.947
4758,bc2c14bd2bf7551f5633c01663847239,4772,86.0,3,1786573649941,2026-08-13T05:27:29.941
4759,bc2c14bd2bf7551f5633c01663847239,4773,85.0,3,1786573650941,2026-08-13T05:27:30.941
4760,bc2c14bd2bf7551f5633c01663847239,4774,86.0,3,1786573651942,2026-08-13T05:27:31.942
4761,bc2c14bd2bf7551f5633c01663847239,4775,86.0,3,1786573652941,2026-08-13T05:27:32.941
4762,bc2c14bd2bf7551f5633c01663847239,4776,86.0,3,1786573653941,2026-08-13T05:27:33.941
4763,bc2c14bd2bf7551f5633c01663847239,4777,87.0,3,1786573654941,2026-08-13T05:27:34.941
4764,bc2c14bd2bf7551f5633c01663847239,4778,88.0,3,1786573655941,2026-08-13T05:27:35.941
4765,bc2c14bd2bf7551f5633c01663847239,4779,88.0,3,1786573657095,2026-08-13T05:27:37.095
4766,bc2c14bd2bf7551f5633c01663847239,4780,87.0,3,1786573657941,2026-08-13T05:27:37.941
4767,bc2c14bd2bf7551f5633c01663847239,4781,87.0,3,1786573658944,2026-08-13T05:27:38.944
4768,bc2c14bd2bf7551f5633c01663847239,4782,88.0,3,1786573659944,2026-08-13T05:27:39.944
4769,bc2c14bd2bf7551f5633c01663847239,4783,88.0,3,1786573660943,2026-08-13T05:27:40.943
4770,bc2c14bd2bf7551f5633c01663847239,4784,87.0,3,1786573661941,2026-08-13T05:27:41.941
4771,bc2c14bd2bf7551f5633c01663847239,4785,87.0,3,1786573662941,2026-08-13T05:27:42.941
4772,bc2c14bd2bf7551f5633c01663847239,4786,87.0,3,1786573663941,2026-08-13T05:27:43.941
4773,bc2c14bd2bf7551f5633c01663847239,4787,87.0,3,1786573664942,2026-08-13T05:27:44.942
4774,bc2c14bd2bf7551f5633c01663847239,4788,87.0,3,1786573665941,2026-08-13T05:27:45.941
4775,bc2c14bd2bf7551f5633c01663847239,4789,87.0,3,1786573666941,2026-08-13T05:27:46.941
4776,bc2c14bd2bf7551f5633c01663847239,4790,87.0,3,1786573667943,2026-08-13T05:27:47.943
4777,bc2c14bd2bf7551f5633c01663847239,4791,88.0,3,1786573668941,2026-08-13T05:27:48.941
4778,bc2c14bd2bf7551f5633c01663847239,4792,88.0,3,1786573669941,2026-08-13T05:27:49.941
4779,bc2c14bd2bf7551f5633c01663847239,4793,88.0,3,1786573670941,2026-08-13T05:27:50.941
4780,bc2c14bd2bf7551f5633c01663847239,4794,88.0,3,1786573671941,2026-08-13T05:27:51.941
4781,bc2c14bd2bf7551f5633c01663847239,4795,89.0,3,1786573672944,2026-08-13T05:27:52.944
4782,bc2c14bd2bf7551f5633c01663847239,4796,88.0,3,1786573673947,2026-08-13T05:27:53.947
4783,bc2c14bd2bf7551f5633c01663847239,4797,88.0,3,1786573674947,2026-08-13T05:27:54.947
4784,bc2c14bd2bf7551f5633c01663847239,4798,88.0,3,1786573675944,2026-08-13T05:27:55.944
4785,bc2c14bd2bf7551f5633c01663847239,4799,88.0,3,1786573676943,2026-08-13T05:27:56.943
4786,bc2c14bd2bf7551f5633c01663847239,4800,88.0,3,1786573677941,2026-08-13T05:27:57.941
4787,bc2c14bd2bf7551f5633c01663847239,4801,89.0,3,1786573678950,2026-08-13T05:27:58.950
4788,bc2c14bd2bf7551f5633c01663847239,4802,88.0,3,1786573679941,2026-08-13T05:27:59.941
4789,bc2c14bd2bf7551f5633c01663847239,4803,88.0,3,1786573680942,2026-08-13T05:28:00.942
4790,bc2c14bd2bf7551f5633c01663847239,4804,88.0,3,1786573681942,2026-08-13T05:28:01.942
4791,bc2c14bd2bf7551f5633c01663847239,4805,88.0,3,1786573682941,2026-08-13T05:28:02.941
4792,bc2c14bd2bf7551f5633c01663847239,4806,87.0,3,1786573683941,2026-08-13T05:28:03.941
4793,bc2c14bd2bf7551f5633c01663847239,4807,87.0,3,1786573684941,2026-08-13T05:28:04.941
4794,bc2c14bd2bf7551f5633c01663847239,4808,87.0,3,1786573685941,2026-08-13T05:28:05.941
4795,bc2c14bd2bf7551f5633c01663847239,4809,86.0,3,1786573686941,2026-08-13T05:28:06.941
4796,bc2c14bd2bf7551f5633c01663847239,4810,86.0,3,1786573687943,2026-08-13T05:28:07.943
4797,bc2c14bd2bf7551f5633c01663847239,4811,87.0,3,1786573688941,2026-08-13T05:28:08.941
4798,bc2c14bd2bf7551f5633c01663847239,4812,88.0,3,1786573689941,2026-08-13T05:28:09.941
4799,bc2c14bd2bf7551f5633c01663847239,4813,89.0,3,1786573690951,2026-08-13T05:28:10.951
4800,bc2c14bd2bf7551f5633c01663847239,4814,90.0,3,1786573691950,2026-08-13T05:28:11.950
4801,bc2c14bd2bf7551f5633c01663847239,4815,91.0,3,1786573692947,2026-08-13T05:28:12.947
4802,bc2c14bd2bf7551f5633c01663847239,4816,91.0,3,1786573693948,2026-08-13T05:28:13.948
4803,bc2c14bd2bf7551f5633c01663847239,4817,91.0,3,1786573694946,2026-08-13T05:28:14.946
4804,bc2c14bd2bf7551f5633c01663847239,4818,90.0,3,1786573695944,2026-08-13T05:28:15.944
4805,bc2c14bd2bf7551f5633c01663847239,4819,91.0,3,1786573696942,2026-08-13T05:28:16.942
4806,bc2c14bd2bf7551f5633c01663847239,4820,91.0,3,1786573697942,2026-08-13T05:28:17.942
4807,bc2c14bd2bf7551f5633c01663847239,4821,92.0,3,1786573698941,2026-08-13T05:28:18.941
4808,bc2c14bd2bf7551f5633c01663847239,4822,92.0,3,1786573699942,2026-08-13T05:28:19.942
4809,bc2c14bd2bf7551f5633c01663847239,4823,93.0,3,1786573700941,2026-08-13T05:28:20.941
4810,bc2c14bd2bf7551f5633c01663847239,4824,93.0,3,1786573701942,2026-08-13T05:28:21.942
4811,bc2c14bd2bf7551f5633c01663847239,4825,93.0,3,1786573702941,2026-08-13T05:28:22.941
4812,bc2c14bd2bf7551f5633c01663847239,4826,92.0,3,1786573703942,2026-08-13T05:28:23.942
4813,bc2c14bd2bf7551f5633c01663847239,4827,92.0,3,1786573704942,2026-08-13T05:28:24.942
4814,bc2c14bd2bf7551f5633c01663847239,4828,91.0,3,1786573705941,2026-08-13T05:28:25.941
4815,bc2c14bd2bf7551f5633c01663847239,4829,90.0,3,1786573706942,2026-08-13T05:28:26.942
4816,bc2c14bd2bf7551f5633c01663847239,4830,90.0,3,1786573707941,2026-08-13T05:28:27.941
4817,bc2c14bd2bf7551f5633c01663847239,4831,89.0,3,1786573708941,2026-08-13T05:28:28.941
4818,bc2c14bd2bf7551f5633c01663847239,4832,88.0,3,1786573709949,2026-08-13T05:28:29.949
4819,bc2c14bd2bf7551f5633c01663847239,4833,87.0,3,1786573710957,2026-08-13T05:28:30.957
4820,bc2c14bd2bf7551f5633c01663847239,4834,87.0,3,1786573711953,2026-08-13T05:28:31.953
4821,bc2c14bd2bf7551f5633c01663847239,4835,87.0,3,1786573712950,2026-08-13T05:28:32.950
4822,bc2c14bd2bf7551f5633c01663847239,4836,86.0,3,1786573713942,2026-08-13T05:28:33.942
4823,bc2c14bd2bf7551f5633c01663847239,4837,87.0,3,1786573714943,2026-08-13T05:28:34.943
4824,bc2c14bd2bf7551f5633c01663847239,4838,88.0,3,1786573715941,2026-08-13T05:28:35.941
4825,bc2c14bd2bf7551f5633c01663847239,4839,89.0,3,1786573716942,2026-08-13T05:28:36.942
4826,bc2c14bd2bf7551f5633c01663847239,4840,89.0,3,1786573717941,2026-08-13T05:28:37.941
4827,bc2c14bd2bf7551f5633c01663847239,4841,90.0,3,1786573718942,2026-08-13T05:28:38.942
4828,bc2c14bd2bf7551f5633c01663847239,4842,91.0,3,1786573719941,2026-08-13T05:28:39.941
4829,bc2c14bd2bf7551f5633c01663847239,4843,91.0,3,1786573720942,2026-08-13T05:28:40.942
4830,bc2c14bd2bf7551f5633c01663847239,4844,92.0,3,1786573721942,2026-08-13T05:28:41.942
4831,bc2c14bd2bf7551f5633c01663847239,4845,93.0,3,1786573722941,2026-08-13T05:28:42.941
4832,bc2c14bd2bf7551f5633c01663847239,4846,93.0,3,1786573723941,2026-08-13T05:28:43.941
4833,bc2c14bd2bf7551f5633c01663847239,4847,93.0,3,1786573724952,2026-08-13T05:28:44.952
4834,bc2c14bd2bf7551f5633c01663847239,4848,93.0,3,1786573725949,2026-08-13T05:28:45.949
4835,bc2c14bd2bf7551f5633c01663847239,4849,93.0,3,1786573726948,2026-08-13T05:28:46.948
4836,bc2c14bd2bf7551f5633c01663847239,4850,93.0,3,1786573727941,2026-08-13T05:28:47.941
4837,bc2c14bd2bf7551f5633c01663847239,4851,93.0,3,1786573728941,2026-08-13T05:28:48.941
4838,bc2c14bd2bf7551f5633c01663847239,4852,93.0,3,1786573729943,2026-08-13T05:28:49.943
4839,bc2c14bd2bf7551f5633c01663847239,4853,94.0,3,1786573730941,2026-08-13T05:28:50.941
4840,bc2c14bd2bf7551f5633c01663847239,4854,93.0,3,1786573731941,2026-08-13T05:28:51.941
4841,bc2c14bd2bf7551f5633c01663847239,4855,93.0,3,1786573732942,2026-08-13T05:28:52.942
4842,bc2c14bd2bf7551f5633c01663847239,4856,93.0,3,1786573733944,2026-08-13T05:28:53.944
4843,bc2c14bd2bf7551f5633c01663847239,4857,92.0,3,1786573734942,2026-08-13T05:28:54.942
4844,bc2c14bd2bf7551f5633c01663847239,4858,92.0,3,1786573735941,2026-08-13T05:28:55.941
4845,bc2c14bd2bf7551f5633c01663847239,4859,91.0,3,1786573736941,2026-08-13T05:28:56.941
4846,bc2c14bd2bf7551f5633c01663847239,4860,91.0,3,1786573737941,2026-08-13T05:28:57.941
4847,bc2c14bd2bf7551f5633c01663847239,4861,91.0,3,1786573738941,2026-08-13T05:28:58.941
4848,bc2c14bd2bf7551f5633c01663847239,4862,91.0,3,1786573739942,2026-08-13T05:28:59.942
4849,bc2c14bd2bf7551f5633c01663847239,4863,90.0,3,1786573740941,2026-08-13T05:29:00.941
4850,bc2c14bd2bf7551f5633c01663847239,4864,90.0,3,1786573741941,2026-08-13T05:29:01.941
4851,bc2c14bd2bf7551f5633c01663847239,4865,89.0,3,1786573742942,2026-08-13T05:29:02.942
4852,bc2c14bd2bf7551f5633c01663847239,4866,89.0,3,1786573743942,2026-08-13T05:29:03.942
4853,bc2c14bd2bf7551f5633c01663847239,4867,88.0,3,1786573744944,2026-08-13T05:29:04.944
4854,bc2c14bd2bf7551f5633c01663847239,4868,87.0,3,1786573745946,2026-08-13T05:29:05.946
4855,bc2c14bd2bf7551f5633c01663847239,4869,87.0,3,1786573746941,2026-08-13T05:29:06.941
4856,bc2c14bd2bf7551f5633c01663847239,4870,86.0,3,1786573747941,2026-08-13T05:29:07.941
4857,bc2c14bd2bf7551f5633c01663847239,4871,86.0,3,1786573748941,2026-08-13T05:29:08.941
4858,bc2c14bd2bf7551f5633c01663847239,4872,87.0,3,1786573749941,2026-08-13T05:29:09.941
4859,bc2c14bd2bf7551f5633c01663847239,4873,88.0,3,1786573750942,2026-08-13T05:29:10.942
4860,bc2c14bd2bf7551f5633c01663847239,4874,89.0,3,1786573751943,2026-08-13T05:29:11.943
4861,bc2c14bd2bf7551f5633c01663847239,4875,90.0,3,1786573752943,2026-08-13T05:29:12.943
4862,bc2c14bd2bf7551f5633c01663847239,4876,91.0,3,1786573753941,2026-08-13T05:29:13.941
4863,bc2c14bd2bf7551f5633c01663847239,4877,93.0,3,1786573754941,2026-08-13T05:29:14.941
4864,bc2c14bd2bf7551f5633c01663847239,4878,94.0,3,1786573755941,2026-08-13T05:29:15.941
4865,bc2c14bd2bf7551f5633c01663847239,4879,94.0,3,1786573756941,2026-08-13T05:29:16.941
4866,bc2c14bd2bf7551f5633c01663847239,4880,94.0,3,1786573757941,2026-08-13T05:29:17.941
4867,bc2c14bd2bf7551f5633c01663847239,4881,95.0,3,1786573758941,2026-08-13T05:29:18.941
4868,bc2c14bd2bf7551f5633c01663847239,4882,95.0,3,1786573759941,2026-08-13T05:29:19.941
4869,bc2c14bd2bf7551f5633c01663847239,4883,95.0,3,1786573760941,2026-08-13T05:29:20.941
4870,bc2c14bd2bf7551f5633c01663847239,4884,95.0,3,1786573761941,2026-08-13T05:29:21.941
4871,bc2c14bd2bf7551f5633c01663847239,4885,95.0,3,1786573762948,2026-08-13T05:29:22.948
4872,bc2c14bd2bf7551f5633c01663847239,4886,95.0,3,1786573763946,2026-08-13T05:29:23.946
4873,bc2c14bd2bf7551f5633c01663847239,4887,95.0,3,1786573764941,2026-08-13T05:29:24.941
4874,bc2c14bd2bf7551f5633c01663847239,4888,94.0,3,1786573765942,2026-08-13T05:29:25.942
4875,bc2c14bd2bf7551f5633c01663847239,4889,94.0,3,1786573766941,2026-08-13T05:29:26.941
4876,bc2c14bd2bf7551f5633c01663847239,4890,94.0,3,1786573767941,2026-08-13T05:29:27.941
4877,bc2c14bd2bf7551f5633c01663847239,4891,93.0,3,1786573768941,2026-08-13T05:29:28.941
4878,bc2c14bd2bf7551f5633c01663847239,4892,92.0,3,1786573769943,2026-08-13T05:29:29.943
4879,bc2c14bd2bf7551f5633c01663847239,4893,92.0,3,1786573770943,2026-08-13T05:29:30.943
4880,bc2c14bd2bf7551f5633c01663847239,4894,91.0,3,1786573771942,2026-08-13T05:29:31.942
4881,bc2c14bd2bf7551f5633c01663847239,4895,91.0,3,1786573772941,2026-08-13T05:29:32.941
4882,bc2c14bd2bf7551f5633c01663847239,4896,91.0,3,1786573773943,2026-08-13T05:29:33.943
4883,bc2c14bd2bf7551f5633c01663847239,4897,91.0,3,1786573774941,2026-08-13T05:29:34.941
4884,bc2c14bd2bf7551f5633c01663847239,4898,90.0,3,1786573775941,2026-08-13T05:29:35.941
4885,bc2c14bd2bf7551f5633c01663847239,4899,90.0,3,1786573776941,2026-08-13T05:29:36.941
4886,bc2c14bd2bf7551f5633c01663847239,4900,90.0,3,1786573777942,2026-08-13T05:29:37.942
4887,bc2c14bd2bf7551f5633c01663847239,4901,91.0,3,1786573778941,2026-08-13T05:29:38.941
4888,bc2c14bd2bf7551f5633c01663847239,4902,92.0,3,1786573779941,2026-08-13T05:29:39.941
4889,bc2c14bd2bf7551f5633c01663847239,4903,93.0,3,1786573780942,2026-08-13T05:29:40.942
4890,bc2c14bd2bf7551f5633c01663847239,4904,93.0,3,1786573781948,2026-08-13T05:29:41.948
4891,bc2c14bd2bf7551f5633c01663847239,4905,93.0,3,1786573782942,2026-08-13T05:29:42.942
4892,bc2c14bd2bf7551f5633c01663847239,4906,93.0,3,1786573783944,2026-08-13T05:29:43.944
4893,bc2c14bd2bf7551f5633c01663847239,4907,92.0,3,1786573784956,2026-08-13T05:29:44.956
4894,bc2c14bd2bf7551f5633c01663847239,4908,92.0,3,1786573785941,2026-08-13T05:29:45.941
4895,bc2c14bd2bf7551f5633c01663847239,4909,91.0,3,1786573786942,2026-08-13T05:29:46.942
4896,bc2c14bd2bf7551f5633c01663847239,4910,90.0,3,1786573787944,2026-08-13T05:29:47.944
4897,bc2c14bd2bf7551f5633c01663847239,4911,90.0,3,1786573788942,2026-08-13T05:29:48.942
4898,bc2c14bd2bf7551f5633c01663847239,4912,89.0,3,1786573789941,2026-08-13T05:29:49.941
4899,bc2c14bd2bf7551f5633c01663847239,4913,90.0,3,1786573790941,2026-08-13T05:29:50.941
4900,bc2c14bd2bf7551f5633c01663847239,4914,89.0,3,1786573791941,2026-08-13T05:29:51.941
4901,bc2c14bd2bf7551f5633c01663847239,4915,90.0,3,1786573792941,2026-08-13T05:29:52.941
4902,bc2c14bd2bf7551f5633c01663847239,4916,91.0,3,1786573793941,2026-08-13T05:29:53.941
4903,bc2c14bd2bf7551f5633c01663847239,4917,91.0,3,1786573794950,2026-08-13T05:29:54.950
4904,bc2c14bd2bf7551f5633c01663847239,4918,90.0,3,1786573795948,2026-08-13T05:29:55.948
4905,bc2c14bd2bf7551f5633c01663847239,4919,89.0,3,1786573796946,2026-08-13T05:29:56.946
4906,bc2c14bd2bf7551f5633c01663847239,4920,89.0,3,1786573797943,2026-08-13T05:29:57.943
4907,bc2c14bd2bf7551f5633c01663847239,4921,90.0,3,1786573798941,2026-08-13T05:29:58.941
4908,bc2c14bd2bf7551f5633c01663847239,4922,92.0,3,1786573799941,2026-08-13T05:29:59.941
4909,bc2c14bd2bf7551f5633c01663847239,4923,92.0,3,1786573800941,2026-08-13T05:30:00.941
4910,bc2c14bd2bf7551f5633c01663847239,4924,92.0,3,1786573801942,2026-08-13T05:30:01.942
4911,bc2c14bd2bf7551f5633c01663847239,4925,91.0,3,1786573802943,2026-08-13T05:30:02.943
4912,bc2c14bd2bf7551f5633c01663847239,4926,90.0,3,1786573803941,2026-08-13T05:30:03.941
4913,bc2c14bd2bf7551f5633c01663847239,4927,89.0,3,1786573804942,2026-08-13T05:30:04.942
4914,bc2c14bd2bf7551f5633c01663847239,4928,88.0,3,1786573805941,2026-08-13T05:30:05.941
4915,bc2c14bd2bf7551f5633c01663847239,4929,88.0,3,1786573806943,2026-08-13T05:30:06.943
4916,bc2c14bd2bf7551f5633c01663847239,4930,88.0,3,1786573807942,2026-08-13T05:30:07.942
4917,bc2c14bd2bf7551f5633c01663847239,4931,88.0,3,1786573808942,2026-08-13T05:30:08.942
4918,bc2c14bd2bf7551f5633c01663847239,4932,88.0,3,1786573809948,2026-08-13T05:30:09.948
4919,bc2c14bd2bf7551f5633c01663847239,4933,87.0,3,1786573810947,2026-08-13T05:30:10.947
4920,bc2c14bd2bf7551f5633c01663847239,4934,87.0,3,1786573811941,2026-08-13T05:30:11.941
4921,bc2c14bd2bf7551f5633c01663847239,4935,86.0,3,1786573812941,2026-08-13T05:30:12.941
4922,bc2c14bd2bf7551f5633c01663847239,4936,86.0,3,1786573813941,2026-08-13T05:30:13.941
4923,bc2c14bd2bf7551f5633c01663847239,4937,85.0,3,1786573814942,2026-08-13T05:30:14.942
4924,bc2c14bd2bf7551f5633c01663847239,4938,85.0,3,1786573815942,2026-08-13T05:30:15.942
4925,bc2c14bd2bf7551f5633c01663847239,4939,85.0,3,1786573816942,2026-08-13T05:30:16.942
4926,bc2c14bd2bf7551f5633c01663847239,4940,85.0,3,1786573817942,2026-08-13T05:30:17.942
4927,bc2c14bd2bf7551f5633c01663847239,4941,85.0,3,1786573818941,2026-08-13T05:30:18.941
4928,bc2c14bd2bf7551f5633c01663847239,4942,86.0,3,1786573819942,2026-08-13T05:30:19.942
4929,bc2c14bd2bf7551f5633c01663847239,4943,86.0,3,1786573820941,2026-08-13T05:30:20.941
4930,bc2c14bd2bf7551f5633c01663847239,4944,87.0,3,1786573821941,2026-08-13T05:30:21.941
4931,bc2c14bd2bf7551f5633c01663847239,4945,87.0,3,1786573822941,2026-08-13T05:30:22.941
4932,bc2c14bd2bf7551f5633c01663847239,4946,87.0,3,1786573823950,2026-08-13T05:30:23.950
4933,bc2c14bd2bf7551f5633c01663847239,4947,87.0,3,1786573824948,2026-08-13T05:30:24.948
4934,bc2c14bd2bf7551f5633c01663847239,4948,87.0,3,1786573825948,2026-08-13T05:30:25.948
4935,bc2c14bd2bf7551f5633c01663847239,4949,87.0,3,1786573826945,2026-08-13T05:30:26.945
4936,bc2c14bd2bf7551f5633c01663847239,4950,87.0,3,1786573827945,2026-08-13T05:30:27.945
4937,bc2c14bd2bf7551f5633c01663847239,4951,88.0,3,1786573828952,2026-08-13T05:30:28.952
4938,bc2c14bd2bf7551f5633c01663847239,4952,88.0,3,1786573829941,2026-08-13T05:30:29.941
4939,bc2c14bd2bf7551f5633c01663847239,4953,89.0,3,1786573830941,2026-08-13T05:30:30.941
4940,bc2c14bd2bf7551f5633c01663847239,4954,89.0,3,1786573831941,2026-08-13T05:30:31.941
4941,bc2c14bd2bf7551f5633c01663847239,4955,89.0,3,1786573832942,2026-08-13T05:30:32.942
4942,bc2c14bd2bf7551f5633c01663847239,4956,90.0,3,1786573833942,2026-08-13T05:30:33.942
4943,bc2c14bd2bf7551f5633c01663847239,4957,91.0,3,1786573834943,2026-08-13T05:30:34.943
4944,bc2c14bd2bf7551f5633c01663847239,4958,92.0,3,1786573835942,2026-08-13T05:30:35.942
4945,bc2c14bd2bf7551f5633c01663847239,4959,93.0,3,1786573836942,2026-08-13T05:30:36.942
4946,bc2c14bd2bf7551f5633c01663847239,4960,92.0,3,1786573837941,2026-08-13T05:30:37.941
4947,bc2c14bd2bf7551f5633c01663847239,4961,91.0,3,1786573838942,2026-08-13T05:30:38.942
4948,bc2c14bd2bf7551f5633c01663847239,4962,91.0,3,1786573839941,2026-08-13T05:30:39.941
4949,bc2c14bd2bf7551f5633c01663847239,4963,90.0,3,1786573840942,2026-08-13T05:30:40.942
4950,bc2c14bd2bf7551f5633c01663847239,4964,89.0,3,1786573841944,2026-08-13T05:30:41.944
4951,bc2c14bd2bf7551f5633c01663847239,4965,89.0,3,1786573842941,2026-08-13T05:30:42.941
4952,bc2c14bd2bf7551f5633c01663847239,4966,88.0,3,1786573843942,2026-08-13T05:30:43.942
4953,bc2c14bd2bf7551f5633c01663847239,4967,88.0,3,1786573844942,2026-08-13T05:30:44.942
4954,bc2c14bd2bf7551f5633c01663847239,4968,88.0,3,1786573845942,2026-08-13T05:30:45.942
4955,bc2c14bd2bf7551f5633c01663847239,4969,89.0,3,1786573846952,2026-08-13T05:30:46.952
4956,bc2c14bd2bf7551f5633c01663847239,4970,90.0,3,1786573847948,2026-08-13T05:30:47.948
4957,bc2c14bd2bf7551f5633c01663847239,4971,91.0,3,1786573848946,2026-08-13T05:30:48.946
4958,bc2c14bd2bf7551f5633c01663847239,4972,92.0,3,1786573849944,2026-08-13T05:30:49.944
4959,bc2c14bd2bf7551f5633c01663847239,4973,92.0,3,1786573850944,2026-08-13T05:30:50.944
4960,bc2c14bd2bf7551f5633c01663847239,4974,91.0,3,1786573851942,2026-08-13T05:30:51.942
4961,bc2c14bd2bf7551f5633c01663847239,4975,90.0,3,1786573852942,2026-08-13T05:30:52.942
4962,bc2c14bd2bf7551f5633c01663847239,4976,89.0,3,1786573853941,2026-08-13T05:30:53.941
4963,bc2c14bd2bf7551f5633c01663847239,4977,88.0,3,1786573854941,2026-08-13T05:30:54.941
4964,bc2c14bd2bf7551f5633c01663847239,4978,88.0,3,1786573855942,2026-08-13T05:30:55.942
4965,bc2c14bd2bf7551f5633c01663847239,4979,88.0,3,1786573856944,2026-08-13T05:30:56.944
4966,bc2c14bd2bf7551f5633c01663847239,4980,88.0,3,1786573857941,2026-08-13T05:30:57.941
4967,bc2c14bd2bf7551f5633c01663847239,4981,88.0,3,1786573858941,2026-08-13T05:30:58.941
4968,bc2c14bd2bf7551f5633c01663847239,4982,88.0,3,1786573859942,2026-08-13T05:30:59.942
4969,bc2c14bd2bf7551f5633c01663847239,4983,89.0,3,1786573860942,2026-08-13T05:31:00.942
4970,bc2c14bd2bf7551f5633c01663847239,4984,90.0,3,1786573861941,2026-08-13T05:31:01.941
4971,bc2c14bd2bf7551f5633c01663847239,4985,90.0,3,1786573862942,2026-08-13T05:31:02.942
4972,bc2c14bd2bf7551f5633c01663847239,4986,91.0,3,1786573863948,2026-08-13T05:31:03.948
4973,bc2c14bd2bf7551f5633c01663847239,4987,91.0,3,1786573864943,2026-08-13T05:31:04.943
4974,bc2c14bd2bf7551f5633c01663847239,4988,91.0,3,1786573865942,2026-08-13T05:31:05.942
4975,bc2c14bd2bf7551f5633c01663847239,4989,91.0,3,1786573866941,2026-08-13T05:31:06.941
4976,bc2c14bd2bf7551f5633c01663847239,4990,91.0,3,1786573867941,2026-08-13T05:31:07.941
4977,bc2c14bd2bf7551f5633c01663847239,4991,91.0,3,1786573868947,2026-08-13T05:31:08.947
4978,bc2c14bd2bf7551f5633c01663847239,4992,91.0,3,1786573869942,2026-08-13T05:31:09.942
4979,bc2c14bd2bf7551f5633c01663847239,4993,92.0,3,1786573870941,2026-08-13T05:31:10.941
4980,bc2c14bd2bf7551f5633c01663847239,4994,92.0,3,1786573871941,2026-08-13T05:31:11.941
4981,bc2c14bd2bf7551f5633c01663847239,4995,92.0,3,1786573872942,2026-08-13T05:31:12.942
4982,bc2c14bd2bf7551f5633c01663847239,4996,92.0,3,1786573873941,2026-08-13T05:31:13.941
4983,bc2c14bd2bf7551f5633c01663847239,4997,92.0,3,1786573874941,2026-08-13T05:31:14.941
4984,bc2c14bd2bf7551f5633c01663847239,4998,92.0,3,1786573875941,2026-08-13T05:31:15.941
4985,bc2c14bd2bf7551f5633c01663847239,4999,92.0,3,1786573876951,2026-08-13T05:31:16.951
4986,bc2c14bd2bf7551f5633c01663847239,5000,91.0,3,1786573877960,2026-08-13T05:31:17.960
4987,bc2c14bd2bf7551f5633c01663847239,5001,90.0,3,1786573878946,2026-08-13T05:31:18.946
4988,bc2c14bd2bf7551f5633c01663847239,5002,90.0,3,1786573879941,2026-08-13T05:31:19.941
4989,bc2c14bd2bf7551f5633c01663847239,5003,90.0,3,1786573880942,2026-08-13T05:31:20.942
4990,bc2c14bd2bf7551f5633c01663847239,5004,90.0,3,1786573881942,2026-08-13T05:31:21.942
4991,bc2c14bd2bf7551f5633c01663847239,5005,90.0,3,1786573882941,2026-08-13T05:31:22.941
4992,bc2c14bd2bf7551f5633c01663847239,5006,90.0,3,1786573883942,2026-08-13T05:31:23.942
4993,bc2c14bd2bf7551f5633c01663847239,5007,90.0,3,1786573884943,2026-08-13T05:31:24.943
4994,bc2c14bd2bf7551f5633c01663847239,5008,90.0,3,1786573885942,2026-08-13T05:31:25.942
4995,bc2c14bd2bf7551f5633c01663847239,5009,89.0,3,1786573886943,2026-08-13T05:31:26.943
4996,bc2c14bd2bf7551f5633c01663847239,5010,89.0,3,1786573887941,2026-08-13T05:31:27.941
4997,bc2c14bd2bf7551f5633c01663847239,5011,88.0,3,1786573888941,2026-08-13T05:31:28.941
4998,bc2c14bd2bf7551f5633c01663847239,5012,88.0,3,1786573889941,2026-08-13T05:31:29.941
4999,bc2c14bd2bf7551f5633c01663847239,5013,88.0,3,1786573890942,2026-08-13T05:31:30.942
5000,bc2c14bd2bf7551f5633c01663847239,5014,88.0,3,1786573891941,2026-08-13T05:31:31.941
5001,bc2c14bd2bf7551f5633c01663847239,5015,88.0,3,1786573892941,2026-08-13T05:31:32.941
5002,bc2c14bd2bf7551f5633c01663847239,5016,88.0,3,1786573893941,2026-08-13T05:31:33.941
5003,bc2c14bd2bf7551f5633c01663847239,5017,88.0,3,1786573894941,2026-08-13T05:31:34.941
5004,bc2c14bd2bf7551f5633c01663847239,5018,88.0,3,1786573895941,2026-08-13T05:31:35.941
5005,bc2c14bd2bf7551f5633c01663847239,5019,88.0,3,1786573896951,2026-08-13T05:31:36.951
5006,bc2c14bd2bf7551f5633c01663847239,5020,88.0,3,1786573897947,2026-08-13T05:31:37.947
5007,bc2c14bd2bf7551f5633c01663847239,5021,87.0,3,1786573898942,2026-08-13T05:31:38.942
5008,bc2c14bd2bf7551f5633c01663847239,5022,88.0,3,1786573899940,2026-08-13T05:31:39.940
5009,bc2c14bd2bf7551f5633c01663847239,5023,89.0,3,1786573900946,2026-08-13T05:31:40.946
5010,bc2c14bd2bf7551f5633c01663847239,5024,89.0,3,1786573901945,2026-08-13T05:31:41.945
5011,bc2c14bd2bf7551f5633c01663847239,5025,90.0,3,1786573902945,2026-08-13T05:31:42.945
5012,bc2c14bd2bf7551f5633c01663847239,5026,91.0,3,1786573903941,2026-08-13T05:31:43.941
5013,bc2c14bd2bf7551f5633c01663847239,5027,92.0,3,1786573904941,2026-08-13T05:31:44.941
5014,bc2c14bd2bf7551f5633c01663847239,5028,92.0,3,1786573905941,2026-08-13T05:31:45.941
5015,bc2c14bd2bf7551f5633c01663847239,5029,92.0,3,1786573906941,2026-08-13T05:31:46.941
5016,bc2c14bd2bf7551f5633c01663847239,5030,92.0,3,1786573907941,2026-08-13T05:31:47.941
5017,bc2c14bd2bf7551f5633c01663847239,5031,92.0,3,1786573908942,2026-08-13T05:31:48.942
5018,bc2c14bd2bf7551f5633c01663847239,5032,93.0,3,1786573909943,2026-08-13T05:31:49.943
5019,bc2c14bd2bf7551f5633c01663847239,5033,93.0,3,1786573910941,2026-08-13T05:31:50.941
5020,bc2c14bd2bf7551f5633c01663847239,5034,92.0,3,1786573911942,2026-08-13T05:31:51.942
5021,bc2c14bd2bf7551f5633c01663847239,5035,92.0,3,1786573912941,2026-08-13T05:31:52.941
5022,bc2c14bd2bf7551f5633c01663847239,5036,91.0,3,1786573913941,2026-08-13T05:31:53.941
5023,bc2c14bd2bf7551f5633c01663847239,5037,91.0,3,1786573914942,2026-08-13T05:31:54.942
5024,bc2c14bd2bf7551f5633c01663847239,5038,90.0,3,1786573915941,2026-08-13T05:31:55.941
5025,bc2c14bd2bf7551f5633c01663847239,5039,90.0,3,1786573916941,2026-08-13T05:31:56.941
5026,bc2c14bd2bf7551f5633c01663847239,5040,90.0,3,1786573917941,2026-08-13T05:31:57.941
5027,bc2c14bd2bf7551f5633c01663847239,5041,89.0,3,1786573918941,2026-08-13T05:31:58.941
