id,device_id,bpm,accuracy,time_ms,time_iso,synced,fresh
3784,bc2c14bd2bf7551f5633c01663847239,84.0,3,1786572661941,2026-08-13T05:11:01.941,1,1
3785,bc2c14bd2bf7551f5633c01663847239,84.0,-1,1786572662941,2026-08-13T05:11:02.941,1,0
3786,bc2c14bd2bf7551f5633c01663847239,84.0,-1,1786572663941,2026-08-13T05:11:03.941,1,0
3787,bc2c14bd2bf7551f5633c01663847239,84.0,-1,1786572664941,2026-08-13T05:11:04.941,1,0
3788,bc2c14bd2bf7551f5633c01663847239,92.0,3,1786572665942,2026-08-13T05:11:05.942,1,1
3789,bc2c14bd2bf7551f5633c01663847239,93.0,3,1786572666941,2026-08-13T05:11:06.941,1,1
3790,bc2c14bd2bf7551f5633c01663847239,92.0,3,1786572667940,2026-08-13T05:11:07.940,1,1
3791,bc2c14bd2bf7551f5633c01663847239,92.0,3,1786572668941,2026-08-13T05:11:08.941,1,1
3792,bc2c14bd2bf7551f5633c01663847239,92.0,3,1786572669945,2026-08-13T05:11:09.945,1,1
3793,bc2c14bd2bf7551f5633c01663847239,92.0,3,1786572670941,2026-08-13T05:11:10.941,1,1
3794,bc2c14bd2bf7551f5633c01663847239,92.0,3,1786572671941,2026-08-13T05:11:11.941,1,1
3795,bc2c14bd2bf7551f5633c01663847239,91.0,3,1786572672942,2026-08-13T05:11:12.942,1,1
3796,bc2c14bd2bf7551f5633c01663847239,91.0,3,1786572673941,2026-08-13T05:11:13.941,1,1
3797,bc2c14bd2bf7551f5633c01663847239,91.0,3,1786572674941,2026-08-13T05:11:14.941,1,1
3798,bc2c14bd2bf7551f5633c01663847239,91.0,3,1786572675941,2026-08-13T05:11:15.941,1,1
3799,bc2c14bd2bf7551f5633c01663847239,91.0,3,1786572676941,2026-08-13T05:11:16.941,1,1
3800,bc2c14bd2bf7551f5633c01663847239,91.0,3,1786572677941,2026-08-13T05:11:17.941,1,1
3801,bc2c14bd2bf7551f5633c01663847239,91.0,3,1786572678940,2026-08-13T05:11:18.940,1,1
3802,bc2c14bd2bf7551f5633c01663847239,92.0,3,1786572679941,2026-08-13T05:11:19.941,1,1
3803,bc2c14bd2bf7551f5633c01663847239,92.0,3,1786572680941,2026-08-13T05:11:20.941,1,1
3804,bc2c14bd2bf7551f5633c01663847239,92.0,3,1786572681941,2026-08-13T05:11:21.941,1,1
3805,bc2c14bd2bf7551f5633c01663847239,92.0,3,1786572682942,2026-08-13T05:11:22.942,1,1
3806,bc2c14bd2bf7551f5633c01663847239,92.0,3,1786572683946,2026-08-13T05:11:23.946,1,1
3807,bc2c14bd2bf7551f5633c01663847239,92.0,3,1786572684941,2026-08-13T05:11:24.941,1,1
3808,bc2c14bd2bf7551f5633c01663847239,92.0,3,1786572685941,2026-08-13T05:11:25.941,1,1
3809,bc2c14bd2bf7551f5633c01663847239,92.0,3,1786572686941,2026-08-13T05:11:26.941,1,1
3810,bc2c14bd2bf7551f5633c01663847239,92.0,3,1786572687941,2026-08-13T05:11:27.941,1,1
3811,bc2c14bd2bf7551f5633c01663847239,93.0,3,1786572688941,2026-08-13T05:11:28.941,1,1
3812,bc2c14bd2bf7551f5633c01663847239,94.0,3,1786572689941,2026-08-13T05:11:29.941,1,1
3813,bc2c14bd2bf7551f5633c01663847239,96.0,3,1786572690941,2026-08-13T05:11:30.941,1,1
3814,bc2c14bd2bf7551f5633c01663847239,97.0,3,1786572691940,2026-08-13T05:11:31.940,1,1
3815,bc2c14bd2bf7551f5633c01663847239,97.0,3,1786572692940,2026-08-13T05:11:32.940,1,1
3816,bc2c14bd2bf7551f5633c01663847239,97.0,3,1786572693941,2026-08-13T05:11:33.941,1,1
3817,bc2c14bd2bf7551f5633c01663847239,97.0,3,1786572694944,2026-08-13T05:11:34.944,1,1
3818,bc2c14bd2bf7551f5633c01663847239,97.0,3,1786572695942,2026-08-13T05:11:35.942,1,1
3819,bc2c14bd2bf7551f5633c01663847239,96.0,3,1786572696940,2026-08-13T05:11:36.940,1,1
3820,bc2c14bd2bf7551f5633c01663847239,95.0,3,1786572697941,2026-08-13T05:11:37.941,1,1
3821,bc2c14bd2bf7551f5633c01663847239,94.0,3,1786572698941,2026-08-13T05:11:38.941,1,1
3822,bc2c14bd2bf7551f5633c01663847239,93.0,3,1786572699943,2026-08-13T05:11:39.943,1,1
3823,bc2c14bd2bf7551f5633c01663847239,93.0,3,1786572700950,2026-08-13T05:11:40.950,1,1
3824,bc2c14bd2bf7551f5633c01663847239,92.0,3,1786572701946,2026-08-13T05:11:41.946,1,1
3825,bc2c14bd2bf7551f5633c01663847239,91.0,3,1786572702941,2026-08-13T05:11:42.941,1,1
3826,bc2c14bd2bf7551f5633c01663847239,92.0,3,1786572703941,2026-08-13T05:11:43.941,1,1
3827,bc2c14bd2bf7551f5633c01663847239,92.0,3,1786572704941,2026-08-13T05:11:44.941,1,1
3828,bc2c14bd2bf7551f5633c01663847239,91.0,3,1786572705943,2026-08-13T05:11:45.943,1,1
3829,bc2c14bd2bf7551f5633c01663847239,91.0,3,1786572706943,2026-08-13T05:11:46.943,1,1
3830,bc2c14bd2bf7551f5633c01663847239,91.0,3,1786572707943,2026-08-13T05:11:47.943,1,1
3831,bc2c14bd2bf7551f5633c01663847239,92.0,3,1786572708943,2026-08-13T05:11:48.943,1,1
3832,bc2c14bd2bf7551f5633c01663847239,91.0,3,1786572709941,2026-08-13T05:11:49.941,1,1
3833,bc2c14bd2bf7551f5633c01663847239,91.0,3,1786572710943,2026-08-13T05:11:50.943,1,1
3834,bc2c14bd2bf7551f5633c01663847239,90.0,3,1786572711941,2026-08-13T05:11:51.941,1,1
3835,bc2c14bd2bf7551f5633c01663847239,89.0,3,1786572712948,2026-08-13T05:11:52.948,1,1
3836,bc2c14bd2bf7551f5633c01663847239,88.0,3,1786572713940,2026-08-13T05:11:53.940,1,1
3837,bc2c14bd2bf7551f5633c01663847239,88.0,3,1786572714941,2026-08-13T05:11:54.941,1,1
3838,bc2c14bd2bf7551f5633c01663847239,88.0,3,1786572715942,2026-08-13T05:11:55.942,1,1
3839,bc2c14bd2bf7551f5633c01663847239,88.0,3,1786572716942,2026-08-13T05:11:56.942,1,1
3840,bc2c14bd2bf7551f5633c01663847239,88.0,3,1786572717941,2026-08-13T05:11:57.941,1,1
3841,bc2c14bd2bf7551f5633c01663847239,90.0,3,1786572718941,2026-08-13T05:11:58.941,1,1
3842,bc2c14bd2bf7551f5633c01663847239,91.0,3,1786572719941,2026-08-13T05:11:59.941,1,1
3843,bc2c14bd2bf7551f5633c01663847239,93.0,3,1786572720941,2026-08-13T05:12:00.941,1,1
3844,bc2c14bd2bf7551f5633c01663847239,93.0,3,1786572721941,2026-08-13T05:12:01.941,1,1
3845,bc2c14bd2bf7551f5633c01663847239,92.0,3,1786572722948,2026-08-13T05:12:02.948,1,1
3846,bc2c14bd2bf7551f5633c01663847239,91.0,3,1786572723951,2026-08-13T05:12:03.951,1,1
3847,bc2c14bd2bf7551f5633c01663847239,92.0,3,1786572724951,2026-08-13T05:12:04.951,1,1
3848,bc2c14bd2bf7551f5633c01663847239,93.0,3,1786572725948,2026-08-13T05:12:05.948,1,1
3849,bc2c14bd2bf7551f5633c01663847239,95.0,3,1786572726949,2026-08-13T05:12:06.949,1,1
3850,bc2c14bd2bf7551f5633c01663847239,94.0,3,1786572727948,2026-08-13T05:12:07.948,1,1
3851,bc2c14bd2bf7551f5633c01663847239,92.0,3,1786572728949,2026-08-13T05:12:08.949,1,1
3852,bc2c14bd2bf7551f5633c01663847239,90.0,3,1786572729946,2026-08-13T05:12:09.946,1,1
3853,bc2c14bd2bf7551f5633c01663847239,88.0,3,1786572730949,2026-08-13T05:12:10.949,1,1
3854,bc2c14bd2bf7551f5633c01663847239,87.0,3,1786572731941,2026-08-13T05:12:11.941,1,1
3855,bc2c14bd2bf7551f5633c01663847239,87.0,3,1786572732944,2026-08-13T05:12:12.944,1,1
3856,bc2c14bd2bf7551f5633c01663847239,86.0,3,1786572733943,2026-08-13T05:12:13.943,1,1
3857,bc2c14bd2bf7551f5633c01663847239,86.0,3,1786572734942,2026-08-13T05:12:14.942,1,1
3858,bc2c14bd2bf7551f5633c01663847239,87.0,3,1786572735942,2026-08-13T05:12:15.942,1,1
3859,bc2c14bd2bf7551f5633c01663847239,87.0,3,1786572736941,2026-08-13T05:12:16.941,1,1
3860,bc2c14bd2bf7551f5633c01663847239,87.0,3,1786572737942,2026-08-13T05:12:17.942,1,1
3861,bc2c14bd2bf7551f5633c01663847239,87.0,3,1786572738941,2026-08-13T05:12:18.941,1,1
3862,bc2c14bd2bf7551f5633c01663847239,87.0,3,1786572739941,2026-08-13T05:12:19.941,1,1
3863,bc2c14bd2bf7551f5633c01663847239,88.0,3,1786572740943,2026-08-13T05:12:20.943,1,1
3864,bc2c14bd2bf7551f5633c01663847239,88.0,3,1786572741942,2026-08-13T05:12:21.942,1,1
3865,bc2c14bd2bf7551f5633c01663847239,89.0,3,1786572742941,2026-08-13T05:12:22.941,1,1
3866,bc2c14bd2bf7551f5633c01663847239,89.0,3,1786572743941,2026-08-13T05:12:23.941,1,1
3867,bc2c14bd2bf7551f5633c01663847239,89.0,3,1786572744942,2026-08-13T05:12:24.942,1,1
3868,bc2c14bd2bf7551f5633c01663847239,90.0,3,1786572745942,2026-08-13T05:12:25.942,1,1
3869,bc2c14bd2bf7551f5633c01663847239,90.0,3,1786572746942,2026-08-13T05:12:26.942,1,1
3870,bc2c14bd2bf7551f5633c01663847239,91.0,3,1786572747942,2026-08-13T05:12:27.942,1,1
3871,bc2c14bd2bf7551f5633c01663847239,91.0,3,1786572748942,2026-08-13T05:12:28.942,1,1
3872,bc2c14bd2bf7551f5633c01663847239,92.0,3,1786572749941,2026-08-13T05:12:29.941,1,1
3873,bc2c14bd2bf7551f5633c01663847239,93.0,3,1786572750941,2026-08-13T05:12:30.941,1,1
3874,bc2c14bd2bf7551f5633c01663847239,94.0,3,1786572751950,2026-08-13T05:12:31.950,1,1
3875,bc2c14bd2bf7551f5633c01663847239,94.0,3,1786572752948,2026-08-13T05:12:32.948,1,1
3876,bc2c14bd2bf7551f5633c01663847239,95.0,3,1786572753942,2026-08-13T05:12:33.942,1,1
3877,bc2c14bd2bf7551f5633c01663847239,95.0,3,1786572754945,2026-08-13T05:12:34.945,1,1
3878,bc2c14bd2bf7551f5633c01663847239,94.0,3,1786572755943,2026-08-13T05:12:35.943,1,1
3879,bc2c14bd2bf7551f5633c01663847239,94.0,3,1786572756941,2026-08-13T05:12:36.941,1,1
3880,bc2c14bd2bf7551f5633c01663847239,94.0,3,1786572757941,2026-08-13T05:12:37.941,1,1
3881,bc2c14bd2bf7551f5633c01663847239,95.0,3,1786572758941,2026-08-13T05:12:38.941,1,1
3882,bc2c14bd2bf7551f5633c01663847239,94.0,3,1786572759944,2026-08-13T05:12:39.944,1,1
3883,bc2c14bd2bf7551f5633c01663847239,93.0,3,1786572760943,2026-08-13T05:12:40.943,1,1
3884,bc2c14bd2bf7551f5633c01663847239,94.0,3,1786572761941,2026-08-13T05:12:41.941,1,1
3885,bc2c14bd2bf7551f5633c01663847239,93.0,3,1786572762942,2026-08-13T05:12:42.942,1,1
3886,bc2c14bd2bf7551f5633c01663847239,92.0,3,1786572763942,2026-08-13T05:12:43.942,1,1
3887,bc2c14bd2bf7551f5633c01663847239,92.0,3,1786572764941,2026-08-13T05:12:44.941,1,1
3888,bc2c14bd2bf7551f5633c01663847239,93.0,3,1786572765942,2026-08-13T05:12:45.942,1,1
3889,bc2c14bd2bf7551f5633c01663847239,93.0,3,1786572766941,2026-08-13T05:12:46.941,1,1
3890,bc2c14bd2bf7551f5633c01663847239,93.0,3,1786572767941,2026-08-13T05:12:47.941,1,1
3891,bc2c14bd2bf7551f5633c01663847239,91.0,3,1786572768942,2026-08-13T05:12:48.942,1,1
3892,bc2c14bd2bf7551f5633c01663847239,90.0,3,1786572769941,2026-08-13T05:12:49.941,1,1
3893,bc2c14bd2bf7551f5633c01663847239,90.0,3,1786572770950,2026-08-13T05:12:50.950,1,1
3894,bc2c14bd2bf7551f5633c01663847239,90.0,3,1786572771948,2026-08-13T05:12:51.948,1,1
3895,bc2c14bd2bf7551f5633c01663847239,91.0,3,1786572772948,2026-08-13T05:12:52.948,1,1
3896,bc2c14bd2bf7551f5633c01663847239,91.0,3,1786572773947,2026-08-13T05:12:53.947,1,1
3897,bc2c14bd2bf7551f5633c01663847239,92.0,3,1786572774941,2026-08-13T05:12:54.941,1,1
3898,bc2c14bd2bf7551f5633c01663847239,93.0,3,1786572775944,2026-08-13T05:12:55.944,1,1
3899,bc2c14bd2bf7551f5633c01663847239,93.0,3,1786572776944,2026-08-13T05:12:56.944,1,1
3900,bc2c14bd2bf7551f5633c01663847239,93.0,3,1786572777943,2026-08-13T05:12:57.943,1,1
3901,bc2c14bd2bf7551f5633c01663847239,94.0,3,1786572778944,2026-08-13T05:12:58.944,1,1
3902,bc2c14bd2bf7551f5633c01663847239,95.0,3,1786572779943,2026-08-13T05:12:59.943,1,1
3903,bc2c14bd2bf7551f5633c01663847239,95.0,3,1786572780944,2026-08-13T05:13:00.944,1,1
3904,bc2c14bd2bf7551f5633c01663847239,95.0,3,1786572781944,2026-08-13T05:13:01.944,1,1
3905,bc2c14bd2bf7551f5633c01663847239,96.0,3,1786572782941,2026-08-13T05:13:02.941,1,1
3906,bc2c14bd2bf7551f5633c01663847239,97.0,3,1786572783943,2026-08-13T05:13:03.943,1,1
3907,bc2c14bd2bf7551f5633c01663847239,98.0,3,1786572784943,2026-08-13T05:13:04.943,1,1
3908,bc2c14bd2bf7551f5633c01663847239,98.0,3,1786572785941,2026-08-13T05:13:05.941,1,1
3909,bc2c14bd2bf7551f5633c01663847239,100.0,3,1786572786942,2026-08-13T05:13:06.942,1,1
3910,bc2c14bd2bf7551f5633c01663847239,101.0,3,1786572787941,2026-08-13T05:13:07.941,1,1
3911,bc2c14bd2bf7551f5633c01663847239,102.0,3,1786572788941,2026-08-13T05:13:08.941,1,1
3912,bc2c14bd2bf7551f5633c01663847239,102.0,3,1786572789942,2026-08-13T05:13:09.942,1,1
3913,bc2c14bd2bf7551f5633c01663847239,102.0,3,1786572790941,2026-08-13T05:13:10.941,1,1
3914,bc2c14bd2bf7551f5633c01663847239,101.0,3,1786572791942,2026-08-13T05:13:11.942,1,1
3915,bc2c14bd2bf7551f5633c01663847239,101.0,3,1786572792941,2026-08-13T05:13:12.941,1,1
3916,bc2c14bd2bf7551f5633c01663847239,100.0,3,1786572793941,2026-08-13T05:13:13.941,1,1
3917,bc2c14bd2bf7551f5633c01663847239,99.0,3,1786572794941,2026-08-13T05:13:14.941,1,1
3918,bc2c14bd2bf7551f5633c01663847239,98.0,3,1786572795960,2026-08-13T05:13:15.960,1,1
3919,bc2c14bd2bf7551f5633c01663847239,97.0,3,1786572796946,2026-08-13T05:13:16.946,1,1
3920,bc2c14bd2bf7551f5633c01663847239,97.0,3,1786572797946,2026-08-13T05:13:17.946,1,1
3921,bc2c14bd2bf7551f5633c01663847239,96.0,3,1786572798941,2026-08-13T05:13:18.941,1,1
3922,bc2c14bd2bf7551f5633c01663847239,96.0,3,1786572799941,2026-08-13T05:13:19.941,1,1
3923,bc2c14bd2bf7551f5633c01663847239,96.0,3,1786572800941,2026-08-13T05:13:20.941,1,1
3924,bc2c14bd2bf7551f5633c01663847239,96.0,3,1786572801941,2026-08-13T05:13:21.941,1,1
3925,bc2c14bd2bf7551f5633c01663847239,97.0,3,1786572802944,2026-08-13T05:13:22.944,1,1
3926,bc2c14bd2bf7551f5633c01663847239,98.0,3,1786572803953,2026-08-13T05:13:23.953,1,1
3927,bc2c14bd2bf7551f5633c01663847239,99.0,3,1786572804942,2026-08-13T05:13:24.942,1,1
3928,bc2c14bd2bf7551f5633c01663847239,100.0,3,1786572805942,2026-08-13T05:13:25.942,1,1
3929,bc2c14bd2bf7551f5633c01663847239,100.0,3,1786572806943,2026-08-13T05:13:26.943,1,1
3930,bc2c14bd2bf7551f5633c01663847239,99.0,3,1786572807942,2026-08-13T05:13:27.942,1,1
3931,bc2c14bd2bf7551f5633c01663847239,99.0,3,1786572808941,2026-08-13T05:13:28.941,1,1
3932,bc2c14bd2bf7551f5633c01663847239,99.0,3,1786572809948,2026-08-13T05:13:29.948,1,1
3933,bc2c14bd2bf7551f5633c01663847239,99.0,3,1786572810941,2026-08-13T05:13:30.941,1,1
3934,bc2c14bd2bf7551f5633c01663847239,99.0,3,1786572811941,2026-08-13T05:13:31.941,1,1
3935,bc2c14bd2bf7551f5633c01663847239,100.0,3,1786572812941,2026-08-13T05:13:32.941,1,1
3936,bc2c14bd2bf7551f5633c01663847239,99.0,3,1786572813941,2026-08-13T05:13:33.941,1,1
3937,bc2c14bd2bf7551f5633c01663847239,98.0,3,1786572814941,2026-08-13T05:13:34.941,1,1
3938,bc2c14bd2bf7551f5633c01663847239,97.0,3,1786572815941,2026-08-13T05:13:35.941,1,1
3939,bc2c14bd2bf7551f5633c01663847239,97.0,3,1786572816941,2026-08-13T05:13:36.941,1,1
3940,bc2c14bd2bf7551f5633c01663847239,97.0,3,1786572817941,2026-08-13T05:13:37.941,1,1
3941,bc2c14bd2bf7551f5633c01663847239,96.0,3,1786572818941,2026-08-13T05:13:38.941,1,1
3942,bc2c14bd2bf7551f5633c01663847239,96.0,3,1786572819942,2026-08-13T05:13:39.942,1,1
3943,bc2c14bd2bf7551f5633c01663847239,97.0,3,1786572820943,2026-08-13T05:13:40.943,1,1
3944,bc2c14bd2bf7551f5633c01663847239,96.0,3,1786572821941,2026-08-13T05:13:41.941,1,1
3945,bc2c14bd2bf7551f5633c01663847239,95.0,3,1786572822941,2026-08-13T05:13:42.941,1,1
3946,bc2c14bd2bf7551f5633c01663847239,94.0,3,1786572823941,2026-08-13T05:13:43.941,1,1
3947,bc2c14bd2bf7551f5633c01663847239,93.0,3,1786572824941,2026-08-13T05:13:44.941,1,1
3948,bc2c14bd2bf7551f5633c01663847239,92.0,3,1786572825941,2026-08-13T05:13:45.941,1,1
3949,bc2c14bd2bf7551f5633c01663847239,91.0,3,1786572826948,2026-08-13T05:13:46.948,1,1
3950,bc2c14bd2bf7551f5633c01663847239,91.0,3,1786572827947,2026-08-13T05:13:47.947,1,1
3951,bc2c14bd2bf7551f5633c01663847239,90.0,3,1786572828943,2026-08-13T05:13:48.943,1,1
3952,bc2c14bd2bf7551f5633c01663847239,89.0,3,1786572829948,2026-08-13T05:13:49.948,1,1
3953,bc2c14bd2bf7551f5633c01663847239,88.0,3,1786572830948,2026-08-13T05:13:50.948,1,1
3954,bc2c14bd2bf7551f5633c01663847239,89.0,3,1786572831947,2026-08-13T05:13:51.947,1,1
3955,bc2c14bd2bf7551f5633c01663847239,89.0,3,1786572832948,2026-08-13T05:13:52.948,1,1
3956,bc2c14bd2bf7551f5633c01663847239,90.0,3,1786572833940,2026-08-13T05:13:53.940,1,1
3957,bc2c14bd2bf7551f5633c01663847239,90.0,3,1786572834947,2026-08-13T05:13:54.947,1,1
3958,bc2c14bd2bf7551f5633c01663847239,90.0,3,1786572835947,2026-08-13T05:13:55.947,1,1
3959,bc2c14bd2bf7551f5633c01663847239,90.0,3,1786572836946,2026-08-13T05:13:56.946,1,1
3960,bc2c14bd2bf7551f5633c01663847239,90.0,3,1786572837947,2026-08-13T05:13:57.947,1,1
3961,bc2c14bd2bf7551f5633c01663847239,90.0,3,1786572838947,2026-08-13T05:13:58.947,1,1
3962,bc2c14bd2bf7551f5633c01663847239,90.0,3,1786572839947,2026-08-13T05:13:59.947,1,1
3963,bc2c14bd2bf7551f5633c01663847239,91.0,3,1786572840941,2026-08-13T05:14:00.941,1,1
3964,bc2c14bd2bf7551f5633c01663847239,91.0,3,1786572841946,2026-08-13T05:14:01.946,1,1
3965,bc2c14bd2bf7551f5633c01663847239,91.0,3,1786572842946,2026-08-13T05:14:02.946,1,1
3966,bc2c14bd2bf7551f5633c01663847239,91.0,3,1786572843945,2026-08-13T05:14:03.945,1,1
3967,bc2c14bd2bf7551f5633c01663847239,91.0,3,1786572844944,2026-08-13T05:14:04.944,1,1
3968,bc2c14bd2bf7551f5633c01663847239,90.0,3,1786572845945,2026-08-13T05:14:05.945,1,1
3969,bc2c14bd2bf7551f5633c01663847239,91.0,3,1786572846946,2026-08-13T05:14:06.946,1,1
3970,bc2c14bd2bf7551f5633c01663847239,92.0,3,1786572847942,2026-08-13T05:14:07.942,1,1
3971,bc2c14bd2bf7551f5633c01663847239,92.0,3,1786572848942,2026-08-13T05:14:08.942,1,1
3972,bc2c14bd2bf7551f5633c01663847239,92.0,3,1786572849946,2026-08-13T05:14:09.946,1,1
3973,bc2c14bd2bf7551f5633c01663847239,93.0,3,1786572850945,2026-08-13T05:14:10.945,1,1
3974,bc2c14bd2bf7551f5633c01663847239,94.0,3,1786572851944,2026-08-13T05:14:11.944,1,1
3975,bc2c14bd2bf7551f5633c01663847239,94.0,3,1786572852941,2026-08-13T05:14:12.941,1,1
3976,bc2c14bd2bf7551f5633c01663847239,95.0,3,1786572853945,2026-08-13T05:14:13.945,1,1
3977,bc2c14bd2bf7551f5633c01663847239,96.0,3,1786572854942,2026-08-13T05:14:14.942,1,1
3978,bc2c14bd2bf7551f5633c01663847239,97.0,3,1786572855942,2026-08-13T05:14:15.942,1,1
3979,bc2c14bd2bf7551f5633c01663847239,97.0,3,1786572856941,2026-08-13T05:14:16.941,1,1
3980,bc2c14bd2bf7551f5633c01663847239,97.0,3,1786572857942,2026-08-13T05:14:17.942,1,1
3981,bc2c14bd2bf7551f5633c01663847239,97.0,3,1786572858941,2026-08-13T05:14:18.941,1,1
3982,bc2c14bd2bf7551f5633c01663847239,97.0,3,1786572859940,2026-08-13T05:14:19.940,1,1
3983,bc2c14bd2bf7551f5633c01663847239,97.0,3,1786572860941,2026-08-13T05:14:20.941,1,1
3984,bc2c14bd2bf7551f5633c01663847239,96.0,3,1786572861942,2026-08-13T05:14:21.942,1,1
3985,bc2c14bd2bf7551f5633c01663847239,95.0,3,1786572862950,2026-08-13T05:14:22.950,1,1
3986,bc2c14bd2bf7551f5633c01663847239,94.0,3,1786572863950,2026-08-13T05:14:23.950,1,1
3987,bc2c14bd2bf7551f5633c01663847239,93.0,3,1786572864947,2026-08-13T05:14:24.947,1,1
3988,bc2c14bd2bf7551f5633c01663847239,93.0,3,1786572865944,2026-08-13T05:14:25.944,1,1
3989,bc2c14bd2bf7551f5633c01663847239,93.0,3,1786572866942,2026-08-13T05:14:26.942,1,1
3990,bc2c14bd2bf7551f5633c01663847239,93.0,3,1786572867942,2026-08-13T05:14:27.942,1,1
3991,bc2c14bd2bf7551f5633c01663847239,93.0,3,1786572868942,2026-08-13T05:14:28.942,1,0
3992,bc2c14bd2bf7551f5633c01663847239,93.0,3,1786572869941,2026-08-13T05:14:29.941,1,1
3993,bc2c14bd2bf7551f5633c01663847239,93.0,3,1786572870941,2026-08-13T05:14:30.941,1,0
3994,bc2c14bd2bf7551f5633c01663847239,93.0,3,1786572871942,2026-08-13T05:14:31.942,1,1
3995,bc2c14bd2bf7551f5633c01663847239,94.0,3,1786572872941,2026-08-13T05:14:32.941,1,1
3996,bc2c14bd2bf7551f5633c01663847239,95.0,3,1786572873941,2026-08-13T05:14:33.941,1,1
3997,bc2c14bd2bf7551f5633c01663847239,96.0,3,1786572874941,2026-08-13T05:14:34.941,1,1
3998,bc2c14bd2bf7551f5633c01663847239,97.0,3,1786572875942,2026-08-13T05:14:35.942,1,1
3999,bc2c14bd2bf7551f5633c01663847239,98.0,3,1786572876941,2026-08-13T05:14:36.941,1,1
4000,bc2c14bd2bf7551f5633c01663847239,98.0,3,1786572877943,2026-08-13T05:14:37.943,1,1
4001,bc2c14bd2bf7551f5633c01663847239,98.0,3,1786572878943,2026-08-13T05:14:38.943,1,1
4002,bc2c14bd2bf7551f5633c01663847239,98.0,3,1786572879941,2026-08-13T05:14:39.941,1,1
4003,bc2c14bd2bf7551f5633c01663847239,98.0,3,1786572880942,2026-08-13T05:14:40.942,1,1
4004,bc2c14bd2bf7551f5633c01663847239,97.0,3,1786572881941,2026-08-13T05:14:41.941,1,1
4005,bc2c14bd2bf7551f5633c01663847239,96.0,3,1786572882943,2026-08-13T05:14:42.943,1,1
4006,bc2c14bd2bf7551f5633c01663847239,95.0,3,1786572883941,2026-08-13T05:14:43.941,1,1
4007,bc2c14bd2bf7551f5633c01663847239,94.0,3,1786572884942,2026-08-13T05:14:44.942,1,1
4008,bc2c14bd2bf7551f5633c01663847239,93.0,3,1786572885942,2026-08-13T05:14:45.942,1,1
4009,bc2c14bd2bf7551f5633c01663847239,92.0,3,1786572886942,2026-08-13T05:14:46.942,1,1
4010,bc2c14bd2bf7551f5633c01663847239,92.0,3,1786572887942,2026-08-13T05:14:47.942,1,1
4011,bc2c14bd2bf7551f5633c01663847239,91.0,3,1786572888941,2026-08-13T05:14:48.941,1,1
4012,bc2c14bd2bf7551f5633c01663847239,91.0,3,1786572889941,2026-08-13T05:14:49.941,1,1
4013,bc2c14bd2bf7551f5633c01663847239,90.0,3,1786572890941,2026-08-13T05:14:50.941,1,1
4014,bc2c14bd2bf7551f5633c01663847239,90.0,3,1786572891941,2026-08-13T05:14:51.941,1,1
4015,bc2c14bd2bf7551f5633c01663847239,89.0,3,1786572892941,2026-08-13T05:14:52.941,1,1
4016,bc2c14bd2bf7551f5633c01663847239,88.0,3,1786572893941,2026-08-13T05:14:53.941,1,1
4017,bc2c14bd2bf7551f5633c01663847239,89.0,3,1786572894941,2026-08-13T05:14:54.941,1,1
4018,bc2c14bd2bf7551f5633c01663847239,88.0,3,1786572895942,2026-08-13T05:14:55.942,1,1
4019,bc2c14bd2bf7551f5633c01663847239,88.0,3,1786572896941,2026-08-13T05:14:56.941,1,1
4020,bc2c14bd2bf7551f5633c01663847239,87.0,3,1786572897941,2026-08-13T05:14:57.941,1,1
4021,bc2c14bd2bf7551f5633c01663847239,88.0,3,1786572898941,2026-08-13T05:14:58.941,1,1
4022,bc2c14bd2bf7551f5633c01663847239,89.0,3,1786572899942,2026-08-13T05:14:59.942,1,1
4023,bc2c14bd2bf7551f5633c01663847239,89.0,3,1786572900941,2026-08-13T05:15:00.941,1,1
4024,bc2c14bd2bf7551f5633c01663847239,90.0,3,1786572901941,2026-08-13T05:15:01.941,1,1
4025,bc2c14bd2bf7551f5633c01663847239,90.0,3,1786572902942,2026-08-13T05:15:02.942,1,1
4026,bc2c14bd2bf7551f5633c01663847239,91.0,3,1786572903944,2026-08-13T05:15:03.944,1,1
4027,bc2c14bd2bf7551f5633c01663847239,91.0,3,1786572904948,2026-08-13T05:15:04.948,1,1
4028,bc2c14bd2bf7551f5633c01663847239,91.0,3,1786572905949,2026-08-13T05:15:05.949,1,1
4029,bc2c14bd2bf7551f5633c01663847239,91.0,3,1786572906948,2026-08-13T05:15:06.948,1,1
4030,bc2c14bd2bf7551f5633c01663847239,91.0,3,1786572907946,2026-08-13T05:15:07.946,1,1
4031,bc2c14bd2bf7551f5633c01663847239,91.0,3,1786572908946,2026-08-13T05:15:08.946,1,1
4032,bc2c14bd2bf7551f5633c01663847239,91.0,3,1786572909945,2026-08-13T05:15:09.945,1,1
4033,bc2c14bd2bf7551f5633c01663847239,91.0,3,1786572910943,2026-08-13T05:15:10.943,1,1
4034,bc2c14bd2bf7551f5633c01663847239,92.0,3,1786572911943,2026-08-13T05:15:11.943,1,1
4035,bc2c14bd2bf7551f5633c01663847239,92.0,3,1786572912942,2026-08-13T05:15:12.942,1,1
4036,bc2c14bd2bf7551f5633c01663847239,93.0,3,1786572913942,2026-08-13T05:15:13.942,1,1
4037,bc2c14bd2bf7551f5633c01663847239,92.0,3,1786572914941,2026-08-13T05:15:14.941,1,1
4038,bc2c14bd2bf7551f5633c01663847239,92.0,3,1786572915942,2026-08-13T05:15:15.942,1,1
4039,bc2c14bd2bf7551f5633c01663847239,92.0,3,1786572916941,2026-08-13T05:15:16.941,1,1
4040,bc2c14bd2bf7551f5633c01663847239,92.0,3,1786572917941,2026-08-13T05:15:17.941,1,1
4041,bc2c14bd2bf7551f5633c01663847239,92.0,3,1786572918942,2026-08-13T05:15:18.942,1,1
4042,bc2c14bd2bf7551f5633c01663847239,91.0,3,1786572919941,2026-08-13T05:15:19.941,1,1
4043,bc2c14bd2bf7551f5633c01663847239,91.0,3,1786572920941,2026-08-13T05:15:20.941,1,1
4044,bc2c14bd2bf7551f5633c01663847239,91.0,3,1786572921941,2026-08-13T05:15:21.941,1,1
4045,bc2c14bd2bf7551f5633c01663847239,92.0,3,1786572922941,2026-08-13T05:15:22.941,1,1
4046,bc2c14bd2bf7551f5633c01663847239,91.0,3,1786572923941,2026-08-13T05:15:23.941,1,1
4047,bc2c14bd2bf7551f5633c01663847239,90.0,3,1786572924942,2026-08-13T05:15:24.942,1,1
4048,bc2c14bd2bf7551f5633c01663847239,91.0,3,1786572925942,2026-08-13T05:15:25.942,1,1
4049,bc2c14bd2bf7551f5633c01663847239,90.0,3,1786572926941,2026-08-13T05:15:26.941,1,1
4050,bc2c14bd2bf7551f5633c01663847239,88.0,3,1786572927941,2026-08-13T05:15:27.941,1,1
4051,bc2c14bd2bf7551f5633c01663847239,86.0,3,1786572928941,2026-08-13T05:15:28.941,1,1
4052,bc2c14bd2bf7551f5633c01663847239,87.0,3,1786572929942,2026-08-13T05:15:29.942,1,1
4053,bc2c14bd2bf7551f5633c01663847239,89.0,3,1786572930941,2026-08-13T05:15:30.941,1,1
4054,bc2c14bd2bf7551f5633c01663847239,92.0,3,1786572931941,2026-08-13T05:15:31.941,1,1
4055,bc2c14bd2bf7551f5633c01663847239,92.0,3,1786572932942,2026-08-13T05:15:32.942,1,1
4056,bc2c14bd2bf7551f5633c01663847239,93.0,3,1786572933942,2026-08-13T05:15:33.942,1,1
4057,bc2c14bd2bf7551f5633c01663847239,92.0,3,1786572934941,2026-08-13T05:15:34.941,1,1
4058,bc2c14bd2bf7551f5633c01663847239,92.0,3,1786572935941,2026-08-13T05:15:35.941,1,1
4059,bc2c14bd2bf7551f5633c01663847239,94.0,3,1786572936951,2026-08-13T05:15:36.951,1,1
4060,bc2c14bd2bf7551f5633c01663847239,95.0,3,1786572937950,2026-08-13T05:15:37.950,1,1
4061,bc2c14bd2bf7551f5633c01663847239,96.0,3,1786572938946,2026-08-13T05:15:38.946,1,1
4062,bc2c14bd2bf7551f5633c01663847239,97.0,3,1786572939943,2026-08-13T05:15:39.943,1,1
4063,bc2c14bd2bf7551f5633c01663847239,98.0,3,1786572940947,2026-08-13T05:15:40.947,1,1
4064,bc2c14bd2bf7551f5633c01663847239,99.0,3,1786572941944,2026-08-13T05:15:41.944,1,1
4065,bc2c14bd2bf7551f5633c01663847239,100.0,3,1786572942945,2026-08-13T05:15:42.945,1,1
4066,bc2c14bd2bf7551f5633c01663847239,100.0,3,1786572943946,2026-08-13T05:15:43.946,1,1
4067,bc2c14bd2bf7551f5633c01663847239,100.0,3,1786572944943,2026-08-13T05:15:44.943,1,1
4068,bc2c14bd2bf7551f5633c01663847239,99.0,3,1786572945942,2026-08-13T05:15:45.942,1,1
4069,bc2c14bd2bf7551f5633c01663847239,99.0,3,1786572946944,2026-08-13T05:15:46.944,1,1
4070,bc2c14bd2bf7551f5633c01663847239,98.0,3,1786572947943,2026-08-13T05:15:47.943,1,1
4071,bc2c14bd2bf7551f5633c01663847239,98.0,3,1786572948941,2026-08-13T05:15:48.941,1,1
4072,bc2c14bd2bf7551f5633c01663847239,98.0,3,1786572949941,2026-08-13T05:15:49.941,1,1
4073,bc2c14bd2bf7551f5633c01663847239,97.0,3,1786572950949,2026-08-13T05:15:50.949,1,1
4074,bc2c14bd2bf7551f5633c01663847239,96.0,3,1786572951941,2026-08-13T05:15:51.941,1,1
4075,bc2c14bd2bf7551f5633c01663847239,96.0,3,1786572952941,2026-08-13T05:15:52.941,1,1
4076,bc2c14bd2bf7551f5633c01663847239,97.0,3,1786572953941,2026-08-13T05:15:53.941,1,1
4077,bc2c14bd2bf7551f5633c01663847239,99.0,3,1786572954941,2026-08-13T05:15:54.941,1,1
4078,bc2c14bd2bf7551f5633c01663847239,100.0,3,1786572955942,2026-08-13T05:15:55.942,1,1
4079,bc2c14bd2bf7551f5633c01663847239,101.0,3,1786572956943,2026-08-13T05:15:56.943,1,1
4080,bc2c14bd2bf7551f5633c01663847239,101.0,3,1786572957941,2026-08-13T05:15:57.941,1,1
4081,bc2c14bd2bf7551f5633c01663847239,101.0,3,1786572958942,2026-08-13T05:15:58.942,1,1
4082,bc2c14bd2bf7551f5633c01663847239,100.0,3,1786572959941,2026-08-13T05:15:59.941,1,1
4083,bc2c14bd2bf7551f5633c01663847239,100.0,3,1786572960941,2026-08-13T05:16:00.941,1,1
4084,bc2c14bd2bf7551f5633c01663847239,99.0,3,1786572961941,2026-08-13T05:16:01.941,1,1
4085,bc2c14bd2bf7551f5633c01663847239,99.0,3,1786572962941,2026-08-13T05:16:02.941,1,1
4086,bc2c14bd2bf7551f5633c01663847239,99.0,3,1786572963950,2026-08-13T05:16:03.950,1,1
4087,bc2c14bd2bf7551f5633c01663847239,98.0,3,1786572964941,2026-08-13T05:16:04.941,1,1
4088,bc2c14bd2bf7551f5633c01663847239,97.0,3,1786572965956,2026-08-13T05:16:05.956,1,1
4089,bc2c14bd2bf7551f5633c01663847239,97.0,3,1786572966941,2026-08-13T05:16:06.941,1,1
4090,bc2c14bd2bf7551f5633c01663847239,97.0,3,1786572967941,2026-08-13T05:16:07.941,1,1
4091,bc2c14bd2bf7551f5633c01663847239,96.0,3,1786572968941,2026-08-13T05:16:08.941,1,1
4092,bc2c14bd2bf7551f5633c01663847239,96.0,3,1786572969941,2026-08-13T05:16:09.941,1,1
4093,bc2c14bd2bf7551f5633c01663847239,96.0,3,1786572970953,2026-08-13T05:16:10.953,1,1
4094,bc2c14bd2bf7551f5633c01663847239,96.0,3,1786572971943,2026-08-13T05:16:11.943,1,1
4095,bc2c14bd2bf7551f5633c01663847239,96.0,3,1786572972943,2026-08-13T05:16:12.943,1,1
4096,bc2c14bd2bf7551f5633c01663847239,96.0,3,1786572973942,2026-08-13T05:16:13.942,1,1
4097,bc2c14bd2bf7551f5633c01663847239,95.0,3,1786572974941,2026-08-13T05:16:14.941,1,1
4098,bc2c14bd2bf7551f5633c01663847239,95.0,3,1786572975941,2026-08-13T05:16:15.941,1,1
4099,bc2c14bd2bf7551f5633c01663847239,94.0,3,1786572976941,2026-08-13T05:16:16.941,1,1
4100,bc2c14bd2bf7551f5633c01663847239,93.0,3,1786572977941,2026-08-13T05:16:17.941,1,1
4101,bc2c14bd2bf7551f5633c01663847239,92.0,3,1786572978942,2026-08-13T05:16:18.942,1,1
4102,bc2c14bd2bf7551f5633c01663847239,92.0,3,1786572979941,2026-08-13T05:16:19.941,1,1
4103,bc2c14bd2bf7551f5633c01663847239,91.0,3,1786572980941,2026-08-13T05:16:20.941,1,1
4104,bc2c14bd2bf7551f5633c01663847239,91.0,3,1786572981942,2026-08-13T05:16:21.942,1,1
4105,bc2c14bd2bf7551f5633c01663847239,90.0,3,1786572982941,2026-08-13T05:16:22.941,1,1
4106,bc2c14bd2bf7551f5633c01663847239,90.0,3,1786572983941,2026-08-13T05:16:23.941,1,1
4107,bc2c14bd2bf7551f5633c01663847239,90.0,3,1786572984941,2026-08-13T05:16:24.941,1,1
4108,bc2c14bd2bf7551f5633c01663847239,89.0,3,1786572985941,2026-08-13T05:16:25.941,1,1
4109,bc2c14bd2bf7551f5633c01663847239,89.0,3,1786572986941,2026-08-13T05:16:26.941,1,1
4110,bc2c14bd2bf7551f5633c01663847239,89.0,3,1786572987941,2026-08-13T05:16:27.941,1,1
4111,bc2c14bd2bf7551f5633c01663847239,89.0,3,1786572988941,2026-08-13T05:16:28.941,1,1
4112,bc2c14bd2bf7551f5633c01663847239,89.0,3,1786572989941,2026-08-13T05:16:29.941,1,1
4113,bc2c14bd2bf7551f5633c01663847239,89.0,3,1786572990942,2026-08-13T05:16:30.942,1,1
4114,bc2c14bd2bf7551f5633c01663847239,89.0,3,1786572991951,2026-08-13T05:16:31.951,1,1
4115,bc2c14bd2bf7551f5633c01663847239,89.0,3,1786572992949,2026-08-13T05:16:32.949,1,1
4116,bc2c14bd2bf7551f5633c01663847239,89.0,3,1786572993945,2026-08-13T05:16:33.945,1,1
4117,bc2c14bd2bf7551f5633c01663847239,89.0,3,1786572994943,2026-08-13T05:16:34.943,1,1
4118,bc2c14bd2bf7551f5633c01663847239,89.0,3,1786572995942,2026-08-13T05:16:35.942,1,1
4119,bc2c14bd2bf7551f5633c01663847239,90.0,3,1786572996945,2026-08-13T05:16:36.945,1,1
4120,bc2c14bd2bf7551f5633c01663847239,90.0,3,1786572997945,2026-08-13T05:16:37.945,1,1
4121,bc2c14bd2bf7551f5633c01663847239,90.0,3,1786572998943,2026-08-13T05:16:38.943,1,1
4122,bc2c14bd2bf7551f5633c01663847239,90.0,3,1786572999942,2026-08-13T05:16:39.942,1,1
4123,bc2c14bd2bf7551f5633c01663847239,90.0,3,1786573000942,2026-08-13T05:16:40.942,1,1
4124,bc2c14bd2bf7551f5633c01663847239,90.0,3,1786573001941,2026-08-13T05:16:41.941,1,1
4125,bc2c14bd2bf7551f5633c01663847239,90.0,3,1786573002941,2026-08-13T05:16:42.941,1,1
4126,bc2c14bd2bf7551f5633c01663847239,90.0,3,1786573003941,2026-08-13T05:16:43.941,1,1
4127,bc2c14bd2bf7551f5633c01663847239,90.0,3,1786573004942,2026-08-13T05:16:44.942,1,1
4128,bc2c14bd2bf7551f5633c01663847239,90.0,3,1786573005941,2026-08-13T05:16:45.941,1,1
4129,bc2c14bd2bf7551f5633c01663847239,90.0,3,1786573006941,2026-08-13T05:16:46.941,1,1
4130,bc2c14bd2bf7551f5633c01663847239,90.0,3,1786573007942,2026-08-13T05:16:47.942,1,1
4131,bc2c14bd2bf7551f5633c01663847239,90.0,3,1786573008942,2026-08-13T05:16:48.942,1,1
4132,bc2c14bd2bf7551f5633c01663847239,89.0,3,1786573009942,2026-08-13T05:16:49.942,1,1
4133,bc2c14bd2bf7551f5633c01663847239,89.0,3,1786573010943,2026-08-13T05:16:50.943,1,1
4134,bc2c14bd2bf7551f5633c01663847239,90.0,3,1786573011942,2026-08-13T05:16:51.942,1,1
4135,bc2c14bd2bf7551f5633c01663847239,90.0,3,1786573012941,2026-08-13T05:16:52.941,1,1
4136,bc2c14bd2bf7551f5633c01663847239,90.0,3,1786573013944,2026-08-13T05:16:53.944,1,1
4137,bc2c14bd2bf7551f5633c01663847239,90.0,3,1786573014941,2026-08-13T05:16:54.941,1,1
4138,bc2c14bd2bf7551f5633c01663847239,90.0,3,1786573015941,2026-08-13T05:16:55.941,1,1
4139,bc2c14bd2bf7551f5633c01663847239,90.0,3,1786573016941,2026-08-13T05:16:56.941,1,1
4140,bc2c14bd2bf7551f5633c01663847239,89.0,3,1786573017942,2026-08-13T05:16:57.942,1,1
4141,bc2c14bd2bf7551f5633c01663847239,89.0,3,1786573018941,2026-08-13T05:16:58.941,1,1
4142,bc2c14bd2bf7551f5633c01663847239,89.0,3,1786573019942,2026-08-13T05:16:59.942,1,1
4143,bc2c14bd2bf7551f5633c01663847239,89.0,3,1786573020941,2026-08-13T05:17:00.941,1,1
4144,bc2c14bd2bf7551f5633c01663847239,90.0,3,1786573021942,2026-08-13T05:17:01.942,1,1
4145,bc2c14bd2bf7551f5633c01663847239,89.0,3,1786573022941,2026-08-13T05:17:02.941,1,1
4146,bc2c14bd2bf7551f5633c01663847239,89.0,3,1786573023941,2026-08-13T05:17:03.941,1,1
4147,bc2c14bd2bf7551f5633c01663847239,89.0,3,1786573024941,2026-08-13T05:17:04.941,1,1
4148,bc2c14bd2bf7551f5633c01663847239,88.0,3,1786573025943,2026-08-13T05:17:05.943,1,1
4149,bc2c14bd2bf7551f5633c01663847239,88.0,3,1786573026945,2026-08-13T05:17:06.945,1,1
4150,bc2c14bd2bf7551f5633c01663847239,88.0,3,1786573027941,2026-08-13T05:17:07.941,1,1
4151,bc2c14bd2bf7551f5633c01663847239,88.0,3,1786573028947,2026-08-13T05:17:08.947,1,1
4152,bc2c14bd2bf7551f5633c01663847239,88.0,3,1786573029948,2026-08-13T05:17:09.948,1,1
4153,bc2c14bd2bf7551f5633c01663847239,88.0,3,1786573030960,2026-08-13T05:17:10.960,1,1
4154,bc2c14bd2bf7551f5633c01663847239,88.0,3,1786573031946,2026-08-13T05:17:11.946,1,1
4155,bc2c14bd2bf7551f5633c01663847239,89.0,3,1786573032945,2026-08-13T05:17:12.945,1,1
4156,bc2c14bd2bf7551f5633c01663847239,90.0,3,1786573033945,2026-08-13T05:17:13.945,1,1
4157,bc2c14bd2bf7551f5633c01663847239,91.0,3,1786573034941,2026-08-13T05:17:14.941,1,1
4158,bc2c14bd2bf7551f5633c01663847239,91.0,3,1786573035942,2026-08-13T05:17:15.942,1,1
4159,bc2c14bd2bf7551f5633c01663847239,91.0,3,1786573036943,2026-08-13T05:17:16.943,1,1
4160,bc2c14bd2bf7551f5633c01663847239,90.0,3,1786573037947,2026-08-13T05:17:17.947,1,1
4161,bc2c14bd2bf7551f5633c01663847239,90.0,3,1786573038941,2026-08-13T05:17:18.941,1,1
4162,bc2c14bd2bf7551f5633c01663847239,91.0,3,1786573039941,2026-08-13T05:17:19.941,1,1
4163,bc2c14bd2bf7551f5633c01663847239,92.0,3,1786573040942,2026-08-13T05:17:20.942,1,1
4164,bc2c14bd2bf7551f5633c01663847239,93.0,3,1786573041942,2026-08-13T05:17:21.942,1,1
4165,bc2c14bd2bf7551f5633c01663847239,94.0,3,1786573042942,2026-08-13T05:17:22.942,1,1
4166,bc2c14bd2bf7551f5633c01663847239,95.0,3,1786573043941,2026-08-13T05:17:23.941,1,1
4167,bc2c14bd2bf7551f5633c01663847239,96.0,3,1786573044941,2026-08-13T05:17:24.941,1,1
4168,bc2c14bd2bf7551f5633c01663847239,96.0,3,1786573045941,2026-08-13T05:17:25.941,1,1
4169,bc2c14bd2bf7551f5633c01663847239,97.0,3,1786573046941,2026-08-13T05:17:26.941,1,1
4170,bc2c14bd2bf7551f5633c01663847239,97.0,3,1786573047941,2026-08-13T05:17:27.941,1,1
4171,bc2c14bd2bf7551f5633c01663847239,97.0,3,1786573048941,2026-08-13T05:17:28.941,1,1
4172,bc2c14bd2bf7551f5633c01663847239,97.0,3,1786573049941,2026-08-13T05:17:29.941,1,1
4173,bc2c14bd2bf7551f5633c01663847239,98.0,3,1786573050942,2026-08-13T05:17:30.942,1,1
4174,bc2c14bd2bf7551f5633c01663847239,97.0,3,1786573051941,2026-08-13T05:17:31.941,1,1
4175,bc2c14bd2bf7551f5633c01663847239,98.0,3,1786573052941,2026-08-13T05:17:32.941,1,1
4176,bc2c14bd2bf7551f5633c01663847239,98.0,3,1786573053941,2026-08-13T05:17:33.941,1,1
4177,bc2c14bd2bf7551f5633c01663847239,97.0,3,1786573054941,2026-08-13T05:17:34.941,1,1
4178,bc2c14bd2bf7551f5633c01663847239,97.0,3,1786573055942,2026-08-13T05:17:35.942,1,1
4179,bc2c14bd2bf7551f5633c01663847239,97.0,3,1786573056942,2026-08-13T05:17:36.942,1,1
4180,bc2c14bd2bf7551f5633c01663847239,97.0,3,1786573057942,2026-08-13T05:17:37.942,1,1
4181,bc2c14bd2bf7551f5633c01663847239,96.0,3,1786573058943,2026-08-13T05:17:38.943,1,1
4182,bc2c14bd2bf7551f5633c01663847239,95.0,3,1786573059941,2026-08-13T05:17:39.941,1,1
4183,bc2c14bd2bf7551f5633c01663847239,95.0,3,1786573060941,2026-08-13T05:17:40.941,1,1
4184,bc2c14bd2bf7551f5633c01663847239,94.0,3,1786573061941,2026-08-13T05:17:41.941,1,1
4185,bc2c14bd2bf7551f5633c01663847239,93.0,3,1786573062941,2026-08-13T05:17:42.941,1,1
4186,bc2c14bd2bf7551f5633c01663847239,95.0,3,1786573063941,2026-08-13T05:17:43.941,1,1
4187,bc2c14bd2bf7551f5633c01663847239,96.0,3,1786573064941,2026-08-13T05:17:44.941,1,1
4188,bc2c14bd2bf7551f5633c01663847239,96.0,3,1786573065941,2026-08-13T05:17:45.941,1,1
4189,bc2c14bd2bf7551f5633c01663847239,96.0,3,1786573066941,2026-08-13T05:17:46.941,1,1
4190,bc2c14bd2bf7551f5633c01663847239,96.0,3,1786573067941,2026-08-13T05:17:47.941,1,1
4191,bc2c14bd2bf7551f5633c01663847239,96.0,3,1786573068941,2026-08-13T05:17:48.941,1,1
4192,bc2c14bd2bf7551f5633c01663847239,96.0,3,1786573069941,2026-08-13T05:17:49.941,1,1
4193,bc2c14bd2bf7551f5633c01663847239,97.0,3,1786573070941,2026-08-13T05:17:50.941,1,1
4194,bc2c14bd2bf7551f5633c01663847239,98.0,3,1786573071941,2026-08-13T05:17:51.941,1,1
4195,bc2c14bd2bf7551f5633c01663847239,98.0,3,1786573072941,2026-08-13T05:17:52.941,1,1
4196,bc2c14bd2bf7551f5633c01663847239,98.0,3,1786573073941,2026-08-13T05:17:53.941,1,1
4197,bc2c14bd2bf7551f5633c01663847239,97.0,3,1786573074941,2026-08-13T05:17:54.941,1,1
4198,bc2c14bd2bf7551f5633c01663847239,96.0,3,1786573075941,2026-08-13T05:17:55.941,1,1
4199,bc2c14bd2bf7551f5633c01663847239,95.0,3,1786573076942,2026-08-13T05:17:56.942,1,1
4200,bc2c14bd2bf7551f5633c01663847239,94.0,3,1786573077941,2026-08-13T05:17:57.941,1,1
4201,bc2c14bd2bf7551f5633c01663847239,93.0,3,1786573078948,2026-08-13T05:17:58.948,1,1
4202,bc2c14bd2bf7551f5633c01663847239,91.0,3,1786573079942,2026-08-13T05:17:59.942,1,1
4203,bc2c14bd2bf7551f5633c01663847239,90.0,3,1786573080961,2026-08-13T05:18:00.961,1,1
4204,bc2c14bd2bf7551f5633c01663847239,90.0,3,1786573081952,2026-08-13T05:18:01.952,1,1
4205,bc2c14bd2bf7551f5633c01663847239,89.0,3,1786573082946,2026-08-13T05:18:02.946,1,1
4206,bc2c14bd2bf7551f5633c01663847239,90.0,3,1786573083957,2026-08-13T05:18:03.957,1,1
4207,bc2c14bd2bf7551f5633c01663847239,91.0,3,1786573084942,2026-08-13T05:18:04.942,1,1
4208,bc2c14bd2bf7551f5633c01663847239,91.0,3,1786573085957,2026-08-13T05:18:05.957,1,1
4209,bc2c14bd2bf7551f5633c01663847239,91.0,3,1786573086946,2026-08-13T05:18:06.946,1,0
4210,bc2c14bd2bf7551f5633c01663847239,91.0,3,1786573087947,2026-08-13T05:18:07.947,1,1
4211,bc2c14bd2bf7551f5633c01663847239,92.0,3,1786573088946,2026-08-13T05:18:08.946,1,1
4212,bc2c14bd2bf7551f5633c01663847239,92.0,3,1786573089942,2026-08-13T05:18:09.942,1,1
4213,bc2c14bd2bf7551f5633c01663847239,93.0,3,1786573090942,2026-08-13T05:18:10.942,1,1
4214,bc2c14bd2bf7551f5633c01663847239,94.0,3,1786573091944,2026-08-13T05:18:11.944,1,1
4215,bc2c14bd2bf7551f5633c01663847239,95.0,3,1786573092943,2026-08-13T05:18:12.943,1,1
4216,bc2c14bd2bf7551f5633c01663847239,96.0,3,1786573093942,2026-08-13T05:18:13.942,1,1
4217,bc2c14bd2bf7551f5633c01663847239,97.0,3,1786573094942,2026-08-13T05:18:14.942,1,1
4218,bc2c14bd2bf7551f5633c01663847239,98.0,3,1786573095941,2026-08-13T05:18:15.941,1,1
4219,bc2c14bd2bf7551f5633c01663847239,99.0,3,1786573096941,2026-08-13T05:18:16.941,1,1
4220,bc2c14bd2bf7551f5633c01663847239,99.0,3,1786573097941,2026-08-13T05:18:17.941,1,1
4221,bc2c14bd2bf7551f5633c01663847239,99.0,3,1786573098941,2026-08-13T05:18:18.941,1,1
4222,bc2c14bd2bf7551f5633c01663847239,98.0,3,1786573099941,2026-08-13T05:18:19.941,1,1
4223,bc2c14bd2bf7551f5633c01663847239,97.0,3,1786573100942,2026-08-13T05:18:20.942,1,1
4224,bc2c14bd2bf7551f5633c01663847239,96.0,3,1786573101941,2026-08-13T05:18:21.941,1,1
4225,bc2c14bd2bf7551f5633c01663847239,96.0,3,1786573102942,2026-08-13T05:18:22.942,1,1
4226,bc2c14bd2bf7551f5633c01663847239,95.0,3,1786573103942,2026-08-13T05:18:23.942,1,1
4227,bc2c14bd2bf7551f5633c01663847239,94.0,3,1786573104944,2026-08-13T05:18:24.944,1,1
4228,bc2c14bd2bf7551f5633c01663847239,94.0,3,1786573105943,2026-08-13T05:18:25.943,1,1
4229,bc2c14bd2bf7551f5633c01663847239,94.0,3,1786573106942,2026-08-13T05:18:26.942,1,1
4230,bc2c14bd2bf7551f5633c01663847239,94.0,3,1786573107942,2026-08-13T05:18:27.942,1,1
4231,bc2c14bd2bf7551f5633c01663847239,94.0,3,1786573108949,2026-08-13T05:18:28.949,1,1
4232,bc2c14bd2bf7551f5633c01663847239,94.0,3,1786573109941,2026-08-13T05:18:29.941,1,1
4233,bc2c14bd2bf7551f5633c01663847239,93.0,3,1786573110942,2026-08-13T05:18:30.942,1,1
4234,bc2c14bd2bf7551f5633c01663847239,92.0,3,1786573111941,2026-08-13T05:18:31.941,1,1
4235,bc2c14bd2bf7551f5633c01663847239,92.0,3,1786573112941,2026-08-13T05:18:32.941,1,1
4236,bc2c14bd2bf7551f5633c01663847239,91.0,3,1786573113942,2026-08-13T05:18:33.942,1,1
4237,bc2c14bd2bf7551f5633c01663847239,91.0,3,1786573114941,2026-08-13T05:18:34.941,1,1
4238,bc2c14bd2bf7551f5633c01663847239,90.0,3,1786573115941,2026-08-13T05:18:35.941,1,1
4239,bc2c14bd2bf7551f5633c01663847239,90.0,3,1786573116941,2026-08-13T05:18:36.941,1,1
4240,bc2c14bd2bf7551f5633c01663847239,91.0,3,1786573117941,2026-08-13T05:18:37.941,1,1
4241,bc2c14bd2bf7551f5633c01663847239,91.0,3,1786573118942,2026-08-13T05:18:38.942,1,1
4242,bc2c14bd2bf7551f5633c01663847239,92.0,3,1786573119951,2026-08-13T05:18:39.951,1,1
4243,bc2c14bd2bf7551f5633c01663847239,92.0,3,1786573120949,2026-08-13T05:18:40.949,1,1
4244,bc2c14bd2bf7551f5633c01663847239,93.0,3,1786573121948,2026-08-13T05:18:41.948,1,1
4245,bc2c14bd2bf7551f5633c01663847239,93.0,3,1786573122941,2026-08-13T05:18:42.941,1,1
4246,bc2c14bd2bf7551f5633c01663847239,92.0,3,1786573123945,2026-08-13T05:18:43.945,1,1
4247,bc2c14bd2bf7551f5633c01663847239,92.0,3,1786573124941,2026-08-13T05:18:44.941,1,1
4248,bc2c14bd2bf7551f5633c01663847239,92.0,3,1786573125944,2026-08-13T05:18:45.944,1,1
4249,bc2c14bd2bf7551f5633c01663847239,91.0,3,1786573126942,2026-08-13T05:18:46.942,1,1
4250,bc2c14bd2bf7551f5633c01663847239,91.0,3,1786573127941,2026-08-13T05:18:47.941,1,1
4251,bc2c14bd2bf7551f5633c01663847239,91.0,3,1786573128941,2026-08-13T05:18:48.941,1,1
4252,bc2c14bd2bf7551f5633c01663847239,91.0,3,1786573129944,2026-08-13T05:18:49.944,1,1
4253,bc2c14bd2bf7551f5633c01663847239,91.0,3,1786573130943,2026-08-13T05:18:50.943,1,1
4254,bc2c14bd2bf7551f5633c01663847239,92.0,3,1786573131943,2026-08-13T05:18:51.943,1,1
4255,bc2c14bd2bf7551f5633c01663847239,92.0,3,1786573132940,2026-08-13T05:18:52.940,1,1
4256,bc2c14bd2bf7551f5633c01663847239,92.0,3,1786573133941,2026-08-13T05:18:53.941,1,1
4257,bc2c14bd2bf7551f5633c01663847239,92.0,3,1786573134942,2026-08-13T05:18:54.942,1,1
4258,bc2c14bd2bf7551f5633c01663847239,92.0,3,1786573135941,2026-08-13T05:18:55.941,1,1
4259,bc2c14bd2bf7551f5633c01663847239,93.0,3,1786573136942,2026-08-13T05:18:56.942,1,1
4260,bc2c14bd2bf7551f5633c01663847239,93.0,3,1786573137941,2026-08-13T05:18:57.941,1,1
4261,bc2c14bd2bf7551f5633c01663847239,93.0,3,1786573138941,2026-08-13T05:18:58.941,1,1
4262,bc2c14bd2bf7551f5633c01663847239,93.0,3,1786573139941,2026-08-13T05:18:59.941,1,1
4263,bc2c14bd2bf7551f5633c01663847239,94.0,3,1786573140944,2026-08-13T05:19:00.944,1,1
4264,bc2c14bd2bf7551f5633c01663847239,94.0,3,1786573141941,2026-08-13T05:19:01.941,1,1
4265,bc2c14bd2bf7551f5633c01663847239,94.0,3,1786573142942,2026-08-13T05:19:02.942,1,1
4266,bc2c14bd2bf7551f5633c01663847239,95.0,3,1786573143946,2026-08-13T05:19:03.946,1,1
4267,bc2c14bd2bf7551f5633c01663847239,95.0,3,1786573144949,2026-08-13T05:19:04.949,1,1
4268,bc2c14bd2bf7551f5633c01663847239,94.0,3,1786573145947,2026-08-13T05:19:05.947,1,1
4269,bc2c14bd2bf7551f5633c01663847239,94.0,3,1786573146941,2026-08-13T05:19:06.941,1,1
4270,bc2c14bd2bf7551f5633c01663847239,94.0,3,1786573147941,2026-08-13T05:19:07.941,1,1
4271,bc2c14bd2bf7551f5633c01663847239,94.0,3,1786573148942,2026-08-13T05:19:08.942,1,1
4272,bc2c14bd2bf7551f5633c01663847239,94.0,3,1786573149942,2026-08-13T05:19:09.942,1,1
4273,bc2c14bd2bf7551f5633c01663847239,95.0,3,1786573150944,2026-08-13T05:19:10.944,1,1
4274,bc2c14bd2bf7551f5633c01663847239,95.0,3,1786573151941,2026-08-13T05:19:11.941,1,1
4275,bc2c14bd2bf7551f5633c01663847239,96.0,3,1786573152941,2026-08-13T05:19:12.941,1,1
4276,bc2c14bd2bf7551f5633c01663847239,95.0,3,1786573153941,2026-08-13T05:19:13.941,1,1
4277,bc2c14bd2bf7551f5633c01663847239,96.0,3,1786573154944,2026-08-13T05:19:14.944,1,1
4278,bc2c14bd2bf7551f5633c01663847239,96.0,3,1786573155943,2026-08-13T05:19:15.943,1,1
4279,bc2c14bd2bf7551f5633c01663847239,97.0,3,1786573156942,2026-08-13T05:19:16.942,1,1
4280,bc2c14bd2bf7551f5633c01663847239,96.0,3,1786573157942,2026-08-13T05:19:17.942,1,1
4281,bc2c14bd2bf7551f5633c01663847239,97.0,3,1786573158942,2026-08-13T05:19:18.942,1,1
4282,bc2c14bd2bf7551f5633c01663847239,98.0,3,1786573159942,2026-08-13T05:19:19.942,1,1
4283,bc2c14bd2bf7551f5633c01663847239,99.0,3,1786573160941,2026-08-13T05:19:20.941,1,1
4284,bc2c14bd2bf7551f5633c01663847239,100.0,3,1786573161942,2026-08-13T05:19:21.942,1,1
4285,bc2c14bd2bf7551f5633c01663847239,99.0,3,1786573162943,2026-08-13T05:19:22.943,1,1
4286,bc2c14bd2bf7551f5633c01663847239,99.0,3,1786573163941,2026-08-13T05:19:23.941,1,1
4287,bc2c14bd2bf7551f5633c01663847239,98.0,3,1786573164941,2026-08-13T05:19:24.941,1,1
4288,bc2c14bd2bf7551f5633c01663847239,98.0,3,1786573165941,2026-08-13T05:19:25.941,1,1
4289,bc2c14bd2bf7551f5633c01663847239,98.0,3,1786573166941,2026-08-13T05:19:26.941,1,1
4290,bc2c14bd2bf7551f5633c01663847239,97.0,3,1786573167941,2026-08-13T05:19:27.941,1,1
4291,bc2c14bd2bf7551f5633c01663847239,96.0,3,1786573168941,2026-08-13T05:19:28.941,1,1
4292,bc2c14bd2bf7551f5633c01663847239,96.0,3,1786573169942,2026-08-13T05:19:29.942,1,1
4293,bc2c14bd2bf7551f5633c01663847239,95.0,3,1786573170948,2026-08-13T05:19:30.948,1,1
4294,bc2c14bd2bf7551f5633c01663847239,94.0,3,1786573171947,2026-08-13T05:19:31.947,1,1
4295,bc2c14bd2bf7551f5633c01663847239,94.0,3,1786573172943,2026-08-13T05:19:32.943,1,1
4296,bc2c14bd2bf7551f5633c01663847239,94.0,3,1786573173945,2026-08-13T05:19:33.945,1,1
4297,bc2c14bd2bf7551f5633c01663847239,94.0,3,1786573174944,2026-08-13T05:19:34.944,1,1
4298,bc2c14bd2bf7551f5633c01663847239,95.0,3,1786573175942,2026-08-13T05:19:35.942,1,1
4299,bc2c14bd2bf7551f5633c01663847239,95.0,3,1786573176942,2026-08-13T05:19:36.942,1,1
4300,bc2c14bd2bf7551f5633c01663847239,95.0,3,1786573177941,2026-08-13T05:19:37.941,1,1
4301,bc2c14bd2bf7551f5633c01663847239,95.0,3,1786573178941,2026-08-13T05:19:38.941,1,1
4302,bc2c14bd2bf7551f5633c01663847239,95.0,3,1786573179941,2026-08-13T05:19:39.941,1,1
4303,bc2c14bd2bf7551f5633c01663847239,95.0,3,1786573180941,2026-08-13T05:19:40.941,1,1
4304,bc2c14bd2bf7551f5633c01663847239,95.0,3,1786573181942,2026-08-13T05:19:41.942,1,1
4305,bc2c14bd2bf7551f5633c01663847239,94.0,3,1786573182951,2026-08-13T05:19:42.951,1,1
4306,bc2c14bd2bf7551f5633c01663847239,94.0,3,1786573183942,2026-08-13T05:19:43.942,1,1
4307,bc2c14bd2bf7551f5633c01663847239,93.0,3,1786573184941,2026-08-13T05:19:44.941,1,1
4308,bc2c14bd2bf7551f5633c01663847239,93.0,3,1786573185942,2026-08-13T05:19:45.942,1,1
4309,bc2c14bd2bf7551f5633c01663847239,92.0,3,1786573186942,2026-08-13T05:19:46.942,1,1
4310,bc2c14bd2bf7551f5633c01663847239,91.0,3,1786573187941,2026-08-13T05:19:47.941,1,1
4311,bc2c14bd2bf7551f5633c01663847239,91.0,3,1786573188942,2026-08-13T05:19:48.942,1,1
4312,bc2c14bd2bf7551f5633c01663847239,91.0,3,1786573189942,2026-08-13T05:19:49.942,1,1
4313,bc2c14bd2bf7551f5633c01663847239,91.0,3,1786573190941,2026-08-13T05:19:50.941,1,1
4314,bc2c14bd2bf7551f5633c01663847239,91.0,3,1786573191941,2026-08-13T05:19:51.941,1,1
4315,bc2c14bd2bf7551f5633c01663847239,92.0,3,1786573192941,2026-08-13T05:19:52.941,1,1
4316,bc2c14bd2bf7551f5633c01663847239,92.0,3,1786573193948,2026-08-13T05:19:53.948,1,1
4317,bc2c14bd2bf7551f5633c01663847239,93.0,3,1786573194948,2026-08-13T05:19:54.948,1,1
4318,bc2c14bd2bf7551f5633c01663847239,93.0,3,1786573195947,2026-08-13T05:19:55.947,1,1
4319,bc2c14bd2bf7551f5633c01663847239,93.0,3,1786573196946,2026-08-13T05:19:56.946,1,1
4320,bc2c14bd2bf7551f5633c01663847239,93.0,3,1786573197944,2026-08-13T05:19:57.944,1,1
4321,bc2c14bd2bf7551f5633c01663847239,93.0,3,1786573198942,2026-08-13T05:19:58.942,1,1
4322,bc2c14bd2bf7551f5633c01663847239,92.0,3,1786573199941,2026-08-13T05:19:59.941,1,1
4323,bc2c14bd2bf7551f5633c01663847239,91.0,3,1786573200941,2026-08-13T05:20:00.941,1,1
4324,bc2c14bd2bf7551f5633c01663847239,91.0,3,1786573201943,2026-08-13T05:20:01.943,1,1
4325,bc2c14bd2bf7551f5633c01663847239,91.0,3,1786573202943,2026-08-13T05:20:02.943,1,1
4326,bc2c14bd2bf7551f5633c01663847239,91.0,3,1786573203941,2026-08-13T05:20:03.941,1,1
4327,bc2c14bd2bf7551f5633c01663847239,91.0,3,1786573204941,2026-08-13T05:20:04.941,1,1
4328,bc2c14bd2bf7551f5633c01663847239,91.0,3,1786573205941,2026-08-13T05:20:05.941,1,1
4329,bc2c14bd2bf7551f5633c01663847239,90.0,3,1786573206942,2026-08-13T05:20:06.942,1,1
4330,bc2c14bd2bf7551f5633c01663847239,90.0,3,1786573207941,2026-08-13T05:20:07.941,1,1
4331,bc2c14bd2bf7551f5633c01663847239,90.0,3,1786573208941,2026-08-13T05:20:08.941,1,1
4332,bc2c14bd2bf7551f5633c01663847239,91.0,3,1786573209950,2026-08-13T05:20:09.950,1,1
4333,bc2c14bd2bf7551f5633c01663847239,92.0,3,1786573210949,2026-08-13T05:20:10.949,1,1
4334,bc2c14bd2bf7551f5633c01663847239,93.0,3,1786573211946,2026-08-13T05:20:11.946,1,1
4335,bc2c14bd2bf7551f5633c01663847239,94.0,3,1786573212944,2026-08-13T05:20:12.944,1,1
4336,bc2c14bd2bf7551f5633c01663847239,95.0,3,1786573213941,2026-08-13T05:20:13.941,1,1
4337,bc2c14bd2bf7551f5633c01663847239,96.0,3,1786573214941,2026-08-13T05:20:14.941,1,1
4338,bc2c14bd2bf7551f5633c01663847239,97.0,3,1786573215941,2026-08-13T05:20:15.941,1,1
4339,bc2c14bd2bf7551f5633c01663847239,98.0,3,1786573216941,2026-08-13T05:20:16.941,1,1
4340,bc2c14bd2bf7551f5633c01663847239,98.0,3,1786573217941,2026-08-13T05:20:17.941,1,1
4341,bc2c14bd2bf7551f5633c01663847239,98.0,3,1786573218941,2026-08-13T05:20:18.941,1,1
4342,bc2c14bd2bf7551f5633c01663847239,97.0,3,1786573219941,2026-08-13T05:20:19.941,1,1
4343,bc2c14bd2bf7551f5633c01663847239,96.0,3,1786573220942,2026-08-13T05:20:20.942,1,1
4344,bc2c14bd2bf7551f5633c01663847239,95.0,3,1786573221941,2026-08-13T05:20:21.941,1,1
4345,bc2c14bd2bf7551f5633c01663847239,94.0,3,1786573222943,2026-08-13T05:20:22.943,1,1
4346,bc2c14bd2bf7551f5633c01663847239,93.0,3,1786573223941,2026-08-13T05:20:23.941,1,1
4347,bc2c14bd2bf7551f5633c01663847239,93.0,3,1786573224942,2026-08-13T05:20:24.942,1,1
4348,bc2c14bd2bf7551f5633c01663847239,93.0,3,1786573225941,2026-08-13T05:20:25.941,1,1
4349,bc2c14bd2bf7551f5633c01663847239,93.0,3,1786573226941,2026-08-13T05:20:26.941,1,1
4350,bc2c14bd2bf7551f5633c01663847239,93.0,3,1786573227942,2026-08-13T05:20:27.942,1,1
4351,bc2c14bd2bf7551f5633c01663847239,93.0,3,1786573228941,2026-08-13T05:20:28.941,1,1
4352,bc2c14bd2bf7551f5633c01663847239,94.0,3,1786573229941,2026-08-13T05:20:29.941,1,1
4353,bc2c14bd2bf7551f5633c01663847239,94.0,3,1786573230942,2026-08-13T05:20:30.942,1,1
4354,bc2c14bd2bf7551f5633c01663847239,94.0,3,1786573231941,2026-08-13T05:20:31.941,1,1
4355,bc2c14bd2bf7551f5633c01663847239,95.0,3,1786573232942,2026-08-13T05:20:32.942,1,1
4356,bc2c14bd2bf7551f5633c01663847239,96.0,3,1786573233941,2026-08-13T05:20:33.941,1,1
4357,bc2c14bd2bf7551f5633c01663847239,96.0,3,1786573234943,2026-08-13T05:20:34.943,1,1
4358,bc2c14bd2bf7551f5633c01663847239,96.0,3,1786573235941,2026-08-13T05:20:35.941,1,1
4359,bc2c14bd2bf7551f5633c01663847239,96.0,3,1786573236941,2026-08-13T05:20:36.941,1,1
4360,bc2c14bd2bf7551f5633c01663847239,97.0,3,1786573237941,2026-08-13T05:20:37.941,1,1
4361,bc2c14bd2bf7551f5633c01663847239,97.0,3,1786573238941,2026-08-13T05:20:38.941,1,1
4362,bc2c14bd2bf7551f5633c01663847239,98.0,3,1786573239941,2026-08-13T05:20:39.941,1,1
4363,bc2c14bd2bf7551f5633c01663847239,98.0,3,1786573240941,2026-08-13T05:20:40.941,1,1
4364,bc2c14bd2bf7551f5633c01663847239,98.0,3,1786573241941,2026-08-13T05:20:41.941,1,1
4365,bc2c14bd2bf7551f5633c01663847239,97.0,3,1786573242941,2026-08-13T05:20:42.941,1,1
4366,bc2c14bd2bf7551f5633c01663847239,97.0,3,1786573243941,2026-08-13T05:20:43.941,1,1
4367,bc2c14bd2bf7551f5633c01663847239,97.0,3,1786573244943,2026-08-13T05:20:44.943,1,1
4368,bc2c14bd2bf7551f5633c01663847239,97.0,3,1786573245950,2026-08-13T05:20:45.950,1,1
4369,bc2c14bd2bf7551f5633c01663847239,97.0,3,1786573246952,2026-08-13T05:20:46.952,1,1
4370,bc2c14bd2bf7551f5633c01663847239,97.0,3,1786573247949,2026-08-13T05:20:47.949,1,1
4371,bc2c14bd2bf7551f5633c01663847239,97.0,3,1786573248946,2026-08-13T05:20:48.946,1,1
4372,bc2c14bd2bf7551f5633c01663847239,96.0,3,1786573249947,2026-08-13T05:20:49.947,1,1
4373,bc2c14bd2bf7551f5633c01663847239,95.0,3,1786573250947,2026-08-13T05:20:50.947,1,1
4374,bc2c14bd2bf7551f5633c01663847239,95.0,3,1786573251946,2026-08-13T05:20:51.946,1,1
4375,bc2c14bd2bf7551f5633c01663847239,95.0,3,1786573252941,2026-08-13T05:20:52.941,1,1
4376,bc2c14bd2bf7551f5633c01663847239,95.0,3,1786573253941,2026-08-13T05:20:53.941,1,1
4377,bc2c14bd2bf7551f5633c01663847239,94.0,3,1786573254942,2026-08-13T05:20:54.942,1,1
4378,bc2c14bd2bf7551f5633c01663847239,94.0,3,1786573255943,2026-08-13T05:20:55.943,1,1
4379,bc2c14bd2bf7551f5633c01663847239,93.0,3,1786573256942,2026-08-13T05:20:56.942,1,1
4380,bc2c14bd2bf7551f5633c01663847239,92.0,3,1786573257941,2026-08-13T05:20:57.941,1,1
4381,bc2c14bd2bf7551f5633c01663847239,92.0,3,1786573258941,2026-08-13T05:20:58.941,1,1
4382,bc2c14bd2bf7551f5633c01663847239,92.0,3,1786573259941,2026-08-13T05:20:59.941,1,1
4383,bc2c14bd2bf7551f5633c01663847239,92.0,3,1786573260941,2026-08-13T05:21:00.941,1,1
4384,bc2c14bd2bf7551f5633c01663847239,92.0,3,1786573261942,2026-08-13T05:21:01.942,1,1
4385,bc2c14bd2bf7551f5633c01663847239,93.0,3,1786573262941,2026-08-13T05:21:02.941,1,1
4386,bc2c14bd2bf7551f5633c01663847239,92.0,3,1786573263941,2026-08-13T05:21:03.941,1,1
4387,bc2c14bd2bf7551f5633c01663847239,92.0,3,1786573264941,2026-08-13T05:21:04.941,1,1
4388,bc2c14bd2bf7551f5633c01663847239,92.0,3,1786573265942,2026-08-13T05:21:05.942,1,1
4389,bc2c14bd2bf7551f5633c01663847239,92.0,3,1786573266941,2026-08-13T05:21:06.941,1,1
4390,bc2c14bd2bf7551f5633c01663847239,92.0,3,1786573267941,2026-08-13T05:21:07.941,1,1
4391,bc2c14bd2bf7551f5633c01663847239,93.0,3,1786573268942,2026-08-13T05:21:08.942,1,1
4392,bc2c14bd2bf7551f5633c01663847239,93.0,3,1786573269942,2026-08-13T05:21:09.942,1,1
4393,bc2c14bd2bf7551f5633c01663847239,94.0,3,1786573270944,2026-08-13T05:21:10.944,1,1
4394,bc2c14bd2bf7551f5633c01663847239,94.0,3,1786573271941,2026-08-13T05:21:11.941,1,1
4395,bc2c14bd2bf7551f5633c01663847239,94.0,3,1786573272943,2026-08-13T05:21:12.943,1,1
4396,bc2c14bd2bf7551f5633c01663847239,94.0,3,1786573273950,2026-08-13T05:21:13.950,1,1
4397,bc2c14bd2bf7551f5633c01663847239,94.0,3,1786573274943,2026-08-13T05:21:14.943,1,1
4398,bc2c14bd2bf7551f5633c01663847239,94.0,3,1786573275941,2026-08-13T05:21:15.941,1,1
4399,bc2c14bd2bf7551f5633c01663847239,94.0,3,1786573276942,2026-08-13T05:21:16.942,1,1
4400,bc2c14bd2bf7551f5633c01663847239,93.0,3,1786573277942,2026-08-13T05:21:17.942,1,1
4401,bc2c14bd2bf7551f5633c01663847239,92.0,3,1786573278941,2026-08-13T05:21:18.941,1,1
4402,bc2c14bd2bf7551f5633c01663847239,92.0,3,1786573279942,2026-08-13T05:21:19.942,1,1
4403,bc2c14bd2bf7551f5633c01663847239,91.0,3,1786573280942,2026-08-13T05:21:20.942,1,1
4404,bc2c14bd2bf7551f5633c01663847239,92.0,3,1786573281941,2026-08-13T05:21:21.941,1,1
4405,bc2c14bd2bf7551f5633c01663847239,91.0,3,1786573282941,2026-08-13T05:21:22.941,1,1
4406,bc2c14bd2bf7551f5633c01663847239,91.0,3,1786573283947,2026-08-13T05:21:23.947,1,1
4407,bc2c14bd2bf7551f5633c01663847239,92.0,3,1786573284941,2026-08-13T05:21:24.941,1,1
4408,bc2c14bd2bf7551f5633c01663847239,93.0,3,1786573285942,2026-08-13T05:21:25.942,1,1
4409,bc2c14bd2bf7551f5633c01663847239,93.0,3,1786573286941,2026-08-13T05:21:26.941,1,1
4410,bc2c14bd2bf7551f5633c01663847239,95.0,3,1786573287942,2026-08-13T05:21:27.942,1,1
4411,bc2c14bd2bf7551f5633c01663847239,96.0,3,1786573288941,2026-08-13T05:21:28.941,1,1
4412,bc2c14bd2bf7551f5633c01663847239,97.0,3,1786573289941,2026-08-13T05:21:29.941,1,1
4413,bc2c14bd2bf7551f5633c01663847239,98.0,3,1786573290942,2026-08-13T05:21:30.942,1,1
4414,bc2c14bd2bf7551f5633c01663847239,98.0,3,1786573291943,2026-08-13T05:21:31.943,1,1
4415,bc2c14bd2bf7551f5633c01663847239,97.0,3,1786573292941,2026-08-13T05:21:32.941,1,1
4416,bc2c14bd2bf7551f5633c01663847239,96.0,3,1786573293941,2026-08-13T05:21:33.941,1,1
4417,bc2c14bd2bf7551f5633c01663847239,96.0,3,1786573294941,2026-08-13T05:21:34.941,1,1
4418,bc2c14bd2bf7551f5633c01663847239,96.0,3,1786573295942,2026-08-13T05:21:35.942,1,1
4419,bc2c14bd2bf7551f5633c01663847239,96.0,3,1786573296950,2026-08-13T05:21:36.950,1,1
4420,bc2c14bd2bf7551f5633c01663847239,97.0,3,1786573297948,2026-08-13T05:21:37.948,1,1
4421,bc2c14bd2bf7551f5633c01663847239,97.0,3,1786573298953,2026-08-13T05:21:38.953,1,1
4422,bc2c14bd2bf7551f5633c01663847239,97.0,3,1786573299957,2026-08-13T05:21:39.957,1,1
4423,bc2c14bd2bf7551f5633c01663847239,97.0,3,1786573300941,2026-08-13T05:21:40.941,1,1
4424,bc2c14bd2bf7551f5633c01663847239,97.0,3,1786573301952,2026-08-13T05:21:41.952,1,1
4425,bc2c14bd2bf7551f5633c01663847239,96.0,3,1786573302954,2026-08-13T05:21:42.954,1,1
4426,bc2c14bd2bf7551f5633c01663847239,95.0,3,1786573303960,2026-08-13T05:21:43.960,1,1
4427,bc2c14bd2bf7551f5633c01663847239,95.0,3,1786573304943,2026-08-13T05:21:44.943,1,0
4428,bc2c14bd2bf7551f5633c01663847239,95.0,3,1786573305941,2026-08-13T05:21:45.941,1,1
4429,bc2c14bd2bf7551f5633c01663847239,94.0,3,1786573306942,2026-08-13T05:21:46.942,1,1
4430,bc2c14bd2bf7551f5633c01663847239,94.0,3,1786573307941,2026-08-13T05:21:47.941,1,1
4431,bc2c14bd2bf7551f5633c01663847239,93.0,3,1786573308940,2026-08-13T05:21:48.940,1,1
4432,bc2c14bd2bf7551f5633c01663847239,93.0,3,1786573309942,2026-08-13T05:21:49.942,1,1
4433,bc2c14bd2bf7551f5633c01663847239,94.0,3,1786573310942,2026-08-13T05:21:50.942,1,1
4434,bc2c14bd2bf7551f5633c01663847239,94.0,3,1786573311941,2026-08-13T05:21:51.941,1,1
4435,bc2c14bd2bf7551f5633c01663847239,95.0,3,1786573312942,2026-08-13T05:21:52.942,1,1
4436,bc2c14bd2bf7551f5633c01663847239,96.0,3,1786573313944,2026-08-13T05:21:53.944,1,1
4437,bc2c14bd2bf7551f5633c01663847239,96.0,3,1786573314944,2026-08-13T05:21:54.944,1,1
4438,bc2c14bd2bf7551f5633c01663847239,96.0,3,1786573315944,2026-08-13T05:21:55.944,1,1
4439,bc2c14bd2bf7551f5633c01663847239,97.0,3,1786573316943,2026-08-13T05:21:56.943,1,1
4440,bc2c14bd2bf7551f5633c01663847239,100.0,3,1786573317941,2026-08-13T05:21:57.941,1,1
4441,bc2c14bd2bf7551f5633c01663847239,101.0,3,1786573318942,2026-08-13T05:21:58.942,1,1
4442,bc2c14bd2bf7551f5633c01663847239,100.0,3,1786573319942,2026-08-13T05:21:59.942,1,1
4443,bc2c14bd2bf7551f5633c01663847239,102.0,3,1786573320941,2026-08-13T05:22:00.941,1,1
4444,bc2c14bd2bf7551f5633c01663847239,103.0,3,1786573321941,2026-08-13T05:22:01.941,1,1
4445,bc2c14bd2bf7551f5633c01663847239,104.0,3,1786573322942,2026-08-13T05:22:02.942,1,1
4446,bc2c14bd2bf7551f5633c01663847239,103.0,3,1786573323942,2026-08-13T05:22:03.942,1,1
4447,bc2c14bd2bf7551f5633c01663847239,102.0,3,1786573324941,2026-08-13T05:22:04.941,1,1
4448,bc2c14bd2bf7551f5633c01663847239,100.0,3,1786573325941,2026-08-13T05:22:05.941,1,1
4449,bc2c14bd2bf7551f5633c01663847239,99.0,3,1786573326941,2026-08-13T05:22:06.941,1,1
4450,bc2c14bd2bf7551f5633c01663847239,97.0,3,1786573327941,2026-08-13T05:22:07.941,1,1
4451,bc2c14bd2bf7551f5633c01663847239,95.0,3,1786573328941,2026-08-13T05:22:08.941,1,1
4452,bc2c14bd2bf7551f5633c01663847239,95.0,3,1786573329941,2026-08-13T05:22:09.941,1,1
4453,bc2c14bd2bf7551f5633c01663847239,94.0,3,1786573330941,2026-08-13T05:22:10.941,1,1
4454,bc2c14bd2bf7551f5633c01663847239,93.0,3,1786573331941,2026-08-13T05:22:11.941,1,1
4455,bc2c14bd2bf7551f5633c01663847239,93.0,3,1786573332941,2026-08-13T05:22:12.941,1,1
4456,bc2c14bd2bf7551f5633c01663847239,93.0,3,1786573333941,2026-08-13T05:22:13.941,1,1
4457,bc2c14bd2bf7551f5633c01663847239,93.0,3,1786573334942,2026-08-13T05:22:14.942,1,1
4458,bc2c14bd2bf7551f5633c01663847239,95.0,3,1786573335942,2026-08-13T05:22:15.942,1,1
4459,bc2c14bd2bf7551f5633c01663847239,96.0,3,1786573336951,2026-08-13T05:22:16.951,1,1
4460,bc2c14bd2bf7551f5633c01663847239,97.0,3,1786573337951,2026-08-13T05:22:17.951,1,1
4461,bc2c14bd2bf7551f5633c01663847239,99.0,3,1786573338949,2026-08-13T05:22:18.949,1,1
4462,bc2c14bd2bf7551f5633c01663847239,100.0,3,1786573339947,2026-08-13T05:22:19.947,1,1
4463,bc2c14bd2bf7551f5633c01663847239,100.0,3,1786573340947,2026-08-13T05:22:20.947,1,1
4464,bc2c14bd2bf7551f5633c01663847239,99.0,3,1786573341946,2026-08-13T05:22:21.946,1,1
4465,bc2c14bd2bf7551f5633c01663847239,97.0,3,1786573342944,2026-08-13T05:22:22.944,1,1
4466,bc2c14bd2bf7551f5633c01663847239,96.0,3,1786573343943,2026-08-13T05:22:23.943,1,1
4467,bc2c14bd2bf7551f5633c01663847239,95.0,3,1786573344942,2026-08-13T05:22:24.942,1,1
4468,bc2c14bd2bf7551f5633c01663847239,94.0,3,1786573345942,2026-08-13T05:22:25.942,1,1
4469,bc2c14bd2bf7551f5633c01663847239,92.0,3,1786573346943,2026-08-13T05:22:26.943,1,1
4470,bc2c14bd2bf7551f5633c01663847239,90.0,3,1786573347943,2026-08-13T05:22:27.943,1,1
4471,bc2c14bd2bf7551f5633c01663847239,90.0,3,1786573348941,2026-08-13T05:22:28.941,1,1
4472,bc2c14bd2bf7551f5633c01663847239,89.0,3,1786573349942,2026-08-13T05:22:29.942,1,1
4473,bc2c14bd2bf7551f5633c01663847239,88.0,3,1786573350941,2026-08-13T05:22:30.941,1,1
4474,bc2c14bd2bf7551f5633c01663847239,88.0,3,1786573351942,2026-08-13T05:22:31.942,1,1
4475,bc2c14bd2bf7551f5633c01663847239,88.0,3,1786573352941,2026-08-13T05:22:32.941,1,1
4476,bc2c14bd2bf7551f5633c01663847239,89.0,3,1786573353942,2026-08-13T05:22:33.942,1,1
4477,bc2c14bd2bf7551f5633c01663847239,90.0,3,1786573354941,2026-08-13T05:22:34.941,1,1
4478,bc2c14bd2bf7551f5633c01663847239,90.0,3,1786573355945,2026-08-13T05:22:35.945,1,1
4479,bc2c14bd2bf7551f5633c01663847239,89.0,3,1786573356941,2026-08-13T05:22:36.941,1,1
4480,bc2c14bd2bf7551f5633c01663847239,88.0,3,1786573357941,2026-08-13T05:22:37.941,1,1
4481,bc2c14bd2bf7551f5633c01663847239,88.0,3,1786573358941,2026-08-13T05:22:38.941,1,1
4482,bc2c14bd2bf7551f5633c01663847239,87.0,3,1786573359941,2026-08-13T05:22:39.941,1,1
4483,bc2c14bd2bf7551f5633c01663847239,87.0,3,1786573360944,2026-08-13T05:22:40.944,1,1
4484,bc2c14bd2bf7551f5633c01663847239,87.0,3,1786573361943,2026-08-13T05:22:41.943,1,1
4485,bc2c14bd2bf7551f5633c01663847239,88.0,3,1786573362944,2026-08-13T05:22:42.944,1,1
4486,bc2c14bd2bf7551f5633c01663847239,89.0,3,1786573363942,2026-08-13T05:22:43.942,1,1
4487,bc2c14bd2bf7551f5633c01663847239,89.0,3,1786573364941,2026-08-13T05:22:44.941,1,1
4488,bc2c14bd2bf7551f5633c01663847239,91.0,3,1786573365942,2026-08-13T05:22:45.942,1,1
4489,bc2c14bd2bf7551f5633c01663847239,90.0,3,1786573366942,2026-08-13T05:22:46.942,1,1
4490,bc2c14bd2bf7551f5633c01663847239,91.0,3,1786573367941,2026-08-13T05:22:47.941,1,1
4491,bc2c14bd2bf7551f5633c01663847239,90.0,3,1786573368941,2026-08-13T05:22:48.941,1,1
4492,bc2c14bd2bf7551f5633c01663847239,89.0,3,1786573369943,2026-08-13T05:22:49.943,1,1
4493,bc2c14bd2bf7551f5633c01663847239,88.0,3,1786573370961,2026-08-13T05:22:50.961,1,1
4494,bc2c14bd2bf7551f5633c01663847239,88.0,3,1786573371949,2026-08-13T05:22:51.949,1,1
4495,bc2c14bd2bf7551f5633c01663847239,88.0,3,1786573372947,2026-08-13T05:22:52.947,1,1
4496,bc2c14bd2bf7551f5633c01663847239,88.0,3,1786573373941,2026-08-13T05:22:53.941,1,1
4497,bc2c14bd2bf7551f5633c01663847239,88.0,3,1786573374952,2026-08-13T05:22:54.952,1,1
4498,bc2c14bd2bf7551f5633c01663847239,88.0,3,1786573375942,2026-08-13T05:22:55.942,1,1
4499,bc2c14bd2bf7551f5633c01663847239,89.0,3,1786573376942,2026-08-13T05:22:56.942,1,1
4500,bc2c14bd2bf7551f5633c01663847239,89.0,3,1786573377941,2026-08-13T05:22:57.941,1,1
4501,bc2c14bd2bf7551f5633c01663847239,89.0,3,1786573378942,2026-08-13T05:22:58.942,1,1
4502,bc2c14bd2bf7551f5633c01663847239,90.0,3,1786573379943,2026-08-13T05:22:59.943,1,1
4503,bc2c14bd2bf7551f5633c01663847239,90.0,3,1786573380941,2026-08-13T05:23:00.941,1,1
4504,bc2c14bd2bf7551f5633c01663847239,90.0,3,1786573381945,2026-08-13T05:23:01.945,1,1
4505,bc2c14bd2bf7551f5633c01663847239,90.0,3,1786573382943,2026-08-13T05:23:02.943,1,1
4506,bc2c14bd2bf7551f5633c01663847239,90.0,3,1786573383942,2026-08-13T05:23:03.942,1,1
4507,bc2c14bd2bf7551f5633c01663847239,90.0,3,1786573384941,2026-08-13T05:23:04.941,1,1
4508,bc2c14bd2bf7551f5633c01663847239,91.0,3,1786573385941,2026-08-13T05:23:05.941,1,1
4509,bc2c14bd2bf7551f5633c01663847239,91.0,3,1786573386941,2026-08-13T05:23:06.941,1,1
4510,bc2c14bd2bf7551f5633c01663847239,91.0,3,1786573387941,2026-08-13T05:23:07.941,1,1
4511,bc2c14bd2bf7551f5633c01663847239,92.0,3,1786573388941,2026-08-13T05:23:08.941,1,1
4512,bc2c14bd2bf7551f5633c01663847239,93.0,3,1786573389941,2026-08-13T05:23:09.941,1,1
4513,bc2c14bd2bf7551f5633c01663847239,94.0,3,1786573390941,2026-08-13T05:23:10.941,1,1
4514,bc2c14bd2bf7551f5633c01663847239,95.0,3,1786573391942,2026-08-13T05:23:11.942,1,1
4515,bc2c14bd2bf7551f5633c01663847239,95.0,3,1786573392940,2026-08-13T05:23:12.940,1,1
4516,bc2c14bd2bf7551f5633c01663847239,94.0,3,1786573393942,2026-08-13T05:23:13.942,1,1
4517,bc2c14bd2bf7551f5633c01663847239,93.0,3,1786573394941,2026-08-13T05:23:14.941,1,1
4518,bc2c14bd2bf7551f5633c01663847239,93.0,3,1786573395941,2026-08-13T05:23:15.941,1,1
4519,bc2c14bd2bf7551f5633c01663847239,92.0,3,1786573396942,2026-08-13T05:23:16.942,1,1
4520,bc2c14bd2bf7551f5633c01663847239,92.0,3,1786573397950,2026-08-13T05:23:17.950,1,1
4521,bc2c14bd2bf7551f5633c01663847239,91.0,3,1786573398948,2026-08-13T05:23:18.948,1,1
4522,bc2c14bd2bf7551f5633c01663847239,90.0,3,1786573399948,2026-08-13T05:23:19.948,1,1
4523,bc2c14bd2bf7551f5633c01663847239,90.0,3,1786573400947,2026-08-13T05:23:20.947,1,1
4524,bc2c14bd2bf7551f5633c01663847239,90.0,3,1786573401944,2026-08-13T05:23:21.944,1,1
4525,bc2c14bd2bf7551f5633c01663847239,89.0,3,1786573402946,2026-08-13T05:23:22.946,1,1
4526,bc2c14bd2bf7551f5633c01663847239,89.0,3,1786573403942,2026-08-13T05:23:23.942,1,1
4527,bc2c14bd2bf7551f5633c01663847239,90.0,3,1786573404949,2026-08-13T05:23:24.949,1,1
4528,bc2c14bd2bf7551f5633c01663847239,89.0,3,1786573405941,2026-08-13T05:23:25.941,1,1
4529,bc2c14bd2bf7551f5633c01663847239,89.0,3,1786573406941,2026-08-13T05:23:26.941,1,1
4530,bc2c14bd2bf7551f5633c01663847239,89.0,3,1786573407942,2026-08-13T05:23:27.942,1,1
4531,bc2c14bd2bf7551f5633c01663847239,89.0,3,1786573408941,2026-08-13T05:23:28.941,1,1
4532,bc2c14bd2bf7551f5633c01663847239,88.0,3,1786573409943,2026-08-13T05:23:29.943,1,1
4533,bc2c14bd2bf7551f5633c01663847239,88.0,3,1786573410941,2026-08-13T05:23:30.941,1,1
4534,bc2c14bd2bf7551f5633c01663847239,87.0,3,1786573411942,2026-08-13T05:23:31.942,1,1
4535,bc2c14bd2bf7551f5633c01663847239,87.0,3,1786573412942,2026-08-13T05:23:32.942,1,1
4536,bc2c14bd2bf7551f5633c01663847239,88.0,3,1786573413941,2026-08-13T05:23:33.941,1,1
4537,bc2c14bd2bf7551f5633c01663847239,89.0,3,1786573414942,2026-08-13T05:23:34.942,1,1
4538,bc2c14bd2bf7551f5633c01663847239,90.0,3,1786573415941,2026-08-13T05:23:35.941,1,1
4539,bc2c14bd2bf7551f5633c01663847239,90.0,3,1786573416942,2026-08-13T05:23:36.942,1,1
4540,bc2c14bd2bf7551f5633c01663847239,90.0,3,1786573417942,2026-08-13T05:23:37.942,1,1
4541,bc2c14bd2bf7551f5633c01663847239,89.0,3,1786573418942,2026-08-13T05:23:38.942,1,1
4542,bc2c14bd2bf7551f5633c01663847239,88.0,3,1786573419941,2026-08-13T05:23:39.941,1,1
4543,bc2c14bd2bf7551f5633c01663847239,88.0,3,1786573420941,2026-08-13T05:23:40.941,1,1
4544,bc2c14bd2bf7551f5633c01663847239,87.0,3,1786573421941,2026-08-13T05:23:41.941,1,1
4545,bc2c14bd2bf7551f5633c01663847239,87.0,3,1786573422951,2026-08-13T05:23:42.951,1,1
4546,bc2c14bd2bf7551f5633c01663847239,87.0,3,1786573423950,2026-08-13T05:23:43.950,1,1
4547,bc2c14bd2bf7551f5633c01663847239,87.0,3,1786573424949,2026-08-13T05:23:44.949,1,1
4548,bc2c14bd2bf7551f5633c01663847239,87.0,3,1786573425947,2026-08-13T05:23:45.947,1,1
4549,bc2c14bd2bf7551f5633c01663847239,88.0,3,1786573426948,2026-08-13T05:23:46.948,1,1
4550,bc2c14bd2bf7551f5633c01663847239,88.0,3,1786573427947,2026-08-13T05:23:47.947,1,1
4551,bc2c14bd2bf7551f5633c01663847239,87.0,3,1786573428944,2026-08-13T05:23:48.944,1,1
4552,bc2c14bd2bf7551f5633c01663847239,86.0,3,1786573429941,2026-08-13T05:23:49.941,1,1
4553,bc2c14bd2bf7551f5633c01663847239,86.0,3,1786573430942,2026-08-13T05:23:50.942,1,1
4554,bc2c14bd2bf7551f5633c01663847239,85.0,3,1786573431941,2026-08-13T05:23:51.941,1,1
4555,bc2c14bd2bf7551f5633c01663847239,84.0,3,1786573432941,2026-08-13T05:23:52.941,1,1
4556,bc2c14bd2bf7551f5633c01663847239,85.0,3,1786573433941,2026-08-13T05:23:53.941,1,1
4557,bc2c14bd2bf7551f5633c01663847239,85.0,3,1786573434943,2026-08-13T05:23:54.943,1,1
4558,bc2c14bd2bf7551f5633c01663847239,86.0,3,1786573435942,2026-08-13T05:23:55.942,1,1
4559,bc2c14bd2bf7551f5633c01663847239,86.0,3,1786573436942,2026-08-13T05:23:56.942,1,1
4560,bc2c14bd2bf7551f5633c01663847239,86.0,3,1786573437941,2026-08-13T05:23:57.941,1,1
4561,bc2c14bd2bf7551f5633c01663847239,87.0,3,1786573438941,2026-08-13T05:23:58.941,1,1
4562,bc2c14bd2bf7551f5633c01663847239,86.0,3,1786573439941,2026-08-13T05:23:59.941,1,1
4563,bc2c14bd2bf7551f5633c01663847239,86.0,3,1786573440941,2026-08-13T05:24:00.941,1,1
4564,bc2c14bd2bf7551f5633c01663847239,87.0,3,1786573441942,2026-08-13T05:24:01.942,1,1
4565,bc2c14bd2bf7551f5633c01663847239,87.0,3,1786573442942,2026-08-13T05:24:02.942,1,1
4566,bc2c14bd2bf7551f5633c01663847239,88.0,3,1786573443942,2026-08-13T05:24:03.942,1,1
4567,bc2c14bd2bf7551f5633c01663847239,88.0,3,1786573444941,2026-08-13T05:24:04.941,1,1
4568,bc2c14bd2bf7551f5633c01663847239,88.0,3,1786573445941,2026-08-13T05:24:05.941,1,1
4569,bc2c14bd2bf7551f5633c01663847239,88.0,3,1786573446942,2026-08-13T05:24:06.942,1,1
4570,bc2c14bd2bf7551f5633c01663847239,88.0,3,1786573447951,2026-08-13T05:24:07.951,1,1
4571,bc2c14bd2bf7551f5633c01663847239,88.0,3,1786573448949,2026-08-13T05:24:08.949,1,1
4572,bc2c14bd2bf7551f5633c01663847239,88.0,3,1786573449950,2026-08-13T05:24:09.950,1,1
4573,bc2c14bd2bf7551f5633c01663847239,88.0,3,1786573450943,2026-08-13T05:24:10.943,1,1
4574,bc2c14bd2bf7551f5633c01663847239,89.0,3,1786573451944,2026-08-13T05:24:11.944,1,1
4575,bc2c14bd2bf7551f5633c01663847239,88.0,3,1786573452943,2026-08-13T05:24:12.943,1,1
4576,bc2c14bd2bf7551f5633c01663847239,87.0,3,1786573453943,2026-08-13T05:24:13.943,1,1
4577,bc2c14bd2bf7551f5633c01663847239,86.0,3,1786573454941,2026-08-13T05:24:14.941,1,1
4578,bc2c14bd2bf7551f5633c01663847239,85.0,3,1786573455943,2026-08-13T05:24:15.943,1,1
4579,bc2c14bd2bf7551f5633c01663847239,84.0,3,1786573456941,2026-08-13T05:24:16.941,1,1
4580,bc2c14bd2bf7551f5633c01663847239,83.0,3,1786573457941,2026-08-13T05:24:17.941,1,1
4581,bc2c14bd2bf7551f5633c01663847239,83.0,3,1786573458941,2026-08-13T05:24:18.941,1,1
4582,bc2c14bd2bf7551f5633c01663847239,84.0,3,1786573459941,2026-08-13T05:24:19.941,1,1
4583,bc2c14bd2bf7551f5633c01663847239,85.0,3,1786573460941,2026-08-13T05:24:20.941,1,1
4584,bc2c14bd2bf7551f5633c01663847239,86.0,3,1786573461941,2026-08-13T05:24:21.941,1,1
4585,bc2c14bd2bf7551f5633c01663847239,88.0,3,1786573462941,2026-08-13T05:24:22.941,1,1
4586,bc2c14bd2bf7551f5633c01663847239,88.0,3,1786573463941,2026-08-13T05:24:23.941,1,1
4587,bc2c14bd2bf7551f5633c01663847239,88.0,3,1786573464942,2026-08-13T05:24:24.942,1,1
4588,bc2c14bd2bf7551f5633c01663847239,88.0,3,1786573465944,2026-08-13T05:24:25.944,1,1
4589,bc2c14bd2bf7551f5633c01663847239,88.0,3,1786573466953,2026-08-13T05:24:26.953,1,1
4590,bc2c14bd2bf7551f5633c01663847239,88.0,3,1786573467942,2026-08-13T05:24:27.942,1,1
4591,bc2c14bd2bf7551f5633c01663847239,88.0,3,1786573468942,2026-08-13T05:24:28.942,1,1
4592,bc2c14bd2bf7551f5633c01663847239,89.0,3,1786573469941,2026-08-13T05:24:29.941,1,1
4593,bc2c14bd2bf7551f5633c01663847239,90.0,3,1786573470941,2026-08-13T05:24:30.941,1,1
4594,bc2c14bd2bf7551f5633c01663847239,91.0,3,1786573471941,2026-08-13T05:24:31.941,1,1
4595,bc2c14bd2bf7551f5633c01663847239,91.0,3,1786573472941,2026-08-13T05:24:32.941,1,1
4596,bc2c14bd2bf7551f5633c01663847239,91.0,3,1786573473941,2026-08-13T05:24:33.941,1,1
4597,bc2c14bd2bf7551f5633c01663847239,91.0,3,1786573474941,2026-08-13T05:24:34.941,1,1
4598,bc2c14bd2bf7551f5633c01663847239,91.0,3,1786573475941,2026-08-13T05:24:35.941,1,1
4599,bc2c14bd2bf7551f5633c01663847239,90.0,3,1786573476941,2026-08-13T05:24:36.941,1,1
4600,bc2c14bd2bf7551f5633c01663847239,90.0,3,1786573477941,2026-08-13T05:24:37.941,1,1
4601,bc2c14bd2bf7551f5633c01663847239,89.0,3,1786573478941,2026-08-13T05:24:38.941,1,1
4602,bc2c14bd2bf7551f5633c01663847239,89.0,3,1786573479941,2026-08-13T05:24:39.941,1,1
4603,bc2c14bd2bf7551f5633c01663847239,89.0,3,1786573480942,2026-08-13T05:24:40.942,1,1
4604,bc2c14bd2bf7551f5633c01663847239,88.0,3,1786573481961,2026-08-13T05:24:41.961,1,1
4605,bc2c14bd2bf7551f5633c01663847239,88.0,3,1786573482949,2026-08-13T05:24:42.949,1,1
4606,bc2c14bd2bf7551f5633c01663847239,88.0,3,1786573483947,2026-08-13T05:24:43.947,1,1
4607,bc2c14bd2bf7551f5633c01663847239,88.0,3,1786573484948,2026-08-13T05:24:44.948,1,1
4608,bc2c14bd2bf7551f5633c01663847239,88.0,3,1786573485947,2026-08-13T05:24:45.947,1,1
4609,bc2c14bd2bf7551f5633c01663847239,88.0,3,1786573486945,2026-08-13T05:24:46.945,1,1
4610,bc2c14bd2bf7551f5633c01663847239,88.0,3,1786573487945,2026-08-13T05:24:47.945,1,1
4611,bc2c14bd2bf7551f5633c01663847239,88.0,3,1786573488942,2026-08-13T05:24:48.942,1,1
4612,bc2c14bd2bf7551f5633c01663847239,88.0,3,1786573489941,2026-08-13T05:24:49.941,1,1
4613,bc2c14bd2bf7551f5633c01663847239,88.0,3,1786573490941,2026-08-13T05:24:50.941,1,1
4614,bc2c14bd2bf7551f5633c01663847239,88.0,3,1786573491941,2026-08-13T05:24:51.941,1,1
4615,bc2c14bd2bf7551f5633c01663847239,88.0,3,1786573492942,2026-08-13T05:24:52.942,1,1
4616,bc2c14bd2bf7551f5633c01663847239,88.0,3,1786573493951,2026-08-13T05:24:53.951,1,1
4617,bc2c14bd2bf7551f5633c01663847239,88.0,3,1786573494950,2026-08-13T05:24:54.950,1,1
4618,bc2c14bd2bf7551f5633c01663847239,87.0,3,1786573495941,2026-08-13T05:24:55.941,1,1
4619,bc2c14bd2bf7551f5633c01663847239,88.0,3,1786573496942,2026-08-13T05:24:56.942,1,1
4620,bc2c14bd2bf7551f5633c01663847239,88.0,3,1786573497941,2026-08-13T05:24:57.941,1,1
4621,bc2c14bd2bf7551f5633c01663847239,87.0,3,1786573498941,2026-08-13T05:24:58.941,1,1
4622,bc2c14bd2bf7551f5633c01663847239,88.0,3,1786573499941,2026-08-13T05:24:59.941,1,1
4623,bc2c14bd2bf7551f5633c01663847239,89.0,3,1786573500941,2026-08-13T05:25:00.941,1,1
4624,bc2c14bd2bf7551f5633c01663847239,89.0,3,1786573501941,2026-08-13T05:25:01.941,1,1
4625,bc2c14bd2bf7551f5633c01663847239,90.0,3,1786573502949,2026-08-13T05:25:02.949,1,1
4626,bc2c14bd2bf7551f5633c01663847239,91.0,3,1786573503941,2026-08-13T05:25:03.941,1,1
4627,bc2c14bd2bf7551f5633c01663847239,92.0,3,1786573504941,2026-08-13T05:25:04.941,1,1
4628,bc2c14bd2bf7551f5633c01663847239,91.0,3,1786573505947,2026-08-13T05:25:05.947,1,1
4629,bc2c14bd2bf7551f5633c01663847239,91.0,3,1786573506942,2026-08-13T05:25:06.942,1,0
4630,bc2c14bd2bf7551f5633c01663847239,91.0,3,1786573507942,2026-08-13T05:25:07.942,1,1
4631,bc2c14bd2bf7551f5633c01663847239,90.0,3,1786573508949,2026-08-13T05:25:08.949,1,1
4632,bc2c14bd2bf7551f5633c01663847239,90.0,3,1786573509948,2026-08-13T05:25:09.948,1,1
4633,bc2c14bd2bf7551f5633c01663847239,89.0,3,1786573510948,2026-08-13T05:25:10.948,1,1
4634,bc2c14bd2bf7551f5633c01663847239,90.0,3,1786573511947,2026-08-13T05:25:11.947,1,1
4635,bc2c14bd2bf7551f5633c01663847239,90.0,3,1786573512946,2026-08-13T05:25:12.946,1,1
4636,bc2c14bd2bf7551f5633c01663847239,91.0,3,1786573513946,2026-08-13T05:25:13.946,1,1
4637,bc2c14bd2bf7551f5633c01663847239,92.0,3,1786573514945,2026-08-13T05:25:14.945,1,1
4638,bc2c14bd2bf7551f5633c01663847239,92.0,3,1786573515945,2026-08-13T05:25:15.945,1,1
4639,bc2c14bd2bf7551f5633c01663847239,92.0,3,1786573516943,2026-08-13T05:25:16.943,1,1
4640,bc2c14bd2bf7551f5633c01663847239,93.0,3,1786573517942,2026-08-13T05:25:17.942,1,1
4641,bc2c14bd2bf7551f5633c01663847239,92.0,3,1786573518942,2026-08-13T05:25:18.942,1,1
4642,bc2c14bd2bf7551f5633c01663847239,92.0,3,1786573519941,2026-08-13T05:25:19.941,1,1
4643,bc2c14bd2bf7551f5633c01663847239,91.0,3,1786573520941,2026-08-13T05:25:20.941,1,1
4644,bc2c14bd2bf7551f5633c01663847239,90.0,3,1786573521942,2026-08-13T05:25:21.942,1,1
4645,bc2c14bd2bf7551f5633c01663847239,90.0,3,1786573522942,2026-08-13T05:25:22.942,1,1
4646,bc2c14bd2bf7551f5633c01663847239,90.0,3,1786573523941,2026-08-13T05:25:23.941,1,1
4647,bc2c14bd2bf7551f5633c01663847239,90.0,3,1786573524941,2026-08-13T05:25:24.941,1,1
4648,bc2c14bd2bf7551f5633c01663847239,90.0,3,1786573525942,2026-08-13T05:25:25.942,1,1
4649,bc2c14bd2bf7551f5633c01663847239,89.0,3,1786573526942,2026-08-13T05:25:26.942,1,1
4650,bc2c14bd2bf7551f5633c01663847239,89.0,3,1786573527941,2026-08-13T05:25:27.941,1,1
4651,bc2c14bd2bf7551f5633c01663847239,89.0,3,1786573528941,2026-08-13T05:25:28.941,1,1
4652,bc2c14bd2bf7551f5633c01663847239,89.0,3,1786573529941,2026-08-13T05:25:29.941,1,1
4653,bc2c14bd2bf7551f5633c01663847239,89.0,3,1786573530941,2026-08-13T05:25:30.941,1,1
4654,bc2c14bd2bf7551f5633c01663847239,90.0,3,1786573531950,2026-08-13T05:25:31.950,1,1
4655,bc2c14bd2bf7551f5633c01663847239,90.0,3,1786573532948,2026-08-13T05:25:32.948,1,1
4656,bc2c14bd2bf7551f5633c01663847239,91.0,3,1786573533946,2026-08-13T05:25:33.946,1,1
4657,bc2c14bd2bf7551f5633c01663847239,91.0,3,1786573534941,2026-08-13T05:25:34.941,1,1
4658,bc2c14bd2bf7551f5633c01663847239,92.0,3,1786573535943,2026-08-13T05:25:35.943,1,1
4659,bc2c14bd2bf7551f5633c01663847239,92.0,3,1786573536942,2026-08-13T05:25:36.942,1,1
4660,bc2c14bd2bf7551f5633c01663847239,92.0,3,1786573537941,2026-08-13T05:25:37.941,1,1
4661,bc2c14bd2bf7551f5633c01663847239,92.0,3,1786573538941,2026-08-13T05:25:38.941,1,1
4662,bc2c14bd2bf7551f5633c01663847239,93.0,3,1786573539941,2026-08-13T05:25:39.941,1,1
4663,bc2c14bd2bf7551f5633c01663847239,92.0,3,1786573540942,2026-08-13T05:25:40.942,1,1
4664,bc2c14bd2bf7551f5633c01663847239,91.0,3,1786573541944,2026-08-13T05:25:41.944,1,1
4665,bc2c14bd2bf7551f5633c01663847239,91.0,3,1786573542943,2026-08-13T05:25:42.943,1,1
4666,bc2c14bd2bf7551f5633c01663847239,90.0,3,1786573543941,2026-08-13T05:25:43.941,1,1
4667,bc2c14bd2bf7551f5633c01663847239,90.0,3,1786573544941,2026-08-13T05:25:44.941,1,1
4668,bc2c14bd2bf7551f5633c01663847239,90.0,3,1786573545941,2026-08-13T05:25:45.941,1,1
4669,bc2c14bd2bf7551f5633c01663847239,90.0,3,1786573546947,2026-08-13T05:25:46.947,1,1
4670,bc2c14bd2bf7551f5633c01663847239,89.0,3,1786573547941,2026-08-13T05:25:47.941,1,1
4671,bc2c14bd2bf7551f5633c01663847239,89.0,3,1786573548941,2026-08-13T05:25:48.941,1,1
4672,bc2c14bd2bf7551f5633c01663847239,88.0,3,1786573549944,2026-08-13T05:25:49.944,1,1
4673,bc2c14bd2bf7551f5633c01663847239,88.0,3,1786573550941,2026-08-13T05:25:50.941,1,1
4674,bc2c14bd2bf7551f5633c01663847239,88.0,3,1786573551941,2026-08-13T05:25:51.941,1,1
4675,bc2c14bd2bf7551f5633c01663847239,88.0,3,1786573552941,2026-08-13T05:25:52.941,1,1
4676,bc2c14bd2bf7551f5633c01663847239,88.0,3,1786573553943,2026-08-13T05:25:53.943,1,1
4677,bc2c14bd2bf7551f5633c01663847239,88.0,3,1786573554941,2026-08-13T05:25:54.941,1,1
4678,bc2c14bd2bf7551f5633c01663847239,88.0,3,1786573555941,2026-08-13T05:25:55.941,1,1
4679,bc2c14bd2bf7551f5633c01663847239,88.0,3,1786573556941,2026-08-13T05:25:56.941,1,1
4680,bc2c14bd2bf7551f5633c01663847239,88.0,3,1786573557943,2026-08-13T05:25:57.943,1,1
4681,bc2c14bd2bf7551f5633c01663847239,88.0,3,1786573558942,2026-08-13T05:25:58.942,1,1
4682,bc2c14bd2bf7551f5633c01663847239,88.0,3,1786573559943,2026-08-13T05:25:59.943,1,1
4683,bc2c14bd2bf7551f5633c01663847239,88.0,3,1786573560950,2026-08-13T05:26:00.950,1,1
4684,bc2c14bd2bf7551f5633c01663847239,88.0,3,1786573561948,2026-08-13T05:26:01.948,1,1
4685,bc2c14bd2bf7551f5633c01663847239,88.0,3,1786573562946,2026-08-13T05:26:02.946,1,1
4686,bc2c14bd2bf7551f5633c01663847239,88.0,3,1786573563945,2026-08-13T05:26:03.945,1,1
4687,bc2c14bd2bf7551f5633c01663847239,88.0,3,1786573564944,2026-08-13T05:26:04.944,1,1
4688,bc2c14bd2bf7551f5633c01663847239,89.0,3,1786573565944,2026-08-13T05:26:05.944,1,1
4689,bc2c14bd2bf7551f5633c01663847239,88.0,3,1786573566941,2026-08-13T05:26:06.941,1,1
4690,bc2c14bd2bf7551f5633c01663847239,88.0,3,1786573567943,2026-08-13T05:26:07.943,1,1
4691,bc2c14bd2bf7551f5633c01663847239,89.0,3,1786573568941,2026-08-13T05:26:08.941,1,1
4692,bc2c14bd2bf7551f5633c01663847239,90.0,3,1786573569941,2026-08-13T05:26:09.941,1,1
4693,bc2c14bd2bf7551f5633c01663847239,91.0,3,1786573570941,2026-08-13T05:26:10.941,1,1
4694,bc2c14bd2bf7551f5633c01663847239,90.0,3,1786573571941,2026-08-13T05:26:11.941,1,1
4695,bc2c14bd2bf7551f5633c01663847239,92.0,3,1786573572942,2026-08-13T05:26:12.942,1,1
4696,bc2c14bd2bf7551f5633c01663847239,93.0,3,1786573573941,2026-08-13T05:26:13.941,1,1
4697,bc2c14bd2bf7551f5633c01663847239,94.0,3,1786573574951,2026-08-13T05:26:14.951,1,1
4698,bc2c14bd2bf7551f5633c01663847239,95.0,3,1786573575941,2026-08-13T05:26:15.941,1,1
4699,bc2c14bd2bf7551f5633c01663847239,95.0,3,1786573576943,2026-08-13T05:26:16.943,1,1
4700,bc2c14bd2bf7551f5633c01663847239,95.0,3,1786573577948,2026-08-13T05:26:17.948,1,1
4701,bc2c14bd2bf7551f5633c01663847239,94.0,3,1786573578944,2026-08-13T05:26:18.944,1,1
4702,bc2c14bd2bf7551f5633c01663847239,93.0,3,1786573579945,2026-08-13T05:26:19.945,1,1
4703,bc2c14bd2bf7551f5633c01663847239,92.0,3,1786573580943,2026-08-13T05:26:20.943,1,1
4704,bc2c14bd2bf7551f5633c01663847239,92.0,3,1786573581948,2026-08-13T05:26:21.948,1,1
4705,bc2c14bd2bf7551f5633c01663847239,93.0,3,1786573582948,2026-08-13T05:26:22.948,1,1
4706,bc2c14bd2bf7551f5633c01663847239,93.0,3,1786573583942,2026-08-13T05:26:23.942,1,1
4707,bc2c14bd2bf7551f5633c01663847239,93.0,3,1786573584941,2026-08-13T05:26:24.941,1,1
4708,bc2c14bd2bf7551f5633c01663847239,92.0,3,1786573585941,2026-08-13T05:26:25.941,1,1
4709,bc2c14bd2bf7551f5633c01663847239,91.0,3,1786573586941,2026-08-13T05:26:26.941,1,1
4710,bc2c14bd2bf7551f5633c01663847239,90.0,3,1786573587942,2026-08-13T05:26:27.942,1,1
4711,bc2c14bd2bf7551f5633c01663847239,89.0,3,1786573588946,2026-08-13T05:26:28.946,1,1
4712,bc2c14bd2bf7551f5633c01663847239,88.0,3,1786573589942,2026-08-13T05:26:29.942,1,1
4713,bc2c14bd2bf7551f5633c01663847239,88.0,3,1786573590942,2026-08-13T05:26:30.942,1,1
4714,bc2c14bd2bf7551f5633c01663847239,88.0,3,1786573591941,2026-08-13T05:26:31.941,1,1
4715,bc2c14bd2bf7551f5633c01663847239,88.0,3,1786573592941,2026-08-13T05:26:32.941,1,1
4716,bc2c14bd2bf7551f5633c01663847239,88.0,3,1786573593941,2026-08-13T05:26:33.941,1,1
4717,bc2c14bd2bf7551f5633c01663847239,90.0,3,1786573594942,2026-08-13T05:26:34.942,1,1
4718,bc2c14bd2bf7551f5633c01663847239,91.0,3,1786573595942,2026-08-13T05:26:35.942,1,1
4719,bc2c14bd2bf7551f5633c01663847239,91.0,3,1786573596951,2026-08-13T05:26:36.951,1,1
4720,bc2c14bd2bf7551f5633c01663847239,92.0,3,1786573597951,2026-08-13T05:26:37.951,1,1
4721,bc2c14bd2bf7551f5633c01663847239,93.0,3,1786573598947,2026-08-13T05:26:38.947,1,1
4722,bc2c14bd2bf7551f5633c01663847239,94.0,3,1786573599947,2026-08-13T05:26:39.947,1,1
4723,bc2c14bd2bf7551f5633c01663847239,95.0,3,1786573600947,2026-08-13T05:26:40.947,1,1
4724,bc2c14bd2bf7551f5633c01663847239,96.0,3,1786573601943,2026-08-13T05:26:41.943,1,1
4725,bc2c14bd2bf7551f5633c01663847239,96.0,3,1786573602946,2026-08-13T05:26:42.946,1,1
4726,bc2c14bd2bf7551f5633c01663847239,95.0,3,1786573603945,2026-08-13T05:26:43.945,1,1
4727,bc2c14bd2bf7551f5633c01663847239,94.0,3,1786573604942,2026-08-13T05:26:44.942,1,1
4728,bc2c14bd2bf7551f5633c01663847239,93.0,3,1786573605943,2026-08-13T05:26:45.943,1,1
4729,bc2c14bd2bf7551f5633c01663847239,93.0,3,1786573606941,2026-08-13T05:26:46.941,1,1
4730,bc2c14bd2bf7551f5633c01663847239,92.0,3,1786573607941,2026-08-13T05:26:47.941,1,1
4731,bc2c14bd2bf7551f5633c01663847239,92.0,3,1786573608941,2026-08-13T05:26:48.941,1,1
4732,bc2c14bd2bf7551f5633c01663847239,91.0,3,1786573609942,2026-08-13T05:26:49.942,1,1
4733,bc2c14bd2bf7551f5633c01663847239,91.0,3,1786573610943,2026-08-13T05:26:50.943,1,1
4734,bc2c14bd2bf7551f5633c01663847239,90.0,3,1786573611946,2026-08-13T05:26:51.946,1,1
4735,bc2c14bd2bf7551f5633c01663847239,90.0,3,1786573612942,2026-08-13T05:26:52.942,1,1
4736,bc2c14bd2bf7551f5633c01663847239,90.0,3,1786573613942,2026-08-13T05:26:53.942,1,1
4737,bc2c14bd2bf7551f5633c01663847239,90.0,3,1786573614942,2026-08-13T05:26:54.942,1,1
4738,bc2c14bd2bf7551f5633c01663847239,90.0,3,1786573615941,2026-08-13T05:26:55.941,1,1
4739,bc2c14bd2bf7551f5633c01663847239,90.0,3,1786573616942,2026-08-13T05:26:56.942,1,1
4740,bc2c14bd2bf7551f5633c01663847239,90.0,3,1786573617942,2026-08-13T05:26:57.942,1,1
4741,bc2c14bd2bf7551f5633c01663847239,90.0,3,1786573618943,2026-08-13T05:26:58.943,1,1
4742,bc2c14bd2bf7551f5633c01663847239,90.0,3,1786573619941,2026-08-13T05:26:59.941,1,1
4743,bc2c14bd2bf7551f5633c01663847239,89.0,3,1786573620941,2026-08-13T05:27:00.941,1,1
4744,bc2c14bd2bf7551f5633c01663847239,88.0,3,1786573621956,2026-08-13T05:27:01.956,1,1
4745,bc2c14bd2bf7551f5633c01663847239,88.0,3,1786573622949,2026-08-13T05:27:02.949,1,1
4746,bc2c14bd2bf7551f5633c01663847239,87.0,3,1786573623949,2026-08-13T05:27:03.949,1,1
4747,bc2c14bd2bf7551f5633c01663847239,87.0,3,1786573624942,2026-08-13T05:27:04.942,1,1
4748,bc2c14bd2bf7551f5633c01663847239,87.0,3,1786573625945,2026-08-13T05:27:05.945,1,1
4749,bc2c14bd2bf7551f5633c01663847239,87.0,3,1786573626943,2026-08-13T05:27:06.943,1,1
4750,bc2c14bd2bf7551f5633c01663847239,87.0,3,1786573627942,2026-08-13T05:27:07.942,1,1
4751,bc2c14bd2bf7551f5633c01663847239,87.0,3,1786573628942,2026-08-13T05:27:08.942,1,1
4752,bc2c14bd2bf7551f5633c01663847239,87.0,3,1786573629941,2026-08-13T05:27:09.941,1,1
4753,bc2c14bd2bf7551f5633c01663847239,86.0,3,1786573630941,2026-08-13T05:27:10.941,1,1
4754,bc2c14bd2bf7551f5633c01663847239,86.0,3,1786573631941,2026-08-13T05:27:11.941,1,1
4755,bc2c14bd2bf7551f5633c01663847239,87.0,3,1786573632942,2026-08-13T05:27:12.942,1,1
4756,bc2c14bd2bf7551f5633c01663847239,87.0,3,1786573633941,2026-08-13T05:27:13.941,1,1
4757,bc2c14bd2bf7551f5633c01663847239,87.0,3,1786573634940,2026-08-13T05:27:14.940,1,1
4758,bc2c14bd2bf7551f5633c01663847239,88.0,3,1786573635941,2026-08-13T05:27:15.941,1,1
4759,bc2c14bd2bf7551f5633c01663847239,88.0,3,1786573636942,2026-08-13T05:27:16.942,1,1
4760,bc2c14bd2bf7551f5633c01663847239,88.0,3,1786573637941,2026-08-13T05:27:17.941,1,1
4761,bc2c14bd2bf7551f5633c01663847239,89.0,3,1786573638941,2026-08-13T05:27:18.941,1,1
4762,bc2c14bd2bf7551f5633c01663847239,90.0,3,1786573639943,2026-08-13T05:27:19.943,1,1
4763,bc2c14bd2bf7551f5633c01663847239,90.0,3,1786573640941,2026-08-13T05:27:20.941,1,1
4764,bc2c14bd2bf7551f5633c01663847239,90.0,3,1786573641941,2026-08-13T05:27:21.941,1,1
4765,bc2c14bd2bf7551f5633c01663847239,90.0,3,1786573642941,2026-08-13T05:27:22.941,1,1
4766,bc2c14bd2bf7551f5633c01663847239,89.0,3,1786573643941,2026-08-13T05:27:23.941,1,1
4767,bc2c14bd2bf7551f5633c01663847239,88.0,3,1786573644941,2026-08-13T05:27:24.941,1,1
4768,bc2c14bd2bf7551f5633c01663847239,87.0,3,1786573645949,2026-08-13T05:27:25.949,1,1
4769,bc2c14bd2bf7551f5633c01663847239,87.0,3,1786573646948,2026-08-13T05:27:26.948,1,1
4770,bc2c14bd2bf7551f5633c01663847239,87.0,3,1786573647948,2026-08-13T05:27:27.948,1,1
4771,bc2c14bd2bf7551f5633c01663847239,86.0,3,1786573648947,2026-08-13T05:27:28.947,1,1
4772,bc2c14bd2bf7551f5633c01663847239,86.0,3,1786573649941,2026-08-13T05:27:29.941,1,1
4773,bc2c14bd2bf7551f5633c01663847239,85.0,3,1786573650941,2026-08-13T05:27:30.941,1,1
4774,bc2c14bd2bf7551f5633c01663847239,86.0,3,1786573651942,2026-08-13T05:27:31.942,1,1
4775,bc2c14bd2bf7551f5633c01663847239,86.0,3,1786573652941,2026-08-13T05:27:32.941,1,1
4776,bc2c14bd2bf7551f5633c01663847239,86.0,3,1786573653941,2026-08-13T05:27:33.941,1,1
4777,bc2c14bd2bf7551f5633c01663847239,87.0,3,1786573654941,2026-08-13T05:27:34.941,1,1
4778,bc2c14bd2bf7551f5633c01663847239,88.0,3,1786573655941,2026-08-13T05:27:35.941,1,1
4779,bc2c14bd2bf7551f5633c01663847239,88.0,3,1786573657095,2026-08-13T05:27:37.095,1,1
4780,bc2c14bd2bf7551f5633c01663847239,87.0,3,1786573657941,2026-08-13T05:27:37.941,1,1
4781,bc2c14bd2bf7551f5633c01663847239,87.0,3,1786573658944,2026-08-13T05:27:38.944,1,1
4782,bc2c14bd2bf7551f5633c01663847239,88.0,3,1786573659944,2026-08-13T05:27:39.944,1,1
4783,bc2c14bd2bf7551f5633c01663847239,88.0,3,1786573660943,2026-08-13T05:27:40.943,1,1
4784,bc2c14bd2bf7551f5633c01663847239,87.0,3,1786573661941,2026-08-13T05:27:41.941,1,1
4785,bc2c14bd2bf7551f5633c01663847239,87.0,3,1786573662941,2026-08-13T05:27:42.941,1,1
4786,bc2c14bd2bf7551f5633c01663847239,87.0,3,1786573663941,2026-08-13T05:27:43.941,1,1
4787,bc2c14bd2bf7551f5633c01663847239,87.0,3,1786573664942,2026-08-13T05:27:44.942,1,1
4788,bc2c14bd2bf7551f5633c01663847239,87.0,3,1786573665941,2026-08-13T05:27:45.941,1,1
4789,bc2c14bd2bf7551f5633c01663847239,87.0,3,1786573666941,2026-08-13T05:27:46.941,1,1
4790,bc2c14bd2bf7551f5633c01663847239,87.0,3,1786573667943,2026-08-13T05:27:47.943,1,1
4791,bc2c14bd2bf7551f5633c01663847239,88.0,3,1786573668941,2026-08-13T05:27:48.941,1,1
4792,bc2c14bd2bf7551f5633c01663847239,88.0,3,1786573669941,2026-08-13T05:27:49.941,1,1
4793,bc2c14bd2bf7551f5633c01663847239,88.0,3,1786573670941,2026-08-13T05:27:50.941,1,1
4794,bc2c14bd2bf7551f5633c01663847239,88.0,3,1786573671941,2026-08-13T05:27:51.941,1,1
4795,bc2c14bd2bf7551f5633c01663847239,89.0,3,1786573672944,2026-08-13T05:27:52.944,1,1
4796,bc2c14bd2bf7551f5633c01663847239,88.0,3,1786573673947,2026-08-13T05:27:53.947,1,1
4797,bc2c14bd2bf7551f5633c01663847239,88.0,3,1786573674947,2026-08-13T05:27:54.947,1,1
4798,bc2c14bd2bf7551f5633c01663847239,88.0,3,1786573675944,2026-08-13T05:27:55.944,1,1
4799,bc2c14bd2bf7551f5633c01663847239,88.0,3,1786573676943,2026-08-13T05:27:56.943,1,1
4800,bc2c14bd2bf7551f5633c01663847239,88.0,3,1786573677941,2026-08-13T05:27:57.941,1,1
4801,bc2c14bd2bf7551f5633c01663847239,89.0,3,1786573678950,2026-08-13T05:27:58.950,1,1
4802,bc2c14bd2bf7551f5633c01663847239,88.0,3,1786573679941,2026-08-13T05:27:59.941,1,1
4803,bc2c14bd2bf7551f5633c01663847239,88.0,3,1786573680942,2026-08-13T05:28:00.942,1,1
4804,bc2c14bd2bf7551f5633c01663847239,88.0,3,1786573681942,2026-08-13T05:28:01.942,1,1
4805,bc2c14bd2bf7551f5633c01663847239,88.0,3,1786573682941,2026-08-13T05:28:02.941,1,1
4806,bc2c14bd2bf7551f5633c01663847239,87.0,3,1786573683941,2026-08-13T05:28:03.941,1,1
4807,bc2c14bd2bf7551f5633c01663847239,87.0,3,1786573684941,2026-08-13T05:28:04.941,1,1
4808,bc2c14bd2bf7551f5633c01663847239,87.0,3,1786573685941,2026-08-13T05:28:05.941,1,1
4809,bc2c14bd2bf7551f5633c01663847239,86.0,3,1786573686941,2026-08-13T05:28:06.941,1,1
4810,bc2c14bd2bf7551f5633c01663847239,86.0,3,1786573687943,2026-08-13T05:28:07.943,1,1
4811,bc2c14bd2bf7551f5633c01663847239,87.0,3,1786573688941,2026-08-13T05:28:08.941,1,1
4812,bc2c14bd2bf7551f5633c01663847239,88.0,3,1786573689941,2026-08-13T05:28:09.941,1,1
4813,bc2c14bd2bf7551f5633c01663847239,89.0,3,1786573690951,2026-08-13T05:28:10.951,1,1
4814,bc2c14bd2bf7551f5633c01663847239,90.0,3,1786573691950,2026-08-13T05:28:11.950,1,1
4815,bc2c14bd2bf7551f5633c01663847239,91.0,3,1786573692947,2026-08-13T05:28:12.947,1,1
4816,bc2c14bd2bf7551f5633c01663847239,91.0,3,1786573693948,2026-08-13T05:28:13.948,1,1
4817,bc2c14bd2bf7551f5633c01663847239,91.0,3,1786573694946,2026-08-13T05:28:14.946,1,1
4818,bc2c14bd2bf7551f5633c01663847239,90.0,3,1786573695944,2026-08-13T05:28:15.944,1,1
4819,bc2c14bd2bf7551f5633c01663847239,91.0,3,1786573696942,2026-08-13T05:28:16.942,1,1
4820,bc2c14bd2bf7551f5633c01663847239,91.0,3,1786573697942,2026-08-13T05:28:17.942,1,1
4821,bc2c14bd2bf7551f5633c01663847239,92.0,3,1786573698941,2026-08-13T05:28:18.941,1,1
4822,bc2c14bd2bf7551f5633c01663847239,92.0,3,1786573699942,2026-08-13T05:28:19.942,1,1
4823,bc2c14bd2bf7551f5633c01663847239,93.0,3,1786573700941,2026-08-13T05:28:20.941,1,1
4824,bc2c14bd2bf7551f5633c01663847239,93.0,3,1786573701942,2026-08-13T05:28:21.942,1,1
4825,bc2c14bd2bf7551f5633c01663847239,93.0,3,1786573702941,2026-08-13T05:28:22.941,1,1
4826,bc2c14bd2bf7551f5633c01663847239,92.0,3,1786573703942,2026-08-13T05:28:23.942,1,1
4827,bc2c14bd2bf7551f5633c01663847239,92.0,3,1786573704942,2026-08-13T05:28:24.942,1,1
4828,bc2c14bd2bf7551f5633c01663847239,91.0,3,1786573705941,2026-08-13T05:28:25.941,1,1
4829,bc2c14bd2bf7551f5633c01663847239,90.0,3,1786573706942,2026-08-13T05:28:26.942,1,1
4830,bc2c14bd2bf7551f5633c01663847239,90.0,3,1786573707941,2026-08-13T05:28:27.941,1,1
4831,bc2c14bd2bf7551f5633c01663847239,89.0,3,1786573708941,2026-08-13T05:28:28.941,1,1
4832,bc2c14bd2bf7551f5633c01663847239,88.0,3,1786573709949,2026-08-13T05:28:29.949,1,1
4833,bc2c14bd2bf7551f5633c01663847239,87.0,3,1786573710957,2026-08-13T05:28:30.957,1,1
4834,bc2c14bd2bf7551f5633c01663847239,87.0,3,1786573711953,2026-08-13T05:28:31.953,1,1
4835,bc2c14bd2bf7551f5633c01663847239,87.0,3,1786573712950,2026-08-13T05:28:32.950,1,1
4836,bc2c14bd2bf7551f5633c01663847239,86.0,3,1786573713942,2026-08-13T05:28:33.942,1,1
4837,bc2c14bd2bf7551f5633c01663847239,87.0,3,1786573714943,2026-08-13T05:28:34.943,1,1
4838,bc2c14bd2bf7551f5633c01663847239,88.0,3,1786573715941,2026-08-13T05:28:35.941,1,1
4839,bc2c14bd2bf7551f5633c01663847239,89.0,3,1786573716942,2026-08-13T05:28:36.942,1,1
4840,bc2c14bd2bf7551f5633c01663847239,89.0,3,1786573717941,2026-08-13T05:28:37.941,1,0
4841,bc2c14bd2bf7551f5633c01663847239,90.0,3,1786573718942,2026-08-13T05:28:38.942,1,1
4842,bc2c14bd2bf7551f5633c01663847239,91.0,3,1786573719941,2026-08-13T05:28:39.941,1,1
4843,bc2c14bd2bf7551f5633c01663847239,91.0,3,1786573720942,2026-08-13T05:28:40.942,1,1
4844,bc2c14bd2bf7551f5633c01663847239,92.0,3,1786573721942,2026-08-13T05:28:41.942,1,1
4845,bc2c14bd2bf7551f5633c01663847239,93.0,3,1786573722941,2026-08-13T05:28:42.941,1,1
4846,bc2c14bd2bf7551f5633c01663847239,93.0,3,1786573723941,2026-08-13T05:28:43.941,1,1
4847,bc2c14bd2bf7551f5633c01663847239,93.0,3,1786573724952,2026-08-13T05:28:44.952,1,1
4848,bc2c14bd2bf7551f5633c01663847239,93.0,3,1786573725949,2026-08-13T05:28:45.949,1,1
4849,bc2c14bd2bf7551f5633c01663847239,93.0,3,1786573726948,2026-08-13T05:28:46.948,1,1
4850,bc2c14bd2bf7551f5633c01663847239,93.0,3,1786573727941,2026-08-13T05:28:47.941,1,1
4851,bc2c14bd2bf7551f5633c01663847239,93.0,3,1786573728941,2026-08-13T05:28:48.941,1,1
4852,bc2c14bd2bf7551f5633c01663847239,93.0,3,1786573729943,2026-08-13T05:28:49.943,1,1
4853,bc2c14bd2bf7551f5633c01663847239,94.0,3,1786573730941,2026-08-13T05:28:50.941,1,1
4854,bc2c14bd2bf7551f5633c01663847239,93.0,3,1786573731941,2026-08-13T05:28:51.941,1,1
4855,bc2c14bd2bf7551f5633c01663847239,93.0,3,1786573732942,2026-08-13T05:28:52.942,1,1
4856,bc2c14bd2bf7551f5633c01663847239,93.0,3,1786573733944,2026-08-13T05:28:53.944,1,1
4857,bc2c14bd2bf7551f5633c01663847239,92.0,3,1786573734942,2026-08-13T05:28:54.942,1,1
4858,bc2c14bd2bf7551f5633c01663847239,92.0,3,1786573735941,2026-08-13T05:28:55.941,1,1
4859,bc2c14bd2bf7551f5633c01663847239,91.0,3,1786573736941,2026-08-13T05:28:56.941,1,1
4860,bc2c14bd2bf7551f5633c01663847239,91.0,3,1786573737941,2026-08-13T05:28:57.941,1,1
4861,bc2c14bd2bf7551f5633c01663847239,91.0,3,1786573738941,2026-08-13T05:28:58.941,1,1
4862,bc2c14bd2bf7551f5633c01663847239,91.0,3,1786573739942,2026-08-13T05:28:59.942,1,1
4863,bc2c14bd2bf7551f5633c01663847239,90.0,3,1786573740941,2026-08-13T05:29:00.941,1,1
4864,bc2c14bd2bf7551f5633c01663847239,90.0,3,1786573741941,2026-08-13T05:29:01.941,1,1
4865,bc2c14bd2bf7551f5633c01663847239,89.0,3,1786573742942,2026-08-13T05:29:02.942,1,1
4866,bc2c14bd2bf7551f5633c01663847239,89.0,3,1786573743942,2026-08-13T05:29:03.942,1,1
4867,bc2c14bd2bf7551f5633c01663847239,88.0,3,1786573744944,2026-08-13T05:29:04.944,1,1
4868,bc2c14bd2bf7551f5633c01663847239,87.0,3,1786573745946,2026-08-13T05:29:05.946,1,1
4869,bc2c14bd2bf7551f5633c01663847239,87.0,3,1786573746941,2026-08-13T05:29:06.941,1,1
4870,bc2c14bd2bf7551f5633c01663847239,86.0,3,1786573747941,2026-08-13T05:29:07.941,1,1
4871,bc2c14bd2bf7551f5633c01663847239,86.0,3,1786573748941,2026-08-13T05:29:08.941,1,1
4872,bc2c14bd2bf7551f5633c01663847239,87.0,3,1786573749941,2026-08-13T05:29:09.941,1,1
4873,bc2c14bd2bf7551f5633c01663847239,88.0,3,1786573750942,2026-08-13T05:29:10.942,1,1
4874,bc2c14bd2bf7551f5633c01663847239,89.0,3,1786573751943,2026-08-13T05:29:11.943,1,1
4875,bc2c14bd2bf7551f5633c01663847239,90.0,3,1786573752943,2026-08-13T05:29:12.943,1,1
4876,bc2c14bd2bf7551f5633c01663847239,91.0,3,1786573753941,2026-08-13T05:29:13.941,1,1
4877,bc2c14bd2bf7551f5633c01663847239,93.0,3,1786573754941,2026-08-13T05:29:14.941,1,1
4878,bc2c14bd2bf7551f5633c01663847239,94.0,3,1786573755941,2026-08-13T05:29:15.941,1,1
4879,bc2c14bd2bf7551f5633c01663847239,94.0,3,1786573756941,2026-08-13T05:29:16.941,1,1
4880,bc2c14bd2bf7551f5633c01663847239,94.0,3,1786573757941,2026-08-13T05:29:17.941,1,1
4881,bc2c14bd2bf7551f5633c01663847239,95.0,3,1786573758941,2026-08-13T05:29:18.941,1,1
4882,bc2c14bd2bf7551f5633c01663847239,95.0,3,1786573759941,2026-08-13T05:29:19.941,1,1
4883,bc2c14bd2bf7551f5633c01663847239,95.0,3,1786573760941,2026-08-13T05:29:20.941,1,1
4884,bc2c14bd2bf7551f5633c01663847239,95.0,3,1786573761941,2026-08-13T05:29:21.941,1,1
4885,bc2c14bd2bf7551f5633c01663847239,95.0,3,1786573762948,2026-08-13T05:29:22.948,1,1
4886,bc2c14bd2bf7551f5633c01663847239,95.0,3,1786573763946,2026-08-13T05:29:23.946,1,1
4887,bc2c14bd2bf7551f5633c01663847239,95.0,3,1786573764941,2026-08-13T05:29:24.941,1,1
4888,bc2c14bd2bf7551f5633c01663847239,94.0,3,1786573765942,2026-08-13T05:29:25.942,1,1
4889,bc2c14bd2bf7551f5633c01663847239,94.0,3,1786573766941,2026-08-13T05:29:26.941,1,1
4890,bc2c14bd2bf7551f5633c01663847239,94.0,3,1786573767941,2026-08-13T05:29:27.941,1,1
4891,bc2c14bd2bf7551f5633c01663847239,93.0,3,1786573768941,2026-08-13T05:29:28.941,1,1
4892,bc2c14bd2bf7551f5633c01663847239,92.0,3,1786573769943,2026-08-13T05:29:29.943,1,1
4893,bc2c14bd2bf7551f5633c01663847239,92.0,3,1786573770943,2026-08-13T05:29:30.943,1,1
4894,bc2c14bd2bf7551f5633c01663847239,91.0,3,1786573771942,2026-08-13T05:29:31.942,1,1
4895,bc2c14bd2bf7551f5633c01663847239,91.0,3,1786573772941,2026-08-13T05:29:32.941,1,1
4896,bc2c14bd2bf7551f5633c01663847239,91.0,3,1786573773943,2026-08-13T05:29:33.943,1,1
4897,bc2c14bd2bf7551f5633c01663847239,91.0,3,1786573774941,2026-08-13T05:29:34.941,1,1
4898,bc2c14bd2bf7551f5633c01663847239,90.0,3,1786573775941,2026-08-13T05:29:35.941,1,1
4899,bc2c14bd2bf7551f5633c01663847239,90.0,3,1786573776941,2026-08-13T05:29:36.941,1,1
4900,bc2c14bd2bf7551f5633c01663847239,90.0,3,1786573777942,2026-08-13T05:29:37.942,1,1
4901,bc2c14bd2bf7551f5633c01663847239,91.0,3,1786573778941,2026-08-13T05:29:38.941,1,1
4902,bc2c14bd2bf7551f5633c01663847239,92.0,3,1786573779941,2026-08-13T05:29:39.941,1,1
4903,bc2c14bd2bf7551f5633c01663847239,93.0,3,1786573780942,2026-08-13T05:29:40.942,1,1
4904,bc2c14bd2bf7551f5633c01663847239,93.0,3,1786573781948,2026-08-13T05:29:41.948,1,1
4905,bc2c14bd2bf7551f5633c01663847239,93.0,3,1786573782942,2026-08-13T05:29:42.942,1,1
4906,bc2c14bd2bf7551f5633c01663847239,93.0,3,1786573783944,2026-08-13T05:29:43.944,1,1
4907,bc2c14bd2bf7551f5633c01663847239,92.0,3,1786573784956,2026-08-13T05:29:44.956,1,1
4908,bc2c14bd2bf7551f5633c01663847239,92.0,3,1786573785941,2026-08-13T05:29:45.941,1,1
4909,bc2c14bd2bf7551f5633c01663847239,91.0,3,1786573786942,2026-08-13T05:29:46.942,1,1
4910,bc2c14bd2bf7551f5633c01663847239,90.0,3,1786573787944,2026-08-13T05:29:47.944,1,1
4911,bc2c14bd2bf7551f5633c01663847239,90.0,3,1786573788942,2026-08-13T05:29:48.942,1,1
4912,bc2c14bd2bf7551f5633c01663847239,89.0,3,1786573789941,2026-08-13T05:29:49.941,1,1
4913,bc2c14bd2bf7551f5633c01663847239,90.0,3,1786573790941,2026-08-13T05:29:50.941,1,1
4914,bc2c14bd2bf7551f5633c01663847239,89.0,3,1786573791941,2026-08-13T05:29:51.941,1,1
4915,bc2c14bd2bf7551f5633c01663847239,90.0,3,1786573792941,2026-08-13T05:29:52.941,1,1
4916,bc2c14bd2bf7551f5633c01663847239,91.0,3,1786573793941,2026-08-13T05:29:53.941,1,1
4917,bc2c14bd2bf7551f5633c01663847239,91.0,3,1786573794950,2026-08-13T05:29:54.950,1,1
4918,bc2c14bd2bf7551f5633c01663847239,90.0,3,1786573795948,2026-08-13T05:29:55.948,1,1
4919,bc2c14bd2bf7551f5633c01663847239,89.0,3,1786573796946,2026-08-13T05:29:56.946,1,1
4920,bc2c14bd2bf7551f5633c01663847239,89.0,3,1786573797943,2026-08-13T05:29:57.943,1,1
4921,bc2c14bd2bf7551f5633c01663847239,90.0,3,1786573798941,2026-08-13T05:29:58.941,1,1
4922,bc2c14bd2bf7551f5633c01663847239,92.0,3,1786573799941,2026-08-13T05:29:59.941,1,1
4923,bc2c14bd2bf7551f5633c01663847239,92.0,3,1786573800941,2026-08-13T05:30:00.941,1,1
4924,bc2c14bd2bf7551f5633c01663847239,92.0,3,1786573801942,2026-08-13T05:30:01.942,1,1
4925,bc2c14bd2bf7551f5633c01663847239,91.0,3,1786573802943,2026-08-13T05:30:02.943,1,1
4926,bc2c14bd2bf7551f5633c01663847239,90.0,3,1786573803941,2026-08-13T05:30:03.941,1,1
4927,bc2c14bd2bf7551f5633c01663847239,89.0,3,1786573804942,2026-08-13T05:30:04.942,1,1
4928,bc2c14bd2bf7551f5633c01663847239,88.0,3,1786573805941,2026-08-13T05:30:05.941,1,1
4929,bc2c14bd2bf7551f5633c01663847239,88.0,3,1786573806943,2026-08-13T05:30:06.943,1,1
4930,bc2c14bd2bf7551f5633c01663847239,88.0,3,1786573807942,2026-08-13T05:30:07.942,1,1
4931,bc2c14bd2bf7551f5633c01663847239,88.0,3,1786573808942,2026-08-13T05:30:08.942,1,1
4932,bc2c14bd2bf7551f5633c01663847239,88.0,3,1786573809948,2026-08-13T05:30:09.948,1,1
4933,bc2c14bd2bf7551f5633c01663847239,87.0,3,1786573810947,2026-08-13T05:30:10.947,1,1
4934,bc2c14bd2bf7551f5633c01663847239,87.0,3,1786573811941,2026-08-13T05:30:11.941,1,1
4935,bc2c14bd2bf7551f5633c01663847239,86.0,3,1786573812941,2026-08-13T05:30:12.941,1,1
4936,bc2c14bd2bf7551f5633c01663847239,86.0,3,1786573813941,2026-08-13T05:30:13.941,1,1
4937,bc2c14bd2bf7551f5633c01663847239,85.0,3,1786573814942,2026-08-13T05:30:14.942,1,1
4938,bc2c14bd2bf7551f5633c01663847239,85.0,3,1786573815942,2026-08-13T05:30:15.942,1,1
4939,bc2c14bd2bf7551f5633c01663847239,85.0,3,1786573816942,2026-08-13T05:30:16.942,1,1
4940,bc2c14bd2bf7551f5633c01663847239,85.0,3,1786573817942,2026-08-13T05:30:17.942,1,1
4941,bc2c14bd2bf7551f5633c01663847239,85.0,3,1786573818941,2026-08-13T05:30:18.941,1,1
4942,bc2c14bd2bf7551f5633c01663847239,86.0,3,1786573819942,2026-08-13T05:30:19.942,1,1
4943,bc2c14bd2bf7551f5633c01663847239,86.0,3,1786573820941,2026-08-13T05:30:20.941,1,1
4944,bc2c14bd2bf7551f5633c01663847239,87.0,3,1786573821941,2026-08-13T05:30:21.941,1,1
4945,bc2c14bd2bf7551f5633c01663847239,87.0,3,1786573822941,2026-08-13T05:30:22.941,1,1
4946,bc2c14bd2bf7551f5633c01663847239,87.0,3,1786573823950,2026-08-13T05:30:23.950,1,1
4947,bc2c14bd2bf7551f5633c01663847239,87.0,3,1786573824948,2026-08-13T05:30:24.948,1,1
4948,bc2c14bd2bf7551f5633c01663847239,87.0,3,1786573825948,2026-08-13T05:30:25.948,1,1
4949,bc2c14bd2bf7551f5633c01663847239,87.0,3,1786573826945,2026-08-13T05:30:26.945,1,1
4950,bc2c14bd2bf7551f5633c01663847239,87.0,3,1786573827945,2026-08-13T05:30:27.945,1,1
4951,bc2c14bd2bf7551f5633c01663847239,88.0,3,1786573828952,2026-08-13T05:30:28.952,1,1
4952,bc2c14bd2bf7551f5633c01663847239,88.0,3,1786573829941,2026-08-13T05:30:29.941,1,1
4953,bc2c14bd2bf7551f5633c01663847239,89.0,3,1786573830941,2026-08-13T05:30:30.941,1,1
4954,bc2c14bd2bf7551f5633c01663847239,89.0,3,1786573831941,2026-08-13T05:30:31.941,1,1
4955,bc2c14bd2bf7551f5633c01663847239,89.0,3,1786573832942,2026-08-13T05:30:32.942,1,1
4956,bc2c14bd2bf7551f5633c01663847239,90.0,3,1786573833942,2026-08-13T05:30:33.942,1,1
4957,bc2c14bd2bf7551f5633c01663847239,91.0,3,1786573834943,2026-08-13T05:30:34.943,1,1
4958,bc2c14bd2bf7551f5633c01663847239,92.0,3,1786573835942,2026-08-13T05:30:35.942,1,1
4959,bc2c14bd2bf7551f5633c01663847239,93.0,3,1786573836942,2026-08-13T05:30:36.942,1,1
4960,bc2c14bd2bf7551f5633c01663847239,92.0,3,1786573837941,2026-08-13T05:30:37.941,1,1
4961,bc2c14bd2bf7551f5633c01663847239,91.0,3,1786573838942,2026-08-13T05:30:38.942,1,1
4962,bc2c14bd2bf7551f5633c01663847239,91.0,3,1786573839941,2026-08-13T05:30:39.941,1,1
4963,bc2c14bd2bf7551f5633c01663847239,90.0,3,1786573840942,2026-08-13T05:30:40.942,1,1
4964,bc2c14bd2bf7551f5633c01663847239,89.0,3,1786573841944,2026-08-13T05:30:41.944,1,1
4965,bc2c14bd2bf7551f5633c01663847239,89.0,3,1786573842941,2026-08-13T05:30:42.941,1,1
4966,bc2c14bd2bf7551f5633c01663847239,88.0,3,1786573843942,2026-08-13T05:30:43.942,1,1
4967,bc2c14bd2bf7551f5633c01663847239,88.0,3,1786573844942,2026-08-13T05:30:44.942,1,1
4968,bc2c14bd2bf7551f5633c01663847239,88.0,3,1786573845942,2026-08-13T05:30:45.942,1,1
4969,bc2c14bd2bf7551f5633c01663847239,89.0,3,1786573846952,2026-08-13T05:30:46.952,1,1
4970,bc2c14bd2bf7551f5633c01663847239,90.0,3,1786573847948,2026-08-13T05:30:47.948,1,1
4971,bc2c14bd2bf7551f5633c01663847239,91.0,3,1786573848946,2026-08-13T05:30:48.946,1,1
4972,bc2c14bd2bf7551f5633c01663847239,92.0,3,1786573849944,2026-08-13T05:30:49.944,1,1
4973,bc2c14bd2bf7551f5633c01663847239,92.0,3,1786573850944,2026-08-13T05:30:50.944,1,1
4974,bc2c14bd2bf7551f5633c01663847239,91.0,3,1786573851942,2026-08-13T05:30:51.942,1,1
4975,bc2c14bd2bf7551f5633c01663847239,90.0,3,1786573852942,2026-08-13T05:30:52.942,1,1
4976,bc2c14bd2bf7551f5633c01663847239,89.0,3,1786573853941,2026-08-13T05:30:53.941,1,1
4977,bc2c14bd2bf7551f5633c01663847239,88.0,3,1786573854941,2026-08-13T05:30:54.941,1,1
4978,bc2c14bd2bf7551f5633c01663847239,88.0,3,1786573855942,2026-08-13T05:30:55.942,1,1
4979,bc2c14bd2bf7551f5633c01663847239,88.0,3,1786573856944,2026-08-13T05:30:56.944,1,1
4980,bc2c14bd2bf7551f5633c01663847239,88.0,3,1786573857941,2026-08-13T05:30:57.941,1,1
4981,bc2c14bd2bf7551f5633c01663847239,88.0,3,1786573858941,2026-08-13T05:30:58.941,1,1
4982,bc2c14bd2bf7551f5633c01663847239,88.0,3,1786573859942,2026-08-13T05:30:59.942,1,1
4983,bc2c14bd2bf7551f5633c01663847239,89.0,3,1786573860942,2026-08-13T05:31:00.942,1,1
4984,bc2c14bd2bf7551f5633c01663847239,90.0,3,1786573861941,2026-08-13T05:31:01.941,1,1
4985,bc2c14bd2bf7551f5633c01663847239,90.0,3,1786573862942,2026-08-13T05:31:02.942,1,1
4986,bc2c14bd2bf7551f5633c01663847239,91.0,3,1786573863948,2026-08-13T05:31:03.948,1,1
4987,bc2c14bd2bf7551f5633c01663847239,91.0,3,1786573864943,2026-08-13T05:31:04.943,1,1
4988,bc2c14bd2bf7551f5633c01663847239,91.0,3,1786573865942,2026-08-13T05:31:05.942,1,1
4989,bc2c14bd2bf7551f5633c01663847239,91.0,3,1786573866941,2026-08-13T05:31:06.941,1,1
4990,bc2c14bd2bf7551f5633c01663847239,91.0,3,1786573867941,2026-08-13T05:31:07.941,1,1
4991,bc2c14bd2bf7551f5633c01663847239,91.0,3,1786573868947,2026-08-13T05:31:08.947,1,1
4992,bc2c14bd2bf7551f5633c01663847239,91.0,3,1786573869942,2026-08-13T05:31:09.942,1,1
4993,bc2c14bd2bf7551f5633c01663847239,92.0,3,1786573870941,2026-08-13T05:31:10.941,1,1
4994,bc2c14bd2bf7551f5633c01663847239,92.0,3,1786573871941,2026-08-13T05:31:11.941,1,1
4995,bc2c14bd2bf7551f5633c01663847239,92.0,3,1786573872942,2026-08-13T05:31:12.942,1,1
4996,bc2c14bd2bf7551f5633c01663847239,92.0,3,1786573873941,2026-08-13T05:31:13.941,1,1
4997,bc2c14bd2bf7551f5633c01663847239,92.0,3,1786573874941,2026-08-13T05:31:14.941,1,1
4998,bc2c14bd2bf7551f5633c01663847239,92.0,3,1786573875941,2026-08-13T05:31:15.941,1,1
4999,bc2c14bd2bf7551f5633c01663847239,92.0,3,1786573876951,2026-08-13T05:31:16.951,1,1
5000,bc2c14bd2bf7551f5633c01663847239,91.0,3,1786573877960,2026-08-13T05:31:17.960,1,1
5001,bc2c14bd2bf7551f5633c01663847239,90.0,3,1786573878946,2026-08-13T05:31:18.946,1,1
5002,bc2c14bd2bf7551f5633c01663847239,90.0,3,1786573879941,2026-08-13T05:31:19.941,1,1
5003,bc2c14bd2bf7551f5633c01663847239,90.0,3,1786573880942,2026-08-13T05:31:20.942,1,1
5004,bc2c14bd2bf7551f5633c01663847239,90.0,3,1786573881942,2026-08-13T05:31:21.942,1,1
5005,bc2c14bd2bf7551f5633c01663847239,90.0,3,1786573882941,2026-08-13T05:31:22.941,1,1
5006,bc2c14bd2bf7551f5633c01663847239,90.0,3,1786573883942,2026-08-13T05:31:23.942,1,1
5007,bc2c14bd2bf7551f5633c01663847239,90.0,3,1786573884943,2026-08-13T05:31:24.943,1,1
5008,bc2c14bd2bf7551f5633c01663847239,90.0,3,1786573885942,2026-08-13T05:31:25.942,1,1
5009,bc2c14bd2bf7551f5633c01663847239,89.0,3,1786573886943,2026-08-13T05:31:26.943,1,1
5010,bc2c14bd2bf7551f5633c01663847239,89.0,3,1786573887941,2026-08-13T05:31:27.941,1,1
5011,bc2c14bd2bf7551f5633c01663847239,88.0,3,1786573888941,2026-08-13T05:31:28.941,1,1
5012,bc2c14bd2bf7551f5633c01663847239,88.0,3,1786573889941,2026-08-13T05:31:29.941,1,1
5013,bc2c14bd2bf7551f5633c01663847239,88.0,3,1786573890942,2026-08-13T05:31:30.942,1,1
5014,bc2c14bd2bf7551f5633c01663847239,88.0,3,1786573891941,2026-08-13T05:31:31.941,1,1
5015,bc2c14bd2bf7551f5633c01663847239,88.0,3,1786573892941,2026-08-13T05:31:32.941,1,1
5016,bc2c14bd2bf7551f5633c01663847239,88.0,3,1786573893941,2026-08-13T05:31:33.941,1,1
5017,bc2c14bd2bf7551f5633c01663847239,88.0,3,1786573894941,2026-08-13T05:31:34.941,1,1
5018,bc2c14bd2bf7551f5633c01663847239,88.0,3,1786573895941,2026-08-13T05:31:35.941,1,1
5019,bc2c14bd2bf7551f5633c01663847239,88.0,3,1786573896951,2026-08-13T05:31:36.951,1,1
5020,bc2c14bd2bf7551f5633c01663847239,88.0,3,1786573897947,2026-08-13T05:31:37.947,1,1
5021,bc2c14bd2bf7551f5633c01663847239,87.0,3,1786573898942,2026-08-13T05:31:38.942,1,1
5022,bc2c14bd2bf7551f5633c01663847239,88.0,3,1786573899940,2026-08-13T05:31:39.940,1,1
5023,bc2c14bd2bf7551f5633c01663847239,89.0,3,1786573900946,2026-08-13T05:31:40.946,1,1
5024,bc2c14bd2bf7551f5633c01663847239,89.0,3,1786573901945,2026-08-13T05:31:41.945,1,1
5025,bc2c14bd2bf7551f5633c01663847239,90.0,3,1786573902945,2026-08-13T05:31:42.945,1,1
5026,bc2c14bd2bf7551f5633c01663847239,91.0,3,1786573903941,2026-08-13T05:31:43.941,1,1
5027,bc2c14bd2bf7551f5633c01663847239,92.0,3,1786573904941,2026-08-13T05:31:44.941,1,1
5028,bc2c14bd2bf7551f5633c01663847239,92.0,3,1786573905941,2026-08-13T05:31:45.941,1,1
5029,bc2c14bd2bf7551f5633c01663847239,92.0,3,1786573906941,2026-08-13T05:31:46.941,1,1
5030,bc2c14bd2bf7551f5633c01663847239,92.0,3,1786573907941,2026-08-13T05:31:47.941,1,1
5031,bc2c14bd2bf7551f5633c01663847239,92.0,3,1786573908942,2026-08-13T05:31:48.942,1,1
5032,bc2c14bd2bf7551f5633c01663847239,93.0,3,1786573909943,2026-08-13T05:31:49.943,1,1
5033,bc2c14bd2bf7551f5633c01663847239,93.0,3,1786573910941,2026-08-13T05:31:50.941,1,1
5034,bc2c14bd2bf7551f5633c01663847239,92.0,3,1786573911942,2026-08-13T05:31:51.942,1,1
5035,bc2c14bd2bf7551f5633c01663847239,92.0,3,1786573912941,2026-08-13T05:31:52.941,1,1
5036,bc2c14bd2bf7551f5633c01663847239,91.0,3,1786573913941,2026-08-13T05:31:53.941,1,1
5037,bc2c14bd2bf7551f5633c01663847239,91.0,3,1786573914942,2026-08-13T05:31:54.942,1,1
5038,bc2c14bd2bf7551f5633c01663847239,90.0,3,1786573915941,2026-08-13T05:31:55.941,1,1
5039,bc2c14bd2bf7551f5633c01663847239,90.0,3,1786573916941,2026-08-13T05:31:56.941,1,1
5040,bc2c14bd2bf7551f5633c01663847239,90.0,3,1786573917941,2026-08-13T05:31:57.941,1,1
5041,bc2c14bd2bf7551f5633c01663847239,89.0,3,1786573918941,2026-08-13T05:31:58.941,1,1
5042,bc2c14bd2bf7551f5633c01663847239,89.0,3,1786573919941,2026-08-13T05:31:59.941,0,1
5043,bc2c14bd2bf7551f5633c01663847239,88.0,3,1786573920941,2026-08-13T05:32:00.941,0,1
5044,bc2c14bd2bf7551f5633c01663847239,89.0,3,1786573921941,2026-08-13T05:32:01.941,0,1
