id,bpm,accuracy,time_ms,time_iso,synced
1,77.0,3,1783267631326,2026-07-05T23:07:11.326,1
2,79.0,3,1783267632324,2026-07-05T23:07:12.324,1
3,80.0,3,1783267633324,2026-07-05T23:07:13.324,1
4,81.0,3,1783267634324,2026-07-05T23:07:14.324,1
5,82.0,3,1783267635324,2026-07-05T23:07:15.324,1
6,83.0,3,1783267636324,2026-07-05T23:07:16.324,1
7,85.0,3,1783267637325,2026-07-05T23:07:17.325,1
8,86.0,3,1783267638324,2026-07-05T23:07:18.324,1
9,86.0,3,1783267639332,2026-07-05T23:07:19.332,1
10,86.0,3,1783267640336,2026-07-05T23:07:20.336,1
11,86.0,3,1783267641325,2026-07-05T23:07:21.325,1
12,86.0,3,1783267642488,2026-07-05T23:07:22.488,1
13,85.0,3,1783267643451,2026-07-05T23:07:23.451,1
14,85.0,3,1783267644384,2026-07-05T23:07:24.384,1
15,85.0,3,1783267645502,2026-07-05T23:07:25.502,1
16,84.0,3,1783267646379,2026-07-05T23:07:26.379,1
17,84.0,3,1783267647339,2026-07-05T23:07:27.339,1
18,83.0,3,1783267648424,2026-07-05T23:07:28.424,1
19,82.0,3,1783267649340,2026-07-05T23:07:29.340,1
20,82.0,3,1783267650325,2026-07-05T23:07:30.325,1
21,81.0,3,1783267651332,2026-07-05T23:07:31.332,1
22,81.0,3,1783267652460,2026-07-05T23:07:32.460,1
23,81.0,3,1783267653350,2026-07-05T23:07:33.350,1
24,81.0,3,1783267654325,2026-07-05T23:07:34.325,1
25,81.0,3,1783267655334,2026-07-05T23:07:35.334,1
26,81.0,3,1783267656324,2026-07-05T23:07:36.324,1
27,81.0,3,1783267657325,2026-07-05T23:07:37.325,1
28,81.0,3,1783267658335,2026-07-05T23:07:38.335,1
29,81.0,3,1783267659342,2026-07-05T23:07:39.342,1
30,81.0,3,1783267660330,2026-07-05T23:07:40.330,1
31,81.0,3,1783267661331,2026-07-05T23:07:41.331,1
32,80.0,3,1783267662331,2026-07-05T23:07:42.331,1
33,81.0,3,1783267663333,2026-07-05T23:07:43.333,1
34,80.0,3,1783267664336,2026-07-05T23:07:44.336,1
35,81.0,3,1783267665339,2026-07-05T23:07:45.339,1
36,81.0,3,1783267666331,2026-07-05T23:07:46.331,1
37,81.0,3,1783267667324,2026-07-05T23:07:47.324,1
38,81.0,3,1783267668325,2026-07-05T23:07:48.325,1
39,81.0,3,1783267669324,2026-07-05T23:07:49.324,1
40,82.0,3,1783267670329,2026-07-05T23:07:50.329,1
41,84.0,3,1783267671336,2026-07-05T23:07:51.336,1
42,86.0,3,1783267672334,2026-07-05T23:07:52.334,1
43,87.0,3,1783267673329,2026-07-05T23:07:53.329,1
44,87.0,3,1783267674338,2026-07-05T23:07:54.338,1
45,87.0,3,1783267675327,2026-07-05T23:07:55.327,1
46,86.0,3,1783267676344,2026-07-05T23:07:56.344,1
47,86.0,3,1783267677327,2026-07-05T23:07:57.327,1
48,85.0,3,1783267678327,2026-07-05T23:07:58.327,1
49,86.0,3,1783267679324,2026-07-05T23:07:59.324,1
50,88.0,3,1783267680348,2026-07-05T23:08:00.348,1
51,89.0,3,1783267681349,2026-07-05T23:08:01.349,1
52,90.0,3,1783267682325,2026-07-05T23:08:02.325,1
53,90.0,3,1783267683334,2026-07-05T23:08:03.334,1
54,90.0,3,1783267684324,2026-07-05T23:08:04.324,1
55,91.0,3,1783267685324,2026-07-05T23:08:05.324,1
56,92.0,3,1783267686327,2026-07-05T23:08:06.327,1
57,92.0,3,1783267687415,2026-07-05T23:08:07.415,1
58,92.0,3,1783267688337,2026-07-05T23:08:08.337,1
59,91.0,3,1783267689362,2026-07-05T23:08:09.362,1
60,90.0,3,1783267690327,2026-07-05T23:08:10.327,1
61,90.0,3,1783267691331,2026-07-05T23:08:11.331,1
62,90.0,3,1783267692325,2026-07-05T23:08:12.325,1
63,90.0,3,1783267693348,2026-07-05T23:08:13.348,1
64,91.0,3,1783267694337,2026-07-05T23:08:14.337,1
65,90.0,3,1783267695324,2026-07-05T23:08:15.324,1
66,89.0,3,1783267696324,2026-07-05T23:08:16.324,1
67,89.0,3,1783267697324,2026-07-05T23:08:17.324,1
68,88.0,3,1783267698324,2026-07-05T23:08:18.324,1
69,87.0,3,1783267699327,2026-07-05T23:08:19.327,1
70,86.0,3,1783267700328,2026-07-05T23:08:20.328,1
71,85.0,3,1783267701327,2026-07-05T23:08:21.327,1
72,84.0,3,1783267702326,2026-07-05T23:08:22.326,1
73,84.0,3,1783267703328,2026-07-05T23:08:23.328,1
74,83.0,3,1783267704328,2026-07-05T23:08:24.328,1
75,82.0,3,1783267705328,2026-07-05T23:08:25.328,1
76,82.0,3,1783267706327,2026-07-05T23:08:26.327,1
77,81.0,3,1783267707325,2026-07-05T23:08:27.325,1
78,81.0,3,1783267708328,2026-07-05T23:08:28.328,1
79,81.0,3,1783267709328,2026-07-05T23:08:29.328,1
80,81.0,3,1783267710328,2026-07-05T23:08:30.328,1
81,80.0,3,1783267711328,2026-07-05T23:08:31.328,1
82,79.0,3,1783267712325,2026-07-05T23:08:32.325,1
83,79.0,3,1783267713327,2026-07-05T23:08:33.327,1
84,79.0,3,1783267714328,2026-07-05T23:08:34.328,1
85,79.0,3,1783267715441,2026-07-05T23:08:35.441,1
86,79.0,3,1783267716335,2026-07-05T23:08:36.335,1
87,79.0,3,1783267717327,2026-07-05T23:08:37.327,1
88,80.0,3,1783267718379,2026-07-05T23:08:38.379,1
89,80.0,3,1783267719339,2026-07-05T23:08:39.339,1
90,81.0,3,1783267720360,2026-07-05T23:08:40.360,1
91,82.0,3,1783267721374,2026-07-05T23:08:41.374,1
92,83.0,3,1783267722353,2026-07-05T23:08:42.353,1
93,84.0,3,1783267723371,2026-07-05T23:08:43.371,1
94,85.0,3,1783267724373,2026-07-05T23:08:44.373,1
95,86.0,3,1783267725377,2026-07-05T23:08:45.377,1
96,87.0,3,1783267726381,2026-07-05T23:08:46.381,1
97,86.0,3,1783267727370,2026-07-05T23:08:47.370,1
98,86.0,3,1783267728324,2026-07-05T23:08:48.324,1
99,86.0,3,1783267729324,2026-07-05T23:08:49.324,1
100,85.0,3,1783267730325,2026-07-05T23:08:50.325,1
101,86.0,3,1783267731324,2026-07-05T23:08:51.324,1
102,86.0,3,1783267732325,2026-07-05T23:08:52.325,1
103,86.0,3,1783267733325,2026-07-05T23:08:53.325,1
104,86.0,3,1783267734376,2026-07-05T23:08:54.376,1
105,86.0,3,1783267735326,2026-07-05T23:08:55.326,1
106,86.0,3,1783267736385,2026-07-05T23:08:56.385,1
107,86.0,3,1783267737381,2026-07-05T23:08:57.381,1
108,87.0,3,1783267738383,2026-07-05T23:08:58.383,1
109,87.0,3,1783267739383,2026-07-05T23:08:59.383,1
110,88.0,3,1783267740369,2026-07-05T23:09:00.369,1
111,89.0,3,1783267741391,2026-07-05T23:09:01.391,1
112,90.0,3,1783267742385,2026-07-05T23:09:02.385,1
113,90.0,3,1783267743385,2026-07-05T23:09:03.385,1
114,89.0,3,1783267744398,2026-07-05T23:09:04.398,1
115,88.0,3,1783267745394,2026-07-05T23:09:05.394,1
116,88.0,3,1783267746329,2026-07-05T23:09:06.329,1
117,87.0,3,1783267747331,2026-07-05T23:09:07.331,1
118,86.0,3,1783267748333,2026-07-05T23:09:08.333,1
119,85.0,3,1783267749333,2026-07-05T23:09:09.333,1
120,84.0,3,1783267750332,2026-07-05T23:09:10.332,1
121,82.0,3,1783267751332,2026-07-05T23:09:11.332,1
122,82.0,3,1783267752333,2026-07-05T23:09:12.333,1
123,81.0,3,1783267753328,2026-07-05T23:09:13.328,1
124,81.0,3,1783267754332,2026-07-05T23:09:14.332,1
125,81.0,3,1783267755325,2026-07-05T23:09:15.325,1
126,81.0,3,1783267756327,2026-07-05T23:09:16.327,1
127,81.0,3,1783267757327,2026-07-05T23:09:17.327,1
128,81.0,3,1783267758326,2026-07-05T23:09:18.326,1
129,81.0,3,1783267759325,2026-07-05T23:09:19.325,1
130,81.0,3,1783267760327,2026-07-05T23:09:20.327,1
131,81.0,3,1783267761327,2026-07-05T23:09:21.327,1
132,82.0,3,1783267762329,2026-07-05T23:09:22.329,1
133,82.0,3,1783267763327,2026-07-05T23:09:23.327,1
134,82.0,3,1783267764326,2026-07-05T23:09:24.326,1
135,83.0,3,1783267765328,2026-07-05T23:09:25.328,1
136,83.0,3,1783267766327,2026-07-05T23:09:26.327,1
137,84.0,3,1783267767331,2026-07-05T23:09:27.331,1
138,84.0,3,1783267768325,2026-07-05T23:09:28.325,1
139,84.0,3,1783267769325,2026-07-05T23:09:29.325,1
140,83.0,3,1783267770325,2026-07-05T23:09:30.325,1
141,83.0,3,1783267771325,2026-07-05T23:09:31.325,1
142,84.0,3,1783267772325,2026-07-05T23:09:32.325,1
143,85.0,3,1783267773327,2026-07-05T23:09:33.327,1
144,85.0,3,1783267774324,2026-07-05T23:09:34.324,1
145,86.0,3,1783267775324,2026-07-05T23:09:35.324,1
146,86.0,3,1783267776324,2026-07-05T23:09:36.324,1
147,86.0,3,1783267777324,2026-07-05T23:09:37.324,1
148,85.0,3,1783267778324,2026-07-05T23:09:38.324,1
149,85.0,3,1783267779324,2026-07-05T23:09:39.324,1
150,85.0,3,1783267780325,2026-07-05T23:09:40.325,1
151,85.0,3,1783267781324,2026-07-05T23:09:41.324,1
152,85.0,3,1783267782324,2026-07-05T23:09:42.324,1
153,86.0,3,1783267783327,2026-07-05T23:09:43.327,1
154,86.0,3,1783267784325,2026-07-05T23:09:44.325,1
155,85.0,3,1783267785325,2026-07-05T23:09:45.325,1
156,85.0,3,1783267786328,2026-07-05T23:09:46.328,1
157,85.0,3,1783267787326,2026-07-05T23:09:47.326,1
158,85.0,3,1783267788328,2026-07-05T23:09:48.328,1
159,84.0,3,1783267789324,2026-07-05T23:09:49.324,1
160,84.0,3,1783267790326,2026-07-05T23:09:50.326,1
161,84.0,3,1783267791326,2026-07-05T23:09:51.326,1
162,85.0,3,1783267792326,2026-07-05T23:09:52.326,1
163,85.0,3,1783267793325,2026-07-05T23:09:53.325,1
164,86.0,3,1783267794326,2026-07-05T23:09:54.326,1
165,87.0,3,1783267795328,2026-07-05T23:09:55.328,1
166,88.0,3,1783267796327,2026-07-05T23:09:56.327,1
167,89.0,3,1783267797325,2026-07-05T23:09:57.325,1
168,89.0,3,1783267798325,2026-07-05T23:09:58.325,1
169,88.0,3,1783267799325,2026-07-05T23:09:59.325,1
170,88.0,3,1783267800327,2026-07-05T23:10:00.327,1
171,88.0,3,1783267801325,2026-07-05T23:10:01.325,1
172,87.0,3,1783267802325,2026-07-05T23:10:02.325,1
173,87.0,3,1783267803326,2026-07-05T23:10:03.326,1
174,88.0,3,1783267804326,2026-07-05T23:10:04.326,1
175,88.0,3,1783267805325,2026-07-05T23:10:05.325,1
176,88.0,3,1783267806325,2026-07-05T23:10:06.325,1
177,88.0,3,1783267807325,2026-07-05T23:10:07.325,1
178,87.0,3,1783267808325,2026-07-05T23:10:08.325,1
179,87.0,3,1783267809325,2026-07-05T23:10:09.325,1
180,86.0,3,1783267810325,2026-07-05T23:10:10.325,1
181,85.0,3,1783267811326,2026-07-05T23:10:11.326,1
182,85.0,3,1783267812338,2026-07-05T23:10:12.338,1
183,85.0,3,1783267813339,2026-07-05T23:10:13.339,1
184,85.0,3,1783267814336,2026-07-05T23:10:14.336,1
185,85.0,3,1783267815337,2026-07-05T23:10:15.337,1
186,85.0,3,1783267816332,2026-07-05T23:10:16.332,1
187,85.0,3,1783267817334,2026-07-05T23:10:17.334,1
188,85.0,3,1783267818336,2026-07-05T23:10:18.336,1
189,86.0,3,1783267819336,2026-07-05T23:10:19.336,1
190,86.0,3,1783267820332,2026-07-05T23:10:20.332,1
191,86.0,3,1783267821330,2026-07-05T23:10:21.330,1
192,86.0,3,1783267822329,2026-07-05T23:10:22.329,1
193,86.0,3,1783267823331,2026-07-05T23:10:23.331,1
194,86.0,3,1783267824324,2026-07-05T23:10:24.324,1
195,87.0,3,1783267825329,2026-07-05T23:10:25.329,1
196,87.0,3,1783267826333,2026-07-05T23:10:26.333,1
197,88.0,3,1783267827333,2026-07-05T23:10:27.333,1
198,88.0,3,1783267828329,2026-07-05T23:10:28.329,1
199,88.0,3,1783267829329,2026-07-05T23:10:29.329,1
200,87.0,3,1783267830328,2026-07-05T23:10:30.328,1
201,86.0,3,1783267831328,2026-07-05T23:10:31.328,1
202,86.0,3,1783267832327,2026-07-05T23:10:32.327,1
203,85.0,3,1783267833331,2026-07-05T23:10:33.331,1
204,85.0,3,1783267834328,2026-07-05T23:10:34.328,1
205,84.0,3,1783267835327,2026-07-05T23:10:35.327,1
206,84.0,3,1783267836324,2026-07-05T23:10:36.324,1
207,83.0,3,1783267837327,2026-07-05T23:10:37.327,1
208,83.0,3,1783267838326,2026-07-05T23:10:38.326,1
209,82.0,3,1783267839325,2026-07-05T23:10:39.325,1
210,82.0,3,1783267840327,2026-07-05T23:10:40.327,1
211,82.0,3,1783267841325,2026-07-05T23:10:41.325,1
212,81.0,3,1783267842327,2026-07-05T23:10:42.327,1
213,82.0,3,1783267843326,2026-07-05T23:10:43.326,1
214,82.0,3,1783267844328,2026-07-05T23:10:44.328,1
215,83.0,3,1783267845327,2026-07-05T23:10:45.327,1
216,83.0,3,1783267846325,2026-07-05T23:10:46.325,1
217,82.0,3,1783267847325,2026-07-05T23:10:47.325,1
218,81.0,3,1783267848325,2026-07-05T23:10:48.325,1
219,81.0,3,1783267849326,2026-07-05T23:10:49.326,1
220,82.0,3,1783267850327,2026-07-05T23:10:50.327,1
221,83.0,3,1783267851328,2026-07-05T23:10:51.328,1
222,85.0,3,1783267852328,2026-07-05T23:10:52.328,1
223,86.0,3,1783267853328,2026-07-05T23:10:53.328,1
224,87.0,3,1783267854326,2026-07-05T23:10:54.326,1
225,88.0,3,1783267855328,2026-07-05T23:10:55.328,1
226,89.0,3,1783267856328,2026-07-05T23:10:56.328,1
227,90.0,3,1783267857328,2026-07-05T23:10:57.328,1
228,92.0,3,1783267858327,2026-07-05T23:10:58.327,1
229,93.0,3,1783267859328,2026-07-05T23:10:59.328,1
230,93.0,3,1783267860327,2026-07-05T23:11:00.327,1
231,93.0,3,1783267861328,2026-07-05T23:11:01.328,1
232,94.0,3,1783267862328,2026-07-05T23:11:02.328,1
233,94.0,3,1783267863327,2026-07-05T23:11:03.327,1
234,94.0,3,1783267864325,2026-07-05T23:11:04.325,1
235,95.0,3,1783267865326,2026-07-05T23:11:05.326,1
236,95.0,3,1783267866329,2026-07-05T23:11:06.329,1
237,95.0,3,1783267867324,2026-07-05T23:11:07.324,1
238,95.0,3,1783267868324,2026-07-05T23:11:08.324,1
239,95.0,3,1783267869324,2026-07-05T23:11:09.324,1
240,94.0,3,1783267870326,2026-07-05T23:11:10.326,1
241,93.0,3,1783267871325,2026-07-05T23:11:11.325,1
242,92.0,3,1783267872324,2026-07-05T23:11:12.324,1
243,91.0,3,1783267873325,2026-07-05T23:11:13.325,1
244,90.0,3,1783267874325,2026-07-05T23:11:14.325,1
245,88.0,3,1783267875324,2026-07-05T23:11:15.324,1
246,87.0,3,1783267876324,2026-07-05T23:11:16.324,1
247,86.0,3,1783267877327,2026-07-05T23:11:17.327,1
248,86.0,3,1783267878328,2026-07-05T23:11:18.328,1
249,87.0,3,1783267879327,2026-07-05T23:11:19.327,1
250,88.0,3,1783267880326,2026-07-05T23:11:20.326,1
251,89.0,3,1783267881327,2026-07-05T23:11:21.327,1
252,91.0,3,1783267882328,2026-07-05T23:11:22.328,1
253,93.0,3,1783267883328,2026-07-05T23:11:23.328,1
254,94.0,3,1783267884328,2026-07-05T23:11:24.328,1
255,95.0,3,1783267885328,2026-07-05T23:11:25.328,1
256,97.0,3,1783267886328,2026-07-05T23:11:26.328,1
257,97.0,3,1783267887328,2026-07-05T23:11:27.328,1
258,98.0,3,1783267888328,2026-07-05T23:11:28.328,1
259,99.0,3,1783267889328,2026-07-05T23:11:29.328,1
260,98.0,3,1783267890328,2026-07-05T23:11:30.328,1
261,99.0,3,1783267891328,2026-07-05T23:11:31.328,1
262,98.0,3,1783267892328,2026-07-05T23:11:32.328,1
263,97.0,3,1783267893328,2026-07-05T23:11:33.328,1
264,96.0,3,1783267894325,2026-07-05T23:11:34.325,1
265,95.0,3,1783267895326,2026-07-05T23:11:35.326,1
266,95.0,3,1783267896325,2026-07-05T23:11:36.325,1
267,95.0,3,1783267897329,2026-07-05T23:11:37.329,1
268,95.0,3,1783267898330,2026-07-05T23:11:38.330,1
269,94.0,3,1783267899325,2026-07-05T23:11:39.325,1
270,94.0,3,1783267900325,2026-07-05T23:11:40.325,1
271,93.0,3,1783267901325,2026-07-05T23:11:41.325,1
272,92.0,3,1783267902326,2026-07-05T23:11:42.326,1
273,91.0,3,1783267903325,2026-07-05T23:11:43.325,1
274,90.0,3,1783267904326,2026-07-05T23:11:44.326,1
275,90.0,3,1783267905327,2026-07-05T23:11:45.327,1
276,90.0,3,1783267906325,2026-07-05T23:11:46.325,1
277,91.0,3,1783267907326,2026-07-05T23:11:47.326,1
278,91.0,3,1783267908325,2026-07-05T23:11:48.325,1
279,92.0,3,1783267909325,2026-07-05T23:11:49.325,1
280,91.0,3,1783267910325,2026-07-05T23:11:50.325,1
281,90.0,3,1783267911326,2026-07-05T23:11:51.326,1
282,89.0,3,1783267912325,2026-07-05T23:11:52.325,1
283,88.0,3,1783267913325,2026-07-05T23:11:53.325,1
284,87.0,3,1783267914324,2026-07-05T23:11:54.324,1
285,86.0,3,1783267915325,2026-07-05T23:11:55.325,1
286,85.0,3,1783267916325,2026-07-05T23:11:56.325,1
287,86.0,3,1783267917326,2026-07-05T23:11:57.326,1
288,87.0,3,1783267918326,2026-07-05T23:11:58.326,1
289,88.0,3,1783267919326,2026-07-05T23:11:59.326,1
290,89.0,3,1783267920325,2026-07-05T23:12:00.325,1
291,90.0,3,1783267921325,2026-07-05T23:12:01.325,1
292,92.0,3,1783267922325,2026-07-05T23:12:02.325,1
293,93.0,3,1783267923326,2026-07-05T23:12:03.326,1
294,94.0,3,1783267924326,2026-07-05T23:12:04.326,1
295,95.0,3,1783267925326,2026-07-05T23:12:05.326,1
296,95.0,3,1783267926325,2026-07-05T23:12:06.325,1
297,95.0,3,1783267927327,2026-07-05T23:12:07.327,1
298,94.0,3,1783267928324,2026-07-05T23:12:08.324,1
299,93.0,3,1783267929325,2026-07-05T23:12:09.325,1
300,92.0,3,1783267930325,2026-07-05T23:12:10.325,1
301,91.0,3,1783267931326,2026-07-05T23:12:11.326,1
302,90.0,3,1783267932325,2026-07-05T23:12:12.325,1
303,89.0,3,1783267933325,2026-07-05T23:12:13.325,1
304,88.0,3,1783267934325,2026-07-05T23:12:14.325,1
305,88.0,3,1783267935328,2026-07-05T23:12:15.328,1
306,89.0,3,1783267936326,2026-07-05T23:12:16.326,1
307,90.0,3,1783267937325,2026-07-05T23:12:17.325,1
308,91.0,3,1783267938325,2026-07-05T23:12:18.325,1
309,92.0,3,1783267939324,2026-07-05T23:12:19.324,1
310,92.0,3,1783267940325,2026-07-05T23:12:20.325,1
311,92.0,3,1783267941325,2026-07-05T23:12:21.325,1
312,91.0,3,1783267942325,2026-07-05T23:12:22.325,1
313,90.0,3,1783267943325,2026-07-05T23:12:23.325,1
314,89.0,3,1783267944335,2026-07-05T23:12:24.335,1
315,89.0,3,1783267945334,2026-07-05T23:12:25.334,1
316,89.0,3,1783267946334,2026-07-05T23:12:26.334,1
317,89.0,3,1783267947338,2026-07-05T23:12:27.338,1
318,89.0,3,1783267948327,2026-07-05T23:12:28.327,1
319,88.0,3,1783267949328,2026-07-05T23:12:29.328,1
320,88.0,3,1783267950327,2026-07-05T23:12:30.327,1
321,88.0,3,1783267951335,2026-07-05T23:12:31.335,1
322,89.0,3,1783267952332,2026-07-05T23:12:32.332,1
323,90.0,3,1783267953326,2026-07-05T23:12:33.326,1
324,92.0,3,1783267954327,2026-07-05T23:12:34.327,1
325,93.0,3,1783267955325,2026-07-05T23:12:35.325,1
326,93.0,3,1783267956327,2026-07-05T23:12:36.327,1
327,93.0,3,1783267957327,2026-07-05T23:12:37.327,1
328,93.0,3,1783267958328,2026-07-05T23:12:38.328,1
329,93.0,3,1783267959327,2026-07-05T23:12:39.327,1
330,93.0,3,1783267960327,2026-07-05T23:12:40.327,1
331,93.0,3,1783267961327,2026-07-05T23:12:41.327,1
332,92.0,3,1783267962328,2026-07-05T23:12:42.328,1
333,92.0,3,1783267963328,2026-07-05T23:12:43.328,1
334,92.0,3,1783267964328,2026-07-05T23:12:44.328,1
335,91.0,3,1783267965328,2026-07-05T23:12:45.328,1
336,91.0,3,1783267966328,2026-07-05T23:12:46.328,1
337,91.0,3,1783267967328,2026-07-05T23:12:47.328,1
338,92.0,3,1783267968328,2026-07-05T23:12:48.328,1
339,93.0,3,1783267969328,2026-07-05T23:12:49.328,1
340,94.0,3,1783267970328,2026-07-05T23:12:50.328,1
341,94.0,3,1783267971328,2026-07-05T23:12:51.328,1
342,94.0,3,1783267972327,2026-07-05T23:12:52.327,1
343,93.0,3,1783267973326,2026-07-05T23:12:53.326,1
344,93.0,3,1783267974325,2026-07-05T23:12:54.325,1
345,92.0,3,1783267975336,2026-07-05T23:12:55.336,1
346,92.0,3,1783267976333,2026-07-05T23:12:56.333,1
347,93.0,3,1783267977330,2026-07-05T23:12:57.330,1
348,93.0,3,1783267978335,2026-07-05T23:12:58.335,1
349,93.0,3,1783267979335,2026-07-05T23:12:59.335,1
350,93.0,3,1783267980332,2026-07-05T23:13:00.332,1
351,93.0,3,1783267981336,2026-07-05T23:13:01.336,1
352,93.0,3,1783267982337,2026-07-05T23:13:02.337,1
353,92.0,3,1783267983332,2026-07-05T23:13:03.332,1
354,91.0,3,1783267984334,2026-07-05T23:13:04.334,1
355,90.0,3,1783267985327,2026-07-05T23:13:05.327,1
356,90.0,3,1783267986330,2026-07-05T23:13:06.330,1
357,91.0,3,1783267987331,2026-07-05T23:13:07.331,1
358,92.0,3,1783267988333,2026-07-05T23:13:08.333,1
359,92.0,3,1783267989333,2026-07-05T23:13:09.333,1
360,91.0,3,1783267990325,2026-07-05T23:13:10.325,1
361,91.0,3,1783267991324,2026-07-05T23:13:11.324,1
362,92.0,3,1783267992337,2026-07-05T23:13:12.337,1
363,91.0,3,1783267993327,2026-07-05T23:13:13.327,1
364,91.0,3,1783267994328,2026-07-05T23:13:14.328,1
365,91.0,3,1783267995328,2026-07-05T23:13:15.328,1
366,91.0,3,1783267996328,2026-07-05T23:13:16.328,1
367,91.0,3,1783267997328,2026-07-05T23:13:17.328,1
368,91.0,3,1783267998327,2026-07-05T23:13:18.327,1
369,92.0,3,1783267999328,2026-07-05T23:13:19.328,1
370,92.0,3,1783268000329,2026-07-05T23:13:20.329,1
371,93.0,3,1783268001328,2026-07-05T23:13:21.328,1
372,93.0,3,1783268002328,2026-07-05T23:13:22.328,1
373,94.0,3,1783268003417,2026-07-05T23:13:23.417,1
374,95.0,3,1783268004326,2026-07-05T23:13:24.326,1
375,95.0,3,1783268005326,2026-07-05T23:13:25.326,1
376,94.0,3,1783268006326,2026-07-05T23:13:26.326,1
377,94.0,3,1783268007324,2026-07-05T23:13:27.324,1
378,94.0,3,1783268008324,2026-07-05T23:13:28.324,1
379,93.0,3,1783268009326,2026-07-05T23:13:29.326,1
380,92.0,3,1783268010324,2026-07-05T23:13:30.324,1
381,91.0,3,1783268011327,2026-07-05T23:13:31.327,1
382,90.0,3,1783268012327,2026-07-05T23:13:32.327,1
383,90.0,3,1783268013325,2026-07-05T23:13:33.325,1
384,89.0,3,1783268014328,2026-07-05T23:13:34.328,1
385,89.0,3,1783268015328,2026-07-05T23:13:35.328,1
386,89.0,3,1783268016324,2026-07-05T23:13:36.324,1
387,90.0,3,1783268017327,2026-07-05T23:13:37.327,1
388,89.0,3,1783268018325,2026-07-05T23:13:38.325,1
389,88.0,3,1783268019336,2026-07-05T23:13:39.336,1
390,87.0,3,1783268020334,2026-07-05T23:13:40.334,1
391,86.0,3,1783268021336,2026-07-05T23:13:41.336,1
392,85.0,3,1783268022337,2026-07-05T23:13:42.337,1
393,84.0,3,1783268023327,2026-07-05T23:13:43.327,1
394,84.0,3,1783268024330,2026-07-05T23:13:44.330,1
395,84.0,3,1783268025326,2026-07-05T23:13:45.326,1
396,84.0,3,1783268026330,2026-07-05T23:13:46.330,1
397,85.0,3,1783268027325,2026-07-05T23:13:47.325,1
398,86.0,3,1783268028324,2026-07-05T23:13:48.324,1
399,86.0,3,1783268029325,2026-07-05T23:13:49.325,1
400,86.0,3,1783268030325,2026-07-05T23:13:50.325,1
401,85.0,3,1783268031326,2026-07-05T23:13:51.326,1
402,85.0,3,1783268032325,2026-07-05T23:13:52.325,1
403,86.0,3,1783268033325,2026-07-05T23:13:53.325,1
404,85.0,3,1783268034325,2026-07-05T23:13:54.325,1
405,85.0,3,1783268035325,2026-07-05T23:13:55.325,1
406,85.0,3,1783268036325,2026-07-05T23:13:56.325,1
407,84.0,3,1783268037325,2026-07-05T23:13:57.325,1
408,84.0,3,1783268038327,2026-07-05T23:13:58.327,1
409,84.0,3,1783268039325,2026-07-05T23:13:59.325,1
410,83.0,3,1783268040327,2026-07-05T23:14:00.327,1
411,83.0,3,1783268041325,2026-07-05T23:14:01.325,1
412,83.0,3,1783268042326,2026-07-05T23:14:02.326,1
413,83.0,3,1783268043328,2026-07-05T23:14:03.328,1
414,83.0,3,1783268044325,2026-07-05T23:14:04.325,1
415,83.0,3,1783268045325,2026-07-05T23:14:05.325,1
416,83.0,3,1783268046327,2026-07-05T23:14:06.327,1
417,84.0,3,1783268047328,2026-07-05T23:14:07.328,1
418,85.0,3,1783268048329,2026-07-05T23:14:08.329,1
419,85.0,3,1783268049325,2026-07-05T23:14:09.325,1
420,85.0,3,1783268050327,2026-07-05T23:14:10.327,1
421,85.0,3,1783268051327,2026-07-05T23:14:11.327,1
422,85.0,3,1783268052328,2026-07-05T23:14:12.328,1
423,84.0,3,1783268053325,2026-07-05T23:14:13.325,1
424,84.0,3,1783268054327,2026-07-05T23:14:14.327,1
425,84.0,3,1783268055326,2026-07-05T23:14:15.326,1
426,84.0,3,1783268056326,2026-07-05T23:14:16.326,1
427,83.0,3,1783268057326,2026-07-05T23:14:17.326,1
428,83.0,3,1783268058325,2026-07-05T23:14:18.325,1
429,83.0,3,1783268059326,2026-07-05T23:14:19.326,1
430,83.0,3,1783268060326,2026-07-05T23:14:20.326,1
431,83.0,3,1783268061325,2026-07-05T23:14:21.325,1
432,83.0,3,1783268062327,2026-07-05T23:14:22.327,1
433,83.0,3,1783268063325,2026-07-05T23:14:23.325,1
434,83.0,3,1783268064325,2026-07-05T23:14:24.325,1
435,83.0,3,1783268065325,2026-07-05T23:14:25.325,1
436,83.0,3,1783268066325,2026-07-05T23:14:26.325,1
437,83.0,3,1783268067325,2026-07-05T23:14:27.325,1
438,83.0,3,1783268068325,2026-07-05T23:14:28.325,1
439,83.0,3,1783268069326,2026-07-05T23:14:29.326,1
440,83.0,3,1783268070326,2026-07-05T23:14:30.326,1
441,83.0,3,1783268071325,2026-07-05T23:14:31.325,1
442,83.0,3,1783268072325,2026-07-05T23:14:32.325,1
443,83.0,3,1783268073326,2026-07-05T23:14:33.326,1
444,83.0,3,1783268074325,2026-07-05T23:14:34.325,1
445,83.0,3,1783268075325,2026-07-05T23:14:35.325,1
446,84.0,3,1783268076325,2026-07-05T23:14:36.325,1
447,84.0,3,1783268077324,2026-07-05T23:14:37.324,1
448,85.0,3,1783268078328,2026-07-05T23:14:38.328,1
449,85.0,3,1783268079324,2026-07-05T23:14:39.324,1
450,84.0,3,1783268080327,2026-07-05T23:14:40.327,1
451,84.0,3,1783268081338,2026-07-05T23:14:41.338,1
452,83.0,3,1783268082325,2026-07-05T23:14:42.325,1
453,82.0,3,1783268083325,2026-07-05T23:14:43.325,1
454,83.0,3,1783268084325,2026-07-05T23:14:44.325,1
455,85.0,3,1783268085325,2026-07-05T23:14:45.325,1
456,86.0,3,1783268086326,2026-07-05T23:14:46.326,1
457,87.0,3,1783268087326,2026-07-05T23:14:47.326,1
458,87.0,3,1783268088325,2026-07-05T23:14:48.325,1
459,86.0,3,1783268089324,2026-07-05T23:14:49.324,1
460,86.0,3,1783268090325,2026-07-05T23:14:50.325,1
461,85.0,3,1783268091325,2026-07-05T23:14:51.325,1
462,85.0,3,1783268092325,2026-07-05T23:14:52.325,1
463,85.0,3,1783268093326,2026-07-05T23:14:53.326,1
464,84.0,3,1783268094325,2026-07-05T23:14:54.325,1
465,84.0,3,1783268095326,2026-07-05T23:14:55.326,1
466,85.0,3,1783268096325,2026-07-05T23:14:56.325,1
467,84.0,3,1783268097325,2026-07-05T23:14:57.325,1
468,84.0,3,1783268098325,2026-07-05T23:14:58.325,1
469,84.0,3,1783268099324,2026-07-05T23:14:59.324,1
470,84.0,3,1783268100325,2026-07-05T23:15:00.325,1
471,84.0,3,1783268101325,2026-07-05T23:15:01.325,1
472,84.0,3,1783268102325,2026-07-05T23:15:02.325,1
473,83.0,3,1783268103337,2026-07-05T23:15:03.337,1
474,83.0,3,1783268104338,2026-07-05T23:15:04.338,1
475,82.0,3,1783268105335,2026-07-05T23:15:05.335,1
476,83.0,3,1783268106336,2026-07-05T23:15:06.336,1
477,83.0,3,1783268107336,2026-07-05T23:15:07.336,1
478,83.0,3,1783268108336,2026-07-05T23:15:08.336,1
479,84.0,3,1783268109333,2026-07-05T23:15:09.333,1
480,84.0,3,1783268110335,2026-07-05T23:15:10.335,1
481,84.0,3,1783268111335,2026-07-05T23:15:11.335,1
482,84.0,3,1783268112335,2026-07-05T23:15:12.335,1
483,84.0,3,1783268113331,2026-07-05T23:15:13.331,1
484,84.0,3,1783268114334,2026-07-05T23:15:14.334,1
485,84.0,3,1783268115336,2026-07-05T23:15:15.336,1
486,85.0,3,1783268116337,2026-07-05T23:15:16.337,1
487,86.0,3,1783268117336,2026-07-05T23:15:17.336,1
488,86.0,3,1783268118337,2026-07-05T23:15:18.337,1
489,86.0,3,1783268119335,2026-07-05T23:15:19.335,1
490,87.0,3,1783268120335,2026-07-05T23:15:20.335,1
491,89.0,3,1783268121335,2026-07-05T23:15:21.335,1
492,90.0,3,1783268122335,2026-07-05T23:15:22.335,1
493,91.0,3,1783268123335,2026-07-05T23:15:23.335,1
494,92.0,3,1783268124335,2026-07-05T23:15:24.335,1
495,93.0,3,1783268125335,2026-07-05T23:15:25.335,1
496,93.0,3,1783268126332,2026-07-05T23:15:26.332,1
497,94.0,3,1783268127335,2026-07-05T23:15:27.335,1
498,95.0,3,1783268128335,2026-07-05T23:15:28.335,1
499,95.0,3,1783268129332,2026-07-05T23:15:29.332,1
500,96.0,3,1783268130332,2026-07-05T23:15:30.332,1
501,95.0,3,1783268131333,2026-07-05T23:15:31.333,1
502,95.0,3,1783268132332,2026-07-05T23:15:32.332,1
503,95.0,3,1783268133333,2026-07-05T23:15:33.333,1
504,94.0,3,1783268134330,2026-07-05T23:15:34.330,1
505,94.0,3,1783268135334,2026-07-05T23:15:35.334,1
506,93.0,3,1783268136334,2026-07-05T23:15:36.334,1
507,93.0,3,1783268137326,2026-07-05T23:15:37.326,1
508,92.0,3,1783268138333,2026-07-05T23:15:38.333,1
509,91.0,3,1783268139335,2026-07-05T23:15:39.335,1
510,90.0,3,1783268140327,2026-07-05T23:15:40.327,1
511,89.0,3,1783268141328,2026-07-05T23:15:41.328,1
512,88.0,3,1783268142327,2026-07-05T23:15:42.327,1
513,87.0,3,1783268143327,2026-07-05T23:15:43.327,1
514,86.0,3,1783268144328,2026-07-05T23:15:44.328,1
515,86.0,3,1783268145423,2026-07-05T23:15:45.423,1
516,86.0,3,1783268146331,2026-07-05T23:15:46.331,1
517,86.0,3,1783268147331,2026-07-05T23:15:47.331,1
518,87.0,3,1783268148335,2026-07-05T23:15:48.335,1
519,87.0,3,1783268149334,2026-07-05T23:15:49.334,1
520,88.0,3,1783268150331,2026-07-05T23:15:50.331,1
521,88.0,3,1783268151334,2026-07-05T23:15:51.334,1
522,88.0,3,1783268152337,2026-07-05T23:15:52.337,1
523,87.0,3,1783268153331,2026-07-05T23:15:53.331,1
524,86.0,3,1783268154332,2026-07-05T23:15:54.332,1
525,85.0,3,1783268155331,2026-07-05T23:15:55.331,1
526,85.0,3,1783268156330,2026-07-05T23:15:56.330,1
527,83.0,3,1783268157335,2026-07-05T23:15:57.335,1
528,83.0,3,1783268158330,2026-07-05T23:15:58.330,1
529,82.0,3,1783268159333,2026-07-05T23:15:59.333,1
530,82.0,3,1783268160334,2026-07-05T23:16:00.334,1
531,82.0,3,1783268161336,2026-07-05T23:16:01.336,1
532,82.0,3,1783268162336,2026-07-05T23:16:02.336,1
533,82.0,3,1783268163330,2026-07-05T23:16:03.330,1
534,82.0,3,1783268164333,2026-07-05T23:16:04.333,1
535,81.0,3,1783268165336,2026-07-05T23:16:05.336,1
536,81.0,3,1783268166325,2026-07-05T23:16:06.325,1
537,81.0,3,1783268167336,2026-07-05T23:16:07.336,1
538,80.0,3,1783268168339,2026-07-05T23:16:08.339,1
539,80.0,3,1783268169337,2026-07-05T23:16:09.337,1
540,80.0,3,1783268170338,2026-07-05T23:16:10.338,1
541,80.0,3,1783268171338,2026-07-05T23:16:11.338,1
542,81.0,3,1783268172326,2026-07-05T23:16:12.326,1
543,82.0,3,1783268173325,2026-07-05T23:16:13.325,1
544,84.0,3,1783268174326,2026-07-05T23:16:14.326,1
545,85.0,3,1783268175326,2026-07-05T23:16:15.326,1
546,86.0,3,1783268176337,2026-07-05T23:16:16.337,1
547,86.0,3,1783268177337,2026-07-05T23:16:17.337,1
548,87.0,3,1783268178336,2026-07-05T23:16:18.336,1
549,88.0,3,1783268179377,2026-07-05T23:16:19.377,1
550,89.0,3,1783268180337,2026-07-05T23:16:20.337,1
551,90.0,3,1783268181336,2026-07-05T23:16:21.336,1
552,91.0,3,1783268182332,2026-07-05T23:16:22.332,1
553,91.0,3,1783268183333,2026-07-05T23:16:23.333,1
554,92.0,3,1783268184335,2026-07-05T23:16:24.335,1
555,93.0,3,1783268185335,2026-07-05T23:16:25.335,1
556,94.0,3,1783268186335,2026-07-05T23:16:26.335,1
557,95.0,3,1783268187332,2026-07-05T23:16:27.332,1
558,95.0,3,1783268188334,2026-07-05T23:16:28.334,1
559,95.0,3,1783268189333,2026-07-05T23:16:29.333,1
560,94.0,3,1783268190332,2026-07-05T23:16:30.332,1
561,94.0,3,1783268191332,2026-07-05T23:16:31.332,1
562,93.0,3,1783268192332,2026-07-05T23:16:32.332,1
563,92.0,3,1783268193329,2026-07-05T23:16:33.329,1
564,91.0,3,1783268194330,2026-07-05T23:16:34.330,1
565,90.0,3,1783268195329,2026-07-05T23:16:35.329,1
566,90.0,3,1783268196328,2026-07-05T23:16:36.328,1
567,90.0,3,1783268197327,2026-07-05T23:16:37.327,1
568,90.0,3,1783268198327,2026-07-05T23:16:38.327,1
569,90.0,3,1783268199327,2026-07-05T23:16:39.327,1
570,90.0,3,1783268200327,2026-07-05T23:16:40.327,1
571,90.0,3,1783268201325,2026-07-05T23:16:41.325,1
572,91.0,3,1783268202325,2026-07-05T23:16:42.325,1
573,91.0,3,1783268203325,2026-07-05T23:16:43.325,1
574,91.0,3,1783268204326,2026-07-05T23:16:44.326,1
575,90.0,3,1783268205327,2026-07-05T23:16:45.327,1
576,89.0,3,1783268206325,2026-07-05T23:16:46.325,1
577,89.0,3,1783268207325,2026-07-05T23:16:47.325,1
578,88.0,3,1783268208325,2026-07-05T23:16:48.325,1
579,88.0,3,1783268209325,2026-07-05T23:16:49.325,1
580,88.0,3,1783268210325,2026-07-05T23:16:50.325,1
581,89.0,3,1783268211325,2026-07-05T23:16:51.325,1
582,89.0,3,1783268212326,2026-07-05T23:16:52.326,1
583,89.0,3,1783268213325,2026-07-05T23:16:53.325,1
584,89.0,3,1783268214326,2026-07-05T23:16:54.326,1
585,89.0,3,1783268215325,2026-07-05T23:16:55.325,1
586,88.0,3,1783268216326,2026-07-05T23:16:56.326,1
587,87.0,3,1783268217324,2026-07-05T23:16:57.324,1
588,86.0,3,1783268218325,2026-07-05T23:16:58.325,1
589,86.0,3,1783268219325,2026-07-05T23:16:59.325,1
590,86.0,3,1783268220326,2026-07-05T23:17:00.326,1
591,87.0,3,1783268221325,2026-07-05T23:17:01.325,1
592,88.0,3,1783268222325,2026-07-05T23:17:02.325,1
593,88.0,3,1783268223325,2026-07-05T23:17:03.325,1
594,87.0,3,1783268224327,2026-07-05T23:17:04.327,1
595,86.0,3,1783268225325,2026-07-05T23:17:05.325,1
596,86.0,3,1783268226325,2026-07-05T23:17:06.325,1
597,86.0,3,1783268227325,2026-07-05T23:17:07.325,1
598,86.0,3,1783268228325,2026-07-05T23:17:08.325,1
599,86.0,3,1783268229325,2026-07-05T23:17:09.325,1
600,86.0,3,1783268230324,2026-07-05T23:17:10.324,1
601,87.0,3,1783268231326,2026-07-05T23:17:11.326,1
602,87.0,3,1783268232326,2026-07-05T23:17:12.326,1
603,87.0,3,1783268233325,2026-07-05T23:17:13.325,1
604,86.0,3,1783268234325,2026-07-05T23:17:14.325,1
605,85.0,3,1783268235325,2026-07-05T23:17:15.325,1
606,86.0,3,1783268236325,2026-07-05T23:17:16.325,1
607,87.0,3,1783268237326,2026-07-05T23:17:17.326,1
608,88.0,3,1783268238326,2026-07-05T23:17:18.326,1
609,88.0,3,1783268239325,2026-07-05T23:17:19.325,1
610,88.0,3,1783268240325,2026-07-05T23:17:20.325,1
611,89.0,3,1783268241325,2026-07-05T23:17:21.325,1
612,89.0,3,1783268242325,2026-07-05T23:17:22.325,1
613,90.0,3,1783268243324,2026-07-05T23:17:23.324,1
614,91.0,3,1783268244326,2026-07-05T23:17:24.326,1
615,92.0,3,1783268245325,2026-07-05T23:17:25.325,1
616,92.0,3,1783268246326,2026-07-05T23:17:26.326,1
617,92.0,3,1783268247325,2026-07-05T23:17:27.325,1
618,92.0,3,1783268248325,2026-07-05T23:17:28.325,1
619,91.0,3,1783268249326,2026-07-05T23:17:29.326,1
620,90.0,3,1783268250326,2026-07-05T23:17:30.326,1
621,89.0,3,1783268251326,2026-07-05T23:17:31.326,1
622,89.0,3,1783268252338,2026-07-05T23:17:32.338,1
623,88.0,3,1783268253336,2026-07-05T23:17:33.336,1
624,87.0,3,1783268254337,2026-07-05T23:17:34.337,1
625,86.0,3,1783268255338,2026-07-05T23:17:35.338,1
626,85.0,3,1783268256336,2026-07-05T23:17:36.336,1
627,84.0,3,1783268257334,2026-07-05T23:17:37.334,1
628,85.0,3,1783268258330,2026-07-05T23:17:38.330,1
629,85.0,3,1783268259328,2026-07-05T23:17:39.328,1
630,86.0,3,1783268260330,2026-07-05T23:17:40.330,1
631,86.0,3,1783268261329,2026-07-05T23:17:41.329,1
632,86.0,3,1783268262330,2026-07-05T23:17:42.330,1
633,86.0,3,1783268263329,2026-07-05T23:17:43.329,1
634,87.0,3,1783268264327,2026-07-05T23:17:44.327,1
635,87.0,3,1783268265327,2026-07-05T23:17:45.327,1
636,86.0,3,1783268266325,2026-07-05T23:17:46.325,1
637,86.0,3,1783268267324,2026-07-05T23:17:47.324,1
638,86.0,3,1783268268325,2026-07-05T23:17:48.325,1
639,86.0,3,1783268269327,2026-07-05T23:17:49.327,1
640,86.0,3,1783268270328,2026-07-05T23:17:50.328,1
641,85.0,3,1783268271328,2026-07-05T23:17:51.328,1
642,85.0,3,1783268272328,2026-07-05T23:17:52.328,1
643,85.0,3,1783268273328,2026-07-05T23:17:53.328,1
644,85.0,3,1783268274328,2026-07-05T23:17:54.328,1
645,85.0,3,1783268275328,2026-07-05T23:17:55.328,1
646,86.0,3,1783268276328,2026-07-05T23:17:56.328,1
647,87.0,3,1783268277327,2026-07-05T23:17:57.327,1
648,87.0,3,1783268278328,2026-07-05T23:17:58.328,1
649,87.0,3,1783268279328,2026-07-05T23:17:59.328,1
650,86.0,3,1783268280326,2026-07-05T23:18:00.326,1
651,85.0,3,1783268281328,2026-07-05T23:18:01.328,1
652,84.0,3,1783268282328,2026-07-05T23:18:02.328,1
653,83.0,3,1783268283327,2026-07-05T23:18:03.327,1
654,82.0,3,1783268284329,2026-07-05T23:18:04.329,1
655,82.0,3,1783268285328,2026-07-05T23:18:05.328,1
656,83.0,3,1783268286328,2026-07-05T23:18:06.328,1
657,83.0,3,1783268287325,2026-07-05T23:18:07.325,1
658,84.0,3,1783268288326,2026-07-05T23:18:08.326,1
659,84.0,3,1783268289326,2026-07-05T23:18:09.326,1
660,85.0,3,1783268290325,2026-07-05T23:18:10.325,1
661,86.0,3,1783268291325,2026-07-05T23:18:11.325,1
662,86.0,3,1783268292326,2026-07-05T23:18:12.326,1
663,86.0,3,1783268293326,2026-07-05T23:18:13.326,1
664,87.0,3,1783268294338,2026-07-05T23:18:14.338,1
665,87.0,3,1783268295337,2026-07-05T23:18:15.337,1
666,87.0,3,1783268296326,2026-07-05T23:18:16.326,1
667,88.0,3,1783268297338,2026-07-05T23:18:17.338,1
668,88.0,3,1783268298337,2026-07-05T23:18:18.337,1
669,89.0,3,1783268299341,2026-07-05T23:18:19.341,1
670,89.0,3,1783268300334,2026-07-05T23:18:20.334,1
671,89.0,3,1783268301337,2026-07-05T23:18:21.337,1
672,90.0,3,1783268302334,2026-07-05T23:18:22.334,1
673,91.0,3,1783268303333,2026-07-05T23:18:23.333,1
674,92.0,3,1783268304324,2026-07-05T23:18:24.324,1
675,92.0,3,1783268305330,2026-07-05T23:18:25.330,1
676,92.0,3,1783268306332,2026-07-05T23:18:26.332,1
677,92.0,3,1783268307331,2026-07-05T23:18:27.331,1
678,91.0,3,1783268308325,2026-07-05T23:18:28.325,1
679,90.0,3,1783268309325,2026-07-05T23:18:29.325,1
680,89.0,3,1783268310331,2026-07-05T23:18:30.331,1
681,88.0,3,1783268311330,2026-07-05T23:18:31.330,1
682,87.0,3,1783268312330,2026-07-05T23:18:32.330,1
683,86.0,3,1783268313332,2026-07-05T23:18:33.332,1
684,85.0,3,1783268314328,2026-07-05T23:18:34.328,1
685,84.0,3,1783268315328,2026-07-05T23:18:35.328,1
686,84.0,3,1783268316329,2026-07-05T23:18:36.329,1
687,83.0,3,1783268317328,2026-07-05T23:18:37.328,1
688,83.0,3,1783268318326,2026-07-05T23:18:38.326,1
689,82.0,3,1783268319325,2026-07-05T23:18:39.325,1
690,82.0,3,1783268320329,2026-07-05T23:18:40.329,1
691,82.0,3,1783268321328,2026-07-05T23:18:41.328,1
692,82.0,3,1783268322327,2026-07-05T23:18:42.327,1
693,82.0,3,1783268323327,2026-07-05T23:18:43.327,1
694,83.0,3,1783268324324,2026-07-05T23:18:44.324,1
695,83.0,3,1783268325325,2026-07-05T23:18:45.325,1
696,82.0,3,1783268326325,2026-07-05T23:18:46.325,1
697,82.0,3,1783268327325,2026-07-05T23:18:47.325,1
698,82.0,3,1783268328327,2026-07-05T23:18:48.327,1
699,82.0,3,1783268329325,2026-07-05T23:18:49.325,1
700,82.0,3,1783268330326,2026-07-05T23:18:50.326,1
701,82.0,3,1783268331326,2026-07-05T23:18:51.326,1
702,82.0,3,1783268332330,2026-07-05T23:18:52.330,1
703,82.0,3,1783268333329,2026-07-05T23:18:53.329,1
704,82.0,3,1783268334329,2026-07-05T23:18:54.329,1
705,82.0,3,1783268335327,2026-07-05T23:18:55.327,1
706,82.0,3,1783268336327,2026-07-05T23:18:56.327,1
707,81.0,3,1783268337325,2026-07-05T23:18:57.325,1
708,81.0,3,1783268338327,2026-07-05T23:18:58.327,1
709,81.0,3,1783268339326,2026-07-05T23:18:59.326,1
710,81.0,3,1783268340326,2026-07-05T23:19:00.326,1
711,81.0,3,1783268341327,2026-07-05T23:19:01.327,1
712,82.0,3,1783268342326,2026-07-05T23:19:02.326,1
713,82.0,3,1783268343327,2026-07-05T23:19:03.327,1
714,82.0,3,1783268344327,2026-07-05T23:19:04.327,1
715,82.0,3,1783268345326,2026-07-05T23:19:05.326,1
716,82.0,3,1783268346329,2026-07-05T23:19:06.329,1
717,82.0,3,1783268347324,2026-07-05T23:19:07.324,1
718,82.0,3,1783268348326,2026-07-05T23:19:08.326,1
719,82.0,3,1783268349326,2026-07-05T23:19:09.326,1
720,82.0,3,1783268350327,2026-07-05T23:19:10.327,1
721,82.0,3,1783268351326,2026-07-05T23:19:11.326,1
722,83.0,3,1783268352326,2026-07-05T23:19:12.326,1
723,84.0,3,1783268353325,2026-07-05T23:19:13.325,1
724,84.0,3,1783268354325,2026-07-05T23:19:14.325,1
725,84.0,3,1783268355325,2026-07-05T23:19:15.325,1
726,85.0,3,1783268356325,2026-07-05T23:19:16.325,1
727,86.0,3,1783268357326,2026-07-05T23:19:17.326,1
728,87.0,3,1783268358325,2026-07-05T23:19:18.325,1
729,89.0,3,1783268359324,2026-07-05T23:19:19.324,1
730,90.0,3,1783268360328,2026-07-05T23:19:20.328,1
731,90.0,3,1783268361334,2026-07-05T23:19:21.334,1
732,91.0,3,1783268362326,2026-07-05T23:19:22.326,1
733,90.0,3,1783268363325,2026-07-05T23:19:23.325,1
734,90.0,3,1783268364326,2026-07-05T23:19:24.326,1
735,90.0,3,1783268365325,2026-07-05T23:19:25.325,1
736,91.0,3,1783268366326,2026-07-05T23:19:26.326,1
737,91.0,3,1783268367326,2026-07-05T23:19:27.326,1
738,90.0,3,1783268368325,2026-07-05T23:19:28.325,1
739,90.0,3,1783268369325,2026-07-05T23:19:29.325,1
740,89.0,3,1783268370326,2026-07-05T23:19:30.326,1
741,89.0,3,1783268371325,2026-07-05T23:19:31.325,1
742,88.0,3,1783268372325,2026-07-05T23:19:32.325,1
743,87.0,3,1783268373325,2026-07-05T23:19:33.325,1
744,88.0,3,1783268374325,2026-07-05T23:19:34.325,1
745,88.0,3,1783268375326,2026-07-05T23:19:35.326,1
746,88.0,3,1783268376325,2026-07-05T23:19:36.325,1
747,87.0,3,1783268377326,2026-07-05T23:19:37.326,1
748,86.0,3,1783268378325,2026-07-05T23:19:38.325,1
749,86.0,3,1783268379324,2026-07-05T23:19:39.324,1
750,85.0,3,1783268380326,2026-07-05T23:19:40.326,1
751,84.0,3,1783268381325,2026-07-05T23:19:41.325,1
752,83.0,3,1783268382325,2026-07-05T23:19:42.325,1
753,83.0,3,1783268383326,2026-07-05T23:19:43.326,1
754,83.0,3,1783268384324,2026-07-05T23:19:44.324,1
755,83.0,3,1783268385326,2026-07-05T23:19:45.326,1
756,82.0,3,1783268386325,2026-07-05T23:19:46.325,1
757,82.0,3,1783268387325,2026-07-05T23:19:47.325,1
758,82.0,3,1783268388325,2026-07-05T23:19:48.325,1
759,82.0,3,1783268389325,2026-07-05T23:19:49.325,1
760,82.0,3,1783268390324,2026-07-05T23:19:50.324,1
761,83.0,3,1783268391324,2026-07-05T23:19:51.324,1
762,83.0,3,1783268392325,2026-07-05T23:19:52.325,1
763,83.0,3,1783268393326,2026-07-05T23:19:53.326,1
764,83.0,3,1783268394326,2026-07-05T23:19:54.326,1
765,83.0,3,1783268395338,2026-07-05T23:19:55.338,1
766,83.0,3,1783268396334,2026-07-05T23:19:56.334,1
767,83.0,3,1783268397334,2026-07-05T23:19:57.334,1
768,84.0,3,1783268398338,2026-07-05T23:19:58.338,1
769,84.0,3,1783268399335,2026-07-05T23:19:59.335,1
770,84.0,3,1783268400338,2026-07-05T23:20:00.338,1
771,85.0,3,1783268401337,2026-07-05T23:20:01.337,1
772,85.0,3,1783268402336,2026-07-05T23:20:02.336,1
773,86.0,3,1783268403334,2026-07-05T23:20:03.334,1
774,86.0,3,1783268404336,2026-07-05T23:20:04.336,1
775,87.0,3,1783268405331,2026-07-05T23:20:05.331,1
776,88.0,3,1783268406333,2026-07-05T23:20:06.333,1
777,89.0,3,1783268407333,2026-07-05T23:20:07.333,1
778,89.0,3,1783268408330,2026-07-05T23:20:08.330,1
779,89.0,3,1783268409324,2026-07-05T23:20:09.324,1
780,89.0,3,1783268410324,2026-07-05T23:20:10.324,1
781,90.0,3,1783268411328,2026-07-05T23:20:11.328,1
782,89.0,3,1783268412328,2026-07-05T23:20:12.328,1
783,89.0,3,1783268413328,2026-07-05T23:20:13.328,1
784,89.0,3,1783268414328,2026-07-05T23:20:14.328,1
785,88.0,3,1783268415328,2026-07-05T23:20:15.328,1
786,87.0,3,1783268416328,2026-07-05T23:20:16.328,1
787,85.0,3,1783268417328,2026-07-05T23:20:17.328,1
788,83.0,3,1783268418328,2026-07-05T23:20:18.328,1
789,82.0,3,1783268419451,2026-07-05T23:20:19.451,1
790,81.0,3,1783268420324,2026-07-05T23:20:20.324,1
791,80.0,3,1783268421329,2026-07-05T23:20:21.329,1
792,80.0,3,1783268422326,2026-07-05T23:20:22.326,1
793,80.0,3,1783268423326,2026-07-05T23:20:23.326,1
794,81.0,3,1783268424326,2026-07-05T23:20:24.326,1
795,82.0,3,1783268425327,2026-07-05T23:20:25.327,1
796,82.0,3,1783268426327,2026-07-05T23:20:26.327,1
797,82.0,3,1783268427326,2026-07-05T23:20:27.326,1
798,82.0,3,1783268428325,2026-07-05T23:20:28.325,1
799,82.0,3,1783268429326,2026-07-05T23:20:29.326,1
800,82.0,3,1783268430326,2026-07-05T23:20:30.326,1
801,82.0,3,1783268431326,2026-07-05T23:20:31.326,1
802,82.0,3,1783268432325,2026-07-05T23:20:32.325,1
803,83.0,3,1783268433328,2026-07-05T23:20:33.328,1
804,83.0,3,1783268434327,2026-07-05T23:20:34.327,1
805,84.0,3,1783268435326,2026-07-05T23:20:35.326,1
806,85.0,3,1783268436324,2026-07-05T23:20:36.324,1
807,85.0,3,1783268437324,2026-07-05T23:20:37.324,1
808,85.0,3,1783268438324,2026-07-05T23:20:38.324,1
809,85.0,3,1783268439324,2026-07-05T23:20:39.324,1
810,85.0,3,1783268440324,2026-07-05T23:20:40.324,1
811,85.0,3,1783268441325,2026-07-05T23:20:41.325,1
812,85.0,3,1783268442326,2026-07-05T23:20:42.326,1
813,86.0,3,1783268443325,2026-07-05T23:20:43.325,1
814,86.0,3,1783268444326,2026-07-05T23:20:44.326,1
815,85.0,3,1783268445327,2026-07-05T23:20:45.327,1
816,85.0,3,1783268446326,2026-07-05T23:20:46.326,1
817,85.0,3,1783268447325,2026-07-05T23:20:47.325,1
818,84.0,3,1783268448338,2026-07-05T23:20:48.338,1
819,84.0,3,1783268449326,2026-07-05T23:20:49.326,1
820,84.0,3,1783268450325,2026-07-05T23:20:50.325,1
821,84.0,3,1783268451325,2026-07-05T23:20:51.325,1
822,85.0,3,1783268452325,2026-07-05T23:20:52.325,1
823,85.0,3,1783268453325,2026-07-05T23:20:53.325,1
824,84.0,3,1783268454325,2026-07-05T23:20:54.325,1
825,84.0,3,1783268455328,2026-07-05T23:20:55.328,1
826,84.0,3,1783268456325,2026-07-05T23:20:56.325,1
827,84.0,3,1783268457324,2026-07-05T23:20:57.324,1
828,84.0,3,1783268458326,2026-07-05T23:20:58.326,1
829,85.0,3,1783268459326,2026-07-05T23:20:59.326,1
830,86.0,3,1783268460325,2026-07-05T23:21:00.325,1
831,86.0,3,1783268461324,2026-07-05T23:21:01.324,1
832,85.0,3,1783268462326,2026-07-05T23:21:02.326,1
833,85.0,3,1783268463326,2026-07-05T23:21:03.326,1
834,85.0,3,1783268464325,2026-07-05T23:21:04.325,1
835,84.0,3,1783268465325,2026-07-05T23:21:05.325,1
836,84.0,3,1783268466326,2026-07-05T23:21:06.326,1
837,84.0,3,1783268467325,2026-07-05T23:21:07.325,1
838,83.0,3,1783268468336,2026-07-05T23:21:08.336,1
839,84.0,3,1783268469334,2026-07-05T23:21:09.334,1
840,85.0,3,1783268470325,2026-07-05T23:21:10.325,1
841,85.0,3,1783268471325,2026-07-05T23:21:11.325,1
842,86.0,3,1783268472324,2026-07-05T23:21:12.324,1
843,87.0,3,1783268473324,2026-07-05T23:21:13.324,1
844,87.0,3,1783268474332,2026-07-05T23:21:14.332,1
845,87.0,3,1783268475335,2026-07-05T23:21:15.335,1
846,87.0,3,1783268476331,2026-07-05T23:21:16.331,1
847,86.0,3,1783268477331,2026-07-05T23:21:17.331,1
848,86.0,3,1783268478329,2026-07-05T23:21:18.329,1
849,85.0,3,1783268479324,2026-07-05T23:21:19.324,1
850,85.0,3,1783268480327,2026-07-05T23:21:20.327,1
851,84.0,3,1783268481328,2026-07-05T23:21:21.328,1
852,85.0,3,1783268482328,2026-07-05T23:21:22.328,1
853,85.0,3,1783268483328,2026-07-05T23:21:23.328,1
854,85.0,3,1783268484328,2026-07-05T23:21:24.328,1
855,87.0,3,1783268485328,2026-07-05T23:21:25.328,1
856,87.0,3,1783268486328,2026-07-05T23:21:26.328,1
857,88.0,3,1783268487328,2026-07-05T23:21:27.328,1
858,88.0,3,1783268488328,2026-07-05T23:21:28.328,1
859,88.0,3,1783268489328,2026-07-05T23:21:29.328,1
860,89.0,3,1783268490328,2026-07-05T23:21:30.328,1
861,89.0,3,1783268491324,2026-07-05T23:21:31.324,1
862,88.0,3,1783268492340,2026-07-05T23:21:32.340,1
863,88.0,3,1783268493336,2026-07-05T23:21:33.336,1
864,87.0,3,1783268494344,2026-07-05T23:21:34.344,1
865,86.0,3,1783268495349,2026-07-05T23:21:35.349,1
866,85.0,3,1783268496341,2026-07-05T23:21:36.341,1
867,86.0,3,1783268497342,2026-07-05T23:21:37.342,1
868,86.0,3,1783268498324,2026-07-05T23:21:38.324,1
869,87.0,3,1783268499327,2026-07-05T23:21:39.327,1
870,87.0,3,1783268500328,2026-07-05T23:21:40.328,1
871,87.0,3,1783268501328,2026-07-05T23:21:41.328,1
872,86.0,3,1783268502328,2026-07-05T23:21:42.328,1
873,85.0,3,1783268503328,2026-07-05T23:21:43.328,1
874,84.0,3,1783268504327,2026-07-05T23:21:44.327,1
875,84.0,3,1783268505326,2026-07-05T23:21:45.326,1
876,83.0,3,1783268506326,2026-07-05T23:21:46.326,1
877,82.0,3,1783268507328,2026-07-05T23:21:47.328,1
878,82.0,3,1783268508328,2026-07-05T23:21:48.328,1
879,82.0,3,1783268509329,2026-07-05T23:21:49.329,1
880,82.0,3,1783268510327,2026-07-05T23:21:50.327,1
881,82.0,3,1783268511326,2026-07-05T23:21:51.326,1
882,81.0,3,1783268512329,2026-07-05T23:21:52.329,1
883,81.0,3,1783268513330,2026-07-05T23:21:53.330,1
884,81.0,3,1783268514329,2026-07-05T23:21:54.329,1
885,80.0,3,1783268515327,2026-07-05T23:21:55.327,1
886,80.0,3,1783268516329,2026-07-05T23:21:56.329,1
887,80.0,3,1783268517327,2026-07-05T23:21:57.327,1
888,80.0,3,1783268518328,2026-07-05T23:21:58.328,1
889,81.0,3,1783268519328,2026-07-05T23:21:59.328,1
890,81.0,3,1783268520327,2026-07-05T23:22:00.327,1
891,82.0,3,1783268521328,2026-07-05T23:22:01.328,1
892,82.0,3,1783268522328,2026-07-05T23:22:02.328,1
893,82.0,3,1783268523328,2026-07-05T23:22:03.328,1
894,82.0,3,1783268524324,2026-07-05T23:22:04.324,1
895,82.0,3,1783268525325,2026-07-05T23:22:05.325,1
896,81.0,3,1783268526325,2026-07-05T23:22:06.325,1
897,81.0,3,1783268527324,2026-07-05T23:22:07.324,1
898,81.0,3,1783268528327,2026-07-05T23:22:08.327,1
899,82.0,3,1783268529325,2026-07-05T23:22:09.325,1
900,82.0,3,1783268530327,2026-07-05T23:22:10.327,1
901,83.0,3,1783268531324,2026-07-05T23:22:11.324,1
902,84.0,3,1783268532327,2026-07-05T23:22:12.327,1
903,85.0,3,1783268533324,2026-07-05T23:22:13.324,1
904,86.0,3,1783268534326,2026-07-05T23:22:14.326,1
905,86.0,3,1783268535325,2026-07-05T23:22:15.325,1
906,86.0,3,1783268536325,2026-07-05T23:22:16.325,1
907,87.0,3,1783268537327,2026-07-05T23:22:17.327,1
908,86.0,3,1783268538324,2026-07-05T23:22:18.324,1
909,86.0,3,1783268539324,2026-07-05T23:22:19.324,1
910,86.0,3,1783268540325,2026-07-05T23:22:20.325,1
911,86.0,3,1783268541325,2026-07-05T23:22:21.325,1
912,86.0,3,1783268542326,2026-07-05T23:22:22.326,1
913,86.0,3,1783268543325,2026-07-05T23:22:23.325,1
914,85.0,3,1783268544328,2026-07-05T23:22:24.328,1
915,86.0,3,1783268545339,2026-07-05T23:22:25.339,1
916,87.0,3,1783268546325,2026-07-05T23:22:26.325,1
917,88.0,3,1783268547325,2026-07-05T23:22:27.325,1
918,88.0,3,1783268548326,2026-07-05T23:22:28.326,1
919,89.0,3,1783268549326,2026-07-05T23:22:29.326,1
920,89.0,3,1783268550324,2026-07-05T23:22:30.324,1
921,89.0,3,1783268551325,2026-07-05T23:22:31.325,1
922,88.0,3,1783268552325,2026-07-05T23:22:32.325,1
923,87.0,3,1783268553325,2026-07-05T23:22:33.325,1
924,87.0,3,1783268554325,2026-07-05T23:22:34.325,1
925,86.0,3,1783268555325,2026-07-05T23:22:35.325,1
926,85.0,3,1783268556325,2026-07-05T23:22:36.325,1
927,84.0,3,1783268557325,2026-07-05T23:22:37.325,1
928,83.0,3,1783268558325,2026-07-05T23:22:38.325,1
929,82.0,3,1783268559325,2026-07-05T23:22:39.325,1
930,82.0,3,1783268560325,2026-07-05T23:22:40.325,1
931,81.0,3,1783268561325,2026-07-05T23:22:41.325,1
932,81.0,3,1783268562325,2026-07-05T23:22:42.325,1
933,80.0,3,1783268563325,2026-07-05T23:22:43.325,1
934,80.0,3,1783268564325,2026-07-05T23:22:44.325,1
935,81.0,3,1783268565325,2026-07-05T23:22:45.325,1
936,82.0,3,1783268566325,2026-07-05T23:22:46.325,1
937,83.0,3,1783268567325,2026-07-05T23:22:47.325,1
938,83.0,3,1783268568327,2026-07-05T23:22:48.327,1
939,83.0,3,1783268569325,2026-07-05T23:22:49.325,1
940,83.0,3,1783268570327,2026-07-05T23:22:50.327,1
941,84.0,3,1783268571326,2026-07-05T23:22:51.326,1
942,84.0,3,1783268572327,2026-07-05T23:22:52.327,1
943,85.0,3,1783268573327,2026-07-05T23:22:53.327,1
944,85.0,3,1783268574326,2026-07-05T23:22:54.326,1
945,85.0,3,1783268575328,2026-07-05T23:22:55.328,1
946,85.0,3,1783268576327,2026-07-05T23:22:56.327,1
947,84.0,3,1783268577326,2026-07-05T23:22:57.326,1
948,84.0,3,1783268578327,2026-07-05T23:22:58.327,1
949,83.0,3,1783268579325,2026-07-05T23:22:59.325,1
950,82.0,3,1783268580328,2026-07-05T23:23:00.328,1
951,82.0,3,1783268581325,2026-07-05T23:23:01.325,1
952,82.0,3,1783268582328,2026-07-05T23:23:02.328,1
953,82.0,3,1783268583327,2026-07-05T23:23:03.327,1
954,83.0,3,1783268584326,2026-07-05T23:23:04.326,1
955,84.0,3,1783268585325,2026-07-05T23:23:05.325,1
956,85.0,3,1783268586325,2026-07-05T23:23:06.325,1
957,85.0,3,1783268587325,2026-07-05T23:23:07.325,1
958,85.0,3,1783268588325,2026-07-05T23:23:08.325,1
959,85.0,3,1783268589325,2026-07-05T23:23:09.325,1
960,85.0,3,1783268590326,2026-07-05T23:23:10.326,1
961,84.0,3,1783268591325,2026-07-05T23:23:11.325,1
962,83.0,3,1783268592328,2026-07-05T23:23:12.328,1
963,83.0,3,1783268593327,2026-07-05T23:23:13.327,1
964,82.0,3,1783268594327,2026-07-05T23:23:14.327,1
965,82.0,3,1783268595325,2026-07-05T23:23:15.325,1
966,82.0,3,1783268596331,2026-07-05T23:23:16.331,1
967,82.0,3,1783268597332,2026-07-05T23:23:17.332,1
968,82.0,3,1783268598326,2026-07-05T23:23:18.326,1
969,82.0,3,1783268599329,2026-07-05T23:23:19.329,1
970,81.0,3,1783268600325,2026-07-05T23:23:20.325,1
971,81.0,3,1783268601329,2026-07-05T23:23:21.329,1
972,81.0,3,1783268602325,2026-07-05T23:23:22.325,1
973,81.0,3,1783268603324,2026-07-05T23:23:23.324,1
974,82.0,3,1783268604324,2026-07-05T23:23:24.324,1
975,82.0,3,1783268605324,2026-07-05T23:23:25.324,1
976,82.0,3,1783268606324,2026-07-05T23:23:26.324,1
977,82.0,3,1783268607325,2026-07-05T23:23:27.325,1
978,82.0,3,1783268608324,2026-07-05T23:23:28.324,1
979,82.0,3,1783268609324,2026-07-05T23:23:29.324,1
980,82.0,3,1783268610324,2026-07-05T23:23:30.324,1
981,83.0,3,1783268611324,2026-07-05T23:23:31.324,1
982,84.0,3,1783268612324,2026-07-05T23:23:32.324,1
983,84.0,3,1783268613325,2026-07-05T23:23:33.325,1
984,84.0,3,1783268614325,2026-07-05T23:23:34.325,1
985,84.0,3,1783268615325,2026-07-05T23:23:35.325,1
986,84.0,3,1783268616325,2026-07-05T23:23:36.325,1
987,83.0,3,1783268617328,2026-07-05T23:23:37.328,1
988,83.0,3,1783268618335,2026-07-05T23:23:38.335,1
989,84.0,3,1783268619329,2026-07-05T23:23:39.329,1
990,84.0,3,1783268620328,2026-07-05T23:23:40.328,1
991,85.0,3,1783268621324,2026-07-05T23:23:41.324,1
992,85.0,3,1783268622325,2026-07-05T23:23:42.325,1
993,85.0,3,1783268623325,2026-07-05T23:23:43.325,1
994,85.0,3,1783268624325,2026-07-05T23:23:44.325,1
995,85.0,3,1783268625324,2026-07-05T23:23:45.324,1
996,86.0,3,1783268626326,2026-07-05T23:23:46.326,1
997,85.0,3,1783268627325,2026-07-05T23:23:47.325,1
998,84.0,3,1783268628325,2026-07-05T23:23:48.325,1
999,83.0,3,1783268629325,2026-07-05T23:23:49.325,1
1000,83.0,3,1783268630326,2026-07-05T23:23:50.326,1
1001,83.0,3,1783268631325,2026-07-05T23:23:51.325,1
1002,83.0,3,1783268632326,2026-07-05T23:23:52.326,1
1003,84.0,3,1783268633325,2026-07-05T23:23:53.325,1
1004,84.0,3,1783268634325,2026-07-05T23:23:54.325,1
1005,85.0,3,1783268635325,2026-07-05T23:23:55.325,1
1006,85.0,3,1783268636325,2026-07-05T23:23:56.325,1
1007,86.0,3,1783268637324,2026-07-05T23:23:57.324,1
1008,85.0,3,1783268638325,2026-07-05T23:23:58.325,1
1009,85.0,3,1783268639325,2026-07-05T23:23:59.325,1
1010,85.0,3,1783268640325,2026-07-05T23:24:00.325,1
1011,86.0,3,1783268641325,2026-07-05T23:24:01.325,1
1012,86.0,3,1783268642337,2026-07-05T23:24:02.337,1
1013,85.0,3,1783268643325,2026-07-05T23:24:03.325,1
1014,84.0,3,1783268644325,2026-07-05T23:24:04.325,1
1015,84.0,3,1783268645324,2026-07-05T23:24:05.324,1
1016,83.0,3,1783268646324,2026-07-05T23:24:06.324,1
1017,82.0,3,1783268647325,2026-07-05T23:24:07.325,1
1018,82.0,3,1783268648325,2026-07-05T23:24:08.325,1
1019,81.0,3,1783268649325,2026-07-05T23:24:09.325,1
1020,81.0,3,1783268650324,2026-07-05T23:24:10.324,1
1021,81.0,3,1783268651325,2026-07-05T23:24:11.325,1
1022,81.0,3,1783268652325,2026-07-05T23:24:12.325,1
1023,81.0,3,1783268653325,2026-07-05T23:24:13.325,1
1024,82.0,3,1783268654325,2026-07-05T23:24:14.325,1
1025,82.0,3,1783268655326,2026-07-05T23:24:15.326,1
1026,81.0,3,1783268656326,2026-07-05T23:24:16.326,1
1027,81.0,3,1783268657325,2026-07-05T23:24:17.325,1
1028,81.0,3,1783268658324,2026-07-05T23:24:18.324,1
1029,81.0,3,1783268659325,2026-07-05T23:24:19.325,1
1030,82.0,3,1783268660326,2026-07-05T23:24:20.326,1
1031,82.0,3,1783268661326,2026-07-05T23:24:21.326,1
1032,83.0,3,1783268662325,2026-07-05T23:24:22.325,1
1033,84.0,3,1783268663328,2026-07-05T23:24:23.328,1
1034,84.0,3,1783268664329,2026-07-05T23:24:24.329,1
1035,85.0,3,1783268665328,2026-07-05T23:24:25.328,1
1036,84.0,3,1783268666328,2026-07-05T23:24:26.328,1
1037,84.0,3,1783268667327,2026-07-05T23:24:27.327,1
1038,83.0,3,1783268668327,2026-07-05T23:24:28.327,1
1039,82.0,3,1783268669324,2026-07-05T23:24:29.324,1
1040,81.0,3,1783268670328,2026-07-05T23:24:30.328,1
1041,80.0,3,1783268671328,2026-07-05T23:24:31.328,1
1042,79.0,3,1783268672328,2026-07-05T23:24:32.328,1
1043,78.0,3,1783268673328,2026-07-05T23:24:33.328,1
1044,78.0,3,1783268674328,2026-07-05T23:24:34.328,1
1045,77.0,3,1783268675328,2026-07-05T23:24:35.328,1
1046,77.0,3,1783268676324,2026-07-05T23:24:36.324,1
1047,77.0,3,1783268677326,2026-07-05T23:24:37.326,1
1048,77.0,3,1783268678333,2026-07-05T23:24:38.333,1
1049,78.0,3,1783268679334,2026-07-05T23:24:39.334,1
1050,78.0,3,1783268680333,2026-07-05T23:24:40.333,1
1051,79.0,3,1783268681334,2026-07-05T23:24:41.334,1
1052,79.0,3,1783268682331,2026-07-05T23:24:42.331,1
1053,80.0,3,1783268683337,2026-07-05T23:24:43.337,1
1054,81.0,3,1783268684334,2026-07-05T23:24:44.334,1
1055,82.0,3,1783268685326,2026-07-05T23:24:45.326,1
1056,82.0,3,1783268686325,2026-07-05T23:24:46.325,1
1057,84.0,3,1783268687325,2026-07-05T23:24:47.325,1
1058,85.0,3,1783268688325,2026-07-05T23:24:48.325,1
1059,85.0,3,1783268689325,2026-07-05T23:24:49.325,1
1060,86.0,3,1783268690325,2026-07-05T23:24:50.325,1
1061,85.0,3,1783268691325,2026-07-05T23:24:51.325,1
1062,85.0,3,1783268692326,2026-07-05T23:24:52.326,1
1063,85.0,3,1783268693325,2026-07-05T23:24:53.325,1
1064,84.0,3,1783268694325,2026-07-05T23:24:54.325,1
1065,83.0,3,1783268695326,2026-07-05T23:24:55.326,1
1066,83.0,3,1783268696325,2026-07-05T23:24:56.325,1
1067,82.0,3,1783268697324,2026-07-05T23:24:57.324,1
1068,82.0,3,1783268698325,2026-07-05T23:24:58.325,1
1069,81.0,3,1783268699325,2026-07-05T23:24:59.325,1
1070,80.0,3,1783268700325,2026-07-05T23:25:00.325,1
1071,80.0,3,1783268701326,2026-07-05T23:25:01.326,1
1072,80.0,3,1783268702327,2026-07-05T23:25:02.327,1
1073,79.0,3,1783268703325,2026-07-05T23:25:03.325,1
1074,78.0,3,1783268704325,2026-07-05T23:25:04.325,1
1075,79.0,3,1783268705325,2026-07-05T23:25:05.325,1
1076,80.0,3,1783268706325,2026-07-05T23:25:06.325,1
1077,81.0,3,1783268707326,2026-07-05T23:25:07.326,1
1078,83.0,3,1783268708325,2026-07-05T23:25:08.325,1
1079,83.0,3,1783268709325,2026-07-05T23:25:09.325,1
1080,84.0,3,1783268710327,2026-07-05T23:25:10.327,1
1081,85.0,3,1783268711326,2026-07-05T23:25:11.326,1
1082,85.0,3,1783268712327,2026-07-05T23:25:12.327,1
1083,86.0,3,1783268713327,2026-07-05T23:25:13.327,1
1084,86.0,3,1783268714327,2026-07-05T23:25:14.327,1
1085,86.0,3,1783268715328,2026-07-05T23:25:15.328,1
1086,86.0,3,1783268716325,2026-07-05T23:25:16.325,1
1087,86.0,3,1783268717326,2026-07-05T23:25:17.326,1
1088,85.0,3,1783268718329,2026-07-05T23:25:18.329,1
1089,84.0,3,1783268719328,2026-07-05T23:25:19.328,1
1090,83.0,3,1783268720334,2026-07-05T23:25:20.334,1
1091,83.0,3,1783268721330,2026-07-05T23:25:21.330,1
1092,82.0,3,1783268722330,2026-07-05T23:25:22.330,1
1093,82.0,3,1783268723332,2026-07-05T23:25:23.332,1
1094,82.0,3,1783268724329,2026-07-05T23:25:24.329,1
1095,83.0,3,1783268725332,2026-07-05T23:25:25.332,1
1096,83.0,3,1783268726331,2026-07-05T23:25:26.331,1
1097,84.0,3,1783268727333,2026-07-05T23:25:27.333,1
1098,85.0,3,1783268728333,2026-07-05T23:25:28.333,1
1099,86.0,3,1783268729334,2026-07-05T23:25:29.334,1
1100,87.0,3,1783268730330,2026-07-05T23:25:30.330,1
1101,87.0,3,1783268731334,2026-07-05T23:25:31.334,1
1102,87.0,3,1783268732333,2026-07-05T23:25:32.333,1
1103,87.0,3,1783268733335,2026-07-05T23:25:33.335,1
1104,85.0,3,1783268734335,2026-07-05T23:25:34.335,1
1105,85.0,3,1783268735336,2026-07-05T23:25:35.336,1
1106,85.0,3,1783268736332,2026-07-05T23:25:36.332,1
1107,84.0,3,1783268737334,2026-07-05T23:25:37.334,1
1108,84.0,3,1783268738336,2026-07-05T23:25:38.336,1
1109,83.0,3,1783268739337,2026-07-05T23:25:39.337,1
1110,84.0,3,1783268740335,2026-07-05T23:25:40.335,1
1111,85.0,3,1783268741331,2026-07-05T23:25:41.331,1
1112,86.0,3,1783268742338,2026-07-05T23:25:42.338,1
1113,86.0,3,1783268743334,2026-07-05T23:25:43.334,1
1114,86.0,3,1783268744334,2026-07-05T23:25:44.334,1
1115,87.0,3,1783268745334,2026-07-05T23:25:45.334,1
1116,86.0,3,1783268746334,2026-07-05T23:25:46.334,1
1117,85.0,3,1783268747333,2026-07-05T23:25:47.333,1
1118,85.0,3,1783268748335,2026-07-05T23:25:48.335,1
1119,86.0,3,1783268749334,2026-07-05T23:25:49.334,1
1120,86.0,3,1783268750333,2026-07-05T23:25:50.333,1
1121,86.0,3,1783268751333,2026-07-05T23:25:51.333,1
1122,86.0,3,1783268752332,2026-07-05T23:25:52.332,1
1123,88.0,3,1783268753324,2026-07-05T23:25:53.324,1
1124,89.0,3,1783268754333,2026-07-05T23:25:54.333,1
1125,91.0,3,1783268755332,2026-07-05T23:25:55.332,1
1126,90.0,3,1783268756333,2026-07-05T23:25:56.333,1
1127,89.0,3,1783268757325,2026-07-05T23:25:57.325,1
1128,91.0,3,1783268758334,2026-07-05T23:25:58.334,1
1129,90.0,3,1783268759335,2026-07-05T23:25:59.335,1
1130,90.0,3,1783268760333,2026-07-05T23:26:00.333,1
1131,90.0,3,1783268761333,2026-07-05T23:26:01.333,1
1132,91.0,3,1783268762333,2026-07-05T23:26:02.333,1
1133,92.0,3,1783268763329,2026-07-05T23:26:03.329,1
1134,93.0,3,1783268764334,2026-07-05T23:26:04.334,1
1135,92.0,3,1783268765335,2026-07-05T23:26:05.335,1
1136,91.0,3,1783268766335,2026-07-05T23:26:06.335,1
1137,90.0,3,1783268767335,2026-07-05T23:26:07.335,1
1138,89.0,3,1783268768338,2026-07-05T23:26:08.338,1
1139,87.0,3,1783268769334,2026-07-05T23:26:09.334,1
1140,86.0,3,1783268770333,2026-07-05T23:26:10.333,1
1141,84.0,3,1783268771334,2026-07-05T23:26:11.334,1
1142,83.0,3,1783268772336,2026-07-05T23:26:12.336,1
1143,81.0,3,1783268773337,2026-07-05T23:26:13.337,1
1144,80.0,3,1783268774337,2026-07-05T23:26:14.337,1
1145,79.0,3,1783268775338,2026-07-05T23:26:15.338,1
1146,78.0,3,1783268776337,2026-07-05T23:26:16.337,1
1147,77.0,3,1783268777326,2026-07-05T23:26:17.326,1
1148,78.0,3,1783268778326,2026-07-05T23:26:18.326,1
1149,78.0,3,1783268779325,2026-07-05T23:26:19.325,1
1150,79.0,3,1783268780325,2026-07-05T23:26:20.325,1
1151,80.0,3,1783268781325,2026-07-05T23:26:21.325,1
1152,81.0,3,1783268782325,2026-07-05T23:26:22.325,1
1153,82.0,3,1783268783325,2026-07-05T23:26:23.325,1
1154,82.0,3,1783268784325,2026-07-05T23:26:24.325,1
1155,83.0,3,1783268785325,2026-07-05T23:26:25.325,1
1156,82.0,3,1783268786325,2026-07-05T23:26:26.325,1
1157,82.0,3,1783268787324,2026-07-05T23:26:27.324,1
1158,82.0,3,1783268788325,2026-07-05T23:26:28.325,1
1159,82.0,3,1783268789326,2026-07-05T23:26:29.326,1
1160,82.0,3,1783268790325,2026-07-05T23:26:30.325,1
1161,82.0,3,1783268791326,2026-07-05T23:26:31.326,1
1162,82.0,3,1783268792326,2026-07-05T23:26:32.326,1
1163,82.0,3,1783268793325,2026-07-05T23:26:33.325,1
1164,82.0,3,1783268794326,2026-07-05T23:26:34.326,1
1165,83.0,3,1783268795324,2026-07-05T23:26:35.324,1
1166,83.0,3,1783268796325,2026-07-05T23:26:36.325,1
1167,84.0,3,1783268797325,2026-07-05T23:26:37.325,1
1168,84.0,3,1783268798325,2026-07-05T23:26:38.325,1
1169,83.0,3,1783268799324,2026-07-05T23:26:39.324,1
1170,83.0,3,1783268800326,2026-07-05T23:26:40.326,1
1171,83.0,3,1783268801325,2026-07-05T23:26:41.325,1
1172,83.0,3,1783268802324,2026-07-05T23:26:42.324,1
1173,83.0,3,1783268803326,2026-07-05T23:26:43.326,1
1174,83.0,3,1783268804325,2026-07-05T23:26:44.325,1
1175,82.0,3,1783268805325,2026-07-05T23:26:45.325,1
1176,82.0,3,1783268806324,2026-07-05T23:26:46.324,1
1177,83.0,3,1783268807327,2026-07-05T23:26:47.327,1
1178,84.0,3,1783268808325,2026-07-05T23:26:48.325,1
1179,84.0,3,1783268809325,2026-07-05T23:26:49.325,1
1180,85.0,3,1783268810326,2026-07-05T23:26:50.326,1
1181,85.0,3,1783268811325,2026-07-05T23:26:51.325,1
1182,86.0,3,1783268812324,2026-07-05T23:26:52.324,1
1183,87.0,3,1783268813324,2026-07-05T23:26:53.324,1
1184,88.0,3,1783268814324,2026-07-05T23:26:54.324,1
1185,88.0,3,1783268815324,2026-07-05T23:26:55.324,1
1186,88.0,3,1783268816324,2026-07-05T23:26:56.324,1
1187,87.0,3,1783268817326,2026-07-05T23:26:57.326,1
1188,86.0,3,1783268818326,2026-07-05T23:26:58.326,1
1189,85.0,3,1783268819326,2026-07-05T23:26:59.326,1
1190,85.0,3,1783268820337,2026-07-05T23:27:00.337,1
1191,85.0,3,1783268821338,2026-07-05T23:27:01.338,1
1192,85.0,3,1783268822335,2026-07-05T23:27:02.335,1
1193,85.0,3,1783268823336,2026-07-05T23:27:03.336,1
1194,85.0,3,1783268824335,2026-07-05T23:27:04.335,1
1195,84.0,3,1783268825329,2026-07-05T23:27:05.329,1
1196,84.0,3,1783268826335,2026-07-05T23:27:06.335,1
1197,84.0,3,1783268827336,2026-07-05T23:27:07.336,1
1198,84.0,3,1783268828338,2026-07-05T23:27:08.338,1
1199,84.0,3,1783268829337,2026-07-05T23:27:09.337,1
1200,83.0,3,1783268830327,2026-07-05T23:27:10.327,1
1201,84.0,3,1783268831334,2026-07-05T23:27:11.334,1
1202,84.0,3,1783268832335,2026-07-05T23:27:12.335,1
1203,85.0,3,1783268833337,2026-07-05T23:27:13.337,1
1204,86.0,3,1783268834336,2026-07-05T23:27:14.336,1
1205,85.0,3,1783268835335,2026-07-05T23:27:15.335,1
1206,85.0,3,1783268836335,2026-07-05T23:27:16.335,1
1207,85.0,3,1783268837336,2026-07-05T23:27:17.336,1
1208,86.0,3,1783268838337,2026-07-05T23:27:18.337,1
1209,86.0,3,1783268839337,2026-07-05T23:27:19.337,1
1210,86.0,3,1783268840336,2026-07-05T23:27:20.336,1
1211,86.0,3,1783268841340,2026-07-05T23:27:21.340,1
1212,85.0,3,1783268842338,2026-07-05T23:27:22.338,1
1213,87.0,3,1783268843337,2026-07-05T23:27:23.337,1
1214,88.0,3,1783268844342,2026-07-05T23:27:24.342,1
1215,89.0,3,1783268845326,2026-07-05T23:27:25.326,1
1216,89.0,3,1783268846326,2026-07-05T23:27:26.326,1
1217,90.0,3,1783268847324,2026-07-05T23:27:27.324,1
1218,90.0,3,1783268848326,2026-07-05T23:27:28.326,1
1219,90.0,3,1783268849325,2026-07-05T23:27:29.325,1
1220,91.0,3,1783268850325,2026-07-05T23:27:30.325,1
1221,91.0,3,1783268851325,2026-07-05T23:27:31.325,1
1222,91.0,3,1783268852325,2026-07-05T23:27:32.325,1
1223,91.0,3,1783268853325,2026-07-05T23:27:33.325,1
1224,91.0,3,1783268854325,2026-07-05T23:27:34.325,1
1225,91.0,3,1783268855325,2026-07-05T23:27:35.325,1
1226,91.0,3,1783268856324,2026-07-05T23:27:36.324,1
1227,91.0,3,1783268857325,2026-07-05T23:27:37.325,1
1228,90.0,3,1783268858325,2026-07-05T23:27:38.325,1
1229,89.0,3,1783268859325,2026-07-05T23:27:39.325,1
1230,88.0,3,1783268860325,2026-07-05T23:27:40.325,1
1231,88.0,3,1783268861325,2026-07-05T23:27:41.325,1
1232,88.0,3,1783268862324,2026-07-05T23:27:42.324,1
1233,87.0,3,1783268863325,2026-07-05T23:27:43.325,1
1234,86.0,3,1783268864325,2026-07-05T23:27:44.325,1
1235,86.0,3,1783268865324,2026-07-05T23:27:45.324,1
1236,86.0,3,1783268866327,2026-07-05T23:27:46.327,1
1237,86.0,3,1783268867324,2026-07-05T23:27:47.324,1
1238,86.0,3,1783268868326,2026-07-05T23:27:48.326,1
1239,86.0,3,1783268869325,2026-07-05T23:27:49.325,1
1240,86.0,3,1783268870324,2026-07-05T23:27:50.324,1
1241,85.0,3,1783268871325,2026-07-05T23:27:51.325,1
1242,84.0,3,1783268872324,2026-07-05T23:27:52.324,1
1243,84.0,3,1783268873325,2026-07-05T23:27:53.325,1
1244,83.0,3,1783268874325,2026-07-05T23:27:54.325,1
1245,82.0,3,1783268875325,2026-07-05T23:27:55.325,1
1246,82.0,3,1783268876325,2026-07-05T23:27:56.325,1
1247,82.0,3,1783268877325,2026-07-05T23:27:57.325,1
1248,81.0,3,1783268878325,2026-07-05T23:27:58.325,1
1249,81.0,3,1783268879325,2026-07-05T23:27:59.325,1
1250,81.0,3,1783268880325,2026-07-05T23:28:00.325,1
1251,80.0,3,1783268881325,2026-07-05T23:28:01.325,1
1252,80.0,3,1783268882325,2026-07-05T23:28:02.325,1
1253,80.0,3,1783268883325,2026-07-05T23:28:03.325,1
1254,80.0,3,1783268884325,2026-07-05T23:28:04.325,1
1255,81.0,3,1783268885325,2026-07-05T23:28:05.325,1
1256,81.0,3,1783268886325,2026-07-05T23:28:06.325,1
1257,81.0,3,1783268887325,2026-07-05T23:28:07.325,1
1258,81.0,3,1783268888326,2026-07-05T23:28:08.326,1
1259,81.0,3,1783268889325,2026-07-05T23:28:09.325,1
1260,81.0,3,1783268890325,2026-07-05T23:28:10.325,1
1261,81.0,3,1783268891325,2026-07-05T23:28:11.325,1
1262,81.0,3,1783268892326,2026-07-05T23:28:12.326,1
1263,81.0,3,1783268893325,2026-07-05T23:28:13.325,1
1264,82.0,3,1783268894325,2026-07-05T23:28:14.325,1
1265,82.0,3,1783268895325,2026-07-05T23:28:15.325,1
1266,83.0,3,1783268896325,2026-07-05T23:28:16.325,1
1267,84.0,3,1783268897324,2026-07-05T23:28:17.324,1
1268,85.0,3,1783268898325,2026-07-05T23:28:18.325,1
1269,86.0,3,1783268899326,2026-07-05T23:28:19.326,1
1270,86.0,3,1783268900325,2026-07-05T23:28:20.325,1
1271,85.0,3,1783268901327,2026-07-05T23:28:21.327,1
1272,85.0,3,1783268902326,2026-07-05T23:28:22.326,1
1273,85.0,3,1783268903325,2026-07-05T23:28:23.325,1
1274,85.0,3,1783268904326,2026-07-05T23:28:24.326,1
1275,85.0,3,1783268905325,2026-07-05T23:28:25.325,1
1276,85.0,3,1783268906325,2026-07-05T23:28:26.325,1
1277,85.0,3,1783268907327,2026-07-05T23:28:27.327,1
1278,84.0,3,1783268908328,2026-07-05T23:28:28.328,1
1279,84.0,3,1783268909327,2026-07-05T23:28:29.327,1
1280,83.0,3,1783268910337,2026-07-05T23:28:30.337,1
1281,83.0,3,1783268911328,2026-07-05T23:28:31.328,1
1282,84.0,3,1783268912325,2026-07-05T23:28:32.325,1
1283,83.0,3,1783268913328,2026-07-05T23:28:33.328,1
1284,82.0,3,1783268914325,2026-07-05T23:28:34.325,1
1285,82.0,3,1783268915325,2026-07-05T23:28:35.325,1
1286,81.0,3,1783268916325,2026-07-05T23:28:36.325,1
1287,81.0,3,1783268917341,2026-07-05T23:28:37.341,1
1288,82.0,3,1783268918328,2026-07-05T23:28:38.328,1
1289,82.0,3,1783268919326,2026-07-05T23:28:39.326,1
1290,83.0,3,1783268920325,2026-07-05T23:28:40.325,1
1291,84.0,3,1783268921325,2026-07-05T23:28:41.325,1
1292,84.0,3,1783268922328,2026-07-05T23:28:42.328,1
1293,83.0,3,1783268923329,2026-07-05T23:28:43.329,1
1294,83.0,3,1783268924329,2026-07-05T23:28:44.329,1
1295,82.0,3,1783268925330,2026-07-05T23:28:45.330,1
1296,82.0,3,1783268926325,2026-07-05T23:28:46.325,1
1297,82.0,3,1783268927331,2026-07-05T23:28:47.331,1
1298,82.0,3,1783268928333,2026-07-05T23:28:48.333,1
1299,81.0,3,1783268929337,2026-07-05T23:28:49.337,1
1300,81.0,3,1783268930334,2026-07-05T23:28:50.334,1
1301,81.0,3,1783268931336,2026-07-05T23:28:51.336,1
1302,81.0,3,1783268932335,2026-07-05T23:28:52.335,1
1303,81.0,3,1783268933335,2026-07-05T23:28:53.335,1
1304,82.0,3,1783268934335,2026-07-05T23:28:54.335,1
1305,83.0,3,1783268935334,2026-07-05T23:28:55.334,1
1306,83.0,3,1783268936328,2026-07-05T23:28:56.328,1
1307,83.0,3,1783268937328,2026-07-05T23:28:57.328,1
1308,83.0,3,1783268938337,2026-07-05T23:28:58.337,1
1309,82.0,3,1783268939325,2026-07-05T23:28:59.325,1
1310,82.0,3,1783268940325,2026-07-05T23:29:00.325,1
1311,81.0,3,1783268941327,2026-07-05T23:29:01.327,1
1312,81.0,3,1783268942324,2026-07-05T23:29:02.324,1
1313,80.0,3,1783268943324,2026-07-05T23:29:03.324,1
1314,80.0,3,1783268944325,2026-07-05T23:29:04.325,1
1315,79.0,3,1783268945325,2026-07-05T23:29:05.325,1
1316,79.0,3,1783268946324,2026-07-05T23:29:06.324,1
1317,79.0,3,1783268947324,2026-07-05T23:29:07.324,1
1318,79.0,3,1783268948328,2026-07-05T23:29:08.328,1
1319,79.0,3,1783268949326,2026-07-05T23:29:09.326,1
1320,79.0,3,1783268950328,2026-07-05T23:29:10.328,1
1321,79.0,3,1783268951329,2026-07-05T23:29:11.329,1
1322,79.0,3,1783268952338,2026-07-05T23:29:12.338,1
1323,80.0,3,1783268953324,2026-07-05T23:29:13.324,1
1324,80.0,3,1783268954324,2026-07-05T23:29:14.324,1
1325,80.0,3,1783268955325,2026-07-05T23:29:15.325,1
1326,80.0,3,1783268956324,2026-07-05T23:29:16.324,1
1327,79.0,3,1783268957324,2026-07-05T23:29:17.324,1
1328,79.0,3,1783268958324,2026-07-05T23:29:18.324,1
1329,79.0,3,1783268959324,2026-07-05T23:29:19.324,1
1330,78.0,3,1783268960325,2026-07-05T23:29:20.325,1
1331,77.0,3,1783268961326,2026-07-05T23:29:21.326,1
1332,76.0,3,1783268962328,2026-07-05T23:29:22.328,1
1333,76.0,3,1783268963324,2026-07-05T23:29:23.324,1
1334,77.0,3,1783268964328,2026-07-05T23:29:24.328,1
1335,77.0,3,1783268965325,2026-07-05T23:29:25.325,1
1336,78.0,3,1783268966325,2026-07-05T23:29:26.325,1
1337,78.0,3,1783268967326,2026-07-05T23:29:27.326,1
1338,78.0,3,1783268968325,2026-07-05T23:29:28.325,1
1339,78.0,3,1783268969325,2026-07-05T23:29:29.325,1
1340,78.0,3,1783268970325,2026-07-05T23:29:30.325,1
1341,78.0,3,1783268971325,2026-07-05T23:29:31.325,1
1342,78.0,3,1783268972324,2026-07-05T23:29:32.324,1
1343,79.0,3,1783268973326,2026-07-05T23:29:33.326,1
1344,79.0,3,1783268974327,2026-07-05T23:29:34.327,1
1345,79.0,3,1783268975324,2026-07-05T23:29:35.324,1
1346,79.0,3,1783268976328,2026-07-05T23:29:36.328,1
1347,79.0,3,1783268977327,2026-07-05T23:29:37.327,1
1348,80.0,3,1783268978327,2026-07-05T23:29:38.327,1
1349,82.0,3,1783268979327,2026-07-05T23:29:39.327,1
1350,84.0,3,1783268980328,2026-07-05T23:29:40.328,1
1351,84.0,3,1783268981326,2026-07-05T23:29:41.326,1
1352,83.0,3,1783268982328,2026-07-05T23:29:42.328,1
1353,83.0,3,1783268983328,2026-07-05T23:29:43.328,1
1354,83.0,3,1783268984326,2026-07-05T23:29:44.326,1
1355,83.0,3,1783268985328,2026-07-05T23:29:45.328,1
1356,84.0,3,1783268986328,2026-07-05T23:29:46.328,1
1357,84.0,3,1783268987328,2026-07-05T23:29:47.328,1
1358,84.0,3,1783268988328,2026-07-05T23:29:48.328,1
1359,83.0,3,1783268989328,2026-07-05T23:29:49.328,1
1360,83.0,3,1783268990328,2026-07-05T23:29:50.328,1
1361,84.0,3,1783268991328,2026-07-05T23:29:51.328,1
1362,84.0,3,1783268992327,2026-07-05T23:29:52.327,1
1363,84.0,3,1783268993328,2026-07-05T23:29:53.328,1
1364,83.0,3,1783268994328,2026-07-05T23:29:54.328,1
1365,83.0,3,1783268995328,2026-07-05T23:29:55.328,1
1366,83.0,3,1783268996327,2026-07-05T23:29:56.327,1
1367,82.0,3,1783268997325,2026-07-05T23:29:57.325,1
1368,82.0,3,1783268998328,2026-07-05T23:29:58.328,1
1369,83.0,3,1783268999328,2026-07-05T23:29:59.328,1
1370,84.0,3,1783269000328,2026-07-05T23:30:00.328,1
1371,84.0,3,1783269001327,2026-07-05T23:30:01.327,1
1372,84.0,3,1783269002327,2026-07-05T23:30:02.327,1
1373,84.0,3,1783269003326,2026-07-05T23:30:03.326,1
1374,83.0,3,1783269004326,2026-07-05T23:30:04.326,1
1375,83.0,3,1783269005328,2026-07-05T23:30:05.328,1
1376,83.0,3,1783269006328,2026-07-05T23:30:06.328,1
1377,82.0,3,1783269007327,2026-07-05T23:30:07.327,1
1378,82.0,3,1783269008327,2026-07-05T23:30:08.327,1
1379,82.0,3,1783269009328,2026-07-05T23:30:09.328,1
1380,83.0,3,1783269010328,2026-07-05T23:30:10.328,1
1381,83.0,3,1783269011328,2026-07-05T23:30:11.328,1
1382,84.0,3,1783269012328,2026-07-05T23:30:12.328,1
1383,85.0,3,1783269013328,2026-07-05T23:30:13.328,1
1384,86.0,3,1783269014328,2026-07-05T23:30:14.328,1
1385,86.0,3,1783269015327,2026-07-05T23:30:15.327,1
1386,85.0,3,1783269016328,2026-07-05T23:30:16.328,1
1387,85.0,3,1783269017327,2026-07-05T23:30:17.327,1
1388,86.0,3,1783269018328,2026-07-05T23:30:18.328,1
1389,85.0,3,1783269019328,2026-07-05T23:30:19.328,1
1390,85.0,3,1783269020328,2026-07-05T23:30:20.328,1
1391,85.0,3,1783269021328,2026-07-05T23:30:21.328,1
1392,84.0,3,1783269022326,2026-07-05T23:30:22.326,1
1393,84.0,3,1783269023327,2026-07-05T23:30:23.327,1
1394,85.0,3,1783269024325,2026-07-05T23:30:24.325,1
1395,85.0,3,1783269025325,2026-07-05T23:30:25.325,1
1396,87.0,3,1783269026330,2026-07-05T23:30:26.330,1
1397,88.0,3,1783269027325,2026-07-05T23:30:27.325,1
1398,89.0,3,1783269028327,2026-07-05T23:30:28.327,1
1399,90.0,3,1783269029332,2026-07-05T23:30:29.332,1
1400,90.0,3,1783269030330,2026-07-05T23:30:30.330,1
1401,91.0,3,1783269031327,2026-07-05T23:30:31.327,1
1402,91.0,3,1783269032331,2026-07-05T23:30:32.331,1
1403,92.0,3,1783269033331,2026-07-05T23:30:33.331,1
1404,92.0,3,1783269034329,2026-07-05T23:30:34.329,1
1405,92.0,3,1783269035328,2026-07-05T23:30:35.328,1
1406,93.0,3,1783269036588,2026-07-05T23:30:36.588,1
1407,93.0,3,1783269037330,2026-07-05T23:30:37.330,1
1408,93.0,3,1783269038328,2026-07-05T23:30:38.328,1
1409,93.0,3,1783269039333,2026-07-05T23:30:39.333,1
1410,92.0,3,1783269040330,2026-07-05T23:30:40.330,1
1411,91.0,3,1783269041327,2026-07-05T23:30:41.327,1
1412,91.0,3,1783269042330,2026-07-05T23:30:42.330,1
1413,90.0,3,1783269043332,2026-07-05T23:30:43.332,1
1414,89.0,3,1783269044332,2026-07-05T23:30:44.332,1
1415,89.0,3,1783269045334,2026-07-05T23:30:45.334,1
1416,88.0,3,1783269046336,2026-07-05T23:30:46.336,1
1417,87.0,3,1783269047334,2026-07-05T23:30:47.334,1
1418,86.0,3,1783269048334,2026-07-05T23:30:48.334,1
1419,85.0,3,1783269049335,2026-07-05T23:30:49.335,1
1420,84.0,3,1783269050328,2026-07-05T23:30:50.328,1
1421,83.0,3,1783269051332,2026-07-05T23:30:51.332,1
1422,84.0,3,1783269052334,2026-07-05T23:30:52.334,1
1423,84.0,3,1783269053330,2026-07-05T23:30:53.330,1
1424,82.0,3,1783269054331,2026-07-05T23:30:54.331,1
1425,81.0,3,1783269055334,2026-07-05T23:30:55.334,1
1426,82.0,3,1783269056332,2026-07-05T23:30:56.332,1
1427,83.0,3,1783269057329,2026-07-05T23:30:57.329,1
1428,86.0,3,1783269058325,2026-07-05T23:30:58.325,1
1429,84.0,3,1783269059325,2026-07-05T23:30:59.325,1
1430,83.0,3,1783269060325,2026-07-05T23:31:00.325,1
1431,82.0,3,1783269061326,2026-07-05T23:31:01.326,1
1432,84.0,3,1783269062325,2026-07-05T23:31:02.325,1
1433,84.0,3,1783269063325,2026-07-05T23:31:03.325,1
1434,85.0,3,1783269064326,2026-07-05T23:31:04.326,1
1435,84.0,3,1783269065326,2026-07-05T23:31:05.326,1
1436,84.0,3,1783269066324,2026-07-05T23:31:06.324,1
1437,84.0,3,1783269067325,2026-07-05T23:31:07.325,1
1438,83.0,3,1783269068325,2026-07-05T23:31:08.325,1
1439,82.0,3,1783269069325,2026-07-05T23:31:09.325,1
1440,83.0,3,1783269070335,2026-07-05T23:31:10.335,1
1441,84.0,3,1783269071335,2026-07-05T23:31:11.335,1
1442,84.0,3,1783269072325,2026-07-05T23:31:12.325,1
1443,84.0,3,1783269073325,2026-07-05T23:31:13.325,1
1444,82.0,3,1783269074325,2026-07-05T23:31:14.325,1
1445,82.0,3,1783269075328,2026-07-05T23:31:15.328,1
1446,83.0,3,1783269076327,2026-07-05T23:31:16.327,1
1447,84.0,3,1783269077324,2026-07-05T23:31:17.324,1
1448,85.0,3,1783269078325,2026-07-05T23:31:18.325,1
1449,85.0,3,1783269079324,2026-07-05T23:31:19.324,1
1450,84.0,3,1783269080324,2026-07-05T23:31:20.324,1
1451,85.0,3,1783269081326,2026-07-05T23:31:21.326,1
1452,86.0,3,1783269082325,2026-07-05T23:31:22.325,1
1453,87.0,3,1783269083325,2026-07-05T23:31:23.325,1
1454,89.0,3,1783269084325,2026-07-05T23:31:24.325,1
1455,90.0,3,1783269085324,2026-07-05T23:31:25.324,1
1456,91.0,3,1783269086325,2026-07-05T23:31:26.325,1
1457,90.0,3,1783269087324,2026-07-05T23:31:27.324,1
1458,89.0,3,1783269088325,2026-07-05T23:31:28.325,1
1459,89.0,3,1783269089324,2026-07-05T23:31:29.324,1
1460,89.0,3,1783269090324,2026-07-05T23:31:30.324,1
1461,89.0,3,1783269091326,2026-07-05T23:31:31.326,1
1462,88.0,3,1783269092325,2026-07-05T23:31:32.325,1
1463,88.0,3,1783269093324,2026-07-05T23:31:33.324,1
1464,88.0,3,1783269094327,2026-07-05T23:31:34.327,1
1465,89.0,3,1783269095327,2026-07-05T23:31:35.327,1
1466,89.0,3,1783269096330,2026-07-05T23:31:36.330,1
1467,89.0,3,1783269097326,2026-07-05T23:31:37.326,1
1468,89.0,3,1783269098329,2026-07-05T23:31:38.329,1
1469,89.0,3,1783269099328,2026-07-05T23:31:39.328,1
1470,89.0,3,1783269100329,2026-07-05T23:31:40.329,1
1471,89.0,3,1783269101328,2026-07-05T23:31:41.328,1
1472,89.0,3,1783269102327,2026-07-05T23:31:42.327,1
1473,88.0,3,1783269103328,2026-07-05T23:31:43.328,1
1474,88.0,3,1783269104329,2026-07-05T23:31:44.329,1
1475,87.0,3,1783269105329,2026-07-05T23:31:45.329,1
1476,86.0,3,1783269106335,2026-07-05T23:31:46.335,1
1477,84.0,3,1783269107328,2026-07-05T23:31:47.328,1
1478,83.0,3,1783269108327,2026-07-05T23:31:48.327,1
1479,83.0,3,1783269109334,2026-07-05T23:31:49.334,1
1480,82.0,3,1783269110329,2026-07-05T23:31:50.329,1
1481,81.0,3,1783269111330,2026-07-05T23:31:51.330,1
1482,81.0,3,1783269112334,2026-07-05T23:31:52.334,1
1483,80.0,3,1783269113331,2026-07-05T23:31:53.331,1
1484,80.0,3,1783269114330,2026-07-05T23:31:54.330,1
1485,80.0,3,1783269115331,2026-07-05T23:31:55.331,1
1486,79.0,3,1783269116326,2026-07-05T23:31:56.326,1
1487,80.0,3,1783269117328,2026-07-05T23:31:57.328,1
1488,80.0,3,1783269118326,2026-07-05T23:31:58.326,1
1489,80.0,3,1783269119325,2026-07-05T23:31:59.325,1
1490,81.0,3,1783269120325,2026-07-05T23:32:00.325,1
1491,81.0,3,1783269121324,2026-07-05T23:32:01.324,1
1492,82.0,3,1783269122324,2026-07-05T23:32:02.324,1
1493,83.0,3,1783269123324,2026-07-05T23:32:03.324,1
1494,84.0,3,1783269124324,2026-07-05T23:32:04.324,1
1495,85.0,3,1783269125324,2026-07-05T23:32:05.324,1
1496,86.0,3,1783269126325,2026-07-05T23:32:06.325,1
1497,85.0,3,1783269127324,2026-07-05T23:32:07.324,1
1498,85.0,3,1783269128325,2026-07-05T23:32:08.325,1
1499,84.0,3,1783269129324,2026-07-05T23:32:09.324,1
1500,84.0,3,1783269130330,2026-07-05T23:32:10.330,1
1501,83.0,3,1783269131324,2026-07-05T23:32:11.324,1
1502,82.0,3,1783269132338,2026-07-05T23:32:12.338,1
1503,82.0,3,1783269133327,2026-07-05T23:32:13.327,1
1504,83.0,3,1783269134325,2026-07-05T23:32:14.325,1
1505,82.0,3,1783269135329,2026-07-05T23:32:15.329,1
1506,82.0,3,1783269136334,2026-07-05T23:32:16.334,1
1507,82.0,3,1783269137328,2026-07-05T23:32:17.328,1
1508,83.0,3,1783269138331,2026-07-05T23:32:18.331,1
1509,84.0,3,1783269139325,2026-07-05T23:32:19.325,1
1510,84.0,3,1783269140325,2026-07-05T23:32:20.325,1
1511,84.0,3,1783269141327,2026-07-05T23:32:21.327,1
1512,83.0,3,1783269142324,2026-07-05T23:32:22.324,1
1513,81.0,3,1783269143324,2026-07-05T23:32:23.324,1
1514,81.0,3,1783269144324,2026-07-05T23:32:24.324,1
1515,81.0,3,1783269145325,2026-07-05T23:32:25.325,1
1516,82.0,3,1783269146329,2026-07-05T23:32:26.329,1
1517,82.0,3,1783269147330,2026-07-05T23:32:27.330,1
1518,83.0,3,1783269148331,2026-07-05T23:32:28.331,1
1519,84.0,3,1783269149329,2026-07-05T23:32:29.329,1
1520,84.0,3,1783269150327,2026-07-05T23:32:30.327,1
1521,85.0,3,1783269151349,2026-07-05T23:32:31.349,1
1522,85.0,3,1783269152327,2026-07-05T23:32:32.327,1
1523,84.0,3,1783269153335,2026-07-05T23:32:33.335,1
1524,84.0,3,1783269154361,2026-07-05T23:32:34.361,1
1525,83.0,3,1783269155339,2026-07-05T23:32:35.339,1
1526,82.0,3,1783269156332,2026-07-05T23:32:36.332,1
1527,82.0,3,1783269157350,2026-07-05T23:32:37.350,1
1528,81.0,3,1783269158363,2026-07-05T23:32:38.363,1
1529,80.0,3,1783269159356,2026-07-05T23:32:39.356,1
1530,80.0,3,1783269160333,2026-07-05T23:32:40.333,1
1531,80.0,3,1783269161336,2026-07-05T23:32:41.336,1
1532,79.0,3,1783269162334,2026-07-05T23:32:42.334,1
1533,79.0,3,1783269163334,2026-07-05T23:32:43.334,1
1534,78.0,3,1783269164344,2026-07-05T23:32:44.344,1
1535,78.0,3,1783269165339,2026-07-05T23:32:45.339,1
1536,79.0,3,1783269166345,2026-07-05T23:32:46.345,1
1537,80.0,3,1783269167348,2026-07-05T23:32:47.348,1
1538,81.0,3,1783269168352,2026-07-05T23:32:48.352,1
1539,81.0,3,1783269169353,2026-07-05T23:32:49.353,1
1540,82.0,3,1783269170355,2026-07-05T23:32:50.355,1
1541,83.0,3,1783269171325,2026-07-05T23:32:51.325,1
1542,83.0,3,1783269172325,2026-07-05T23:32:52.325,1
1543,84.0,3,1783269173325,2026-07-05T23:32:53.325,1
1544,85.0,3,1783269174324,2026-07-05T23:32:54.324,1
1545,85.0,3,1783269175325,2026-07-05T23:32:55.325,1
1546,85.0,3,1783269176325,2026-07-05T23:32:56.325,1
1547,84.0,3,1783269177325,2026-07-05T23:32:57.325,1
1548,84.0,3,1783269178324,2026-07-05T23:32:58.324,1
1549,84.0,3,1783269179324,2026-07-05T23:32:59.324,1
1550,84.0,3,1783269180324,2026-07-05T23:33:00.324,1
1551,83.0,3,1783269181325,2026-07-05T23:33:01.325,1
1552,83.0,3,1783269182324,2026-07-05T23:33:02.324,1
1553,82.0,3,1783269183325,2026-07-05T23:33:03.325,1
1554,83.0,3,1783269184337,2026-07-05T23:33:04.337,1
1555,83.0,3,1783269185325,2026-07-05T23:33:05.325,1
1556,83.0,3,1783269186327,2026-07-05T23:33:06.327,1
1557,84.0,3,1783269187328,2026-07-05T23:33:07.328,1
1558,84.0,3,1783269188327,2026-07-05T23:33:08.327,1
1559,85.0,3,1783269189326,2026-07-05T23:33:09.326,1
1560,86.0,3,1783269190325,2026-07-05T23:33:10.325,1
1561,88.0,3,1783269191327,2026-07-05T23:33:11.327,1
1562,89.0,3,1783269192333,2026-07-05T23:33:12.333,1
1563,90.0,3,1783269193326,2026-07-05T23:33:13.326,1
1564,90.0,3,1783269194325,2026-07-05T23:33:14.325,1
1565,90.0,3,1783269195324,2026-07-05T23:33:15.324,1
1566,90.0,3,1783269196324,2026-07-05T23:33:16.324,1
1567,89.0,3,1783269197325,2026-07-05T23:33:17.325,1
1568,89.0,3,1783269198325,2026-07-05T23:33:18.325,1
1569,88.0,3,1783269199326,2026-07-05T23:33:19.326,1
1570,87.0,3,1783269200325,2026-07-05T23:33:20.325,1
1571,86.0,3,1783269201325,2026-07-05T23:33:21.325,1
1572,85.0,3,1783269202324,2026-07-05T23:33:22.324,1
1573,84.0,3,1783269203326,2026-07-05T23:33:23.326,1
1574,83.0,3,1783269204326,2026-07-05T23:33:24.326,1
1575,82.0,3,1783269205325,2026-07-05T23:33:25.325,1
1576,81.0,3,1783269206325,2026-07-05T23:33:26.325,1
1577,81.0,3,1783269207324,2026-07-05T23:33:27.324,1
1578,80.0,3,1783269208334,2026-07-05T23:33:28.334,1
1579,80.0,3,1783269209337,2026-07-05T23:33:29.337,1
1580,80.0,3,1783269210335,2026-07-05T23:33:30.335,1
1581,81.0,3,1783269211337,2026-07-05T23:33:31.337,1
1582,82.0,3,1783269212328,2026-07-05T23:33:32.328,1
1583,83.0,3,1783269213337,2026-07-05T23:33:33.337,1
1584,83.0,3,1783269214331,2026-07-05T23:33:34.331,1
1585,83.0,3,1783269215336,2026-07-05T23:33:35.336,1
1586,83.0,3,1783269216336,2026-07-05T23:33:36.336,1
1587,83.0,3,1783269217328,2026-07-05T23:33:37.328,1
1588,82.0,3,1783269218333,2026-07-05T23:33:38.333,1
1589,81.0,3,1783269219333,2026-07-05T23:33:39.333,1
1590,80.0,3,1783269220335,2026-07-05T23:33:40.335,1
1591,80.0,3,1783269221332,2026-07-05T23:33:41.332,1
1592,80.0,3,1783269222338,2026-07-05T23:33:42.338,1
1593,80.0,3,1783269223326,2026-07-05T23:33:43.326,1
1594,80.0,3,1783269224332,2026-07-05T23:33:44.332,1
1595,80.0,3,1783269225329,2026-07-05T23:33:45.329,1
1596,80.0,3,1783269226329,2026-07-05T23:33:46.329,1
1597,80.0,3,1783269227326,2026-07-05T23:33:47.326,1
1598,79.0,3,1783269228326,2026-07-05T23:33:48.326,1
1599,79.0,3,1783269229325,2026-07-05T23:33:49.325,1
1600,79.0,3,1783269230325,2026-07-05T23:33:50.325,1
1601,79.0,3,1783269231325,2026-07-05T23:33:51.325,1
1602,78.0,3,1783269232326,2026-07-05T23:33:52.326,1
1603,79.0,3,1783269233326,2026-07-05T23:33:53.326,1
1604,80.0,3,1783269234326,2026-07-05T23:33:54.326,1
1605,81.0,3,1783269235325,2026-07-05T23:33:55.325,1
1606,80.0,3,1783269236326,2026-07-05T23:33:56.326,1
1607,79.0,3,1783269237327,2026-07-05T23:33:57.327,1
1608,79.0,3,1783269238327,2026-07-05T23:33:58.327,1
1609,80.0,3,1783269239326,2026-07-05T23:33:59.326,1
1610,81.0,3,1783269240327,2026-07-05T23:34:00.327,1
1611,82.0,3,1783269241326,2026-07-05T23:34:01.326,1
1612,83.0,3,1783269242326,2026-07-05T23:34:02.326,1
1613,84.0,3,1783269243325,2026-07-05T23:34:03.325,1
1614,84.0,3,1783269244325,2026-07-05T23:34:04.325,1
1615,84.0,3,1783269245324,2026-07-05T23:34:05.324,1
1616,83.0,3,1783269246328,2026-07-05T23:34:06.328,1
1617,83.0,3,1783269247325,2026-07-05T23:34:07.325,1
1618,82.0,3,1783269248325,2026-07-05T23:34:08.325,1
1619,82.0,3,1783269249325,2026-07-05T23:34:09.325,1
1620,81.0,3,1783269250325,2026-07-05T23:34:10.325,1
1621,81.0,3,1783269251325,2026-07-05T23:34:11.325,1
1622,80.0,3,1783269252324,2026-07-05T23:34:12.324,1
1623,80.0,3,1783269253325,2026-07-05T23:34:13.325,1
1624,79.0,3,1783269254325,2026-07-05T23:34:14.325,1
1625,79.0,3,1783269255325,2026-07-05T23:34:15.325,1
1626,79.0,3,1783269256327,2026-07-05T23:34:16.327,1
1627,79.0,3,1783269257326,2026-07-05T23:34:17.326,1
1628,79.0,3,1783269258325,2026-07-05T23:34:18.325,1
1629,78.0,3,1783269259326,2026-07-05T23:34:19.326,1
1630,78.0,3,1783269260326,2026-07-05T23:34:20.326,1
1631,78.0,3,1783269261326,2026-07-05T23:34:21.326,1
1632,79.0,3,1783269262325,2026-07-05T23:34:22.325,1
1633,79.0,3,1783269263326,2026-07-05T23:34:23.326,1
1634,79.0,3,1783269264324,2026-07-05T23:34:24.324,1
1635,79.0,3,1783269265325,2026-07-05T23:34:25.325,1
1636,79.0,3,1783269266325,2026-07-05T23:34:26.325,1
1637,79.0,3,1783269267325,2026-07-05T23:34:27.325,1
1638,80.0,3,1783269268325,2026-07-05T23:34:28.325,1
1639,80.0,3,1783269269325,2026-07-05T23:34:29.325,1
1640,80.0,3,1783269270324,2026-07-05T23:34:30.324,1
1641,81.0,3,1783269271327,2026-07-05T23:34:31.327,1
1642,82.0,3,1783269272326,2026-07-05T23:34:32.326,1
1643,83.0,3,1783269273324,2026-07-05T23:34:33.324,1
1644,83.0,3,1783269274325,2026-07-05T23:34:34.325,1
1645,83.0,3,1783269275325,2026-07-05T23:34:35.325,1
1646,83.0,3,1783269276325,2026-07-05T23:34:36.325,1
1647,83.0,3,1783269277325,2026-07-05T23:34:37.325,1
1648,82.0,3,1783269278325,2026-07-05T23:34:38.325,1
1649,81.0,3,1783269279325,2026-07-05T23:34:39.325,1
1650,81.0,3,1783269280326,2026-07-05T23:34:40.326,1
1651,80.0,3,1783269281326,2026-07-05T23:34:41.326,1
1652,81.0,3,1783269282325,2026-07-05T23:34:42.325,1
1653,81.0,3,1783269283325,2026-07-05T23:34:43.325,1
1654,81.0,3,1783269284325,2026-07-05T23:34:44.325,1
1655,80.0,3,1783269285325,2026-07-05T23:34:45.325,1
1656,80.0,3,1783269286325,2026-07-05T23:34:46.325,1
1657,81.0,3,1783269287330,2026-07-05T23:34:47.330,1
1658,80.0,3,1783269288326,2026-07-05T23:34:48.326,1
1659,81.0,3,1783269289325,2026-07-05T23:34:49.325,1
1660,81.0,3,1783269290328,2026-07-05T23:34:50.328,1
1661,81.0,3,1783269291326,2026-07-05T23:34:51.326,1
1662,81.0,3,1783269292336,2026-07-05T23:34:52.336,1
1663,82.0,3,1783269293336,2026-07-05T23:34:53.336,1
1664,83.0,3,1783269294338,2026-07-05T23:34:54.338,1
1665,84.0,3,1783269295328,2026-07-05T23:34:55.328,1
1666,84.0,3,1783269296324,2026-07-05T23:34:56.324,1
1667,84.0,3,1783269297328,2026-07-05T23:34:57.328,1
1668,84.0,3,1783269298326,2026-07-05T23:34:58.326,1
1669,84.0,3,1783269299327,2026-07-05T23:34:59.327,1
1670,84.0,3,1783269300324,2026-07-05T23:35:00.324,1
1671,84.0,3,1783269301328,2026-07-05T23:35:01.328,1
1672,84.0,3,1783269302328,2026-07-05T23:35:02.328,1
1673,83.0,3,1783269303328,2026-07-05T23:35:03.328,1
1674,83.0,3,1783269304328,2026-07-05T23:35:04.328,1
1675,82.0,3,1783269305328,2026-07-05T23:35:05.328,1
1676,82.0,3,1783269306328,2026-07-05T23:35:06.328,1
1677,82.0,3,1783269307328,2026-07-05T23:35:07.328,1
1678,81.0,3,1783269308327,2026-07-05T23:35:08.327,1
1679,81.0,3,1783269309328,2026-07-05T23:35:09.328,1
1680,81.0,3,1783269310328,2026-07-05T23:35:10.328,1
1681,81.0,3,1783269311328,2026-07-05T23:35:11.328,1
1682,81.0,3,1783269312326,2026-07-05T23:35:12.326,1
1683,80.0,3,1783269313325,2026-07-05T23:35:13.325,1
1684,81.0,3,1783269314358,2026-07-05T23:35:14.358,1
1685,82.0,3,1783269315329,2026-07-05T23:35:15.329,1
1686,82.0,3,1783269316336,2026-07-05T23:35:16.336,1
1687,83.0,3,1783269317336,2026-07-05T23:35:17.336,1
1688,84.0,3,1783269318332,2026-07-05T23:35:18.332,1
1689,85.0,3,1783269319336,2026-07-05T23:35:19.336,1
1690,87.0,3,1783269320335,2026-07-05T23:35:20.335,1
1691,87.0,3,1783269321338,2026-07-05T23:35:21.338,1
1692,88.0,3,1783269322336,2026-07-05T23:35:22.336,1
1693,87.0,3,1783269323326,2026-07-05T23:35:23.326,1
1694,86.0,3,1783269324338,2026-07-05T23:35:24.338,1
1695,86.0,3,1783269325344,2026-07-05T23:35:25.344,1
1696,85.0,3,1783269326329,2026-07-05T23:35:26.329,1
1697,84.0,3,1783269327330,2026-07-05T23:35:27.330,1
1698,84.0,3,1783269328330,2026-07-05T23:35:28.330,1
1699,83.0,3,1783269329328,2026-07-05T23:35:29.328,1
1700,83.0,3,1783269330337,2026-07-05T23:35:30.337,1
1701,84.0,3,1783269331334,2026-07-05T23:35:31.334,1
1702,84.0,3,1783269332334,2026-07-05T23:35:32.334,1
1703,85.0,3,1783269333334,2026-07-05T23:35:33.334,1
1704,85.0,3,1783269334332,2026-07-05T23:35:34.332,1
1705,84.0,3,1783269335333,2026-07-05T23:35:35.333,1
1706,84.0,3,1783269336333,2026-07-05T23:35:36.333,1
1707,83.0,3,1783269337331,2026-07-05T23:35:37.331,1
1708,83.0,3,1783269338337,2026-07-05T23:35:38.337,1
1709,83.0,3,1783269339329,2026-07-05T23:35:39.329,1
1710,83.0,3,1783269340332,2026-07-05T23:35:40.332,1
1711,84.0,3,1783269341333,2026-07-05T23:35:41.333,1
1712,83.0,3,1783269342335,2026-07-05T23:35:42.335,1
1713,83.0,3,1783269343326,2026-07-05T23:35:43.326,1
1714,84.0,3,1783269344326,2026-07-05T23:35:44.326,1
1715,84.0,3,1783269345331,2026-07-05T23:35:45.331,1
1716,83.0,3,1783269346325,2026-07-05T23:35:46.325,1
1717,83.0,3,1783269347330,2026-07-05T23:35:47.330,1
1718,82.0,3,1783269348343,2026-07-05T23:35:48.343,1
1719,82.0,3,1783269349326,2026-07-05T23:35:49.326,1
1720,83.0,3,1783269350327,2026-07-05T23:35:50.327,1
1721,84.0,3,1783269351328,2026-07-05T23:35:51.328,1
1722,84.0,3,1783269352328,2026-07-05T23:35:52.328,1
1723,84.0,3,1783269353324,2026-07-05T23:35:53.324,1
1724,84.0,3,1783269354328,2026-07-05T23:35:54.328,1
1725,83.0,3,1783269355327,2026-07-05T23:35:55.327,1
1726,83.0,3,1783269356325,2026-07-05T23:35:56.325,1
1727,82.0,3,1783269357326,2026-07-05T23:35:57.326,1
1728,81.0,3,1783269358326,2026-07-05T23:35:58.326,1
1729,81.0,3,1783269359326,2026-07-05T23:35:59.326,1
1730,80.0,3,1783269360324,2026-07-05T23:36:00.324,1
1731,79.0,3,1783269361325,2026-07-05T23:36:01.325,1
1732,79.0,3,1783269362325,2026-07-05T23:36:02.325,1
1733,79.0,3,1783269363325,2026-07-05T23:36:03.325,1
1734,78.0,3,1783269364324,2026-07-05T23:36:04.324,1
1735,78.0,3,1783269365324,2026-07-05T23:36:05.324,1
1736,78.0,3,1783269366325,2026-07-05T23:36:06.325,1
1737,77.0,3,1783269367327,2026-07-05T23:36:07.327,1
1738,78.0,3,1783269368325,2026-07-05T23:36:08.325,1
1739,78.0,3,1783269369327,2026-07-05T23:36:09.327,1
1740,79.0,3,1783269370325,2026-07-05T23:36:10.325,1
1741,80.0,3,1783269371328,2026-07-05T23:36:11.328,1
1742,81.0,3,1783269372332,2026-07-05T23:36:12.332,1
1743,81.0,3,1783269373326,2026-07-05T23:36:13.326,1
1744,81.0,3,1783269374328,2026-07-05T23:36:14.328,1
1745,81.0,3,1783269375327,2026-07-05T23:36:15.327,1
1746,81.0,3,1783269376328,2026-07-05T23:36:16.328,1
1747,80.0,3,1783269377327,2026-07-05T23:36:17.327,1
1748,79.0,3,1783269378328,2026-07-05T23:36:18.328,1
1749,79.0,3,1783269379328,2026-07-05T23:36:19.328,1
1750,79.0,3,1783269380324,2026-07-05T23:36:20.324,1
1751,79.0,3,1783269381328,2026-07-05T23:36:21.328,1
1752,79.0,3,1783269382328,2026-07-05T23:36:22.328,1
1753,79.0,3,1783269383328,2026-07-05T23:36:23.328,1
1754,79.0,3,1783269384327,2026-07-05T23:36:24.327,1
1755,80.0,3,1783269385327,2026-07-05T23:36:25.327,1
1756,80.0,3,1783269386328,2026-07-05T23:36:26.328,1
1757,80.0,3,1783269387327,2026-07-05T23:36:27.327,1
1758,80.0,3,1783269388328,2026-07-05T23:36:28.328,1
1759,81.0,3,1783269389328,2026-07-05T23:36:29.328,1
1760,81.0,3,1783269390325,2026-07-05T23:36:30.325,1
1761,82.0,3,1783269391329,2026-07-05T23:36:31.329,1
1762,82.0,3,1783269392328,2026-07-05T23:36:32.328,1
1763,82.0,3,1783269393327,2026-07-05T23:36:33.327,1
1764,81.0,3,1783269394325,2026-07-05T23:36:34.325,1
1765,81.0,3,1783269395325,2026-07-05T23:36:35.325,1
1766,81.0,3,1783269396325,2026-07-05T23:36:36.325,1
1767,82.0,3,1783269397325,2026-07-05T23:36:37.325,1
1768,82.0,3,1783269398325,2026-07-05T23:36:38.325,1
1769,82.0,3,1783269399325,2026-07-05T23:36:39.325,1
1770,82.0,3,1783269400327,2026-07-05T23:36:40.327,1
1771,83.0,3,1783269401324,2026-07-05T23:36:41.324,1
1772,84.0,3,1783269402324,2026-07-05T23:36:42.324,1
1773,85.0,3,1783269403324,2026-07-05T23:36:43.324,1
1774,85.0,3,1783269404327,2026-07-05T23:36:44.327,1
1775,86.0,3,1783269405326,2026-07-05T23:36:45.326,1
1776,86.0,3,1783269406325,2026-07-05T23:36:46.325,1
1777,85.0,3,1783269407326,2026-07-05T23:36:47.326,1
1778,85.0,3,1783269408325,2026-07-05T23:36:48.325,1
1779,85.0,3,1783269409328,2026-07-05T23:36:49.328,1
1780,85.0,3,1783269410325,2026-07-05T23:36:50.325,1
1781,84.0,3,1783269411325,2026-07-05T23:36:51.325,1
1782,84.0,3,1783269412325,2026-07-05T23:36:52.325,1
1783,84.0,3,1783269413325,2026-07-05T23:36:53.325,1
1784,84.0,3,1783269414325,2026-07-05T23:36:54.325,1
1785,83.0,3,1783269415325,2026-07-05T23:36:55.325,1
1786,84.0,3,1783269416325,2026-07-05T23:36:56.325,1
1787,85.0,3,1783269417325,2026-07-05T23:36:57.325,1
1788,85.0,3,1783269418326,2026-07-05T23:36:58.326,1
1789,86.0,3,1783269419330,2026-07-05T23:36:59.330,1
1790,86.0,3,1783269420327,2026-07-05T23:37:00.327,1
1791,86.0,3,1783269421327,2026-07-05T23:37:01.327,1
1792,85.0,3,1783269422329,2026-07-05T23:37:02.329,1
1793,85.0,3,1783269423328,2026-07-05T23:37:03.328,1
1794,84.0,3,1783269424334,2026-07-05T23:37:04.334,1
1795,83.0,3,1783269425328,2026-07-05T23:37:05.328,1
1796,83.0,3,1783269426329,2026-07-05T23:37:06.329,1
1797,84.0,3,1783269427328,2026-07-05T23:37:07.328,1
1798,84.0,3,1783269428324,2026-07-05T23:37:08.324,1
1799,85.0,3,1783269429324,2026-07-05T23:37:09.324,1
1800,86.0,3,1783269430328,2026-07-05T23:37:10.328,1
1801,87.0,3,1783269431325,2026-07-05T23:37:11.325,1
1802,86.0,3,1783269432326,2026-07-05T23:37:12.326,1
1803,86.0,3,1783269433326,2026-07-05T23:37:13.326,1
1804,85.0,3,1783269434328,2026-07-05T23:37:14.328,1
1805,85.0,3,1783269435325,2026-07-05T23:37:15.325,1
1806,85.0,3,1783269436324,2026-07-05T23:37:16.324,1
1807,85.0,3,1783269437326,2026-07-05T23:37:17.326,1
1808,85.0,3,1783269438329,2026-07-05T23:37:18.329,1
1809,85.0,3,1783269439328,2026-07-05T23:37:19.328,1
1810,85.0,3,1783269440325,2026-07-05T23:37:20.325,1
1811,85.0,3,1783269441328,2026-07-05T23:37:21.328,1
1812,85.0,3,1783269442327,2026-07-05T23:37:22.327,1
1813,86.0,3,1783269443335,2026-07-05T23:37:23.335,1
1814,86.0,3,1783269444327,2026-07-05T23:37:24.327,1
1815,85.0,3,1783269445325,2026-07-05T23:37:25.325,1
1816,85.0,3,1783269446327,2026-07-05T23:37:26.327,1
1817,85.0,3,1783269447336,2026-07-05T23:37:27.336,1
1818,85.0,3,1783269448331,2026-07-05T23:37:28.331,1
1819,85.0,3,1783269449331,2026-07-05T23:37:29.331,1
1820,85.0,3,1783269450324,2026-07-05T23:37:30.324,1
1821,85.0,3,1783269451324,2026-07-05T23:37:31.324,1
1822,85.0,3,1783269452328,2026-07-05T23:37:32.328,1
1823,84.0,3,1783269453328,2026-07-05T23:37:33.328,1
1824,84.0,3,1783269454327,2026-07-05T23:37:34.327,1
1825,84.0,3,1783269455328,2026-07-05T23:37:35.328,1
1826,85.0,3,1783269456328,2026-07-05T23:37:36.328,1
1827,85.0,3,1783269457328,2026-07-05T23:37:37.328,1
1828,85.0,3,1783269458328,2026-07-05T23:37:38.328,1
1829,85.0,3,1783269459328,2026-07-05T23:37:39.328,1
1830,85.0,3,1783269460327,2026-07-05T23:37:40.327,1
1831,86.0,3,1783269461328,2026-07-05T23:37:41.328,1
1832,86.0,3,1783269462329,2026-07-05T23:37:42.329,1
1833,86.0,3,1783269463328,2026-07-05T23:37:43.328,1
1834,86.0,3,1783269464327,2026-07-05T23:37:44.327,1
1835,86.0,3,1783269465328,2026-07-05T23:37:45.328,1
1836,86.0,3,1783269466327,2026-07-05T23:37:46.327,1
1837,87.0,3,1783269467328,2026-07-05T23:37:47.328,1
1838,87.0,3,1783269468328,2026-07-05T23:37:48.328,1
1839,88.0,3,1783269469328,2026-07-05T23:37:49.328,1
1840,89.0,3,1783269470328,2026-07-05T23:37:50.328,1
1841,90.0,3,1783269471325,2026-07-05T23:37:51.325,1
1842,90.0,3,1783269472325,2026-07-05T23:37:52.325,1
1843,89.0,3,1783269473327,2026-07-05T23:37:53.327,1
1844,88.0,3,1783269474327,2026-07-05T23:37:54.327,1
1845,88.0,3,1783269475328,2026-07-05T23:37:55.328,1
1846,87.0,3,1783269476328,2026-07-05T23:37:56.328,1
1847,86.0,3,1783269477328,2026-07-05T23:37:57.328,1
1848,85.0,3,1783269478324,2026-07-05T23:37:58.324,1
1849,85.0,3,1783269479328,2026-07-05T23:37:59.328,1
1850,84.0,3,1783269480327,2026-07-05T23:38:00.327,1
1851,84.0,3,1783269481328,2026-07-05T23:38:01.328,1
1852,83.0,3,1783269482327,2026-07-05T23:38:02.327,1
1853,82.0,3,1783269483326,2026-07-05T23:38:03.326,1
1854,82.0,3,1783269484328,2026-07-05T23:38:04.328,1
1855,81.0,3,1783269485328,2026-07-05T23:38:05.328,1
1856,81.0,3,1783269486328,2026-07-05T23:38:06.328,1
1857,81.0,3,1783269487327,2026-07-05T23:38:07.327,1
1858,81.0,3,1783269488324,2026-07-05T23:38:08.324,1
1859,81.0,3,1783269489328,2026-07-05T23:38:09.328,1
1860,81.0,3,1783269490328,2026-07-05T23:38:10.328,1
1861,82.0,3,1783269491324,2026-07-05T23:38:11.324,1
1862,81.0,3,1783269492328,2026-07-05T23:38:12.328,1
1863,81.0,3,1783269493327,2026-07-05T23:38:13.327,1
1864,81.0,3,1783269494328,2026-07-05T23:38:14.328,1
1865,81.0,3,1783269495326,2026-07-05T23:38:15.326,1
1866,81.0,3,1783269496328,2026-07-05T23:38:16.328,1
1867,81.0,3,1783269497327,2026-07-05T23:38:17.327,1
1868,81.0,3,1783269498325,2026-07-05T23:38:18.325,1
1869,81.0,3,1783269499324,2026-07-05T23:38:19.324,1
1870,81.0,3,1783269500326,2026-07-05T23:38:20.326,1
1871,80.0,3,1783269501328,2026-07-05T23:38:21.328,1
1872,80.0,3,1783269502328,2026-07-05T23:38:22.328,1
1873,79.0,3,1783269503327,2026-07-05T23:38:23.327,1
1874,79.0,3,1783269504328,2026-07-05T23:38:24.328,1
1875,79.0,3,1783269505328,2026-07-05T23:38:25.328,1
1876,79.0,3,1783269506328,2026-07-05T23:38:26.328,1
1877,80.0,3,1783269507324,2026-07-05T23:38:27.324,1
1878,80.0,3,1783269508326,2026-07-05T23:38:28.326,1
1879,80.0,3,1783269509328,2026-07-05T23:38:29.328,1
1880,80.0,3,1783269510327,2026-07-05T23:38:30.327,1
1881,80.0,3,1783269511328,2026-07-05T23:38:31.328,1
1882,81.0,3,1783269512325,2026-07-05T23:38:32.325,1
1883,81.0,3,1783269513324,2026-07-05T23:38:33.324,1
1884,81.0,3,1783269514325,2026-07-05T23:38:34.325,1
1885,81.0,3,1783269515326,2026-07-05T23:38:35.326,1
1886,82.0,3,1783269516325,2026-07-05T23:38:36.325,1
1887,82.0,3,1783269517325,2026-07-05T23:38:37.325,1
1888,83.0,3,1783269518325,2026-07-05T23:38:38.325,1
1889,83.0,3,1783269519326,2026-07-05T23:38:39.326,1
1890,84.0,3,1783269520329,2026-07-05T23:38:40.329,1
1891,86.0,3,1783269521330,2026-07-05T23:38:41.330,1
1892,86.0,3,1783269522333,2026-07-05T23:38:42.333,1
1893,87.0,3,1783269523333,2026-07-05T23:38:43.333,1
1894,87.0,3,1783269524331,2026-07-05T23:38:44.331,1
1895,86.0,3,1783269525332,2026-07-05T23:38:45.332,1
1896,86.0,3,1783269526325,2026-07-05T23:38:46.325,1
1897,85.0,3,1783269527325,2026-07-05T23:38:47.325,1
1898,84.0,3,1783269528324,2026-07-05T23:38:48.324,1
1899,83.0,3,1783269529325,2026-07-05T23:38:49.325,1
1900,83.0,3,1783269530325,2026-07-05T23:38:50.325,1
1901,82.0,3,1783269531325,2026-07-05T23:38:51.325,1
1902,82.0,3,1783269532325,2026-07-05T23:38:52.325,1
1903,81.0,3,1783269533325,2026-07-05T23:38:53.325,1
1904,80.0,3,1783269534326,2026-07-05T23:38:54.326,1
1905,80.0,3,1783269535324,2026-07-05T23:38:55.324,1
1906,79.0,3,1783269536325,2026-07-05T23:38:56.325,1
1907,78.0,3,1783269537333,2026-07-05T23:38:57.333,1
1908,78.0,3,1783269538326,2026-07-05T23:38:58.326,1
1909,78.0,3,1783269539325,2026-07-05T23:38:59.325,1
1910,78.0,3,1783269540325,2026-07-05T23:39:00.325,1
1911,77.0,3,1783269541325,2026-07-05T23:39:01.325,1
1912,78.0,3,1783269542325,2026-07-05T23:39:02.325,1
1913,78.0,3,1783269543327,2026-07-05T23:39:03.327,1
1914,78.0,3,1783269544325,2026-07-05T23:39:04.325,1
1915,78.0,3,1783269545325,2026-07-05T23:39:05.325,1
1916,79.0,3,1783269546325,2026-07-05T23:39:06.325,1
1917,80.0,3,1783269547325,2026-07-05T23:39:07.325,1
1918,81.0,3,1783269548324,2026-07-05T23:39:08.324,1
1919,82.0,3,1783269549329,2026-07-05T23:39:09.329,1
1920,84.0,3,1783269550331,2026-07-05T23:39:10.331,1
1921,86.0,3,1783269551329,2026-07-05T23:39:11.329,1
1922,87.0,3,1783269552335,2026-07-05T23:39:12.335,1
1923,88.0,3,1783269553332,2026-07-05T23:39:13.332,1
1924,89.0,3,1783269554338,2026-07-05T23:39:14.338,1
1925,89.0,3,1783269555337,2026-07-05T23:39:15.337,1
1926,89.0,3,1783269556324,2026-07-05T23:39:16.324,1
1927,89.0,3,1783269557324,2026-07-05T23:39:17.324,1
1928,89.0,3,1783269558325,2026-07-05T23:39:18.325,1
1929,89.0,3,1783269559325,2026-07-05T23:39:19.325,1
1930,88.0,3,1783269560324,2026-07-05T23:39:20.324,1
1931,88.0,3,1783269561325,2026-07-05T23:39:21.325,1
1932,87.0,3,1783269562326,2026-07-05T23:39:22.326,1
1933,87.0,3,1783269563324,2026-07-05T23:39:23.324,1
1934,86.0,3,1783269564325,2026-07-05T23:39:24.325,1
1935,86.0,3,1783269565325,2026-07-05T23:39:25.325,1
1936,85.0,3,1783269566325,2026-07-05T23:39:26.325,1
1937,84.0,3,1783269567325,2026-07-05T23:39:27.325,1
1938,84.0,3,1783269568325,2026-07-05T23:39:28.325,1
1939,84.0,3,1783269569325,2026-07-05T23:39:29.325,1
1940,84.0,3,1783269570324,2026-07-05T23:39:30.324,1
1941,84.0,3,1783269571327,2026-07-05T23:39:31.327,1
1942,85.0,3,1783269572324,2026-07-05T23:39:32.324,1
1943,84.0,3,1783269573324,2026-07-05T23:39:33.324,1
1944,84.0,3,1783269574328,2026-07-05T23:39:34.328,1
1945,83.0,3,1783269575328,2026-07-05T23:39:35.328,1
1946,82.0,3,1783269576327,2026-07-05T23:39:36.327,1
1947,81.0,3,1783269577328,2026-07-05T23:39:37.328,1
1948,81.0,3,1783269578327,2026-07-05T23:39:38.327,1
1949,81.0,3,1783269579324,2026-07-05T23:39:39.324,1
1950,81.0,3,1783269580327,2026-07-05T23:39:40.327,1
1951,82.0,3,1783269581325,2026-07-05T23:39:41.325,1
1952,83.0,3,1783269582326,2026-07-05T23:39:42.326,1
1953,84.0,3,1783269583325,2026-07-05T23:39:43.325,1
1954,85.0,3,1783269584325,2026-07-05T23:39:44.325,1
1955,86.0,3,1783269585325,2026-07-05T23:39:45.325,1
1956,87.0,3,1783269586325,2026-07-05T23:39:46.325,1
1957,86.0,3,1783269587327,2026-07-05T23:39:47.327,1
1958,86.0,3,1783269588326,2026-07-05T23:39:48.326,1
1959,86.0,3,1783269589325,2026-07-05T23:39:49.325,1
1960,85.0,3,1783269590326,2026-07-05T23:39:50.326,1
1961,84.0,3,1783269591324,2026-07-05T23:39:51.324,1
1962,84.0,3,1783269592326,2026-07-05T23:39:52.326,1
1963,84.0,3,1783269593327,2026-07-05T23:39:53.327,1
1964,83.0,3,1783269594328,2026-07-05T23:39:54.328,1
1965,82.0,3,1783269595329,2026-07-05T23:39:55.329,1
1966,81.0,3,1783269596330,2026-07-05T23:39:56.330,1
1967,80.0,3,1783269597331,2026-07-05T23:39:57.331,1
1968,80.0,3,1783269598332,2026-07-05T23:39:58.332,1
1969,81.0,3,1783269599333,2026-07-05T23:39:59.333,1
1970,81.0,3,1783269600324,2026-07-05T23:40:00.324,1
1971,82.0,3,1783269601335,2026-07-05T23:40:01.335,1
1972,83.0,3,1783269602335,2026-07-05T23:40:02.335,1
1973,84.0,3,1783269603335,2026-07-05T23:40:03.335,1
1974,85.0,3,1783269604336,2026-07-05T23:40:04.336,1
1975,85.0,3,1783269605331,2026-07-05T23:40:05.331,0
1976,86.0,3,1783269606325,2026-07-05T23:40:06.325,0
