id,device_id,bpm,accuracy,time_ms,time_iso,synced,fresh
2524,bc2c14bd2bf7551f5633c01663847239,79.0,3,1786571116465,2026-08-13T04:45:16.465,1,1
2525,bc2c14bd2bf7551f5633c01663847239,81.0,3,1786571117465,2026-08-13T04:45:17.465,1,1
2526,bc2c14bd2bf7551f5633c01663847239,82.0,3,1786571118465,2026-08-13T04:45:18.465,1,1
2527,bc2c14bd2bf7551f5633c01663847239,83.0,3,1786571119468,2026-08-13T04:45:19.468,1,1
2528,bc2c14bd2bf7551f5633c01663847239,83.0,3,1786571120466,2026-08-13T04:45:20.466,1,1
2529,bc2c14bd2bf7551f5633c01663847239,83.0,3,1786571121467,2026-08-13T04:45:21.467,1,1
2530,bc2c14bd2bf7551f5633c01663847239,83.0,3,1786571122465,2026-08-13T04:45:22.465,1,1
2531,bc2c14bd2bf7551f5633c01663847239,83.0,3,1786571123465,2026-08-13T04:45:23.465,1,1
2532,bc2c14bd2bf7551f5633c01663847239,83.0,3,1786571124469,2026-08-13T04:45:24.469,1,1
2533,bc2c14bd2bf7551f5633c01663847239,84.0,3,1786571125467,2026-08-13T04:45:25.467,1,1
2534,bc2c14bd2bf7551f5633c01663847239,84.0,3,1786571126466,2026-08-13T04:45:26.466,1,1
2535,bc2c14bd2bf7551f5633c01663847239,85.0,3,1786571127465,2026-08-13T04:45:27.465,1,1
2536,bc2c14bd2bf7551f5633c01663847239,85.0,3,1786571128465,2026-08-13T04:45:28.465,1,1
2537,bc2c14bd2bf7551f5633c01663847239,85.0,3,1786571129465,2026-08-13T04:45:29.465,1,1
2538,bc2c14bd2bf7551f5633c01663847239,85.0,3,1786571130468,2026-08-13T04:45:30.468,1,1
2539,bc2c14bd2bf7551f5633c01663847239,85.0,3,1786571131465,2026-08-13T04:45:31.465,1,1
2540,bc2c14bd2bf7551f5633c01663847239,85.0,3,1786571132465,2026-08-13T04:45:32.465,1,1
2541,bc2c14bd2bf7551f5633c01663847239,85.0,3,1786571133465,2026-08-13T04:45:33.465,1,1
2542,bc2c14bd2bf7551f5633c01663847239,85.0,3,1786571134465,2026-08-13T04:45:34.465,1,1
2543,bc2c14bd2bf7551f5633c01663847239,85.0,3,1786571135465,2026-08-13T04:45:35.465,1,1
2544,bc2c14bd2bf7551f5633c01663847239,85.0,3,1786571136465,2026-08-13T04:45:36.465,1,1
2545,bc2c14bd2bf7551f5633c01663847239,85.0,3,1786571137465,2026-08-13T04:45:37.465,1,1
2546,bc2c14bd2bf7551f5633c01663847239,85.0,3,1786571138465,2026-08-13T04:45:38.465,1,1
2547,bc2c14bd2bf7551f5633c01663847239,85.0,3,1786571139465,2026-08-13T04:45:39.465,1,1
2548,bc2c14bd2bf7551f5633c01663847239,85.0,3,1786571140465,2026-08-13T04:45:40.465,1,1
2549,bc2c14bd2bf7551f5633c01663847239,85.0,3,1786571141465,2026-08-13T04:45:41.465,1,1
2550,bc2c14bd2bf7551f5633c01663847239,86.0,3,1786571142465,2026-08-13T04:45:42.465,1,1
2551,bc2c14bd2bf7551f5633c01663847239,86.0,3,1786571143468,2026-08-13T04:45:43.468,1,1
2552,bc2c14bd2bf7551f5633c01663847239,87.0,3,1786571144473,2026-08-13T04:45:44.473,1,1
2553,bc2c14bd2bf7551f5633c01663847239,86.0,3,1786571145466,2026-08-13T04:45:45.466,1,1
2554,bc2c14bd2bf7551f5633c01663847239,86.0,3,1786571146469,2026-08-13T04:45:46.469,1,1
2555,bc2c14bd2bf7551f5633c01663847239,86.0,3,1786571147466,2026-08-13T04:45:47.466,1,1
2556,bc2c14bd2bf7551f5633c01663847239,86.0,3,1786571148465,2026-08-13T04:45:48.465,1,1
2557,bc2c14bd2bf7551f5633c01663847239,86.0,3,1786571149465,2026-08-13T04:45:49.465,1,1
2558,bc2c14bd2bf7551f5633c01663847239,86.0,3,1786571150465,2026-08-13T04:45:50.465,1,1
2559,bc2c14bd2bf7551f5633c01663847239,85.0,3,1786571151465,2026-08-13T04:45:51.465,1,1
2560,bc2c14bd2bf7551f5633c01663847239,84.0,3,1786571152466,2026-08-13T04:45:52.466,1,1
2561,bc2c14bd2bf7551f5633c01663847239,84.0,3,1786571153465,2026-08-13T04:45:53.465,1,1
2562,bc2c14bd2bf7551f5633c01663847239,83.0,3,1786571154468,2026-08-13T04:45:54.468,1,1
2563,bc2c14bd2bf7551f5633c01663847239,83.0,3,1786571155465,2026-08-13T04:45:55.465,1,1
2564,bc2c14bd2bf7551f5633c01663847239,83.0,3,1786571156468,2026-08-13T04:45:56.468,1,1
2565,bc2c14bd2bf7551f5633c01663847239,83.0,3,1786571157465,2026-08-13T04:45:57.465,1,1
2566,bc2c14bd2bf7551f5633c01663847239,83.0,3,1786571158467,2026-08-13T04:45:58.467,1,1
2567,bc2c14bd2bf7551f5633c01663847239,84.0,3,1786571159465,2026-08-13T04:45:59.465,1,1
2568,bc2c14bd2bf7551f5633c01663847239,84.0,3,1786571160465,2026-08-13T04:46:00.465,1,1
2569,bc2c14bd2bf7551f5633c01663847239,84.0,3,1786571161465,2026-08-13T04:46:01.465,1,1
2570,bc2c14bd2bf7551f5633c01663847239,84.0,3,1786571162466,2026-08-13T04:46:02.466,1,1
2571,bc2c14bd2bf7551f5633c01663847239,84.0,3,1786571163465,2026-08-13T04:46:03.465,1,1
2572,bc2c14bd2bf7551f5633c01663847239,84.0,3,1786571164465,2026-08-13T04:46:04.465,1,1
2573,bc2c14bd2bf7551f5633c01663847239,83.0,3,1786571165465,2026-08-13T04:46:05.465,1,1
2574,bc2c14bd2bf7551f5633c01663847239,83.0,3,1786571166465,2026-08-13T04:46:06.465,1,1
2575,bc2c14bd2bf7551f5633c01663847239,83.0,3,1786571167466,2026-08-13T04:46:07.466,1,1
2576,bc2c14bd2bf7551f5633c01663847239,82.0,3,1786571168465,2026-08-13T04:46:08.465,1,1
2577,bc2c14bd2bf7551f5633c01663847239,82.0,3,1786571169468,2026-08-13T04:46:09.468,1,1
2578,bc2c14bd2bf7551f5633c01663847239,82.0,3,1786571170465,2026-08-13T04:46:10.465,1,1
2579,bc2c14bd2bf7551f5633c01663847239,82.0,3,1786571171465,2026-08-13T04:46:11.465,1,1
2580,bc2c14bd2bf7551f5633c01663847239,82.0,3,1786571172465,2026-08-13T04:46:12.465,1,1
2581,bc2c14bd2bf7551f5633c01663847239,82.0,3,1786571173471,2026-08-13T04:46:13.471,1,1
2582,bc2c14bd2bf7551f5633c01663847239,82.0,3,1786571174470,2026-08-13T04:46:14.470,1,1
2583,bc2c14bd2bf7551f5633c01663847239,82.0,3,1786571175465,2026-08-13T04:46:15.465,1,1
2584,bc2c14bd2bf7551f5633c01663847239,82.0,3,1786571176465,2026-08-13T04:46:16.465,1,1
2585,bc2c14bd2bf7551f5633c01663847239,82.0,3,1786571177465,2026-08-13T04:46:17.465,1,1
2586,bc2c14bd2bf7551f5633c01663847239,82.0,3,1786571178466,2026-08-13T04:46:18.466,1,1
2587,bc2c14bd2bf7551f5633c01663847239,82.0,3,1786571179465,2026-08-13T04:46:19.465,1,1
2588,bc2c14bd2bf7551f5633c01663847239,83.0,3,1786571180465,2026-08-13T04:46:20.465,1,1
2589,bc2c14bd2bf7551f5633c01663847239,84.0,3,1786571181465,2026-08-13T04:46:21.465,1,1
2590,bc2c14bd2bf7551f5633c01663847239,85.0,3,1786571182465,2026-08-13T04:46:22.465,1,1
2591,bc2c14bd2bf7551f5633c01663847239,87.0,3,1786571183466,2026-08-13T04:46:23.466,1,1
2592,bc2c14bd2bf7551f5633c01663847239,87.0,3,1786571184468,2026-08-13T04:46:24.468,1,1
2593,bc2c14bd2bf7551f5633c01663847239,87.0,3,1786571185466,2026-08-13T04:46:25.466,1,1
2594,bc2c14bd2bf7551f5633c01663847239,87.0,3,1786571186465,2026-08-13T04:46:26.465,1,1
2595,bc2c14bd2bf7551f5633c01663847239,86.0,3,1786571187465,2026-08-13T04:46:27.465,1,1
2596,bc2c14bd2bf7551f5633c01663847239,85.0,3,1786571188465,2026-08-13T04:46:28.465,1,1
2597,bc2c14bd2bf7551f5633c01663847239,84.0,3,1786571189466,2026-08-13T04:46:29.466,1,1
2598,bc2c14bd2bf7551f5633c01663847239,83.0,3,1786571190465,2026-08-13T04:46:30.465,1,1
2599,bc2c14bd2bf7551f5633c01663847239,83.0,3,1786571191466,2026-08-13T04:46:31.466,1,1
2600,bc2c14bd2bf7551f5633c01663847239,82.0,3,1786571192465,2026-08-13T04:46:32.465,1,1
2601,bc2c14bd2bf7551f5633c01663847239,82.0,3,1786571193466,2026-08-13T04:46:33.466,1,1
2602,bc2c14bd2bf7551f5633c01663847239,83.0,3,1786571194465,2026-08-13T04:46:34.465,1,1
2603,bc2c14bd2bf7551f5633c01663847239,83.0,3,1786571195465,2026-08-13T04:46:35.465,1,1
2604,bc2c14bd2bf7551f5633c01663847239,84.0,3,1786571196465,2026-08-13T04:46:36.465,1,1
2605,bc2c14bd2bf7551f5633c01663847239,84.0,3,1786571197466,2026-08-13T04:46:37.466,1,1
2606,bc2c14bd2bf7551f5633c01663847239,85.0,3,1786571198465,2026-08-13T04:46:38.465,1,1
2607,bc2c14bd2bf7551f5633c01663847239,85.0,3,1786571199465,2026-08-13T04:46:39.465,1,1
2608,bc2c14bd2bf7551f5633c01663847239,86.0,3,1786571200465,2026-08-13T04:46:40.465,1,1
2609,bc2c14bd2bf7551f5633c01663847239,85.0,3,1786571201471,2026-08-13T04:46:41.471,1,1
2610,bc2c14bd2bf7551f5633c01663847239,86.0,3,1786571202466,2026-08-13T04:46:42.466,1,1
2611,bc2c14bd2bf7551f5633c01663847239,87.0,3,1786571203470,2026-08-13T04:46:43.470,1,1
2612,bc2c14bd2bf7551f5633c01663847239,86.0,3,1786571204469,2026-08-13T04:46:44.469,1,1
2613,bc2c14bd2bf7551f5633c01663847239,86.0,3,1786571205466,2026-08-13T04:46:45.466,1,1
2614,bc2c14bd2bf7551f5633c01663847239,86.0,3,1786571206465,2026-08-13T04:46:46.465,1,1
2615,bc2c14bd2bf7551f5633c01663847239,85.0,3,1786571207465,2026-08-13T04:46:47.465,1,1
2616,bc2c14bd2bf7551f5633c01663847239,85.0,3,1786571208465,2026-08-13T04:46:48.465,1,1
2617,bc2c14bd2bf7551f5633c01663847239,85.0,3,1786571209466,2026-08-13T04:46:49.466,1,1
2618,bc2c14bd2bf7551f5633c01663847239,84.0,3,1786571210465,2026-08-13T04:46:50.465,1,1
2619,bc2c14bd2bf7551f5633c01663847239,84.0,3,1786571211467,2026-08-13T04:46:51.467,1,1
2620,bc2c14bd2bf7551f5633c01663847239,84.0,3,1786571212468,2026-08-13T04:46:52.468,1,1
2621,bc2c14bd2bf7551f5633c01663847239,84.0,3,1786571213466,2026-08-13T04:46:53.466,1,1
2622,bc2c14bd2bf7551f5633c01663847239,84.0,3,1786571214465,2026-08-13T04:46:54.465,1,1
2623,bc2c14bd2bf7551f5633c01663847239,84.0,3,1786571215465,2026-08-13T04:46:55.465,1,1
2624,bc2c14bd2bf7551f5633c01663847239,84.0,3,1786571216466,2026-08-13T04:46:56.466,1,1
2625,bc2c14bd2bf7551f5633c01663847239,84.0,3,1786571217465,2026-08-13T04:46:57.465,1,1
2626,bc2c14bd2bf7551f5633c01663847239,84.0,3,1786571218465,2026-08-13T04:46:58.465,1,1
2627,bc2c14bd2bf7551f5633c01663847239,84.0,3,1786571219465,2026-08-13T04:46:59.465,1,1
2628,bc2c14bd2bf7551f5633c01663847239,83.0,3,1786571220465,2026-08-13T04:47:00.465,1,1
2629,bc2c14bd2bf7551f5633c01663847239,83.0,3,1786571221471,2026-08-13T04:47:01.471,1,1
2630,bc2c14bd2bf7551f5633c01663847239,82.0,3,1786571222470,2026-08-13T04:47:02.470,1,1
2631,bc2c14bd2bf7551f5633c01663847239,82.0,3,1786571223466,2026-08-13T04:47:03.466,1,1
2632,bc2c14bd2bf7551f5633c01663847239,82.0,3,1786571224465,2026-08-13T04:47:04.465,1,1
2633,bc2c14bd2bf7551f5633c01663847239,84.0,3,1786571225466,2026-08-13T04:47:05.466,1,1
2634,bc2c14bd2bf7551f5633c01663847239,85.0,3,1786571226467,2026-08-13T04:47:06.467,1,1
2635,bc2c14bd2bf7551f5633c01663847239,86.0,3,1786571227465,2026-08-13T04:47:07.465,1,1
2636,bc2c14bd2bf7551f5633c01663847239,87.0,3,1786571228465,2026-08-13T04:47:08.465,1,1
2637,bc2c14bd2bf7551f5633c01663847239,88.0,3,1786571229466,2026-08-13T04:47:09.466,1,1
2638,bc2c14bd2bf7551f5633c01663847239,89.0,3,1786571230465,2026-08-13T04:47:10.465,1,1
2639,bc2c14bd2bf7551f5633c01663847239,88.0,3,1786571231465,2026-08-13T04:47:11.465,1,1
2640,bc2c14bd2bf7551f5633c01663847239,88.0,3,1786571232466,2026-08-13T04:47:12.466,1,1
2641,bc2c14bd2bf7551f5633c01663847239,87.0,3,1786571233474,2026-08-13T04:47:13.474,1,1
2642,bc2c14bd2bf7551f5633c01663847239,87.0,3,1786571234472,2026-08-13T04:47:14.472,1,1
2643,bc2c14bd2bf7551f5633c01663847239,86.0,3,1786571235470,2026-08-13T04:47:15.470,1,1
2644,bc2c14bd2bf7551f5633c01663847239,86.0,3,1786571236465,2026-08-13T04:47:16.465,1,1
2645,bc2c14bd2bf7551f5633c01663847239,85.0,3,1786571237466,2026-08-13T04:47:17.466,1,1
2646,bc2c14bd2bf7551f5633c01663847239,85.0,3,1786571238467,2026-08-13T04:47:18.467,1,1
2647,bc2c14bd2bf7551f5633c01663847239,85.0,3,1786571239465,2026-08-13T04:47:19.465,1,1
2648,bc2c14bd2bf7551f5633c01663847239,85.0,3,1786571240465,2026-08-13T04:47:20.465,1,1
2649,bc2c14bd2bf7551f5633c01663847239,85.0,3,1786571241465,2026-08-13T04:47:21.465,1,1
2650,bc2c14bd2bf7551f5633c01663847239,85.0,3,1786571242467,2026-08-13T04:47:22.467,1,1
2651,bc2c14bd2bf7551f5633c01663847239,85.0,3,1786571243467,2026-08-13T04:47:23.467,1,1
2652,bc2c14bd2bf7551f5633c01663847239,85.0,3,1786571244465,2026-08-13T04:47:24.465,1,1
2653,bc2c14bd2bf7551f5633c01663847239,85.0,3,1786571245467,2026-08-13T04:47:25.467,1,1
2654,bc2c14bd2bf7551f5633c01663847239,84.0,3,1786571246466,2026-08-13T04:47:26.466,1,1
2655,bc2c14bd2bf7551f5633c01663847239,84.0,3,1786571247465,2026-08-13T04:47:27.465,1,1
2656,bc2c14bd2bf7551f5633c01663847239,84.0,3,1786571248472,2026-08-13T04:47:28.472,1,1
2657,bc2c14bd2bf7551f5633c01663847239,84.0,3,1786571249465,2026-08-13T04:47:29.465,1,1
2658,bc2c14bd2bf7551f5633c01663847239,84.0,3,1786571250465,2026-08-13T04:47:30.465,1,1
2659,bc2c14bd2bf7551f5633c01663847239,84.0,3,1786571251465,2026-08-13T04:47:31.465,1,1
2660,bc2c14bd2bf7551f5633c01663847239,84.0,3,1786571252465,2026-08-13T04:47:32.465,1,1
2661,bc2c14bd2bf7551f5633c01663847239,85.0,3,1786571253466,2026-08-13T04:47:33.466,1,1
2662,bc2c14bd2bf7551f5633c01663847239,85.0,3,1786571254466,2026-08-13T04:47:34.466,1,1
2663,bc2c14bd2bf7551f5633c01663847239,85.0,3,1786571255466,2026-08-13T04:47:35.466,1,1
2664,bc2c14bd2bf7551f5633c01663847239,85.0,3,1786571256466,2026-08-13T04:47:36.466,1,1
2665,bc2c14bd2bf7551f5633c01663847239,85.0,3,1786571257465,2026-08-13T04:47:37.465,1,1
2666,bc2c14bd2bf7551f5633c01663847239,86.0,3,1786571258465,2026-08-13T04:47:38.465,1,1
2667,bc2c14bd2bf7551f5633c01663847239,84.0,3,1786571259475,2026-08-13T04:47:39.475,1,1
2668,bc2c14bd2bf7551f5633c01663847239,83.0,3,1786571260473,2026-08-13T04:47:40.473,1,1
2669,bc2c14bd2bf7551f5633c01663847239,84.0,3,1786571261471,2026-08-13T04:47:41.471,1,1
2670,bc2c14bd2bf7551f5633c01663847239,85.0,3,1786571262469,2026-08-13T04:47:42.469,1,1
2671,bc2c14bd2bf7551f5633c01663847239,86.0,3,1786571263468,2026-08-13T04:47:43.468,1,1
2672,bc2c14bd2bf7551f5633c01663847239,86.0,3,1786571264466,2026-08-13T04:47:44.466,1,1
2673,bc2c14bd2bf7551f5633c01663847239,87.0,3,1786571265465,2026-08-13T04:47:45.465,1,1
2674,bc2c14bd2bf7551f5633c01663847239,87.0,3,1786571266465,2026-08-13T04:47:46.465,1,1
2675,bc2c14bd2bf7551f5633c01663847239,87.0,3,1786571267465,2026-08-13T04:47:47.465,1,1
2676,bc2c14bd2bf7551f5633c01663847239,87.0,3,1786571268467,2026-08-13T04:47:48.467,1,1
2677,bc2c14bd2bf7551f5633c01663847239,87.0,3,1786571269468,2026-08-13T04:47:49.468,1,1
2678,bc2c14bd2bf7551f5633c01663847239,87.0,3,1786571270465,2026-08-13T04:47:50.465,1,1
2679,bc2c14bd2bf7551f5633c01663847239,88.0,3,1786571271465,2026-08-13T04:47:51.465,1,1
2680,bc2c14bd2bf7551f5633c01663847239,88.0,3,1786571272465,2026-08-13T04:47:52.465,1,1
2681,bc2c14bd2bf7551f5633c01663847239,89.0,3,1786571273465,2026-08-13T04:47:53.465,1,1
2682,bc2c14bd2bf7551f5633c01663847239,88.0,3,1786571274466,2026-08-13T04:47:54.466,1,1
2683,bc2c14bd2bf7551f5633c01663847239,88.0,3,1786571275465,2026-08-13T04:47:55.465,1,1
2684,bc2c14bd2bf7551f5633c01663847239,87.0,3,1786571276465,2026-08-13T04:47:56.465,1,1
2685,bc2c14bd2bf7551f5633c01663847239,87.0,3,1786571277465,2026-08-13T04:47:57.465,1,1
2686,bc2c14bd2bf7551f5633c01663847239,86.0,3,1786571278476,2026-08-13T04:47:58.476,1,1
2687,bc2c14bd2bf7551f5633c01663847239,87.0,3,1786571279474,2026-08-13T04:47:59.474,1,1
2688,bc2c14bd2bf7551f5633c01663847239,88.0,3,1786571280466,2026-08-13T04:48:00.466,1,1
2689,bc2c14bd2bf7551f5633c01663847239,89.0,3,1786571281550,2026-08-13T04:48:01.550,1,1
2690,bc2c14bd2bf7551f5633c01663847239,89.0,3,1786571282465,2026-08-13T04:48:02.465,1,1
2691,bc2c14bd2bf7551f5633c01663847239,88.0,3,1786571283465,2026-08-13T04:48:03.465,1,1
2692,bc2c14bd2bf7551f5633c01663847239,88.0,3,1786571284465,2026-08-13T04:48:04.465,1,1
2693,bc2c14bd2bf7551f5633c01663847239,88.0,3,1786571285465,2026-08-13T04:48:05.465,1,1
2694,bc2c14bd2bf7551f5633c01663847239,87.0,3,1786571286465,2026-08-13T04:48:06.465,1,1
2695,bc2c14bd2bf7551f5633c01663847239,87.0,3,1786571287465,2026-08-13T04:48:07.465,1,1
2696,bc2c14bd2bf7551f5633c01663847239,86.0,3,1786571288466,2026-08-13T04:48:08.466,1,1
2697,bc2c14bd2bf7551f5633c01663847239,86.0,3,1786571289467,2026-08-13T04:48:09.467,1,1
2698,bc2c14bd2bf7551f5633c01663847239,86.0,3,1786571290466,2026-08-13T04:48:10.466,1,1
2699,bc2c14bd2bf7551f5633c01663847239,85.0,3,1786571291466,2026-08-13T04:48:11.466,1,1
2700,bc2c14bd2bf7551f5633c01663847239,85.0,3,1786571292465,2026-08-13T04:48:12.465,1,1
2701,bc2c14bd2bf7551f5633c01663847239,85.0,3,1786571293465,2026-08-13T04:48:13.465,1,1
2702,bc2c14bd2bf7551f5633c01663847239,85.0,3,1786571294465,2026-08-13T04:48:14.465,1,1
2703,bc2c14bd2bf7551f5633c01663847239,85.0,3,1786571295465,2026-08-13T04:48:15.465,1,1
2704,bc2c14bd2bf7551f5633c01663847239,84.0,3,1786571296465,2026-08-13T04:48:16.465,1,1
2705,bc2c14bd2bf7551f5633c01663847239,84.0,3,1786571297467,2026-08-13T04:48:17.467,1,1
2706,bc2c14bd2bf7551f5633c01663847239,83.0,3,1786571298465,2026-08-13T04:48:18.465,1,1
2707,bc2c14bd2bf7551f5633c01663847239,83.0,3,1786571299482,2026-08-13T04:48:19.482,1,1
2708,bc2c14bd2bf7551f5633c01663847239,82.0,3,1786571300485,2026-08-13T04:48:20.485,1,1
2709,bc2c14bd2bf7551f5633c01663847239,82.0,3,1786571301469,2026-08-13T04:48:21.469,1,1
2710,bc2c14bd2bf7551f5633c01663847239,82.0,3,1786571302474,2026-08-13T04:48:22.474,1,1
2711,bc2c14bd2bf7551f5633c01663847239,82.0,3,1786571303470,2026-08-13T04:48:23.470,1,0
2712,bc2c14bd2bf7551f5633c01663847239,82.0,3,1786571304465,2026-08-13T04:48:24.465,1,1
2713,bc2c14bd2bf7551f5633c01663847239,83.0,3,1786571305466,2026-08-13T04:48:25.466,1,1
2714,bc2c14bd2bf7551f5633c01663847239,83.0,3,1786571306467,2026-08-13T04:48:26.467,1,1
2715,bc2c14bd2bf7551f5633c01663847239,84.0,3,1786571307465,2026-08-13T04:48:27.465,1,1
2716,bc2c14bd2bf7551f5633c01663847239,85.0,3,1786571308466,2026-08-13T04:48:28.466,1,1
2717,bc2c14bd2bf7551f5633c01663847239,85.0,3,1786571309465,2026-08-13T04:48:29.465,1,1
2718,bc2c14bd2bf7551f5633c01663847239,86.0,3,1786571310465,2026-08-13T04:48:30.465,1,1
2719,bc2c14bd2bf7551f5633c01663847239,86.0,3,1786571311466,2026-08-13T04:48:31.466,1,1
2720,bc2c14bd2bf7551f5633c01663847239,85.0,3,1786571312466,2026-08-13T04:48:32.466,1,1
2721,bc2c14bd2bf7551f5633c01663847239,84.0,3,1786571313471,2026-08-13T04:48:33.471,1,1
2722,bc2c14bd2bf7551f5633c01663847239,83.0,3,1786571314471,2026-08-13T04:48:34.471,1,1
2723,bc2c14bd2bf7551f5633c01663847239,84.0,3,1786571315467,2026-08-13T04:48:35.467,1,1
2724,bc2c14bd2bf7551f5633c01663847239,84.0,3,1786571316465,2026-08-13T04:48:36.465,1,1
2725,bc2c14bd2bf7551f5633c01663847239,84.0,3,1786571317465,2026-08-13T04:48:37.465,1,1
2726,bc2c14bd2bf7551f5633c01663847239,83.0,3,1786571318465,2026-08-13T04:48:38.465,1,1
2727,bc2c14bd2bf7551f5633c01663847239,83.0,3,1786571319468,2026-08-13T04:48:39.468,1,1
2728,bc2c14bd2bf7551f5633c01663847239,84.0,3,1786571320466,2026-08-13T04:48:40.466,1,1
2729,bc2c14bd2bf7551f5633c01663847239,84.0,3,1786571321465,2026-08-13T04:48:41.465,1,1
2730,bc2c14bd2bf7551f5633c01663847239,85.0,3,1786571322465,2026-08-13T04:48:42.465,1,1
2731,bc2c14bd2bf7551f5633c01663847239,84.0,3,1786571323465,2026-08-13T04:48:43.465,1,1
2732,bc2c14bd2bf7551f5633c01663847239,84.0,3,1786571324465,2026-08-13T04:48:44.465,1,1
2733,bc2c14bd2bf7551f5633c01663847239,84.0,3,1786571325465,2026-08-13T04:48:45.465,1,1
2734,bc2c14bd2bf7551f5633c01663847239,84.0,3,1786571326465,2026-08-13T04:48:46.465,1,1
2735,bc2c14bd2bf7551f5633c01663847239,85.0,3,1786571327474,2026-08-13T04:48:47.474,1,1
2736,bc2c14bd2bf7551f5633c01663847239,86.0,3,1786571328473,2026-08-13T04:48:48.473,1,1
2737,bc2c14bd2bf7551f5633c01663847239,85.0,3,1786571329472,2026-08-13T04:48:49.472,1,1
2738,bc2c14bd2bf7551f5633c01663847239,84.0,3,1786571330471,2026-08-13T04:48:50.471,1,1
2739,bc2c14bd2bf7551f5633c01663847239,84.0,3,1786571331468,2026-08-13T04:48:51.468,1,1
2740,bc2c14bd2bf7551f5633c01663847239,83.0,3,1786571332465,2026-08-13T04:48:52.465,1,1
2741,bc2c14bd2bf7551f5633c01663847239,83.0,3,1786571333465,2026-08-13T04:48:53.465,1,1
2742,bc2c14bd2bf7551f5633c01663847239,83.0,3,1786571334465,2026-08-13T04:48:54.465,1,1
2743,bc2c14bd2bf7551f5633c01663847239,83.0,3,1786571335466,2026-08-13T04:48:55.466,1,1
2744,bc2c14bd2bf7551f5633c01663847239,83.0,3,1786571336466,2026-08-13T04:48:56.466,1,1
2745,bc2c14bd2bf7551f5633c01663847239,84.0,3,1786571337465,2026-08-13T04:48:57.465,1,1
2746,bc2c14bd2bf7551f5633c01663847239,84.0,3,1786571338466,2026-08-13T04:48:58.466,1,1
2747,bc2c14bd2bf7551f5633c01663847239,85.0,3,1786571339465,2026-08-13T04:48:59.465,1,1
2748,bc2c14bd2bf7551f5633c01663847239,84.0,3,1786571340465,2026-08-13T04:49:00.465,1,1
2749,bc2c14bd2bf7551f5633c01663847239,84.0,3,1786571341466,2026-08-13T04:49:01.466,1,1
2750,bc2c14bd2bf7551f5633c01663847239,83.0,3,1786571342474,2026-08-13T04:49:02.474,1,1
2751,bc2c14bd2bf7551f5633c01663847239,83.0,3,1786571343473,2026-08-13T04:49:03.473,1,1
2752,bc2c14bd2bf7551f5633c01663847239,85.0,3,1786571344472,2026-08-13T04:49:04.472,1,1
2753,bc2c14bd2bf7551f5633c01663847239,86.0,3,1786571345470,2026-08-13T04:49:05.470,1,1
2754,bc2c14bd2bf7551f5633c01663847239,87.0,3,1786571346469,2026-08-13T04:49:06.469,1,1
2755,bc2c14bd2bf7551f5633c01663847239,89.0,3,1786571347467,2026-08-13T04:49:07.467,1,1
2756,bc2c14bd2bf7551f5633c01663847239,89.0,3,1786571348465,2026-08-13T04:49:08.465,1,1
2757,bc2c14bd2bf7551f5633c01663847239,89.0,3,1786571349465,2026-08-13T04:49:09.465,1,1
2758,bc2c14bd2bf7551f5633c01663847239,90.0,3,1786571350465,2026-08-13T04:49:10.465,1,1
2759,bc2c14bd2bf7551f5633c01663847239,90.0,3,1786571351465,2026-08-13T04:49:11.465,1,1
2760,bc2c14bd2bf7551f5633c01663847239,90.0,3,1786571352465,2026-08-13T04:49:12.465,1,1
2761,bc2c14bd2bf7551f5633c01663847239,90.0,3,1786571353466,2026-08-13T04:49:13.466,1,1
2762,bc2c14bd2bf7551f5633c01663847239,89.0,3,1786571354465,2026-08-13T04:49:14.465,1,1
2763,bc2c14bd2bf7551f5633c01663847239,89.0,3,1786571355466,2026-08-13T04:49:15.466,1,1
2764,bc2c14bd2bf7551f5633c01663847239,88.0,3,1786571356465,2026-08-13T04:49:16.465,1,1
2765,bc2c14bd2bf7551f5633c01663847239,88.0,3,1786571357465,2026-08-13T04:49:17.465,1,1
2766,bc2c14bd2bf7551f5633c01663847239,88.0,3,1786571358466,2026-08-13T04:49:18.466,1,1
2767,bc2c14bd2bf7551f5633c01663847239,89.0,3,1786571359465,2026-08-13T04:49:19.465,1,1
2768,bc2c14bd2bf7551f5633c01663847239,90.0,3,1786571360465,2026-08-13T04:49:20.465,1,1
2769,bc2c14bd2bf7551f5633c01663847239,90.0,3,1786571361465,2026-08-13T04:49:21.465,1,1
2770,bc2c14bd2bf7551f5633c01663847239,90.0,3,1786571362475,2026-08-13T04:49:22.475,1,1
2771,bc2c14bd2bf7551f5633c01663847239,90.0,3,1786571363473,2026-08-13T04:49:23.473,1,1
2772,bc2c14bd2bf7551f5633c01663847239,90.0,3,1786571364472,2026-08-13T04:49:24.472,1,1
2773,bc2c14bd2bf7551f5633c01663847239,89.0,3,1786571365471,2026-08-13T04:49:25.471,1,1
2774,bc2c14bd2bf7551f5633c01663847239,88.0,3,1786571366473,2026-08-13T04:49:26.473,1,1
2775,bc2c14bd2bf7551f5633c01663847239,87.0,3,1786571367470,2026-08-13T04:49:27.470,1,1
2776,bc2c14bd2bf7551f5633c01663847239,86.0,3,1786571368468,2026-08-13T04:49:28.468,1,1
2777,bc2c14bd2bf7551f5633c01663847239,84.0,3,1786571369465,2026-08-13T04:49:29.465,1,1
2778,bc2c14bd2bf7551f5633c01663847239,83.0,3,1786571370465,2026-08-13T04:49:30.465,1,1
2779,bc2c14bd2bf7551f5633c01663847239,82.0,3,1786571371465,2026-08-13T04:49:31.465,1,1
2780,bc2c14bd2bf7551f5633c01663847239,80.0,3,1786571372465,2026-08-13T04:49:32.465,1,1
2781,bc2c14bd2bf7551f5633c01663847239,80.0,3,1786571373468,2026-08-13T04:49:33.468,1,1
2782,bc2c14bd2bf7551f5633c01663847239,80.0,3,1786571374466,2026-08-13T04:49:34.466,1,1
2783,bc2c14bd2bf7551f5633c01663847239,80.0,3,1786571375465,2026-08-13T04:49:35.465,1,1
2784,bc2c14bd2bf7551f5633c01663847239,80.0,3,1786571376465,2026-08-13T04:49:36.465,1,1
2785,bc2c14bd2bf7551f5633c01663847239,80.0,3,1786571377466,2026-08-13T04:49:37.466,1,1
2786,bc2c14bd2bf7551f5633c01663847239,80.0,3,1786571378465,2026-08-13T04:49:38.465,1,1
2787,bc2c14bd2bf7551f5633c01663847239,81.0,3,1786571379465,2026-08-13T04:49:39.465,1,1
2788,bc2c14bd2bf7551f5633c01663847239,81.0,3,1786571380465,2026-08-13T04:49:40.465,1,1
2789,bc2c14bd2bf7551f5633c01663847239,81.0,3,1786571381465,2026-08-13T04:49:41.465,1,1
2790,bc2c14bd2bf7551f5633c01663847239,80.0,3,1786571382473,2026-08-13T04:49:42.473,1,1
2791,bc2c14bd2bf7551f5633c01663847239,82.0,3,1786571383470,2026-08-13T04:49:43.470,1,1
2792,bc2c14bd2bf7551f5633c01663847239,82.0,3,1786571384469,2026-08-13T04:49:44.469,1,1
2793,bc2c14bd2bf7551f5633c01663847239,83.0,3,1786571385468,2026-08-13T04:49:45.468,1,1
2794,bc2c14bd2bf7551f5633c01663847239,83.0,3,1786571386466,2026-08-13T04:49:46.466,1,1
2795,bc2c14bd2bf7551f5633c01663847239,84.0,3,1786571387465,2026-08-13T04:49:47.465,1,1
2796,bc2c14bd2bf7551f5633c01663847239,85.0,3,1786571388466,2026-08-13T04:49:48.466,1,1
2797,bc2c14bd2bf7551f5633c01663847239,86.0,3,1786571389467,2026-08-13T04:49:49.467,1,1
2798,bc2c14bd2bf7551f5633c01663847239,86.0,3,1786571390467,2026-08-13T04:49:50.467,1,1
2799,bc2c14bd2bf7551f5633c01663847239,86.0,3,1786571391467,2026-08-13T04:49:51.467,1,1
2800,bc2c14bd2bf7551f5633c01663847239,86.0,3,1786571392465,2026-08-13T04:49:52.465,1,1
2801,bc2c14bd2bf7551f5633c01663847239,85.0,3,1786571393465,2026-08-13T04:49:53.465,1,1
2802,bc2c14bd2bf7551f5633c01663847239,84.0,3,1786571394465,2026-08-13T04:49:54.465,1,1
2803,bc2c14bd2bf7551f5633c01663847239,84.0,3,1786571395465,2026-08-13T04:49:55.465,1,1
2804,bc2c14bd2bf7551f5633c01663847239,83.0,3,1786571396466,2026-08-13T04:49:56.466,1,1
2805,bc2c14bd2bf7551f5633c01663847239,83.0,3,1786571397466,2026-08-13T04:49:57.466,1,1
2806,bc2c14bd2bf7551f5633c01663847239,82.0,3,1786571398465,2026-08-13T04:49:58.465,1,1
2807,bc2c14bd2bf7551f5633c01663847239,82.0,3,1786571399466,2026-08-13T04:49:59.466,1,1
2808,bc2c14bd2bf7551f5633c01663847239,82.0,3,1786571400465,2026-08-13T04:50:00.465,1,1
2809,bc2c14bd2bf7551f5633c01663847239,82.0,3,1786571401465,2026-08-13T04:50:01.465,1,1
2810,bc2c14bd2bf7551f5633c01663847239,82.0,3,1786571402468,2026-08-13T04:50:02.468,1,1
2811,bc2c14bd2bf7551f5633c01663847239,82.0,3,1786571403467,2026-08-13T04:50:03.467,1,1
2812,bc2c14bd2bf7551f5633c01663847239,82.0,3,1786571404468,2026-08-13T04:50:04.468,1,1
2813,bc2c14bd2bf7551f5633c01663847239,82.0,3,1786571405467,2026-08-13T04:50:05.467,1,1
2814,bc2c14bd2bf7551f5633c01663847239,83.0,3,1786571406471,2026-08-13T04:50:06.471,1,1
2815,bc2c14bd2bf7551f5633c01663847239,83.0,3,1786571407467,2026-08-13T04:50:07.467,1,1
2816,bc2c14bd2bf7551f5633c01663847239,83.0,3,1786571408468,2026-08-13T04:50:08.468,1,1
2817,bc2c14bd2bf7551f5633c01663847239,83.0,3,1786571409468,2026-08-13T04:50:09.468,1,1
2818,bc2c14bd2bf7551f5633c01663847239,84.0,3,1786571410465,2026-08-13T04:50:10.465,1,1
2819,bc2c14bd2bf7551f5633c01663847239,84.0,3,1786571411466,2026-08-13T04:50:11.466,1,1
2820,bc2c14bd2bf7551f5633c01663847239,84.0,3,1786571412465,2026-08-13T04:50:12.465,1,1
2821,bc2c14bd2bf7551f5633c01663847239,85.0,3,1786571413465,2026-08-13T04:50:13.465,1,1
2822,bc2c14bd2bf7551f5633c01663847239,86.0,3,1786571414471,2026-08-13T04:50:14.471,1,1
2823,bc2c14bd2bf7551f5633c01663847239,86.0,3,1786571415466,2026-08-13T04:50:15.466,1,1
2824,bc2c14bd2bf7551f5633c01663847239,87.0,3,1786571416465,2026-08-13T04:50:16.465,1,1
2825,bc2c14bd2bf7551f5633c01663847239,87.0,3,1786571417465,2026-08-13T04:50:17.465,1,1
2826,bc2c14bd2bf7551f5633c01663847239,86.0,3,1786571418465,2026-08-13T04:50:18.465,1,1
2827,bc2c14bd2bf7551f5633c01663847239,86.0,3,1786571419474,2026-08-13T04:50:19.474,1,1
2828,bc2c14bd2bf7551f5633c01663847239,85.0,3,1786571420465,2026-08-13T04:50:20.465,1,1
2829,bc2c14bd2bf7551f5633c01663847239,84.0,3,1786571421465,2026-08-13T04:50:21.465,1,1
2830,bc2c14bd2bf7551f5633c01663847239,83.0,3,1786571422465,2026-08-13T04:50:22.465,1,1
2831,bc2c14bd2bf7551f5633c01663847239,83.0,3,1786571423465,2026-08-13T04:50:23.465,1,1
2832,bc2c14bd2bf7551f5633c01663847239,82.0,3,1786571424466,2026-08-13T04:50:24.466,1,1
2833,bc2c14bd2bf7551f5633c01663847239,82.0,3,1786571425466,2026-08-13T04:50:25.466,1,1
2834,bc2c14bd2bf7551f5633c01663847239,82.0,3,1786571426473,2026-08-13T04:50:26.473,1,1
2835,bc2c14bd2bf7551f5633c01663847239,82.0,3,1786571427474,2026-08-13T04:50:27.474,1,1
2836,bc2c14bd2bf7551f5633c01663847239,81.0,3,1786571428474,2026-08-13T04:50:28.474,1,1
2837,bc2c14bd2bf7551f5633c01663847239,82.0,3,1786571429474,2026-08-13T04:50:29.474,1,1
2838,bc2c14bd2bf7551f5633c01663847239,82.0,3,1786571430473,2026-08-13T04:50:30.473,1,1
2839,bc2c14bd2bf7551f5633c01663847239,82.0,3,1786571431466,2026-08-13T04:50:31.466,1,1
2840,bc2c14bd2bf7551f5633c01663847239,83.0,3,1786571432470,2026-08-13T04:50:32.470,1,1
2841,bc2c14bd2bf7551f5633c01663847239,84.0,3,1786571433465,2026-08-13T04:50:33.465,1,1
2842,bc2c14bd2bf7551f5633c01663847239,85.0,3,1786571434469,2026-08-13T04:50:34.469,1,1
2843,bc2c14bd2bf7551f5633c01663847239,86.0,3,1786571435468,2026-08-13T04:50:35.468,1,1
2844,bc2c14bd2bf7551f5633c01663847239,87.0,3,1786571436465,2026-08-13T04:50:36.465,1,1
2845,bc2c14bd2bf7551f5633c01663847239,87.0,3,1786571437466,2026-08-13T04:50:37.466,1,1
2846,bc2c14bd2bf7551f5633c01663847239,86.0,3,1786571438465,2026-08-13T04:50:38.465,1,1
2847,bc2c14bd2bf7551f5633c01663847239,85.0,3,1786571439466,2026-08-13T04:50:39.466,1,1
2848,bc2c14bd2bf7551f5633c01663847239,84.0,3,1786571440465,2026-08-13T04:50:40.465,1,1
2849,bc2c14bd2bf7551f5633c01663847239,85.0,3,1786571441467,2026-08-13T04:50:41.467,1,1
2850,bc2c14bd2bf7551f5633c01663847239,86.0,3,1786571442466,2026-08-13T04:50:42.466,1,1
2851,bc2c14bd2bf7551f5633c01663847239,85.0,3,1786571443467,2026-08-13T04:50:43.467,1,1
2852,bc2c14bd2bf7551f5633c01663847239,85.0,3,1786571444465,2026-08-13T04:50:44.465,1,1
2853,bc2c14bd2bf7551f5633c01663847239,85.0,3,1786571445465,2026-08-13T04:50:45.465,1,1
2854,bc2c14bd2bf7551f5633c01663847239,86.0,3,1786571446465,2026-08-13T04:50:46.465,1,1
2855,bc2c14bd2bf7551f5633c01663847239,86.0,3,1786571447466,2026-08-13T04:50:47.466,1,1
2856,bc2c14bd2bf7551f5633c01663847239,87.0,3,1786571448466,2026-08-13T04:50:48.466,1,1
2857,bc2c14bd2bf7551f5633c01663847239,87.0,3,1786571449465,2026-08-13T04:50:49.465,1,1
2858,bc2c14bd2bf7551f5633c01663847239,88.0,3,1786571450466,2026-08-13T04:50:50.466,1,1
2859,bc2c14bd2bf7551f5633c01663847239,88.0,3,1786571451466,2026-08-13T04:50:51.466,1,1
2860,bc2c14bd2bf7551f5633c01663847239,88.0,3,1786571452465,2026-08-13T04:50:52.465,1,1
2861,bc2c14bd2bf7551f5633c01663847239,89.0,3,1786571453466,2026-08-13T04:50:53.466,1,1
2862,bc2c14bd2bf7551f5633c01663847239,90.0,3,1786571454465,2026-08-13T04:50:54.465,1,1
2863,bc2c14bd2bf7551f5633c01663847239,90.0,3,1786571455467,2026-08-13T04:50:55.467,1,1
2864,bc2c14bd2bf7551f5633c01663847239,90.0,3,1786571456465,2026-08-13T04:50:56.465,1,1
2865,bc2c14bd2bf7551f5633c01663847239,90.0,3,1786571457465,2026-08-13T04:50:57.465,1,1
2866,bc2c14bd2bf7551f5633c01663847239,90.0,3,1786571458465,2026-08-13T04:50:58.465,1,1
2867,bc2c14bd2bf7551f5633c01663847239,90.0,3,1786571459466,2026-08-13T04:50:59.466,1,1
2868,bc2c14bd2bf7551f5633c01663847239,90.0,3,1786571460465,2026-08-13T04:51:00.465,1,1
2869,bc2c14bd2bf7551f5633c01663847239,89.0,3,1786571461465,2026-08-13T04:51:01.465,1,1
2870,bc2c14bd2bf7551f5633c01663847239,89.0,3,1786571462465,2026-08-13T04:51:02.465,1,1
2871,bc2c14bd2bf7551f5633c01663847239,89.0,3,1786571463466,2026-08-13T04:51:03.466,1,1
2872,bc2c14bd2bf7551f5633c01663847239,90.0,3,1786571464466,2026-08-13T04:51:04.466,1,1
2873,bc2c14bd2bf7551f5633c01663847239,91.0,3,1786571465474,2026-08-13T04:51:05.474,1,1
2874,bc2c14bd2bf7551f5633c01663847239,92.0,3,1786571466474,2026-08-13T04:51:06.474,1,1
2875,bc2c14bd2bf7551f5633c01663847239,92.0,3,1786571467474,2026-08-13T04:51:07.474,1,1
2876,bc2c14bd2bf7551f5633c01663847239,93.0,3,1786571468474,2026-08-13T04:51:08.474,1,1
2877,bc2c14bd2bf7551f5633c01663847239,92.0,3,1786571469473,2026-08-13T04:51:09.473,1,1
2878,bc2c14bd2bf7551f5633c01663847239,91.0,3,1786571470466,2026-08-13T04:51:10.466,1,1
2879,bc2c14bd2bf7551f5633c01663847239,91.0,3,1786571471473,2026-08-13T04:51:11.473,1,1
2880,bc2c14bd2bf7551f5633c01663847239,90.0,3,1786571472469,2026-08-13T04:51:12.469,1,1
2881,bc2c14bd2bf7551f5633c01663847239,89.0,3,1786571473473,2026-08-13T04:51:13.473,1,1
2882,bc2c14bd2bf7551f5633c01663847239,87.0,3,1786571474472,2026-08-13T04:51:14.472,1,1
2883,bc2c14bd2bf7551f5633c01663847239,87.0,3,1786571475469,2026-08-13T04:51:15.469,1,1
2884,bc2c14bd2bf7551f5633c01663847239,86.0,3,1786571476470,2026-08-13T04:51:16.470,1,1
2885,bc2c14bd2bf7551f5633c01663847239,85.0,3,1786571477471,2026-08-13T04:51:17.471,1,1
2886,bc2c14bd2bf7551f5633c01663847239,86.0,3,1786571478469,2026-08-13T04:51:18.469,1,1
2887,bc2c14bd2bf7551f5633c01663847239,86.0,3,1786571479469,2026-08-13T04:51:19.469,1,1
2888,bc2c14bd2bf7551f5633c01663847239,85.0,3,1786571480466,2026-08-13T04:51:20.466,1,1
2889,bc2c14bd2bf7551f5633c01663847239,85.0,3,1786571481467,2026-08-13T04:51:21.467,1,1
2890,bc2c14bd2bf7551f5633c01663847239,83.0,3,1786571482467,2026-08-13T04:51:22.467,1,1
2891,bc2c14bd2bf7551f5633c01663847239,83.0,3,1786571483467,2026-08-13T04:51:23.467,1,1
2892,bc2c14bd2bf7551f5633c01663847239,82.0,3,1786571484470,2026-08-13T04:51:24.470,1,1
2893,bc2c14bd2bf7551f5633c01663847239,82.0,3,1786571485468,2026-08-13T04:51:25.468,1,1
2894,bc2c14bd2bf7551f5633c01663847239,82.0,3,1786571486468,2026-08-13T04:51:26.468,1,1
2895,bc2c14bd2bf7551f5633c01663847239,82.0,3,1786571487467,2026-08-13T04:51:27.467,1,1
2896,bc2c14bd2bf7551f5633c01663847239,82.0,3,1786571488465,2026-08-13T04:51:28.465,1,1
2897,bc2c14bd2bf7551f5633c01663847239,81.0,3,1786571489465,2026-08-13T04:51:29.465,1,1
2898,bc2c14bd2bf7551f5633c01663847239,81.0,3,1786571490465,2026-08-13T04:51:30.465,1,1
2899,bc2c14bd2bf7551f5633c01663847239,81.0,3,1786571491466,2026-08-13T04:51:31.466,1,1
2900,bc2c14bd2bf7551f5633c01663847239,81.0,3,1786571492465,2026-08-13T04:51:32.465,1,1
2901,bc2c14bd2bf7551f5633c01663847239,82.0,3,1786571493466,2026-08-13T04:51:33.466,1,1
2902,bc2c14bd2bf7551f5633c01663847239,83.0,3,1786571494465,2026-08-13T04:51:34.465,1,1
2903,bc2c14bd2bf7551f5633c01663847239,83.0,3,1786571495465,2026-08-13T04:51:35.465,1,1
2904,bc2c14bd2bf7551f5633c01663847239,84.0,3,1786571496465,2026-08-13T04:51:36.465,1,1
2905,bc2c14bd2bf7551f5633c01663847239,85.0,3,1786571497465,2026-08-13T04:51:37.465,1,1
2906,bc2c14bd2bf7551f5633c01663847239,85.0,3,1786571498465,2026-08-13T04:51:38.465,1,1
2907,bc2c14bd2bf7551f5633c01663847239,85.0,3,1786571499465,2026-08-13T04:51:39.465,1,1
2908,bc2c14bd2bf7551f5633c01663847239,86.0,3,1786571500465,2026-08-13T04:51:40.465,1,1
2909,bc2c14bd2bf7551f5633c01663847239,87.0,3,1786571501465,2026-08-13T04:51:41.465,1,1
2910,bc2c14bd2bf7551f5633c01663847239,87.0,3,1786571502465,2026-08-13T04:51:42.465,1,1
2911,bc2c14bd2bf7551f5633c01663847239,87.0,3,1786571503468,2026-08-13T04:51:43.468,1,1
2912,bc2c14bd2bf7551f5633c01663847239,86.0,3,1786571504466,2026-08-13T04:51:44.466,1,1
2913,bc2c14bd2bf7551f5633c01663847239,86.0,3,1786571505466,2026-08-13T04:51:45.466,1,1
2914,bc2c14bd2bf7551f5633c01663847239,86.0,3,1786571506465,2026-08-13T04:51:46.465,1,1
2915,bc2c14bd2bf7551f5633c01663847239,86.0,3,1786571507465,2026-08-13T04:51:47.465,1,1
2916,bc2c14bd2bf7551f5633c01663847239,85.0,3,1786571508469,2026-08-13T04:51:48.469,1,1
2917,bc2c14bd2bf7551f5633c01663847239,86.0,3,1786571509465,2026-08-13T04:51:49.465,1,1
2918,bc2c14bd2bf7551f5633c01663847239,86.0,3,1786571510465,2026-08-13T04:51:50.465,1,1
2919,bc2c14bd2bf7551f5633c01663847239,86.0,3,1786571511465,2026-08-13T04:51:51.465,1,1
2920,bc2c14bd2bf7551f5633c01663847239,86.0,3,1786571512466,2026-08-13T04:51:52.466,1,1
2921,bc2c14bd2bf7551f5633c01663847239,86.0,3,1786571513465,2026-08-13T04:51:53.465,1,1
2922,bc2c14bd2bf7551f5633c01663847239,86.0,3,1786571514467,2026-08-13T04:51:54.467,1,1
2923,bc2c14bd2bf7551f5633c01663847239,86.0,3,1786571515465,2026-08-13T04:51:55.465,1,1
2924,bc2c14bd2bf7551f5633c01663847239,86.0,3,1786571516465,2026-08-13T04:51:56.465,1,1
2925,bc2c14bd2bf7551f5633c01663847239,85.0,3,1786571517465,2026-08-13T04:51:57.465,1,1
2926,bc2c14bd2bf7551f5633c01663847239,85.0,3,1786571518466,2026-08-13T04:51:58.466,1,1
2927,bc2c14bd2bf7551f5633c01663847239,84.0,3,1786571519465,2026-08-13T04:51:59.465,1,1
2928,bc2c14bd2bf7551f5633c01663847239,84.0,3,1786571520471,2026-08-13T04:52:00.471,1,1
2929,bc2c14bd2bf7551f5633c01663847239,83.0,3,1786571521469,2026-08-13T04:52:01.469,1,1
2930,bc2c14bd2bf7551f5633c01663847239,83.0,3,1786571522482,2026-08-13T04:52:02.482,1,1
2931,bc2c14bd2bf7551f5633c01663847239,83.0,3,1786571523480,2026-08-13T04:52:03.480,1,1
2932,bc2c14bd2bf7551f5633c01663847239,82.0,3,1786571524480,2026-08-13T04:52:04.480,1,1
2933,bc2c14bd2bf7551f5633c01663847239,82.0,3,1786571525488,2026-08-13T04:52:05.488,1,1
2934,bc2c14bd2bf7551f5633c01663847239,82.0,3,1786571526476,2026-08-13T04:52:06.476,1,1
2935,bc2c14bd2bf7551f5633c01663847239,81.0,3,1786571527482,2026-08-13T04:52:07.482,1,1
2936,bc2c14bd2bf7551f5633c01663847239,81.0,3,1786571528465,2026-08-13T04:52:08.465,1,0
2937,bc2c14bd2bf7551f5633c01663847239,81.0,3,1786571529467,2026-08-13T04:52:09.467,1,1
2938,bc2c14bd2bf7551f5633c01663847239,81.0,3,1786571530465,2026-08-13T04:52:10.465,1,1
2939,bc2c14bd2bf7551f5633c01663847239,81.0,3,1786571531465,2026-08-13T04:52:11.465,1,1
2940,bc2c14bd2bf7551f5633c01663847239,81.0,3,1786571532466,2026-08-13T04:52:12.466,1,1
2941,bc2c14bd2bf7551f5633c01663847239,81.0,3,1786571533466,2026-08-13T04:52:13.466,1,1
2942,bc2c14bd2bf7551f5633c01663847239,82.0,3,1786571534465,2026-08-13T04:52:14.465,1,1
2943,bc2c14bd2bf7551f5633c01663847239,82.0,3,1786571535465,2026-08-13T04:52:15.465,1,1
2944,bc2c14bd2bf7551f5633c01663847239,82.0,3,1786571536467,2026-08-13T04:52:16.467,1,1
2945,bc2c14bd2bf7551f5633c01663847239,83.0,3,1786571537467,2026-08-13T04:52:17.467,1,1
2946,bc2c14bd2bf7551f5633c01663847239,84.0,3,1786571538467,2026-08-13T04:52:18.467,1,1
2947,bc2c14bd2bf7551f5633c01663847239,84.0,3,1786571539466,2026-08-13T04:52:19.466,1,1
2948,bc2c14bd2bf7551f5633c01663847239,85.0,3,1786571540466,2026-08-13T04:52:20.466,1,1
2949,bc2c14bd2bf7551f5633c01663847239,86.0,3,1786571541465,2026-08-13T04:52:21.465,1,1
2950,bc2c14bd2bf7551f5633c01663847239,86.0,3,1786571542466,2026-08-13T04:52:22.466,1,1
2951,bc2c14bd2bf7551f5633c01663847239,86.0,3,1786571543465,2026-08-13T04:52:23.465,1,1
2952,bc2c14bd2bf7551f5633c01663847239,87.0,3,1786571544465,2026-08-13T04:52:24.465,1,1
2953,bc2c14bd2bf7551f5633c01663847239,88.0,3,1786571545466,2026-08-13T04:52:25.466,1,1
2954,bc2c14bd2bf7551f5633c01663847239,88.0,3,1786571546466,2026-08-13T04:52:26.466,1,1
2955,bc2c14bd2bf7551f5633c01663847239,88.0,3,1786571547465,2026-08-13T04:52:27.465,1,1
2956,bc2c14bd2bf7551f5633c01663847239,89.0,3,1786571548466,2026-08-13T04:52:28.466,1,1
2957,bc2c14bd2bf7551f5633c01663847239,89.0,3,1786571549465,2026-08-13T04:52:29.465,1,1
2958,bc2c14bd2bf7551f5633c01663847239,90.0,3,1786571550466,2026-08-13T04:52:30.466,1,1
2959,bc2c14bd2bf7551f5633c01663847239,89.0,3,1786571551465,2026-08-13T04:52:31.465,1,1
2960,bc2c14bd2bf7551f5633c01663847239,89.0,3,1786571552466,2026-08-13T04:52:32.466,1,1
2961,bc2c14bd2bf7551f5633c01663847239,89.0,3,1786571553465,2026-08-13T04:52:33.465,1,1
2962,bc2c14bd2bf7551f5633c01663847239,89.0,3,1786571554465,2026-08-13T04:52:34.465,1,1
2963,bc2c14bd2bf7551f5633c01663847239,88.0,3,1786571555465,2026-08-13T04:52:35.465,1,1
2964,bc2c14bd2bf7551f5633c01663847239,88.0,3,1786571556465,2026-08-13T04:52:36.465,1,1
2965,bc2c14bd2bf7551f5633c01663847239,87.0,3,1786571557465,2026-08-13T04:52:37.465,1,1
2966,bc2c14bd2bf7551f5633c01663847239,87.0,3,1786571558465,2026-08-13T04:52:38.465,1,1
2967,bc2c14bd2bf7551f5633c01663847239,87.0,3,1786571559465,2026-08-13T04:52:39.465,1,1
2968,bc2c14bd2bf7551f5633c01663847239,87.0,3,1786571560465,2026-08-13T04:52:40.465,1,1
2969,bc2c14bd2bf7551f5633c01663847239,87.0,3,1786571561465,2026-08-13T04:52:41.465,1,1
2970,bc2c14bd2bf7551f5633c01663847239,87.0,3,1786571562466,2026-08-13T04:52:42.466,1,1
2971,bc2c14bd2bf7551f5633c01663847239,87.0,3,1786571563466,2026-08-13T04:52:43.466,1,1
2972,bc2c14bd2bf7551f5633c01663847239,87.0,3,1786571564475,2026-08-13T04:52:44.475,1,1
2973,bc2c14bd2bf7551f5633c01663847239,87.0,3,1786571565475,2026-08-13T04:52:45.475,1,1
2974,bc2c14bd2bf7551f5633c01663847239,87.0,3,1786571566474,2026-08-13T04:52:46.474,1,1
2975,bc2c14bd2bf7551f5633c01663847239,86.0,3,1786571567473,2026-08-13T04:52:47.473,1,1
2976,bc2c14bd2bf7551f5633c01663847239,86.0,3,1786571568471,2026-08-13T04:52:48.471,1,1
2977,bc2c14bd2bf7551f5633c01663847239,86.0,3,1786571569470,2026-08-13T04:52:49.470,1,1
2978,bc2c14bd2bf7551f5633c01663847239,85.0,3,1786571570468,2026-08-13T04:52:50.468,1,1
2979,bc2c14bd2bf7551f5633c01663847239,85.0,3,1786571571468,2026-08-13T04:52:51.468,1,1
2980,bc2c14bd2bf7551f5633c01663847239,84.0,3,1786571572466,2026-08-13T04:52:52.466,1,1
2981,bc2c14bd2bf7551f5633c01663847239,84.0,3,1786571573465,2026-08-13T04:52:53.465,1,1
2982,bc2c14bd2bf7551f5633c01663847239,84.0,3,1786571574465,2026-08-13T04:52:54.465,1,1
2983,bc2c14bd2bf7551f5633c01663847239,84.0,3,1786571575466,2026-08-13T04:52:55.466,1,1
2984,bc2c14bd2bf7551f5633c01663847239,84.0,3,1786571576465,2026-08-13T04:52:56.465,1,1
2985,bc2c14bd2bf7551f5633c01663847239,84.0,3,1786571577466,2026-08-13T04:52:57.466,1,1
2986,bc2c14bd2bf7551f5633c01663847239,84.0,3,1786571578465,2026-08-13T04:52:58.465,1,1
2987,bc2c14bd2bf7551f5633c01663847239,84.0,3,1786571579466,2026-08-13T04:52:59.466,1,1
2988,bc2c14bd2bf7551f5633c01663847239,84.0,3,1786571580468,2026-08-13T04:53:00.468,1,1
2989,bc2c14bd2bf7551f5633c01663847239,84.0,3,1786571581468,2026-08-13T04:53:01.468,1,1
2990,bc2c14bd2bf7551f5633c01663847239,84.0,3,1786571582467,2026-08-13T04:53:02.467,1,1
2991,bc2c14bd2bf7551f5633c01663847239,84.0,3,1786571583467,2026-08-13T04:53:03.467,1,1
2992,bc2c14bd2bf7551f5633c01663847239,84.0,3,1786571584465,2026-08-13T04:53:04.465,1,1
2993,bc2c14bd2bf7551f5633c01663847239,84.0,3,1786571585466,2026-08-13T04:53:05.466,1,1
2994,bc2c14bd2bf7551f5633c01663847239,83.0,3,1786571586465,2026-08-13T04:53:06.465,1,1
2995,bc2c14bd2bf7551f5633c01663847239,82.0,3,1786571587465,2026-08-13T04:53:07.465,1,1
2996,bc2c14bd2bf7551f5633c01663847239,82.0,3,1786571588465,2026-08-13T04:53:08.465,1,1
2997,bc2c14bd2bf7551f5633c01663847239,81.0,3,1786571589466,2026-08-13T04:53:09.466,1,1
2998,bc2c14bd2bf7551f5633c01663847239,78.0,3,1786571590465,2026-08-13T04:53:10.465,1,1
2999,bc2c14bd2bf7551f5633c01663847239,79.0,3,1786571591465,2026-08-13T04:53:11.465,1,1
3000,bc2c14bd2bf7551f5633c01663847239,80.0,3,1786571592466,2026-08-13T04:53:12.466,1,1
3001,bc2c14bd2bf7551f5633c01663847239,81.0,3,1786571593465,2026-08-13T04:53:13.465,1,1
3002,bc2c14bd2bf7551f5633c01663847239,82.0,3,1786571594466,2026-08-13T04:53:14.466,1,1
3003,bc2c14bd2bf7551f5633c01663847239,83.0,3,1786571595465,2026-08-13T04:53:15.465,1,1
3004,bc2c14bd2bf7551f5633c01663847239,84.0,3,1786571596473,2026-08-13T04:53:16.473,1,1
3005,bc2c14bd2bf7551f5633c01663847239,85.0,3,1786571597473,2026-08-13T04:53:17.473,1,1
3006,bc2c14bd2bf7551f5633c01663847239,86.0,3,1786571598472,2026-08-13T04:53:18.472,1,1
3007,bc2c14bd2bf7551f5633c01663847239,89.0,3,1786571599465,2026-08-13T04:53:19.465,1,1
3008,bc2c14bd2bf7551f5633c01663847239,90.0,3,1786571600468,2026-08-13T04:53:20.468,1,1
3009,bc2c14bd2bf7551f5633c01663847239,92.0,3,1786571601474,2026-08-13T04:53:21.474,1,1
3010,bc2c14bd2bf7551f5633c01663847239,93.0,3,1786571602465,2026-08-13T04:53:22.465,1,1
3011,bc2c14bd2bf7551f5633c01663847239,94.0,3,1786571603466,2026-08-13T04:53:23.466,1,1
3012,bc2c14bd2bf7551f5633c01663847239,94.0,3,1786571604470,2026-08-13T04:53:24.470,1,1
3013,bc2c14bd2bf7551f5633c01663847239,95.0,3,1786571605468,2026-08-13T04:53:25.468,1,1
3014,bc2c14bd2bf7551f5633c01663847239,94.0,3,1786571606465,2026-08-13T04:53:26.465,1,1
3015,bc2c14bd2bf7551f5633c01663847239,93.0,3,1786571607465,2026-08-13T04:53:27.465,1,1
3016,bc2c14bd2bf7551f5633c01663847239,92.0,3,1786571608465,2026-08-13T04:53:28.465,1,1
3017,bc2c14bd2bf7551f5633c01663847239,91.0,3,1786571609466,2026-08-13T04:53:29.466,1,1
3018,bc2c14bd2bf7551f5633c01663847239,89.0,3,1786571610466,2026-08-13T04:53:30.466,1,1
3019,bc2c14bd2bf7551f5633c01663847239,88.0,3,1786571611465,2026-08-13T04:53:31.465,1,1
3020,bc2c14bd2bf7551f5633c01663847239,86.0,3,1786571612465,2026-08-13T04:53:32.465,1,1
3021,bc2c14bd2bf7551f5633c01663847239,85.0,3,1786571613465,2026-08-13T04:53:33.465,1,1
3022,bc2c14bd2bf7551f5633c01663847239,84.0,3,1786571614475,2026-08-13T04:53:34.475,1,1
3023,bc2c14bd2bf7551f5633c01663847239,84.0,3,1786571615466,2026-08-13T04:53:35.466,1,1
3024,bc2c14bd2bf7551f5633c01663847239,83.0,3,1786571616470,2026-08-13T04:53:36.470,1,1
3025,bc2c14bd2bf7551f5633c01663847239,83.0,3,1786571617470,2026-08-13T04:53:37.470,1,1
3026,bc2c14bd2bf7551f5633c01663847239,84.0,3,1786571618467,2026-08-13T04:53:38.467,1,1
3027,bc2c14bd2bf7551f5633c01663847239,84.0,3,1786571619466,2026-08-13T04:53:39.466,1,1
3028,bc2c14bd2bf7551f5633c01663847239,84.0,3,1786571620465,2026-08-13T04:53:40.465,1,1
3029,bc2c14bd2bf7551f5633c01663847239,84.0,3,1786571621465,2026-08-13T04:53:41.465,1,1
3030,bc2c14bd2bf7551f5633c01663847239,83.0,3,1786571622466,2026-08-13T04:53:42.466,1,1
3031,bc2c14bd2bf7551f5633c01663847239,83.0,3,1786571623469,2026-08-13T04:53:43.469,1,1
3032,bc2c14bd2bf7551f5633c01663847239,83.0,3,1786571624466,2026-08-13T04:53:44.466,1,1
3033,bc2c14bd2bf7551f5633c01663847239,83.0,3,1786571625467,2026-08-13T04:53:45.467,1,1
3034,bc2c14bd2bf7551f5633c01663847239,82.0,3,1786571626465,2026-08-13T04:53:46.465,1,1
3035,bc2c14bd2bf7551f5633c01663847239,82.0,3,1786571627466,2026-08-13T04:53:47.466,1,1
3036,bc2c14bd2bf7551f5633c01663847239,82.0,3,1786571628465,2026-08-13T04:53:48.465,1,1
3037,bc2c14bd2bf7551f5633c01663847239,82.0,3,1786571629465,2026-08-13T04:53:49.465,1,1
3038,bc2c14bd2bf7551f5633c01663847239,82.0,3,1786571630465,2026-08-13T04:53:50.465,1,1
3039,bc2c14bd2bf7551f5633c01663847239,82.0,3,1786571631465,2026-08-13T04:53:51.465,1,1
3040,bc2c14bd2bf7551f5633c01663847239,83.0,3,1786571632467,2026-08-13T04:53:52.467,1,1
3041,bc2c14bd2bf7551f5633c01663847239,84.0,3,1786571633474,2026-08-13T04:53:53.474,1,1
3042,bc2c14bd2bf7551f5633c01663847239,84.0,3,1786571634469,2026-08-13T04:53:54.469,1,1
3043,bc2c14bd2bf7551f5633c01663847239,84.0,3,1786571635465,2026-08-13T04:53:55.465,1,1
3044,bc2c14bd2bf7551f5633c01663847239,84.0,3,1786571636468,2026-08-13T04:53:56.468,1,1
3045,bc2c14bd2bf7551f5633c01663847239,85.0,3,1786571637467,2026-08-13T04:53:57.467,1,1
3046,bc2c14bd2bf7551f5633c01663847239,85.0,3,1786571638466,2026-08-13T04:53:58.466,1,1
3047,bc2c14bd2bf7551f5633c01663847239,86.0,3,1786571639465,2026-08-13T04:53:59.465,1,1
3048,bc2c14bd2bf7551f5633c01663847239,86.0,3,1786571640465,2026-08-13T04:54:00.465,1,1
3049,bc2c14bd2bf7551f5633c01663847239,87.0,3,1786571641465,2026-08-13T04:54:01.465,1,1
3050,bc2c14bd2bf7551f5633c01663847239,87.0,3,1786571642465,2026-08-13T04:54:02.465,1,1
3051,bc2c14bd2bf7551f5633c01663847239,87.0,3,1786571643467,2026-08-13T04:54:03.467,1,1
3052,bc2c14bd2bf7551f5633c01663847239,87.0,3,1786571644467,2026-08-13T04:54:04.467,1,1
3053,bc2c14bd2bf7551f5633c01663847239,87.0,3,1786571645465,2026-08-13T04:54:05.465,1,1
3054,bc2c14bd2bf7551f5633c01663847239,87.0,3,1786571646465,2026-08-13T04:54:06.465,1,1
3055,bc2c14bd2bf7551f5633c01663847239,86.0,3,1786571647466,2026-08-13T04:54:07.466,1,1
3056,bc2c14bd2bf7551f5633c01663847239,86.0,3,1786571648466,2026-08-13T04:54:08.466,1,1
3057,bc2c14bd2bf7551f5633c01663847239,86.0,3,1786571649465,2026-08-13T04:54:09.465,1,1
3058,bc2c14bd2bf7551f5633c01663847239,86.0,3,1786571650465,2026-08-13T04:54:10.465,1,1
3059,bc2c14bd2bf7551f5633c01663847239,85.0,3,1786571651466,2026-08-13T04:54:11.466,1,1
3060,bc2c14bd2bf7551f5633c01663847239,86.0,3,1786571652474,2026-08-13T04:54:12.474,1,1
3061,bc2c14bd2bf7551f5633c01663847239,86.0,3,1786571653474,2026-08-13T04:54:13.474,1,1
3062,bc2c14bd2bf7551f5633c01663847239,86.0,3,1786571654472,2026-08-13T04:54:14.472,1,1
3063,bc2c14bd2bf7551f5633c01663847239,87.0,3,1786571655470,2026-08-13T04:54:15.470,1,1
3064,bc2c14bd2bf7551f5633c01663847239,87.0,3,1786571656470,2026-08-13T04:54:16.470,1,1
3065,bc2c14bd2bf7551f5633c01663847239,88.0,3,1786571657467,2026-08-13T04:54:17.467,1,1
3066,bc2c14bd2bf7551f5633c01663847239,88.0,3,1786571658466,2026-08-13T04:54:18.466,1,1
3067,bc2c14bd2bf7551f5633c01663847239,89.0,3,1786571659465,2026-08-13T04:54:19.465,1,1
3068,bc2c14bd2bf7551f5633c01663847239,90.0,3,1786571660466,2026-08-13T04:54:20.466,1,1
3069,bc2c14bd2bf7551f5633c01663847239,89.0,3,1786571661466,2026-08-13T04:54:21.466,1,1
3070,bc2c14bd2bf7551f5633c01663847239,90.0,3,1786571662466,2026-08-13T04:54:22.466,1,1
3071,bc2c14bd2bf7551f5633c01663847239,89.0,3,1786571663468,2026-08-13T04:54:23.468,1,1
3072,bc2c14bd2bf7551f5633c01663847239,89.0,3,1786571664467,2026-08-13T04:54:24.467,1,1
3073,bc2c14bd2bf7551f5633c01663847239,89.0,3,1786571665466,2026-08-13T04:54:25.466,1,1
3074,bc2c14bd2bf7551f5633c01663847239,89.0,3,1786571666473,2026-08-13T04:54:26.473,1,1
3075,bc2c14bd2bf7551f5633c01663847239,89.0,3,1786571667465,2026-08-13T04:54:27.465,1,1
3076,bc2c14bd2bf7551f5633c01663847239,89.0,3,1786571668465,2026-08-13T04:54:28.465,1,1
3077,bc2c14bd2bf7551f5633c01663847239,89.0,3,1786571669465,2026-08-13T04:54:29.465,1,1
3078,bc2c14bd2bf7551f5633c01663847239,89.0,3,1786571670466,2026-08-13T04:54:30.466,1,1
3079,bc2c14bd2bf7551f5633c01663847239,88.0,3,1786571671465,2026-08-13T04:54:31.465,1,1
3080,bc2c14bd2bf7551f5633c01663847239,88.0,3,1786571672466,2026-08-13T04:54:32.466,1,1
3081,bc2c14bd2bf7551f5633c01663847239,88.0,3,1786571673465,2026-08-13T04:54:33.465,1,1
3082,bc2c14bd2bf7551f5633c01663847239,88.0,3,1786571674466,2026-08-13T04:54:34.466,1,1
3083,bc2c14bd2bf7551f5633c01663847239,88.0,3,1786571675465,2026-08-13T04:54:35.465,1,1
3084,bc2c14bd2bf7551f5633c01663847239,88.0,3,1786571676467,2026-08-13T04:54:36.467,1,1
3085,bc2c14bd2bf7551f5633c01663847239,88.0,3,1786571677473,2026-08-13T04:54:37.473,1,1
3086,bc2c14bd2bf7551f5633c01663847239,87.0,3,1786571678472,2026-08-13T04:54:38.472,1,1
3087,bc2c14bd2bf7551f5633c01663847239,87.0,3,1786571679470,2026-08-13T04:54:39.470,1,1
3088,bc2c14bd2bf7551f5633c01663847239,88.0,3,1786571680470,2026-08-13T04:54:40.470,1,1
3089,bc2c14bd2bf7551f5633c01663847239,88.0,3,1786571681466,2026-08-13T04:54:41.466,1,1
3090,bc2c14bd2bf7551f5633c01663847239,88.0,3,1786571682468,2026-08-13T04:54:42.468,1,1
3091,bc2c14bd2bf7551f5633c01663847239,88.0,3,1786571683468,2026-08-13T04:54:43.468,1,1
3092,bc2c14bd2bf7551f5633c01663847239,88.0,3,1786571684466,2026-08-13T04:54:44.466,1,1
3093,bc2c14bd2bf7551f5633c01663847239,88.0,3,1786571685466,2026-08-13T04:54:45.466,1,1
3094,bc2c14bd2bf7551f5633c01663847239,88.0,3,1786571686465,2026-08-13T04:54:46.465,1,1
3095,bc2c14bd2bf7551f5633c01663847239,88.0,3,1786571687465,2026-08-13T04:54:47.465,1,1
3096,bc2c14bd2bf7551f5633c01663847239,89.0,3,1786571688466,2026-08-13T04:54:48.466,1,1
3097,bc2c14bd2bf7551f5633c01663847239,89.0,3,1786571689467,2026-08-13T04:54:49.467,1,1
3098,bc2c14bd2bf7551f5633c01663847239,89.0,3,1786571690468,2026-08-13T04:54:50.468,1,1
3099,bc2c14bd2bf7551f5633c01663847239,89.0,3,1786571691465,2026-08-13T04:54:51.465,1,1
3100,bc2c14bd2bf7551f5633c01663847239,89.0,3,1786571692465,2026-08-13T04:54:52.465,1,1
3101,bc2c14bd2bf7551f5633c01663847239,89.0,3,1786571693465,2026-08-13T04:54:53.465,1,1
3102,bc2c14bd2bf7551f5633c01663847239,89.0,3,1786571694465,2026-08-13T04:54:54.465,1,1
3103,bc2c14bd2bf7551f5633c01663847239,89.0,3,1786571695466,2026-08-13T04:54:55.466,1,1
3104,bc2c14bd2bf7551f5633c01663847239,89.0,3,1786571696465,2026-08-13T04:54:56.465,1,1
3105,bc2c14bd2bf7551f5633c01663847239,89.0,3,1786571697465,2026-08-13T04:54:57.465,1,1
3106,bc2c14bd2bf7551f5633c01663847239,89.0,3,1786571698466,2026-08-13T04:54:58.466,1,1
3107,bc2c14bd2bf7551f5633c01663847239,89.0,3,1786571699465,2026-08-13T04:54:59.465,1,1
3108,bc2c14bd2bf7551f5633c01663847239,88.0,3,1786571700466,2026-08-13T04:55:00.466,1,1
3109,bc2c14bd2bf7551f5633c01663847239,88.0,3,1786571701473,2026-08-13T04:55:01.473,1,1
3110,bc2c14bd2bf7551f5633c01663847239,88.0,3,1786571702467,2026-08-13T04:55:02.467,1,1
3111,bc2c14bd2bf7551f5633c01663847239,89.0,3,1786571703472,2026-08-13T04:55:03.472,1,1
3112,bc2c14bd2bf7551f5633c01663847239,89.0,3,1786571704469,2026-08-13T04:55:04.469,1,1
3113,bc2c14bd2bf7551f5633c01663847239,88.0,3,1786571705468,2026-08-13T04:55:05.468,1,1
3114,bc2c14bd2bf7551f5633c01663847239,87.0,3,1786571706465,2026-08-13T04:55:06.465,1,1
3115,bc2c14bd2bf7551f5633c01663847239,88.0,3,1786571707465,2026-08-13T04:55:07.465,1,1
3116,bc2c14bd2bf7551f5633c01663847239,86.0,3,1786571708465,2026-08-13T04:55:08.465,1,1
3117,bc2c14bd2bf7551f5633c01663847239,87.0,3,1786571709465,2026-08-13T04:55:09.465,1,1
3118,bc2c14bd2bf7551f5633c01663847239,89.0,3,1786571710466,2026-08-13T04:55:10.466,1,1
3119,bc2c14bd2bf7551f5633c01663847239,91.0,3,1786571711466,2026-08-13T04:55:11.466,1,1
3120,bc2c14bd2bf7551f5633c01663847239,92.0,3,1786571712466,2026-08-13T04:55:12.466,1,1
3121,bc2c14bd2bf7551f5633c01663847239,93.0,3,1786571713465,2026-08-13T04:55:13.465,1,1
3122,bc2c14bd2bf7551f5633c01663847239,94.0,3,1786571714465,2026-08-13T04:55:14.465,1,1
3123,bc2c14bd2bf7551f5633c01663847239,94.0,3,1786571715465,2026-08-13T04:55:15.465,1,1
3124,bc2c14bd2bf7551f5633c01663847239,93.0,3,1786571716465,2026-08-13T04:55:16.465,1,1
3125,bc2c14bd2bf7551f5633c01663847239,93.0,3,1786571717465,2026-08-13T04:55:17.465,1,1
3126,bc2c14bd2bf7551f5633c01663847239,93.0,3,1786571718465,2026-08-13T04:55:18.465,1,1
3127,bc2c14bd2bf7551f5633c01663847239,92.0,3,1786571719465,2026-08-13T04:55:19.465,1,1
3128,bc2c14bd2bf7551f5633c01663847239,92.0,3,1786571720465,2026-08-13T04:55:20.465,1,1
3129,bc2c14bd2bf7551f5633c01663847239,91.0,3,1786571721474,2026-08-13T04:55:21.474,1,1
3130,bc2c14bd2bf7551f5633c01663847239,91.0,3,1786571722473,2026-08-13T04:55:22.473,1,1
3131,bc2c14bd2bf7551f5633c01663847239,91.0,3,1786571723473,2026-08-13T04:55:23.473,1,1
3132,bc2c14bd2bf7551f5633c01663847239,90.0,3,1786571724474,2026-08-13T04:55:24.474,1,1
3133,bc2c14bd2bf7551f5633c01663847239,90.0,3,1786571725471,2026-08-13T04:55:25.471,1,1
3134,bc2c14bd2bf7551f5633c01663847239,89.0,3,1786571726468,2026-08-13T04:55:26.468,1,1
3135,bc2c14bd2bf7551f5633c01663847239,88.0,3,1786571727465,2026-08-13T04:55:27.465,1,1
3136,bc2c14bd2bf7551f5633c01663847239,87.0,3,1786571728468,2026-08-13T04:55:28.468,1,1
3137,bc2c14bd2bf7551f5633c01663847239,86.0,3,1786571729465,2026-08-13T04:55:29.465,1,1
3138,bc2c14bd2bf7551f5633c01663847239,85.0,3,1786571730465,2026-08-13T04:55:30.465,1,1
3139,bc2c14bd2bf7551f5633c01663847239,85.0,3,1786571731465,2026-08-13T04:55:31.465,1,1
3140,bc2c14bd2bf7551f5633c01663847239,84.0,3,1786571732466,2026-08-13T04:55:32.466,1,1
3141,bc2c14bd2bf7551f5633c01663847239,84.0,3,1786571733466,2026-08-13T04:55:33.466,1,1
3142,bc2c14bd2bf7551f5633c01663847239,84.0,3,1786571734467,2026-08-13T04:55:34.467,1,1
3143,bc2c14bd2bf7551f5633c01663847239,84.0,3,1786571735467,2026-08-13T04:55:35.467,1,1
3144,bc2c14bd2bf7551f5633c01663847239,84.0,3,1786571736471,2026-08-13T04:55:36.471,1,1
3145,bc2c14bd2bf7551f5633c01663847239,84.0,3,1786571737465,2026-08-13T04:55:37.465,1,1
3146,bc2c14bd2bf7551f5633c01663847239,84.0,3,1786571738466,2026-08-13T04:55:38.466,1,1
3147,bc2c14bd2bf7551f5633c01663847239,84.0,3,1786571739466,2026-08-13T04:55:39.466,1,1
3148,bc2c14bd2bf7551f5633c01663847239,84.0,3,1786571740465,2026-08-13T04:55:40.465,1,1
3149,bc2c14bd2bf7551f5633c01663847239,85.0,3,1786571741473,2026-08-13T04:55:41.473,1,1
3150,bc2c14bd2bf7551f5633c01663847239,85.0,3,1786571742465,2026-08-13T04:55:42.465,1,1
3151,bc2c14bd2bf7551f5633c01663847239,85.0,3,1786571743465,2026-08-13T04:55:43.465,1,1
3152,bc2c14bd2bf7551f5633c01663847239,85.0,3,1786571744483,2026-08-13T04:55:44.483,1,1
3153,bc2c14bd2bf7551f5633c01663847239,86.0,3,1786571745484,2026-08-13T04:55:45.484,1,1
3154,bc2c14bd2bf7551f5633c01663847239,85.0,3,1786571746479,2026-08-13T04:55:46.479,1,1
3155,bc2c14bd2bf7551f5633c01663847239,86.0,3,1786571747477,2026-08-13T04:55:47.477,1,1
3156,bc2c14bd2bf7551f5633c01663847239,86.0,3,1786571748469,2026-08-13T04:55:48.469,1,0
3157,bc2c14bd2bf7551f5633c01663847239,86.0,3,1786571749466,2026-08-13T04:55:49.466,1,1
3158,bc2c14bd2bf7551f5633c01663847239,85.0,3,1786571750465,2026-08-13T04:55:50.465,1,1
3159,bc2c14bd2bf7551f5633c01663847239,85.0,3,1786571751480,2026-08-13T04:55:51.480,1,1
3160,bc2c14bd2bf7551f5633c01663847239,85.0,3,1786571752466,2026-08-13T04:55:52.466,1,1
3161,bc2c14bd2bf7551f5633c01663847239,85.0,3,1786571753465,2026-08-13T04:55:53.465,1,1
3162,bc2c14bd2bf7551f5633c01663847239,84.0,3,1786571754465,2026-08-13T04:55:54.465,1,1
3163,bc2c14bd2bf7551f5633c01663847239,84.0,3,1786571755465,2026-08-13T04:55:55.465,1,1
3164,bc2c14bd2bf7551f5633c01663847239,84.0,3,1786571756465,2026-08-13T04:55:56.465,1,1
3165,bc2c14bd2bf7551f5633c01663847239,84.0,3,1786571757465,2026-08-13T04:55:57.465,1,1
3166,bc2c14bd2bf7551f5633c01663847239,85.0,3,1786571758466,2026-08-13T04:55:58.466,1,1
3167,bc2c14bd2bf7551f5633c01663847239,86.0,3,1786571759474,2026-08-13T04:55:59.474,1,1
3168,bc2c14bd2bf7551f5633c01663847239,87.0,3,1786571760472,2026-08-13T04:56:00.472,1,1
3169,bc2c14bd2bf7551f5633c01663847239,88.0,3,1786571761470,2026-08-13T04:56:01.470,1,1
3170,bc2c14bd2bf7551f5633c01663847239,90.0,3,1786571762469,2026-08-13T04:56:02.469,1,1
3171,bc2c14bd2bf7551f5633c01663847239,90.0,3,1786571763465,2026-08-13T04:56:03.465,1,1
3172,bc2c14bd2bf7551f5633c01663847239,90.0,3,1786571764465,2026-08-13T04:56:04.465,1,1
3173,bc2c14bd2bf7551f5633c01663847239,89.0,3,1786571765466,2026-08-13T04:56:05.466,1,1
3174,bc2c14bd2bf7551f5633c01663847239,89.0,3,1786571766466,2026-08-13T04:56:06.466,1,1
3175,bc2c14bd2bf7551f5633c01663847239,88.0,3,1786571767466,2026-08-13T04:56:07.466,1,1
3176,bc2c14bd2bf7551f5633c01663847239,87.0,3,1786571768465,2026-08-13T04:56:08.465,1,1
3177,bc2c14bd2bf7551f5633c01663847239,87.0,3,1786571769465,2026-08-13T04:56:09.465,1,1
3178,bc2c14bd2bf7551f5633c01663847239,86.0,3,1786571770465,2026-08-13T04:56:10.465,1,1
3179,bc2c14bd2bf7551f5633c01663847239,85.0,3,1786571771465,2026-08-13T04:56:11.465,1,1
3180,bc2c14bd2bf7551f5633c01663847239,85.0,3,1786571772465,2026-08-13T04:56:12.465,1,1
3181,bc2c14bd2bf7551f5633c01663847239,84.0,3,1786571773465,2026-08-13T04:56:13.465,1,1
3182,bc2c14bd2bf7551f5633c01663847239,84.0,3,1786571774466,2026-08-13T04:56:14.466,1,1
3183,bc2c14bd2bf7551f5633c01663847239,84.0,3,1786571775474,2026-08-13T04:56:15.474,1,1
3184,bc2c14bd2bf7551f5633c01663847239,84.0,3,1786571776473,2026-08-13T04:56:16.473,1,1
3185,bc2c14bd2bf7551f5633c01663847239,84.0,3,1786571777469,2026-08-13T04:56:17.469,1,1
3186,bc2c14bd2bf7551f5633c01663847239,84.0,3,1786571778468,2026-08-13T04:56:18.468,1,1
3187,bc2c14bd2bf7551f5633c01663847239,83.0,3,1786571779466,2026-08-13T04:56:19.466,1,1
3188,bc2c14bd2bf7551f5633c01663847239,83.0,3,1786571780465,2026-08-13T04:56:20.465,1,1
3189,bc2c14bd2bf7551f5633c01663847239,82.0,3,1786571781465,2026-08-13T04:56:21.465,1,1
3190,bc2c14bd2bf7551f5633c01663847239,82.0,3,1786571782466,2026-08-13T04:56:22.466,1,1
3191,bc2c14bd2bf7551f5633c01663847239,81.0,3,1786571783466,2026-08-13T04:56:23.466,1,1
3192,bc2c14bd2bf7551f5633c01663847239,80.0,3,1786571784466,2026-08-13T04:56:24.466,1,1
3193,bc2c14bd2bf7551f5633c01663847239,80.0,3,1786571785466,2026-08-13T04:56:25.466,1,1
3194,bc2c14bd2bf7551f5633c01663847239,81.0,3,1786571786465,2026-08-13T04:56:26.465,1,1
3195,bc2c14bd2bf7551f5633c01663847239,81.0,3,1786571787465,2026-08-13T04:56:27.465,1,1
3196,bc2c14bd2bf7551f5633c01663847239,82.0,3,1786571788465,2026-08-13T04:56:28.465,1,1
3197,bc2c14bd2bf7551f5633c01663847239,83.0,3,1786571789465,2026-08-13T04:56:29.465,1,1
3198,bc2c14bd2bf7551f5633c01663847239,84.0,3,1786571790465,2026-08-13T04:56:30.465,1,1
3199,bc2c14bd2bf7551f5633c01663847239,85.0,3,1786571791467,2026-08-13T04:56:31.467,1,1
3200,bc2c14bd2bf7551f5633c01663847239,86.0,3,1786571792465,2026-08-13T04:56:32.465,1,1
3201,bc2c14bd2bf7551f5633c01663847239,88.0,3,1786571793465,2026-08-13T04:56:33.465,1,1
3202,bc2c14bd2bf7551f5633c01663847239,89.0,3,1786571794475,2026-08-13T04:56:34.475,1,1
3203,bc2c14bd2bf7551f5633c01663847239,89.0,3,1786571795473,2026-08-13T04:56:35.473,1,1
3204,bc2c14bd2bf7551f5633c01663847239,89.0,3,1786571796472,2026-08-13T04:56:36.472,1,1
3205,bc2c14bd2bf7551f5633c01663847239,87.0,3,1786571797470,2026-08-13T04:56:37.470,1,1
3206,bc2c14bd2bf7551f5633c01663847239,87.0,3,1786571798468,2026-08-13T04:56:38.468,1,1
3207,bc2c14bd2bf7551f5633c01663847239,86.0,3,1786571799466,2026-08-13T04:56:39.466,1,1
3208,bc2c14bd2bf7551f5633c01663847239,85.0,3,1786571800465,2026-08-13T04:56:40.465,1,1
3209,bc2c14bd2bf7551f5633c01663847239,85.0,3,1786571801466,2026-08-13T04:56:41.466,1,1
3210,bc2c14bd2bf7551f5633c01663847239,84.0,3,1786571802465,2026-08-13T04:56:42.465,1,1
3211,bc2c14bd2bf7551f5633c01663847239,84.0,3,1786571803465,2026-08-13T04:56:43.465,1,1
3212,bc2c14bd2bf7551f5633c01663847239,83.0,3,1786571804465,2026-08-13T04:56:44.465,1,1
3213,bc2c14bd2bf7551f5633c01663847239,83.0,3,1786571805466,2026-08-13T04:56:45.466,1,1
3214,bc2c14bd2bf7551f5633c01663847239,82.0,3,1786571806465,2026-08-13T04:56:46.465,1,1
3215,bc2c14bd2bf7551f5633c01663847239,82.0,3,1786571807465,2026-08-13T04:56:47.465,1,1
3216,bc2c14bd2bf7551f5633c01663847239,83.0,3,1786571808466,2026-08-13T04:56:48.466,1,1
3217,bc2c14bd2bf7551f5633c01663847239,83.0,3,1786571809467,2026-08-13T04:56:49.467,1,1
3218,bc2c14bd2bf7551f5633c01663847239,83.0,3,1786571810466,2026-08-13T04:56:50.466,1,1
3219,bc2c14bd2bf7551f5633c01663847239,83.0,3,1786571811467,2026-08-13T04:56:51.467,1,1
3220,bc2c14bd2bf7551f5633c01663847239,84.0,3,1786571812466,2026-08-13T04:56:52.466,1,1
3221,bc2c14bd2bf7551f5633c01663847239,84.0,3,1786571813465,2026-08-13T04:56:53.465,1,1
3222,bc2c14bd2bf7551f5633c01663847239,85.0,3,1786571814466,2026-08-13T04:56:54.466,1,1
3223,bc2c14bd2bf7551f5633c01663847239,85.0,3,1786571815466,2026-08-13T04:56:55.466,1,1
3224,bc2c14bd2bf7551f5633c01663847239,85.0,3,1786571816465,2026-08-13T04:56:56.465,1,1
3225,bc2c14bd2bf7551f5633c01663847239,84.0,3,1786571817465,2026-08-13T04:56:57.465,1,1
3226,bc2c14bd2bf7551f5633c01663847239,84.0,3,1786571818465,2026-08-13T04:56:58.465,1,1
3227,bc2c14bd2bf7551f5633c01663847239,83.0,3,1786571819466,2026-08-13T04:56:59.466,1,1
3228,bc2c14bd2bf7551f5633c01663847239,83.0,3,1786571820465,2026-08-13T04:57:00.465,1,1
3229,bc2c14bd2bf7551f5633c01663847239,83.0,3,1786571821466,2026-08-13T04:57:01.466,1,1
3230,bc2c14bd2bf7551f5633c01663847239,82.0,3,1786571822479,2026-08-13T04:57:02.479,1,1
3231,bc2c14bd2bf7551f5633c01663847239,82.0,3,1786571823473,2026-08-13T04:57:03.473,1,1
3232,bc2c14bd2bf7551f5633c01663847239,82.0,3,1786571824470,2026-08-13T04:57:04.470,1,1
3233,bc2c14bd2bf7551f5633c01663847239,82.0,3,1786571825468,2026-08-13T04:57:05.468,1,1
3234,bc2c14bd2bf7551f5633c01663847239,82.0,3,1786571826466,2026-08-13T04:57:06.466,1,1
3235,bc2c14bd2bf7551f5633c01663847239,82.0,3,1786571827465,2026-08-13T04:57:07.465,1,1
3236,bc2c14bd2bf7551f5633c01663847239,82.0,3,1786571828466,2026-08-13T04:57:08.466,1,1
3237,bc2c14bd2bf7551f5633c01663847239,81.0,3,1786571829467,2026-08-13T04:57:09.467,1,1
3238,bc2c14bd2bf7551f5633c01663847239,82.0,3,1786571830466,2026-08-13T04:57:10.466,1,1
3239,bc2c14bd2bf7551f5633c01663847239,82.0,3,1786571831466,2026-08-13T04:57:11.466,1,1
3240,bc2c14bd2bf7551f5633c01663847239,83.0,3,1786571832465,2026-08-13T04:57:12.465,1,1
3241,bc2c14bd2bf7551f5633c01663847239,83.0,3,1786571833465,2026-08-13T04:57:13.465,1,1
3242,bc2c14bd2bf7551f5633c01663847239,84.0,3,1786571834465,2026-08-13T04:57:14.465,1,1
3243,bc2c14bd2bf7551f5633c01663847239,84.0,3,1786571835466,2026-08-13T04:57:15.466,1,1
3244,bc2c14bd2bf7551f5633c01663847239,85.0,3,1786571836466,2026-08-13T04:57:16.466,1,1
3245,bc2c14bd2bf7551f5633c01663847239,85.0,3,1786571837466,2026-08-13T04:57:17.466,1,1
3246,bc2c14bd2bf7551f5633c01663847239,85.0,3,1786571838465,2026-08-13T04:57:18.465,1,1
3247,bc2c14bd2bf7551f5633c01663847239,85.0,3,1786571839465,2026-08-13T04:57:19.465,1,1
3248,bc2c14bd2bf7551f5633c01663847239,86.0,3,1786571840466,2026-08-13T04:57:20.466,1,1
3249,bc2c14bd2bf7551f5633c01663847239,86.0,3,1786571841468,2026-08-13T04:57:21.468,1,1
3250,bc2c14bd2bf7551f5633c01663847239,86.0,3,1786571842471,2026-08-13T04:57:22.471,1,1
3251,bc2c14bd2bf7551f5633c01663847239,86.0,3,1786571843467,2026-08-13T04:57:23.467,1,1
3252,bc2c14bd2bf7551f5633c01663847239,86.0,3,1786571844465,2026-08-13T04:57:24.465,1,1
3253,bc2c14bd2bf7551f5633c01663847239,86.0,3,1786571845466,2026-08-13T04:57:25.466,1,1
3254,bc2c14bd2bf7551f5633c01663847239,86.0,3,1786571846467,2026-08-13T04:57:26.467,1,1
3255,bc2c14bd2bf7551f5633c01663847239,85.0,3,1786571847467,2026-08-13T04:57:27.467,1,1
3256,bc2c14bd2bf7551f5633c01663847239,85.0,3,1786571848465,2026-08-13T04:57:28.465,1,1
3257,bc2c14bd2bf7551f5633c01663847239,84.0,3,1786571849465,2026-08-13T04:57:29.465,1,1
3258,bc2c14bd2bf7551f5633c01663847239,83.0,3,1786571850465,2026-08-13T04:57:30.465,1,1
3259,bc2c14bd2bf7551f5633c01663847239,83.0,3,1786571851465,2026-08-13T04:57:31.465,1,1
3260,bc2c14bd2bf7551f5633c01663847239,83.0,3,1786571852466,2026-08-13T04:57:32.466,1,1
3261,bc2c14bd2bf7551f5633c01663847239,82.0,3,1786571853466,2026-08-13T04:57:33.466,1,1
3262,bc2c14bd2bf7551f5633c01663847239,81.0,3,1786571854466,2026-08-13T04:57:34.466,1,1
3263,bc2c14bd2bf7551f5633c01663847239,81.0,3,1786571855465,2026-08-13T04:57:35.465,1,1
3264,bc2c14bd2bf7551f5633c01663847239,80.0,3,1786571856467,2026-08-13T04:57:36.467,1,1
3265,bc2c14bd2bf7551f5633c01663847239,81.0,3,1786571857466,2026-08-13T04:57:37.466,1,1
3266,bc2c14bd2bf7551f5633c01663847239,82.0,3,1786571858472,2026-08-13T04:57:38.472,1,1
3267,bc2c14bd2bf7551f5633c01663847239,82.0,3,1786571859471,2026-08-13T04:57:39.471,1,1
3268,bc2c14bd2bf7551f5633c01663847239,83.0,3,1786571860469,2026-08-13T04:57:40.469,1,1
3269,bc2c14bd2bf7551f5633c01663847239,84.0,3,1786571861466,2026-08-13T04:57:41.466,1,1
3270,bc2c14bd2bf7551f5633c01663847239,86.0,3,1786571862465,2026-08-13T04:57:42.465,1,1
3271,bc2c14bd2bf7551f5633c01663847239,87.0,3,1786571863465,2026-08-13T04:57:43.465,1,1
3272,bc2c14bd2bf7551f5633c01663847239,88.0,3,1786571864465,2026-08-13T04:57:44.465,1,1
3273,bc2c14bd2bf7551f5633c01663847239,89.0,3,1786571865467,2026-08-13T04:57:45.467,1,1
3274,bc2c14bd2bf7551f5633c01663847239,91.0,3,1786571866466,2026-08-13T04:57:46.466,1,1
3275,bc2c14bd2bf7551f5633c01663847239,92.0,3,1786571867465,2026-08-13T04:57:47.465,1,1
3276,bc2c14bd2bf7551f5633c01663847239,92.0,3,1786571868465,2026-08-13T04:57:48.465,1,1
3277,bc2c14bd2bf7551f5633c01663847239,92.0,3,1786571869465,2026-08-13T04:57:49.465,1,1
3278,bc2c14bd2bf7551f5633c01663847239,91.0,3,1786571870465,2026-08-13T04:57:50.465,1,1
3279,bc2c14bd2bf7551f5633c01663847239,91.0,3,1786571871466,2026-08-13T04:57:51.466,1,1
3280,bc2c14bd2bf7551f5633c01663847239,90.0,3,1786571872465,2026-08-13T04:57:52.465,1,1
3281,bc2c14bd2bf7551f5633c01663847239,90.0,3,1786571873465,2026-08-13T04:57:53.465,1,1
3282,bc2c14bd2bf7551f5633c01663847239,90.0,3,1786571874467,2026-08-13T04:57:54.467,1,1
3283,bc2c14bd2bf7551f5633c01663847239,89.0,3,1786571875475,2026-08-13T04:57:55.475,1,1
3284,bc2c14bd2bf7551f5633c01663847239,88.0,3,1786571876480,2026-08-13T04:57:56.480,1,1
3285,bc2c14bd2bf7551f5633c01663847239,87.0,3,1786571877470,2026-08-13T04:57:57.470,1,1
3286,bc2c14bd2bf7551f5633c01663847239,87.0,3,1786571878470,2026-08-13T04:57:58.470,1,1
3287,bc2c14bd2bf7551f5633c01663847239,86.0,3,1786571879466,2026-08-13T04:57:59.466,1,1
3288,bc2c14bd2bf7551f5633c01663847239,86.0,3,1786571880465,2026-08-13T04:58:00.465,1,1
3289,bc2c14bd2bf7551f5633c01663847239,87.0,3,1786571881466,2026-08-13T04:58:01.466,1,1
3290,bc2c14bd2bf7551f5633c01663847239,87.0,3,1786571882467,2026-08-13T04:58:02.467,1,1
3291,bc2c14bd2bf7551f5633c01663847239,86.0,3,1786571883466,2026-08-13T04:58:03.466,1,1
3292,bc2c14bd2bf7551f5633c01663847239,86.0,3,1786571884466,2026-08-13T04:58:04.466,1,1
3293,bc2c14bd2bf7551f5633c01663847239,86.0,3,1786571885465,2026-08-13T04:58:05.465,1,1
3294,bc2c14bd2bf7551f5633c01663847239,86.0,3,1786571886465,2026-08-13T04:58:06.465,1,1
3295,bc2c14bd2bf7551f5633c01663847239,86.0,3,1786571887466,2026-08-13T04:58:07.466,1,1
3296,bc2c14bd2bf7551f5633c01663847239,86.0,3,1786571888467,2026-08-13T04:58:08.467,1,1
3297,bc2c14bd2bf7551f5633c01663847239,85.0,3,1786571889473,2026-08-13T04:58:09.473,1,1
3298,bc2c14bd2bf7551f5633c01663847239,85.0,3,1786571890473,2026-08-13T04:58:10.473,1,1
3299,bc2c14bd2bf7551f5633c01663847239,85.0,3,1786571891467,2026-08-13T04:58:11.467,1,1
3300,bc2c14bd2bf7551f5633c01663847239,85.0,3,1786571892465,2026-08-13T04:58:12.465,1,1
3301,bc2c14bd2bf7551f5633c01663847239,85.0,3,1786571893466,2026-08-13T04:58:13.466,1,1
3302,bc2c14bd2bf7551f5633c01663847239,86.0,3,1786571894465,2026-08-13T04:58:14.465,1,1
3303,bc2c14bd2bf7551f5633c01663847239,86.0,3,1786571895465,2026-08-13T04:58:15.465,1,1
3304,bc2c14bd2bf7551f5633c01663847239,86.0,3,1786571896466,2026-08-13T04:58:16.466,1,1
3305,bc2c14bd2bf7551f5633c01663847239,86.0,3,1786571897465,2026-08-13T04:58:17.465,1,1
3306,bc2c14bd2bf7551f5633c01663847239,87.0,3,1786571898465,2026-08-13T04:58:18.465,1,1
3307,bc2c14bd2bf7551f5633c01663847239,88.0,3,1786571899466,2026-08-13T04:58:19.466,1,1
3308,bc2c14bd2bf7551f5633c01663847239,88.0,3,1786571900465,2026-08-13T04:58:20.465,1,1
3309,bc2c14bd2bf7551f5633c01663847239,89.0,3,1786571901465,2026-08-13T04:58:21.465,1,1
3310,bc2c14bd2bf7551f5633c01663847239,90.0,3,1786571902465,2026-08-13T04:58:22.465,1,1
3311,bc2c14bd2bf7551f5633c01663847239,90.0,3,1786571903474,2026-08-13T04:58:23.474,1,1
3312,bc2c14bd2bf7551f5633c01663847239,89.0,3,1786571904471,2026-08-13T04:58:24.471,1,1
3313,bc2c14bd2bf7551f5633c01663847239,89.0,3,1786571905469,2026-08-13T04:58:25.469,1,1
3314,bc2c14bd2bf7551f5633c01663847239,88.0,3,1786571906474,2026-08-13T04:58:26.474,1,1
3315,bc2c14bd2bf7551f5633c01663847239,88.0,3,1786571907466,2026-08-13T04:58:27.466,1,1
3316,bc2c14bd2bf7551f5633c01663847239,87.0,3,1786571908466,2026-08-13T04:58:28.466,1,1
3317,bc2c14bd2bf7551f5633c01663847239,86.0,3,1786571909466,2026-08-13T04:58:29.466,1,1
3318,bc2c14bd2bf7551f5633c01663847239,86.0,3,1786571910465,2026-08-13T04:58:30.465,1,1
3319,bc2c14bd2bf7551f5633c01663847239,86.0,3,1786571911465,2026-08-13T04:58:31.465,1,1
3320,bc2c14bd2bf7551f5633c01663847239,86.0,3,1786571912466,2026-08-13T04:58:32.466,1,1
3321,bc2c14bd2bf7551f5633c01663847239,85.0,3,1786571913465,2026-08-13T04:58:33.465,1,1
3322,bc2c14bd2bf7551f5633c01663847239,85.0,3,1786571914465,2026-08-13T04:58:34.465,1,1
3323,bc2c14bd2bf7551f5633c01663847239,85.0,3,1786571915475,2026-08-13T04:58:35.475,1,1
3324,bc2c14bd2bf7551f5633c01663847239,85.0,3,1786571916465,2026-08-13T04:58:36.465,1,1
3325,bc2c14bd2bf7551f5633c01663847239,85.0,3,1786571917467,2026-08-13T04:58:37.467,1,1
3326,bc2c14bd2bf7551f5633c01663847239,85.0,3,1786571918465,2026-08-13T04:58:38.465,1,1
3327,bc2c14bd2bf7551f5633c01663847239,84.0,3,1786571919465,2026-08-13T04:58:39.465,1,1
3328,bc2c14bd2bf7551f5633c01663847239,84.0,3,1786571920465,2026-08-13T04:58:40.465,1,1
3329,bc2c14bd2bf7551f5633c01663847239,83.0,3,1786571921467,2026-08-13T04:58:41.467,1,1
3330,bc2c14bd2bf7551f5633c01663847239,83.0,3,1786571922465,2026-08-13T04:58:42.465,1,1
3331,bc2c14bd2bf7551f5633c01663847239,82.0,3,1786571923465,2026-08-13T04:58:43.465,1,1
3332,bc2c14bd2bf7551f5633c01663847239,82.0,3,1786571924466,2026-08-13T04:58:44.466,1,1
3333,bc2c14bd2bf7551f5633c01663847239,83.0,3,1786571925465,2026-08-13T04:58:45.465,1,1
3334,bc2c14bd2bf7551f5633c01663847239,83.0,3,1786571926465,2026-08-13T04:58:46.465,1,1
3335,bc2c14bd2bf7551f5633c01663847239,84.0,3,1786571927465,2026-08-13T04:58:47.465,1,1
3336,bc2c14bd2bf7551f5633c01663847239,84.0,3,1786571928465,2026-08-13T04:58:48.465,1,1
3337,bc2c14bd2bf7551f5633c01663847239,85.0,3,1786571929474,2026-08-13T04:58:49.474,1,1
3338,bc2c14bd2bf7551f5633c01663847239,85.0,3,1786571930470,2026-08-13T04:58:50.470,1,1
3339,bc2c14bd2bf7551f5633c01663847239,85.0,3,1786571931470,2026-08-13T04:58:51.470,1,1
3340,bc2c14bd2bf7551f5633c01663847239,85.0,3,1786571932465,2026-08-13T04:58:52.465,1,1
3341,bc2c14bd2bf7551f5633c01663847239,85.0,3,1786571933465,2026-08-13T04:58:53.465,1,1
3342,bc2c14bd2bf7551f5633c01663847239,85.0,3,1786571934466,2026-08-13T04:58:54.466,1,1
3343,bc2c14bd2bf7551f5633c01663847239,84.0,3,1786571935465,2026-08-13T04:58:55.465,1,1
3344,bc2c14bd2bf7551f5633c01663847239,84.0,3,1786571936465,2026-08-13T04:58:56.465,1,1
3345,bc2c14bd2bf7551f5633c01663847239,84.0,3,1786571937465,2026-08-13T04:58:57.465,1,1
3346,bc2c14bd2bf7551f5633c01663847239,84.0,3,1786571938466,2026-08-13T04:58:58.466,1,1
3347,bc2c14bd2bf7551f5633c01663847239,84.0,3,1786571939465,2026-08-13T04:58:59.465,1,1
3348,bc2c14bd2bf7551f5633c01663847239,83.0,3,1786571940465,2026-08-13T04:59:00.465,1,1
3349,bc2c14bd2bf7551f5633c01663847239,83.0,3,1786571941465,2026-08-13T04:59:01.465,1,1
3350,bc2c14bd2bf7551f5633c01663847239,82.0,3,1786571942465,2026-08-13T04:59:02.465,1,1
3351,bc2c14bd2bf7551f5633c01663847239,82.0,3,1786571943470,2026-08-13T04:59:03.470,1,1
3352,bc2c14bd2bf7551f5633c01663847239,82.0,3,1786571944474,2026-08-13T04:59:04.474,1,1
3353,bc2c14bd2bf7551f5633c01663847239,83.0,3,1786571945472,2026-08-13T04:59:05.472,1,1
3354,bc2c14bd2bf7551f5633c01663847239,83.0,3,1786571946473,2026-08-13T04:59:06.473,1,1
3355,bc2c14bd2bf7551f5633c01663847239,84.0,3,1786571947471,2026-08-13T04:59:07.471,1,1
3356,bc2c14bd2bf7551f5633c01663847239,84.0,3,1786571948465,2026-08-13T04:59:08.465,1,1
3357,bc2c14bd2bf7551f5633c01663847239,84.0,3,1786571949467,2026-08-13T04:59:09.467,1,1
3358,bc2c14bd2bf7551f5633c01663847239,83.0,3,1786571950466,2026-08-13T04:59:10.466,1,1
3359,bc2c14bd2bf7551f5633c01663847239,83.0,3,1786571951466,2026-08-13T04:59:11.466,1,1
3360,bc2c14bd2bf7551f5633c01663847239,83.0,3,1786571952465,2026-08-13T04:59:12.465,1,1
3361,bc2c14bd2bf7551f5633c01663847239,84.0,3,1786571953466,2026-08-13T04:59:13.466,1,1
3362,bc2c14bd2bf7551f5633c01663847239,84.0,3,1786571954470,2026-08-13T04:59:14.470,1,1
3363,bc2c14bd2bf7551f5633c01663847239,84.0,3,1786571955468,2026-08-13T04:59:15.468,1,1
3364,bc2c14bd2bf7551f5633c01663847239,84.0,3,1786571956468,2026-08-13T04:59:16.468,1,1
3365,bc2c14bd2bf7551f5633c01663847239,85.0,3,1786571957467,2026-08-13T04:59:17.467,1,1
3366,bc2c14bd2bf7551f5633c01663847239,85.0,3,1786571958465,2026-08-13T04:59:18.465,1,1
3367,bc2c14bd2bf7551f5633c01663847239,85.0,3,1786571959465,2026-08-13T04:59:19.465,1,1
3368,bc2c14bd2bf7551f5633c01663847239,85.0,3,1786571960465,2026-08-13T04:59:20.465,1,1
3369,bc2c14bd2bf7551f5633c01663847239,85.0,3,1786571961480,2026-08-13T04:59:21.480,1,1
3370,bc2c14bd2bf7551f5633c01663847239,84.0,3,1786571962465,2026-08-13T04:59:22.465,1,1
3371,bc2c14bd2bf7551f5633c01663847239,84.0,3,1786571963465,2026-08-13T04:59:23.465,1,1
3372,bc2c14bd2bf7551f5633c01663847239,84.0,3,1786571964465,2026-08-13T04:59:24.465,1,1
3373,bc2c14bd2bf7551f5633c01663847239,84.0,3,1786571965465,2026-08-13T04:59:25.465,1,1
3374,bc2c14bd2bf7551f5633c01663847239,84.0,3,1786571966465,2026-08-13T04:59:26.465,1,1
3375,bc2c14bd2bf7551f5633c01663847239,84.0,3,1786571967465,2026-08-13T04:59:27.465,1,1
3376,bc2c14bd2bf7551f5633c01663847239,85.0,3,1786571968466,2026-08-13T04:59:28.466,1,1
3377,bc2c14bd2bf7551f5633c01663847239,85.0,3,1786571969465,2026-08-13T04:59:29.465,1,0
3378,bc2c14bd2bf7551f5633c01663847239,86.0,3,1786571970465,2026-08-13T04:59:30.465,1,1
3379,bc2c14bd2bf7551f5633c01663847239,86.0,3,1786571971465,2026-08-13T04:59:31.465,1,1
3380,bc2c14bd2bf7551f5633c01663847239,86.0,3,1786571972466,2026-08-13T04:59:32.466,1,1
3381,bc2c14bd2bf7551f5633c01663847239,86.0,3,1786571973479,2026-08-13T04:59:33.479,1,1
3382,bc2c14bd2bf7551f5633c01663847239,85.0,3,1786571974466,2026-08-13T04:59:34.466,1,1
3383,bc2c14bd2bf7551f5633c01663847239,84.0,3,1786571975473,2026-08-13T04:59:35.473,1,1
3384,bc2c14bd2bf7551f5633c01663847239,85.0,3,1786571976469,2026-08-13T04:59:36.469,1,1
3385,bc2c14bd2bf7551f5633c01663847239,84.0,3,1786571977469,2026-08-13T04:59:37.469,1,1
3386,bc2c14bd2bf7551f5633c01663847239,84.0,3,1786571978467,2026-08-13T04:59:38.467,1,1
3387,bc2c14bd2bf7551f5633c01663847239,84.0,3,1786571979468,2026-08-13T04:59:39.468,1,1
3388,bc2c14bd2bf7551f5633c01663847239,84.0,3,1786571980467,2026-08-13T04:59:40.467,1,1
3389,bc2c14bd2bf7551f5633c01663847239,83.0,3,1786571981465,2026-08-13T04:59:41.465,1,1
3390,bc2c14bd2bf7551f5633c01663847239,82.0,3,1786571982465,2026-08-13T04:59:42.465,1,1
3391,bc2c14bd2bf7551f5633c01663847239,82.0,3,1786571983465,2026-08-13T04:59:43.465,1,1
3392,bc2c14bd2bf7551f5633c01663847239,81.0,3,1786571984466,2026-08-13T04:59:44.466,1,1
3393,bc2c14bd2bf7551f5633c01663847239,81.0,3,1786571985466,2026-08-13T04:59:45.466,1,1
3394,bc2c14bd2bf7551f5633c01663847239,81.0,3,1786571986467,2026-08-13T04:59:46.467,1,1
3395,bc2c14bd2bf7551f5633c01663847239,82.0,3,1786571987467,2026-08-13T04:59:47.467,1,1
3396,bc2c14bd2bf7551f5633c01663847239,82.0,3,1786571988467,2026-08-13T04:59:48.467,1,1
3397,bc2c14bd2bf7551f5633c01663847239,82.0,3,1786571989468,2026-08-13T04:59:49.468,1,1
3398,bc2c14bd2bf7551f5633c01663847239,83.0,3,1786571990468,2026-08-13T04:59:50.468,1,1
3399,bc2c14bd2bf7551f5633c01663847239,82.0,3,1786571991467,2026-08-13T04:59:51.467,1,1
3400,bc2c14bd2bf7551f5633c01663847239,82.0,3,1786571992466,2026-08-13T04:59:52.466,1,1
3401,bc2c14bd2bf7551f5633c01663847239,82.0,3,1786571993466,2026-08-13T04:59:53.466,1,1
3402,bc2c14bd2bf7551f5633c01663847239,82.0,3,1786571994465,2026-08-13T04:59:54.465,1,1
3403,bc2c14bd2bf7551f5633c01663847239,82.0,3,1786571995465,2026-08-13T04:59:55.465,1,1
3404,bc2c14bd2bf7551f5633c01663847239,82.0,3,1786571996465,2026-08-13T04:59:56.465,1,1
3405,bc2c14bd2bf7551f5633c01663847239,82.0,3,1786571997465,2026-08-13T04:59:57.465,1,1
3406,bc2c14bd2bf7551f5633c01663847239,82.0,3,1786571998466,2026-08-13T04:59:58.466,1,1
3407,bc2c14bd2bf7551f5633c01663847239,82.0,3,1786571999465,2026-08-13T04:59:59.465,1,1
3408,bc2c14bd2bf7551f5633c01663847239,83.0,3,1786572000465,2026-08-13T05:00:00.465,1,1
3409,bc2c14bd2bf7551f5633c01663847239,82.0,3,1786572001465,2026-08-13T05:00:01.465,1,1
3410,bc2c14bd2bf7551f5633c01663847239,82.0,3,1786572002466,2026-08-13T05:00:02.466,1,1
3411,bc2c14bd2bf7551f5633c01663847239,82.0,3,1786572003465,2026-08-13T05:00:03.465,1,1
3412,bc2c14bd2bf7551f5633c01663847239,82.0,3,1786572004465,2026-08-13T05:00:04.465,1,1
3413,bc2c14bd2bf7551f5633c01663847239,82.0,3,1786572005465,2026-08-13T05:00:05.465,1,1
3414,bc2c14bd2bf7551f5633c01663847239,82.0,3,1786572006465,2026-08-13T05:00:06.465,1,1
3415,bc2c14bd2bf7551f5633c01663847239,82.0,3,1786572007466,2026-08-13T05:00:07.466,1,1
3416,bc2c14bd2bf7551f5633c01663847239,82.0,3,1786572008476,2026-08-13T05:00:08.476,1,1
3417,bc2c14bd2bf7551f5633c01663847239,83.0,3,1786572009484,2026-08-13T05:00:09.484,1,1
3418,bc2c14bd2bf7551f5633c01663847239,84.0,3,1786572010465,2026-08-13T05:00:10.465,1,1
3419,bc2c14bd2bf7551f5633c01663847239,85.0,3,1786572011473,2026-08-13T05:00:11.473,1,1
3420,bc2c14bd2bf7551f5633c01663847239,86.0,3,1786572012471,2026-08-13T05:00:12.471,1,1
3421,bc2c14bd2bf7551f5633c01663847239,86.0,3,1786572013471,2026-08-13T05:00:13.471,1,1
3422,bc2c14bd2bf7551f5633c01663847239,86.0,3,1786572014469,2026-08-13T05:00:14.469,1,1
3423,bc2c14bd2bf7551f5633c01663847239,86.0,3,1786572015467,2026-08-13T05:00:15.467,1,1
3424,bc2c14bd2bf7551f5633c01663847239,85.0,3,1786572016466,2026-08-13T05:00:16.466,1,1
3425,bc2c14bd2bf7551f5633c01663847239,85.0,3,1786572017465,2026-08-13T05:00:17.465,1,1
3426,bc2c14bd2bf7551f5633c01663847239,85.0,3,1786572018465,2026-08-13T05:00:18.465,1,1
3427,bc2c14bd2bf7551f5633c01663847239,85.0,3,1786572019465,2026-08-13T05:00:19.465,1,1
3428,bc2c14bd2bf7551f5633c01663847239,85.0,3,1786572020465,2026-08-13T05:00:20.465,1,1
3429,bc2c14bd2bf7551f5633c01663847239,85.0,3,1786572021465,2026-08-13T05:00:21.465,1,1
3430,bc2c14bd2bf7551f5633c01663847239,86.0,3,1786572022466,2026-08-13T05:00:22.466,1,1
3431,bc2c14bd2bf7551f5633c01663847239,85.0,3,1786572023467,2026-08-13T05:00:23.467,1,1
3432,bc2c14bd2bf7551f5633c01663847239,85.0,3,1786572024466,2026-08-13T05:00:24.466,1,1
3433,bc2c14bd2bf7551f5633c01663847239,85.0,3,1786572025466,2026-08-13T05:00:25.466,1,1
3434,bc2c14bd2bf7551f5633c01663847239,85.0,3,1786572026465,2026-08-13T05:00:26.465,1,1
3435,bc2c14bd2bf7551f5633c01663847239,85.0,3,1786572027465,2026-08-13T05:00:27.465,1,1
3436,bc2c14bd2bf7551f5633c01663847239,85.0,3,1786572028465,2026-08-13T05:00:28.465,1,1
3437,bc2c14bd2bf7551f5633c01663847239,85.0,3,1786572029466,2026-08-13T05:00:29.466,1,1
3438,bc2c14bd2bf7551f5633c01663847239,85.0,3,1786572030466,2026-08-13T05:00:30.466,1,1
3439,bc2c14bd2bf7551f5633c01663847239,85.0,3,1786572031465,2026-08-13T05:00:31.465,1,1
3440,bc2c14bd2bf7551f5633c01663847239,86.0,3,1786572032465,2026-08-13T05:00:32.465,1,1
3441,bc2c14bd2bf7551f5633c01663847239,87.0,3,1786572033465,2026-08-13T05:00:33.465,1,1
3442,bc2c14bd2bf7551f5633c01663847239,88.0,3,1786572034465,2026-08-13T05:00:34.465,1,1
3443,bc2c14bd2bf7551f5633c01663847239,89.0,3,1786572035467,2026-08-13T05:00:35.467,1,1
3444,bc2c14bd2bf7551f5633c01663847239,90.0,3,1786572036475,2026-08-13T05:00:36.475,1,1
3445,bc2c14bd2bf7551f5633c01663847239,92.0,3,1786572037474,2026-08-13T05:00:37.474,1,1
3446,bc2c14bd2bf7551f5633c01663847239,93.0,3,1786572038473,2026-08-13T05:00:38.473,1,1
3447,bc2c14bd2bf7551f5633c01663847239,94.0,3,1786572039471,2026-08-13T05:00:39.471,1,1
3448,bc2c14bd2bf7551f5633c01663847239,94.0,3,1786572040468,2026-08-13T05:00:40.468,1,1
3449,bc2c14bd2bf7551f5633c01663847239,94.0,3,1786572041468,2026-08-13T05:00:41.468,1,1
3450,bc2c14bd2bf7551f5633c01663847239,93.0,3,1786572042468,2026-08-13T05:00:42.468,1,1
3451,bc2c14bd2bf7551f5633c01663847239,93.0,3,1786572043466,2026-08-13T05:00:43.466,1,1
3452,bc2c14bd2bf7551f5633c01663847239,92.0,3,1786572044466,2026-08-13T05:00:44.466,1,1
3453,bc2c14bd2bf7551f5633c01663847239,92.0,3,1786572045466,2026-08-13T05:00:45.466,1,1
3454,bc2c14bd2bf7551f5633c01663847239,92.0,3,1786572046465,2026-08-13T05:00:46.465,1,1
3455,bc2c14bd2bf7551f5633c01663847239,92.0,3,1786572047465,2026-08-13T05:00:47.465,1,1
3456,bc2c14bd2bf7551f5633c01663847239,91.0,3,1786572048471,2026-08-13T05:00:48.471,1,1
3457,bc2c14bd2bf7551f5633c01663847239,90.0,3,1786572049466,2026-08-13T05:00:49.466,1,1
3458,bc2c14bd2bf7551f5633c01663847239,90.0,3,1786572050467,2026-08-13T05:00:50.467,1,1
3459,bc2c14bd2bf7551f5633c01663847239,89.0,3,1786572051467,2026-08-13T05:00:51.467,1,1
3460,bc2c14bd2bf7551f5633c01663847239,88.0,3,1786572052475,2026-08-13T05:00:52.475,1,1
3461,bc2c14bd2bf7551f5633c01663847239,87.0,3,1786572053466,2026-08-13T05:00:53.466,1,1
3462,bc2c14bd2bf7551f5633c01663847239,87.0,3,1786572054465,2026-08-13T05:00:54.465,1,1
3463,bc2c14bd2bf7551f5633c01663847239,87.0,3,1786572055465,2026-08-13T05:00:55.465,1,1
3464,bc2c14bd2bf7551f5633c01663847239,86.0,3,1786572056466,2026-08-13T05:00:56.466,1,1
3465,bc2c14bd2bf7551f5633c01663847239,86.0,3,1786572057465,2026-08-13T05:00:57.465,1,1
3466,bc2c14bd2bf7551f5633c01663847239,86.0,3,1786572058466,2026-08-13T05:00:58.466,1,1
3467,bc2c14bd2bf7551f5633c01663847239,86.0,3,1786572059465,2026-08-13T05:00:59.465,1,1
3468,bc2c14bd2bf7551f5633c01663847239,87.0,3,1786572060465,2026-08-13T05:01:00.465,1,1
3469,bc2c14bd2bf7551f5633c01663847239,88.0,3,1786572061465,2026-08-13T05:01:01.465,1,1
3470,bc2c14bd2bf7551f5633c01663847239,89.0,3,1786572062466,2026-08-13T05:01:02.466,1,1
3471,bc2c14bd2bf7551f5633c01663847239,88.0,3,1786572063467,2026-08-13T05:01:03.467,1,1
3472,bc2c14bd2bf7551f5633c01663847239,87.0,3,1786572064465,2026-08-13T05:01:04.465,1,1
3473,bc2c14bd2bf7551f5633c01663847239,86.0,3,1786572065465,2026-08-13T05:01:05.465,1,1
3474,bc2c14bd2bf7551f5633c01663847239,85.0,3,1786572066465,2026-08-13T05:01:06.465,1,1
3475,bc2c14bd2bf7551f5633c01663847239,84.0,3,1786572067466,2026-08-13T05:01:07.466,1,1
3476,bc2c14bd2bf7551f5633c01663847239,83.0,3,1786572068473,2026-08-13T05:01:08.473,1,1
3477,bc2c14bd2bf7551f5633c01663847239,83.0,3,1786572069470,2026-08-13T05:01:09.470,1,1
3478,bc2c14bd2bf7551f5633c01663847239,82.0,3,1786572070472,2026-08-13T05:01:10.472,1,1
3479,bc2c14bd2bf7551f5633c01663847239,82.0,3,1786572071470,2026-08-13T05:01:11.470,1,1
3480,bc2c14bd2bf7551f5633c01663847239,81.0,3,1786572072469,2026-08-13T05:01:12.469,1,1
3481,bc2c14bd2bf7551f5633c01663847239,82.0,3,1786572073466,2026-08-13T05:01:13.466,1,1
3482,bc2c14bd2bf7551f5633c01663847239,82.0,3,1786572074467,2026-08-13T05:01:14.467,1,1
3483,bc2c14bd2bf7551f5633c01663847239,83.0,3,1786572075474,2026-08-13T05:01:15.474,1,1
3484,bc2c14bd2bf7551f5633c01663847239,84.0,3,1786572076465,2026-08-13T05:01:16.465,1,1
3485,bc2c14bd2bf7551f5633c01663847239,85.0,3,1786572077465,2026-08-13T05:01:17.465,1,1
3486,bc2c14bd2bf7551f5633c01663847239,85.0,3,1786572078465,2026-08-13T05:01:18.465,1,1
3487,bc2c14bd2bf7551f5633c01663847239,85.0,3,1786572079466,2026-08-13T05:01:19.466,1,1
3488,bc2c14bd2bf7551f5633c01663847239,84.0,3,1786572080466,2026-08-13T05:01:20.466,1,1
3489,bc2c14bd2bf7551f5633c01663847239,84.0,3,1786572081465,2026-08-13T05:01:21.465,1,1
3490,bc2c14bd2bf7551f5633c01663847239,84.0,3,1786572082466,2026-08-13T05:01:22.466,1,1
3491,bc2c14bd2bf7551f5633c01663847239,84.0,3,1786572083467,2026-08-13T05:01:23.467,1,1
3492,bc2c14bd2bf7551f5633c01663847239,84.0,3,1786572084466,2026-08-13T05:01:24.466,1,1
3493,bc2c14bd2bf7551f5633c01663847239,84.0,3,1786572085466,2026-08-13T05:01:25.466,1,1
3494,bc2c14bd2bf7551f5633c01663847239,84.0,3,1786572086466,2026-08-13T05:01:26.466,1,1
3495,bc2c14bd2bf7551f5633c01663847239,83.0,3,1786572087465,2026-08-13T05:01:27.465,1,1
3496,bc2c14bd2bf7551f5633c01663847239,84.0,3,1786572088465,2026-08-13T05:01:28.465,1,1
3497,bc2c14bd2bf7551f5633c01663847239,84.0,3,1786572089465,2026-08-13T05:01:29.465,1,1
3498,bc2c14bd2bf7551f5633c01663847239,84.0,3,1786572090466,2026-08-13T05:01:30.466,1,1
3499,bc2c14bd2bf7551f5633c01663847239,83.0,3,1786572091465,2026-08-13T05:01:31.465,1,1
3500,bc2c14bd2bf7551f5633c01663847239,83.0,3,1786572092465,2026-08-13T05:01:32.465,1,1
3501,bc2c14bd2bf7551f5633c01663847239,83.0,3,1786572093465,2026-08-13T05:01:33.465,1,1
3502,bc2c14bd2bf7551f5633c01663847239,83.0,3,1786572094465,2026-08-13T05:01:34.465,1,1
3503,bc2c14bd2bf7551f5633c01663847239,84.0,3,1786572095466,2026-08-13T05:01:35.466,1,1
3504,bc2c14bd2bf7551f5633c01663847239,84.0,3,1786572096474,2026-08-13T05:01:36.474,1,1
3505,bc2c14bd2bf7551f5633c01663847239,85.0,3,1786572097475,2026-08-13T05:01:37.475,1,1
3506,bc2c14bd2bf7551f5633c01663847239,85.0,3,1786572098472,2026-08-13T05:01:38.472,1,1
3507,bc2c14bd2bf7551f5633c01663847239,86.0,3,1786572099473,2026-08-13T05:01:39.473,1,1
3508,bc2c14bd2bf7551f5633c01663847239,86.0,3,1786572100469,2026-08-13T05:01:40.469,1,1
3509,bc2c14bd2bf7551f5633c01663847239,86.0,3,1786572101468,2026-08-13T05:01:41.468,1,1
3510,bc2c14bd2bf7551f5633c01663847239,86.0,3,1786572102468,2026-08-13T05:01:42.468,1,1
3511,bc2c14bd2bf7551f5633c01663847239,86.0,3,1786572103469,2026-08-13T05:01:43.469,1,1
3512,bc2c14bd2bf7551f5633c01663847239,85.0,3,1786572104466,2026-08-13T05:01:44.466,1,1
3513,bc2c14bd2bf7551f5633c01663847239,85.0,3,1786572105465,2026-08-13T05:01:45.465,1,1
3514,bc2c14bd2bf7551f5633c01663847239,85.0,3,1786572106466,2026-08-13T05:01:46.466,1,1
3515,bc2c14bd2bf7551f5633c01663847239,85.0,3,1786572107465,2026-08-13T05:01:47.465,1,1
3516,bc2c14bd2bf7551f5633c01663847239,85.0,3,1786572108466,2026-08-13T05:01:48.466,1,1
3517,bc2c14bd2bf7551f5633c01663847239,85.0,3,1786572109467,2026-08-13T05:01:49.467,1,1
3518,bc2c14bd2bf7551f5633c01663847239,85.0,3,1786572110468,2026-08-13T05:01:50.468,1,1
3519,bc2c14bd2bf7551f5633c01663847239,85.0,3,1786572111468,2026-08-13T05:01:51.468,1,1
3520,bc2c14bd2bf7551f5633c01663847239,84.0,3,1786572112466,2026-08-13T05:01:52.466,1,1
3521,bc2c14bd2bf7551f5633c01663847239,84.0,3,1786572113465,2026-08-13T05:01:53.465,1,1
3522,bc2c14bd2bf7551f5633c01663847239,84.0,3,1786572114466,2026-08-13T05:01:54.466,1,1
3523,bc2c14bd2bf7551f5633c01663847239,84.0,3,1786572115466,2026-08-13T05:01:55.466,1,1
3524,bc2c14bd2bf7551f5633c01663847239,84.0,3,1786572116465,2026-08-13T05:01:56.465,1,1
3525,bc2c14bd2bf7551f5633c01663847239,84.0,3,1786572117466,2026-08-13T05:01:57.466,1,1
3526,bc2c14bd2bf7551f5633c01663847239,84.0,3,1786572118466,2026-08-13T05:01:58.466,1,1
3527,bc2c14bd2bf7551f5633c01663847239,85.0,3,1786572119465,2026-08-13T05:01:59.465,1,1
3528,bc2c14bd2bf7551f5633c01663847239,85.0,3,1786572120465,2026-08-13T05:02:00.465,1,1
3529,bc2c14bd2bf7551f5633c01663847239,86.0,3,1786572121465,2026-08-13T05:02:01.465,1,1
3530,bc2c14bd2bf7551f5633c01663847239,86.0,3,1786572122474,2026-08-13T05:02:02.474,1,1
3531,bc2c14bd2bf7551f5633c01663847239,86.0,3,1786572123467,2026-08-13T05:02:03.467,1,1
3532,bc2c14bd2bf7551f5633c01663847239,86.0,3,1786572124471,2026-08-13T05:02:04.471,1,1
3533,bc2c14bd2bf7551f5633c01663847239,85.0,3,1786572125469,2026-08-13T05:02:05.469,1,1
3534,bc2c14bd2bf7551f5633c01663847239,85.0,3,1786572126465,2026-08-13T05:02:06.465,1,1
3535,bc2c14bd2bf7551f5633c01663847239,85.0,3,1786572127466,2026-08-13T05:02:07.466,1,1
3536,bc2c14bd2bf7551f5633c01663847239,85.0,3,1786572128466,2026-08-13T05:02:08.466,1,1
3537,bc2c14bd2bf7551f5633c01663847239,84.0,3,1786572129465,2026-08-13T05:02:09.465,1,1
3538,bc2c14bd2bf7551f5633c01663847239,84.0,3,1786572130465,2026-08-13T05:02:10.465,1,1
3539,bc2c14bd2bf7551f5633c01663847239,84.0,3,1786572131465,2026-08-13T05:02:11.465,1,1
3540,bc2c14bd2bf7551f5633c01663847239,83.0,3,1786572132466,2026-08-13T05:02:12.466,1,1
3541,bc2c14bd2bf7551f5633c01663847239,83.0,3,1786572133468,2026-08-13T05:02:13.468,1,1
3542,bc2c14bd2bf7551f5633c01663847239,83.0,3,1786572134468,2026-08-13T05:02:14.468,1,1
3543,bc2c14bd2bf7551f5633c01663847239,82.0,3,1786572135466,2026-08-13T05:02:15.466,1,1
3544,bc2c14bd2bf7551f5633c01663847239,82.0,3,1786572136466,2026-08-13T05:02:16.466,1,1
3545,bc2c14bd2bf7551f5633c01663847239,82.0,3,1786572137465,2026-08-13T05:02:17.465,1,1
3546,bc2c14bd2bf7551f5633c01663847239,82.0,3,1786572138466,2026-08-13T05:02:18.466,1,1
3547,bc2c14bd2bf7551f5633c01663847239,82.0,3,1786572139465,2026-08-13T05:02:19.465,1,1
3548,bc2c14bd2bf7551f5633c01663847239,83.0,3,1786572140465,2026-08-13T05:02:20.465,1,1
3549,bc2c14bd2bf7551f5633c01663847239,83.0,3,1786572141465,2026-08-13T05:02:21.465,1,1
3550,bc2c14bd2bf7551f5633c01663847239,83.0,3,1786572142465,2026-08-13T05:02:22.465,1,1
3551,bc2c14bd2bf7551f5633c01663847239,83.0,3,1786572143465,2026-08-13T05:02:23.465,1,1
3552,bc2c14bd2bf7551f5633c01663847239,83.0,3,1786572144465,2026-08-13T05:02:24.465,1,1
3553,bc2c14bd2bf7551f5633c01663847239,83.0,3,1786572145465,2026-08-13T05:02:25.465,1,1
3554,bc2c14bd2bf7551f5633c01663847239,83.0,3,1786572146474,2026-08-13T05:02:26.474,1,1
3555,bc2c14bd2bf7551f5633c01663847239,83.0,3,1786572147472,2026-08-13T05:02:27.472,1,1
3556,bc2c14bd2bf7551f5633c01663847239,84.0,3,1786572148472,2026-08-13T05:02:28.472,1,1
3557,bc2c14bd2bf7551f5633c01663847239,84.0,3,1786572149470,2026-08-13T05:02:29.470,1,1
3558,bc2c14bd2bf7551f5633c01663847239,84.0,3,1786572150469,2026-08-13T05:02:30.469,1,1
3559,bc2c14bd2bf7551f5633c01663847239,84.0,3,1786572151468,2026-08-13T05:02:31.468,1,1
3560,bc2c14bd2bf7551f5633c01663847239,85.0,3,1786572152475,2026-08-13T05:02:32.475,1,1
3561,bc2c14bd2bf7551f5633c01663847239,85.0,3,1786572153465,2026-08-13T05:02:33.465,1,1
3562,bc2c14bd2bf7551f5633c01663847239,86.0,3,1786572154466,2026-08-13T05:02:34.466,1,1
3563,bc2c14bd2bf7551f5633c01663847239,86.0,3,1786572155466,2026-08-13T05:02:35.466,1,1
3564,bc2c14bd2bf7551f5633c01663847239,86.0,3,1786572156467,2026-08-13T05:02:36.467,1,1
3565,bc2c14bd2bf7551f5633c01663847239,86.0,3,1786572157466,2026-08-13T05:02:37.466,1,1
3566,bc2c14bd2bf7551f5633c01663847239,85.0,3,1786572158466,2026-08-13T05:02:38.466,1,1
3567,bc2c14bd2bf7551f5633c01663847239,86.0,3,1786572159466,2026-08-13T05:02:39.466,1,1
3568,bc2c14bd2bf7551f5633c01663847239,86.0,3,1786572160465,2026-08-13T05:02:40.465,1,1
3569,bc2c14bd2bf7551f5633c01663847239,86.0,3,1786572161465,2026-08-13T05:02:41.465,1,1
3570,bc2c14bd2bf7551f5633c01663847239,86.0,3,1786572162465,2026-08-13T05:02:42.465,1,1
3571,bc2c14bd2bf7551f5633c01663847239,86.0,3,1786572163466,2026-08-13T05:02:43.466,1,1
3572,bc2c14bd2bf7551f5633c01663847239,85.0,3,1786572164466,2026-08-13T05:02:44.466,1,1
3573,bc2c14bd2bf7551f5633c01663847239,85.0,3,1786572165465,2026-08-13T05:02:45.465,1,1
3574,bc2c14bd2bf7551f5633c01663847239,85.0,3,1786572166465,2026-08-13T05:02:46.465,1,1
3575,bc2c14bd2bf7551f5633c01663847239,85.0,3,1786572167465,2026-08-13T05:02:47.465,1,1
3576,bc2c14bd2bf7551f5633c01663847239,85.0,3,1786572168466,2026-08-13T05:02:48.466,1,1
3577,bc2c14bd2bf7551f5633c01663847239,85.0,3,1786572169474,2026-08-13T05:02:49.474,1,1
3578,bc2c14bd2bf7551f5633c01663847239,85.0,3,1786572170465,2026-08-13T05:02:50.465,1,1
3579,bc2c14bd2bf7551f5633c01663847239,85.0,3,1786572171465,2026-08-13T05:02:51.465,1,1
3580,bc2c14bd2bf7551f5633c01663847239,85.0,3,1786572172466,2026-08-13T05:02:52.466,1,1
3581,bc2c14bd2bf7551f5633c01663847239,85.0,3,1786572173477,2026-08-13T05:02:53.477,1,1
3582,bc2c14bd2bf7551f5633c01663847239,85.0,3,1786572174466,2026-08-13T05:02:54.466,1,1
3583,bc2c14bd2bf7551f5633c01663847239,86.0,3,1786572175473,2026-08-13T05:02:55.473,1,1
3584,bc2c14bd2bf7551f5633c01663847239,87.0,3,1786572176470,2026-08-13T05:02:56.470,1,1
3585,bc2c14bd2bf7551f5633c01663847239,88.0,3,1786572177476,2026-08-13T05:02:57.476,1,1
3586,bc2c14bd2bf7551f5633c01663847239,89.0,3,1786572178473,2026-08-13T05:02:58.473,1,1
3587,bc2c14bd2bf7551f5633c01663847239,89.0,3,1786572179472,2026-08-13T05:02:59.472,1,1
3588,bc2c14bd2bf7551f5633c01663847239,90.0,3,1786572180465,2026-08-13T05:03:00.465,1,1
3589,bc2c14bd2bf7551f5633c01663847239,90.0,3,1786572181466,2026-08-13T05:03:01.466,1,1
3590,bc2c14bd2bf7551f5633c01663847239,90.0,3,1786572182467,2026-08-13T05:03:02.467,1,1
3591,bc2c14bd2bf7551f5633c01663847239,89.0,3,1786572183474,2026-08-13T05:03:03.474,1,1
3592,bc2c14bd2bf7551f5633c01663847239,89.0,3,1786572184466,2026-08-13T05:03:04.466,1,0
3593,bc2c14bd2bf7551f5633c01663847239,89.0,3,1786572185465,2026-08-13T05:03:05.465,1,1
3594,bc2c14bd2bf7551f5633c01663847239,88.0,3,1786572186465,2026-08-13T05:03:06.465,1,1
3595,bc2c14bd2bf7551f5633c01663847239,88.0,3,1786572187465,2026-08-13T05:03:07.465,1,1
3596,bc2c14bd2bf7551f5633c01663847239,87.0,3,1786572188465,2026-08-13T05:03:08.465,1,1
3597,bc2c14bd2bf7551f5633c01663847239,87.0,3,1786572189467,2026-08-13T05:03:09.467,1,1
3598,bc2c14bd2bf7551f5633c01663847239,87.0,3,1786572190466,2026-08-13T05:03:10.466,1,1
3599,bc2c14bd2bf7551f5633c01663847239,88.0,3,1786572191465,2026-08-13T05:03:11.465,1,1
3600,bc2c14bd2bf7551f5633c01663847239,88.0,3,1786572192465,2026-08-13T05:03:12.465,1,1
3601,bc2c14bd2bf7551f5633c01663847239,88.0,3,1786572193465,2026-08-13T05:03:13.465,1,1
3602,bc2c14bd2bf7551f5633c01663847239,88.0,3,1786572194467,2026-08-13T05:03:14.467,1,1
3603,bc2c14bd2bf7551f5633c01663847239,88.0,3,1786572195474,2026-08-13T05:03:15.474,1,1
3604,bc2c14bd2bf7551f5633c01663847239,88.0,3,1786572196474,2026-08-13T05:03:16.474,1,1
3605,bc2c14bd2bf7551f5633c01663847239,89.0,3,1786572197472,2026-08-13T05:03:17.472,1,1
3606,bc2c14bd2bf7551f5633c01663847239,88.0,3,1786572198471,2026-08-13T05:03:18.471,1,1
3607,bc2c14bd2bf7551f5633c01663847239,88.0,3,1786572199465,2026-08-13T05:03:19.465,1,1
3608,bc2c14bd2bf7551f5633c01663847239,88.0,3,1786572200469,2026-08-13T05:03:20.469,1,1
3609,bc2c14bd2bf7551f5633c01663847239,88.0,3,1786572201471,2026-08-13T05:03:21.471,1,1
3610,bc2c14bd2bf7551f5633c01663847239,87.0,3,1786572202466,2026-08-13T05:03:22.466,1,1
3611,bc2c14bd2bf7551f5633c01663847239,88.0,3,1786572203468,2026-08-13T05:03:23.468,1,1
3612,bc2c14bd2bf7551f5633c01663847239,88.0,3,1786572204467,2026-08-13T05:03:24.467,1,1
3613,bc2c14bd2bf7551f5633c01663847239,89.0,3,1786572205465,2026-08-13T05:03:25.465,1,1
3614,bc2c14bd2bf7551f5633c01663847239,90.0,3,1786572206468,2026-08-13T05:03:26.468,1,1
3615,bc2c14bd2bf7551f5633c01663847239,91.0,3,1786572207468,2026-08-13T05:03:27.468,1,1
3616,bc2c14bd2bf7551f5633c01663847239,92.0,3,1786572208467,2026-08-13T05:03:28.467,1,1
3617,bc2c14bd2bf7551f5633c01663847239,92.0,3,1786572209465,2026-08-13T05:03:29.465,1,1
3618,bc2c14bd2bf7551f5633c01663847239,91.0,3,1786572210468,2026-08-13T05:03:30.468,1,1
3619,bc2c14bd2bf7551f5633c01663847239,93.0,3,1786572211468,2026-08-13T05:03:31.468,1,1
3620,bc2c14bd2bf7551f5633c01663847239,95.0,3,1786572212468,2026-08-13T05:03:32.468,1,1
3621,bc2c14bd2bf7551f5633c01663847239,95.0,3,1786572213468,2026-08-13T05:03:33.468,1,1
3622,bc2c14bd2bf7551f5633c01663847239,96.0,3,1786572214465,2026-08-13T05:03:34.465,1,1
3623,bc2c14bd2bf7551f5633c01663847239,97.0,3,1786572215465,2026-08-13T05:03:35.465,1,1
3624,bc2c14bd2bf7551f5633c01663847239,98.0,3,1786572216467,2026-08-13T05:03:36.467,1,1
3625,bc2c14bd2bf7551f5633c01663847239,99.0,3,1786572217466,2026-08-13T05:03:37.466,1,1
3626,bc2c14bd2bf7551f5633c01663847239,98.0,3,1786572218465,2026-08-13T05:03:38.465,1,1
3627,bc2c14bd2bf7551f5633c01663847239,98.0,3,1786572219465,2026-08-13T05:03:39.465,1,1
3628,bc2c14bd2bf7551f5633c01663847239,97.0,3,1786572220465,2026-08-13T05:03:40.465,1,1
3629,bc2c14bd2bf7551f5633c01663847239,97.0,3,1786572221465,2026-08-13T05:03:41.465,1,1
3630,bc2c14bd2bf7551f5633c01663847239,98.0,3,1786572222465,2026-08-13T05:03:42.465,1,1
3631,bc2c14bd2bf7551f5633c01663847239,98.0,3,1786572223465,2026-08-13T05:03:43.465,1,1
3632,bc2c14bd2bf7551f5633c01663847239,98.0,3,1786572224465,2026-08-13T05:03:44.465,1,1
3633,bc2c14bd2bf7551f5633c01663847239,97.0,3,1786572225465,2026-08-13T05:03:45.465,1,1
3634,bc2c14bd2bf7551f5633c01663847239,96.0,3,1786572226466,2026-08-13T05:03:46.466,1,1
3635,bc2c14bd2bf7551f5633c01663847239,95.0,3,1786572227466,2026-08-13T05:03:47.466,1,1
3636,bc2c14bd2bf7551f5633c01663847239,93.0,3,1786572228466,2026-08-13T05:03:48.466,1,1
3637,bc2c14bd2bf7551f5633c01663847239,93.0,3,1786572229465,2026-08-13T05:03:49.465,1,1
3638,bc2c14bd2bf7551f5633c01663847239,92.0,3,1786572230465,2026-08-13T05:03:50.465,1,1
3639,bc2c14bd2bf7551f5633c01663847239,91.0,3,1786572231465,2026-08-13T05:03:51.465,1,1
3640,bc2c14bd2bf7551f5633c01663847239,90.0,3,1786572232465,2026-08-13T05:03:52.465,1,1
3641,bc2c14bd2bf7551f5633c01663847239,89.0,3,1786572233465,2026-08-13T05:03:53.465,1,1
3642,bc2c14bd2bf7551f5633c01663847239,89.0,3,1786572234465,2026-08-13T05:03:54.465,1,1
3643,bc2c14bd2bf7551f5633c01663847239,90.0,3,1786572235465,2026-08-13T05:03:55.465,1,1
3644,bc2c14bd2bf7551f5633c01663847239,91.0,3,1786572236465,2026-08-13T05:03:56.465,1,1
3645,bc2c14bd2bf7551f5633c01663847239,91.0,3,1786572237475,2026-08-13T05:03:57.475,1,1
3646,bc2c14bd2bf7551f5633c01663847239,90.0,3,1786572238473,2026-08-13T05:03:58.473,1,1
3647,bc2c14bd2bf7551f5633c01663847239,89.0,3,1786572239473,2026-08-13T05:03:59.473,1,1
3648,bc2c14bd2bf7551f5633c01663847239,89.0,3,1786572240473,2026-08-13T05:04:00.473,1,1
3649,bc2c14bd2bf7551f5633c01663847239,88.0,3,1786572241472,2026-08-13T05:04:01.472,1,1
3650,bc2c14bd2bf7551f5633c01663847239,88.0,3,1786572242473,2026-08-13T05:04:02.473,1,1
3651,bc2c14bd2bf7551f5633c01663847239,88.0,3,1786572243472,2026-08-13T05:04:03.472,1,1
3652,bc2c14bd2bf7551f5633c01663847239,88.0,3,1786572244469,2026-08-13T05:04:04.469,1,1
3653,bc2c14bd2bf7551f5633c01663847239,89.0,3,1786572245469,2026-08-13T05:04:05.469,1,1
3654,bc2c14bd2bf7551f5633c01663847239,88.0,3,1786572246467,2026-08-13T05:04:06.467,1,1
3655,bc2c14bd2bf7551f5633c01663847239,89.0,3,1786572247466,2026-08-13T05:04:07.466,1,1
3656,bc2c14bd2bf7551f5633c01663847239,91.0,3,1786572248465,2026-08-13T05:04:08.465,1,1
3657,bc2c14bd2bf7551f5633c01663847239,91.0,3,1786572249471,2026-08-13T05:04:09.471,1,1
3658,bc2c14bd2bf7551f5633c01663847239,93.0,3,1786572250465,2026-08-13T05:04:10.465,1,1
3659,bc2c14bd2bf7551f5633c01663847239,96.0,3,1786572251465,2026-08-13T05:04:11.465,1,1
3660,bc2c14bd2bf7551f5633c01663847239,96.0,3,1786572252469,2026-08-13T05:04:12.469,1,1
3661,bc2c14bd2bf7551f5633c01663847239,95.0,3,1786572253467,2026-08-13T05:04:13.467,1,1
3662,bc2c14bd2bf7551f5633c01663847239,94.0,3,1786572254466,2026-08-13T05:04:14.466,1,1
3663,bc2c14bd2bf7551f5633c01663847239,93.0,3,1786572255465,2026-08-13T05:04:15.465,1,1
3664,bc2c14bd2bf7551f5633c01663847239,93.0,3,1786572256465,2026-08-13T05:04:16.465,1,1
3665,bc2c14bd2bf7551f5633c01663847239,92.0,3,1786572257466,2026-08-13T05:04:17.466,1,1
3666,bc2c14bd2bf7551f5633c01663847239,92.0,3,1786572258466,2026-08-13T05:04:18.466,1,1
3667,bc2c14bd2bf7551f5633c01663847239,92.0,3,1786572259465,2026-08-13T05:04:19.465,1,1
3668,bc2c14bd2bf7551f5633c01663847239,92.0,3,1786572260465,2026-08-13T05:04:20.465,1,1
3669,bc2c14bd2bf7551f5633c01663847239,92.0,3,1786572261465,2026-08-13T05:04:21.465,1,1
3670,bc2c14bd2bf7551f5633c01663847239,93.0,3,1786572262465,2026-08-13T05:04:22.465,1,1
3671,bc2c14bd2bf7551f5633c01663847239,93.0,3,1786572263465,2026-08-13T05:04:23.465,1,1
3672,bc2c14bd2bf7551f5633c01663847239,94.0,3,1786572264465,2026-08-13T05:04:24.465,1,1
3673,bc2c14bd2bf7551f5633c01663847239,94.0,3,1786572265467,2026-08-13T05:04:25.467,1,1
3674,bc2c14bd2bf7551f5633c01663847239,95.0,3,1786572266465,2026-08-13T05:04:26.465,1,1
3675,bc2c14bd2bf7551f5633c01663847239,95.0,3,1786572267468,2026-08-13T05:04:27.468,1,1
3676,bc2c14bd2bf7551f5633c01663847239,95.0,3,1786572268466,2026-08-13T05:04:28.466,1,1
3677,bc2c14bd2bf7551f5633c01663847239,94.0,3,1786572269466,2026-08-13T05:04:29.466,1,1
3678,bc2c14bd2bf7551f5633c01663847239,93.0,3,1786572270466,2026-08-13T05:04:30.466,1,1
3679,bc2c14bd2bf7551f5633c01663847239,92.0,3,1786572271476,2026-08-13T05:04:31.476,1,1
3680,bc2c14bd2bf7551f5633c01663847239,91.0,3,1786572272466,2026-08-13T05:04:32.466,1,1
3681,bc2c14bd2bf7551f5633c01663847239,90.0,3,1786572273466,2026-08-13T05:04:33.466,1,1
3682,bc2c14bd2bf7551f5633c01663847239,88.0,3,1786572274469,2026-08-13T05:04:34.469,1,1
3683,bc2c14bd2bf7551f5633c01663847239,88.0,3,1786572275475,2026-08-13T05:04:35.475,1,1
3684,bc2c14bd2bf7551f5633c01663847239,89.0,3,1786572276474,2026-08-13T05:04:36.474,1,1
3685,bc2c14bd2bf7551f5633c01663847239,90.0,3,1786572277475,2026-08-13T05:04:37.475,1,1
3686,bc2c14bd2bf7551f5633c01663847239,90.0,3,1786572278469,2026-08-13T05:04:38.469,1,1
3687,bc2c14bd2bf7551f5633c01663847239,91.0,3,1786572279473,2026-08-13T05:04:39.473,1,1
3688,bc2c14bd2bf7551f5633c01663847239,92.0,3,1786572280471,2026-08-13T05:04:40.471,1,1
3689,bc2c14bd2bf7551f5633c01663847239,92.0,3,1786572281469,2026-08-13T05:04:41.469,1,1
3690,bc2c14bd2bf7551f5633c01663847239,91.0,3,1786572282467,2026-08-13T05:04:42.467,1,1
3691,bc2c14bd2bf7551f5633c01663847239,91.0,3,1786572283467,2026-08-13T05:04:43.467,1,1
3692,bc2c14bd2bf7551f5633c01663847239,89.0,3,1786572284465,2026-08-13T05:04:44.465,1,1
3693,bc2c14bd2bf7551f5633c01663847239,88.0,3,1786572285465,2026-08-13T05:04:45.465,1,1
3694,bc2c14bd2bf7551f5633c01663847239,87.0,3,1786572286465,2026-08-13T05:04:46.465,1,1
3695,bc2c14bd2bf7551f5633c01663847239,89.0,3,1786572287465,2026-08-13T05:04:47.465,1,1
3696,bc2c14bd2bf7551f5633c01663847239,90.0,3,1786572288466,2026-08-13T05:04:48.466,1,1
3697,bc2c14bd2bf7551f5633c01663847239,91.0,3,1786572289465,2026-08-13T05:04:49.465,1,1
3698,bc2c14bd2bf7551f5633c01663847239,91.0,3,1786572290467,2026-08-13T05:04:50.467,1,1
3699,bc2c14bd2bf7551f5633c01663847239,90.0,3,1786572291465,2026-08-13T05:04:51.465,1,1
3700,bc2c14bd2bf7551f5633c01663847239,89.0,3,1786572292465,2026-08-13T05:04:52.465,1,1
3701,bc2c14bd2bf7551f5633c01663847239,89.0,3,1786572293466,2026-08-13T05:04:53.466,1,1
3702,bc2c14bd2bf7551f5633c01663847239,89.0,3,1786572294465,2026-08-13T05:04:54.465,1,1
3703,bc2c14bd2bf7551f5633c01663847239,88.0,3,1786572295465,2026-08-13T05:04:55.465,1,1
3704,bc2c14bd2bf7551f5633c01663847239,87.0,3,1786572296466,2026-08-13T05:04:56.466,1,1
3705,bc2c14bd2bf7551f5633c01663847239,85.0,3,1786572297466,2026-08-13T05:04:57.466,1,1
3706,bc2c14bd2bf7551f5633c01663847239,84.0,3,1786572298466,2026-08-13T05:04:58.466,1,1
3707,bc2c14bd2bf7551f5633c01663847239,82.0,3,1786572299465,2026-08-13T05:04:59.465,1,1
3708,bc2c14bd2bf7551f5633c01663847239,82.0,3,1786572300465,2026-08-13T05:05:00.465,1,1
3709,bc2c14bd2bf7551f5633c01663847239,83.0,3,1786572301465,2026-08-13T05:05:01.465,1,1
3710,bc2c14bd2bf7551f5633c01663847239,84.0,3,1786572302465,2026-08-13T05:05:02.465,1,1
3711,bc2c14bd2bf7551f5633c01663847239,84.0,3,1786572303474,2026-08-13T05:05:03.474,1,1
3712,bc2c14bd2bf7551f5633c01663847239,85.0,3,1786572304473,2026-08-13T05:05:04.473,1,1
3713,bc2c14bd2bf7551f5633c01663847239,86.0,3,1786572305470,2026-08-13T05:05:05.470,1,1
3714,bc2c14bd2bf7551f5633c01663847239,87.0,3,1786572306481,2026-08-13T05:05:06.481,1,1
3715,bc2c14bd2bf7551f5633c01663847239,87.0,3,1786572307469,2026-08-13T05:05:07.469,1,1
3716,bc2c14bd2bf7551f5633c01663847239,88.0,3,1786572308466,2026-08-13T05:05:08.466,1,1
3717,bc2c14bd2bf7551f5633c01663847239,89.0,3,1786572309465,2026-08-13T05:05:09.465,1,1
3718,bc2c14bd2bf7551f5633c01663847239,90.0,3,1786572310465,2026-08-13T05:05:10.465,1,1
3719,bc2c14bd2bf7551f5633c01663847239,91.0,3,1786572311465,2026-08-13T05:05:11.465,1,1
3720,bc2c14bd2bf7551f5633c01663847239,92.0,3,1786572312465,2026-08-13T05:05:12.465,1,1
3721,bc2c14bd2bf7551f5633c01663847239,92.0,3,1786572313465,2026-08-13T05:05:13.465,1,1
3722,bc2c14bd2bf7551f5633c01663847239,91.0,3,1786572314466,2026-08-13T05:05:14.466,1,1
3723,bc2c14bd2bf7551f5633c01663847239,90.0,3,1786572315466,2026-08-13T05:05:15.466,1,1
3724,bc2c14bd2bf7551f5633c01663847239,89.0,3,1786572316465,2026-08-13T05:05:16.465,1,1
3725,bc2c14bd2bf7551f5633c01663847239,88.0,3,1786572317468,2026-08-13T05:05:17.468,1,1
3726,bc2c14bd2bf7551f5633c01663847239,87.0,3,1786572318466,2026-08-13T05:05:18.466,1,1
3727,bc2c14bd2bf7551f5633c01663847239,87.0,3,1786572319465,2026-08-13T05:05:19.465,1,1
3728,bc2c14bd2bf7551f5633c01663847239,87.0,3,1786572320465,2026-08-13T05:05:20.465,1,1
3729,bc2c14bd2bf7551f5633c01663847239,89.0,3,1786572321466,2026-08-13T05:05:21.466,1,1
3730,bc2c14bd2bf7551f5633c01663847239,90.0,3,1786572322465,2026-08-13T05:05:22.465,1,1
3731,bc2c14bd2bf7551f5633c01663847239,90.0,3,1786572323467,2026-08-13T05:05:23.467,1,1
3732,bc2c14bd2bf7551f5633c01663847239,90.0,3,1786572324465,2026-08-13T05:05:24.465,1,1
3733,bc2c14bd2bf7551f5633c01663847239,89.0,3,1786572325465,2026-08-13T05:05:25.465,1,1
3734,bc2c14bd2bf7551f5633c01663847239,89.0,3,1786572326474,2026-08-13T05:05:26.474,1,1
3735,bc2c14bd2bf7551f5633c01663847239,88.0,3,1786572327470,2026-08-13T05:05:27.470,1,1
3736,bc2c14bd2bf7551f5633c01663847239,87.0,3,1786572328468,2026-08-13T05:05:28.468,1,1
3737,bc2c14bd2bf7551f5633c01663847239,87.0,3,1786572329467,2026-08-13T05:05:29.467,1,1
3738,bc2c14bd2bf7551f5633c01663847239,86.0,3,1786572330465,2026-08-13T05:05:30.465,1,1
3739,bc2c14bd2bf7551f5633c01663847239,86.0,3,1786572331465,2026-08-13T05:05:31.465,1,1
3740,bc2c14bd2bf7551f5633c01663847239,85.0,3,1786572332468,2026-08-13T05:05:32.468,1,1
3741,bc2c14bd2bf7551f5633c01663847239,85.0,3,1786572333473,2026-08-13T05:05:33.473,1,1
3742,bc2c14bd2bf7551f5633c01663847239,85.0,3,1786572334466,2026-08-13T05:05:34.466,1,1
3743,bc2c14bd2bf7551f5633c01663847239,86.0,3,1786572335465,2026-08-13T05:05:35.465,1,1
3744,bc2c14bd2bf7551f5633c01663847239,86.0,3,1786572336465,2026-08-13T05:05:36.465,1,1
3745,bc2c14bd2bf7551f5633c01663847239,86.0,3,1786572337465,2026-08-13T05:05:37.465,1,1
3746,bc2c14bd2bf7551f5633c01663847239,86.0,3,1786572338465,2026-08-13T05:05:38.465,1,1
3747,bc2c14bd2bf7551f5633c01663847239,86.0,3,1786572339465,2026-08-13T05:05:39.465,1,1
3748,bc2c14bd2bf7551f5633c01663847239,86.0,3,1786572340465,2026-08-13T05:05:40.465,1,1
3749,bc2c14bd2bf7551f5633c01663847239,86.0,3,1786572341465,2026-08-13T05:05:41.465,1,1
3750,bc2c14bd2bf7551f5633c01663847239,87.0,3,1786572342465,2026-08-13T05:05:42.465,1,1
3751,bc2c14bd2bf7551f5633c01663847239,88.0,3,1786572343465,2026-08-13T05:05:43.465,1,1
3752,bc2c14bd2bf7551f5633c01663847239,89.0,3,1786572344465,2026-08-13T05:05:44.465,1,1
3753,bc2c14bd2bf7551f5633c01663847239,90.0,3,1786572345466,2026-08-13T05:05:45.466,1,1
3754,bc2c14bd2bf7551f5633c01663847239,91.0,3,1786572346477,2026-08-13T05:05:46.477,1,1
3755,bc2c14bd2bf7551f5633c01663847239,92.0,3,1786572347474,2026-08-13T05:05:47.474,1,1
3756,bc2c14bd2bf7551f5633c01663847239,93.0,3,1786572348473,2026-08-13T05:05:48.473,1,1
3757,bc2c14bd2bf7551f5633c01663847239,94.0,3,1786572349472,2026-08-13T05:05:49.472,1,1
3758,bc2c14bd2bf7551f5633c01663847239,94.0,3,1786572350470,2026-08-13T05:05:50.470,1,1
3759,bc2c14bd2bf7551f5633c01663847239,95.0,3,1786572351468,2026-08-13T05:05:51.468,1,1
3760,bc2c14bd2bf7551f5633c01663847239,94.0,3,1786572352467,2026-08-13T05:05:52.467,1,1
3761,bc2c14bd2bf7551f5633c01663847239,93.0,3,1786572353465,2026-08-13T05:05:53.465,1,1
3762,bc2c14bd2bf7551f5633c01663847239,92.0,3,1786572354465,2026-08-13T05:05:54.465,1,1
3763,bc2c14bd2bf7551f5633c01663847239,91.0,3,1786572355468,2026-08-13T05:05:55.468,1,1
3764,bc2c14bd2bf7551f5633c01663847239,91.0,3,1786572356466,2026-08-13T05:05:56.466,1,1
3765,bc2c14bd2bf7551f5633c01663847239,90.0,3,1786572357466,2026-08-13T05:05:57.466,1,1
3766,bc2c14bd2bf7551f5633c01663847239,90.0,3,1786572358465,2026-08-13T05:05:58.465,1,1
3767,bc2c14bd2bf7551f5633c01663847239,91.0,3,1786572359465,2026-08-13T05:05:59.465,1,1
3768,bc2c14bd2bf7551f5633c01663847239,91.0,3,1786572360466,2026-08-13T05:06:00.466,1,1
3769,bc2c14bd2bf7551f5633c01663847239,91.0,3,1786572361465,2026-08-13T05:06:01.465,1,1
3770,bc2c14bd2bf7551f5633c01663847239,91.0,3,1786572362465,2026-08-13T05:06:02.465,1,1
3771,bc2c14bd2bf7551f5633c01663847239,90.0,3,1786572363465,2026-08-13T05:06:03.465,1,1
3772,bc2c14bd2bf7551f5633c01663847239,90.0,3,1786572364465,2026-08-13T05:06:04.465,1,1
3773,bc2c14bd2bf7551f5633c01663847239,89.0,3,1786572365466,2026-08-13T05:06:05.466,1,1
3774,bc2c14bd2bf7551f5633c01663847239,88.0,3,1786572366474,2026-08-13T05:06:06.474,1,1
3775,bc2c14bd2bf7551f5633c01663847239,88.0,3,1786572367484,2026-08-13T05:06:07.484,1,1
3776,bc2c14bd2bf7551f5633c01663847239,88.0,3,1786572368471,2026-08-13T05:06:08.471,1,1
3777,bc2c14bd2bf7551f5633c01663847239,88.0,3,1786572369469,2026-08-13T05:06:09.469,1,1
3778,bc2c14bd2bf7551f5633c01663847239,89.0,3,1786572370469,2026-08-13T05:06:10.469,1,1
3779,bc2c14bd2bf7551f5633c01663847239,91.0,3,1786572371468,2026-08-13T05:06:11.468,1,1
3780,bc2c14bd2bf7551f5633c01663847239,92.0,3,1786572372468,2026-08-13T05:06:12.468,0,1
3781,bc2c14bd2bf7551f5633c01663847239,93.0,3,1786572373469,2026-08-13T05:06:13.469,0,1
3782,bc2c14bd2bf7551f5633c01663847239,93.0,3,1786572374465,2026-08-13T05:06:14.465,0,1
3783,bc2c14bd2bf7551f5633c01663847239,92.0,3,1786572375465,2026-08-13T05:06:15.465,0,1
