id,device_id,record_id,bpm,accuracy,time_ms,time_iso
12152,588aca26ed1bfc095abf2de16bf97b57,7572,89.0,3,1786612748832,2026-08-13T16:19:08.832
12153,588aca26ed1bfc095abf2de16bf97b57,7573,90.0,3,1786612749829,2026-08-13T16:19:09.829
12154,588aca26ed1bfc095abf2de16bf97b57,7574,90.0,3,1786612750829,2026-08-13T16:19:10.829
12155,588aca26ed1bfc095abf2de16bf97b57,7575,91.0,3,1786612751829,2026-08-13T16:19:11.829
12156,588aca26ed1bfc095abf2de16bf97b57,7576,92.0,3,1786612752830,2026-08-13T16:19:12.830
12157,588aca26ed1bfc095abf2de16bf97b57,7577,92.0,3,1786612753829,2026-08-13T16:19:13.829
12158,588aca26ed1bfc095abf2de16bf97b57,7578,93.0,3,1786612754829,2026-08-13T16:19:14.829
12159,588aca26ed1bfc095abf2de16bf97b57,7579,94.0,3,1786612755829,2026-08-13T16:19:15.829
12160,588aca26ed1bfc095abf2de16bf97b57,7580,94.0,3,1786612756829,2026-08-13T16:19:16.829
12161,588aca26ed1bfc095abf2de16bf97b57,7581,94.0,3,1786612757829,2026-08-13T16:19:17.829
12162,588aca26ed1bfc095abf2de16bf97b57,7582,93.0,3,1786612758829,2026-08-13T16:19:18.829
12163,588aca26ed1bfc095abf2de16bf97b57,7583,94.0,3,1786612759829,2026-08-13T16:19:19.829
12164,588aca26ed1bfc095abf2de16bf97b57,7584,93.0,3,1786612760829,2026-08-13T16:19:20.829
12165,588aca26ed1bfc095abf2de16bf97b57,7585,92.0,3,1786612761829,2026-08-13T16:19:21.829
12166,588aca26ed1bfc095abf2de16bf97b57,7586,91.0,3,1786612762829,2026-08-13T16:19:22.829
12167,588aca26ed1bfc095abf2de16bf97b57,7587,91.0,3,1786612763829,2026-08-13T16:19:23.829
12168,588aca26ed1bfc095abf2de16bf97b57,7588,91.0,3,1786612764829,2026-08-13T16:19:24.829
12169,588aca26ed1bfc095abf2de16bf97b57,7589,91.0,3,1786612765829,2026-08-13T16:19:25.829
12170,588aca26ed1bfc095abf2de16bf97b57,7590,91.0,3,1786612766829,2026-08-13T16:19:26.829
12171,588aca26ed1bfc095abf2de16bf97b57,7591,91.0,3,1786612767829,2026-08-13T16:19:27.829
12172,588aca26ed1bfc095abf2de16bf97b57,7592,91.0,3,1786612768830,2026-08-13T16:19:28.830
12173,588aca26ed1bfc095abf2de16bf97b57,7593,92.0,3,1786612769829,2026-08-13T16:19:29.829
12174,588aca26ed1bfc095abf2de16bf97b57,7594,92.0,3,1786612770829,2026-08-13T16:19:30.829
12175,588aca26ed1bfc095abf2de16bf97b57,7595,91.0,3,1786612771830,2026-08-13T16:19:31.830
12176,588aca26ed1bfc095abf2de16bf97b57,7596,91.0,3,1786612772829,2026-08-13T16:19:32.829
12177,588aca26ed1bfc095abf2de16bf97b57,7597,91.0,3,1786612773829,2026-08-13T16:19:33.829
12178,588aca26ed1bfc095abf2de16bf97b57,7598,90.0,3,1786612774829,2026-08-13T16:19:34.829
12179,588aca26ed1bfc095abf2de16bf97b57,7599,89.0,3,1786612775829,2026-08-13T16:19:35.829
12180,588aca26ed1bfc095abf2de16bf97b57,7600,89.0,3,1786612776829,2026-08-13T16:19:36.829
12181,588aca26ed1bfc095abf2de16bf97b57,7601,89.0,3,1786612777829,2026-08-13T16:19:37.829
12182,588aca26ed1bfc095abf2de16bf97b57,7602,90.0,3,1786612778829,2026-08-13T16:19:38.829
12183,588aca26ed1bfc095abf2de16bf97b57,7603,91.0,3,1786612779829,2026-08-13T16:19:39.829
12184,588aca26ed1bfc095abf2de16bf97b57,7604,92.0,3,1786612780830,2026-08-13T16:19:40.830
12185,588aca26ed1bfc095abf2de16bf97b57,7605,91.0,3,1786612781829,2026-08-13T16:19:41.829
12186,588aca26ed1bfc095abf2de16bf97b57,7606,90.0,3,1786612782839,2026-08-13T16:19:42.839
12187,588aca26ed1bfc095abf2de16bf97b57,7607,89.0,3,1786612783832,2026-08-13T16:19:43.832
12188,588aca26ed1bfc095abf2de16bf97b57,7608,88.0,3,1786612784831,2026-08-13T16:19:44.831
12189,588aca26ed1bfc095abf2de16bf97b57,7609,87.0,3,1786612785838,2026-08-13T16:19:45.838
12190,588aca26ed1bfc095abf2de16bf97b57,7610,87.0,3,1786612786835,2026-08-13T16:19:46.835
12191,588aca26ed1bfc095abf2de16bf97b57,7611,87.0,3,1786612787833,2026-08-13T16:19:47.833
12192,588aca26ed1bfc095abf2de16bf97b57,7612,86.0,3,1786612788829,2026-08-13T16:19:48.829
12193,588aca26ed1bfc095abf2de16bf97b57,7613,86.0,3,1786612789829,2026-08-13T16:19:49.829
12194,588aca26ed1bfc095abf2de16bf97b57,7614,86.0,3,1786612790833,2026-08-13T16:19:50.833
12195,588aca26ed1bfc095abf2de16bf97b57,7615,85.0,3,1786612791833,2026-08-13T16:19:51.833
12196,588aca26ed1bfc095abf2de16bf97b57,7616,85.0,3,1786612792832,2026-08-13T16:19:52.832
12197,588aca26ed1bfc095abf2de16bf97b57,7617,85.0,3,1786612793830,2026-08-13T16:19:53.830
12198,588aca26ed1bfc095abf2de16bf97b57,7618,84.0,3,1786612794830,2026-08-13T16:19:54.830
12199,588aca26ed1bfc095abf2de16bf97b57,7619,84.0,3,1786612795835,2026-08-13T16:19:55.835
12200,588aca26ed1bfc095abf2de16bf97b57,7620,84.0,3,1786612796834,2026-08-13T16:19:56.834
12201,588aca26ed1bfc095abf2de16bf97b57,7621,85.0,3,1786612797836,2026-08-13T16:19:57.836
12202,588aca26ed1bfc095abf2de16bf97b57,7622,85.0,3,1786612798837,2026-08-13T16:19:58.837
12203,588aca26ed1bfc095abf2de16bf97b57,7623,86.0,3,1786612799829,2026-08-13T16:19:59.829
12204,588aca26ed1bfc095abf2de16bf97b57,7624,87.0,3,1786612800836,2026-08-13T16:20:00.836
12205,588aca26ed1bfc095abf2de16bf97b57,7625,88.0,3,1786612801835,2026-08-13T16:20:01.835
12206,588aca26ed1bfc095abf2de16bf97b57,7626,87.0,3,1786612802836,2026-08-13T16:20:02.836
12207,588aca26ed1bfc095abf2de16bf97b57,7627,87.0,3,1786612803832,2026-08-13T16:20:03.832
12208,588aca26ed1bfc095abf2de16bf97b57,7628,86.0,3,1786612804834,2026-08-13T16:20:04.834
12209,588aca26ed1bfc095abf2de16bf97b57,7629,86.0,3,1786612805838,2026-08-13T16:20:05.838
12210,588aca26ed1bfc095abf2de16bf97b57,7630,87.0,3,1786612806834,2026-08-13T16:20:06.834
12211,588aca26ed1bfc095abf2de16bf97b57,7631,88.0,3,1786612807835,2026-08-13T16:20:07.835
12212,588aca26ed1bfc095abf2de16bf97b57,7632,88.0,3,1786612808834,2026-08-13T16:20:08.834
12213,588aca26ed1bfc095abf2de16bf97b57,7633,89.0,3,1786612809835,2026-08-13T16:20:09.835
12214,588aca26ed1bfc095abf2de16bf97b57,7634,90.0,3,1786612810829,2026-08-13T16:20:10.829
12215,588aca26ed1bfc095abf2de16bf97b57,7635,91.0,3,1786612811835,2026-08-13T16:20:11.835
12216,588aca26ed1bfc095abf2de16bf97b57,7636,92.0,3,1786612812831,2026-08-13T16:20:12.831
12217,588aca26ed1bfc095abf2de16bf97b57,7637,94.0,3,1786612813835,2026-08-13T16:20:13.835
12218,588aca26ed1bfc095abf2de16bf97b57,7638,95.0,3,1786612814829,2026-08-13T16:20:14.829
12219,588aca26ed1bfc095abf2de16bf97b57,7639,96.0,3,1786612815830,2026-08-13T16:20:15.830
12220,588aca26ed1bfc095abf2de16bf97b57,7640,96.0,3,1786612816896,2026-08-13T16:20:16.896
12221,588aca26ed1bfc095abf2de16bf97b57,7641,96.0,3,1786612817830,2026-08-13T16:20:17.830
12222,588aca26ed1bfc095abf2de16bf97b57,7642,95.0,3,1786612818832,2026-08-13T16:20:18.832
12223,588aca26ed1bfc095abf2de16bf97b57,7643,94.0,3,1786612819832,2026-08-13T16:20:19.832
12224,588aca26ed1bfc095abf2de16bf97b57,7644,92.0,3,1786612820831,2026-08-13T16:20:20.831
12225,588aca26ed1bfc095abf2de16bf97b57,7645,91.0,3,1786612821832,2026-08-13T16:20:21.832
12226,588aca26ed1bfc095abf2de16bf97b57,7646,92.0,3,1786612822829,2026-08-13T16:20:22.829
12227,588aca26ed1bfc095abf2de16bf97b57,7647,92.0,3,1786612823829,2026-08-13T16:20:23.829
12228,588aca26ed1bfc095abf2de16bf97b57,7648,92.0,3,1786612824831,2026-08-13T16:20:24.831
12229,588aca26ed1bfc095abf2de16bf97b57,7649,93.0,3,1786612825834,2026-08-13T16:20:25.834
12230,588aca26ed1bfc095abf2de16bf97b57,7650,93.0,3,1786612826829,2026-08-13T16:20:26.829
12231,588aca26ed1bfc095abf2de16bf97b57,7651,94.0,3,1786612827834,2026-08-13T16:20:27.834
12232,588aca26ed1bfc095abf2de16bf97b57,7652,95.0,3,1786612828829,2026-08-13T16:20:28.829
12233,588aca26ed1bfc095abf2de16bf97b57,7653,96.0,3,1786612829829,2026-08-13T16:20:29.829
12234,588aca26ed1bfc095abf2de16bf97b57,7654,96.0,3,1786612830830,2026-08-13T16:20:30.830
12235,588aca26ed1bfc095abf2de16bf97b57,7655,96.0,3,1786612831829,2026-08-13T16:20:31.829
12236,588aca26ed1bfc095abf2de16bf97b57,7656,96.0,3,1786612832830,2026-08-13T16:20:32.830
12237,588aca26ed1bfc095abf2de16bf97b57,7657,95.0,3,1786612833830,2026-08-13T16:20:33.830
12238,588aca26ed1bfc095abf2de16bf97b57,7658,95.0,3,1786612834829,2026-08-13T16:20:34.829
12239,588aca26ed1bfc095abf2de16bf97b57,7659,96.0,3,1786612835829,2026-08-13T16:20:35.829
12240,588aca26ed1bfc095abf2de16bf97b57,7660,96.0,3,1786612836829,2026-08-13T16:20:36.829
12241,588aca26ed1bfc095abf2de16bf97b57,7661,97.0,3,1786612837830,2026-08-13T16:20:37.830
12242,588aca26ed1bfc095abf2de16bf97b57,7662,98.0,3,1786612838829,2026-08-13T16:20:38.829
12243,588aca26ed1bfc095abf2de16bf97b57,7663,100.0,3,1786612839833,2026-08-13T16:20:39.833
12244,588aca26ed1bfc095abf2de16bf97b57,7664,99.0,3,1786612840830,2026-08-13T16:20:40.830
12245,588aca26ed1bfc095abf2de16bf97b57,7665,100.0,3,1786612841831,2026-08-13T16:20:41.831
12246,588aca26ed1bfc095abf2de16bf97b57,7666,102.0,3,1786612842830,2026-08-13T16:20:42.830
12247,588aca26ed1bfc095abf2de16bf97b57,7667,102.0,3,1786612843832,2026-08-13T16:20:43.832
12248,588aca26ed1bfc095abf2de16bf97b57,7668,102.0,3,1786612844831,2026-08-13T16:20:44.831
12249,588aca26ed1bfc095abf2de16bf97b57,7669,101.0,3,1786612845830,2026-08-13T16:20:45.830
12250,588aca26ed1bfc095abf2de16bf97b57,7670,101.0,3,1786612846830,2026-08-13T16:20:46.830
12251,588aca26ed1bfc095abf2de16bf97b57,7671,100.0,3,1786612847829,2026-08-13T16:20:47.829
12252,588aca26ed1bfc095abf2de16bf97b57,7672,101.0,3,1786612848834,2026-08-13T16:20:48.834
12253,588aca26ed1bfc095abf2de16bf97b57,7673,102.0,3,1786612849829,2026-08-13T16:20:49.829
12254,588aca26ed1bfc095abf2de16bf97b57,7674,104.0,3,1786612850830,2026-08-13T16:20:50.830
12255,588aca26ed1bfc095abf2de16bf97b57,7675,106.0,3,1786612851830,2026-08-13T16:20:51.830
12256,588aca26ed1bfc095abf2de16bf97b57,7676,105.0,3,1786612852831,2026-08-13T16:20:52.831
12257,588aca26ed1bfc095abf2de16bf97b57,7677,107.0,3,1786612853830,2026-08-13T16:20:53.830
12258,588aca26ed1bfc095abf2de16bf97b57,7678,107.0,3,1786612854830,2026-08-13T16:20:54.830
12259,588aca26ed1bfc095abf2de16bf97b57,7679,106.0,3,1786612855830,2026-08-13T16:20:55.830
12260,588aca26ed1bfc095abf2de16bf97b57,7680,104.0,3,1786612856829,2026-08-13T16:20:56.829
12261,588aca26ed1bfc095abf2de16bf97b57,7681,103.0,3,1786612857830,2026-08-13T16:20:57.830
12262,588aca26ed1bfc095abf2de16bf97b57,7682,102.0,3,1786612858829,2026-08-13T16:20:58.829
12263,588aca26ed1bfc095abf2de16bf97b57,7683,102.0,3,1786612859830,2026-08-13T16:20:59.830
12264,588aca26ed1bfc095abf2de16bf97b57,7684,102.0,3,1786612860830,2026-08-13T16:21:00.830
12265,588aca26ed1bfc095abf2de16bf97b57,7685,103.0,3,1786612861830,2026-08-13T16:21:01.830
12266,588aca26ed1bfc095abf2de16bf97b57,7686,104.0,3,1786612862830,2026-08-13T16:21:02.830
12267,588aca26ed1bfc095abf2de16bf97b57,7687,103.0,3,1786612863829,2026-08-13T16:21:03.829
12268,588aca26ed1bfc095abf2de16bf97b57,7688,104.0,3,1786612864830,2026-08-13T16:21:04.830
12269,588aca26ed1bfc095abf2de16bf97b57,7689,106.0,3,1786612865839,2026-08-13T16:21:05.839
12270,588aca26ed1bfc095abf2de16bf97b57,7690,108.0,3,1786612866836,2026-08-13T16:21:06.836
12271,588aca26ed1bfc095abf2de16bf97b57,7691,110.0,3,1786612867830,2026-08-13T16:21:07.830
12272,588aca26ed1bfc095abf2de16bf97b57,7692,110.0,3,1786612868830,2026-08-13T16:21:08.830
12273,588aca26ed1bfc095abf2de16bf97b57,7693,110.0,3,1786612869831,2026-08-13T16:21:09.831
12274,588aca26ed1bfc095abf2de16bf97b57,7694,110.0,3,1786612870839,2026-08-13T16:21:10.839
12275,588aca26ed1bfc095abf2de16bf97b57,7695,110.0,3,1786612871834,2026-08-13T16:21:11.834
12276,588aca26ed1bfc095abf2de16bf97b57,7696,110.0,3,1786612872835,2026-08-13T16:21:12.835
12277,588aca26ed1bfc095abf2de16bf97b57,7697,110.0,3,1786612873836,2026-08-13T16:21:13.836
12278,588aca26ed1bfc095abf2de16bf97b57,7698,109.0,3,1786612874835,2026-08-13T16:21:14.835
12279,588aca26ed1bfc095abf2de16bf97b57,7699,108.0,3,1786612875831,2026-08-13T16:21:15.831
12280,588aca26ed1bfc095abf2de16bf97b57,7700,107.0,3,1786612876832,2026-08-13T16:21:16.832
12281,588aca26ed1bfc095abf2de16bf97b57,7701,107.0,3,1786612877830,2026-08-13T16:21:17.830
12282,588aca26ed1bfc095abf2de16bf97b57,7702,107.0,3,1786612878831,2026-08-13T16:21:18.831
12283,588aca26ed1bfc095abf2de16bf97b57,7703,107.0,3,1786612879829,2026-08-13T16:21:19.829
12284,588aca26ed1bfc095abf2de16bf97b57,7704,106.0,3,1786612880829,2026-08-13T16:21:20.829
12285,588aca26ed1bfc095abf2de16bf97b57,7705,106.0,3,1786612881830,2026-08-13T16:21:21.830
12286,588aca26ed1bfc095abf2de16bf97b57,7706,105.0,3,1786612882830,2026-08-13T16:21:22.830
12287,588aca26ed1bfc095abf2de16bf97b57,7707,104.0,3,1786612883830,2026-08-13T16:21:23.830
12288,588aca26ed1bfc095abf2de16bf97b57,7708,103.0,3,1786612884832,2026-08-13T16:21:24.832
12289,588aca26ed1bfc095abf2de16bf97b57,7709,102.0,3,1786612885830,2026-08-13T16:21:25.830
12290,588aca26ed1bfc095abf2de16bf97b57,7710,101.0,3,1786612886830,2026-08-13T16:21:26.830
12291,588aca26ed1bfc095abf2de16bf97b57,7711,99.0,3,1786612887834,2026-08-13T16:21:27.834
12292,588aca26ed1bfc095abf2de16bf97b57,7712,96.0,3,1786612888830,2026-08-13T16:21:28.830
12293,588aca26ed1bfc095abf2de16bf97b57,7713,93.0,3,1786612889829,2026-08-13T16:21:29.829
12294,588aca26ed1bfc095abf2de16bf97b57,7714,91.0,3,1786612890830,2026-08-13T16:21:30.830
12295,588aca26ed1bfc095abf2de16bf97b57,7715,91.0,3,1786612891829,2026-08-13T16:21:31.829
12296,588aca26ed1bfc095abf2de16bf97b57,7716,91.0,3,1786612892829,2026-08-13T16:21:32.829
12297,588aca26ed1bfc095abf2de16bf97b57,7717,90.0,3,1786612893830,2026-08-13T16:21:33.830
12298,588aca26ed1bfc095abf2de16bf97b57,7718,89.0,3,1786612894829,2026-08-13T16:21:34.829
12299,588aca26ed1bfc095abf2de16bf97b57,7719,89.0,3,1786612895836,2026-08-13T16:21:35.836
12300,588aca26ed1bfc095abf2de16bf97b57,7720,89.0,3,1786612896837,2026-08-13T16:21:36.837
12301,588aca26ed1bfc095abf2de16bf97b57,7721,89.0,3,1786612897832,2026-08-13T16:21:37.832
12302,588aca26ed1bfc095abf2de16bf97b57,7722,88.0,3,1786612898833,2026-08-13T16:21:38.833
12303,588aca26ed1bfc095abf2de16bf97b57,7723,89.0,3,1786612899829,2026-08-13T16:21:39.829
12304,588aca26ed1bfc095abf2de16bf97b57,7724,90.0,3,1786612900830,2026-08-13T16:21:40.830
12305,588aca26ed1bfc095abf2de16bf97b57,7725,90.0,3,1786612901838,2026-08-13T16:21:41.838
12306,588aca26ed1bfc095abf2de16bf97b57,7726,90.0,3,1786612902837,2026-08-13T16:21:42.837
12307,588aca26ed1bfc095abf2de16bf97b57,7727,91.0,3,1786612903842,2026-08-13T16:21:43.842
12308,588aca26ed1bfc095abf2de16bf97b57,7728,92.0,3,1786612904840,2026-08-13T16:21:44.840
12309,588aca26ed1bfc095abf2de16bf97b57,7729,93.0,3,1786612905839,2026-08-13T16:21:45.839
12310,588aca26ed1bfc095abf2de16bf97b57,7730,94.0,3,1786612906829,2026-08-13T16:21:46.829
12311,588aca26ed1bfc095abf2de16bf97b57,7731,94.0,3,1786612907835,2026-08-13T16:21:47.835
12312,588aca26ed1bfc095abf2de16bf97b57,7732,96.0,3,1786612908830,2026-08-13T16:21:48.830
12313,588aca26ed1bfc095abf2de16bf97b57,7733,95.0,3,1786612909834,2026-08-13T16:21:49.834
12314,588aca26ed1bfc095abf2de16bf97b57,7734,95.0,3,1786612910832,2026-08-13T16:21:50.832
12315,588aca26ed1bfc095abf2de16bf97b57,7735,95.0,3,1786612911829,2026-08-13T16:21:51.829
12316,588aca26ed1bfc095abf2de16bf97b57,7736,94.0,3,1786612912833,2026-08-13T16:21:52.833
12317,588aca26ed1bfc095abf2de16bf97b57,7737,93.0,3,1786612913829,2026-08-13T16:21:53.829
12318,588aca26ed1bfc095abf2de16bf97b57,7738,94.0,3,1786612914830,2026-08-13T16:21:54.830
12319,588aca26ed1bfc095abf2de16bf97b57,7739,94.0,3,1786612915829,2026-08-13T16:21:55.829
12320,588aca26ed1bfc095abf2de16bf97b57,7740,93.0,3,1786612916834,2026-08-13T16:21:56.834
12321,588aca26ed1bfc095abf2de16bf97b57,7741,92.0,3,1786612917829,2026-08-13T16:21:57.829
12322,588aca26ed1bfc095abf2de16bf97b57,7742,91.0,3,1786612918830,2026-08-13T16:21:58.830
12323,588aca26ed1bfc095abf2de16bf97b57,7743,90.0,3,1786612919830,2026-08-13T16:21:59.830
12324,588aca26ed1bfc095abf2de16bf97b57,7744,90.0,3,1786612920830,2026-08-13T16:22:00.830
12325,588aca26ed1bfc095abf2de16bf97b57,7745,89.0,3,1786612921829,2026-08-13T16:22:01.829
12326,588aca26ed1bfc095abf2de16bf97b57,7746,89.0,3,1786612922830,2026-08-13T16:22:02.830
12327,588aca26ed1bfc095abf2de16bf97b57,7747,89.0,3,1786612923831,2026-08-13T16:22:03.831
12328,588aca26ed1bfc095abf2de16bf97b57,7748,89.0,3,1786612924829,2026-08-13T16:22:04.829
12329,588aca26ed1bfc095abf2de16bf97b57,7749,88.0,3,1786612925829,2026-08-13T16:22:05.829
12330,588aca26ed1bfc095abf2de16bf97b57,7750,88.0,3,1786612926830,2026-08-13T16:22:06.830
12331,588aca26ed1bfc095abf2de16bf97b57,7751,89.0,3,1786612927829,2026-08-13T16:22:07.829
12332,588aca26ed1bfc095abf2de16bf97b57,7752,90.0,3,1786612928830,2026-08-13T16:22:08.830
12333,588aca26ed1bfc095abf2de16bf97b57,7753,91.0,3,1786612929830,2026-08-13T16:22:09.830
12334,588aca26ed1bfc095abf2de16bf97b57,7754,91.0,3,1786612930830,2026-08-13T16:22:10.830
12335,588aca26ed1bfc095abf2de16bf97b57,7755,92.0,3,1786612931829,2026-08-13T16:22:11.829
12336,588aca26ed1bfc095abf2de16bf97b57,7756,92.0,3,1786612932829,2026-08-13T16:22:12.829
12337,588aca26ed1bfc095abf2de16bf97b57,7757,92.0,3,1786612933829,2026-08-13T16:22:13.829
12338,588aca26ed1bfc095abf2de16bf97b57,7758,93.0,3,1786612934830,2026-08-13T16:22:14.830
12339,588aca26ed1bfc095abf2de16bf97b57,7759,92.0,3,1786612935830,2026-08-13T16:22:15.830
12340,588aca26ed1bfc095abf2de16bf97b57,7760,91.0,3,1786612936830,2026-08-13T16:22:16.830
12341,588aca26ed1bfc095abf2de16bf97b57,7761,91.0,3,1786612937830,2026-08-13T16:22:17.830
12342,588aca26ed1bfc095abf2de16bf97b57,7762,91.0,3,1786612938829,2026-08-13T16:22:18.829
12343,588aca26ed1bfc095abf2de16bf97b57,7763,92.0,3,1786612939830,2026-08-13T16:22:19.830
12344,588aca26ed1bfc095abf2de16bf97b57,7764,92.0,3,1786612940830,2026-08-13T16:22:20.830
12345,588aca26ed1bfc095abf2de16bf97b57,7765,93.0,3,1786612941831,2026-08-13T16:22:21.831
12346,588aca26ed1bfc095abf2de16bf97b57,7766,92.0,3,1786612942830,2026-08-13T16:22:22.830
12347,588aca26ed1bfc095abf2de16bf97b57,7767,92.0,3,1786612943830,2026-08-13T16:22:23.830
12348,588aca26ed1bfc095abf2de16bf97b57,7768,92.0,3,1786612944830,2026-08-13T16:22:24.830
12349,588aca26ed1bfc095abf2de16bf97b57,7769,92.0,3,1786612945829,2026-08-13T16:22:25.829
12350,588aca26ed1bfc095abf2de16bf97b57,7770,91.0,3,1786612946830,2026-08-13T16:22:26.830
12351,588aca26ed1bfc095abf2de16bf97b57,7771,91.0,3,1786612947829,2026-08-13T16:22:27.829
12352,588aca26ed1bfc095abf2de16bf97b57,7772,91.0,3,1786612948829,2026-08-13T16:22:28.829
12353,588aca26ed1bfc095abf2de16bf97b57,7773,91.0,3,1786612949829,2026-08-13T16:22:29.829
12354,588aca26ed1bfc095abf2de16bf97b57,7774,91.0,3,1786612950830,2026-08-13T16:22:30.830
12355,588aca26ed1bfc095abf2de16bf97b57,7775,92.0,3,1786612951831,2026-08-13T16:22:31.831
12356,588aca26ed1bfc095abf2de16bf97b57,7776,92.0,3,1786612952832,2026-08-13T16:22:32.832
12357,588aca26ed1bfc095abf2de16bf97b57,7777,93.0,3,1786612953835,2026-08-13T16:22:33.835
12358,588aca26ed1bfc095abf2de16bf97b57,7778,95.0,3,1786612954835,2026-08-13T16:22:34.835
12359,588aca26ed1bfc095abf2de16bf97b57,7779,95.0,3,1786612955836,2026-08-13T16:22:35.836
12360,588aca26ed1bfc095abf2de16bf97b57,7780,97.0,3,1786612956836,2026-08-13T16:22:36.836
12361,588aca26ed1bfc095abf2de16bf97b57,7781,97.0,3,1786612957837,2026-08-13T16:22:37.837
12362,588aca26ed1bfc095abf2de16bf97b57,7782,97.0,3,1786612958836,2026-08-13T16:22:38.836
12363,588aca26ed1bfc095abf2de16bf97b57,7783,97.0,3,1786612959836,2026-08-13T16:22:39.836
12364,588aca26ed1bfc095abf2de16bf97b57,7784,97.0,3,1786612960830,2026-08-13T16:22:40.830
12365,588aca26ed1bfc095abf2de16bf97b57,7785,97.0,3,1786612961830,2026-08-13T16:22:41.830
12366,588aca26ed1bfc095abf2de16bf97b57,7786,97.0,3,1786612962829,2026-08-13T16:22:42.829
12367,588aca26ed1bfc095abf2de16bf97b57,7787,97.0,3,1786612963829,2026-08-13T16:22:43.829
12368,588aca26ed1bfc095abf2de16bf97b57,7788,96.0,3,1786612964829,2026-08-13T16:22:44.829
12369,588aca26ed1bfc095abf2de16bf97b57,7789,96.0,3,1786612965829,2026-08-13T16:22:45.829
12370,588aca26ed1bfc095abf2de16bf97b57,7790,96.0,3,1786612966829,2026-08-13T16:22:46.829
12371,588aca26ed1bfc095abf2de16bf97b57,7791,96.0,3,1786612967830,2026-08-13T16:22:47.830
12372,588aca26ed1bfc095abf2de16bf97b57,7792,96.0,3,1786612968829,2026-08-13T16:22:48.829
12373,588aca26ed1bfc095abf2de16bf97b57,7793,95.0,3,1786612969830,2026-08-13T16:22:49.830
12374,588aca26ed1bfc095abf2de16bf97b57,7794,95.0,3,1786612970830,2026-08-13T16:22:50.830
12375,588aca26ed1bfc095abf2de16bf97b57,7795,95.0,3,1786612971829,2026-08-13T16:22:51.829
12376,588aca26ed1bfc095abf2de16bf97b57,7796,94.0,3,1786612972829,2026-08-13T16:22:52.829
12377,588aca26ed1bfc095abf2de16bf97b57,7797,94.0,3,1786612973829,2026-08-13T16:22:53.829
12378,588aca26ed1bfc095abf2de16bf97b57,7798,94.0,3,1786612974830,2026-08-13T16:22:54.830
12379,588aca26ed1bfc095abf2de16bf97b57,7799,95.0,3,1786612975829,2026-08-13T16:22:55.829
12380,588aca26ed1bfc095abf2de16bf97b57,7800,95.0,3,1786612976832,2026-08-13T16:22:56.832
12381,588aca26ed1bfc095abf2de16bf97b57,7801,96.0,3,1786612977829,2026-08-13T16:22:57.829
12382,588aca26ed1bfc095abf2de16bf97b57,7802,96.0,3,1786612978830,2026-08-13T16:22:58.830
12383,588aca26ed1bfc095abf2de16bf97b57,7803,95.0,3,1786612979831,2026-08-13T16:22:59.831
12384,588aca26ed1bfc095abf2de16bf97b57,7804,95.0,3,1786612980829,2026-08-13T16:23:00.829
12385,588aca26ed1bfc095abf2de16bf97b57,7805,95.0,3,1786612981831,2026-08-13T16:23:01.831
12386,588aca26ed1bfc095abf2de16bf97b57,7806,95.0,3,1786612982830,2026-08-13T16:23:02.830
12387,588aca26ed1bfc095abf2de16bf97b57,7807,97.0,3,1786612983830,2026-08-13T16:23:03.830
12388,588aca26ed1bfc095abf2de16bf97b57,7808,99.0,3,1786612984830,2026-08-13T16:23:04.830
12389,588aca26ed1bfc095abf2de16bf97b57,7809,99.0,3,1786612985832,2026-08-13T16:23:05.832
12390,588aca26ed1bfc095abf2de16bf97b57,7810,99.0,3,1786612986833,2026-08-13T16:23:06.833
12391,588aca26ed1bfc095abf2de16bf97b57,7811,100.0,3,1786612987830,2026-08-13T16:23:07.830
12392,588aca26ed1bfc095abf2de16bf97b57,7812,101.0,3,1786612988829,2026-08-13T16:23:08.829
12393,588aca26ed1bfc095abf2de16bf97b57,7813,100.0,3,1786612989829,2026-08-13T16:23:09.829
12394,588aca26ed1bfc095abf2de16bf97b57,7814,100.0,3,1786612990829,2026-08-13T16:23:10.829
12395,588aca26ed1bfc095abf2de16bf97b57,7815,99.0,3,1786612991829,2026-08-13T16:23:11.829
12396,588aca26ed1bfc095abf2de16bf97b57,7816,99.0,3,1786612992829,2026-08-13T16:23:12.829
12397,588aca26ed1bfc095abf2de16bf97b57,7817,98.0,3,1786612993829,2026-08-13T16:23:13.829
12398,588aca26ed1bfc095abf2de16bf97b57,7818,97.0,3,1786612994829,2026-08-13T16:23:14.829
12399,588aca26ed1bfc095abf2de16bf97b57,7819,98.0,3,1786612995829,2026-08-13T16:23:15.829
12400,588aca26ed1bfc095abf2de16bf97b57,7820,98.0,3,1786612996830,2026-08-13T16:23:16.830
12401,588aca26ed1bfc095abf2de16bf97b57,7821,98.0,3,1786612997830,2026-08-13T16:23:17.830
12402,588aca26ed1bfc095abf2de16bf97b57,7822,97.0,3,1786612998829,2026-08-13T16:23:18.829
12403,588aca26ed1bfc095abf2de16bf97b57,7823,96.0,3,1786612999830,2026-08-13T16:23:19.830
12404,588aca26ed1bfc095abf2de16bf97b57,7824,95.0,3,1786613000829,2026-08-13T16:23:20.829
12405,588aca26ed1bfc095abf2de16bf97b57,7825,93.0,3,1786613001830,2026-08-13T16:23:21.830
12406,588aca26ed1bfc095abf2de16bf97b57,7826,91.0,3,1786613002829,2026-08-13T16:23:22.829
12407,588aca26ed1bfc095abf2de16bf97b57,7827,91.0,3,1786613003829,2026-08-13T16:23:23.829
12408,588aca26ed1bfc095abf2de16bf97b57,7828,91.0,3,1786613004830,2026-08-13T16:23:24.830
12409,588aca26ed1bfc095abf2de16bf97b57,7829,91.0,3,1786613005830,2026-08-13T16:23:25.830
12410,588aca26ed1bfc095abf2de16bf97b57,7830,91.0,3,1786613006830,2026-08-13T16:23:26.830
12411,588aca26ed1bfc095abf2de16bf97b57,7831,92.0,3,1786613007829,2026-08-13T16:23:27.829
12412,588aca26ed1bfc095abf2de16bf97b57,7832,93.0,3,1786613008829,2026-08-13T16:23:28.829
12413,588aca26ed1bfc095abf2de16bf97b57,7833,92.0,3,1786613009829,2026-08-13T16:23:29.829
12414,588aca26ed1bfc095abf2de16bf97b57,7834,92.0,3,1786613010829,2026-08-13T16:23:30.829
12415,588aca26ed1bfc095abf2de16bf97b57,7835,91.0,3,1786613011829,2026-08-13T16:23:31.829
12416,588aca26ed1bfc095abf2de16bf97b57,7836,90.0,3,1786613012829,2026-08-13T16:23:32.829
12417,588aca26ed1bfc095abf2de16bf97b57,7837,90.0,3,1786613013829,2026-08-13T16:23:33.829
12418,588aca26ed1bfc095abf2de16bf97b57,7838,91.0,3,1786613014830,2026-08-13T16:23:34.830
12419,588aca26ed1bfc095abf2de16bf97b57,7839,91.0,3,1786613015829,2026-08-13T16:23:35.829
12420,588aca26ed1bfc095abf2de16bf97b57,7840,91.0,3,1786613016830,2026-08-13T16:23:36.830
12421,588aca26ed1bfc095abf2de16bf97b57,7841,91.0,3,1786613017831,2026-08-13T16:23:37.831
12422,588aca26ed1bfc095abf2de16bf97b57,7842,91.0,3,1786613018830,2026-08-13T16:23:38.830
12423,588aca26ed1bfc095abf2de16bf97b57,7843,91.0,3,1786613019830,2026-08-13T16:23:39.830
12424,588aca26ed1bfc095abf2de16bf97b57,7844,92.0,3,1786613020830,2026-08-13T16:23:40.830
12425,588aca26ed1bfc095abf2de16bf97b57,7845,92.0,3,1786613021831,2026-08-13T16:23:41.831
12426,588aca26ed1bfc095abf2de16bf97b57,7846,92.0,3,1786613022833,2026-08-13T16:23:42.833
12427,588aca26ed1bfc095abf2de16bf97b57,7847,91.0,3,1786613023829,2026-08-13T16:23:43.829
12428,588aca26ed1bfc095abf2de16bf97b57,7848,91.0,3,1786613024830,2026-08-13T16:23:44.830
12429,588aca26ed1bfc095abf2de16bf97b57,7849,91.0,3,1786613025835,2026-08-13T16:23:45.835
12430,588aca26ed1bfc095abf2de16bf97b57,7850,90.0,3,1786613026831,2026-08-13T16:23:46.831
12431,588aca26ed1bfc095abf2de16bf97b57,7851,90.0,3,1786613027834,2026-08-13T16:23:47.834
12432,588aca26ed1bfc095abf2de16bf97b57,7852,90.0,3,1786613028829,2026-08-13T16:23:48.829
12433,588aca26ed1bfc095abf2de16bf97b57,7853,91.0,3,1786613029835,2026-08-13T16:23:49.835
12434,588aca26ed1bfc095abf2de16bf97b57,7854,92.0,3,1786613030835,2026-08-13T16:23:50.835
12435,588aca26ed1bfc095abf2de16bf97b57,7855,92.0,3,1786613031835,2026-08-13T16:23:51.835
12436,588aca26ed1bfc095abf2de16bf97b57,7856,92.0,3,1786613032831,2026-08-13T16:23:52.831
12437,588aca26ed1bfc095abf2de16bf97b57,7857,92.0,3,1786613033832,2026-08-13T16:23:53.832
12438,588aca26ed1bfc095abf2de16bf97b57,7858,92.0,3,1786613034835,2026-08-13T16:23:54.835
12439,588aca26ed1bfc095abf2de16bf97b57,7859,92.0,3,1786613035835,2026-08-13T16:23:55.835
12440,588aca26ed1bfc095abf2de16bf97b57,7860,92.0,3,1786613036829,2026-08-13T16:23:56.829
12441,588aca26ed1bfc095abf2de16bf97b57,7861,92.0,3,1786613037836,2026-08-13T16:23:57.836
12442,588aca26ed1bfc095abf2de16bf97b57,7862,93.0,3,1786613038837,2026-08-13T16:23:58.837
12443,588aca26ed1bfc095abf2de16bf97b57,7863,93.0,3,1786613039836,2026-08-13T16:23:59.836
12444,588aca26ed1bfc095abf2de16bf97b57,7864,93.0,3,1786613040835,2026-08-13T16:24:00.835
12445,588aca26ed1bfc095abf2de16bf97b57,7865,94.0,3,1786613041837,2026-08-13T16:24:01.837
12446,588aca26ed1bfc095abf2de16bf97b57,7866,94.0,3,1786613042836,2026-08-13T16:24:02.836
12447,588aca26ed1bfc095abf2de16bf97b57,7867,94.0,3,1786613043835,2026-08-13T16:24:03.835
12448,588aca26ed1bfc095abf2de16bf97b57,7868,94.0,3,1786613044834,2026-08-13T16:24:04.834
12449,588aca26ed1bfc095abf2de16bf97b57,7869,93.0,3,1786613045831,2026-08-13T16:24:05.831
12450,588aca26ed1bfc095abf2de16bf97b57,7870,94.0,3,1786613046837,2026-08-13T16:24:06.837
12451,588aca26ed1bfc095abf2de16bf97b57,7871,95.0,3,1786613047837,2026-08-13T16:24:07.837
12452,588aca26ed1bfc095abf2de16bf97b57,7872,96.0,3,1786613048834,2026-08-13T16:24:08.834
12453,588aca26ed1bfc095abf2de16bf97b57,7873,97.0,3,1786613049838,2026-08-13T16:24:09.838
12454,588aca26ed1bfc095abf2de16bf97b57,7874,97.0,3,1786613050830,2026-08-13T16:24:10.830
12455,588aca26ed1bfc095abf2de16bf97b57,7875,97.0,3,1786613051836,2026-08-13T16:24:11.836
12456,588aca26ed1bfc095abf2de16bf97b57,7876,96.0,3,1786613052835,2026-08-13T16:24:12.835
12457,588aca26ed1bfc095abf2de16bf97b57,7877,96.0,3,1786613053835,2026-08-13T16:24:13.835
12458,588aca26ed1bfc095abf2de16bf97b57,7878,95.0,3,1786613054837,2026-08-13T16:24:14.837
12459,588aca26ed1bfc095abf2de16bf97b57,7879,94.0,3,1786613055835,2026-08-13T16:24:15.835
12460,588aca26ed1bfc095abf2de16bf97b57,7880,94.0,3,1786613056837,2026-08-13T16:24:16.837
12461,588aca26ed1bfc095abf2de16bf97b57,7881,94.0,3,1786613057838,2026-08-13T16:24:17.838
12462,588aca26ed1bfc095abf2de16bf97b57,7882,94.0,3,1786613058838,2026-08-13T16:24:18.838
12463,588aca26ed1bfc095abf2de16bf97b57,7883,93.0,3,1786613059837,2026-08-13T16:24:19.837
12464,588aca26ed1bfc095abf2de16bf97b57,7884,93.0,3,1786613060831,2026-08-13T16:24:20.831
12465,588aca26ed1bfc095abf2de16bf97b57,7885,93.0,3,1786613061835,2026-08-13T16:24:21.835
12466,588aca26ed1bfc095abf2de16bf97b57,7886,93.0,3,1786613062838,2026-08-13T16:24:22.838
12467,588aca26ed1bfc095abf2de16bf97b57,7887,93.0,3,1786613063840,2026-08-13T16:24:23.840
12468,588aca26ed1bfc095abf2de16bf97b57,7888,93.0,3,1786613064830,2026-08-13T16:24:24.830
12469,588aca26ed1bfc095abf2de16bf97b57,7889,94.0,3,1786613065829,2026-08-13T16:24:25.829
12470,588aca26ed1bfc095abf2de16bf97b57,7890,94.0,3,1786613066829,2026-08-13T16:24:26.829
12471,588aca26ed1bfc095abf2de16bf97b57,7891,93.0,3,1786613067829,2026-08-13T16:24:27.829
12472,588aca26ed1bfc095abf2de16bf97b57,7892,93.0,3,1786613068829,2026-08-13T16:24:28.829
12473,588aca26ed1bfc095abf2de16bf97b57,7893,93.0,3,1786613069840,2026-08-13T16:24:29.840
12474,588aca26ed1bfc095abf2de16bf97b57,7894,94.0,3,1786613070837,2026-08-13T16:24:30.837
12475,588aca26ed1bfc095abf2de16bf97b57,7895,95.0,3,1786613071839,2026-08-13T16:24:31.839
12476,588aca26ed1bfc095abf2de16bf97b57,7896,95.0,3,1786613072838,2026-08-13T16:24:32.838
12477,588aca26ed1bfc095abf2de16bf97b57,7897,95.0,3,1786613073838,2026-08-13T16:24:33.838
12478,588aca26ed1bfc095abf2de16bf97b57,7898,95.0,3,1786613074839,2026-08-13T16:24:34.839
12479,588aca26ed1bfc095abf2de16bf97b57,7899,95.0,3,1786613075837,2026-08-13T16:24:35.837
12480,588aca26ed1bfc095abf2de16bf97b57,7900,94.0,3,1786613076837,2026-08-13T16:24:36.837
12481,588aca26ed1bfc095abf2de16bf97b57,7901,93.0,3,1786613077837,2026-08-13T16:24:37.837
12482,588aca26ed1bfc095abf2de16bf97b57,7902,92.0,3,1786613078830,2026-08-13T16:24:38.830
12483,588aca26ed1bfc095abf2de16bf97b57,7903,91.0,3,1786613079835,2026-08-13T16:24:39.835
12484,588aca26ed1bfc095abf2de16bf97b57,7904,91.0,3,1786613080836,2026-08-13T16:24:40.836
12485,588aca26ed1bfc095abf2de16bf97b57,7905,91.0,3,1786613081829,2026-08-13T16:24:41.829
12486,588aca26ed1bfc095abf2de16bf97b57,7906,90.0,3,1786613082831,2026-08-13T16:24:42.831
12487,588aca26ed1bfc095abf2de16bf97b57,7907,90.0,3,1786613083836,2026-08-13T16:24:43.836
12488,588aca26ed1bfc095abf2de16bf97b57,7908,90.0,3,1786613084833,2026-08-13T16:24:44.833
12489,588aca26ed1bfc095abf2de16bf97b57,7909,91.0,3,1786613085836,2026-08-13T16:24:45.836
12490,588aca26ed1bfc095abf2de16bf97b57,7910,91.0,3,1786613086835,2026-08-13T16:24:46.835
12491,588aca26ed1bfc095abf2de16bf97b57,7911,92.0,3,1786613087834,2026-08-13T16:24:47.834
12492,588aca26ed1bfc095abf2de16bf97b57,7912,91.0,3,1786613088835,2026-08-13T16:24:48.835
12493,588aca26ed1bfc095abf2de16bf97b57,7913,92.0,3,1786613089835,2026-08-13T16:24:49.835
12494,588aca26ed1bfc095abf2de16bf97b57,7914,93.0,3,1786613090837,2026-08-13T16:24:50.837
12495,588aca26ed1bfc095abf2de16bf97b57,7915,94.0,3,1786613091831,2026-08-13T16:24:51.831
12496,588aca26ed1bfc095abf2de16bf97b57,7916,95.0,3,1786613092838,2026-08-13T16:24:52.838
12497,588aca26ed1bfc095abf2de16bf97b57,7917,94.0,3,1786613093838,2026-08-13T16:24:53.838
12498,588aca26ed1bfc095abf2de16bf97b57,7918,93.0,3,1786613094836,2026-08-13T16:24:54.836
12499,588aca26ed1bfc095abf2de16bf97b57,7919,93.0,3,1786613095839,2026-08-13T16:24:55.839
12500,588aca26ed1bfc095abf2de16bf97b57,7920,93.0,3,1786613096841,2026-08-13T16:24:56.841
12501,588aca26ed1bfc095abf2de16bf97b57,7921,92.0,3,1786613097830,2026-08-13T16:24:57.830
12502,588aca26ed1bfc095abf2de16bf97b57,7922,92.0,3,1786613098830,2026-08-13T16:24:58.830
12503,588aca26ed1bfc095abf2de16bf97b57,7923,91.0,3,1786613099830,2026-08-13T16:24:59.830
12504,588aca26ed1bfc095abf2de16bf97b57,7924,90.0,3,1786613100830,2026-08-13T16:25:00.830
12505,588aca26ed1bfc095abf2de16bf97b57,7925,90.0,3,1786613101830,2026-08-13T16:25:01.830
12506,588aca26ed1bfc095abf2de16bf97b57,7926,91.0,3,1786613102829,2026-08-13T16:25:02.829
12507,588aca26ed1bfc095abf2de16bf97b57,7927,89.0,3,1786613103829,2026-08-13T16:25:03.829
12508,588aca26ed1bfc095abf2de16bf97b57,7928,88.0,3,1786613104829,2026-08-13T16:25:04.829
12509,588aca26ed1bfc095abf2de16bf97b57,7929,89.0,3,1786613105829,2026-08-13T16:25:05.829
12510,588aca26ed1bfc095abf2de16bf97b57,7930,90.0,3,1786613106830,2026-08-13T16:25:06.830
12511,588aca26ed1bfc095abf2de16bf97b57,7931,91.0,3,1786613107829,2026-08-13T16:25:07.829
12512,588aca26ed1bfc095abf2de16bf97b57,7932,91.0,3,1786613108829,2026-08-13T16:25:08.829
12513,588aca26ed1bfc095abf2de16bf97b57,7933,91.0,3,1786613109830,2026-08-13T16:25:09.830
12514,588aca26ed1bfc095abf2de16bf97b57,7934,91.0,3,1786613110829,2026-08-13T16:25:10.829
12515,588aca26ed1bfc095abf2de16bf97b57,7935,91.0,3,1786613111829,2026-08-13T16:25:11.829
12516,588aca26ed1bfc095abf2de16bf97b57,7936,90.0,3,1786613112830,2026-08-13T16:25:12.830
12517,588aca26ed1bfc095abf2de16bf97b57,7937,89.0,3,1786613113829,2026-08-13T16:25:13.829
12518,588aca26ed1bfc095abf2de16bf97b57,7938,88.0,3,1786613114831,2026-08-13T16:25:14.831
12519,588aca26ed1bfc095abf2de16bf97b57,7939,88.0,3,1786613115829,2026-08-13T16:25:15.829
12520,588aca26ed1bfc095abf2de16bf97b57,7940,90.0,3,1786613116829,2026-08-13T16:25:16.829
12521,588aca26ed1bfc095abf2de16bf97b57,7941,90.0,3,1786613117829,2026-08-13T16:25:17.829
12522,588aca26ed1bfc095abf2de16bf97b57,7942,91.0,3,1786613118829,2026-08-13T16:25:18.829
12523,588aca26ed1bfc095abf2de16bf97b57,7943,93.0,3,1786613119829,2026-08-13T16:25:19.829
12524,588aca26ed1bfc095abf2de16bf97b57,7944,94.0,3,1786613120829,2026-08-13T16:25:20.829
12525,588aca26ed1bfc095abf2de16bf97b57,7945,95.0,3,1786613121831,2026-08-13T16:25:21.831
12526,588aca26ed1bfc095abf2de16bf97b57,7946,95.0,3,1786613122829,2026-08-13T16:25:22.829
12527,588aca26ed1bfc095abf2de16bf97b57,7947,94.0,3,1786613123829,2026-08-13T16:25:23.829
12528,588aca26ed1bfc095abf2de16bf97b57,7948,93.0,3,1786613124829,2026-08-13T16:25:24.829
12529,588aca26ed1bfc095abf2de16bf97b57,7949,92.0,3,1786613125830,2026-08-13T16:25:25.830
12530,588aca26ed1bfc095abf2de16bf97b57,7950,92.0,3,1786613126830,2026-08-13T16:25:26.830
12531,588aca26ed1bfc095abf2de16bf97b57,7951,91.0,3,1786613127829,2026-08-13T16:25:27.829
12532,588aca26ed1bfc095abf2de16bf97b57,7952,90.0,3,1786613128833,2026-08-13T16:25:28.833
12533,588aca26ed1bfc095abf2de16bf97b57,7953,90.0,3,1786613129829,2026-08-13T16:25:29.829
12534,588aca26ed1bfc095abf2de16bf97b57,7954,89.0,3,1786613130829,2026-08-13T16:25:30.829
12535,588aca26ed1bfc095abf2de16bf97b57,7955,88.0,3,1786613131829,2026-08-13T16:25:31.829
12536,588aca26ed1bfc095abf2de16bf97b57,7956,88.0,3,1786613132831,2026-08-13T16:25:32.831
12537,588aca26ed1bfc095abf2de16bf97b57,7957,88.0,3,1786613133830,2026-08-13T16:25:33.830
12538,588aca26ed1bfc095abf2de16bf97b57,7958,87.0,3,1786613134830,2026-08-13T16:25:34.830
12539,588aca26ed1bfc095abf2de16bf97b57,7959,87.0,3,1786613135829,2026-08-13T16:25:35.829
12540,588aca26ed1bfc095abf2de16bf97b57,7960,87.0,3,1786613136830,2026-08-13T16:25:36.830
12541,588aca26ed1bfc095abf2de16bf97b57,7961,87.0,3,1786613137832,2026-08-13T16:25:37.832
12542,588aca26ed1bfc095abf2de16bf97b57,7962,87.0,3,1786613138829,2026-08-13T16:25:38.829
12543,588aca26ed1bfc095abf2de16bf97b57,7963,87.0,3,1786613139831,2026-08-13T16:25:39.831
12544,588aca26ed1bfc095abf2de16bf97b57,7964,86.0,3,1786613140829,2026-08-13T16:25:40.829
12545,588aca26ed1bfc095abf2de16bf97b57,7965,86.0,3,1786613141830,2026-08-13T16:25:41.830
12546,588aca26ed1bfc095abf2de16bf97b57,7966,86.0,3,1786613142831,2026-08-13T16:25:42.831
12547,588aca26ed1bfc095abf2de16bf97b57,7967,87.0,3,1786613143831,2026-08-13T16:25:43.831
12548,588aca26ed1bfc095abf2de16bf97b57,7968,88.0,3,1786613144830,2026-08-13T16:25:44.830
12549,588aca26ed1bfc095abf2de16bf97b57,7969,89.0,3,1786613145830,2026-08-13T16:25:45.830
12550,588aca26ed1bfc095abf2de16bf97b57,7970,90.0,3,1786613146831,2026-08-13T16:25:46.831
12551,588aca26ed1bfc095abf2de16bf97b57,7971,89.0,3,1786613147830,2026-08-13T16:25:47.830
12552,588aca26ed1bfc095abf2de16bf97b57,7972,89.0,3,1786613148829,2026-08-13T16:25:48.829
12553,588aca26ed1bfc095abf2de16bf97b57,7973,90.0,3,1786613149829,2026-08-13T16:25:49.829
12554,588aca26ed1bfc095abf2de16bf97b57,7974,91.0,3,1786613150834,2026-08-13T16:25:50.834
12555,588aca26ed1bfc095abf2de16bf97b57,7975,92.0,3,1786613151832,2026-08-13T16:25:51.832
12556,588aca26ed1bfc095abf2de16bf97b57,7976,94.0,3,1786613152832,2026-08-13T16:25:52.832
12557,588aca26ed1bfc095abf2de16bf97b57,7977,95.0,3,1786613153829,2026-08-13T16:25:53.829
12558,588aca26ed1bfc095abf2de16bf97b57,7978,96.0,3,1786613154830,2026-08-13T16:25:54.830
12559,588aca26ed1bfc095abf2de16bf97b57,7979,96.0,3,1786613155829,2026-08-13T16:25:55.829
12560,588aca26ed1bfc095abf2de16bf97b57,7980,96.0,3,1786613156830,2026-08-13T16:25:56.830
12561,588aca26ed1bfc095abf2de16bf97b57,7981,95.0,3,1786613157830,2026-08-13T16:25:57.830
12562,588aca26ed1bfc095abf2de16bf97b57,7982,93.0,3,1786613158830,2026-08-13T16:25:58.830
12563,588aca26ed1bfc095abf2de16bf97b57,7983,92.0,3,1786613159830,2026-08-13T16:25:59.830
12564,588aca26ed1bfc095abf2de16bf97b57,7984,91.0,3,1786613160830,2026-08-13T16:26:00.830
12565,588aca26ed1bfc095abf2de16bf97b57,7985,91.0,3,1786613161829,2026-08-13T16:26:01.829
12566,588aca26ed1bfc095abf2de16bf97b57,7986,90.0,3,1786613162830,2026-08-13T16:26:02.830
12567,588aca26ed1bfc095abf2de16bf97b57,7987,89.0,3,1786613163830,2026-08-13T16:26:03.830
12568,588aca26ed1bfc095abf2de16bf97b57,7988,90.0,3,1786613164830,2026-08-13T16:26:04.830
12569,588aca26ed1bfc095abf2de16bf97b57,7989,90.0,3,1786613165830,2026-08-13T16:26:05.830
12570,588aca26ed1bfc095abf2de16bf97b57,7990,89.0,3,1786613166829,2026-08-13T16:26:06.829
12571,588aca26ed1bfc095abf2de16bf97b57,7991,90.0,3,1786613167829,2026-08-13T16:26:07.829
12572,588aca26ed1bfc095abf2de16bf97b57,7992,91.0,3,1786613168829,2026-08-13T16:26:08.829
12573,588aca26ed1bfc095abf2de16bf97b57,7993,92.0,3,1786613169829,2026-08-13T16:26:09.829
12574,588aca26ed1bfc095abf2de16bf97b57,7994,93.0,3,1786613170829,2026-08-13T16:26:10.829
12575,588aca26ed1bfc095abf2de16bf97b57,7995,93.0,3,1786613171829,2026-08-13T16:26:11.829
12576,588aca26ed1bfc095abf2de16bf97b57,7996,93.0,3,1786613172830,2026-08-13T16:26:12.830
12577,588aca26ed1bfc095abf2de16bf97b57,7997,92.0,3,1786613173829,2026-08-13T16:26:13.829
12578,588aca26ed1bfc095abf2de16bf97b57,7998,91.0,3,1786613174829,2026-08-13T16:26:14.829
12579,588aca26ed1bfc095abf2de16bf97b57,7999,91.0,3,1786613175829,2026-08-13T16:26:15.829
12580,588aca26ed1bfc095abf2de16bf97b57,8000,92.0,3,1786613176829,2026-08-13T16:26:16.829
12581,588aca26ed1bfc095abf2de16bf97b57,8001,93.0,3,1786613177830,2026-08-13T16:26:17.830
12582,588aca26ed1bfc095abf2de16bf97b57,8002,94.0,3,1786613178831,2026-08-13T16:26:18.831
12583,588aca26ed1bfc095abf2de16bf97b57,8003,93.0,3,1786613179829,2026-08-13T16:26:19.829
12584,588aca26ed1bfc095abf2de16bf97b57,8004,92.0,3,1786613180830,2026-08-13T16:26:20.830
12585,588aca26ed1bfc095abf2de16bf97b57,8005,91.0,3,1786613181829,2026-08-13T16:26:21.829
12586,588aca26ed1bfc095abf2de16bf97b57,8006,90.0,3,1786613182829,2026-08-13T16:26:22.829
12587,588aca26ed1bfc095abf2de16bf97b57,8007,88.0,3,1786613183830,2026-08-13T16:26:23.830
12588,588aca26ed1bfc095abf2de16bf97b57,8008,87.0,3,1786613184830,2026-08-13T16:26:24.830
12589,588aca26ed1bfc095abf2de16bf97b57,8009,87.0,3,1786613185829,2026-08-13T16:26:25.829
12590,588aca26ed1bfc095abf2de16bf97b57,8010,87.0,3,1786613186829,2026-08-13T16:26:26.829
12591,588aca26ed1bfc095abf2de16bf97b57,8011,87.0,3,1786613187829,2026-08-13T16:26:27.829
12592,588aca26ed1bfc095abf2de16bf97b57,8012,86.0,3,1786613188830,2026-08-13T16:26:28.830
12593,588aca26ed1bfc095abf2de16bf97b57,8013,88.0,3,1786613189829,2026-08-13T16:26:29.829
12594,588aca26ed1bfc095abf2de16bf97b57,8014,89.0,3,1786613190830,2026-08-13T16:26:30.830
12595,588aca26ed1bfc095abf2de16bf97b57,8015,91.0,3,1786613191830,2026-08-13T16:26:31.830
12596,588aca26ed1bfc095abf2de16bf97b57,8016,91.0,3,1786613192829,2026-08-13T16:26:32.829
12597,588aca26ed1bfc095abf2de16bf97b57,8017,90.0,3,1786613193830,2026-08-13T16:26:33.830
12598,588aca26ed1bfc095abf2de16bf97b57,8018,89.0,3,1786613194830,2026-08-13T16:26:34.830
12599,588aca26ed1bfc095abf2de16bf97b57,8019,91.0,3,1786613195830,2026-08-13T16:26:35.830
12600,588aca26ed1bfc095abf2de16bf97b57,8020,92.0,3,1786613196829,2026-08-13T16:26:36.829
12601,588aca26ed1bfc095abf2de16bf97b57,8021,93.0,3,1786613197829,2026-08-13T16:26:37.829
12602,588aca26ed1bfc095abf2de16bf97b57,8022,93.0,3,1786613198829,2026-08-13T16:26:38.829
12603,588aca26ed1bfc095abf2de16bf97b57,8023,92.0,3,1786613199830,2026-08-13T16:26:39.830
12604,588aca26ed1bfc095abf2de16bf97b57,8024,95.0,3,1786613200829,2026-08-13T16:26:40.829
12605,588aca26ed1bfc095abf2de16bf97b57,8025,97.0,3,1786613201829,2026-08-13T16:26:41.829
12606,588aca26ed1bfc095abf2de16bf97b57,8026,99.0,3,1786613202830,2026-08-13T16:26:42.830
12607,588aca26ed1bfc095abf2de16bf97b57,8027,100.0,3,1786613203830,2026-08-13T16:26:43.830
12608,588aca26ed1bfc095abf2de16bf97b57,8028,100.0,3,1786613204829,2026-08-13T16:26:44.829
12609,588aca26ed1bfc095abf2de16bf97b57,8029,99.0,3,1786613205830,2026-08-13T16:26:45.830
12610,588aca26ed1bfc095abf2de16bf97b57,8030,99.0,3,1786613206830,2026-08-13T16:26:46.830
12611,588aca26ed1bfc095abf2de16bf97b57,8031,98.0,3,1786613207830,2026-08-13T16:26:47.830
12612,588aca26ed1bfc095abf2de16bf97b57,8032,97.0,3,1786613208829,2026-08-13T16:26:48.829
12613,588aca26ed1bfc095abf2de16bf97b57,8033,97.0,3,1786613209830,2026-08-13T16:26:49.830
12614,588aca26ed1bfc095abf2de16bf97b57,8034,96.0,3,1786613210829,2026-08-13T16:26:50.829
12615,588aca26ed1bfc095abf2de16bf97b57,8035,96.0,3,1786613211830,2026-08-13T16:26:51.830
12616,588aca26ed1bfc095abf2de16bf97b57,8036,96.0,3,1786613212829,2026-08-13T16:26:52.829
12617,588aca26ed1bfc095abf2de16bf97b57,8037,96.0,3,1786613213829,2026-08-13T16:26:53.829
12618,588aca26ed1bfc095abf2de16bf97b57,8038,95.0,3,1786613214829,2026-08-13T16:26:54.829
12619,588aca26ed1bfc095abf2de16bf97b57,8039,94.0,3,1786613215829,2026-08-13T16:26:55.829
12620,588aca26ed1bfc095abf2de16bf97b57,8040,93.0,3,1786613216829,2026-08-13T16:26:56.829
12621,588aca26ed1bfc095abf2de16bf97b57,8041,92.0,3,1786613217829,2026-08-13T16:26:57.829
12622,588aca26ed1bfc095abf2de16bf97b57,8042,92.0,3,1786613218829,2026-08-13T16:26:58.829
12623,588aca26ed1bfc095abf2de16bf97b57,8043,90.0,3,1786613219830,2026-08-13T16:26:59.830
12624,588aca26ed1bfc095abf2de16bf97b57,8044,88.0,3,1786613220829,2026-08-13T16:27:00.829
12625,588aca26ed1bfc095abf2de16bf97b57,8045,88.0,3,1786613221830,2026-08-13T16:27:01.830
12626,588aca26ed1bfc095abf2de16bf97b57,8046,87.0,3,1786613222829,2026-08-13T16:27:02.829
12627,588aca26ed1bfc095abf2de16bf97b57,8047,86.0,3,1786613223829,2026-08-13T16:27:03.829
12628,588aca26ed1bfc095abf2de16bf97b57,8048,86.0,3,1786613224830,2026-08-13T16:27:04.830
12629,588aca26ed1bfc095abf2de16bf97b57,8049,86.0,3,1786613225830,2026-08-13T16:27:05.830
12630,588aca26ed1bfc095abf2de16bf97b57,8050,86.0,3,1786613226829,2026-08-13T16:27:06.829
12631,588aca26ed1bfc095abf2de16bf97b57,8051,86.0,3,1786613227829,2026-08-13T16:27:07.829
12632,588aca26ed1bfc095abf2de16bf97b57,8052,86.0,3,1786613228829,2026-08-13T16:27:08.829
12633,588aca26ed1bfc095abf2de16bf97b57,8053,86.0,3,1786613229830,2026-08-13T16:27:09.830
12634,588aca26ed1bfc095abf2de16bf97b57,8054,86.0,3,1786613230830,2026-08-13T16:27:10.830
12635,588aca26ed1bfc095abf2de16bf97b57,8055,87.0,3,1786613231837,2026-08-13T16:27:11.837
12636,588aca26ed1bfc095abf2de16bf97b57,8056,87.0,3,1786613232829,2026-08-13T16:27:12.829
12637,588aca26ed1bfc095abf2de16bf97b57,8057,88.0,3,1786613233836,2026-08-13T16:27:13.836
12638,588aca26ed1bfc095abf2de16bf97b57,8058,88.0,3,1786613234831,2026-08-13T16:27:14.831
12639,588aca26ed1bfc095abf2de16bf97b57,8059,88.0,3,1786613235834,2026-08-13T16:27:15.834
12640,588aca26ed1bfc095abf2de16bf97b57,8060,88.0,3,1786613236831,2026-08-13T16:27:16.831
12641,588aca26ed1bfc095abf2de16bf97b57,8061,88.0,3,1786613237831,2026-08-13T16:27:17.831
12642,588aca26ed1bfc095abf2de16bf97b57,8062,88.0,3,1786613238829,2026-08-13T16:27:18.829
12643,588aca26ed1bfc095abf2de16bf97b57,8063,89.0,3,1786613239830,2026-08-13T16:27:19.830
12644,588aca26ed1bfc095abf2de16bf97b57,8064,91.0,3,1786613240830,2026-08-13T16:27:20.830
12645,588aca26ed1bfc095abf2de16bf97b57,8065,93.0,3,1786613241830,2026-08-13T16:27:21.830
12646,588aca26ed1bfc095abf2de16bf97b57,8066,94.0,3,1786613242832,2026-08-13T16:27:22.832
12647,588aca26ed1bfc095abf2de16bf97b57,8067,95.0,3,1786613243830,2026-08-13T16:27:23.830
12648,588aca26ed1bfc095abf2de16bf97b57,8068,95.0,3,1786613244830,2026-08-13T16:27:24.830
12649,588aca26ed1bfc095abf2de16bf97b57,8069,94.0,3,1786613245830,2026-08-13T16:27:25.830
12650,588aca26ed1bfc095abf2de16bf97b57,8070,93.0,3,1786613246830,2026-08-13T16:27:26.830
12651,588aca26ed1bfc095abf2de16bf97b57,8071,94.0,3,1786613247829,2026-08-13T16:27:27.829
12652,588aca26ed1bfc095abf2de16bf97b57,8072,94.0,3,1786613248830,2026-08-13T16:27:28.830
12653,588aca26ed1bfc095abf2de16bf97b57,8073,94.0,3,1786613249829,2026-08-13T16:27:29.829
12654,588aca26ed1bfc095abf2de16bf97b57,8074,94.0,3,1786613250830,2026-08-13T16:27:30.830
12655,588aca26ed1bfc095abf2de16bf97b57,8075,93.0,3,1786613251829,2026-08-13T16:27:31.829
12656,588aca26ed1bfc095abf2de16bf97b57,8076,93.0,3,1786613252829,2026-08-13T16:27:32.829
12657,588aca26ed1bfc095abf2de16bf97b57,8077,93.0,3,1786613253829,2026-08-13T16:27:33.829
12658,588aca26ed1bfc095abf2de16bf97b57,8078,92.0,3,1786613254829,2026-08-13T16:27:34.829
12659,588aca26ed1bfc095abf2de16bf97b57,8079,91.0,3,1786613255830,2026-08-13T16:27:35.830
12660,588aca26ed1bfc095abf2de16bf97b57,8080,89.0,3,1786613256830,2026-08-13T16:27:36.830
12661,588aca26ed1bfc095abf2de16bf97b57,8081,89.0,3,1786613257830,2026-08-13T16:27:37.830
12662,588aca26ed1bfc095abf2de16bf97b57,8082,89.0,3,1786613258830,2026-08-13T16:27:38.830
12663,588aca26ed1bfc095abf2de16bf97b57,8083,89.0,3,1786613259829,2026-08-13T16:27:39.829
12664,588aca26ed1bfc095abf2de16bf97b57,8084,90.0,3,1786613260829,2026-08-13T16:27:40.829
12665,588aca26ed1bfc095abf2de16bf97b57,8085,90.0,3,1786613261830,2026-08-13T16:27:41.830
12666,588aca26ed1bfc095abf2de16bf97b57,8086,90.0,3,1786613262829,2026-08-13T16:27:42.829
12667,588aca26ed1bfc095abf2de16bf97b57,8087,90.0,3,1786613263829,2026-08-13T16:27:43.829
12668,588aca26ed1bfc095abf2de16bf97b57,8088,89.0,3,1786613264830,2026-08-13T16:27:44.830
12669,588aca26ed1bfc095abf2de16bf97b57,8089,89.0,3,1786613265830,2026-08-13T16:27:45.830
12670,588aca26ed1bfc095abf2de16bf97b57,8090,89.0,3,1786613266829,2026-08-13T16:27:46.829
12671,588aca26ed1bfc095abf2de16bf97b57,8091,90.0,3,1786613267830,2026-08-13T16:27:47.830
12672,588aca26ed1bfc095abf2de16bf97b57,8092,91.0,3,1786613268830,2026-08-13T16:27:48.830
12673,588aca26ed1bfc095abf2de16bf97b57,8093,92.0,3,1786613269829,2026-08-13T16:27:49.829
12674,588aca26ed1bfc095abf2de16bf97b57,8094,93.0,3,1786613270829,2026-08-13T16:27:50.829
12675,588aca26ed1bfc095abf2de16bf97b57,8095,94.0,3,1786613271830,2026-08-13T16:27:51.830
12676,588aca26ed1bfc095abf2de16bf97b57,8096,94.0,3,1786613272830,2026-08-13T16:27:52.830
12677,588aca26ed1bfc095abf2de16bf97b57,8097,93.0,3,1786613273829,2026-08-13T16:27:53.829
12678,588aca26ed1bfc095abf2de16bf97b57,8098,91.0,3,1786613274830,2026-08-13T16:27:54.830
12679,588aca26ed1bfc095abf2de16bf97b57,8099,90.0,3,1786613275829,2026-08-13T16:27:55.829
12680,588aca26ed1bfc095abf2de16bf97b57,8100,90.0,3,1786613276829,2026-08-13T16:27:56.829
12681,588aca26ed1bfc095abf2de16bf97b57,8101,91.0,3,1786613277829,2026-08-13T16:27:57.829
12682,588aca26ed1bfc095abf2de16bf97b57,8102,92.0,3,1786613278829,2026-08-13T16:27:58.829
12683,588aca26ed1bfc095abf2de16bf97b57,8103,94.0,3,1786613279829,2026-08-13T16:27:59.829
12684,588aca26ed1bfc095abf2de16bf97b57,8104,94.0,3,1786613280830,2026-08-13T16:28:00.830
12685,588aca26ed1bfc095abf2de16bf97b57,8105,93.0,3,1786613281829,2026-08-13T16:28:01.829
12686,588aca26ed1bfc095abf2de16bf97b57,8106,91.0,3,1786613282831,2026-08-13T16:28:02.831
12687,588aca26ed1bfc095abf2de16bf97b57,8107,90.0,3,1786613283829,2026-08-13T16:28:03.829
12688,588aca26ed1bfc095abf2de16bf97b57,8108,89.0,3,1786613284829,2026-08-13T16:28:04.829
12689,588aca26ed1bfc095abf2de16bf97b57,8109,89.0,3,1786613285830,2026-08-13T16:28:05.830
12690,588aca26ed1bfc095abf2de16bf97b57,8110,89.0,3,1786613286831,2026-08-13T16:28:06.831
12691,588aca26ed1bfc095abf2de16bf97b57,8111,91.0,3,1786613287830,2026-08-13T16:28:07.830
12692,588aca26ed1bfc095abf2de16bf97b57,8112,91.0,3,1786613288830,2026-08-13T16:28:08.830
12693,588aca26ed1bfc095abf2de16bf97b57,8113,91.0,3,1786613289829,2026-08-13T16:28:09.829
12694,588aca26ed1bfc095abf2de16bf97b57,8114,91.0,3,1786613290829,2026-08-13T16:28:10.829
12695,588aca26ed1bfc095abf2de16bf97b57,8115,91.0,3,1786613291829,2026-08-13T16:28:11.829
12696,588aca26ed1bfc095abf2de16bf97b57,8116,92.0,3,1786613292830,2026-08-13T16:28:12.830
12697,588aca26ed1bfc095abf2de16bf97b57,8117,92.0,3,1786613293829,2026-08-13T16:28:13.829
12698,588aca26ed1bfc095abf2de16bf97b57,8118,92.0,3,1786613294829,2026-08-13T16:28:14.829
12699,588aca26ed1bfc095abf2de16bf97b57,8119,93.0,3,1786613295829,2026-08-13T16:28:15.829
12700,588aca26ed1bfc095abf2de16bf97b57,8120,93.0,3,1786613296829,2026-08-13T16:28:16.829
12701,588aca26ed1bfc095abf2de16bf97b57,8121,94.0,3,1786613297830,2026-08-13T16:28:17.830
12702,588aca26ed1bfc095abf2de16bf97b57,8122,94.0,3,1786613298829,2026-08-13T16:28:18.829
12703,588aca26ed1bfc095abf2de16bf97b57,8123,94.0,3,1786613299830,2026-08-13T16:28:19.830
12704,588aca26ed1bfc095abf2de16bf97b57,8124,93.0,3,1786613300830,2026-08-13T16:28:20.830
12705,588aca26ed1bfc095abf2de16bf97b57,8125,92.0,3,1786613301831,2026-08-13T16:28:21.831
12706,588aca26ed1bfc095abf2de16bf97b57,8126,91.0,3,1786613302838,2026-08-13T16:28:22.838
12707,588aca26ed1bfc095abf2de16bf97b57,8127,91.0,3,1786613303836,2026-08-13T16:28:23.836
12708,588aca26ed1bfc095abf2de16bf97b57,8128,90.0,3,1786613304837,2026-08-13T16:28:24.837
12709,588aca26ed1bfc095abf2de16bf97b57,8129,89.0,3,1786613305836,2026-08-13T16:28:25.836
12710,588aca26ed1bfc095abf2de16bf97b57,8130,89.0,3,1786613306830,2026-08-13T16:28:26.830
12711,588aca26ed1bfc095abf2de16bf97b57,8131,89.0,3,1786613307836,2026-08-13T16:28:27.836
12712,588aca26ed1bfc095abf2de16bf97b57,8132,89.0,3,1786613308831,2026-08-13T16:28:28.831
12713,588aca26ed1bfc095abf2de16bf97b57,8133,88.0,3,1786613309835,2026-08-13T16:28:29.835
12714,588aca26ed1bfc095abf2de16bf97b57,8134,88.0,3,1786613310833,2026-08-13T16:28:30.833
12715,588aca26ed1bfc095abf2de16bf97b57,8135,88.0,3,1786613311830,2026-08-13T16:28:31.830
12716,588aca26ed1bfc095abf2de16bf97b57,8136,87.0,3,1786613312835,2026-08-13T16:28:32.835
12717,588aca26ed1bfc095abf2de16bf97b57,8137,87.0,3,1786613313834,2026-08-13T16:28:33.834
12718,588aca26ed1bfc095abf2de16bf97b57,8138,88.0,3,1786613314844,2026-08-13T16:28:34.844
12719,588aca26ed1bfc095abf2de16bf97b57,8139,88.0,3,1786613315834,2026-08-13T16:28:35.834
12720,588aca26ed1bfc095abf2de16bf97b57,8140,88.0,3,1786613316829,2026-08-13T16:28:36.829
12721,588aca26ed1bfc095abf2de16bf97b57,8141,89.0,3,1786613317835,2026-08-13T16:28:37.835
12722,588aca26ed1bfc095abf2de16bf97b57,8142,89.0,3,1786613318834,2026-08-13T16:28:38.834
12723,588aca26ed1bfc095abf2de16bf97b57,8143,88.0,3,1786613319839,2026-08-13T16:28:39.839
12724,588aca26ed1bfc095abf2de16bf97b57,8144,88.0,3,1786613320843,2026-08-13T16:28:40.843
12725,588aca26ed1bfc095abf2de16bf97b57,8145,88.0,3,1786613321833,2026-08-13T16:28:41.833
12726,588aca26ed1bfc095abf2de16bf97b57,8146,88.0,3,1786613322831,2026-08-13T16:28:42.831
12727,588aca26ed1bfc095abf2de16bf97b57,8147,88.0,3,1786613323832,2026-08-13T16:28:43.832
12728,588aca26ed1bfc095abf2de16bf97b57,8148,88.0,3,1786613324832,2026-08-13T16:28:44.832
12729,588aca26ed1bfc095abf2de16bf97b57,8149,89.0,3,1786613325831,2026-08-13T16:28:45.831
12730,588aca26ed1bfc095abf2de16bf97b57,8150,89.0,3,1786613326831,2026-08-13T16:28:46.831
12731,588aca26ed1bfc095abf2de16bf97b57,8151,90.0,3,1786613327830,2026-08-13T16:28:47.830
12732,588aca26ed1bfc095abf2de16bf97b57,8152,90.0,3,1786613328829,2026-08-13T16:28:48.829
12733,588aca26ed1bfc095abf2de16bf97b57,8153,90.0,3,1786613329830,2026-08-13T16:28:49.830
12734,588aca26ed1bfc095abf2de16bf97b57,8154,90.0,3,1786613330829,2026-08-13T16:28:50.829
12735,588aca26ed1bfc095abf2de16bf97b57,8155,90.0,3,1786613331829,2026-08-13T16:28:51.829
12736,588aca26ed1bfc095abf2de16bf97b57,8156,90.0,3,1786613332830,2026-08-13T16:28:52.830
12737,588aca26ed1bfc095abf2de16bf97b57,8157,90.0,3,1786613333829,2026-08-13T16:28:53.829
12738,588aca26ed1bfc095abf2de16bf97b57,8158,91.0,3,1786613334831,2026-08-13T16:28:54.831
12739,588aca26ed1bfc095abf2de16bf97b57,8159,91.0,3,1786613335830,2026-08-13T16:28:55.830
12740,588aca26ed1bfc095abf2de16bf97b57,8160,91.0,3,1786613336829,2026-08-13T16:28:56.829
12741,588aca26ed1bfc095abf2de16bf97b57,8161,92.0,3,1786613337829,2026-08-13T16:28:57.829
12742,588aca26ed1bfc095abf2de16bf97b57,8162,92.0,3,1786613338836,2026-08-13T16:28:58.836
12743,588aca26ed1bfc095abf2de16bf97b57,8163,93.0,3,1786613339831,2026-08-13T16:28:59.831
12744,588aca26ed1bfc095abf2de16bf97b57,8164,93.0,3,1786613340830,2026-08-13T16:29:00.830
12745,588aca26ed1bfc095abf2de16bf97b57,8165,94.0,3,1786613341830,2026-08-13T16:29:01.830
12746,588aca26ed1bfc095abf2de16bf97b57,8166,94.0,3,1786613342830,2026-08-13T16:29:02.830
12747,588aca26ed1bfc095abf2de16bf97b57,8167,94.0,3,1786613343829,2026-08-13T16:29:03.829
12748,588aca26ed1bfc095abf2de16bf97b57,8168,95.0,3,1786613344830,2026-08-13T16:29:04.830
12749,588aca26ed1bfc095abf2de16bf97b57,8169,94.0,3,1786613345829,2026-08-13T16:29:05.829
12750,588aca26ed1bfc095abf2de16bf97b57,8170,94.0,3,1786613346829,2026-08-13T16:29:06.829
12751,588aca26ed1bfc095abf2de16bf97b57,8171,94.0,3,1786613347829,2026-08-13T16:29:07.829
12752,588aca26ed1bfc095abf2de16bf97b57,8172,93.0,3,1786613348829,2026-08-13T16:29:08.829
12753,588aca26ed1bfc095abf2de16bf97b57,8173,93.0,3,1786613349829,2026-08-13T16:29:09.829
12754,588aca26ed1bfc095abf2de16bf97b57,8174,93.0,3,1786613350841,2026-08-13T16:29:10.841
12755,588aca26ed1bfc095abf2de16bf97b57,8175,93.0,3,1786613351831,2026-08-13T16:29:11.831
12756,588aca26ed1bfc095abf2de16bf97b57,8176,92.0,3,1786613352829,2026-08-13T16:29:12.829
12757,588aca26ed1bfc095abf2de16bf97b57,8177,92.0,3,1786613353830,2026-08-13T16:29:13.830
12758,588aca26ed1bfc095abf2de16bf97b57,8178,92.0,3,1786613354842,2026-08-13T16:29:14.842
12759,588aca26ed1bfc095abf2de16bf97b57,8179,93.0,3,1786613355839,2026-08-13T16:29:15.839
12760,588aca26ed1bfc095abf2de16bf97b57,8180,93.0,3,1786613356832,2026-08-13T16:29:16.832
12761,588aca26ed1bfc095abf2de16bf97b57,8181,93.0,3,1786613357830,2026-08-13T16:29:17.830
12762,588aca26ed1bfc095abf2de16bf97b57,8182,94.0,3,1786613358830,2026-08-13T16:29:18.830
12763,588aca26ed1bfc095abf2de16bf97b57,8183,93.0,3,1786613359831,2026-08-13T16:29:19.831
12764,588aca26ed1bfc095abf2de16bf97b57,8184,95.0,3,1786613360830,2026-08-13T16:29:20.830
12765,588aca26ed1bfc095abf2de16bf97b57,8185,96.0,3,1786613361830,2026-08-13T16:29:21.830
12766,588aca26ed1bfc095abf2de16bf97b57,8186,97.0,3,1786613362829,2026-08-13T16:29:22.829
12767,588aca26ed1bfc095abf2de16bf97b57,8187,98.0,3,1786613363829,2026-08-13T16:29:23.829
12768,588aca26ed1bfc095abf2de16bf97b57,8188,97.0,3,1786613364829,2026-08-13T16:29:24.829
12769,588aca26ed1bfc095abf2de16bf97b57,8189,97.0,3,1786613365830,2026-08-13T16:29:25.830
12770,588aca26ed1bfc095abf2de16bf97b57,8190,97.0,3,1786613366830,2026-08-13T16:29:26.830
12771,588aca26ed1bfc095abf2de16bf97b57,8191,97.0,3,1786613367830,2026-08-13T16:29:27.830
12772,588aca26ed1bfc095abf2de16bf97b57,8192,97.0,3,1786613368829,2026-08-13T16:29:28.829
12773,588aca26ed1bfc095abf2de16bf97b57,8193,97.0,3,1786613369835,2026-08-13T16:29:29.835
12774,588aca26ed1bfc095abf2de16bf97b57,8194,96.0,3,1786613370832,2026-08-13T16:29:30.832
12775,588aca26ed1bfc095abf2de16bf97b57,8195,96.0,3,1786613371832,2026-08-13T16:29:31.832
12776,588aca26ed1bfc095abf2de16bf97b57,8196,97.0,3,1786613372832,2026-08-13T16:29:32.832
12777,588aca26ed1bfc095abf2de16bf97b57,8197,96.0,3,1786613373832,2026-08-13T16:29:33.832
12778,588aca26ed1bfc095abf2de16bf97b57,8198,96.0,3,1786613374832,2026-08-13T16:29:34.832
12779,588aca26ed1bfc095abf2de16bf97b57,8199,95.0,3,1786613375832,2026-08-13T16:29:35.832
12780,588aca26ed1bfc095abf2de16bf97b57,8200,94.0,3,1786613376831,2026-08-13T16:29:36.831
12781,588aca26ed1bfc095abf2de16bf97b57,8201,93.0,3,1786613377832,2026-08-13T16:29:37.832
12782,588aca26ed1bfc095abf2de16bf97b57,8202,92.0,3,1786613378832,2026-08-13T16:29:38.832
12783,588aca26ed1bfc095abf2de16bf97b57,8203,93.0,3,1786613379832,2026-08-13T16:29:39.832
12784,588aca26ed1bfc095abf2de16bf97b57,8204,92.0,3,1786613380832,2026-08-13T16:29:40.832
12785,588aca26ed1bfc095abf2de16bf97b57,8205,91.0,3,1786613381832,2026-08-13T16:29:41.832
12786,588aca26ed1bfc095abf2de16bf97b57,8206,90.0,3,1786613382831,2026-08-13T16:29:42.831
12787,588aca26ed1bfc095abf2de16bf97b57,8207,91.0,3,1786613383832,2026-08-13T16:29:43.832
12788,588aca26ed1bfc095abf2de16bf97b57,8208,92.0,3,1786613384832,2026-08-13T16:29:44.832
12789,588aca26ed1bfc095abf2de16bf97b57,8209,91.0,3,1786613385832,2026-08-13T16:29:45.832
12790,588aca26ed1bfc095abf2de16bf97b57,8210,90.0,3,1786613386832,2026-08-13T16:29:46.832
12791,588aca26ed1bfc095abf2de16bf97b57,8211,89.0,3,1786613387832,2026-08-13T16:29:47.832
12792,588aca26ed1bfc095abf2de16bf97b57,8212,87.0,3,1786613388832,2026-08-13T16:29:48.832
12793,588aca26ed1bfc095abf2de16bf97b57,8213,87.0,3,1786613389832,2026-08-13T16:29:49.832
12794,588aca26ed1bfc095abf2de16bf97b57,8214,85.0,3,1786613390830,2026-08-13T16:29:50.830
12795,588aca26ed1bfc095abf2de16bf97b57,8215,85.0,3,1786613391832,2026-08-13T16:29:51.832
12796,588aca26ed1bfc095abf2de16bf97b57,8216,84.0,3,1786613392829,2026-08-13T16:29:52.829
12797,588aca26ed1bfc095abf2de16bf97b57,8217,86.0,3,1786613393829,2026-08-13T16:29:53.829
12798,588aca26ed1bfc095abf2de16bf97b57,8218,85.0,3,1786613394831,2026-08-13T16:29:54.831
12799,588aca26ed1bfc095abf2de16bf97b57,8219,83.0,3,1786613395829,2026-08-13T16:29:55.829
12800,588aca26ed1bfc095abf2de16bf97b57,8220,82.0,3,1786613396831,2026-08-13T16:29:56.831
12801,588aca26ed1bfc095abf2de16bf97b57,8221,80.0,3,1786613397832,2026-08-13T16:29:57.832
12802,588aca26ed1bfc095abf2de16bf97b57,8222,80.0,3,1786613398831,2026-08-13T16:29:58.831
12803,588aca26ed1bfc095abf2de16bf97b57,8223,80.0,3,1786613399832,2026-08-13T16:29:59.832
12804,588aca26ed1bfc095abf2de16bf97b57,8224,82.0,3,1786613400831,2026-08-13T16:30:00.831
12805,588aca26ed1bfc095abf2de16bf97b57,8225,82.0,3,1786613401831,2026-08-13T16:30:01.831
12806,588aca26ed1bfc095abf2de16bf97b57,8226,82.0,3,1786613402830,2026-08-13T16:30:02.830
12807,588aca26ed1bfc095abf2de16bf97b57,8227,82.0,3,1786613403832,2026-08-13T16:30:03.832
12808,588aca26ed1bfc095abf2de16bf97b57,8228,84.0,3,1786613404832,2026-08-13T16:30:04.832
12809,588aca26ed1bfc095abf2de16bf97b57,8229,85.0,3,1786613405832,2026-08-13T16:30:05.832
12810,588aca26ed1bfc095abf2de16bf97b57,8230,86.0,3,1786613406829,2026-08-13T16:30:06.829
12811,588aca26ed1bfc095abf2de16bf97b57,8231,87.0,3,1786613407831,2026-08-13T16:30:07.831
12812,588aca26ed1bfc095abf2de16bf97b57,8232,87.0,3,1786613408829,2026-08-13T16:30:08.829
12813,588aca26ed1bfc095abf2de16bf97b57,8233,85.0,3,1786613409833,2026-08-13T16:30:09.833
12814,588aca26ed1bfc095abf2de16bf97b57,8234,83.0,3,1786613410830,2026-08-13T16:30:10.830
12815,588aca26ed1bfc095abf2de16bf97b57,8235,81.0,3,1786613411832,2026-08-13T16:30:11.832
12816,588aca26ed1bfc095abf2de16bf97b57,8236,82.0,3,1786613412832,2026-08-13T16:30:12.832
12817,588aca26ed1bfc095abf2de16bf97b57,8237,82.0,3,1786613413832,2026-08-13T16:30:13.832
12818,588aca26ed1bfc095abf2de16bf97b57,8238,82.0,3,1786613414831,2026-08-13T16:30:14.831
12819,588aca26ed1bfc095abf2de16bf97b57,8239,82.0,3,1786613415831,2026-08-13T16:30:15.831
12820,588aca26ed1bfc095abf2de16bf97b57,8240,81.0,3,1786613416831,2026-08-13T16:30:16.831
12821,588aca26ed1bfc095abf2de16bf97b57,8241,82.0,3,1786613417832,2026-08-13T16:30:17.832
12822,588aca26ed1bfc095abf2de16bf97b57,8242,84.0,3,1786613418832,2026-08-13T16:30:18.832
12823,588aca26ed1bfc095abf2de16bf97b57,8243,85.0,3,1786613419832,2026-08-13T16:30:19.832
12824,588aca26ed1bfc095abf2de16bf97b57,8244,86.0,3,1786613420829,2026-08-13T16:30:20.829
12825,588aca26ed1bfc095abf2de16bf97b57,8245,87.0,3,1786613421831,2026-08-13T16:30:21.831
12826,588aca26ed1bfc095abf2de16bf97b57,8246,88.0,3,1786613422830,2026-08-13T16:30:22.830
12827,588aca26ed1bfc095abf2de16bf97b57,8247,89.0,3,1786613423830,2026-08-13T16:30:23.830
12828,588aca26ed1bfc095abf2de16bf97b57,8248,90.0,3,1786613424829,2026-08-13T16:30:24.829
12829,588aca26ed1bfc095abf2de16bf97b57,8249,90.0,3,1786613425830,2026-08-13T16:30:25.830
12830,588aca26ed1bfc095abf2de16bf97b57,8250,89.0,3,1786613426830,2026-08-13T16:30:26.830
12831,588aca26ed1bfc095abf2de16bf97b57,8251,90.0,3,1786613427830,2026-08-13T16:30:27.830
12832,588aca26ed1bfc095abf2de16bf97b57,8252,90.0,3,1786613428830,2026-08-13T16:30:28.830
12833,588aca26ed1bfc095abf2de16bf97b57,8253,89.0,3,1786613429830,2026-08-13T16:30:29.830
12834,588aca26ed1bfc095abf2de16bf97b57,8254,88.0,3,1786613430829,2026-08-13T16:30:30.829
12835,588aca26ed1bfc095abf2de16bf97b57,8255,88.0,3,1786613431829,2026-08-13T16:30:31.829
12836,588aca26ed1bfc095abf2de16bf97b57,8256,87.0,3,1786613432830,2026-08-13T16:30:32.830
12837,588aca26ed1bfc095abf2de16bf97b57,8257,87.0,3,1786613433829,2026-08-13T16:30:33.829
12838,588aca26ed1bfc095abf2de16bf97b57,8258,88.0,3,1786613434829,2026-08-13T16:30:34.829
12839,588aca26ed1bfc095abf2de16bf97b57,8259,87.0,3,1786613435830,2026-08-13T16:30:35.830
12840,588aca26ed1bfc095abf2de16bf97b57,8260,86.0,3,1786613436830,2026-08-13T16:30:36.830
12841,588aca26ed1bfc095abf2de16bf97b57,8261,86.0,3,1786613437847,2026-08-13T16:30:37.847
12842,588aca26ed1bfc095abf2de16bf97b57,8262,85.0,3,1786613438837,2026-08-13T16:30:38.837
12843,588aca26ed1bfc095abf2de16bf97b57,8263,86.0,3,1786613439835,2026-08-13T16:30:39.835
12844,588aca26ed1bfc095abf2de16bf97b57,8264,86.0,3,1786613440834,2026-08-13T16:30:40.834
12845,588aca26ed1bfc095abf2de16bf97b57,8265,86.0,3,1786613441832,2026-08-13T16:30:41.832
12846,588aca26ed1bfc095abf2de16bf97b57,8266,87.0,3,1786613442831,2026-08-13T16:30:42.831
12847,588aca26ed1bfc095abf2de16bf97b57,8267,88.0,3,1786613443837,2026-08-13T16:30:43.837
12848,588aca26ed1bfc095abf2de16bf97b57,8268,89.0,3,1786613444829,2026-08-13T16:30:44.829
12849,588aca26ed1bfc095abf2de16bf97b57,8269,90.0,3,1786613445830,2026-08-13T16:30:45.830
12850,588aca26ed1bfc095abf2de16bf97b57,8270,91.0,3,1786613446830,2026-08-13T16:30:46.830
12851,588aca26ed1bfc095abf2de16bf97b57,8271,91.0,3,1786613447831,2026-08-13T16:30:47.831
12852,588aca26ed1bfc095abf2de16bf97b57,8272,92.0,3,1786613448829,2026-08-13T16:30:48.829
12853,588aca26ed1bfc095abf2de16bf97b57,8273,92.0,3,1786613449831,2026-08-13T16:30:49.831
12854,588aca26ed1bfc095abf2de16bf97b57,8274,93.0,3,1786613450830,2026-08-13T16:30:50.830
12855,588aca26ed1bfc095abf2de16bf97b57,8275,93.0,3,1786613451830,2026-08-13T16:30:51.830
12856,588aca26ed1bfc095abf2de16bf97b57,8276,93.0,3,1786613452829,2026-08-13T16:30:52.829
12857,588aca26ed1bfc095abf2de16bf97b57,8277,95.0,3,1786613453831,2026-08-13T16:30:53.831
12858,588aca26ed1bfc095abf2de16bf97b57,8278,95.0,3,1786613454830,2026-08-13T16:30:54.830
12859,588aca26ed1bfc095abf2de16bf97b57,8279,95.0,3,1786613455829,2026-08-13T16:30:55.829
12860,588aca26ed1bfc095abf2de16bf97b57,8280,96.0,3,1786613456830,2026-08-13T16:30:56.830
12861,588aca26ed1bfc095abf2de16bf97b57,8281,95.0,3,1786613457840,2026-08-13T16:30:57.840
12862,588aca26ed1bfc095abf2de16bf97b57,8282,94.0,3,1786613458834,2026-08-13T16:30:58.834
12863,588aca26ed1bfc095abf2de16bf97b57,8283,93.0,3,1786613459839,2026-08-13T16:30:59.839
12864,588aca26ed1bfc095abf2de16bf97b57,8284,93.0,3,1786613460837,2026-08-13T16:31:00.837
12865,588aca26ed1bfc095abf2de16bf97b57,8285,94.0,3,1786613461833,2026-08-13T16:31:01.833
12866,588aca26ed1bfc095abf2de16bf97b57,8286,94.0,3,1786613462837,2026-08-13T16:31:02.837
12867,588aca26ed1bfc095abf2de16bf97b57,8287,91.0,3,1786613463836,2026-08-13T16:31:03.836
12868,588aca26ed1bfc095abf2de16bf97b57,8288,89.0,3,1786613464835,2026-08-13T16:31:04.835
12869,588aca26ed1bfc095abf2de16bf97b57,8289,89.0,3,1786613465832,2026-08-13T16:31:05.832
12870,588aca26ed1bfc095abf2de16bf97b57,8290,87.0,3,1786613466830,2026-08-13T16:31:06.830
12871,588aca26ed1bfc095abf2de16bf97b57,8291,87.0,3,1786613467830,2026-08-13T16:31:07.830
12872,588aca26ed1bfc095abf2de16bf97b57,8292,87.0,3,1786613468832,2026-08-13T16:31:08.832
12873,588aca26ed1bfc095abf2de16bf97b57,8293,88.0,3,1786613469830,2026-08-13T16:31:09.830
12874,588aca26ed1bfc095abf2de16bf97b57,8294,86.0,3,1786613470832,2026-08-13T16:31:10.832
12875,588aca26ed1bfc095abf2de16bf97b57,8295,85.0,3,1786613471832,2026-08-13T16:31:11.832
12876,588aca26ed1bfc095abf2de16bf97b57,8296,84.0,3,1786613472832,2026-08-13T16:31:12.832
12877,588aca26ed1bfc095abf2de16bf97b57,8297,85.0,3,1786613473832,2026-08-13T16:31:13.832
12878,588aca26ed1bfc095abf2de16bf97b57,8298,81.0,3,1786613474832,2026-08-13T16:31:14.832
12879,588aca26ed1bfc095abf2de16bf97b57,8299,80.0,3,1786613475832,2026-08-13T16:31:15.832
12880,588aca26ed1bfc095abf2de16bf97b57,8300,80.0,3,1786613476832,2026-08-13T16:31:16.832
12881,588aca26ed1bfc095abf2de16bf97b57,8301,79.0,3,1786613477832,2026-08-13T16:31:17.832
12882,588aca26ed1bfc095abf2de16bf97b57,8302,80.0,3,1786613478832,2026-08-13T16:31:18.832
12883,588aca26ed1bfc095abf2de16bf97b57,8303,80.0,3,1786613479832,2026-08-13T16:31:19.832
12884,588aca26ed1bfc095abf2de16bf97b57,8304,81.0,3,1786613480829,2026-08-13T16:31:20.829
12885,588aca26ed1bfc095abf2de16bf97b57,8305,79.0,3,1786613481840,2026-08-13T16:31:21.840
12886,588aca26ed1bfc095abf2de16bf97b57,8306,79.0,3,1786613482830,2026-08-13T16:31:22.830
12887,588aca26ed1bfc095abf2de16bf97b57,8307,81.0,3,1786613483836,2026-08-13T16:31:23.836
12888,588aca26ed1bfc095abf2de16bf97b57,8308,82.0,3,1786613484829,2026-08-13T16:31:24.829
12889,588aca26ed1bfc095abf2de16bf97b57,8309,84.0,3,1786613485829,2026-08-13T16:31:25.829
12890,588aca26ed1bfc095abf2de16bf97b57,8310,85.0,3,1786613486830,2026-08-13T16:31:26.830
12891,588aca26ed1bfc095abf2de16bf97b57,8311,85.0,3,1786613487850,2026-08-13T16:31:27.850
12892,588aca26ed1bfc095abf2de16bf97b57,8312,83.0,3,1786613488832,2026-08-13T16:31:28.832
12893,588aca26ed1bfc095abf2de16bf97b57,8313,83.0,3,1786613489832,2026-08-13T16:31:29.832
12894,588aca26ed1bfc095abf2de16bf97b57,8314,83.0,3,1786613490831,2026-08-13T16:31:30.831
12895,588aca26ed1bfc095abf2de16bf97b57,8315,84.0,3,1786613491833,2026-08-13T16:31:31.833
12896,588aca26ed1bfc095abf2de16bf97b57,8316,83.0,3,1786613492833,2026-08-13T16:31:32.833
12897,588aca26ed1bfc095abf2de16bf97b57,8317,83.0,3,1786613493831,2026-08-13T16:31:33.831
12898,588aca26ed1bfc095abf2de16bf97b57,8318,83.0,3,1786613494829,2026-08-13T16:31:34.829
12899,588aca26ed1bfc095abf2de16bf97b57,8319,84.0,3,1786613495835,2026-08-13T16:31:35.835
12900,588aca26ed1bfc095abf2de16bf97b57,8320,86.0,3,1786613496832,2026-08-13T16:31:36.832
12901,588aca26ed1bfc095abf2de16bf97b57,8321,87.0,3,1786613497833,2026-08-13T16:31:37.833
12902,588aca26ed1bfc095abf2de16bf97b57,8322,88.0,3,1786613498830,2026-08-13T16:31:38.830
12903,588aca26ed1bfc095abf2de16bf97b57,8323,88.0,3,1786613499831,2026-08-13T16:31:39.831
12904,588aca26ed1bfc095abf2de16bf97b57,8324,87.0,3,1786613500866,2026-08-13T16:31:40.866
12905,588aca26ed1bfc095abf2de16bf97b57,8325,87.0,3,1786613501830,2026-08-13T16:31:41.830
12906,588aca26ed1bfc095abf2de16bf97b57,8326,86.0,3,1786613502831,2026-08-13T16:31:42.831
12907,588aca26ed1bfc095abf2de16bf97b57,8327,86.0,3,1786613503831,2026-08-13T16:31:43.831
12908,588aca26ed1bfc095abf2de16bf97b57,8328,86.0,3,1786613504829,2026-08-13T16:31:44.829
12909,588aca26ed1bfc095abf2de16bf97b57,8329,88.0,3,1786613505830,2026-08-13T16:31:45.830
12910,588aca26ed1bfc095abf2de16bf97b57,8330,89.0,3,1786613506830,2026-08-13T16:31:46.830
12911,588aca26ed1bfc095abf2de16bf97b57,8331,89.0,3,1786613507841,2026-08-13T16:31:47.841
12912,588aca26ed1bfc095abf2de16bf97b57,8332,88.0,3,1786613508831,2026-08-13T16:31:48.831
12913,588aca26ed1bfc095abf2de16bf97b57,8333,86.0,3,1786613509832,2026-08-13T16:31:49.832
12914,588aca26ed1bfc095abf2de16bf97b57,8334,85.0,3,1786613510832,2026-08-13T16:31:50.832
12915,588aca26ed1bfc095abf2de16bf97b57,8335,84.0,3,1786613511830,2026-08-13T16:31:51.830
12916,588aca26ed1bfc095abf2de16bf97b57,8336,86.0,3,1786613512829,2026-08-13T16:31:52.829
12917,588aca26ed1bfc095abf2de16bf97b57,8337,86.0,3,1786613513829,2026-08-13T16:31:53.829
12918,588aca26ed1bfc095abf2de16bf97b57,8338,86.0,3,1786613514829,2026-08-13T16:31:54.829
12919,588aca26ed1bfc095abf2de16bf97b57,8339,87.0,3,1786613515830,2026-08-13T16:31:55.830
12920,588aca26ed1bfc095abf2de16bf97b57,8340,87.0,3,1786613516829,2026-08-13T16:31:56.829
12921,588aca26ed1bfc095abf2de16bf97b57,8341,87.0,3,1786613517829,2026-08-13T16:31:57.829
12922,588aca26ed1bfc095abf2de16bf97b57,8342,88.0,3,1786613518829,2026-08-13T16:31:58.829
12923,588aca26ed1bfc095abf2de16bf97b57,8343,87.0,3,1786613519830,2026-08-13T16:31:59.830
12924,588aca26ed1bfc095abf2de16bf97b57,8344,88.0,3,1786613520829,2026-08-13T16:32:00.829
12925,588aca26ed1bfc095abf2de16bf97b57,8345,87.0,3,1786613521829,2026-08-13T16:32:01.829
12926,588aca26ed1bfc095abf2de16bf97b57,8346,89.0,3,1786613522829,2026-08-13T16:32:02.829
12927,588aca26ed1bfc095abf2de16bf97b57,8347,89.0,3,1786613523830,2026-08-13T16:32:03.830
12928,588aca26ed1bfc095abf2de16bf97b57,8348,89.0,3,1786613524829,2026-08-13T16:32:04.829
12929,588aca26ed1bfc095abf2de16bf97b57,8349,89.0,3,1786613525829,2026-08-13T16:32:05.829
12930,588aca26ed1bfc095abf2de16bf97b57,8350,90.0,3,1786613526829,2026-08-13T16:32:06.829
12931,588aca26ed1bfc095abf2de16bf97b57,8351,90.0,3,1786613527829,2026-08-13T16:32:07.829
12932,588aca26ed1bfc095abf2de16bf97b57,8352,91.0,3,1786613528829,2026-08-13T16:32:08.829
12933,588aca26ed1bfc095abf2de16bf97b57,8353,91.0,3,1786613529830,2026-08-13T16:32:09.830
12934,588aca26ed1bfc095abf2de16bf97b57,8354,92.0,3,1786613530837,2026-08-13T16:32:10.837
12935,588aca26ed1bfc095abf2de16bf97b57,8355,94.0,3,1786613531835,2026-08-13T16:32:11.835
12936,588aca26ed1bfc095abf2de16bf97b57,8356,95.0,3,1786613532835,2026-08-13T16:32:12.835
12937,588aca26ed1bfc095abf2de16bf97b57,8357,96.0,3,1786613533844,2026-08-13T16:32:13.844
12938,588aca26ed1bfc095abf2de16bf97b57,8358,95.0,3,1786613534835,2026-08-13T16:32:14.835
12939,588aca26ed1bfc095abf2de16bf97b57,8359,94.0,3,1786613535831,2026-08-13T16:32:15.831
12940,588aca26ed1bfc095abf2de16bf97b57,8360,93.0,3,1786613536830,2026-08-13T16:32:16.830
12941,588aca26ed1bfc095abf2de16bf97b57,8361,93.0,3,1786613537830,2026-08-13T16:32:17.830
12942,588aca26ed1bfc095abf2de16bf97b57,8362,92.0,3,1786613538836,2026-08-13T16:32:18.836
12943,588aca26ed1bfc095abf2de16bf97b57,8363,92.0,3,1786613539829,2026-08-13T16:32:19.829
12944,588aca26ed1bfc095abf2de16bf97b57,8364,91.0,3,1786613540829,2026-08-13T16:32:20.829
12945,588aca26ed1bfc095abf2de16bf97b57,8365,91.0,3,1786613541829,2026-08-13T16:32:21.829
12946,588aca26ed1bfc095abf2de16bf97b57,8366,90.0,3,1786613542829,2026-08-13T16:32:22.829
12947,588aca26ed1bfc095abf2de16bf97b57,8367,89.0,3,1786613543829,2026-08-13T16:32:23.829
12948,588aca26ed1bfc095abf2de16bf97b57,8368,90.0,3,1786613544829,2026-08-13T16:32:24.829
12949,588aca26ed1bfc095abf2de16bf97b57,8369,89.0,3,1786613545830,2026-08-13T16:32:25.830
12950,588aca26ed1bfc095abf2de16bf97b57,8370,89.0,3,1786613546830,2026-08-13T16:32:26.830
12951,588aca26ed1bfc095abf2de16bf97b57,8371,89.0,3,1786613547830,2026-08-13T16:32:27.830
12952,588aca26ed1bfc095abf2de16bf97b57,8372,89.0,3,1786613548830,2026-08-13T16:32:28.830
12953,588aca26ed1bfc095abf2de16bf97b57,8373,89.0,3,1786613549830,2026-08-13T16:32:29.830
12954,588aca26ed1bfc095abf2de16bf97b57,8374,89.0,3,1786613550830,2026-08-13T16:32:30.830
12955,588aca26ed1bfc095abf2de16bf97b57,8375,90.0,3,1786613551830,2026-08-13T16:32:31.830
12956,588aca26ed1bfc095abf2de16bf97b57,8376,91.0,3,1786613552830,2026-08-13T16:32:32.830
12957,588aca26ed1bfc095abf2de16bf97b57,8377,91.0,3,1786613553831,2026-08-13T16:32:33.831
12958,588aca26ed1bfc095abf2de16bf97b57,8378,91.0,3,1786613554831,2026-08-13T16:32:34.831
12959,588aca26ed1bfc095abf2de16bf97b57,8379,91.0,3,1786613555830,2026-08-13T16:32:35.830
12960,588aca26ed1bfc095abf2de16bf97b57,8380,91.0,3,1786613556832,2026-08-13T16:32:36.832
12961,588aca26ed1bfc095abf2de16bf97b57,8381,91.0,3,1786613557829,2026-08-13T16:32:37.829
12962,588aca26ed1bfc095abf2de16bf97b57,8382,91.0,3,1786613558830,2026-08-13T16:32:38.830
12963,588aca26ed1bfc095abf2de16bf97b57,8383,91.0,3,1786613559830,2026-08-13T16:32:39.830
12964,588aca26ed1bfc095abf2de16bf97b57,8384,92.0,3,1786613560832,2026-08-13T16:32:40.832
12965,588aca26ed1bfc095abf2de16bf97b57,8385,91.0,3,1786613561833,2026-08-13T16:32:41.833
12966,588aca26ed1bfc095abf2de16bf97b57,8386,91.0,3,1786613562829,2026-08-13T16:32:42.829
12967,588aca26ed1bfc095abf2de16bf97b57,8387,90.0,3,1786613563831,2026-08-13T16:32:43.831
12968,588aca26ed1bfc095abf2de16bf97b57,8388,90.0,3,1786613564829,2026-08-13T16:32:44.829
12969,588aca26ed1bfc095abf2de16bf97b57,8389,89.0,3,1786613565833,2026-08-13T16:32:45.833
12970,588aca26ed1bfc095abf2de16bf97b57,8390,89.0,3,1786613566835,2026-08-13T16:32:46.835
12971,588aca26ed1bfc095abf2de16bf97b57,8391,90.0,3,1786613567831,2026-08-13T16:32:47.831
12972,588aca26ed1bfc095abf2de16bf97b57,8392,90.0,3,1786613568829,2026-08-13T16:32:48.829
12973,588aca26ed1bfc095abf2de16bf97b57,8393,91.0,3,1786613569829,2026-08-13T16:32:49.829
12974,588aca26ed1bfc095abf2de16bf97b57,8394,92.0,3,1786613570829,2026-08-13T16:32:50.829
12975,588aca26ed1bfc095abf2de16bf97b57,8395,93.0,3,1786613571829,2026-08-13T16:32:51.829
12976,588aca26ed1bfc095abf2de16bf97b57,8396,94.0,3,1786613572829,2026-08-13T16:32:52.829
12977,588aca26ed1bfc095abf2de16bf97b57,8397,95.0,3,1786613573830,2026-08-13T16:32:53.830
12978,588aca26ed1bfc095abf2de16bf97b57,8398,94.0,3,1786613574830,2026-08-13T16:32:54.830
12979,588aca26ed1bfc095abf2de16bf97b57,8399,94.0,3,1786613575829,2026-08-13T16:32:55.829
12980,588aca26ed1bfc095abf2de16bf97b57,8400,93.0,3,1786613576829,2026-08-13T16:32:56.829
12981,588aca26ed1bfc095abf2de16bf97b57,8401,93.0,3,1786613577830,2026-08-13T16:32:57.830
12982,588aca26ed1bfc095abf2de16bf97b57,8402,94.0,3,1786613578829,2026-08-13T16:32:58.829
12983,588aca26ed1bfc095abf2de16bf97b57,8403,95.0,3,1786613579830,2026-08-13T16:32:59.830
12984,588aca26ed1bfc095abf2de16bf97b57,8404,95.0,3,1786613580830,2026-08-13T16:33:00.830
12985,588aca26ed1bfc095abf2de16bf97b57,8405,94.0,3,1786613581829,2026-08-13T16:33:01.829
12986,588aca26ed1bfc095abf2de16bf97b57,8406,93.0,3,1786613582829,2026-08-13T16:33:02.829
12987,588aca26ed1bfc095abf2de16bf97b57,8407,94.0,3,1786613583829,2026-08-13T16:33:03.829
12988,588aca26ed1bfc095abf2de16bf97b57,8408,94.0,3,1786613584830,2026-08-13T16:33:04.830
12989,588aca26ed1bfc095abf2de16bf97b57,8409,93.0,3,1786613585830,2026-08-13T16:33:05.830
12990,588aca26ed1bfc095abf2de16bf97b57,8410,92.0,3,1786613586829,2026-08-13T16:33:06.829
12991,588aca26ed1bfc095abf2de16bf97b57,8411,91.0,3,1786613587830,2026-08-13T16:33:07.830
12992,588aca26ed1bfc095abf2de16bf97b57,8412,90.0,3,1786613588829,2026-08-13T16:33:08.829
12993,588aca26ed1bfc095abf2de16bf97b57,8413,90.0,3,1786613589829,2026-08-13T16:33:09.829
12994,588aca26ed1bfc095abf2de16bf97b57,8414,90.0,3,1786613590830,2026-08-13T16:33:10.830
12995,588aca26ed1bfc095abf2de16bf97b57,8415,91.0,3,1786613591830,2026-08-13T16:33:11.830
12996,588aca26ed1bfc095abf2de16bf97b57,8416,91.0,3,1786613592829,2026-08-13T16:33:12.829
12997,588aca26ed1bfc095abf2de16bf97b57,8417,92.0,3,1786613593830,2026-08-13T16:33:13.830
12998,588aca26ed1bfc095abf2de16bf97b57,8418,92.0,3,1786613594829,2026-08-13T16:33:14.829
12999,588aca26ed1bfc095abf2de16bf97b57,8419,91.0,3,1786613595829,2026-08-13T16:33:15.829
13000,588aca26ed1bfc095abf2de16bf97b57,8420,91.0,3,1786613596830,2026-08-13T16:33:16.830
13001,588aca26ed1bfc095abf2de16bf97b57,8421,90.0,3,1786613597830,2026-08-13T16:33:17.830
13002,588aca26ed1bfc095abf2de16bf97b57,8422,90.0,3,1786613598839,2026-08-13T16:33:18.839
13003,588aca26ed1bfc095abf2de16bf97b57,8423,90.0,3,1786613599838,2026-08-13T16:33:19.838
13004,588aca26ed1bfc095abf2de16bf97b57,8424,92.0,3,1786613600838,2026-08-13T16:33:20.838
13005,588aca26ed1bfc095abf2de16bf97b57,8425,92.0,3,1786613601832,2026-08-13T16:33:21.832
13006,588aca26ed1bfc095abf2de16bf97b57,8426,91.0,3,1786613602830,2026-08-13T16:33:22.830
13007,588aca26ed1bfc095abf2de16bf97b57,8427,91.0,3,1786613603835,2026-08-13T16:33:23.835
13008,588aca26ed1bfc095abf2de16bf97b57,8428,89.0,3,1786613604833,2026-08-13T16:33:24.833
13009,588aca26ed1bfc095abf2de16bf97b57,8429,89.0,3,1786613605832,2026-08-13T16:33:25.832
13010,588aca26ed1bfc095abf2de16bf97b57,8430,89.0,3,1786613606831,2026-08-13T16:33:26.831
13011,588aca26ed1bfc095abf2de16bf97b57,8431,88.0,3,1786613607830,2026-08-13T16:33:27.830
13012,588aca26ed1bfc095abf2de16bf97b57,8432,88.0,3,1786613608829,2026-08-13T16:33:28.829
13013,588aca26ed1bfc095abf2de16bf97b57,8433,88.0,3,1786613609830,2026-08-13T16:33:29.830
13014,588aca26ed1bfc095abf2de16bf97b57,8434,89.0,3,1786613610829,2026-08-13T16:33:30.829
13015,588aca26ed1bfc095abf2de16bf97b57,8435,89.0,3,1786613611830,2026-08-13T16:33:31.830
13016,588aca26ed1bfc095abf2de16bf97b57,8436,90.0,3,1786613612829,2026-08-13T16:33:32.829
13017,588aca26ed1bfc095abf2de16bf97b57,8437,90.0,3,1786613613830,2026-08-13T16:33:33.830
13018,588aca26ed1bfc095abf2de16bf97b57,8438,90.0,3,1786613614830,2026-08-13T16:33:34.830
13019,588aca26ed1bfc095abf2de16bf97b57,8439,90.0,3,1786613615830,2026-08-13T16:33:35.830
13020,588aca26ed1bfc095abf2de16bf97b57,8440,90.0,3,1786613616829,2026-08-13T16:33:36.829
13021,588aca26ed1bfc095abf2de16bf97b57,8441,91.0,3,1786613617829,2026-08-13T16:33:37.829
13022,588aca26ed1bfc095abf2de16bf97b57,8442,90.0,3,1786613618829,2026-08-13T16:33:38.829
13023,588aca26ed1bfc095abf2de16bf97b57,8443,88.0,3,1786613619829,2026-08-13T16:33:39.829
13024,588aca26ed1bfc095abf2de16bf97b57,8444,88.0,3,1786613620829,2026-08-13T16:33:40.829
13025,588aca26ed1bfc095abf2de16bf97b57,8445,87.0,3,1786613621829,2026-08-13T16:33:41.829
13026,588aca26ed1bfc095abf2de16bf97b57,8446,89.0,3,1786613622832,2026-08-13T16:33:42.832
13027,588aca26ed1bfc095abf2de16bf97b57,8447,91.0,3,1786613623832,2026-08-13T16:33:43.832
13028,588aca26ed1bfc095abf2de16bf97b57,8448,93.0,3,1786613624830,2026-08-13T16:33:44.830
13029,588aca26ed1bfc095abf2de16bf97b57,8449,96.0,3,1786613625832,2026-08-13T16:33:45.832
13030,588aca26ed1bfc095abf2de16bf97b57,8450,97.0,3,1786613626829,2026-08-13T16:33:46.829
13031,588aca26ed1bfc095abf2de16bf97b57,8451,99.0,3,1786613627832,2026-08-13T16:33:47.832
13032,588aca26ed1bfc095abf2de16bf97b57,8452,100.0,3,1786613628831,2026-08-13T16:33:48.831
13033,588aca26ed1bfc095abf2de16bf97b57,8453,99.0,3,1786613629830,2026-08-13T16:33:49.830
13034,588aca26ed1bfc095abf2de16bf97b57,8454,99.0,3,1786613630830,2026-08-13T16:33:50.830
13035,588aca26ed1bfc095abf2de16bf97b57,8455,98.0,3,1786613631830,2026-08-13T16:33:51.830
13036,588aca26ed1bfc095abf2de16bf97b57,8456,98.0,3,1786613632829,2026-08-13T16:33:52.829
13037,588aca26ed1bfc095abf2de16bf97b57,8457,98.0,3,1786613633829,2026-08-13T16:33:53.829
13038,588aca26ed1bfc095abf2de16bf97b57,8458,99.0,3,1786613634829,2026-08-13T16:33:54.829
13039,588aca26ed1bfc095abf2de16bf97b57,8459,97.0,3,1786613635830,2026-08-13T16:33:55.830
13040,588aca26ed1bfc095abf2de16bf97b57,8460,97.0,3,1786613636829,2026-08-13T16:33:56.829
13041,588aca26ed1bfc095abf2de16bf97b57,8461,96.0,3,1786613637830,2026-08-13T16:33:57.830
13042,588aca26ed1bfc095abf2de16bf97b57,8462,95.0,3,1786613638829,2026-08-13T16:33:58.829
13043,588aca26ed1bfc095abf2de16bf97b57,8463,93.0,3,1786613639829,2026-08-13T16:33:59.829
13044,588aca26ed1bfc095abf2de16bf97b57,8464,93.0,3,1786613640831,2026-08-13T16:34:00.831
13045,588aca26ed1bfc095abf2de16bf97b57,8465,92.0,3,1786613641829,2026-08-13T16:34:01.829
13046,588aca26ed1bfc095abf2de16bf97b57,8466,92.0,3,1786613642830,2026-08-13T16:34:02.830
13047,588aca26ed1bfc095abf2de16bf97b57,8467,91.0,3,1786613643830,2026-08-13T16:34:03.830
13048,588aca26ed1bfc095abf2de16bf97b57,8468,90.0,3,1786613644838,2026-08-13T16:34:04.838
13049,588aca26ed1bfc095abf2de16bf97b57,8469,91.0,3,1786613645845,2026-08-13T16:34:05.845
13050,588aca26ed1bfc095abf2de16bf97b57,8470,92.0,3,1786613646837,2026-08-13T16:34:06.837
13051,588aca26ed1bfc095abf2de16bf97b57,8471,92.0,3,1786613647839,2026-08-13T16:34:07.839
13052,588aca26ed1bfc095abf2de16bf97b57,8472,90.0,3,1786613648836,2026-08-13T16:34:08.836
13053,588aca26ed1bfc095abf2de16bf97b57,8473,89.0,3,1786613649845,2026-08-13T16:34:09.845
13054,588aca26ed1bfc095abf2de16bf97b57,8474,87.0,3,1786613650835,2026-08-13T16:34:10.835
13055,588aca26ed1bfc095abf2de16bf97b57,8475,86.0,3,1786613651834,2026-08-13T16:34:11.834
13056,588aca26ed1bfc095abf2de16bf97b57,8476,85.0,3,1786613652833,2026-08-13T16:34:12.833
13057,588aca26ed1bfc095abf2de16bf97b57,8477,87.0,3,1786613653842,2026-08-13T16:34:13.842
13058,588aca26ed1bfc095abf2de16bf97b57,8478,89.0,3,1786613654832,2026-08-13T16:34:14.832
13059,588aca26ed1bfc095abf2de16bf97b57,8479,89.0,3,1786613655831,2026-08-13T16:34:15.831
13060,588aca26ed1bfc095abf2de16bf97b57,8480,88.0,3,1786613656829,2026-08-13T16:34:16.829
13061,588aca26ed1bfc095abf2de16bf97b57,8481,89.0,3,1786613657830,2026-08-13T16:34:17.830
13062,588aca26ed1bfc095abf2de16bf97b57,8482,87.0,3,1786613658829,2026-08-13T16:34:18.829
13063,588aca26ed1bfc095abf2de16bf97b57,8483,86.0,3,1786613659829,2026-08-13T16:34:19.829
13064,588aca26ed1bfc095abf2de16bf97b57,8484,84.0,3,1786613660829,2026-08-13T16:34:20.829
13065,588aca26ed1bfc095abf2de16bf97b57,8485,83.0,3,1786613661830,2026-08-13T16:34:21.830
13066,588aca26ed1bfc095abf2de16bf97b57,8486,83.0,3,1786613662830,2026-08-13T16:34:22.830
13067,588aca26ed1bfc095abf2de16bf97b57,8487,83.0,3,1786613663830,2026-08-13T16:34:23.830
13068,588aca26ed1bfc095abf2de16bf97b57,8488,84.0,3,1786613664830,2026-08-13T16:34:24.830
13069,588aca26ed1bfc095abf2de16bf97b57,8489,85.0,3,1786613665829,2026-08-13T16:34:25.829
13070,588aca26ed1bfc095abf2de16bf97b57,8490,86.0,3,1786613666830,2026-08-13T16:34:26.830
13071,588aca26ed1bfc095abf2de16bf97b57,8491,87.0,3,1786613667829,2026-08-13T16:34:27.829
13072,588aca26ed1bfc095abf2de16bf97b57,8492,88.0,3,1786613668829,2026-08-13T16:34:28.829
13073,588aca26ed1bfc095abf2de16bf97b57,8493,87.0,3,1786613669830,2026-08-13T16:34:29.830
13074,588aca26ed1bfc095abf2de16bf97b57,8494,86.0,3,1786613670830,2026-08-13T16:34:30.830
13075,588aca26ed1bfc095abf2de16bf97b57,8495,85.0,3,1786613671832,2026-08-13T16:34:31.832
13076,588aca26ed1bfc095abf2de16bf97b57,8496,85.0,3,1786613672829,2026-08-13T16:34:32.829
13077,588aca26ed1bfc095abf2de16bf97b57,8497,84.0,3,1786613673829,2026-08-13T16:34:33.829
13078,588aca26ed1bfc095abf2de16bf97b57,8498,84.0,3,1786613674829,2026-08-13T16:34:34.829
13079,588aca26ed1bfc095abf2de16bf97b57,8499,84.0,3,1786613675829,2026-08-13T16:34:35.829
13080,588aca26ed1bfc095abf2de16bf97b57,8500,85.0,3,1786613676839,2026-08-13T16:34:36.839
13081,588aca26ed1bfc095abf2de16bf97b57,8501,85.0,3,1786613677829,2026-08-13T16:34:37.829
13082,588aca26ed1bfc095abf2de16bf97b57,8502,86.0,3,1786613678830,2026-08-13T16:34:38.830
13083,588aca26ed1bfc095abf2de16bf97b57,8503,87.0,3,1786613679832,2026-08-13T16:34:39.832
13084,588aca26ed1bfc095abf2de16bf97b57,8504,89.0,3,1786613680831,2026-08-13T16:34:40.831
13085,588aca26ed1bfc095abf2de16bf97b57,8505,91.0,3,1786613681830,2026-08-13T16:34:41.830
13086,588aca26ed1bfc095abf2de16bf97b57,8506,90.0,3,1786613682829,2026-08-13T16:34:42.829
13087,588aca26ed1bfc095abf2de16bf97b57,8507,92.0,3,1786613683831,2026-08-13T16:34:43.831
13088,588aca26ed1bfc095abf2de16bf97b57,8508,91.0,3,1786613684831,2026-08-13T16:34:44.831
13089,588aca26ed1bfc095abf2de16bf97b57,8509,91.0,3,1786613685830,2026-08-13T16:34:45.830
13090,588aca26ed1bfc095abf2de16bf97b57,8510,91.0,3,1786613686830,2026-08-13T16:34:46.830
13091,588aca26ed1bfc095abf2de16bf97b57,8511,92.0,3,1786613687831,2026-08-13T16:34:47.831
13092,588aca26ed1bfc095abf2de16bf97b57,8512,93.0,3,1786613688830,2026-08-13T16:34:48.830
13093,588aca26ed1bfc095abf2de16bf97b57,8513,94.0,3,1786613689829,2026-08-13T16:34:49.829
13094,588aca26ed1bfc095abf2de16bf97b57,8514,94.0,3,1786613690830,2026-08-13T16:34:50.830
13095,588aca26ed1bfc095abf2de16bf97b57,8515,93.0,3,1786613691833,2026-08-13T16:34:51.833
13096,588aca26ed1bfc095abf2de16bf97b57,8516,93.0,3,1786613692831,2026-08-13T16:34:52.831
13097,588aca26ed1bfc095abf2de16bf97b57,8517,92.0,3,1786613693835,2026-08-13T16:34:53.835
13098,588aca26ed1bfc095abf2de16bf97b57,8518,93.0,3,1786613694830,2026-08-13T16:34:54.830
13099,588aca26ed1bfc095abf2de16bf97b57,8519,93.0,3,1786613695829,2026-08-13T16:34:55.829
13100,588aca26ed1bfc095abf2de16bf97b57,8520,94.0,3,1786613696831,2026-08-13T16:34:56.831
13101,588aca26ed1bfc095abf2de16bf97b57,8521,94.0,3,1786613697832,2026-08-13T16:34:57.832
13102,588aca26ed1bfc095abf2de16bf97b57,8522,94.0,3,1786613698832,2026-08-13T16:34:58.832
13103,588aca26ed1bfc095abf2de16bf97b57,8523,94.0,3,1786613699832,2026-08-13T16:34:59.832
13104,588aca26ed1bfc095abf2de16bf97b57,8524,94.0,3,1786613700830,2026-08-13T16:35:00.830
13105,588aca26ed1bfc095abf2de16bf97b57,8525,93.0,3,1786613701832,2026-08-13T16:35:01.832
13106,588aca26ed1bfc095abf2de16bf97b57,8526,93.0,3,1786613702832,2026-08-13T16:35:02.832
13107,588aca26ed1bfc095abf2de16bf97b57,8527,92.0,3,1786613703829,2026-08-13T16:35:03.829
13108,588aca26ed1bfc095abf2de16bf97b57,8528,93.0,3,1786613704830,2026-08-13T16:35:04.830
13109,588aca26ed1bfc095abf2de16bf97b57,8529,92.0,3,1786613705829,2026-08-13T16:35:05.829
13110,588aca26ed1bfc095abf2de16bf97b57,8530,91.0,3,1786613706831,2026-08-13T16:35:06.831
13111,588aca26ed1bfc095abf2de16bf97b57,8531,90.0,3,1786613707832,2026-08-13T16:35:07.832
13112,588aca26ed1bfc095abf2de16bf97b57,8532,89.0,3,1786613708832,2026-08-13T16:35:08.832
13113,588aca26ed1bfc095abf2de16bf97b57,8533,90.0,3,1786613709831,2026-08-13T16:35:09.831
13114,588aca26ed1bfc095abf2de16bf97b57,8534,89.0,3,1786613710831,2026-08-13T16:35:10.831
13115,588aca26ed1bfc095abf2de16bf97b57,8535,89.0,3,1786613711832,2026-08-13T16:35:11.832
13116,588aca26ed1bfc095abf2de16bf97b57,8536,88.0,3,1786613712832,2026-08-13T16:35:12.832
13117,588aca26ed1bfc095abf2de16bf97b57,8537,88.0,3,1786613713829,2026-08-13T16:35:13.829
13118,588aca26ed1bfc095abf2de16bf97b57,8538,88.0,3,1786613714829,2026-08-13T16:35:14.829
13119,588aca26ed1bfc095abf2de16bf97b57,8539,87.0,3,1786613715831,2026-08-13T16:35:15.831
13120,588aca26ed1bfc095abf2de16bf97b57,8540,87.0,3,1786613716829,2026-08-13T16:35:16.829
13121,588aca26ed1bfc095abf2de16bf97b57,8541,89.0,3,1786613717833,2026-08-13T16:35:17.833
13122,588aca26ed1bfc095abf2de16bf97b57,8542,91.0,3,1786613718834,2026-08-13T16:35:18.834
13123,588aca26ed1bfc095abf2de16bf97b57,8543,91.0,3,1786613719834,2026-08-13T16:35:19.834
13124,588aca26ed1bfc095abf2de16bf97b57,8544,90.0,3,1786613720834,2026-08-13T16:35:20.834
13125,588aca26ed1bfc095abf2de16bf97b57,8545,88.0,3,1786613721832,2026-08-13T16:35:21.832
13126,588aca26ed1bfc095abf2de16bf97b57,8546,87.0,3,1786613722832,2026-08-13T16:35:22.832
13127,588aca26ed1bfc095abf2de16bf97b57,8547,85.0,3,1786613723832,2026-08-13T16:35:23.832
13128,588aca26ed1bfc095abf2de16bf97b57,8548,85.0,3,1786613724831,2026-08-13T16:35:24.831
13129,588aca26ed1bfc095abf2de16bf97b57,8549,87.0,3,1786613725831,2026-08-13T16:35:25.831
13130,588aca26ed1bfc095abf2de16bf97b57,8550,87.0,3,1786613726829,2026-08-13T16:35:26.829
13131,588aca26ed1bfc095abf2de16bf97b57,8551,87.0,3,1786613727832,2026-08-13T16:35:27.832
13132,588aca26ed1bfc095abf2de16bf97b57,8552,86.0,3,1786613728832,2026-08-13T16:35:28.832
13133,588aca26ed1bfc095abf2de16bf97b57,8553,86.0,3,1786613729830,2026-08-13T16:35:29.830
13134,588aca26ed1bfc095abf2de16bf97b57,8554,85.0,3,1786613730832,2026-08-13T16:35:30.832
13135,588aca26ed1bfc095abf2de16bf97b57,8555,85.0,3,1786613731830,2026-08-13T16:35:31.830
13136,588aca26ed1bfc095abf2de16bf97b57,8556,85.0,3,1786613732832,2026-08-13T16:35:32.832
13137,588aca26ed1bfc095abf2de16bf97b57,8557,85.0,3,1786613733833,2026-08-13T16:35:33.833
13138,588aca26ed1bfc095abf2de16bf97b57,8558,86.0,3,1786613734834,2026-08-13T16:35:34.834
13139,588aca26ed1bfc095abf2de16bf97b57,8559,87.0,3,1786613735831,2026-08-13T16:35:35.831
13140,588aca26ed1bfc095abf2de16bf97b57,8560,89.0,3,1786613736831,2026-08-13T16:35:36.831
13141,588aca26ed1bfc095abf2de16bf97b57,8561,90.0,3,1786613737830,2026-08-13T16:35:37.830
13142,588aca26ed1bfc095abf2de16bf97b57,8562,90.0,3,1786613738829,2026-08-13T16:35:38.829
13143,588aca26ed1bfc095abf2de16bf97b57,8563,90.0,3,1786613739829,2026-08-13T16:35:39.829
13144,588aca26ed1bfc095abf2de16bf97b57,8564,91.0,3,1786613740829,2026-08-13T16:35:40.829
13145,588aca26ed1bfc095abf2de16bf97b57,8565,92.0,3,1786613741829,2026-08-13T16:35:41.829
13146,588aca26ed1bfc095abf2de16bf97b57,8566,93.0,3,1786613742829,2026-08-13T16:35:42.829
13147,588aca26ed1bfc095abf2de16bf97b57,8567,94.0,3,1786613743829,2026-08-13T16:35:43.829
13148,588aca26ed1bfc095abf2de16bf97b57,8568,94.0,3,1786613744829,2026-08-13T16:35:44.829
13149,588aca26ed1bfc095abf2de16bf97b57,8569,95.0,3,1786613745830,2026-08-13T16:35:45.830
13150,588aca26ed1bfc095abf2de16bf97b57,8570,93.0,3,1786613746830,2026-08-13T16:35:46.830
13151,588aca26ed1bfc095abf2de16bf97b57,8571,93.0,3,1786613747830,2026-08-13T16:35:47.830
13152,588aca26ed1bfc095abf2de16bf97b57,8572,92.0,3,1786613748831,2026-08-13T16:35:48.831
13153,588aca26ed1bfc095abf2de16bf97b57,8573,92.0,3,1786613749830,2026-08-13T16:35:49.830
13154,588aca26ed1bfc095abf2de16bf97b57,8574,92.0,3,1786613750831,2026-08-13T16:35:50.831
13155,588aca26ed1bfc095abf2de16bf97b57,8575,92.0,3,1786613751829,2026-08-13T16:35:51.829
13156,588aca26ed1bfc095abf2de16bf97b57,8576,91.0,3,1786613752829,2026-08-13T16:35:52.829
13157,588aca26ed1bfc095abf2de16bf97b57,8577,91.0,3,1786613753830,2026-08-13T16:35:53.830
13158,588aca26ed1bfc095abf2de16bf97b57,8578,90.0,3,1786613754829,2026-08-13T16:35:54.829
13159,588aca26ed1bfc095abf2de16bf97b57,8579,90.0,3,1786613755830,2026-08-13T16:35:55.830
13160,588aca26ed1bfc095abf2de16bf97b57,8580,90.0,3,1786613756829,2026-08-13T16:35:56.829
13161,588aca26ed1bfc095abf2de16bf97b57,8581,91.0,3,1786613757830,2026-08-13T16:35:57.830
13162,588aca26ed1bfc095abf2de16bf97b57,8582,92.0,3,1786613758830,2026-08-13T16:35:58.830
13163,588aca26ed1bfc095abf2de16bf97b57,8583,93.0,3,1786613759830,2026-08-13T16:35:59.830
13164,588aca26ed1bfc095abf2de16bf97b57,8584,93.0,3,1786613760829,2026-08-13T16:36:00.829
13165,588aca26ed1bfc095abf2de16bf97b57,8585,94.0,3,1786613761829,2026-08-13T16:36:01.829
13166,588aca26ed1bfc095abf2de16bf97b57,8586,93.0,3,1786613762829,2026-08-13T16:36:02.829
13167,588aca26ed1bfc095abf2de16bf97b57,8587,94.0,3,1786613763829,2026-08-13T16:36:03.829
13168,588aca26ed1bfc095abf2de16bf97b57,8588,95.0,3,1786613764829,2026-08-13T16:36:04.829
13169,588aca26ed1bfc095abf2de16bf97b57,8589,95.0,3,1786613765829,2026-08-13T16:36:05.829
13170,588aca26ed1bfc095abf2de16bf97b57,8590,95.0,3,1786613766829,2026-08-13T16:36:06.829
13171,588aca26ed1bfc095abf2de16bf97b57,8591,95.0,3,1786613767829,2026-08-13T16:36:07.829
13172,588aca26ed1bfc095abf2de16bf97b57,8592,95.0,3,1786613768829,2026-08-13T16:36:08.829
13173,588aca26ed1bfc095abf2de16bf97b57,8593,95.0,3,1786613769829,2026-08-13T16:36:09.829
13174,588aca26ed1bfc095abf2de16bf97b57,8594,95.0,3,1786613770830,2026-08-13T16:36:10.830
13175,588aca26ed1bfc095abf2de16bf97b57,8595,95.0,3,1786613771830,2026-08-13T16:36:11.830
13176,588aca26ed1bfc095abf2de16bf97b57,8596,94.0,3,1786613772829,2026-08-13T16:36:12.829
13177,588aca26ed1bfc095abf2de16bf97b57,8597,94.0,3,1786613773829,2026-08-13T16:36:13.829
13178,588aca26ed1bfc095abf2de16bf97b57,8598,93.0,3,1786613774830,2026-08-13T16:36:14.830
13179,588aca26ed1bfc095abf2de16bf97b57,8599,93.0,3,1786613775829,2026-08-13T16:36:15.829
13180,588aca26ed1bfc095abf2de16bf97b57,8600,92.0,3,1786613776830,2026-08-13T16:36:16.830
13181,588aca26ed1bfc095abf2de16bf97b57,8601,92.0,3,1786613777830,2026-08-13T16:36:17.830
13182,588aca26ed1bfc095abf2de16bf97b57,8602,93.0,3,1786613778829,2026-08-13T16:36:18.829
13183,588aca26ed1bfc095abf2de16bf97b57,8603,93.0,3,1786613779829,2026-08-13T16:36:19.829
13184,588aca26ed1bfc095abf2de16bf97b57,8604,93.0,3,1786613780829,2026-08-13T16:36:20.829
13185,588aca26ed1bfc095abf2de16bf97b57,8605,93.0,3,1786613781829,2026-08-13T16:36:21.829
13186,588aca26ed1bfc095abf2de16bf97b57,8606,93.0,3,1786613782830,2026-08-13T16:36:22.830
13187,588aca26ed1bfc095abf2de16bf97b57,8607,94.0,3,1786613783830,2026-08-13T16:36:23.830
13188,588aca26ed1bfc095abf2de16bf97b57,8608,95.0,3,1786613784830,2026-08-13T16:36:24.830
13189,588aca26ed1bfc095abf2de16bf97b57,8609,95.0,3,1786613785829,2026-08-13T16:36:25.829
13190,588aca26ed1bfc095abf2de16bf97b57,8610,95.0,3,1786613786829,2026-08-13T16:36:26.829
13191,588aca26ed1bfc095abf2de16bf97b57,8611,94.0,3,1786613787831,2026-08-13T16:36:27.831
13192,588aca26ed1bfc095abf2de16bf97b57,8612,93.0,3,1786613788829,2026-08-13T16:36:28.829
13193,588aca26ed1bfc095abf2de16bf97b57,8613,92.0,3,1786613789831,2026-08-13T16:36:29.831
13194,588aca26ed1bfc095abf2de16bf97b57,8614,92.0,3,1786613790829,2026-08-13T16:36:30.829
13195,588aca26ed1bfc095abf2de16bf97b57,8615,92.0,3,1786613791829,2026-08-13T16:36:31.829
13196,588aca26ed1bfc095abf2de16bf97b57,8616,93.0,3,1786613792830,2026-08-13T16:36:32.830
13197,588aca26ed1bfc095abf2de16bf97b57,8617,93.0,3,1786613793829,2026-08-13T16:36:33.829
13198,588aca26ed1bfc095abf2de16bf97b57,8618,94.0,3,1786613794829,2026-08-13T16:36:34.829
13199,588aca26ed1bfc095abf2de16bf97b57,8619,95.0,3,1786613795830,2026-08-13T16:36:35.830
13200,588aca26ed1bfc095abf2de16bf97b57,8620,94.0,3,1786613796829,2026-08-13T16:36:36.829
13201,588aca26ed1bfc095abf2de16bf97b57,8621,95.0,3,1786613797830,2026-08-13T16:36:37.830
13202,588aca26ed1bfc095abf2de16bf97b57,8622,96.0,3,1786613798830,2026-08-13T16:36:38.830
13203,588aca26ed1bfc095abf2de16bf97b57,8623,96.0,3,1786613799830,2026-08-13T16:36:39.830
13204,588aca26ed1bfc095abf2de16bf97b57,8624,97.0,3,1786613800830,2026-08-13T16:36:40.830
13205,588aca26ed1bfc095abf2de16bf97b57,8625,98.0,3,1786613801830,2026-08-13T16:36:41.830
13206,588aca26ed1bfc095abf2de16bf97b57,8626,97.0,3,1786613802830,2026-08-13T16:36:42.830
13207,588aca26ed1bfc095abf2de16bf97b57,8627,98.0,3,1786613803830,2026-08-13T16:36:43.830
13208,588aca26ed1bfc095abf2de16bf97b57,8628,99.0,3,1786613804830,2026-08-13T16:36:44.830
13209,588aca26ed1bfc095abf2de16bf97b57,8629,98.0,3,1786613805830,2026-08-13T16:36:45.830
13210,588aca26ed1bfc095abf2de16bf97b57,8630,98.0,3,1786613806835,2026-08-13T16:36:46.835
13211,588aca26ed1bfc095abf2de16bf97b57,8631,98.0,3,1786613807829,2026-08-13T16:36:47.829
13212,588aca26ed1bfc095abf2de16bf97b57,8632,99.0,3,1786613808831,2026-08-13T16:36:48.831
13213,588aca26ed1bfc095abf2de16bf97b57,8633,99.0,3,1786613809830,2026-08-13T16:36:49.830
13214,588aca26ed1bfc095abf2de16bf97b57,8634,101.0,3,1786613810829,2026-08-13T16:36:50.829
13215,588aca26ed1bfc095abf2de16bf97b57,8635,102.0,3,1786613811829,2026-08-13T16:36:51.829
13216,588aca26ed1bfc095abf2de16bf97b57,8636,103.0,3,1786613812829,2026-08-13T16:36:52.829
13217,588aca26ed1bfc095abf2de16bf97b57,8637,103.0,3,1786613813829,2026-08-13T16:36:53.829
13218,588aca26ed1bfc095abf2de16bf97b57,8638,102.0,3,1786613814830,2026-08-13T16:36:54.830
13219,588aca26ed1bfc095abf2de16bf97b57,8639,99.0,3,1786613815829,2026-08-13T16:36:55.829
13220,588aca26ed1bfc095abf2de16bf97b57,8640,100.0,3,1786613816831,2026-08-13T16:36:56.831
13221,588aca26ed1bfc095abf2de16bf97b57,8641,98.0,3,1786613817830,2026-08-13T16:36:57.830
13222,588aca26ed1bfc095abf2de16bf97b57,8642,95.0,3,1786613818829,2026-08-13T16:36:58.829
13223,588aca26ed1bfc095abf2de16bf97b57,8643,94.0,3,1786613819829,2026-08-13T16:36:59.829
13224,588aca26ed1bfc095abf2de16bf97b57,8644,94.0,3,1786613820839,2026-08-13T16:37:00.839
13225,588aca26ed1bfc095abf2de16bf97b57,8645,92.0,3,1786613821837,2026-08-13T16:37:01.837
13226,588aca26ed1bfc095abf2de16bf97b57,8646,92.0,3,1786613822835,2026-08-13T16:37:02.835
13227,588aca26ed1bfc095abf2de16bf97b57,8647,93.0,3,1786613823829,2026-08-13T16:37:03.829
13228,588aca26ed1bfc095abf2de16bf97b57,8648,91.0,3,1786613824831,2026-08-13T16:37:04.831
13229,588aca26ed1bfc095abf2de16bf97b57,8649,90.0,3,1786613825835,2026-08-13T16:37:05.835
13230,588aca26ed1bfc095abf2de16bf97b57,8650,88.0,3,1786613826834,2026-08-13T16:37:06.834
13231,588aca26ed1bfc095abf2de16bf97b57,8651,90.0,3,1786613827829,2026-08-13T16:37:07.829
13232,588aca26ed1bfc095abf2de16bf97b57,8652,91.0,3,1786613828830,2026-08-13T16:37:08.830
13233,588aca26ed1bfc095abf2de16bf97b57,8653,91.0,3,1786613829833,2026-08-13T16:37:09.833
13234,588aca26ed1bfc095abf2de16bf97b57,8654,92.0,3,1786613830842,2026-08-13T16:37:10.842
13235,588aca26ed1bfc095abf2de16bf97b57,8655,94.0,3,1786613831834,2026-08-13T16:37:11.834
13236,588aca26ed1bfc095abf2de16bf97b57,8656,95.0,3,1786613832836,2026-08-13T16:37:12.836
13237,588aca26ed1bfc095abf2de16bf97b57,8657,97.0,3,1786613833836,2026-08-13T16:37:13.836
13238,588aca26ed1bfc095abf2de16bf97b57,8658,97.0,3,1786613834839,2026-08-13T16:37:14.839
13239,588aca26ed1bfc095abf2de16bf97b57,8659,99.0,3,1786613835836,2026-08-13T16:37:15.836
13240,588aca26ed1bfc095abf2de16bf97b57,8660,97.0,3,1786613836829,2026-08-13T16:37:16.829
13241,588aca26ed1bfc095abf2de16bf97b57,8661,95.0,3,1786613837836,2026-08-13T16:37:17.836
13242,588aca26ed1bfc095abf2de16bf97b57,8662,94.0,3,1786613838837,2026-08-13T16:37:18.837
13243,588aca26ed1bfc095abf2de16bf97b57,8663,92.0,3,1786613839838,2026-08-13T16:37:19.838
13244,588aca26ed1bfc095abf2de16bf97b57,8664,90.0,3,1786613840839,2026-08-13T16:37:20.839
13245,588aca26ed1bfc095abf2de16bf97b57,8665,91.0,3,1786613841830,2026-08-13T16:37:21.830
13246,588aca26ed1bfc095abf2de16bf97b57,8666,92.0,3,1786613842839,2026-08-13T16:37:22.839
13247,588aca26ed1bfc095abf2de16bf97b57,8667,92.0,3,1786613843837,2026-08-13T16:37:23.837
13248,588aca26ed1bfc095abf2de16bf97b57,8668,91.0,3,1786613844837,2026-08-13T16:37:24.837
13249,588aca26ed1bfc095abf2de16bf97b57,8669,91.0,3,1786613845840,2026-08-13T16:37:25.840
13250,588aca26ed1bfc095abf2de16bf97b57,8670,92.0,3,1786613846830,2026-08-13T16:37:26.830
13251,588aca26ed1bfc095abf2de16bf97b57,8671,91.0,3,1786613847834,2026-08-13T16:37:27.834
13252,588aca26ed1bfc095abf2de16bf97b57,8672,90.0,3,1786613848839,2026-08-13T16:37:28.839
13253,588aca26ed1bfc095abf2de16bf97b57,8673,89.0,3,1786613849839,2026-08-13T16:37:29.839
13254,588aca26ed1bfc095abf2de16bf97b57,8674,90.0,3,1786613850838,2026-08-13T16:37:30.838
13255,588aca26ed1bfc095abf2de16bf97b57,8675,90.0,3,1786613851838,2026-08-13T16:37:31.838
13256,588aca26ed1bfc095abf2de16bf97b57,8676,90.0,3,1786613852834,2026-08-13T16:37:32.834
13257,588aca26ed1bfc095abf2de16bf97b57,8677,90.0,3,1786613853837,2026-08-13T16:37:33.837
13258,588aca26ed1bfc095abf2de16bf97b57,8678,91.0,3,1786613854839,2026-08-13T16:37:34.839
13259,588aca26ed1bfc095abf2de16bf97b57,8679,91.0,3,1786613855838,2026-08-13T16:37:35.838
13260,588aca26ed1bfc095abf2de16bf97b57,8680,90.0,3,1786613856845,2026-08-13T16:37:36.845
13261,588aca26ed1bfc095abf2de16bf97b57,8681,90.0,3,1786613857836,2026-08-13T16:37:37.836
13262,588aca26ed1bfc095abf2de16bf97b57,8682,91.0,3,1786613858837,2026-08-13T16:37:38.837
13263,588aca26ed1bfc095abf2de16bf97b57,8683,91.0,3,1786613859835,2026-08-13T16:37:39.835
13264,588aca26ed1bfc095abf2de16bf97b57,8684,91.0,3,1786613860848,2026-08-13T16:37:40.848
13265,588aca26ed1bfc095abf2de16bf97b57,8685,91.0,3,1786613861835,2026-08-13T16:37:41.835
13266,588aca26ed1bfc095abf2de16bf97b57,8686,90.0,3,1786613862832,2026-08-13T16:37:42.832
13267,588aca26ed1bfc095abf2de16bf97b57,8687,90.0,3,1786613863833,2026-08-13T16:37:43.833
13268,588aca26ed1bfc095abf2de16bf97b57,8688,90.0,3,1786613864829,2026-08-13T16:37:44.829
13269,588aca26ed1bfc095abf2de16bf97b57,8689,89.0,3,1786613865832,2026-08-13T16:37:45.832
13270,588aca26ed1bfc095abf2de16bf97b57,8690,90.0,3,1786613866832,2026-08-13T16:37:46.832
13271,588aca26ed1bfc095abf2de16bf97b57,8691,93.0,3,1786613867832,2026-08-13T16:37:47.832
13272,588aca26ed1bfc095abf2de16bf97b57,8692,93.0,3,1786613868842,2026-08-13T16:37:48.842
13273,588aca26ed1bfc095abf2de16bf97b57,8693,92.0,3,1786613869835,2026-08-13T16:37:49.835
13274,588aca26ed1bfc095abf2de16bf97b57,8694,90.0,3,1786613870831,2026-08-13T16:37:50.831
13275,588aca26ed1bfc095abf2de16bf97b57,8695,90.0,3,1786613871831,2026-08-13T16:37:51.831
13276,588aca26ed1bfc095abf2de16bf97b57,8696,91.0,3,1786613872830,2026-08-13T16:37:52.830
13277,588aca26ed1bfc095abf2de16bf97b57,8697,90.0,3,1786613873829,2026-08-13T16:37:53.829
13278,588aca26ed1bfc095abf2de16bf97b57,8698,90.0,3,1786613874829,2026-08-13T16:37:54.829
13279,588aca26ed1bfc095abf2de16bf97b57,8699,90.0,3,1786613875830,2026-08-13T16:37:55.830
13280,588aca26ed1bfc095abf2de16bf97b57,8700,89.0,3,1786613876830,2026-08-13T16:37:56.830
13281,588aca26ed1bfc095abf2de16bf97b57,8701,89.0,3,1786613877831,2026-08-13T16:37:57.831
13282,588aca26ed1bfc095abf2de16bf97b57,8702,87.0,3,1786613878830,2026-08-13T16:37:58.830
13283,588aca26ed1bfc095abf2de16bf97b57,8703,87.0,3,1786613879829,2026-08-13T16:37:59.829
13284,588aca26ed1bfc095abf2de16bf97b57,8704,88.0,3,1786613880830,2026-08-13T16:38:00.830
13285,588aca26ed1bfc095abf2de16bf97b57,8705,87.0,3,1786613881830,2026-08-13T16:38:01.830
13286,588aca26ed1bfc095abf2de16bf97b57,8706,87.0,3,1786613882836,2026-08-13T16:38:02.836
13287,588aca26ed1bfc095abf2de16bf97b57,8707,88.0,3,1786613883830,2026-08-13T16:38:03.830
13288,588aca26ed1bfc095abf2de16bf97b57,8708,90.0,3,1786613884830,2026-08-13T16:38:04.830
13289,588aca26ed1bfc095abf2de16bf97b57,8709,88.0,3,1786613885829,2026-08-13T16:38:05.829
13290,588aca26ed1bfc095abf2de16bf97b57,8710,88.0,3,1786613886834,2026-08-13T16:38:06.834
13291,588aca26ed1bfc095abf2de16bf97b57,8711,88.0,3,1786613887829,2026-08-13T16:38:07.829
13292,588aca26ed1bfc095abf2de16bf97b57,8712,89.0,3,1786613888830,2026-08-13T16:38:08.830
13293,588aca26ed1bfc095abf2de16bf97b57,8713,89.0,3,1786613889830,2026-08-13T16:38:09.830
13294,588aca26ed1bfc095abf2de16bf97b57,8714,90.0,3,1786613890830,2026-08-13T16:38:10.830
13295,588aca26ed1bfc095abf2de16bf97b57,8715,90.0,3,1786613891832,2026-08-13T16:38:11.832
13296,588aca26ed1bfc095abf2de16bf97b57,8716,90.0,3,1786613892832,2026-08-13T16:38:12.832
13297,588aca26ed1bfc095abf2de16bf97b57,8717,90.0,3,1786613893831,2026-08-13T16:38:13.831
13298,588aca26ed1bfc095abf2de16bf97b57,8718,90.0,3,1786613894829,2026-08-13T16:38:14.829
13299,588aca26ed1bfc095abf2de16bf97b57,8719,89.0,3,1786613895829,2026-08-13T16:38:15.829
13300,588aca26ed1bfc095abf2de16bf97b57,8720,88.0,3,1786613896845,2026-08-13T16:38:16.845
13301,588aca26ed1bfc095abf2de16bf97b57,8721,91.0,3,1786613897830,2026-08-13T16:38:17.830
13302,588aca26ed1bfc095abf2de16bf97b57,8722,91.0,3,1786613898830,2026-08-13T16:38:18.830
13303,588aca26ed1bfc095abf2de16bf97b57,8723,91.0,3,1786613899830,2026-08-13T16:38:19.830
13304,588aca26ed1bfc095abf2de16bf97b57,8724,90.0,3,1786613900830,2026-08-13T16:38:20.830
13305,588aca26ed1bfc095abf2de16bf97b57,8725,89.0,3,1786613901830,2026-08-13T16:38:21.830
13306,588aca26ed1bfc095abf2de16bf97b57,8726,91.0,3,1786613902832,2026-08-13T16:38:22.832
13307,588aca26ed1bfc095abf2de16bf97b57,8727,92.0,3,1786613903829,2026-08-13T16:38:23.829
13308,588aca26ed1bfc095abf2de16bf97b57,8728,92.0,3,1786613904829,2026-08-13T16:38:24.829
13309,588aca26ed1bfc095abf2de16bf97b57,8729,92.0,3,1786613905829,2026-08-13T16:38:25.829
13310,588aca26ed1bfc095abf2de16bf97b57,8730,92.0,3,1786613906830,2026-08-13T16:38:26.830
13311,588aca26ed1bfc095abf2de16bf97b57,8731,90.0,3,1786613907838,2026-08-13T16:38:27.838
13312,588aca26ed1bfc095abf2de16bf97b57,8732,89.0,3,1786613908839,2026-08-13T16:38:28.839
13313,588aca26ed1bfc095abf2de16bf97b57,8733,88.0,3,1786613909838,2026-08-13T16:38:29.838
13314,588aca26ed1bfc095abf2de16bf97b57,8734,87.0,3,1786613910845,2026-08-13T16:38:30.845
13315,588aca26ed1bfc095abf2de16bf97b57,8735,86.0,3,1786613911836,2026-08-13T16:38:31.836
13316,588aca26ed1bfc095abf2de16bf97b57,8736,87.0,3,1786613912836,2026-08-13T16:38:32.836
13317,588aca26ed1bfc095abf2de16bf97b57,8737,87.0,3,1786613913831,2026-08-13T16:38:33.831
13318,588aca26ed1bfc095abf2de16bf97b57,8738,87.0,3,1786613914834,2026-08-13T16:38:34.834
13319,588aca26ed1bfc095abf2de16bf97b57,8739,88.0,3,1786613915840,2026-08-13T16:38:35.840
13320,588aca26ed1bfc095abf2de16bf97b57,8740,88.0,3,1786613916832,2026-08-13T16:38:36.832
13321,588aca26ed1bfc095abf2de16bf97b57,8741,89.0,3,1786613917834,2026-08-13T16:38:37.834
13322,588aca26ed1bfc095abf2de16bf97b57,8742,90.0,3,1786613918829,2026-08-13T16:38:38.829
13323,588aca26ed1bfc095abf2de16bf97b57,8743,90.0,3,1786613919842,2026-08-13T16:38:39.842
13324,588aca26ed1bfc095abf2de16bf97b57,8744,90.0,3,1786613920830,2026-08-13T16:38:40.830
13325,588aca26ed1bfc095abf2de16bf97b57,8745,91.0,3,1786613921832,2026-08-13T16:38:41.832
13326,588aca26ed1bfc095abf2de16bf97b57,8746,91.0,3,1786613922842,2026-08-13T16:38:42.842
13327,588aca26ed1bfc095abf2de16bf97b57,8747,90.0,3,1786613923834,2026-08-13T16:38:43.834
13328,588aca26ed1bfc095abf2de16bf97b57,8748,90.0,3,1786613924830,2026-08-13T16:38:44.830
13329,588aca26ed1bfc095abf2de16bf97b57,8749,90.0,3,1786613925833,2026-08-13T16:38:45.833
13330,588aca26ed1bfc095abf2de16bf97b57,8750,89.0,3,1786613926833,2026-08-13T16:38:46.833
13331,588aca26ed1bfc095abf2de16bf97b57,8751,89.0,3,1786613927833,2026-08-13T16:38:47.833
13332,588aca26ed1bfc095abf2de16bf97b57,8752,90.0,3,1786613928833,2026-08-13T16:38:48.833
13333,588aca26ed1bfc095abf2de16bf97b57,8753,91.0,3,1786613929830,2026-08-13T16:38:49.830
13334,588aca26ed1bfc095abf2de16bf97b57,8754,92.0,3,1786613930841,2026-08-13T16:38:50.841
13335,588aca26ed1bfc095abf2de16bf97b57,8755,92.0,3,1786613931832,2026-08-13T16:38:51.832
13336,588aca26ed1bfc095abf2de16bf97b57,8756,93.0,3,1786613932831,2026-08-13T16:38:52.831
13337,588aca26ed1bfc095abf2de16bf97b57,8757,94.0,3,1786613933829,2026-08-13T16:38:53.829
13338,588aca26ed1bfc095abf2de16bf97b57,8758,95.0,3,1786613934831,2026-08-13T16:38:54.831
13339,588aca26ed1bfc095abf2de16bf97b57,8759,96.0,3,1786613935830,2026-08-13T16:38:55.830
13340,588aca26ed1bfc095abf2de16bf97b57,8760,96.0,3,1786613936830,2026-08-13T16:38:56.830
13341,588aca26ed1bfc095abf2de16bf97b57,8761,96.0,3,1786613937829,2026-08-13T16:38:57.829
13342,588aca26ed1bfc095abf2de16bf97b57,8762,94.0,3,1786613938839,2026-08-13T16:38:58.839
13343,588aca26ed1bfc095abf2de16bf97b57,8763,93.0,3,1786613939829,2026-08-13T16:38:59.829
13344,588aca26ed1bfc095abf2de16bf97b57,8764,92.0,3,1786613940830,2026-08-13T16:39:00.830
13345,588aca26ed1bfc095abf2de16bf97b57,8765,92.0,3,1786613941829,2026-08-13T16:39:01.829
13346,588aca26ed1bfc095abf2de16bf97b57,8766,93.0,3,1786613942830,2026-08-13T16:39:02.830
13347,588aca26ed1bfc095abf2de16bf97b57,8767,93.0,3,1786613943830,2026-08-13T16:39:03.830
13348,588aca26ed1bfc095abf2de16bf97b57,8768,92.0,3,1786613944829,2026-08-13T16:39:04.829
13349,588aca26ed1bfc095abf2de16bf97b57,8769,91.0,3,1786613945829,2026-08-13T16:39:05.829
13350,588aca26ed1bfc095abf2de16bf97b57,8770,90.0,3,1786613946829,2026-08-13T16:39:06.829
13351,588aca26ed1bfc095abf2de16bf97b57,8771,89.0,3,1786613947829,2026-08-13T16:39:07.829
13352,588aca26ed1bfc095abf2de16bf97b57,8772,88.0,3,1786613948830,2026-08-13T16:39:08.830
13353,588aca26ed1bfc095abf2de16bf97b57,8773,87.0,3,1786613949830,2026-08-13T16:39:09.830
13354,588aca26ed1bfc095abf2de16bf97b57,8774,87.0,3,1786613950829,2026-08-13T16:39:10.829
13355,588aca26ed1bfc095abf2de16bf97b57,8775,87.0,3,1786613951829,2026-08-13T16:39:11.829
13356,588aca26ed1bfc095abf2de16bf97b57,8776,86.0,3,1786613952831,2026-08-13T16:39:12.831
13357,588aca26ed1bfc095abf2de16bf97b57,8777,85.0,3,1786613953832,2026-08-13T16:39:13.832
13358,588aca26ed1bfc095abf2de16bf97b57,8778,85.0,3,1786613954833,2026-08-13T16:39:14.833
13359,588aca26ed1bfc095abf2de16bf97b57,8779,86.0,3,1786613955833,2026-08-13T16:39:15.833
13360,588aca26ed1bfc095abf2de16bf97b57,8780,87.0,3,1786613956830,2026-08-13T16:39:16.830
13361,588aca26ed1bfc095abf2de16bf97b57,8781,88.0,3,1786613957831,2026-08-13T16:39:17.831
13362,588aca26ed1bfc095abf2de16bf97b57,8782,89.0,3,1786613958830,2026-08-13T16:39:18.830
13363,588aca26ed1bfc095abf2de16bf97b57,8783,88.0,3,1786613959831,2026-08-13T16:39:19.831
13364,588aca26ed1bfc095abf2de16bf97b57,8784,89.0,3,1786613960830,2026-08-13T16:39:20.830
13365,588aca26ed1bfc095abf2de16bf97b57,8785,90.0,3,1786613961829,2026-08-13T16:39:21.829
13366,588aca26ed1bfc095abf2de16bf97b57,8786,91.0,3,1786613962830,2026-08-13T16:39:22.830
13367,588aca26ed1bfc095abf2de16bf97b57,8787,92.0,3,1786613963829,2026-08-13T16:39:23.829
13368,588aca26ed1bfc095abf2de16bf97b57,8788,91.0,3,1786613964829,2026-08-13T16:39:24.829
13369,588aca26ed1bfc095abf2de16bf97b57,8789,90.0,3,1786613965829,2026-08-13T16:39:25.829
13370,588aca26ed1bfc095abf2de16bf97b57,8790,89.0,3,1786613966829,2026-08-13T16:39:26.829
13371,588aca26ed1bfc095abf2de16bf97b57,8791,87.0,3,1786613967836,2026-08-13T16:39:27.836
13372,588aca26ed1bfc095abf2de16bf97b57,8792,86.0,3,1786613968829,2026-08-13T16:39:28.829
13373,588aca26ed1bfc095abf2de16bf97b57,8793,85.0,3,1786613969830,2026-08-13T16:39:29.830
13374,588aca26ed1bfc095abf2de16bf97b57,8794,84.0,3,1786613970830,2026-08-13T16:39:30.830
13375,588aca26ed1bfc095abf2de16bf97b57,8795,84.0,3,1786613971830,2026-08-13T16:39:31.830
13376,588aca26ed1bfc095abf2de16bf97b57,8796,83.0,3,1786613972830,2026-08-13T16:39:32.830
13377,588aca26ed1bfc095abf2de16bf97b57,8797,83.0,3,1786613973829,2026-08-13T16:39:33.829
13378,588aca26ed1bfc095abf2de16bf97b57,8798,84.0,3,1786613974829,2026-08-13T16:39:34.829
13379,588aca26ed1bfc095abf2de16bf97b57,8799,84.0,3,1786613975829,2026-08-13T16:39:35.829
13380,588aca26ed1bfc095abf2de16bf97b57,8800,84.0,3,1786613976829,2026-08-13T16:39:36.829
13381,588aca26ed1bfc095abf2de16bf97b57,8801,85.0,3,1786613977830,2026-08-13T16:39:37.830
13382,588aca26ed1bfc095abf2de16bf97b57,8802,85.0,3,1786613978831,2026-08-13T16:39:38.831
13383,588aca26ed1bfc095abf2de16bf97b57,8803,85.0,3,1786613979830,2026-08-13T16:39:39.830
13384,588aca26ed1bfc095abf2de16bf97b57,8804,86.0,3,1786613980829,2026-08-13T16:39:40.829
13385,588aca26ed1bfc095abf2de16bf97b57,8805,87.0,3,1786613981830,2026-08-13T16:39:41.830
13386,588aca26ed1bfc095abf2de16bf97b57,8806,87.0,3,1786613982830,2026-08-13T16:39:42.830
13387,588aca26ed1bfc095abf2de16bf97b57,8807,87.0,3,1786613983829,2026-08-13T16:39:43.829
13388,588aca26ed1bfc095abf2de16bf97b57,8808,85.0,3,1786613984829,2026-08-13T16:39:44.829
13389,588aca26ed1bfc095abf2de16bf97b57,8809,84.0,3,1786613985829,2026-08-13T16:39:45.829
13390,588aca26ed1bfc095abf2de16bf97b57,8810,83.0,3,1786613986829,2026-08-13T16:39:46.829
13391,588aca26ed1bfc095abf2de16bf97b57,8811,83.0,3,1786613987830,2026-08-13T16:39:47.830
13392,588aca26ed1bfc095abf2de16bf97b57,8812,84.0,3,1786613988841,2026-08-13T16:39:48.841
13393,588aca26ed1bfc095abf2de16bf97b57,8813,85.0,3,1786613989839,2026-08-13T16:39:49.839
13394,588aca26ed1bfc095abf2de16bf97b57,8814,85.0,3,1786613990836,2026-08-13T16:39:50.836
13395,588aca26ed1bfc095abf2de16bf97b57,8815,86.0,3,1786613991830,2026-08-13T16:39:51.830
13396,588aca26ed1bfc095abf2de16bf97b57,8816,86.0,3,1786613992837,2026-08-13T16:39:52.837
13397,588aca26ed1bfc095abf2de16bf97b57,8817,87.0,3,1786613993836,2026-08-13T16:39:53.836
13398,588aca26ed1bfc095abf2de16bf97b57,8818,87.0,3,1786613994847,2026-08-13T16:39:54.847
13399,588aca26ed1bfc095abf2de16bf97b57,8819,86.0,3,1786613995836,2026-08-13T16:39:55.836
13400,588aca26ed1bfc095abf2de16bf97b57,8820,86.0,3,1786613996834,2026-08-13T16:39:56.834
13401,588aca26ed1bfc095abf2de16bf97b57,8821,86.0,3,1786613997844,2026-08-13T16:39:57.844
13402,588aca26ed1bfc095abf2de16bf97b57,8822,86.0,3,1786613998835,2026-08-13T16:39:58.835
13403,588aca26ed1bfc095abf2de16bf97b57,8823,86.0,3,1786613999834,2026-08-13T16:39:59.834
13404,588aca26ed1bfc095abf2de16bf97b57,8824,86.0,3,1786614000835,2026-08-13T16:40:00.835
13405,588aca26ed1bfc095abf2de16bf97b57,8825,87.0,3,1786614001835,2026-08-13T16:40:01.835
