id,device_id,bpm,accuracy,time_ms,time_iso,synced,fresh
7572,588aca26ed1bfc095abf2de16bf97b57,89.0,3,1786612748832,2026-08-13T16:19:08.832,1,1
7573,588aca26ed1bfc095abf2de16bf97b57,90.0,3,1786612749829,2026-08-13T16:19:09.829,1,1
7574,588aca26ed1bfc095abf2de16bf97b57,90.0,3,1786612750829,2026-08-13T16:19:10.829,1,1
7575,588aca26ed1bfc095abf2de16bf97b57,91.0,3,1786612751829,2026-08-13T16:19:11.829,1,1
7576,588aca26ed1bfc095abf2de16bf97b57,92.0,3,1786612752830,2026-08-13T16:19:12.830,1,1
7577,588aca26ed1bfc095abf2de16bf97b57,92.0,3,1786612753829,2026-08-13T16:19:13.829,1,1
7578,588aca26ed1bfc095abf2de16bf97b57,93.0,3,1786612754829,2026-08-13T16:19:14.829,1,1
7579,588aca26ed1bfc095abf2de16bf97b57,94.0,3,1786612755829,2026-08-13T16:19:15.829,1,1
7580,588aca26ed1bfc095abf2de16bf97b57,94.0,3,1786612756829,2026-08-13T16:19:16.829,1,1
7581,588aca26ed1bfc095abf2de16bf97b57,94.0,3,1786612757829,2026-08-13T16:19:17.829,1,1
7582,588aca26ed1bfc095abf2de16bf97b57,93.0,3,1786612758829,2026-08-13T16:19:18.829,1,1
7583,588aca26ed1bfc095abf2de16bf97b57,94.0,3,1786612759829,2026-08-13T16:19:19.829,1,1
7584,588aca26ed1bfc095abf2de16bf97b57,93.0,3,1786612760829,2026-08-13T16:19:20.829,1,1
7585,588aca26ed1bfc095abf2de16bf97b57,92.0,3,1786612761829,2026-08-13T16:19:21.829,1,1
7586,588aca26ed1bfc095abf2de16bf97b57,91.0,3,1786612762829,2026-08-13T16:19:22.829,1,1
7587,588aca26ed1bfc095abf2de16bf97b57,91.0,3,1786612763829,2026-08-13T16:19:23.829,1,1
7588,588aca26ed1bfc095abf2de16bf97b57,91.0,3,1786612764829,2026-08-13T16:19:24.829,1,1
7589,588aca26ed1bfc095abf2de16bf97b57,91.0,3,1786612765829,2026-08-13T16:19:25.829,1,1
7590,588aca26ed1bfc095abf2de16bf97b57,91.0,3,1786612766829,2026-08-13T16:19:26.829,1,1
7591,588aca26ed1bfc095abf2de16bf97b57,91.0,3,1786612767829,2026-08-13T16:19:27.829,1,1
7592,588aca26ed1bfc095abf2de16bf97b57,91.0,3,1786612768830,2026-08-13T16:19:28.830,1,1
7593,588aca26ed1bfc095abf2de16bf97b57,92.0,3,1786612769829,2026-08-13T16:19:29.829,1,1
7594,588aca26ed1bfc095abf2de16bf97b57,92.0,3,1786612770829,2026-08-13T16:19:30.829,1,1
7595,588aca26ed1bfc095abf2de16bf97b57,91.0,3,1786612771830,2026-08-13T16:19:31.830,1,1
7596,588aca26ed1bfc095abf2de16bf97b57,91.0,3,1786612772829,2026-08-13T16:19:32.829,1,1
7597,588aca26ed1bfc095abf2de16bf97b57,91.0,3,1786612773829,2026-08-13T16:19:33.829,1,1
7598,588aca26ed1bfc095abf2de16bf97b57,90.0,3,1786612774829,2026-08-13T16:19:34.829,1,1
7599,588aca26ed1bfc095abf2de16bf97b57,89.0,3,1786612775829,2026-08-13T16:19:35.829,1,1
7600,588aca26ed1bfc095abf2de16bf97b57,89.0,3,1786612776829,2026-08-13T16:19:36.829,1,1
7601,588aca26ed1bfc095abf2de16bf97b57,89.0,3,1786612777829,2026-08-13T16:19:37.829,1,1
7602,588aca26ed1bfc095abf2de16bf97b57,90.0,3,1786612778829,2026-08-13T16:19:38.829,1,1
7603,588aca26ed1bfc095abf2de16bf97b57,91.0,3,1786612779829,2026-08-13T16:19:39.829,1,1
7604,588aca26ed1bfc095abf2de16bf97b57,92.0,3,1786612780830,2026-08-13T16:19:40.830,1,1
7605,588aca26ed1bfc095abf2de16bf97b57,91.0,3,1786612781829,2026-08-13T16:19:41.829,1,1
7606,588aca26ed1bfc095abf2de16bf97b57,90.0,3,1786612782839,2026-08-13T16:19:42.839,1,1
7607,588aca26ed1bfc095abf2de16bf97b57,89.0,3,1786612783832,2026-08-13T16:19:43.832,1,1
7608,588aca26ed1bfc095abf2de16bf97b57,88.0,3,1786612784831,2026-08-13T16:19:44.831,1,1
7609,588aca26ed1bfc095abf2de16bf97b57,87.0,3,1786612785838,2026-08-13T16:19:45.838,1,1
7610,588aca26ed1bfc095abf2de16bf97b57,87.0,3,1786612786835,2026-08-13T16:19:46.835,1,1
7611,588aca26ed1bfc095abf2de16bf97b57,87.0,3,1786612787833,2026-08-13T16:19:47.833,1,1
7612,588aca26ed1bfc095abf2de16bf97b57,86.0,3,1786612788829,2026-08-13T16:19:48.829,1,1
7613,588aca26ed1bfc095abf2de16bf97b57,86.0,3,1786612789829,2026-08-13T16:19:49.829,1,1
7614,588aca26ed1bfc095abf2de16bf97b57,86.0,3,1786612790833,2026-08-13T16:19:50.833,1,1
7615,588aca26ed1bfc095abf2de16bf97b57,85.0,3,1786612791833,2026-08-13T16:19:51.833,1,1
7616,588aca26ed1bfc095abf2de16bf97b57,85.0,3,1786612792832,2026-08-13T16:19:52.832,1,1
7617,588aca26ed1bfc095abf2de16bf97b57,85.0,3,1786612793830,2026-08-13T16:19:53.830,1,1
7618,588aca26ed1bfc095abf2de16bf97b57,84.0,3,1786612794830,2026-08-13T16:19:54.830,1,1
7619,588aca26ed1bfc095abf2de16bf97b57,84.0,3,1786612795835,2026-08-13T16:19:55.835,1,1
7620,588aca26ed1bfc095abf2de16bf97b57,84.0,3,1786612796834,2026-08-13T16:19:56.834,1,1
7621,588aca26ed1bfc095abf2de16bf97b57,85.0,3,1786612797836,2026-08-13T16:19:57.836,1,1
7622,588aca26ed1bfc095abf2de16bf97b57,85.0,3,1786612798837,2026-08-13T16:19:58.837,1,1
7623,588aca26ed1bfc095abf2de16bf97b57,86.0,3,1786612799829,2026-08-13T16:19:59.829,1,1
7624,588aca26ed1bfc095abf2de16bf97b57,87.0,3,1786612800836,2026-08-13T16:20:00.836,1,1
7625,588aca26ed1bfc095abf2de16bf97b57,88.0,3,1786612801835,2026-08-13T16:20:01.835,1,1
7626,588aca26ed1bfc095abf2de16bf97b57,87.0,3,1786612802836,2026-08-13T16:20:02.836,1,1
7627,588aca26ed1bfc095abf2de16bf97b57,87.0,3,1786612803832,2026-08-13T16:20:03.832,1,1
7628,588aca26ed1bfc095abf2de16bf97b57,86.0,3,1786612804834,2026-08-13T16:20:04.834,1,1
7629,588aca26ed1bfc095abf2de16bf97b57,86.0,3,1786612805838,2026-08-13T16:20:05.838,1,1
7630,588aca26ed1bfc095abf2de16bf97b57,87.0,3,1786612806834,2026-08-13T16:20:06.834,1,1
7631,588aca26ed1bfc095abf2de16bf97b57,88.0,3,1786612807835,2026-08-13T16:20:07.835,1,1
7632,588aca26ed1bfc095abf2de16bf97b57,88.0,3,1786612808834,2026-08-13T16:20:08.834,1,1
7633,588aca26ed1bfc095abf2de16bf97b57,89.0,3,1786612809835,2026-08-13T16:20:09.835,1,1
7634,588aca26ed1bfc095abf2de16bf97b57,90.0,3,1786612810829,2026-08-13T16:20:10.829,1,1
7635,588aca26ed1bfc095abf2de16bf97b57,91.0,3,1786612811835,2026-08-13T16:20:11.835,1,1
7636,588aca26ed1bfc095abf2de16bf97b57,92.0,3,1786612812831,2026-08-13T16:20:12.831,1,1
7637,588aca26ed1bfc095abf2de16bf97b57,94.0,3,1786612813835,2026-08-13T16:20:13.835,1,1
7638,588aca26ed1bfc095abf2de16bf97b57,95.0,3,1786612814829,2026-08-13T16:20:14.829,1,1
7639,588aca26ed1bfc095abf2de16bf97b57,96.0,3,1786612815830,2026-08-13T16:20:15.830,1,1
7640,588aca26ed1bfc095abf2de16bf97b57,96.0,3,1786612816896,2026-08-13T16:20:16.896,1,1
7641,588aca26ed1bfc095abf2de16bf97b57,96.0,3,1786612817830,2026-08-13T16:20:17.830,1,1
7642,588aca26ed1bfc095abf2de16bf97b57,95.0,3,1786612818832,2026-08-13T16:20:18.832,1,1
7643,588aca26ed1bfc095abf2de16bf97b57,94.0,3,1786612819832,2026-08-13T16:20:19.832,1,1
7644,588aca26ed1bfc095abf2de16bf97b57,92.0,3,1786612820831,2026-08-13T16:20:20.831,1,1
7645,588aca26ed1bfc095abf2de16bf97b57,91.0,3,1786612821832,2026-08-13T16:20:21.832,1,1
7646,588aca26ed1bfc095abf2de16bf97b57,92.0,3,1786612822829,2026-08-13T16:20:22.829,1,1
7647,588aca26ed1bfc095abf2de16bf97b57,92.0,3,1786612823829,2026-08-13T16:20:23.829,1,1
7648,588aca26ed1bfc095abf2de16bf97b57,92.0,3,1786612824831,2026-08-13T16:20:24.831,1,1
7649,588aca26ed1bfc095abf2de16bf97b57,93.0,3,1786612825834,2026-08-13T16:20:25.834,1,1
7650,588aca26ed1bfc095abf2de16bf97b57,93.0,3,1786612826829,2026-08-13T16:20:26.829,1,1
7651,588aca26ed1bfc095abf2de16bf97b57,94.0,3,1786612827834,2026-08-13T16:20:27.834,1,1
7652,588aca26ed1bfc095abf2de16bf97b57,95.0,3,1786612828829,2026-08-13T16:20:28.829,1,1
7653,588aca26ed1bfc095abf2de16bf97b57,96.0,3,1786612829829,2026-08-13T16:20:29.829,1,1
7654,588aca26ed1bfc095abf2de16bf97b57,96.0,3,1786612830830,2026-08-13T16:20:30.830,1,1
7655,588aca26ed1bfc095abf2de16bf97b57,96.0,3,1786612831829,2026-08-13T16:20:31.829,1,1
7656,588aca26ed1bfc095abf2de16bf97b57,96.0,3,1786612832830,2026-08-13T16:20:32.830,1,1
7657,588aca26ed1bfc095abf2de16bf97b57,95.0,3,1786612833830,2026-08-13T16:20:33.830,1,1
7658,588aca26ed1bfc095abf2de16bf97b57,95.0,3,1786612834829,2026-08-13T16:20:34.829,1,1
7659,588aca26ed1bfc095abf2de16bf97b57,96.0,3,1786612835829,2026-08-13T16:20:35.829,1,1
7660,588aca26ed1bfc095abf2de16bf97b57,96.0,3,1786612836829,2026-08-13T16:20:36.829,1,1
7661,588aca26ed1bfc095abf2de16bf97b57,97.0,3,1786612837830,2026-08-13T16:20:37.830,1,1
7662,588aca26ed1bfc095abf2de16bf97b57,98.0,3,1786612838829,2026-08-13T16:20:38.829,1,1
7663,588aca26ed1bfc095abf2de16bf97b57,100.0,3,1786612839833,2026-08-13T16:20:39.833,1,1
7664,588aca26ed1bfc095abf2de16bf97b57,99.0,3,1786612840830,2026-08-13T16:20:40.830,1,1
7665,588aca26ed1bfc095abf2de16bf97b57,100.0,3,1786612841831,2026-08-13T16:20:41.831,1,1
7666,588aca26ed1bfc095abf2de16bf97b57,102.0,3,1786612842830,2026-08-13T16:20:42.830,1,1
7667,588aca26ed1bfc095abf2de16bf97b57,102.0,3,1786612843832,2026-08-13T16:20:43.832,1,1
7668,588aca26ed1bfc095abf2de16bf97b57,102.0,3,1786612844831,2026-08-13T16:20:44.831,1,1
7669,588aca26ed1bfc095abf2de16bf97b57,101.0,3,1786612845830,2026-08-13T16:20:45.830,1,1
7670,588aca26ed1bfc095abf2de16bf97b57,101.0,3,1786612846830,2026-08-13T16:20:46.830,1,1
7671,588aca26ed1bfc095abf2de16bf97b57,100.0,3,1786612847829,2026-08-13T16:20:47.829,1,1
7672,588aca26ed1bfc095abf2de16bf97b57,101.0,3,1786612848834,2026-08-13T16:20:48.834,1,1
7673,588aca26ed1bfc095abf2de16bf97b57,102.0,3,1786612849829,2026-08-13T16:20:49.829,1,1
7674,588aca26ed1bfc095abf2de16bf97b57,104.0,3,1786612850830,2026-08-13T16:20:50.830,1,1
7675,588aca26ed1bfc095abf2de16bf97b57,106.0,3,1786612851830,2026-08-13T16:20:51.830,1,1
7676,588aca26ed1bfc095abf2de16bf97b57,105.0,3,1786612852831,2026-08-13T16:20:52.831,1,1
7677,588aca26ed1bfc095abf2de16bf97b57,107.0,3,1786612853830,2026-08-13T16:20:53.830,1,1
7678,588aca26ed1bfc095abf2de16bf97b57,107.0,3,1786612854830,2026-08-13T16:20:54.830,1,1
7679,588aca26ed1bfc095abf2de16bf97b57,106.0,3,1786612855830,2026-08-13T16:20:55.830,1,1
7680,588aca26ed1bfc095abf2de16bf97b57,104.0,3,1786612856829,2026-08-13T16:20:56.829,1,1
7681,588aca26ed1bfc095abf2de16bf97b57,103.0,3,1786612857830,2026-08-13T16:20:57.830,1,1
7682,588aca26ed1bfc095abf2de16bf97b57,102.0,3,1786612858829,2026-08-13T16:20:58.829,1,1
7683,588aca26ed1bfc095abf2de16bf97b57,102.0,3,1786612859830,2026-08-13T16:20:59.830,1,1
7684,588aca26ed1bfc095abf2de16bf97b57,102.0,3,1786612860830,2026-08-13T16:21:00.830,1,1
7685,588aca26ed1bfc095abf2de16bf97b57,103.0,3,1786612861830,2026-08-13T16:21:01.830,1,1
7686,588aca26ed1bfc095abf2de16bf97b57,104.0,3,1786612862830,2026-08-13T16:21:02.830,1,1
7687,588aca26ed1bfc095abf2de16bf97b57,103.0,3,1786612863829,2026-08-13T16:21:03.829,1,1
7688,588aca26ed1bfc095abf2de16bf97b57,104.0,3,1786612864830,2026-08-13T16:21:04.830,1,1
7689,588aca26ed1bfc095abf2de16bf97b57,106.0,3,1786612865839,2026-08-13T16:21:05.839,1,1
7690,588aca26ed1bfc095abf2de16bf97b57,108.0,3,1786612866836,2026-08-13T16:21:06.836,1,1
7691,588aca26ed1bfc095abf2de16bf97b57,110.0,3,1786612867830,2026-08-13T16:21:07.830,1,1
7692,588aca26ed1bfc095abf2de16bf97b57,110.0,3,1786612868830,2026-08-13T16:21:08.830,1,1
7693,588aca26ed1bfc095abf2de16bf97b57,110.0,3,1786612869831,2026-08-13T16:21:09.831,1,1
7694,588aca26ed1bfc095abf2de16bf97b57,110.0,3,1786612870839,2026-08-13T16:21:10.839,1,1
7695,588aca26ed1bfc095abf2de16bf97b57,110.0,3,1786612871834,2026-08-13T16:21:11.834,1,1
7696,588aca26ed1bfc095abf2de16bf97b57,110.0,3,1786612872835,2026-08-13T16:21:12.835,1,1
7697,588aca26ed1bfc095abf2de16bf97b57,110.0,3,1786612873836,2026-08-13T16:21:13.836,1,1
7698,588aca26ed1bfc095abf2de16bf97b57,109.0,3,1786612874835,2026-08-13T16:21:14.835,1,1
7699,588aca26ed1bfc095abf2de16bf97b57,108.0,3,1786612875831,2026-08-13T16:21:15.831,1,1
7700,588aca26ed1bfc095abf2de16bf97b57,107.0,3,1786612876832,2026-08-13T16:21:16.832,1,1
7701,588aca26ed1bfc095abf2de16bf97b57,107.0,3,1786612877830,2026-08-13T16:21:17.830,1,1
7702,588aca26ed1bfc095abf2de16bf97b57,107.0,3,1786612878831,2026-08-13T16:21:18.831,1,1
7703,588aca26ed1bfc095abf2de16bf97b57,107.0,3,1786612879829,2026-08-13T16:21:19.829,1,1
7704,588aca26ed1bfc095abf2de16bf97b57,106.0,3,1786612880829,2026-08-13T16:21:20.829,1,1
7705,588aca26ed1bfc095abf2de16bf97b57,106.0,3,1786612881830,2026-08-13T16:21:21.830,1,1
7706,588aca26ed1bfc095abf2de16bf97b57,105.0,3,1786612882830,2026-08-13T16:21:22.830,1,1
7707,588aca26ed1bfc095abf2de16bf97b57,104.0,3,1786612883830,2026-08-13T16:21:23.830,1,1
7708,588aca26ed1bfc095abf2de16bf97b57,103.0,3,1786612884832,2026-08-13T16:21:24.832,1,1
7709,588aca26ed1bfc095abf2de16bf97b57,102.0,3,1786612885830,2026-08-13T16:21:25.830,1,1
7710,588aca26ed1bfc095abf2de16bf97b57,101.0,3,1786612886830,2026-08-13T16:21:26.830,1,1
7711,588aca26ed1bfc095abf2de16bf97b57,99.0,3,1786612887834,2026-08-13T16:21:27.834,1,1
7712,588aca26ed1bfc095abf2de16bf97b57,96.0,3,1786612888830,2026-08-13T16:21:28.830,1,1
7713,588aca26ed1bfc095abf2de16bf97b57,93.0,3,1786612889829,2026-08-13T16:21:29.829,1,1
7714,588aca26ed1bfc095abf2de16bf97b57,91.0,3,1786612890830,2026-08-13T16:21:30.830,1,1
7715,588aca26ed1bfc095abf2de16bf97b57,91.0,3,1786612891829,2026-08-13T16:21:31.829,1,1
7716,588aca26ed1bfc095abf2de16bf97b57,91.0,3,1786612892829,2026-08-13T16:21:32.829,1,1
7717,588aca26ed1bfc095abf2de16bf97b57,90.0,3,1786612893830,2026-08-13T16:21:33.830,1,1
7718,588aca26ed1bfc095abf2de16bf97b57,89.0,3,1786612894829,2026-08-13T16:21:34.829,1,1
7719,588aca26ed1bfc095abf2de16bf97b57,89.0,3,1786612895836,2026-08-13T16:21:35.836,1,1
7720,588aca26ed1bfc095abf2de16bf97b57,89.0,3,1786612896837,2026-08-13T16:21:36.837,1,1
7721,588aca26ed1bfc095abf2de16bf97b57,89.0,3,1786612897832,2026-08-13T16:21:37.832,1,1
7722,588aca26ed1bfc095abf2de16bf97b57,88.0,3,1786612898833,2026-08-13T16:21:38.833,1,1
7723,588aca26ed1bfc095abf2de16bf97b57,89.0,3,1786612899829,2026-08-13T16:21:39.829,1,1
7724,588aca26ed1bfc095abf2de16bf97b57,90.0,3,1786612900830,2026-08-13T16:21:40.830,1,1
7725,588aca26ed1bfc095abf2de16bf97b57,90.0,3,1786612901838,2026-08-13T16:21:41.838,1,1
7726,588aca26ed1bfc095abf2de16bf97b57,90.0,3,1786612902837,2026-08-13T16:21:42.837,1,1
7727,588aca26ed1bfc095abf2de16bf97b57,91.0,3,1786612903842,2026-08-13T16:21:43.842,1,1
7728,588aca26ed1bfc095abf2de16bf97b57,92.0,3,1786612904840,2026-08-13T16:21:44.840,1,1
7729,588aca26ed1bfc095abf2de16bf97b57,93.0,3,1786612905839,2026-08-13T16:21:45.839,1,1
7730,588aca26ed1bfc095abf2de16bf97b57,94.0,3,1786612906829,2026-08-13T16:21:46.829,1,1
7731,588aca26ed1bfc095abf2de16bf97b57,94.0,3,1786612907835,2026-08-13T16:21:47.835,1,0
7732,588aca26ed1bfc095abf2de16bf97b57,96.0,3,1786612908830,2026-08-13T16:21:48.830,1,1
7733,588aca26ed1bfc095abf2de16bf97b57,95.0,3,1786612909834,2026-08-13T16:21:49.834,1,1
7734,588aca26ed1bfc095abf2de16bf97b57,95.0,3,1786612910832,2026-08-13T16:21:50.832,1,0
7735,588aca26ed1bfc095abf2de16bf97b57,95.0,3,1786612911829,2026-08-13T16:21:51.829,1,1
7736,588aca26ed1bfc095abf2de16bf97b57,94.0,3,1786612912833,2026-08-13T16:21:52.833,1,1
7737,588aca26ed1bfc095abf2de16bf97b57,93.0,3,1786612913829,2026-08-13T16:21:53.829,1,1
7738,588aca26ed1bfc095abf2de16bf97b57,94.0,3,1786612914830,2026-08-13T16:21:54.830,1,1
7739,588aca26ed1bfc095abf2de16bf97b57,94.0,3,1786612915829,2026-08-13T16:21:55.829,1,1
7740,588aca26ed1bfc095abf2de16bf97b57,93.0,3,1786612916834,2026-08-13T16:21:56.834,1,1
7741,588aca26ed1bfc095abf2de16bf97b57,92.0,3,1786612917829,2026-08-13T16:21:57.829,1,1
7742,588aca26ed1bfc095abf2de16bf97b57,91.0,3,1786612918830,2026-08-13T16:21:58.830,1,1
7743,588aca26ed1bfc095abf2de16bf97b57,90.0,3,1786612919830,2026-08-13T16:21:59.830,1,1
7744,588aca26ed1bfc095abf2de16bf97b57,90.0,3,1786612920830,2026-08-13T16:22:00.830,1,1
7745,588aca26ed1bfc095abf2de16bf97b57,89.0,3,1786612921829,2026-08-13T16:22:01.829,1,1
7746,588aca26ed1bfc095abf2de16bf97b57,89.0,3,1786612922830,2026-08-13T16:22:02.830,1,1
7747,588aca26ed1bfc095abf2de16bf97b57,89.0,3,1786612923831,2026-08-13T16:22:03.831,1,1
7748,588aca26ed1bfc095abf2de16bf97b57,89.0,3,1786612924829,2026-08-13T16:22:04.829,1,1
7749,588aca26ed1bfc095abf2de16bf97b57,88.0,3,1786612925829,2026-08-13T16:22:05.829,1,1
7750,588aca26ed1bfc095abf2de16bf97b57,88.0,3,1786612926830,2026-08-13T16:22:06.830,1,1
7751,588aca26ed1bfc095abf2de16bf97b57,89.0,3,1786612927829,2026-08-13T16:22:07.829,1,1
7752,588aca26ed1bfc095abf2de16bf97b57,90.0,3,1786612928830,2026-08-13T16:22:08.830,1,1
7753,588aca26ed1bfc095abf2de16bf97b57,91.0,3,1786612929830,2026-08-13T16:22:09.830,1,1
7754,588aca26ed1bfc095abf2de16bf97b57,91.0,3,1786612930830,2026-08-13T16:22:10.830,1,1
7755,588aca26ed1bfc095abf2de16bf97b57,92.0,3,1786612931829,2026-08-13T16:22:11.829,1,1
7756,588aca26ed1bfc095abf2de16bf97b57,92.0,3,1786612932829,2026-08-13T16:22:12.829,1,1
7757,588aca26ed1bfc095abf2de16bf97b57,92.0,3,1786612933829,2026-08-13T16:22:13.829,1,1
7758,588aca26ed1bfc095abf2de16bf97b57,93.0,3,1786612934830,2026-08-13T16:22:14.830,1,1
7759,588aca26ed1bfc095abf2de16bf97b57,92.0,3,1786612935830,2026-08-13T16:22:15.830,1,1
7760,588aca26ed1bfc095abf2de16bf97b57,91.0,3,1786612936830,2026-08-13T16:22:16.830,1,1
7761,588aca26ed1bfc095abf2de16bf97b57,91.0,3,1786612937830,2026-08-13T16:22:17.830,1,1
7762,588aca26ed1bfc095abf2de16bf97b57,91.0,3,1786612938829,2026-08-13T16:22:18.829,1,1
7763,588aca26ed1bfc095abf2de16bf97b57,92.0,3,1786612939830,2026-08-13T16:22:19.830,1,1
7764,588aca26ed1bfc095abf2de16bf97b57,92.0,3,1786612940830,2026-08-13T16:22:20.830,1,1
7765,588aca26ed1bfc095abf2de16bf97b57,93.0,3,1786612941831,2026-08-13T16:22:21.831,1,1
7766,588aca26ed1bfc095abf2de16bf97b57,92.0,3,1786612942830,2026-08-13T16:22:22.830,1,1
7767,588aca26ed1bfc095abf2de16bf97b57,92.0,3,1786612943830,2026-08-13T16:22:23.830,1,1
7768,588aca26ed1bfc095abf2de16bf97b57,92.0,3,1786612944830,2026-08-13T16:22:24.830,1,1
7769,588aca26ed1bfc095abf2de16bf97b57,92.0,3,1786612945829,2026-08-13T16:22:25.829,1,1
7770,588aca26ed1bfc095abf2de16bf97b57,91.0,3,1786612946830,2026-08-13T16:22:26.830,1,1
7771,588aca26ed1bfc095abf2de16bf97b57,91.0,3,1786612947829,2026-08-13T16:22:27.829,1,1
7772,588aca26ed1bfc095abf2de16bf97b57,91.0,3,1786612948829,2026-08-13T16:22:28.829,1,1
7773,588aca26ed1bfc095abf2de16bf97b57,91.0,3,1786612949829,2026-08-13T16:22:29.829,1,1
7774,588aca26ed1bfc095abf2de16bf97b57,91.0,3,1786612950830,2026-08-13T16:22:30.830,1,1
7775,588aca26ed1bfc095abf2de16bf97b57,92.0,3,1786612951831,2026-08-13T16:22:31.831,1,1
7776,588aca26ed1bfc095abf2de16bf97b57,92.0,3,1786612952832,2026-08-13T16:22:32.832,1,1
7777,588aca26ed1bfc095abf2de16bf97b57,93.0,3,1786612953835,2026-08-13T16:22:33.835,1,1
7778,588aca26ed1bfc095abf2de16bf97b57,95.0,3,1786612954835,2026-08-13T16:22:34.835,1,1
7779,588aca26ed1bfc095abf2de16bf97b57,95.0,3,1786612955836,2026-08-13T16:22:35.836,1,1
7780,588aca26ed1bfc095abf2de16bf97b57,97.0,3,1786612956836,2026-08-13T16:22:36.836,1,1
7781,588aca26ed1bfc095abf2de16bf97b57,97.0,3,1786612957837,2026-08-13T16:22:37.837,1,1
7782,588aca26ed1bfc095abf2de16bf97b57,97.0,3,1786612958836,2026-08-13T16:22:38.836,1,1
7783,588aca26ed1bfc095abf2de16bf97b57,97.0,3,1786612959836,2026-08-13T16:22:39.836,1,1
7784,588aca26ed1bfc095abf2de16bf97b57,97.0,3,1786612960830,2026-08-13T16:22:40.830,1,1
7785,588aca26ed1bfc095abf2de16bf97b57,97.0,3,1786612961830,2026-08-13T16:22:41.830,1,1
7786,588aca26ed1bfc095abf2de16bf97b57,97.0,3,1786612962829,2026-08-13T16:22:42.829,1,1
7787,588aca26ed1bfc095abf2de16bf97b57,97.0,3,1786612963829,2026-08-13T16:22:43.829,1,1
7788,588aca26ed1bfc095abf2de16bf97b57,96.0,3,1786612964829,2026-08-13T16:22:44.829,1,1
7789,588aca26ed1bfc095abf2de16bf97b57,96.0,3,1786612965829,2026-08-13T16:22:45.829,1,1
7790,588aca26ed1bfc095abf2de16bf97b57,96.0,3,1786612966829,2026-08-13T16:22:46.829,1,1
7791,588aca26ed1bfc095abf2de16bf97b57,96.0,3,1786612967830,2026-08-13T16:22:47.830,1,1
7792,588aca26ed1bfc095abf2de16bf97b57,96.0,3,1786612968829,2026-08-13T16:22:48.829,1,1
7793,588aca26ed1bfc095abf2de16bf97b57,95.0,3,1786612969830,2026-08-13T16:22:49.830,1,1
7794,588aca26ed1bfc095abf2de16bf97b57,95.0,3,1786612970830,2026-08-13T16:22:50.830,1,1
7795,588aca26ed1bfc095abf2de16bf97b57,95.0,3,1786612971829,2026-08-13T16:22:51.829,1,1
7796,588aca26ed1bfc095abf2de16bf97b57,94.0,3,1786612972829,2026-08-13T16:22:52.829,1,1
7797,588aca26ed1bfc095abf2de16bf97b57,94.0,3,1786612973829,2026-08-13T16:22:53.829,1,1
7798,588aca26ed1bfc095abf2de16bf97b57,94.0,3,1786612974830,2026-08-13T16:22:54.830,1,1
7799,588aca26ed1bfc095abf2de16bf97b57,95.0,3,1786612975829,2026-08-13T16:22:55.829,1,1
7800,588aca26ed1bfc095abf2de16bf97b57,95.0,3,1786612976832,2026-08-13T16:22:56.832,1,1
7801,588aca26ed1bfc095abf2de16bf97b57,96.0,3,1786612977829,2026-08-13T16:22:57.829,1,1
7802,588aca26ed1bfc095abf2de16bf97b57,96.0,3,1786612978830,2026-08-13T16:22:58.830,1,1
7803,588aca26ed1bfc095abf2de16bf97b57,95.0,3,1786612979831,2026-08-13T16:22:59.831,1,1
7804,588aca26ed1bfc095abf2de16bf97b57,95.0,3,1786612980829,2026-08-13T16:23:00.829,1,1
7805,588aca26ed1bfc095abf2de16bf97b57,95.0,3,1786612981831,2026-08-13T16:23:01.831,1,1
7806,588aca26ed1bfc095abf2de16bf97b57,95.0,3,1786612982830,2026-08-13T16:23:02.830,1,1
7807,588aca26ed1bfc095abf2de16bf97b57,97.0,3,1786612983830,2026-08-13T16:23:03.830,1,1
7808,588aca26ed1bfc095abf2de16bf97b57,99.0,3,1786612984830,2026-08-13T16:23:04.830,1,1
7809,588aca26ed1bfc095abf2de16bf97b57,99.0,3,1786612985832,2026-08-13T16:23:05.832,1,1
7810,588aca26ed1bfc095abf2de16bf97b57,99.0,3,1786612986833,2026-08-13T16:23:06.833,1,1
7811,588aca26ed1bfc095abf2de16bf97b57,100.0,3,1786612987830,2026-08-13T16:23:07.830,1,1
7812,588aca26ed1bfc095abf2de16bf97b57,101.0,3,1786612988829,2026-08-13T16:23:08.829,1,1
7813,588aca26ed1bfc095abf2de16bf97b57,100.0,3,1786612989829,2026-08-13T16:23:09.829,1,1
7814,588aca26ed1bfc095abf2de16bf97b57,100.0,3,1786612990829,2026-08-13T16:23:10.829,1,1
7815,588aca26ed1bfc095abf2de16bf97b57,99.0,3,1786612991829,2026-08-13T16:23:11.829,1,1
7816,588aca26ed1bfc095abf2de16bf97b57,99.0,3,1786612992829,2026-08-13T16:23:12.829,1,1
7817,588aca26ed1bfc095abf2de16bf97b57,98.0,3,1786612993829,2026-08-13T16:23:13.829,1,1
7818,588aca26ed1bfc095abf2de16bf97b57,97.0,3,1786612994829,2026-08-13T16:23:14.829,1,1
7819,588aca26ed1bfc095abf2de16bf97b57,98.0,3,1786612995829,2026-08-13T16:23:15.829,1,1
7820,588aca26ed1bfc095abf2de16bf97b57,98.0,3,1786612996830,2026-08-13T16:23:16.830,1,1
7821,588aca26ed1bfc095abf2de16bf97b57,98.0,3,1786612997830,2026-08-13T16:23:17.830,1,1
7822,588aca26ed1bfc095abf2de16bf97b57,97.0,3,1786612998829,2026-08-13T16:23:18.829,1,1
7823,588aca26ed1bfc095abf2de16bf97b57,96.0,3,1786612999830,2026-08-13T16:23:19.830,1,1
7824,588aca26ed1bfc095abf2de16bf97b57,95.0,3,1786613000829,2026-08-13T16:23:20.829,1,1
7825,588aca26ed1bfc095abf2de16bf97b57,93.0,3,1786613001830,2026-08-13T16:23:21.830,1,1
7826,588aca26ed1bfc095abf2de16bf97b57,91.0,3,1786613002829,2026-08-13T16:23:22.829,1,1
7827,588aca26ed1bfc095abf2de16bf97b57,91.0,3,1786613003829,2026-08-13T16:23:23.829,1,1
7828,588aca26ed1bfc095abf2de16bf97b57,91.0,3,1786613004830,2026-08-13T16:23:24.830,1,1
7829,588aca26ed1bfc095abf2de16bf97b57,91.0,3,1786613005830,2026-08-13T16:23:25.830,1,1
7830,588aca26ed1bfc095abf2de16bf97b57,91.0,3,1786613006830,2026-08-13T16:23:26.830,1,1
7831,588aca26ed1bfc095abf2de16bf97b57,92.0,3,1786613007829,2026-08-13T16:23:27.829,1,1
7832,588aca26ed1bfc095abf2de16bf97b57,93.0,3,1786613008829,2026-08-13T16:23:28.829,1,1
7833,588aca26ed1bfc095abf2de16bf97b57,92.0,3,1786613009829,2026-08-13T16:23:29.829,1,1
7834,588aca26ed1bfc095abf2de16bf97b57,92.0,3,1786613010829,2026-08-13T16:23:30.829,1,1
7835,588aca26ed1bfc095abf2de16bf97b57,91.0,3,1786613011829,2026-08-13T16:23:31.829,1,1
7836,588aca26ed1bfc095abf2de16bf97b57,90.0,3,1786613012829,2026-08-13T16:23:32.829,1,1
7837,588aca26ed1bfc095abf2de16bf97b57,90.0,3,1786613013829,2026-08-13T16:23:33.829,1,1
7838,588aca26ed1bfc095abf2de16bf97b57,91.0,3,1786613014830,2026-08-13T16:23:34.830,1,1
7839,588aca26ed1bfc095abf2de16bf97b57,91.0,3,1786613015829,2026-08-13T16:23:35.829,1,1
7840,588aca26ed1bfc095abf2de16bf97b57,91.0,3,1786613016830,2026-08-13T16:23:36.830,1,1
7841,588aca26ed1bfc095abf2de16bf97b57,91.0,3,1786613017831,2026-08-13T16:23:37.831,1,1
7842,588aca26ed1bfc095abf2de16bf97b57,91.0,3,1786613018830,2026-08-13T16:23:38.830,1,1
7843,588aca26ed1bfc095abf2de16bf97b57,91.0,3,1786613019830,2026-08-13T16:23:39.830,1,1
7844,588aca26ed1bfc095abf2de16bf97b57,92.0,3,1786613020830,2026-08-13T16:23:40.830,1,1
7845,588aca26ed1bfc095abf2de16bf97b57,92.0,3,1786613021831,2026-08-13T16:23:41.831,1,1
7846,588aca26ed1bfc095abf2de16bf97b57,92.0,3,1786613022833,2026-08-13T16:23:42.833,1,1
7847,588aca26ed1bfc095abf2de16bf97b57,91.0,3,1786613023829,2026-08-13T16:23:43.829,1,1
7848,588aca26ed1bfc095abf2de16bf97b57,91.0,3,1786613024830,2026-08-13T16:23:44.830,1,1
7849,588aca26ed1bfc095abf2de16bf97b57,91.0,3,1786613025835,2026-08-13T16:23:45.835,1,1
7850,588aca26ed1bfc095abf2de16bf97b57,90.0,3,1786613026831,2026-08-13T16:23:46.831,1,1
7851,588aca26ed1bfc095abf2de16bf97b57,90.0,3,1786613027834,2026-08-13T16:23:47.834,1,1
7852,588aca26ed1bfc095abf2de16bf97b57,90.0,3,1786613028829,2026-08-13T16:23:48.829,1,1
7853,588aca26ed1bfc095abf2de16bf97b57,91.0,3,1786613029835,2026-08-13T16:23:49.835,1,1
7854,588aca26ed1bfc095abf2de16bf97b57,92.0,3,1786613030835,2026-08-13T16:23:50.835,1,1
7855,588aca26ed1bfc095abf2de16bf97b57,92.0,3,1786613031835,2026-08-13T16:23:51.835,1,1
7856,588aca26ed1bfc095abf2de16bf97b57,92.0,3,1786613032831,2026-08-13T16:23:52.831,1,1
7857,588aca26ed1bfc095abf2de16bf97b57,92.0,3,1786613033832,2026-08-13T16:23:53.832,1,1
7858,588aca26ed1bfc095abf2de16bf97b57,92.0,3,1786613034835,2026-08-13T16:23:54.835,1,1
7859,588aca26ed1bfc095abf2de16bf97b57,92.0,3,1786613035835,2026-08-13T16:23:55.835,1,1
7860,588aca26ed1bfc095abf2de16bf97b57,92.0,3,1786613036829,2026-08-13T16:23:56.829,1,1
7861,588aca26ed1bfc095abf2de16bf97b57,92.0,3,1786613037836,2026-08-13T16:23:57.836,1,1
7862,588aca26ed1bfc095abf2de16bf97b57,93.0,3,1786613038837,2026-08-13T16:23:58.837,1,1
7863,588aca26ed1bfc095abf2de16bf97b57,93.0,3,1786613039836,2026-08-13T16:23:59.836,1,1
7864,588aca26ed1bfc095abf2de16bf97b57,93.0,3,1786613040835,2026-08-13T16:24:00.835,1,1
7865,588aca26ed1bfc095abf2de16bf97b57,94.0,3,1786613041837,2026-08-13T16:24:01.837,1,1
7866,588aca26ed1bfc095abf2de16bf97b57,94.0,3,1786613042836,2026-08-13T16:24:02.836,1,1
7867,588aca26ed1bfc095abf2de16bf97b57,94.0,3,1786613043835,2026-08-13T16:24:03.835,1,1
7868,588aca26ed1bfc095abf2de16bf97b57,94.0,3,1786613044834,2026-08-13T16:24:04.834,1,1
7869,588aca26ed1bfc095abf2de16bf97b57,93.0,3,1786613045831,2026-08-13T16:24:05.831,1,1
7870,588aca26ed1bfc095abf2de16bf97b57,94.0,3,1786613046837,2026-08-13T16:24:06.837,1,1
7871,588aca26ed1bfc095abf2de16bf97b57,95.0,3,1786613047837,2026-08-13T16:24:07.837,1,1
7872,588aca26ed1bfc095abf2de16bf97b57,96.0,3,1786613048834,2026-08-13T16:24:08.834,1,1
7873,588aca26ed1bfc095abf2de16bf97b57,97.0,3,1786613049838,2026-08-13T16:24:09.838,1,1
7874,588aca26ed1bfc095abf2de16bf97b57,97.0,3,1786613050830,2026-08-13T16:24:10.830,1,1
7875,588aca26ed1bfc095abf2de16bf97b57,97.0,3,1786613051836,2026-08-13T16:24:11.836,1,1
7876,588aca26ed1bfc095abf2de16bf97b57,96.0,3,1786613052835,2026-08-13T16:24:12.835,1,1
7877,588aca26ed1bfc095abf2de16bf97b57,96.0,3,1786613053835,2026-08-13T16:24:13.835,1,1
7878,588aca26ed1bfc095abf2de16bf97b57,95.0,3,1786613054837,2026-08-13T16:24:14.837,1,1
7879,588aca26ed1bfc095abf2de16bf97b57,94.0,3,1786613055835,2026-08-13T16:24:15.835,1,1
7880,588aca26ed1bfc095abf2de16bf97b57,94.0,3,1786613056837,2026-08-13T16:24:16.837,1,1
7881,588aca26ed1bfc095abf2de16bf97b57,94.0,3,1786613057838,2026-08-13T16:24:17.838,1,1
7882,588aca26ed1bfc095abf2de16bf97b57,94.0,3,1786613058838,2026-08-13T16:24:18.838,1,1
7883,588aca26ed1bfc095abf2de16bf97b57,93.0,3,1786613059837,2026-08-13T16:24:19.837,1,1
7884,588aca26ed1bfc095abf2de16bf97b57,93.0,3,1786613060831,2026-08-13T16:24:20.831,1,1
7885,588aca26ed1bfc095abf2de16bf97b57,93.0,3,1786613061835,2026-08-13T16:24:21.835,1,1
7886,588aca26ed1bfc095abf2de16bf97b57,93.0,3,1786613062838,2026-08-13T16:24:22.838,1,1
7887,588aca26ed1bfc095abf2de16bf97b57,93.0,3,1786613063840,2026-08-13T16:24:23.840,1,1
7888,588aca26ed1bfc095abf2de16bf97b57,93.0,3,1786613064830,2026-08-13T16:24:24.830,1,1
7889,588aca26ed1bfc095abf2de16bf97b57,94.0,3,1786613065829,2026-08-13T16:24:25.829,1,1
7890,588aca26ed1bfc095abf2de16bf97b57,94.0,3,1786613066829,2026-08-13T16:24:26.829,1,1
7891,588aca26ed1bfc095abf2de16bf97b57,93.0,3,1786613067829,2026-08-13T16:24:27.829,1,1
7892,588aca26ed1bfc095abf2de16bf97b57,93.0,3,1786613068829,2026-08-13T16:24:28.829,1,1
7893,588aca26ed1bfc095abf2de16bf97b57,93.0,3,1786613069840,2026-08-13T16:24:29.840,1,1
7894,588aca26ed1bfc095abf2de16bf97b57,94.0,3,1786613070837,2026-08-13T16:24:30.837,1,1
7895,588aca26ed1bfc095abf2de16bf97b57,95.0,3,1786613071839,2026-08-13T16:24:31.839,1,1
7896,588aca26ed1bfc095abf2de16bf97b57,95.0,3,1786613072838,2026-08-13T16:24:32.838,1,1
7897,588aca26ed1bfc095abf2de16bf97b57,95.0,3,1786613073838,2026-08-13T16:24:33.838,1,1
7898,588aca26ed1bfc095abf2de16bf97b57,95.0,3,1786613074839,2026-08-13T16:24:34.839,1,1
7899,588aca26ed1bfc095abf2de16bf97b57,95.0,3,1786613075837,2026-08-13T16:24:35.837,1,1
7900,588aca26ed1bfc095abf2de16bf97b57,94.0,3,1786613076837,2026-08-13T16:24:36.837,1,1
7901,588aca26ed1bfc095abf2de16bf97b57,93.0,3,1786613077837,2026-08-13T16:24:37.837,1,1
7902,588aca26ed1bfc095abf2de16bf97b57,92.0,3,1786613078830,2026-08-13T16:24:38.830,1,1
7903,588aca26ed1bfc095abf2de16bf97b57,91.0,3,1786613079835,2026-08-13T16:24:39.835,1,1
7904,588aca26ed1bfc095abf2de16bf97b57,91.0,3,1786613080836,2026-08-13T16:24:40.836,1,1
7905,588aca26ed1bfc095abf2de16bf97b57,91.0,3,1786613081829,2026-08-13T16:24:41.829,1,1
7906,588aca26ed1bfc095abf2de16bf97b57,90.0,3,1786613082831,2026-08-13T16:24:42.831,1,1
7907,588aca26ed1bfc095abf2de16bf97b57,90.0,3,1786613083836,2026-08-13T16:24:43.836,1,1
7908,588aca26ed1bfc095abf2de16bf97b57,90.0,3,1786613084833,2026-08-13T16:24:44.833,1,1
7909,588aca26ed1bfc095abf2de16bf97b57,91.0,3,1786613085836,2026-08-13T16:24:45.836,1,1
7910,588aca26ed1bfc095abf2de16bf97b57,91.0,3,1786613086835,2026-08-13T16:24:46.835,1,1
7911,588aca26ed1bfc095abf2de16bf97b57,92.0,3,1786613087834,2026-08-13T16:24:47.834,1,1
7912,588aca26ed1bfc095abf2de16bf97b57,91.0,3,1786613088835,2026-08-13T16:24:48.835,1,1
7913,588aca26ed1bfc095abf2de16bf97b57,92.0,3,1786613089835,2026-08-13T16:24:49.835,1,1
7914,588aca26ed1bfc095abf2de16bf97b57,93.0,3,1786613090837,2026-08-13T16:24:50.837,1,1
7915,588aca26ed1bfc095abf2de16bf97b57,94.0,3,1786613091831,2026-08-13T16:24:51.831,1,1
7916,588aca26ed1bfc095abf2de16bf97b57,95.0,3,1786613092838,2026-08-13T16:24:52.838,1,1
7917,588aca26ed1bfc095abf2de16bf97b57,94.0,3,1786613093838,2026-08-13T16:24:53.838,1,1
7918,588aca26ed1bfc095abf2de16bf97b57,93.0,3,1786613094836,2026-08-13T16:24:54.836,1,1
7919,588aca26ed1bfc095abf2de16bf97b57,93.0,3,1786613095839,2026-08-13T16:24:55.839,1,1
7920,588aca26ed1bfc095abf2de16bf97b57,93.0,3,1786613096841,2026-08-13T16:24:56.841,1,1
7921,588aca26ed1bfc095abf2de16bf97b57,92.0,3,1786613097830,2026-08-13T16:24:57.830,1,1
7922,588aca26ed1bfc095abf2de16bf97b57,92.0,3,1786613098830,2026-08-13T16:24:58.830,1,1
7923,588aca26ed1bfc095abf2de16bf97b57,91.0,3,1786613099830,2026-08-13T16:24:59.830,1,1
7924,588aca26ed1bfc095abf2de16bf97b57,90.0,3,1786613100830,2026-08-13T16:25:00.830,1,1
7925,588aca26ed1bfc095abf2de16bf97b57,90.0,3,1786613101830,2026-08-13T16:25:01.830,1,1
7926,588aca26ed1bfc095abf2de16bf97b57,91.0,3,1786613102829,2026-08-13T16:25:02.829,1,1
7927,588aca26ed1bfc095abf2de16bf97b57,89.0,3,1786613103829,2026-08-13T16:25:03.829,1,1
7928,588aca26ed1bfc095abf2de16bf97b57,88.0,3,1786613104829,2026-08-13T16:25:04.829,1,1
7929,588aca26ed1bfc095abf2de16bf97b57,89.0,3,1786613105829,2026-08-13T16:25:05.829,1,1
7930,588aca26ed1bfc095abf2de16bf97b57,90.0,3,1786613106830,2026-08-13T16:25:06.830,1,1
7931,588aca26ed1bfc095abf2de16bf97b57,91.0,3,1786613107829,2026-08-13T16:25:07.829,1,1
7932,588aca26ed1bfc095abf2de16bf97b57,91.0,3,1786613108829,2026-08-13T16:25:08.829,1,1
7933,588aca26ed1bfc095abf2de16bf97b57,91.0,3,1786613109830,2026-08-13T16:25:09.830,1,1
7934,588aca26ed1bfc095abf2de16bf97b57,91.0,3,1786613110829,2026-08-13T16:25:10.829,1,1
7935,588aca26ed1bfc095abf2de16bf97b57,91.0,3,1786613111829,2026-08-13T16:25:11.829,1,1
7936,588aca26ed1bfc095abf2de16bf97b57,90.0,3,1786613112830,2026-08-13T16:25:12.830,1,1
7937,588aca26ed1bfc095abf2de16bf97b57,89.0,3,1786613113829,2026-08-13T16:25:13.829,1,1
7938,588aca26ed1bfc095abf2de16bf97b57,88.0,3,1786613114831,2026-08-13T16:25:14.831,1,1
7939,588aca26ed1bfc095abf2de16bf97b57,88.0,3,1786613115829,2026-08-13T16:25:15.829,1,1
7940,588aca26ed1bfc095abf2de16bf97b57,90.0,3,1786613116829,2026-08-13T16:25:16.829,1,1
7941,588aca26ed1bfc095abf2de16bf97b57,90.0,3,1786613117829,2026-08-13T16:25:17.829,1,1
7942,588aca26ed1bfc095abf2de16bf97b57,91.0,3,1786613118829,2026-08-13T16:25:18.829,1,1
7943,588aca26ed1bfc095abf2de16bf97b57,93.0,3,1786613119829,2026-08-13T16:25:19.829,1,1
7944,588aca26ed1bfc095abf2de16bf97b57,94.0,3,1786613120829,2026-08-13T16:25:20.829,1,1
7945,588aca26ed1bfc095abf2de16bf97b57,95.0,3,1786613121831,2026-08-13T16:25:21.831,1,1
7946,588aca26ed1bfc095abf2de16bf97b57,95.0,3,1786613122829,2026-08-13T16:25:22.829,1,1
7947,588aca26ed1bfc095abf2de16bf97b57,94.0,3,1786613123829,2026-08-13T16:25:23.829,1,1
7948,588aca26ed1bfc095abf2de16bf97b57,93.0,3,1786613124829,2026-08-13T16:25:24.829,1,1
7949,588aca26ed1bfc095abf2de16bf97b57,92.0,3,1786613125830,2026-08-13T16:25:25.830,1,1
7950,588aca26ed1bfc095abf2de16bf97b57,92.0,3,1786613126830,2026-08-13T16:25:26.830,1,1
7951,588aca26ed1bfc095abf2de16bf97b57,91.0,3,1786613127829,2026-08-13T16:25:27.829,1,1
7952,588aca26ed1bfc095abf2de16bf97b57,90.0,3,1786613128833,2026-08-13T16:25:28.833,1,1
7953,588aca26ed1bfc095abf2de16bf97b57,90.0,3,1786613129829,2026-08-13T16:25:29.829,1,1
7954,588aca26ed1bfc095abf2de16bf97b57,89.0,3,1786613130829,2026-08-13T16:25:30.829,1,1
7955,588aca26ed1bfc095abf2de16bf97b57,88.0,3,1786613131829,2026-08-13T16:25:31.829,1,1
7956,588aca26ed1bfc095abf2de16bf97b57,88.0,3,1786613132831,2026-08-13T16:25:32.831,1,1
7957,588aca26ed1bfc095abf2de16bf97b57,88.0,3,1786613133830,2026-08-13T16:25:33.830,1,0
7958,588aca26ed1bfc095abf2de16bf97b57,87.0,3,1786613134830,2026-08-13T16:25:34.830,1,1
7959,588aca26ed1bfc095abf2de16bf97b57,87.0,3,1786613135829,2026-08-13T16:25:35.829,1,1
7960,588aca26ed1bfc095abf2de16bf97b57,87.0,3,1786613136830,2026-08-13T16:25:36.830,1,1
7961,588aca26ed1bfc095abf2de16bf97b57,87.0,3,1786613137832,2026-08-13T16:25:37.832,1,1
7962,588aca26ed1bfc095abf2de16bf97b57,87.0,3,1786613138829,2026-08-13T16:25:38.829,1,1
7963,588aca26ed1bfc095abf2de16bf97b57,87.0,3,1786613139831,2026-08-13T16:25:39.831,1,1
7964,588aca26ed1bfc095abf2de16bf97b57,86.0,3,1786613140829,2026-08-13T16:25:40.829,1,1
7965,588aca26ed1bfc095abf2de16bf97b57,86.0,3,1786613141830,2026-08-13T16:25:41.830,1,1
7966,588aca26ed1bfc095abf2de16bf97b57,86.0,3,1786613142831,2026-08-13T16:25:42.831,1,1
7967,588aca26ed1bfc095abf2de16bf97b57,87.0,3,1786613143831,2026-08-13T16:25:43.831,1,1
7968,588aca26ed1bfc095abf2de16bf97b57,88.0,3,1786613144830,2026-08-13T16:25:44.830,1,1
7969,588aca26ed1bfc095abf2de16bf97b57,89.0,3,1786613145830,2026-08-13T16:25:45.830,1,1
7970,588aca26ed1bfc095abf2de16bf97b57,90.0,3,1786613146831,2026-08-13T16:25:46.831,1,1
7971,588aca26ed1bfc095abf2de16bf97b57,89.0,3,1786613147830,2026-08-13T16:25:47.830,1,1
7972,588aca26ed1bfc095abf2de16bf97b57,89.0,3,1786613148829,2026-08-13T16:25:48.829,1,1
7973,588aca26ed1bfc095abf2de16bf97b57,90.0,3,1786613149829,2026-08-13T16:25:49.829,1,1
7974,588aca26ed1bfc095abf2de16bf97b57,91.0,3,1786613150834,2026-08-13T16:25:50.834,1,1
7975,588aca26ed1bfc095abf2de16bf97b57,92.0,3,1786613151832,2026-08-13T16:25:51.832,1,1
7976,588aca26ed1bfc095abf2de16bf97b57,94.0,3,1786613152832,2026-08-13T16:25:52.832,1,1
7977,588aca26ed1bfc095abf2de16bf97b57,95.0,3,1786613153829,2026-08-13T16:25:53.829,1,1
7978,588aca26ed1bfc095abf2de16bf97b57,96.0,3,1786613154830,2026-08-13T16:25:54.830,1,1
7979,588aca26ed1bfc095abf2de16bf97b57,96.0,3,1786613155829,2026-08-13T16:25:55.829,1,1
7980,588aca26ed1bfc095abf2de16bf97b57,96.0,3,1786613156830,2026-08-13T16:25:56.830,1,1
7981,588aca26ed1bfc095abf2de16bf97b57,95.0,3,1786613157830,2026-08-13T16:25:57.830,1,1
7982,588aca26ed1bfc095abf2de16bf97b57,93.0,3,1786613158830,2026-08-13T16:25:58.830,1,1
7983,588aca26ed1bfc095abf2de16bf97b57,92.0,3,1786613159830,2026-08-13T16:25:59.830,1,1
7984,588aca26ed1bfc095abf2de16bf97b57,91.0,3,1786613160830,2026-08-13T16:26:00.830,1,1
7985,588aca26ed1bfc095abf2de16bf97b57,91.0,3,1786613161829,2026-08-13T16:26:01.829,1,1
7986,588aca26ed1bfc095abf2de16bf97b57,90.0,3,1786613162830,2026-08-13T16:26:02.830,1,1
7987,588aca26ed1bfc095abf2de16bf97b57,89.0,3,1786613163830,2026-08-13T16:26:03.830,1,1
7988,588aca26ed1bfc095abf2de16bf97b57,90.0,3,1786613164830,2026-08-13T16:26:04.830,1,1
7989,588aca26ed1bfc095abf2de16bf97b57,90.0,3,1786613165830,2026-08-13T16:26:05.830,1,1
7990,588aca26ed1bfc095abf2de16bf97b57,89.0,3,1786613166829,2026-08-13T16:26:06.829,1,1
7991,588aca26ed1bfc095abf2de16bf97b57,90.0,3,1786613167829,2026-08-13T16:26:07.829,1,1
7992,588aca26ed1bfc095abf2de16bf97b57,91.0,3,1786613168829,2026-08-13T16:26:08.829,1,1
7993,588aca26ed1bfc095abf2de16bf97b57,92.0,3,1786613169829,2026-08-13T16:26:09.829,1,1
7994,588aca26ed1bfc095abf2de16bf97b57,93.0,3,1786613170829,2026-08-13T16:26:10.829,1,1
7995,588aca26ed1bfc095abf2de16bf97b57,93.0,3,1786613171829,2026-08-13T16:26:11.829,1,1
7996,588aca26ed1bfc095abf2de16bf97b57,93.0,3,1786613172830,2026-08-13T16:26:12.830,1,1
7997,588aca26ed1bfc095abf2de16bf97b57,92.0,3,1786613173829,2026-08-13T16:26:13.829,1,1
7998,588aca26ed1bfc095abf2de16bf97b57,91.0,3,1786613174829,2026-08-13T16:26:14.829,1,1
7999,588aca26ed1bfc095abf2de16bf97b57,91.0,3,1786613175829,2026-08-13T16:26:15.829,1,1
8000,588aca26ed1bfc095abf2de16bf97b57,92.0,3,1786613176829,2026-08-13T16:26:16.829,1,1
8001,588aca26ed1bfc095abf2de16bf97b57,93.0,3,1786613177830,2026-08-13T16:26:17.830,1,1
8002,588aca26ed1bfc095abf2de16bf97b57,94.0,3,1786613178831,2026-08-13T16:26:18.831,1,1
8003,588aca26ed1bfc095abf2de16bf97b57,93.0,3,1786613179829,2026-08-13T16:26:19.829,1,1
8004,588aca26ed1bfc095abf2de16bf97b57,92.0,3,1786613180830,2026-08-13T16:26:20.830,1,1
8005,588aca26ed1bfc095abf2de16bf97b57,91.0,3,1786613181829,2026-08-13T16:26:21.829,1,1
8006,588aca26ed1bfc095abf2de16bf97b57,90.0,3,1786613182829,2026-08-13T16:26:22.829,1,1
8007,588aca26ed1bfc095abf2de16bf97b57,88.0,3,1786613183830,2026-08-13T16:26:23.830,1,1
8008,588aca26ed1bfc095abf2de16bf97b57,87.0,3,1786613184830,2026-08-13T16:26:24.830,1,1
8009,588aca26ed1bfc095abf2de16bf97b57,87.0,3,1786613185829,2026-08-13T16:26:25.829,1,1
8010,588aca26ed1bfc095abf2de16bf97b57,87.0,3,1786613186829,2026-08-13T16:26:26.829,1,1
8011,588aca26ed1bfc095abf2de16bf97b57,87.0,3,1786613187829,2026-08-13T16:26:27.829,1,1
8012,588aca26ed1bfc095abf2de16bf97b57,86.0,3,1786613188830,2026-08-13T16:26:28.830,1,1
8013,588aca26ed1bfc095abf2de16bf97b57,88.0,3,1786613189829,2026-08-13T16:26:29.829,1,1
8014,588aca26ed1bfc095abf2de16bf97b57,89.0,3,1786613190830,2026-08-13T16:26:30.830,1,1
8015,588aca26ed1bfc095abf2de16bf97b57,91.0,3,1786613191830,2026-08-13T16:26:31.830,1,1
8016,588aca26ed1bfc095abf2de16bf97b57,91.0,3,1786613192829,2026-08-13T16:26:32.829,1,1
8017,588aca26ed1bfc095abf2de16bf97b57,90.0,3,1786613193830,2026-08-13T16:26:33.830,1,1
8018,588aca26ed1bfc095abf2de16bf97b57,89.0,3,1786613194830,2026-08-13T16:26:34.830,1,1
8019,588aca26ed1bfc095abf2de16bf97b57,91.0,3,1786613195830,2026-08-13T16:26:35.830,1,1
8020,588aca26ed1bfc095abf2de16bf97b57,92.0,3,1786613196829,2026-08-13T16:26:36.829,1,1
8021,588aca26ed1bfc095abf2de16bf97b57,93.0,3,1786613197829,2026-08-13T16:26:37.829,1,1
8022,588aca26ed1bfc095abf2de16bf97b57,93.0,3,1786613198829,2026-08-13T16:26:38.829,1,1
8023,588aca26ed1bfc095abf2de16bf97b57,92.0,3,1786613199830,2026-08-13T16:26:39.830,1,1
8024,588aca26ed1bfc095abf2de16bf97b57,95.0,3,1786613200829,2026-08-13T16:26:40.829,1,1
8025,588aca26ed1bfc095abf2de16bf97b57,97.0,3,1786613201829,2026-08-13T16:26:41.829,1,1
8026,588aca26ed1bfc095abf2de16bf97b57,99.0,3,1786613202830,2026-08-13T16:26:42.830,1,1
8027,588aca26ed1bfc095abf2de16bf97b57,100.0,3,1786613203830,2026-08-13T16:26:43.830,1,1
8028,588aca26ed1bfc095abf2de16bf97b57,100.0,3,1786613204829,2026-08-13T16:26:44.829,1,1
8029,588aca26ed1bfc095abf2de16bf97b57,99.0,3,1786613205830,2026-08-13T16:26:45.830,1,1
8030,588aca26ed1bfc095abf2de16bf97b57,99.0,3,1786613206830,2026-08-13T16:26:46.830,1,1
8031,588aca26ed1bfc095abf2de16bf97b57,98.0,3,1786613207830,2026-08-13T16:26:47.830,1,1
8032,588aca26ed1bfc095abf2de16bf97b57,97.0,3,1786613208829,2026-08-13T16:26:48.829,1,1
8033,588aca26ed1bfc095abf2de16bf97b57,97.0,3,1786613209830,2026-08-13T16:26:49.830,1,1
8034,588aca26ed1bfc095abf2de16bf97b57,96.0,3,1786613210829,2026-08-13T16:26:50.829,1,1
8035,588aca26ed1bfc095abf2de16bf97b57,96.0,3,1786613211830,2026-08-13T16:26:51.830,1,1
8036,588aca26ed1bfc095abf2de16bf97b57,96.0,3,1786613212829,2026-08-13T16:26:52.829,1,1
8037,588aca26ed1bfc095abf2de16bf97b57,96.0,3,1786613213829,2026-08-13T16:26:53.829,1,1
8038,588aca26ed1bfc095abf2de16bf97b57,95.0,3,1786613214829,2026-08-13T16:26:54.829,1,1
8039,588aca26ed1bfc095abf2de16bf97b57,94.0,3,1786613215829,2026-08-13T16:26:55.829,1,1
8040,588aca26ed1bfc095abf2de16bf97b57,93.0,3,1786613216829,2026-08-13T16:26:56.829,1,1
8041,588aca26ed1bfc095abf2de16bf97b57,92.0,3,1786613217829,2026-08-13T16:26:57.829,1,1
8042,588aca26ed1bfc095abf2de16bf97b57,92.0,3,1786613218829,2026-08-13T16:26:58.829,1,1
8043,588aca26ed1bfc095abf2de16bf97b57,90.0,3,1786613219830,2026-08-13T16:26:59.830,1,1
8044,588aca26ed1bfc095abf2de16bf97b57,88.0,3,1786613220829,2026-08-13T16:27:00.829,1,1
8045,588aca26ed1bfc095abf2de16bf97b57,88.0,3,1786613221830,2026-08-13T16:27:01.830,1,1
8046,588aca26ed1bfc095abf2de16bf97b57,87.0,3,1786613222829,2026-08-13T16:27:02.829,1,1
8047,588aca26ed1bfc095abf2de16bf97b57,86.0,3,1786613223829,2026-08-13T16:27:03.829,1,1
8048,588aca26ed1bfc095abf2de16bf97b57,86.0,3,1786613224830,2026-08-13T16:27:04.830,1,1
8049,588aca26ed1bfc095abf2de16bf97b57,86.0,3,1786613225830,2026-08-13T16:27:05.830,1,1
8050,588aca26ed1bfc095abf2de16bf97b57,86.0,3,1786613226829,2026-08-13T16:27:06.829,1,1
8051,588aca26ed1bfc095abf2de16bf97b57,86.0,3,1786613227829,2026-08-13T16:27:07.829,1,1
8052,588aca26ed1bfc095abf2de16bf97b57,86.0,3,1786613228829,2026-08-13T16:27:08.829,1,1
8053,588aca26ed1bfc095abf2de16bf97b57,86.0,3,1786613229830,2026-08-13T16:27:09.830,1,1
8054,588aca26ed1bfc095abf2de16bf97b57,86.0,3,1786613230830,2026-08-13T16:27:10.830,1,1
8055,588aca26ed1bfc095abf2de16bf97b57,87.0,3,1786613231837,2026-08-13T16:27:11.837,1,1
8056,588aca26ed1bfc095abf2de16bf97b57,87.0,3,1786613232829,2026-08-13T16:27:12.829,1,1
8057,588aca26ed1bfc095abf2de16bf97b57,88.0,3,1786613233836,2026-08-13T16:27:13.836,1,1
8058,588aca26ed1bfc095abf2de16bf97b57,88.0,3,1786613234831,2026-08-13T16:27:14.831,1,1
8059,588aca26ed1bfc095abf2de16bf97b57,88.0,3,1786613235834,2026-08-13T16:27:15.834,1,1
8060,588aca26ed1bfc095abf2de16bf97b57,88.0,3,1786613236831,2026-08-13T16:27:16.831,1,1
8061,588aca26ed1bfc095abf2de16bf97b57,88.0,3,1786613237831,2026-08-13T16:27:17.831,1,1
8062,588aca26ed1bfc095abf2de16bf97b57,88.0,3,1786613238829,2026-08-13T16:27:18.829,1,1
8063,588aca26ed1bfc095abf2de16bf97b57,89.0,3,1786613239830,2026-08-13T16:27:19.830,1,1
8064,588aca26ed1bfc095abf2de16bf97b57,91.0,3,1786613240830,2026-08-13T16:27:20.830,1,1
8065,588aca26ed1bfc095abf2de16bf97b57,93.0,3,1786613241830,2026-08-13T16:27:21.830,1,1
8066,588aca26ed1bfc095abf2de16bf97b57,94.0,3,1786613242832,2026-08-13T16:27:22.832,1,1
8067,588aca26ed1bfc095abf2de16bf97b57,95.0,3,1786613243830,2026-08-13T16:27:23.830,1,1
8068,588aca26ed1bfc095abf2de16bf97b57,95.0,3,1786613244830,2026-08-13T16:27:24.830,1,1
8069,588aca26ed1bfc095abf2de16bf97b57,94.0,3,1786613245830,2026-08-13T16:27:25.830,1,1
8070,588aca26ed1bfc095abf2de16bf97b57,93.0,3,1786613246830,2026-08-13T16:27:26.830,1,1
8071,588aca26ed1bfc095abf2de16bf97b57,94.0,3,1786613247829,2026-08-13T16:27:27.829,1,1
8072,588aca26ed1bfc095abf2de16bf97b57,94.0,3,1786613248830,2026-08-13T16:27:28.830,1,1
8073,588aca26ed1bfc095abf2de16bf97b57,94.0,3,1786613249829,2026-08-13T16:27:29.829,1,1
8074,588aca26ed1bfc095abf2de16bf97b57,94.0,3,1786613250830,2026-08-13T16:27:30.830,1,1
8075,588aca26ed1bfc095abf2de16bf97b57,93.0,3,1786613251829,2026-08-13T16:27:31.829,1,1
8076,588aca26ed1bfc095abf2de16bf97b57,93.0,3,1786613252829,2026-08-13T16:27:32.829,1,1
8077,588aca26ed1bfc095abf2de16bf97b57,93.0,3,1786613253829,2026-08-13T16:27:33.829,1,1
8078,588aca26ed1bfc095abf2de16bf97b57,92.0,3,1786613254829,2026-08-13T16:27:34.829,1,1
8079,588aca26ed1bfc095abf2de16bf97b57,91.0,3,1786613255830,2026-08-13T16:27:35.830,1,1
8080,588aca26ed1bfc095abf2de16bf97b57,89.0,3,1786613256830,2026-08-13T16:27:36.830,1,1
8081,588aca26ed1bfc095abf2de16bf97b57,89.0,3,1786613257830,2026-08-13T16:27:37.830,1,1
8082,588aca26ed1bfc095abf2de16bf97b57,89.0,3,1786613258830,2026-08-13T16:27:38.830,1,1
8083,588aca26ed1bfc095abf2de16bf97b57,89.0,3,1786613259829,2026-08-13T16:27:39.829,1,1
8084,588aca26ed1bfc095abf2de16bf97b57,90.0,3,1786613260829,2026-08-13T16:27:40.829,1,1
8085,588aca26ed1bfc095abf2de16bf97b57,90.0,3,1786613261830,2026-08-13T16:27:41.830,1,1
8086,588aca26ed1bfc095abf2de16bf97b57,90.0,3,1786613262829,2026-08-13T16:27:42.829,1,1
8087,588aca26ed1bfc095abf2de16bf97b57,90.0,3,1786613263829,2026-08-13T16:27:43.829,1,1
8088,588aca26ed1bfc095abf2de16bf97b57,89.0,3,1786613264830,2026-08-13T16:27:44.830,1,1
8089,588aca26ed1bfc095abf2de16bf97b57,89.0,3,1786613265830,2026-08-13T16:27:45.830,1,1
8090,588aca26ed1bfc095abf2de16bf97b57,89.0,3,1786613266829,2026-08-13T16:27:46.829,1,1
8091,588aca26ed1bfc095abf2de16bf97b57,90.0,3,1786613267830,2026-08-13T16:27:47.830,1,1
8092,588aca26ed1bfc095abf2de16bf97b57,91.0,3,1786613268830,2026-08-13T16:27:48.830,1,1
8093,588aca26ed1bfc095abf2de16bf97b57,92.0,3,1786613269829,2026-08-13T16:27:49.829,1,1
8094,588aca26ed1bfc095abf2de16bf97b57,93.0,3,1786613270829,2026-08-13T16:27:50.829,1,1
8095,588aca26ed1bfc095abf2de16bf97b57,94.0,3,1786613271830,2026-08-13T16:27:51.830,1,1
8096,588aca26ed1bfc095abf2de16bf97b57,94.0,3,1786613272830,2026-08-13T16:27:52.830,1,1
8097,588aca26ed1bfc095abf2de16bf97b57,93.0,3,1786613273829,2026-08-13T16:27:53.829,1,1
8098,588aca26ed1bfc095abf2de16bf97b57,91.0,3,1786613274830,2026-08-13T16:27:54.830,1,1
8099,588aca26ed1bfc095abf2de16bf97b57,90.0,3,1786613275829,2026-08-13T16:27:55.829,1,1
8100,588aca26ed1bfc095abf2de16bf97b57,90.0,3,1786613276829,2026-08-13T16:27:56.829,1,1
8101,588aca26ed1bfc095abf2de16bf97b57,91.0,3,1786613277829,2026-08-13T16:27:57.829,1,1
8102,588aca26ed1bfc095abf2de16bf97b57,92.0,3,1786613278829,2026-08-13T16:27:58.829,1,1
8103,588aca26ed1bfc095abf2de16bf97b57,94.0,3,1786613279829,2026-08-13T16:27:59.829,1,1
8104,588aca26ed1bfc095abf2de16bf97b57,94.0,3,1786613280830,2026-08-13T16:28:00.830,1,1
8105,588aca26ed1bfc095abf2de16bf97b57,93.0,3,1786613281829,2026-08-13T16:28:01.829,1,1
8106,588aca26ed1bfc095abf2de16bf97b57,91.0,3,1786613282831,2026-08-13T16:28:02.831,1,1
8107,588aca26ed1bfc095abf2de16bf97b57,90.0,3,1786613283829,2026-08-13T16:28:03.829,1,1
8108,588aca26ed1bfc095abf2de16bf97b57,89.0,3,1786613284829,2026-08-13T16:28:04.829,1,1
8109,588aca26ed1bfc095abf2de16bf97b57,89.0,3,1786613285830,2026-08-13T16:28:05.830,1,1
8110,588aca26ed1bfc095abf2de16bf97b57,89.0,3,1786613286831,2026-08-13T16:28:06.831,1,1
8111,588aca26ed1bfc095abf2de16bf97b57,91.0,3,1786613287830,2026-08-13T16:28:07.830,1,1
8112,588aca26ed1bfc095abf2de16bf97b57,91.0,3,1786613288830,2026-08-13T16:28:08.830,1,1
8113,588aca26ed1bfc095abf2de16bf97b57,91.0,3,1786613289829,2026-08-13T16:28:09.829,1,1
8114,588aca26ed1bfc095abf2de16bf97b57,91.0,3,1786613290829,2026-08-13T16:28:10.829,1,1
8115,588aca26ed1bfc095abf2de16bf97b57,91.0,3,1786613291829,2026-08-13T16:28:11.829,1,1
8116,588aca26ed1bfc095abf2de16bf97b57,92.0,3,1786613292830,2026-08-13T16:28:12.830,1,1
8117,588aca26ed1bfc095abf2de16bf97b57,92.0,3,1786613293829,2026-08-13T16:28:13.829,1,1
8118,588aca26ed1bfc095abf2de16bf97b57,92.0,3,1786613294829,2026-08-13T16:28:14.829,1,1
8119,588aca26ed1bfc095abf2de16bf97b57,93.0,3,1786613295829,2026-08-13T16:28:15.829,1,1
8120,588aca26ed1bfc095abf2de16bf97b57,93.0,3,1786613296829,2026-08-13T16:28:16.829,1,1
8121,588aca26ed1bfc095abf2de16bf97b57,94.0,3,1786613297830,2026-08-13T16:28:17.830,1,1
8122,588aca26ed1bfc095abf2de16bf97b57,94.0,3,1786613298829,2026-08-13T16:28:18.829,1,1
8123,588aca26ed1bfc095abf2de16bf97b57,94.0,3,1786613299830,2026-08-13T16:28:19.830,1,1
8124,588aca26ed1bfc095abf2de16bf97b57,93.0,3,1786613300830,2026-08-13T16:28:20.830,1,1
8125,588aca26ed1bfc095abf2de16bf97b57,92.0,3,1786613301831,2026-08-13T16:28:21.831,1,1
8126,588aca26ed1bfc095abf2de16bf97b57,91.0,3,1786613302838,2026-08-13T16:28:22.838,1,1
8127,588aca26ed1bfc095abf2de16bf97b57,91.0,3,1786613303836,2026-08-13T16:28:23.836,1,1
8128,588aca26ed1bfc095abf2de16bf97b57,90.0,3,1786613304837,2026-08-13T16:28:24.837,1,1
8129,588aca26ed1bfc095abf2de16bf97b57,89.0,3,1786613305836,2026-08-13T16:28:25.836,1,1
8130,588aca26ed1bfc095abf2de16bf97b57,89.0,3,1786613306830,2026-08-13T16:28:26.830,1,1
8131,588aca26ed1bfc095abf2de16bf97b57,89.0,3,1786613307836,2026-08-13T16:28:27.836,1,1
8132,588aca26ed1bfc095abf2de16bf97b57,89.0,3,1786613308831,2026-08-13T16:28:28.831,1,1
8133,588aca26ed1bfc095abf2de16bf97b57,88.0,3,1786613309835,2026-08-13T16:28:29.835,1,1
8134,588aca26ed1bfc095abf2de16bf97b57,88.0,3,1786613310833,2026-08-13T16:28:30.833,1,1
8135,588aca26ed1bfc095abf2de16bf97b57,88.0,3,1786613311830,2026-08-13T16:28:31.830,1,1
8136,588aca26ed1bfc095abf2de16bf97b57,87.0,3,1786613312835,2026-08-13T16:28:32.835,1,1
8137,588aca26ed1bfc095abf2de16bf97b57,87.0,3,1786613313834,2026-08-13T16:28:33.834,1,1
8138,588aca26ed1bfc095abf2de16bf97b57,88.0,3,1786613314844,2026-08-13T16:28:34.844,1,1
8139,588aca26ed1bfc095abf2de16bf97b57,88.0,3,1786613315834,2026-08-13T16:28:35.834,1,1
8140,588aca26ed1bfc095abf2de16bf97b57,88.0,3,1786613316829,2026-08-13T16:28:36.829,1,1
8141,588aca26ed1bfc095abf2de16bf97b57,89.0,3,1786613317835,2026-08-13T16:28:37.835,1,1
8142,588aca26ed1bfc095abf2de16bf97b57,89.0,3,1786613318834,2026-08-13T16:28:38.834,1,1
8143,588aca26ed1bfc095abf2de16bf97b57,88.0,3,1786613319839,2026-08-13T16:28:39.839,1,1
8144,588aca26ed1bfc095abf2de16bf97b57,88.0,3,1786613320843,2026-08-13T16:28:40.843,1,1
8145,588aca26ed1bfc095abf2de16bf97b57,88.0,3,1786613321833,2026-08-13T16:28:41.833,1,1
8146,588aca26ed1bfc095abf2de16bf97b57,88.0,3,1786613322831,2026-08-13T16:28:42.831,1,1
8147,588aca26ed1bfc095abf2de16bf97b57,88.0,3,1786613323832,2026-08-13T16:28:43.832,1,1
8148,588aca26ed1bfc095abf2de16bf97b57,88.0,3,1786613324832,2026-08-13T16:28:44.832,1,1
8149,588aca26ed1bfc095abf2de16bf97b57,89.0,3,1786613325831,2026-08-13T16:28:45.831,1,1
8150,588aca26ed1bfc095abf2de16bf97b57,89.0,3,1786613326831,2026-08-13T16:28:46.831,1,1
8151,588aca26ed1bfc095abf2de16bf97b57,90.0,3,1786613327830,2026-08-13T16:28:47.830,1,1
8152,588aca26ed1bfc095abf2de16bf97b57,90.0,3,1786613328829,2026-08-13T16:28:48.829,1,1
8153,588aca26ed1bfc095abf2de16bf97b57,90.0,3,1786613329830,2026-08-13T16:28:49.830,1,1
8154,588aca26ed1bfc095abf2de16bf97b57,90.0,3,1786613330829,2026-08-13T16:28:50.829,1,1
8155,588aca26ed1bfc095abf2de16bf97b57,90.0,3,1786613331829,2026-08-13T16:28:51.829,1,1
8156,588aca26ed1bfc095abf2de16bf97b57,90.0,3,1786613332830,2026-08-13T16:28:52.830,1,1
8157,588aca26ed1bfc095abf2de16bf97b57,90.0,3,1786613333829,2026-08-13T16:28:53.829,1,1
8158,588aca26ed1bfc095abf2de16bf97b57,91.0,3,1786613334831,2026-08-13T16:28:54.831,1,1
8159,588aca26ed1bfc095abf2de16bf97b57,91.0,3,1786613335830,2026-08-13T16:28:55.830,1,1
8160,588aca26ed1bfc095abf2de16bf97b57,91.0,3,1786613336829,2026-08-13T16:28:56.829,1,1
8161,588aca26ed1bfc095abf2de16bf97b57,92.0,3,1786613337829,2026-08-13T16:28:57.829,1,1
8162,588aca26ed1bfc095abf2de16bf97b57,92.0,3,1786613338836,2026-08-13T16:28:58.836,1,1
8163,588aca26ed1bfc095abf2de16bf97b57,93.0,3,1786613339831,2026-08-13T16:28:59.831,1,1
8164,588aca26ed1bfc095abf2de16bf97b57,93.0,3,1786613340830,2026-08-13T16:29:00.830,1,1
8165,588aca26ed1bfc095abf2de16bf97b57,94.0,3,1786613341830,2026-08-13T16:29:01.830,1,1
8166,588aca26ed1bfc095abf2de16bf97b57,94.0,3,1786613342830,2026-08-13T16:29:02.830,1,1
8167,588aca26ed1bfc095abf2de16bf97b57,94.0,3,1786613343829,2026-08-13T16:29:03.829,1,1
8168,588aca26ed1bfc095abf2de16bf97b57,95.0,3,1786613344830,2026-08-13T16:29:04.830,1,1
8169,588aca26ed1bfc095abf2de16bf97b57,94.0,3,1786613345829,2026-08-13T16:29:05.829,1,1
8170,588aca26ed1bfc095abf2de16bf97b57,94.0,3,1786613346829,2026-08-13T16:29:06.829,1,1
8171,588aca26ed1bfc095abf2de16bf97b57,94.0,3,1786613347829,2026-08-13T16:29:07.829,1,1
8172,588aca26ed1bfc095abf2de16bf97b57,93.0,3,1786613348829,2026-08-13T16:29:08.829,1,1
8173,588aca26ed1bfc095abf2de16bf97b57,93.0,3,1786613349829,2026-08-13T16:29:09.829,1,1
8174,588aca26ed1bfc095abf2de16bf97b57,93.0,3,1786613350841,2026-08-13T16:29:10.841,1,1
8175,588aca26ed1bfc095abf2de16bf97b57,93.0,3,1786613351831,2026-08-13T16:29:11.831,1,1
8176,588aca26ed1bfc095abf2de16bf97b57,92.0,3,1786613352829,2026-08-13T16:29:12.829,1,1
8177,588aca26ed1bfc095abf2de16bf97b57,92.0,3,1786613353830,2026-08-13T16:29:13.830,1,1
8178,588aca26ed1bfc095abf2de16bf97b57,92.0,3,1786613354842,2026-08-13T16:29:14.842,1,1
8179,588aca26ed1bfc095abf2de16bf97b57,93.0,3,1786613355839,2026-08-13T16:29:15.839,1,1
8180,588aca26ed1bfc095abf2de16bf97b57,93.0,3,1786613356832,2026-08-13T16:29:16.832,1,1
8181,588aca26ed1bfc095abf2de16bf97b57,93.0,3,1786613357830,2026-08-13T16:29:17.830,1,0
8182,588aca26ed1bfc095abf2de16bf97b57,94.0,3,1786613358830,2026-08-13T16:29:18.830,1,1
8183,588aca26ed1bfc095abf2de16bf97b57,93.0,3,1786613359831,2026-08-13T16:29:19.831,1,1
8184,588aca26ed1bfc095abf2de16bf97b57,95.0,3,1786613360830,2026-08-13T16:29:20.830,1,1
8185,588aca26ed1bfc095abf2de16bf97b57,96.0,3,1786613361830,2026-08-13T16:29:21.830,1,1
8186,588aca26ed1bfc095abf2de16bf97b57,97.0,3,1786613362829,2026-08-13T16:29:22.829,1,1
8187,588aca26ed1bfc095abf2de16bf97b57,98.0,3,1786613363829,2026-08-13T16:29:23.829,1,1
8188,588aca26ed1bfc095abf2de16bf97b57,97.0,3,1786613364829,2026-08-13T16:29:24.829,1,1
8189,588aca26ed1bfc095abf2de16bf97b57,97.0,3,1786613365830,2026-08-13T16:29:25.830,1,1
8190,588aca26ed1bfc095abf2de16bf97b57,97.0,3,1786613366830,2026-08-13T16:29:26.830,1,1
8191,588aca26ed1bfc095abf2de16bf97b57,97.0,3,1786613367830,2026-08-13T16:29:27.830,1,1
8192,588aca26ed1bfc095abf2de16bf97b57,97.0,3,1786613368829,2026-08-13T16:29:28.829,1,1
8193,588aca26ed1bfc095abf2de16bf97b57,97.0,3,1786613369835,2026-08-13T16:29:29.835,1,1
8194,588aca26ed1bfc095abf2de16bf97b57,96.0,3,1786613370832,2026-08-13T16:29:30.832,1,1
8195,588aca26ed1bfc095abf2de16bf97b57,96.0,3,1786613371832,2026-08-13T16:29:31.832,1,1
8196,588aca26ed1bfc095abf2de16bf97b57,97.0,3,1786613372832,2026-08-13T16:29:32.832,1,1
8197,588aca26ed1bfc095abf2de16bf97b57,96.0,3,1786613373832,2026-08-13T16:29:33.832,1,1
8198,588aca26ed1bfc095abf2de16bf97b57,96.0,3,1786613374832,2026-08-13T16:29:34.832,1,1
8199,588aca26ed1bfc095abf2de16bf97b57,95.0,3,1786613375832,2026-08-13T16:29:35.832,1,1
8200,588aca26ed1bfc095abf2de16bf97b57,94.0,3,1786613376831,2026-08-13T16:29:36.831,1,1
8201,588aca26ed1bfc095abf2de16bf97b57,93.0,3,1786613377832,2026-08-13T16:29:37.832,1,1
8202,588aca26ed1bfc095abf2de16bf97b57,92.0,3,1786613378832,2026-08-13T16:29:38.832,1,1
8203,588aca26ed1bfc095abf2de16bf97b57,93.0,3,1786613379832,2026-08-13T16:29:39.832,1,1
8204,588aca26ed1bfc095abf2de16bf97b57,92.0,3,1786613380832,2026-08-13T16:29:40.832,1,1
8205,588aca26ed1bfc095abf2de16bf97b57,91.0,3,1786613381832,2026-08-13T16:29:41.832,1,1
8206,588aca26ed1bfc095abf2de16bf97b57,90.0,3,1786613382831,2026-08-13T16:29:42.831,1,1
8207,588aca26ed1bfc095abf2de16bf97b57,91.0,3,1786613383832,2026-08-13T16:29:43.832,1,1
8208,588aca26ed1bfc095abf2de16bf97b57,92.0,3,1786613384832,2026-08-13T16:29:44.832,1,1
8209,588aca26ed1bfc095abf2de16bf97b57,91.0,3,1786613385832,2026-08-13T16:29:45.832,1,1
8210,588aca26ed1bfc095abf2de16bf97b57,90.0,3,1786613386832,2026-08-13T16:29:46.832,1,1
8211,588aca26ed1bfc095abf2de16bf97b57,89.0,3,1786613387832,2026-08-13T16:29:47.832,1,1
8212,588aca26ed1bfc095abf2de16bf97b57,87.0,3,1786613388832,2026-08-13T16:29:48.832,1,1
8213,588aca26ed1bfc095abf2de16bf97b57,87.0,3,1786613389832,2026-08-13T16:29:49.832,1,1
8214,588aca26ed1bfc095abf2de16bf97b57,85.0,3,1786613390830,2026-08-13T16:29:50.830,1,1
8215,588aca26ed1bfc095abf2de16bf97b57,85.0,3,1786613391832,2026-08-13T16:29:51.832,1,1
8216,588aca26ed1bfc095abf2de16bf97b57,84.0,3,1786613392829,2026-08-13T16:29:52.829,1,1
8217,588aca26ed1bfc095abf2de16bf97b57,86.0,3,1786613393829,2026-08-13T16:29:53.829,1,1
8218,588aca26ed1bfc095abf2de16bf97b57,85.0,3,1786613394831,2026-08-13T16:29:54.831,1,1
8219,588aca26ed1bfc095abf2de16bf97b57,83.0,3,1786613395829,2026-08-13T16:29:55.829,1,1
8220,588aca26ed1bfc095abf2de16bf97b57,82.0,3,1786613396831,2026-08-13T16:29:56.831,1,1
8221,588aca26ed1bfc095abf2de16bf97b57,80.0,3,1786613397832,2026-08-13T16:29:57.832,1,1
8222,588aca26ed1bfc095abf2de16bf97b57,80.0,3,1786613398831,2026-08-13T16:29:58.831,1,1
8223,588aca26ed1bfc095abf2de16bf97b57,80.0,3,1786613399832,2026-08-13T16:29:59.832,1,1
8224,588aca26ed1bfc095abf2de16bf97b57,82.0,3,1786613400831,2026-08-13T16:30:00.831,1,1
8225,588aca26ed1bfc095abf2de16bf97b57,82.0,3,1786613401831,2026-08-13T16:30:01.831,1,1
8226,588aca26ed1bfc095abf2de16bf97b57,82.0,3,1786613402830,2026-08-13T16:30:02.830,1,1
8227,588aca26ed1bfc095abf2de16bf97b57,82.0,3,1786613403832,2026-08-13T16:30:03.832,1,1
8228,588aca26ed1bfc095abf2de16bf97b57,84.0,3,1786613404832,2026-08-13T16:30:04.832,1,1
8229,588aca26ed1bfc095abf2de16bf97b57,85.0,3,1786613405832,2026-08-13T16:30:05.832,1,1
8230,588aca26ed1bfc095abf2de16bf97b57,86.0,3,1786613406829,2026-08-13T16:30:06.829,1,1
8231,588aca26ed1bfc095abf2de16bf97b57,87.0,3,1786613407831,2026-08-13T16:30:07.831,1,1
8232,588aca26ed1bfc095abf2de16bf97b57,87.0,3,1786613408829,2026-08-13T16:30:08.829,1,1
8233,588aca26ed1bfc095abf2de16bf97b57,85.0,3,1786613409833,2026-08-13T16:30:09.833,1,1
8234,588aca26ed1bfc095abf2de16bf97b57,83.0,3,1786613410830,2026-08-13T16:30:10.830,1,1
8235,588aca26ed1bfc095abf2de16bf97b57,81.0,3,1786613411832,2026-08-13T16:30:11.832,1,1
8236,588aca26ed1bfc095abf2de16bf97b57,82.0,3,1786613412832,2026-08-13T16:30:12.832,1,1
8237,588aca26ed1bfc095abf2de16bf97b57,82.0,3,1786613413832,2026-08-13T16:30:13.832,1,1
8238,588aca26ed1bfc095abf2de16bf97b57,82.0,3,1786613414831,2026-08-13T16:30:14.831,1,1
8239,588aca26ed1bfc095abf2de16bf97b57,82.0,3,1786613415831,2026-08-13T16:30:15.831,1,1
8240,588aca26ed1bfc095abf2de16bf97b57,81.0,3,1786613416831,2026-08-13T16:30:16.831,1,1
8241,588aca26ed1bfc095abf2de16bf97b57,82.0,3,1786613417832,2026-08-13T16:30:17.832,1,1
8242,588aca26ed1bfc095abf2de16bf97b57,84.0,3,1786613418832,2026-08-13T16:30:18.832,1,1
8243,588aca26ed1bfc095abf2de16bf97b57,85.0,3,1786613419832,2026-08-13T16:30:19.832,1,1
8244,588aca26ed1bfc095abf2de16bf97b57,86.0,3,1786613420829,2026-08-13T16:30:20.829,1,1
8245,588aca26ed1bfc095abf2de16bf97b57,87.0,3,1786613421831,2026-08-13T16:30:21.831,1,1
8246,588aca26ed1bfc095abf2de16bf97b57,88.0,3,1786613422830,2026-08-13T16:30:22.830,1,1
8247,588aca26ed1bfc095abf2de16bf97b57,89.0,3,1786613423830,2026-08-13T16:30:23.830,1,1
8248,588aca26ed1bfc095abf2de16bf97b57,90.0,3,1786613424829,2026-08-13T16:30:24.829,1,1
8249,588aca26ed1bfc095abf2de16bf97b57,90.0,3,1786613425830,2026-08-13T16:30:25.830,1,1
8250,588aca26ed1bfc095abf2de16bf97b57,89.0,3,1786613426830,2026-08-13T16:30:26.830,1,1
8251,588aca26ed1bfc095abf2de16bf97b57,90.0,3,1786613427830,2026-08-13T16:30:27.830,1,1
8252,588aca26ed1bfc095abf2de16bf97b57,90.0,3,1786613428830,2026-08-13T16:30:28.830,1,1
8253,588aca26ed1bfc095abf2de16bf97b57,89.0,3,1786613429830,2026-08-13T16:30:29.830,1,1
8254,588aca26ed1bfc095abf2de16bf97b57,88.0,3,1786613430829,2026-08-13T16:30:30.829,1,1
8255,588aca26ed1bfc095abf2de16bf97b57,88.0,3,1786613431829,2026-08-13T16:30:31.829,1,1
8256,588aca26ed1bfc095abf2de16bf97b57,87.0,3,1786613432830,2026-08-13T16:30:32.830,1,1
8257,588aca26ed1bfc095abf2de16bf97b57,87.0,3,1786613433829,2026-08-13T16:30:33.829,1,1
8258,588aca26ed1bfc095abf2de16bf97b57,88.0,3,1786613434829,2026-08-13T16:30:34.829,1,1
8259,588aca26ed1bfc095abf2de16bf97b57,87.0,3,1786613435830,2026-08-13T16:30:35.830,1,1
8260,588aca26ed1bfc095abf2de16bf97b57,86.0,3,1786613436830,2026-08-13T16:30:36.830,1,1
8261,588aca26ed1bfc095abf2de16bf97b57,86.0,3,1786613437847,2026-08-13T16:30:37.847,1,1
8262,588aca26ed1bfc095abf2de16bf97b57,85.0,3,1786613438837,2026-08-13T16:30:38.837,1,1
8263,588aca26ed1bfc095abf2de16bf97b57,86.0,3,1786613439835,2026-08-13T16:30:39.835,1,1
8264,588aca26ed1bfc095abf2de16bf97b57,86.0,3,1786613440834,2026-08-13T16:30:40.834,1,1
8265,588aca26ed1bfc095abf2de16bf97b57,86.0,3,1786613441832,2026-08-13T16:30:41.832,1,1
8266,588aca26ed1bfc095abf2de16bf97b57,87.0,3,1786613442831,2026-08-13T16:30:42.831,1,1
8267,588aca26ed1bfc095abf2de16bf97b57,88.0,3,1786613443837,2026-08-13T16:30:43.837,1,1
8268,588aca26ed1bfc095abf2de16bf97b57,89.0,3,1786613444829,2026-08-13T16:30:44.829,1,1
8269,588aca26ed1bfc095abf2de16bf97b57,90.0,3,1786613445830,2026-08-13T16:30:45.830,1,1
8270,588aca26ed1bfc095abf2de16bf97b57,91.0,3,1786613446830,2026-08-13T16:30:46.830,1,1
8271,588aca26ed1bfc095abf2de16bf97b57,91.0,3,1786613447831,2026-08-13T16:30:47.831,1,1
8272,588aca26ed1bfc095abf2de16bf97b57,92.0,3,1786613448829,2026-08-13T16:30:48.829,1,1
8273,588aca26ed1bfc095abf2de16bf97b57,92.0,3,1786613449831,2026-08-13T16:30:49.831,1,1
8274,588aca26ed1bfc095abf2de16bf97b57,93.0,3,1786613450830,2026-08-13T16:30:50.830,1,1
8275,588aca26ed1bfc095abf2de16bf97b57,93.0,3,1786613451830,2026-08-13T16:30:51.830,1,1
8276,588aca26ed1bfc095abf2de16bf97b57,93.0,3,1786613452829,2026-08-13T16:30:52.829,1,1
8277,588aca26ed1bfc095abf2de16bf97b57,95.0,3,1786613453831,2026-08-13T16:30:53.831,1,1
8278,588aca26ed1bfc095abf2de16bf97b57,95.0,3,1786613454830,2026-08-13T16:30:54.830,1,1
8279,588aca26ed1bfc095abf2de16bf97b57,95.0,3,1786613455829,2026-08-13T16:30:55.829,1,1
8280,588aca26ed1bfc095abf2de16bf97b57,96.0,3,1786613456830,2026-08-13T16:30:56.830,1,1
8281,588aca26ed1bfc095abf2de16bf97b57,95.0,3,1786613457840,2026-08-13T16:30:57.840,1,1
8282,588aca26ed1bfc095abf2de16bf97b57,94.0,3,1786613458834,2026-08-13T16:30:58.834,1,1
8283,588aca26ed1bfc095abf2de16bf97b57,93.0,3,1786613459839,2026-08-13T16:30:59.839,1,1
8284,588aca26ed1bfc095abf2de16bf97b57,93.0,3,1786613460837,2026-08-13T16:31:00.837,1,1
8285,588aca26ed1bfc095abf2de16bf97b57,94.0,3,1786613461833,2026-08-13T16:31:01.833,1,1
8286,588aca26ed1bfc095abf2de16bf97b57,94.0,3,1786613462837,2026-08-13T16:31:02.837,1,1
8287,588aca26ed1bfc095abf2de16bf97b57,91.0,3,1786613463836,2026-08-13T16:31:03.836,1,1
8288,588aca26ed1bfc095abf2de16bf97b57,89.0,3,1786613464835,2026-08-13T16:31:04.835,1,1
8289,588aca26ed1bfc095abf2de16bf97b57,89.0,3,1786613465832,2026-08-13T16:31:05.832,1,1
8290,588aca26ed1bfc095abf2de16bf97b57,87.0,3,1786613466830,2026-08-13T16:31:06.830,1,1
8291,588aca26ed1bfc095abf2de16bf97b57,87.0,3,1786613467830,2026-08-13T16:31:07.830,1,1
8292,588aca26ed1bfc095abf2de16bf97b57,87.0,3,1786613468832,2026-08-13T16:31:08.832,1,1
8293,588aca26ed1bfc095abf2de16bf97b57,88.0,3,1786613469830,2026-08-13T16:31:09.830,1,1
8294,588aca26ed1bfc095abf2de16bf97b57,86.0,3,1786613470832,2026-08-13T16:31:10.832,1,1
8295,588aca26ed1bfc095abf2de16bf97b57,85.0,3,1786613471832,2026-08-13T16:31:11.832,1,1
8296,588aca26ed1bfc095abf2de16bf97b57,84.0,3,1786613472832,2026-08-13T16:31:12.832,1,1
8297,588aca26ed1bfc095abf2de16bf97b57,85.0,3,1786613473832,2026-08-13T16:31:13.832,1,1
8298,588aca26ed1bfc095abf2de16bf97b57,81.0,3,1786613474832,2026-08-13T16:31:14.832,1,1
8299,588aca26ed1bfc095abf2de16bf97b57,80.0,3,1786613475832,2026-08-13T16:31:15.832,1,1
8300,588aca26ed1bfc095abf2de16bf97b57,80.0,3,1786613476832,2026-08-13T16:31:16.832,1,1
8301,588aca26ed1bfc095abf2de16bf97b57,79.0,3,1786613477832,2026-08-13T16:31:17.832,1,1
8302,588aca26ed1bfc095abf2de16bf97b57,80.0,3,1786613478832,2026-08-13T16:31:18.832,1,1
8303,588aca26ed1bfc095abf2de16bf97b57,80.0,3,1786613479832,2026-08-13T16:31:19.832,1,1
8304,588aca26ed1bfc095abf2de16bf97b57,81.0,3,1786613480829,2026-08-13T16:31:20.829,1,1
8305,588aca26ed1bfc095abf2de16bf97b57,79.0,3,1786613481840,2026-08-13T16:31:21.840,1,1
8306,588aca26ed1bfc095abf2de16bf97b57,79.0,3,1786613482830,2026-08-13T16:31:22.830,1,1
8307,588aca26ed1bfc095abf2de16bf97b57,81.0,3,1786613483836,2026-08-13T16:31:23.836,1,1
8308,588aca26ed1bfc095abf2de16bf97b57,82.0,3,1786613484829,2026-08-13T16:31:24.829,1,1
8309,588aca26ed1bfc095abf2de16bf97b57,84.0,3,1786613485829,2026-08-13T16:31:25.829,1,1
8310,588aca26ed1bfc095abf2de16bf97b57,85.0,3,1786613486830,2026-08-13T16:31:26.830,1,1
8311,588aca26ed1bfc095abf2de16bf97b57,85.0,3,1786613487850,2026-08-13T16:31:27.850,1,1
8312,588aca26ed1bfc095abf2de16bf97b57,83.0,3,1786613488832,2026-08-13T16:31:28.832,1,1
8313,588aca26ed1bfc095abf2de16bf97b57,83.0,3,1786613489832,2026-08-13T16:31:29.832,1,1
8314,588aca26ed1bfc095abf2de16bf97b57,83.0,3,1786613490831,2026-08-13T16:31:30.831,1,1
8315,588aca26ed1bfc095abf2de16bf97b57,84.0,3,1786613491833,2026-08-13T16:31:31.833,1,1
8316,588aca26ed1bfc095abf2de16bf97b57,83.0,3,1786613492833,2026-08-13T16:31:32.833,1,1
8317,588aca26ed1bfc095abf2de16bf97b57,83.0,3,1786613493831,2026-08-13T16:31:33.831,1,1
8318,588aca26ed1bfc095abf2de16bf97b57,83.0,3,1786613494829,2026-08-13T16:31:34.829,1,1
8319,588aca26ed1bfc095abf2de16bf97b57,84.0,3,1786613495835,2026-08-13T16:31:35.835,1,1
8320,588aca26ed1bfc095abf2de16bf97b57,86.0,3,1786613496832,2026-08-13T16:31:36.832,1,1
8321,588aca26ed1bfc095abf2de16bf97b57,87.0,3,1786613497833,2026-08-13T16:31:37.833,1,1
8322,588aca26ed1bfc095abf2de16bf97b57,88.0,3,1786613498830,2026-08-13T16:31:38.830,1,1
8323,588aca26ed1bfc095abf2de16bf97b57,88.0,3,1786613499831,2026-08-13T16:31:39.831,1,1
8324,588aca26ed1bfc095abf2de16bf97b57,87.0,3,1786613500866,2026-08-13T16:31:40.866,1,1
8325,588aca26ed1bfc095abf2de16bf97b57,87.0,3,1786613501830,2026-08-13T16:31:41.830,1,1
8326,588aca26ed1bfc095abf2de16bf97b57,86.0,3,1786613502831,2026-08-13T16:31:42.831,1,1
8327,588aca26ed1bfc095abf2de16bf97b57,86.0,3,1786613503831,2026-08-13T16:31:43.831,1,1
8328,588aca26ed1bfc095abf2de16bf97b57,86.0,3,1786613504829,2026-08-13T16:31:44.829,1,1
8329,588aca26ed1bfc095abf2de16bf97b57,88.0,3,1786613505830,2026-08-13T16:31:45.830,1,1
8330,588aca26ed1bfc095abf2de16bf97b57,89.0,3,1786613506830,2026-08-13T16:31:46.830,1,1
8331,588aca26ed1bfc095abf2de16bf97b57,89.0,3,1786613507841,2026-08-13T16:31:47.841,1,1
8332,588aca26ed1bfc095abf2de16bf97b57,88.0,3,1786613508831,2026-08-13T16:31:48.831,1,1
8333,588aca26ed1bfc095abf2de16bf97b57,86.0,3,1786613509832,2026-08-13T16:31:49.832,1,1
8334,588aca26ed1bfc095abf2de16bf97b57,85.0,3,1786613510832,2026-08-13T16:31:50.832,1,1
8335,588aca26ed1bfc095abf2de16bf97b57,84.0,3,1786613511830,2026-08-13T16:31:51.830,1,1
8336,588aca26ed1bfc095abf2de16bf97b57,86.0,3,1786613512829,2026-08-13T16:31:52.829,1,1
8337,588aca26ed1bfc095abf2de16bf97b57,86.0,3,1786613513829,2026-08-13T16:31:53.829,1,1
8338,588aca26ed1bfc095abf2de16bf97b57,86.0,3,1786613514829,2026-08-13T16:31:54.829,1,1
8339,588aca26ed1bfc095abf2de16bf97b57,87.0,3,1786613515830,2026-08-13T16:31:55.830,1,1
8340,588aca26ed1bfc095abf2de16bf97b57,87.0,3,1786613516829,2026-08-13T16:31:56.829,1,1
8341,588aca26ed1bfc095abf2de16bf97b57,87.0,3,1786613517829,2026-08-13T16:31:57.829,1,1
8342,588aca26ed1bfc095abf2de16bf97b57,88.0,3,1786613518829,2026-08-13T16:31:58.829,1,1
8343,588aca26ed1bfc095abf2de16bf97b57,87.0,3,1786613519830,2026-08-13T16:31:59.830,1,1
8344,588aca26ed1bfc095abf2de16bf97b57,88.0,3,1786613520829,2026-08-13T16:32:00.829,1,1
8345,588aca26ed1bfc095abf2de16bf97b57,87.0,3,1786613521829,2026-08-13T16:32:01.829,1,1
8346,588aca26ed1bfc095abf2de16bf97b57,89.0,3,1786613522829,2026-08-13T16:32:02.829,1,1
8347,588aca26ed1bfc095abf2de16bf97b57,89.0,3,1786613523830,2026-08-13T16:32:03.830,1,1
8348,588aca26ed1bfc095abf2de16bf97b57,89.0,3,1786613524829,2026-08-13T16:32:04.829,1,1
8349,588aca26ed1bfc095abf2de16bf97b57,89.0,3,1786613525829,2026-08-13T16:32:05.829,1,1
8350,588aca26ed1bfc095abf2de16bf97b57,90.0,3,1786613526829,2026-08-13T16:32:06.829,1,1
8351,588aca26ed1bfc095abf2de16bf97b57,90.0,3,1786613527829,2026-08-13T16:32:07.829,1,1
8352,588aca26ed1bfc095abf2de16bf97b57,91.0,3,1786613528829,2026-08-13T16:32:08.829,1,1
8353,588aca26ed1bfc095abf2de16bf97b57,91.0,3,1786613529830,2026-08-13T16:32:09.830,1,1
8354,588aca26ed1bfc095abf2de16bf97b57,92.0,3,1786613530837,2026-08-13T16:32:10.837,1,1
8355,588aca26ed1bfc095abf2de16bf97b57,94.0,3,1786613531835,2026-08-13T16:32:11.835,1,1
8356,588aca26ed1bfc095abf2de16bf97b57,95.0,3,1786613532835,2026-08-13T16:32:12.835,1,1
8357,588aca26ed1bfc095abf2de16bf97b57,96.0,3,1786613533844,2026-08-13T16:32:13.844,1,1
8358,588aca26ed1bfc095abf2de16bf97b57,95.0,3,1786613534835,2026-08-13T16:32:14.835,1,1
8359,588aca26ed1bfc095abf2de16bf97b57,94.0,3,1786613535831,2026-08-13T16:32:15.831,1,1
8360,588aca26ed1bfc095abf2de16bf97b57,93.0,3,1786613536830,2026-08-13T16:32:16.830,1,1
8361,588aca26ed1bfc095abf2de16bf97b57,93.0,3,1786613537830,2026-08-13T16:32:17.830,1,1
8362,588aca26ed1bfc095abf2de16bf97b57,92.0,3,1786613538836,2026-08-13T16:32:18.836,1,1
8363,588aca26ed1bfc095abf2de16bf97b57,92.0,3,1786613539829,2026-08-13T16:32:19.829,1,1
8364,588aca26ed1bfc095abf2de16bf97b57,91.0,3,1786613540829,2026-08-13T16:32:20.829,1,1
8365,588aca26ed1bfc095abf2de16bf97b57,91.0,3,1786613541829,2026-08-13T16:32:21.829,1,1
8366,588aca26ed1bfc095abf2de16bf97b57,90.0,3,1786613542829,2026-08-13T16:32:22.829,1,1
8367,588aca26ed1bfc095abf2de16bf97b57,89.0,3,1786613543829,2026-08-13T16:32:23.829,1,1
8368,588aca26ed1bfc095abf2de16bf97b57,90.0,3,1786613544829,2026-08-13T16:32:24.829,1,1
8369,588aca26ed1bfc095abf2de16bf97b57,89.0,3,1786613545830,2026-08-13T16:32:25.830,1,1
8370,588aca26ed1bfc095abf2de16bf97b57,89.0,3,1786613546830,2026-08-13T16:32:26.830,1,1
8371,588aca26ed1bfc095abf2de16bf97b57,89.0,3,1786613547830,2026-08-13T16:32:27.830,1,1
8372,588aca26ed1bfc095abf2de16bf97b57,89.0,3,1786613548830,2026-08-13T16:32:28.830,1,1
8373,588aca26ed1bfc095abf2de16bf97b57,89.0,3,1786613549830,2026-08-13T16:32:29.830,1,1
8374,588aca26ed1bfc095abf2de16bf97b57,89.0,3,1786613550830,2026-08-13T16:32:30.830,1,1
8375,588aca26ed1bfc095abf2de16bf97b57,90.0,3,1786613551830,2026-08-13T16:32:31.830,1,1
8376,588aca26ed1bfc095abf2de16bf97b57,91.0,3,1786613552830,2026-08-13T16:32:32.830,1,1
8377,588aca26ed1bfc095abf2de16bf97b57,91.0,3,1786613553831,2026-08-13T16:32:33.831,1,1
8378,588aca26ed1bfc095abf2de16bf97b57,91.0,3,1786613554831,2026-08-13T16:32:34.831,1,1
8379,588aca26ed1bfc095abf2de16bf97b57,91.0,3,1786613555830,2026-08-13T16:32:35.830,1,1
8380,588aca26ed1bfc095abf2de16bf97b57,91.0,3,1786613556832,2026-08-13T16:32:36.832,1,1
8381,588aca26ed1bfc095abf2de16bf97b57,91.0,3,1786613557829,2026-08-13T16:32:37.829,1,1
8382,588aca26ed1bfc095abf2de16bf97b57,91.0,3,1786613558830,2026-08-13T16:32:38.830,1,1
8383,588aca26ed1bfc095abf2de16bf97b57,91.0,3,1786613559830,2026-08-13T16:32:39.830,1,1
8384,588aca26ed1bfc095abf2de16bf97b57,92.0,3,1786613560832,2026-08-13T16:32:40.832,1,1
8385,588aca26ed1bfc095abf2de16bf97b57,91.0,3,1786613561833,2026-08-13T16:32:41.833,1,1
8386,588aca26ed1bfc095abf2de16bf97b57,91.0,3,1786613562829,2026-08-13T16:32:42.829,1,1
8387,588aca26ed1bfc095abf2de16bf97b57,90.0,3,1786613563831,2026-08-13T16:32:43.831,1,1
8388,588aca26ed1bfc095abf2de16bf97b57,90.0,3,1786613564829,2026-08-13T16:32:44.829,1,1
8389,588aca26ed1bfc095abf2de16bf97b57,89.0,3,1786613565833,2026-08-13T16:32:45.833,1,1
8390,588aca26ed1bfc095abf2de16bf97b57,89.0,3,1786613566835,2026-08-13T16:32:46.835,1,0
8391,588aca26ed1bfc095abf2de16bf97b57,90.0,3,1786613567831,2026-08-13T16:32:47.831,1,1
8392,588aca26ed1bfc095abf2de16bf97b57,90.0,3,1786613568829,2026-08-13T16:32:48.829,1,1
8393,588aca26ed1bfc095abf2de16bf97b57,91.0,3,1786613569829,2026-08-13T16:32:49.829,1,1
8394,588aca26ed1bfc095abf2de16bf97b57,92.0,3,1786613570829,2026-08-13T16:32:50.829,1,1
8395,588aca26ed1bfc095abf2de16bf97b57,93.0,3,1786613571829,2026-08-13T16:32:51.829,1,1
8396,588aca26ed1bfc095abf2de16bf97b57,94.0,3,1786613572829,2026-08-13T16:32:52.829,1,1
8397,588aca26ed1bfc095abf2de16bf97b57,95.0,3,1786613573830,2026-08-13T16:32:53.830,1,1
8398,588aca26ed1bfc095abf2de16bf97b57,94.0,3,1786613574830,2026-08-13T16:32:54.830,1,1
8399,588aca26ed1bfc095abf2de16bf97b57,94.0,3,1786613575829,2026-08-13T16:32:55.829,1,1
8400,588aca26ed1bfc095abf2de16bf97b57,93.0,3,1786613576829,2026-08-13T16:32:56.829,1,1
8401,588aca26ed1bfc095abf2de16bf97b57,93.0,3,1786613577830,2026-08-13T16:32:57.830,1,1
8402,588aca26ed1bfc095abf2de16bf97b57,94.0,3,1786613578829,2026-08-13T16:32:58.829,1,1
8403,588aca26ed1bfc095abf2de16bf97b57,95.0,3,1786613579830,2026-08-13T16:32:59.830,1,1
8404,588aca26ed1bfc095abf2de16bf97b57,95.0,3,1786613580830,2026-08-13T16:33:00.830,1,1
8405,588aca26ed1bfc095abf2de16bf97b57,94.0,3,1786613581829,2026-08-13T16:33:01.829,1,1
8406,588aca26ed1bfc095abf2de16bf97b57,93.0,3,1786613582829,2026-08-13T16:33:02.829,1,1
8407,588aca26ed1bfc095abf2de16bf97b57,94.0,3,1786613583829,2026-08-13T16:33:03.829,1,1
8408,588aca26ed1bfc095abf2de16bf97b57,94.0,3,1786613584830,2026-08-13T16:33:04.830,1,1
8409,588aca26ed1bfc095abf2de16bf97b57,93.0,3,1786613585830,2026-08-13T16:33:05.830,1,1
8410,588aca26ed1bfc095abf2de16bf97b57,92.0,3,1786613586829,2026-08-13T16:33:06.829,1,1
8411,588aca26ed1bfc095abf2de16bf97b57,91.0,3,1786613587830,2026-08-13T16:33:07.830,1,1
8412,588aca26ed1bfc095abf2de16bf97b57,90.0,3,1786613588829,2026-08-13T16:33:08.829,1,1
8413,588aca26ed1bfc095abf2de16bf97b57,90.0,3,1786613589829,2026-08-13T16:33:09.829,1,1
8414,588aca26ed1bfc095abf2de16bf97b57,90.0,3,1786613590830,2026-08-13T16:33:10.830,1,1
8415,588aca26ed1bfc095abf2de16bf97b57,91.0,3,1786613591830,2026-08-13T16:33:11.830,1,1
8416,588aca26ed1bfc095abf2de16bf97b57,91.0,3,1786613592829,2026-08-13T16:33:12.829,1,1
8417,588aca26ed1bfc095abf2de16bf97b57,92.0,3,1786613593830,2026-08-13T16:33:13.830,1,1
8418,588aca26ed1bfc095abf2de16bf97b57,92.0,3,1786613594829,2026-08-13T16:33:14.829,1,1
8419,588aca26ed1bfc095abf2de16bf97b57,91.0,3,1786613595829,2026-08-13T16:33:15.829,1,1
8420,588aca26ed1bfc095abf2de16bf97b57,91.0,3,1786613596830,2026-08-13T16:33:16.830,1,1
8421,588aca26ed1bfc095abf2de16bf97b57,90.0,3,1786613597830,2026-08-13T16:33:17.830,1,1
8422,588aca26ed1bfc095abf2de16bf97b57,90.0,3,1786613598839,2026-08-13T16:33:18.839,1,1
8423,588aca26ed1bfc095abf2de16bf97b57,90.0,3,1786613599838,2026-08-13T16:33:19.838,1,1
8424,588aca26ed1bfc095abf2de16bf97b57,92.0,3,1786613600838,2026-08-13T16:33:20.838,1,1
8425,588aca26ed1bfc095abf2de16bf97b57,92.0,3,1786613601832,2026-08-13T16:33:21.832,1,1
8426,588aca26ed1bfc095abf2de16bf97b57,91.0,3,1786613602830,2026-08-13T16:33:22.830,1,1
8427,588aca26ed1bfc095abf2de16bf97b57,91.0,3,1786613603835,2026-08-13T16:33:23.835,1,1
8428,588aca26ed1bfc095abf2de16bf97b57,89.0,3,1786613604833,2026-08-13T16:33:24.833,1,1
8429,588aca26ed1bfc095abf2de16bf97b57,89.0,3,1786613605832,2026-08-13T16:33:25.832,1,1
8430,588aca26ed1bfc095abf2de16bf97b57,89.0,3,1786613606831,2026-08-13T16:33:26.831,1,1
8431,588aca26ed1bfc095abf2de16bf97b57,88.0,3,1786613607830,2026-08-13T16:33:27.830,1,1
8432,588aca26ed1bfc095abf2de16bf97b57,88.0,3,1786613608829,2026-08-13T16:33:28.829,1,1
8433,588aca26ed1bfc095abf2de16bf97b57,88.0,3,1786613609830,2026-08-13T16:33:29.830,1,1
8434,588aca26ed1bfc095abf2de16bf97b57,89.0,3,1786613610829,2026-08-13T16:33:30.829,1,1
8435,588aca26ed1bfc095abf2de16bf97b57,89.0,3,1786613611830,2026-08-13T16:33:31.830,1,1
8436,588aca26ed1bfc095abf2de16bf97b57,90.0,3,1786613612829,2026-08-13T16:33:32.829,1,1
8437,588aca26ed1bfc095abf2de16bf97b57,90.0,3,1786613613830,2026-08-13T16:33:33.830,1,1
8438,588aca26ed1bfc095abf2de16bf97b57,90.0,3,1786613614830,2026-08-13T16:33:34.830,1,1
8439,588aca26ed1bfc095abf2de16bf97b57,90.0,3,1786613615830,2026-08-13T16:33:35.830,1,1
8440,588aca26ed1bfc095abf2de16bf97b57,90.0,3,1786613616829,2026-08-13T16:33:36.829,1,1
8441,588aca26ed1bfc095abf2de16bf97b57,91.0,3,1786613617829,2026-08-13T16:33:37.829,1,1
8442,588aca26ed1bfc095abf2de16bf97b57,90.0,3,1786613618829,2026-08-13T16:33:38.829,1,1
8443,588aca26ed1bfc095abf2de16bf97b57,88.0,3,1786613619829,2026-08-13T16:33:39.829,1,1
8444,588aca26ed1bfc095abf2de16bf97b57,88.0,3,1786613620829,2026-08-13T16:33:40.829,1,1
8445,588aca26ed1bfc095abf2de16bf97b57,87.0,3,1786613621829,2026-08-13T16:33:41.829,1,1
8446,588aca26ed1bfc095abf2de16bf97b57,89.0,3,1786613622832,2026-08-13T16:33:42.832,1,1
8447,588aca26ed1bfc095abf2de16bf97b57,91.0,3,1786613623832,2026-08-13T16:33:43.832,1,1
8448,588aca26ed1bfc095abf2de16bf97b57,93.0,3,1786613624830,2026-08-13T16:33:44.830,1,1
8449,588aca26ed1bfc095abf2de16bf97b57,96.0,3,1786613625832,2026-08-13T16:33:45.832,1,1
8450,588aca26ed1bfc095abf2de16bf97b57,97.0,3,1786613626829,2026-08-13T16:33:46.829,1,1
8451,588aca26ed1bfc095abf2de16bf97b57,99.0,3,1786613627832,2026-08-13T16:33:47.832,1,1
8452,588aca26ed1bfc095abf2de16bf97b57,100.0,3,1786613628831,2026-08-13T16:33:48.831,1,1
8453,588aca26ed1bfc095abf2de16bf97b57,99.0,3,1786613629830,2026-08-13T16:33:49.830,1,1
8454,588aca26ed1bfc095abf2de16bf97b57,99.0,3,1786613630830,2026-08-13T16:33:50.830,1,1
8455,588aca26ed1bfc095abf2de16bf97b57,98.0,3,1786613631830,2026-08-13T16:33:51.830,1,1
8456,588aca26ed1bfc095abf2de16bf97b57,98.0,3,1786613632829,2026-08-13T16:33:52.829,1,1
8457,588aca26ed1bfc095abf2de16bf97b57,98.0,3,1786613633829,2026-08-13T16:33:53.829,1,1
8458,588aca26ed1bfc095abf2de16bf97b57,99.0,3,1786613634829,2026-08-13T16:33:54.829,1,1
8459,588aca26ed1bfc095abf2de16bf97b57,97.0,3,1786613635830,2026-08-13T16:33:55.830,1,1
8460,588aca26ed1bfc095abf2de16bf97b57,97.0,3,1786613636829,2026-08-13T16:33:56.829,1,1
8461,588aca26ed1bfc095abf2de16bf97b57,96.0,3,1786613637830,2026-08-13T16:33:57.830,1,1
8462,588aca26ed1bfc095abf2de16bf97b57,95.0,3,1786613638829,2026-08-13T16:33:58.829,1,1
8463,588aca26ed1bfc095abf2de16bf97b57,93.0,3,1786613639829,2026-08-13T16:33:59.829,1,1
8464,588aca26ed1bfc095abf2de16bf97b57,93.0,3,1786613640831,2026-08-13T16:34:00.831,1,1
8465,588aca26ed1bfc095abf2de16bf97b57,92.0,3,1786613641829,2026-08-13T16:34:01.829,1,1
8466,588aca26ed1bfc095abf2de16bf97b57,92.0,3,1786613642830,2026-08-13T16:34:02.830,1,1
8467,588aca26ed1bfc095abf2de16bf97b57,91.0,3,1786613643830,2026-08-13T16:34:03.830,1,1
8468,588aca26ed1bfc095abf2de16bf97b57,90.0,3,1786613644838,2026-08-13T16:34:04.838,1,1
8469,588aca26ed1bfc095abf2de16bf97b57,91.0,3,1786613645845,2026-08-13T16:34:05.845,1,1
8470,588aca26ed1bfc095abf2de16bf97b57,92.0,3,1786613646837,2026-08-13T16:34:06.837,1,1
8471,588aca26ed1bfc095abf2de16bf97b57,92.0,3,1786613647839,2026-08-13T16:34:07.839,1,1
8472,588aca26ed1bfc095abf2de16bf97b57,90.0,3,1786613648836,2026-08-13T16:34:08.836,1,1
8473,588aca26ed1bfc095abf2de16bf97b57,89.0,3,1786613649845,2026-08-13T16:34:09.845,1,1
8474,588aca26ed1bfc095abf2de16bf97b57,87.0,3,1786613650835,2026-08-13T16:34:10.835,1,1
8475,588aca26ed1bfc095abf2de16bf97b57,86.0,3,1786613651834,2026-08-13T16:34:11.834,1,1
8476,588aca26ed1bfc095abf2de16bf97b57,85.0,3,1786613652833,2026-08-13T16:34:12.833,1,1
8477,588aca26ed1bfc095abf2de16bf97b57,87.0,3,1786613653842,2026-08-13T16:34:13.842,1,1
8478,588aca26ed1bfc095abf2de16bf97b57,89.0,3,1786613654832,2026-08-13T16:34:14.832,1,1
8479,588aca26ed1bfc095abf2de16bf97b57,89.0,3,1786613655831,2026-08-13T16:34:15.831,1,1
8480,588aca26ed1bfc095abf2de16bf97b57,88.0,3,1786613656829,2026-08-13T16:34:16.829,1,1
8481,588aca26ed1bfc095abf2de16bf97b57,89.0,3,1786613657830,2026-08-13T16:34:17.830,1,1
8482,588aca26ed1bfc095abf2de16bf97b57,87.0,3,1786613658829,2026-08-13T16:34:18.829,1,1
8483,588aca26ed1bfc095abf2de16bf97b57,86.0,3,1786613659829,2026-08-13T16:34:19.829,1,1
8484,588aca26ed1bfc095abf2de16bf97b57,84.0,3,1786613660829,2026-08-13T16:34:20.829,1,1
8485,588aca26ed1bfc095abf2de16bf97b57,83.0,3,1786613661830,2026-08-13T16:34:21.830,1,1
8486,588aca26ed1bfc095abf2de16bf97b57,83.0,3,1786613662830,2026-08-13T16:34:22.830,1,1
8487,588aca26ed1bfc095abf2de16bf97b57,83.0,3,1786613663830,2026-08-13T16:34:23.830,1,1
8488,588aca26ed1bfc095abf2de16bf97b57,84.0,3,1786613664830,2026-08-13T16:34:24.830,1,1
8489,588aca26ed1bfc095abf2de16bf97b57,85.0,3,1786613665829,2026-08-13T16:34:25.829,1,1
8490,588aca26ed1bfc095abf2de16bf97b57,86.0,3,1786613666830,2026-08-13T16:34:26.830,1,1
8491,588aca26ed1bfc095abf2de16bf97b57,87.0,3,1786613667829,2026-08-13T16:34:27.829,1,1
8492,588aca26ed1bfc095abf2de16bf97b57,88.0,3,1786613668829,2026-08-13T16:34:28.829,1,1
8493,588aca26ed1bfc095abf2de16bf97b57,87.0,3,1786613669830,2026-08-13T16:34:29.830,1,1
8494,588aca26ed1bfc095abf2de16bf97b57,86.0,3,1786613670830,2026-08-13T16:34:30.830,1,1
8495,588aca26ed1bfc095abf2de16bf97b57,85.0,3,1786613671832,2026-08-13T16:34:31.832,1,1
8496,588aca26ed1bfc095abf2de16bf97b57,85.0,3,1786613672829,2026-08-13T16:34:32.829,1,1
8497,588aca26ed1bfc095abf2de16bf97b57,84.0,3,1786613673829,2026-08-13T16:34:33.829,1,1
8498,588aca26ed1bfc095abf2de16bf97b57,84.0,3,1786613674829,2026-08-13T16:34:34.829,1,1
8499,588aca26ed1bfc095abf2de16bf97b57,84.0,3,1786613675829,2026-08-13T16:34:35.829,1,1
8500,588aca26ed1bfc095abf2de16bf97b57,85.0,3,1786613676839,2026-08-13T16:34:36.839,1,1
8501,588aca26ed1bfc095abf2de16bf97b57,85.0,3,1786613677829,2026-08-13T16:34:37.829,1,1
8502,588aca26ed1bfc095abf2de16bf97b57,86.0,3,1786613678830,2026-08-13T16:34:38.830,1,1
8503,588aca26ed1bfc095abf2de16bf97b57,87.0,3,1786613679832,2026-08-13T16:34:39.832,1,1
8504,588aca26ed1bfc095abf2de16bf97b57,89.0,3,1786613680831,2026-08-13T16:34:40.831,1,1
8505,588aca26ed1bfc095abf2de16bf97b57,91.0,3,1786613681830,2026-08-13T16:34:41.830,1,1
8506,588aca26ed1bfc095abf2de16bf97b57,90.0,3,1786613682829,2026-08-13T16:34:42.829,1,1
8507,588aca26ed1bfc095abf2de16bf97b57,92.0,3,1786613683831,2026-08-13T16:34:43.831,1,1
8508,588aca26ed1bfc095abf2de16bf97b57,91.0,3,1786613684831,2026-08-13T16:34:44.831,1,1
8509,588aca26ed1bfc095abf2de16bf97b57,91.0,3,1786613685830,2026-08-13T16:34:45.830,1,1
8510,588aca26ed1bfc095abf2de16bf97b57,91.0,3,1786613686830,2026-08-13T16:34:46.830,1,1
8511,588aca26ed1bfc095abf2de16bf97b57,92.0,3,1786613687831,2026-08-13T16:34:47.831,1,1
8512,588aca26ed1bfc095abf2de16bf97b57,93.0,3,1786613688830,2026-08-13T16:34:48.830,1,1
8513,588aca26ed1bfc095abf2de16bf97b57,94.0,3,1786613689829,2026-08-13T16:34:49.829,1,1
8514,588aca26ed1bfc095abf2de16bf97b57,94.0,3,1786613690830,2026-08-13T16:34:50.830,1,1
8515,588aca26ed1bfc095abf2de16bf97b57,93.0,3,1786613691833,2026-08-13T16:34:51.833,1,1
8516,588aca26ed1bfc095abf2de16bf97b57,93.0,3,1786613692831,2026-08-13T16:34:52.831,1,1
8517,588aca26ed1bfc095abf2de16bf97b57,92.0,3,1786613693835,2026-08-13T16:34:53.835,1,1
8518,588aca26ed1bfc095abf2de16bf97b57,93.0,3,1786613694830,2026-08-13T16:34:54.830,1,1
8519,588aca26ed1bfc095abf2de16bf97b57,93.0,3,1786613695829,2026-08-13T16:34:55.829,1,1
8520,588aca26ed1bfc095abf2de16bf97b57,94.0,3,1786613696831,2026-08-13T16:34:56.831,1,1
8521,588aca26ed1bfc095abf2de16bf97b57,94.0,3,1786613697832,2026-08-13T16:34:57.832,1,1
8522,588aca26ed1bfc095abf2de16bf97b57,94.0,3,1786613698832,2026-08-13T16:34:58.832,1,1
8523,588aca26ed1bfc095abf2de16bf97b57,94.0,3,1786613699832,2026-08-13T16:34:59.832,1,1
8524,588aca26ed1bfc095abf2de16bf97b57,94.0,3,1786613700830,2026-08-13T16:35:00.830,1,1
8525,588aca26ed1bfc095abf2de16bf97b57,93.0,3,1786613701832,2026-08-13T16:35:01.832,1,1
8526,588aca26ed1bfc095abf2de16bf97b57,93.0,3,1786613702832,2026-08-13T16:35:02.832,1,1
8527,588aca26ed1bfc095abf2de16bf97b57,92.0,3,1786613703829,2026-08-13T16:35:03.829,1,1
8528,588aca26ed1bfc095abf2de16bf97b57,93.0,3,1786613704830,2026-08-13T16:35:04.830,1,1
8529,588aca26ed1bfc095abf2de16bf97b57,92.0,3,1786613705829,2026-08-13T16:35:05.829,1,1
8530,588aca26ed1bfc095abf2de16bf97b57,91.0,3,1786613706831,2026-08-13T16:35:06.831,1,1
8531,588aca26ed1bfc095abf2de16bf97b57,90.0,3,1786613707832,2026-08-13T16:35:07.832,1,1
8532,588aca26ed1bfc095abf2de16bf97b57,89.0,3,1786613708832,2026-08-13T16:35:08.832,1,1
8533,588aca26ed1bfc095abf2de16bf97b57,90.0,3,1786613709831,2026-08-13T16:35:09.831,1,1
8534,588aca26ed1bfc095abf2de16bf97b57,89.0,3,1786613710831,2026-08-13T16:35:10.831,1,1
8535,588aca26ed1bfc095abf2de16bf97b57,89.0,3,1786613711832,2026-08-13T16:35:11.832,1,1
8536,588aca26ed1bfc095abf2de16bf97b57,88.0,3,1786613712832,2026-08-13T16:35:12.832,1,1
8537,588aca26ed1bfc095abf2de16bf97b57,88.0,3,1786613713829,2026-08-13T16:35:13.829,1,1
8538,588aca26ed1bfc095abf2de16bf97b57,88.0,3,1786613714829,2026-08-13T16:35:14.829,1,1
8539,588aca26ed1bfc095abf2de16bf97b57,87.0,3,1786613715831,2026-08-13T16:35:15.831,1,1
8540,588aca26ed1bfc095abf2de16bf97b57,87.0,3,1786613716829,2026-08-13T16:35:16.829,1,1
8541,588aca26ed1bfc095abf2de16bf97b57,89.0,3,1786613717833,2026-08-13T16:35:17.833,1,1
8542,588aca26ed1bfc095abf2de16bf97b57,91.0,3,1786613718834,2026-08-13T16:35:18.834,1,1
8543,588aca26ed1bfc095abf2de16bf97b57,91.0,3,1786613719834,2026-08-13T16:35:19.834,1,1
8544,588aca26ed1bfc095abf2de16bf97b57,90.0,3,1786613720834,2026-08-13T16:35:20.834,1,1
8545,588aca26ed1bfc095abf2de16bf97b57,88.0,3,1786613721832,2026-08-13T16:35:21.832,1,1
8546,588aca26ed1bfc095abf2de16bf97b57,87.0,3,1786613722832,2026-08-13T16:35:22.832,1,1
8547,588aca26ed1bfc095abf2de16bf97b57,85.0,3,1786613723832,2026-08-13T16:35:23.832,1,1
8548,588aca26ed1bfc095abf2de16bf97b57,85.0,3,1786613724831,2026-08-13T16:35:24.831,1,1
8549,588aca26ed1bfc095abf2de16bf97b57,87.0,3,1786613725831,2026-08-13T16:35:25.831,1,1
8550,588aca26ed1bfc095abf2de16bf97b57,87.0,3,1786613726829,2026-08-13T16:35:26.829,1,1
8551,588aca26ed1bfc095abf2de16bf97b57,87.0,3,1786613727832,2026-08-13T16:35:27.832,1,1
8552,588aca26ed1bfc095abf2de16bf97b57,86.0,3,1786613728832,2026-08-13T16:35:28.832,1,1
8553,588aca26ed1bfc095abf2de16bf97b57,86.0,3,1786613729830,2026-08-13T16:35:29.830,1,1
8554,588aca26ed1bfc095abf2de16bf97b57,85.0,3,1786613730832,2026-08-13T16:35:30.832,1,1
8555,588aca26ed1bfc095abf2de16bf97b57,85.0,3,1786613731830,2026-08-13T16:35:31.830,1,1
8556,588aca26ed1bfc095abf2de16bf97b57,85.0,3,1786613732832,2026-08-13T16:35:32.832,1,1
8557,588aca26ed1bfc095abf2de16bf97b57,85.0,3,1786613733833,2026-08-13T16:35:33.833,1,1
8558,588aca26ed1bfc095abf2de16bf97b57,86.0,3,1786613734834,2026-08-13T16:35:34.834,1,1
8559,588aca26ed1bfc095abf2de16bf97b57,87.0,3,1786613735831,2026-08-13T16:35:35.831,1,1
8560,588aca26ed1bfc095abf2de16bf97b57,89.0,3,1786613736831,2026-08-13T16:35:36.831,1,1
8561,588aca26ed1bfc095abf2de16bf97b57,90.0,3,1786613737830,2026-08-13T16:35:37.830,1,1
8562,588aca26ed1bfc095abf2de16bf97b57,90.0,3,1786613738829,2026-08-13T16:35:38.829,1,1
8563,588aca26ed1bfc095abf2de16bf97b57,90.0,3,1786613739829,2026-08-13T16:35:39.829,1,1
8564,588aca26ed1bfc095abf2de16bf97b57,91.0,3,1786613740829,2026-08-13T16:35:40.829,1,1
8565,588aca26ed1bfc095abf2de16bf97b57,92.0,3,1786613741829,2026-08-13T16:35:41.829,1,1
8566,588aca26ed1bfc095abf2de16bf97b57,93.0,3,1786613742829,2026-08-13T16:35:42.829,1,1
8567,588aca26ed1bfc095abf2de16bf97b57,94.0,3,1786613743829,2026-08-13T16:35:43.829,1,1
8568,588aca26ed1bfc095abf2de16bf97b57,94.0,3,1786613744829,2026-08-13T16:35:44.829,1,1
8569,588aca26ed1bfc095abf2de16bf97b57,95.0,3,1786613745830,2026-08-13T16:35:45.830,1,1
8570,588aca26ed1bfc095abf2de16bf97b57,93.0,3,1786613746830,2026-08-13T16:35:46.830,1,1
8571,588aca26ed1bfc095abf2de16bf97b57,93.0,3,1786613747830,2026-08-13T16:35:47.830,1,1
8572,588aca26ed1bfc095abf2de16bf97b57,92.0,3,1786613748831,2026-08-13T16:35:48.831,1,1
8573,588aca26ed1bfc095abf2de16bf97b57,92.0,3,1786613749830,2026-08-13T16:35:49.830,1,1
8574,588aca26ed1bfc095abf2de16bf97b57,92.0,3,1786613750831,2026-08-13T16:35:50.831,1,1
8575,588aca26ed1bfc095abf2de16bf97b57,92.0,3,1786613751829,2026-08-13T16:35:51.829,1,1
8576,588aca26ed1bfc095abf2de16bf97b57,91.0,3,1786613752829,2026-08-13T16:35:52.829,1,1
8577,588aca26ed1bfc095abf2de16bf97b57,91.0,3,1786613753830,2026-08-13T16:35:53.830,1,1
8578,588aca26ed1bfc095abf2de16bf97b57,90.0,3,1786613754829,2026-08-13T16:35:54.829,1,1
8579,588aca26ed1bfc095abf2de16bf97b57,90.0,3,1786613755830,2026-08-13T16:35:55.830,1,1
8580,588aca26ed1bfc095abf2de16bf97b57,90.0,3,1786613756829,2026-08-13T16:35:56.829,1,1
8581,588aca26ed1bfc095abf2de16bf97b57,91.0,3,1786613757830,2026-08-13T16:35:57.830,1,1
8582,588aca26ed1bfc095abf2de16bf97b57,92.0,3,1786613758830,2026-08-13T16:35:58.830,1,1
8583,588aca26ed1bfc095abf2de16bf97b57,93.0,3,1786613759830,2026-08-13T16:35:59.830,1,1
8584,588aca26ed1bfc095abf2de16bf97b57,93.0,3,1786613760829,2026-08-13T16:36:00.829,1,1
8585,588aca26ed1bfc095abf2de16bf97b57,94.0,3,1786613761829,2026-08-13T16:36:01.829,1,1
8586,588aca26ed1bfc095abf2de16bf97b57,93.0,3,1786613762829,2026-08-13T16:36:02.829,1,1
8587,588aca26ed1bfc095abf2de16bf97b57,94.0,3,1786613763829,2026-08-13T16:36:03.829,1,1
8588,588aca26ed1bfc095abf2de16bf97b57,95.0,3,1786613764829,2026-08-13T16:36:04.829,1,1
8589,588aca26ed1bfc095abf2de16bf97b57,95.0,3,1786613765829,2026-08-13T16:36:05.829,1,1
8590,588aca26ed1bfc095abf2de16bf97b57,95.0,3,1786613766829,2026-08-13T16:36:06.829,1,1
8591,588aca26ed1bfc095abf2de16bf97b57,95.0,3,1786613767829,2026-08-13T16:36:07.829,1,1
8592,588aca26ed1bfc095abf2de16bf97b57,95.0,3,1786613768829,2026-08-13T16:36:08.829,1,1
8593,588aca26ed1bfc095abf2de16bf97b57,95.0,3,1786613769829,2026-08-13T16:36:09.829,1,1
8594,588aca26ed1bfc095abf2de16bf97b57,95.0,3,1786613770830,2026-08-13T16:36:10.830,1,1
8595,588aca26ed1bfc095abf2de16bf97b57,95.0,3,1786613771830,2026-08-13T16:36:11.830,1,1
8596,588aca26ed1bfc095abf2de16bf97b57,94.0,3,1786613772829,2026-08-13T16:36:12.829,1,1
8597,588aca26ed1bfc095abf2de16bf97b57,94.0,3,1786613773829,2026-08-13T16:36:13.829,1,0
8598,588aca26ed1bfc095abf2de16bf97b57,93.0,3,1786613774830,2026-08-13T16:36:14.830,1,1
8599,588aca26ed1bfc095abf2de16bf97b57,93.0,3,1786613775829,2026-08-13T16:36:15.829,1,1
8600,588aca26ed1bfc095abf2de16bf97b57,92.0,3,1786613776830,2026-08-13T16:36:16.830,1,1
8601,588aca26ed1bfc095abf2de16bf97b57,92.0,3,1786613777830,2026-08-13T16:36:17.830,1,1
8602,588aca26ed1bfc095abf2de16bf97b57,93.0,3,1786613778829,2026-08-13T16:36:18.829,1,1
8603,588aca26ed1bfc095abf2de16bf97b57,93.0,3,1786613779829,2026-08-13T16:36:19.829,1,1
8604,588aca26ed1bfc095abf2de16bf97b57,93.0,3,1786613780829,2026-08-13T16:36:20.829,1,1
8605,588aca26ed1bfc095abf2de16bf97b57,93.0,3,1786613781829,2026-08-13T16:36:21.829,1,1
8606,588aca26ed1bfc095abf2de16bf97b57,93.0,3,1786613782830,2026-08-13T16:36:22.830,1,1
8607,588aca26ed1bfc095abf2de16bf97b57,94.0,3,1786613783830,2026-08-13T16:36:23.830,1,1
8608,588aca26ed1bfc095abf2de16bf97b57,95.0,3,1786613784830,2026-08-13T16:36:24.830,1,1
8609,588aca26ed1bfc095abf2de16bf97b57,95.0,3,1786613785829,2026-08-13T16:36:25.829,1,1
8610,588aca26ed1bfc095abf2de16bf97b57,95.0,3,1786613786829,2026-08-13T16:36:26.829,1,1
8611,588aca26ed1bfc095abf2de16bf97b57,94.0,3,1786613787831,2026-08-13T16:36:27.831,1,1
8612,588aca26ed1bfc095abf2de16bf97b57,93.0,3,1786613788829,2026-08-13T16:36:28.829,1,1
8613,588aca26ed1bfc095abf2de16bf97b57,92.0,3,1786613789831,2026-08-13T16:36:29.831,1,1
8614,588aca26ed1bfc095abf2de16bf97b57,92.0,3,1786613790829,2026-08-13T16:36:30.829,1,1
8615,588aca26ed1bfc095abf2de16bf97b57,92.0,3,1786613791829,2026-08-13T16:36:31.829,1,1
8616,588aca26ed1bfc095abf2de16bf97b57,93.0,3,1786613792830,2026-08-13T16:36:32.830,1,1
8617,588aca26ed1bfc095abf2de16bf97b57,93.0,3,1786613793829,2026-08-13T16:36:33.829,1,1
8618,588aca26ed1bfc095abf2de16bf97b57,94.0,3,1786613794829,2026-08-13T16:36:34.829,1,1
8619,588aca26ed1bfc095abf2de16bf97b57,95.0,3,1786613795830,2026-08-13T16:36:35.830,1,1
8620,588aca26ed1bfc095abf2de16bf97b57,94.0,3,1786613796829,2026-08-13T16:36:36.829,1,1
8621,588aca26ed1bfc095abf2de16bf97b57,95.0,3,1786613797830,2026-08-13T16:36:37.830,1,1
8622,588aca26ed1bfc095abf2de16bf97b57,96.0,3,1786613798830,2026-08-13T16:36:38.830,1,1
8623,588aca26ed1bfc095abf2de16bf97b57,96.0,3,1786613799830,2026-08-13T16:36:39.830,1,1
8624,588aca26ed1bfc095abf2de16bf97b57,97.0,3,1786613800830,2026-08-13T16:36:40.830,1,1
8625,588aca26ed1bfc095abf2de16bf97b57,98.0,3,1786613801830,2026-08-13T16:36:41.830,1,1
8626,588aca26ed1bfc095abf2de16bf97b57,97.0,3,1786613802830,2026-08-13T16:36:42.830,1,1
8627,588aca26ed1bfc095abf2de16bf97b57,98.0,3,1786613803830,2026-08-13T16:36:43.830,1,1
8628,588aca26ed1bfc095abf2de16bf97b57,99.0,3,1786613804830,2026-08-13T16:36:44.830,1,1
8629,588aca26ed1bfc095abf2de16bf97b57,98.0,3,1786613805830,2026-08-13T16:36:45.830,1,1
8630,588aca26ed1bfc095abf2de16bf97b57,98.0,3,1786613806835,2026-08-13T16:36:46.835,1,1
8631,588aca26ed1bfc095abf2de16bf97b57,98.0,3,1786613807829,2026-08-13T16:36:47.829,1,1
8632,588aca26ed1bfc095abf2de16bf97b57,99.0,3,1786613808831,2026-08-13T16:36:48.831,1,1
8633,588aca26ed1bfc095abf2de16bf97b57,99.0,3,1786613809830,2026-08-13T16:36:49.830,1,1
8634,588aca26ed1bfc095abf2de16bf97b57,101.0,3,1786613810829,2026-08-13T16:36:50.829,1,1
8635,588aca26ed1bfc095abf2de16bf97b57,102.0,3,1786613811829,2026-08-13T16:36:51.829,1,1
8636,588aca26ed1bfc095abf2de16bf97b57,103.0,3,1786613812829,2026-08-13T16:36:52.829,1,1
8637,588aca26ed1bfc095abf2de16bf97b57,103.0,3,1786613813829,2026-08-13T16:36:53.829,1,1
8638,588aca26ed1bfc095abf2de16bf97b57,102.0,3,1786613814830,2026-08-13T16:36:54.830,1,1
8639,588aca26ed1bfc095abf2de16bf97b57,99.0,3,1786613815829,2026-08-13T16:36:55.829,1,1
8640,588aca26ed1bfc095abf2de16bf97b57,100.0,3,1786613816831,2026-08-13T16:36:56.831,1,1
8641,588aca26ed1bfc095abf2de16bf97b57,98.0,3,1786613817830,2026-08-13T16:36:57.830,1,1
8642,588aca26ed1bfc095abf2de16bf97b57,95.0,3,1786613818829,2026-08-13T16:36:58.829,1,1
8643,588aca26ed1bfc095abf2de16bf97b57,94.0,3,1786613819829,2026-08-13T16:36:59.829,1,1
8644,588aca26ed1bfc095abf2de16bf97b57,94.0,3,1786613820839,2026-08-13T16:37:00.839,1,1
8645,588aca26ed1bfc095abf2de16bf97b57,92.0,3,1786613821837,2026-08-13T16:37:01.837,1,1
8646,588aca26ed1bfc095abf2de16bf97b57,92.0,3,1786613822835,2026-08-13T16:37:02.835,1,1
8647,588aca26ed1bfc095abf2de16bf97b57,93.0,3,1786613823829,2026-08-13T16:37:03.829,1,1
8648,588aca26ed1bfc095abf2de16bf97b57,91.0,3,1786613824831,2026-08-13T16:37:04.831,1,1
8649,588aca26ed1bfc095abf2de16bf97b57,90.0,3,1786613825835,2026-08-13T16:37:05.835,1,1
8650,588aca26ed1bfc095abf2de16bf97b57,88.0,3,1786613826834,2026-08-13T16:37:06.834,1,1
8651,588aca26ed1bfc095abf2de16bf97b57,90.0,3,1786613827829,2026-08-13T16:37:07.829,1,1
8652,588aca26ed1bfc095abf2de16bf97b57,91.0,3,1786613828830,2026-08-13T16:37:08.830,1,1
8653,588aca26ed1bfc095abf2de16bf97b57,91.0,3,1786613829833,2026-08-13T16:37:09.833,1,1
8654,588aca26ed1bfc095abf2de16bf97b57,92.0,3,1786613830842,2026-08-13T16:37:10.842,1,1
8655,588aca26ed1bfc095abf2de16bf97b57,94.0,3,1786613831834,2026-08-13T16:37:11.834,1,1
8656,588aca26ed1bfc095abf2de16bf97b57,95.0,3,1786613832836,2026-08-13T16:37:12.836,1,1
8657,588aca26ed1bfc095abf2de16bf97b57,97.0,3,1786613833836,2026-08-13T16:37:13.836,1,1
8658,588aca26ed1bfc095abf2de16bf97b57,97.0,3,1786613834839,2026-08-13T16:37:14.839,1,1
8659,588aca26ed1bfc095abf2de16bf97b57,99.0,3,1786613835836,2026-08-13T16:37:15.836,1,1
8660,588aca26ed1bfc095abf2de16bf97b57,97.0,3,1786613836829,2026-08-13T16:37:16.829,1,1
8661,588aca26ed1bfc095abf2de16bf97b57,95.0,3,1786613837836,2026-08-13T16:37:17.836,1,1
8662,588aca26ed1bfc095abf2de16bf97b57,94.0,3,1786613838837,2026-08-13T16:37:18.837,1,1
8663,588aca26ed1bfc095abf2de16bf97b57,92.0,3,1786613839838,2026-08-13T16:37:19.838,1,1
8664,588aca26ed1bfc095abf2de16bf97b57,90.0,3,1786613840839,2026-08-13T16:37:20.839,1,1
8665,588aca26ed1bfc095abf2de16bf97b57,91.0,3,1786613841830,2026-08-13T16:37:21.830,1,1
8666,588aca26ed1bfc095abf2de16bf97b57,92.0,3,1786613842839,2026-08-13T16:37:22.839,1,1
8667,588aca26ed1bfc095abf2de16bf97b57,92.0,3,1786613843837,2026-08-13T16:37:23.837,1,1
8668,588aca26ed1bfc095abf2de16bf97b57,91.0,3,1786613844837,2026-08-13T16:37:24.837,1,1
8669,588aca26ed1bfc095abf2de16bf97b57,91.0,3,1786613845840,2026-08-13T16:37:25.840,1,1
8670,588aca26ed1bfc095abf2de16bf97b57,92.0,3,1786613846830,2026-08-13T16:37:26.830,1,1
8671,588aca26ed1bfc095abf2de16bf97b57,91.0,3,1786613847834,2026-08-13T16:37:27.834,1,1
8672,588aca26ed1bfc095abf2de16bf97b57,90.0,3,1786613848839,2026-08-13T16:37:28.839,1,1
8673,588aca26ed1bfc095abf2de16bf97b57,89.0,3,1786613849839,2026-08-13T16:37:29.839,1,1
8674,588aca26ed1bfc095abf2de16bf97b57,90.0,3,1786613850838,2026-08-13T16:37:30.838,1,1
8675,588aca26ed1bfc095abf2de16bf97b57,90.0,3,1786613851838,2026-08-13T16:37:31.838,1,1
8676,588aca26ed1bfc095abf2de16bf97b57,90.0,3,1786613852834,2026-08-13T16:37:32.834,1,1
8677,588aca26ed1bfc095abf2de16bf97b57,90.0,3,1786613853837,2026-08-13T16:37:33.837,1,1
8678,588aca26ed1bfc095abf2de16bf97b57,91.0,3,1786613854839,2026-08-13T16:37:34.839,1,1
8679,588aca26ed1bfc095abf2de16bf97b57,91.0,3,1786613855838,2026-08-13T16:37:35.838,1,1
8680,588aca26ed1bfc095abf2de16bf97b57,90.0,3,1786613856845,2026-08-13T16:37:36.845,1,1
8681,588aca26ed1bfc095abf2de16bf97b57,90.0,3,1786613857836,2026-08-13T16:37:37.836,1,1
8682,588aca26ed1bfc095abf2de16bf97b57,91.0,3,1786613858837,2026-08-13T16:37:38.837,1,1
8683,588aca26ed1bfc095abf2de16bf97b57,91.0,3,1786613859835,2026-08-13T16:37:39.835,1,1
8684,588aca26ed1bfc095abf2de16bf97b57,91.0,3,1786613860848,2026-08-13T16:37:40.848,1,1
8685,588aca26ed1bfc095abf2de16bf97b57,91.0,3,1786613861835,2026-08-13T16:37:41.835,1,1
8686,588aca26ed1bfc095abf2de16bf97b57,90.0,3,1786613862832,2026-08-13T16:37:42.832,1,1
8687,588aca26ed1bfc095abf2de16bf97b57,90.0,3,1786613863833,2026-08-13T16:37:43.833,1,1
8688,588aca26ed1bfc095abf2de16bf97b57,90.0,3,1786613864829,2026-08-13T16:37:44.829,1,1
8689,588aca26ed1bfc095abf2de16bf97b57,89.0,3,1786613865832,2026-08-13T16:37:45.832,1,1
8690,588aca26ed1bfc095abf2de16bf97b57,90.0,3,1786613866832,2026-08-13T16:37:46.832,1,1
8691,588aca26ed1bfc095abf2de16bf97b57,93.0,3,1786613867832,2026-08-13T16:37:47.832,1,1
8692,588aca26ed1bfc095abf2de16bf97b57,93.0,3,1786613868842,2026-08-13T16:37:48.842,1,1
8693,588aca26ed1bfc095abf2de16bf97b57,92.0,3,1786613869835,2026-08-13T16:37:49.835,1,1
8694,588aca26ed1bfc095abf2de16bf97b57,90.0,3,1786613870831,2026-08-13T16:37:50.831,1,1
8695,588aca26ed1bfc095abf2de16bf97b57,90.0,3,1786613871831,2026-08-13T16:37:51.831,1,1
8696,588aca26ed1bfc095abf2de16bf97b57,91.0,3,1786613872830,2026-08-13T16:37:52.830,1,1
8697,588aca26ed1bfc095abf2de16bf97b57,90.0,3,1786613873829,2026-08-13T16:37:53.829,1,1
8698,588aca26ed1bfc095abf2de16bf97b57,90.0,3,1786613874829,2026-08-13T16:37:54.829,1,1
8699,588aca26ed1bfc095abf2de16bf97b57,90.0,3,1786613875830,2026-08-13T16:37:55.830,1,1
8700,588aca26ed1bfc095abf2de16bf97b57,89.0,3,1786613876830,2026-08-13T16:37:56.830,1,1
8701,588aca26ed1bfc095abf2de16bf97b57,89.0,3,1786613877831,2026-08-13T16:37:57.831,1,1
8702,588aca26ed1bfc095abf2de16bf97b57,87.0,3,1786613878830,2026-08-13T16:37:58.830,1,1
8703,588aca26ed1bfc095abf2de16bf97b57,87.0,3,1786613879829,2026-08-13T16:37:59.829,1,1
8704,588aca26ed1bfc095abf2de16bf97b57,88.0,3,1786613880830,2026-08-13T16:38:00.830,1,1
8705,588aca26ed1bfc095abf2de16bf97b57,87.0,3,1786613881830,2026-08-13T16:38:01.830,1,1
8706,588aca26ed1bfc095abf2de16bf97b57,87.0,3,1786613882836,2026-08-13T16:38:02.836,1,1
8707,588aca26ed1bfc095abf2de16bf97b57,88.0,3,1786613883830,2026-08-13T16:38:03.830,1,1
8708,588aca26ed1bfc095abf2de16bf97b57,90.0,3,1786613884830,2026-08-13T16:38:04.830,1,1
8709,588aca26ed1bfc095abf2de16bf97b57,88.0,3,1786613885829,2026-08-13T16:38:05.829,1,1
8710,588aca26ed1bfc095abf2de16bf97b57,88.0,3,1786613886834,2026-08-13T16:38:06.834,1,1
8711,588aca26ed1bfc095abf2de16bf97b57,88.0,3,1786613887829,2026-08-13T16:38:07.829,1,1
8712,588aca26ed1bfc095abf2de16bf97b57,89.0,3,1786613888830,2026-08-13T16:38:08.830,1,1
8713,588aca26ed1bfc095abf2de16bf97b57,89.0,3,1786613889830,2026-08-13T16:38:09.830,1,1
8714,588aca26ed1bfc095abf2de16bf97b57,90.0,3,1786613890830,2026-08-13T16:38:10.830,1,1
8715,588aca26ed1bfc095abf2de16bf97b57,90.0,3,1786613891832,2026-08-13T16:38:11.832,1,1
8716,588aca26ed1bfc095abf2de16bf97b57,90.0,3,1786613892832,2026-08-13T16:38:12.832,1,1
8717,588aca26ed1bfc095abf2de16bf97b57,90.0,3,1786613893831,2026-08-13T16:38:13.831,1,1
8718,588aca26ed1bfc095abf2de16bf97b57,90.0,3,1786613894829,2026-08-13T16:38:14.829,1,1
8719,588aca26ed1bfc095abf2de16bf97b57,89.0,3,1786613895829,2026-08-13T16:38:15.829,1,1
8720,588aca26ed1bfc095abf2de16bf97b57,88.0,3,1786613896845,2026-08-13T16:38:16.845,1,1
8721,588aca26ed1bfc095abf2de16bf97b57,91.0,3,1786613897830,2026-08-13T16:38:17.830,1,1
8722,588aca26ed1bfc095abf2de16bf97b57,91.0,3,1786613898830,2026-08-13T16:38:18.830,1,1
8723,588aca26ed1bfc095abf2de16bf97b57,91.0,3,1786613899830,2026-08-13T16:38:19.830,1,1
8724,588aca26ed1bfc095abf2de16bf97b57,90.0,3,1786613900830,2026-08-13T16:38:20.830,1,1
8725,588aca26ed1bfc095abf2de16bf97b57,89.0,3,1786613901830,2026-08-13T16:38:21.830,1,1
8726,588aca26ed1bfc095abf2de16bf97b57,91.0,3,1786613902832,2026-08-13T16:38:22.832,1,1
8727,588aca26ed1bfc095abf2de16bf97b57,92.0,3,1786613903829,2026-08-13T16:38:23.829,1,1
8728,588aca26ed1bfc095abf2de16bf97b57,92.0,3,1786613904829,2026-08-13T16:38:24.829,1,1
8729,588aca26ed1bfc095abf2de16bf97b57,92.0,3,1786613905829,2026-08-13T16:38:25.829,1,1
8730,588aca26ed1bfc095abf2de16bf97b57,92.0,3,1786613906830,2026-08-13T16:38:26.830,1,1
8731,588aca26ed1bfc095abf2de16bf97b57,90.0,3,1786613907838,2026-08-13T16:38:27.838,1,1
8732,588aca26ed1bfc095abf2de16bf97b57,89.0,3,1786613908839,2026-08-13T16:38:28.839,1,1
8733,588aca26ed1bfc095abf2de16bf97b57,88.0,3,1786613909838,2026-08-13T16:38:29.838,1,1
8734,588aca26ed1bfc095abf2de16bf97b57,87.0,3,1786613910845,2026-08-13T16:38:30.845,1,1
8735,588aca26ed1bfc095abf2de16bf97b57,86.0,3,1786613911836,2026-08-13T16:38:31.836,1,1
8736,588aca26ed1bfc095abf2de16bf97b57,87.0,3,1786613912836,2026-08-13T16:38:32.836,1,1
8737,588aca26ed1bfc095abf2de16bf97b57,87.0,3,1786613913831,2026-08-13T16:38:33.831,1,1
8738,588aca26ed1bfc095abf2de16bf97b57,87.0,3,1786613914834,2026-08-13T16:38:34.834,1,1
8739,588aca26ed1bfc095abf2de16bf97b57,88.0,3,1786613915840,2026-08-13T16:38:35.840,1,1
8740,588aca26ed1bfc095abf2de16bf97b57,88.0,3,1786613916832,2026-08-13T16:38:36.832,1,1
8741,588aca26ed1bfc095abf2de16bf97b57,89.0,3,1786613917834,2026-08-13T16:38:37.834,1,1
8742,588aca26ed1bfc095abf2de16bf97b57,90.0,3,1786613918829,2026-08-13T16:38:38.829,1,1
8743,588aca26ed1bfc095abf2de16bf97b57,90.0,3,1786613919842,2026-08-13T16:38:39.842,1,1
8744,588aca26ed1bfc095abf2de16bf97b57,90.0,3,1786613920830,2026-08-13T16:38:40.830,1,1
8745,588aca26ed1bfc095abf2de16bf97b57,91.0,3,1786613921832,2026-08-13T16:38:41.832,1,1
8746,588aca26ed1bfc095abf2de16bf97b57,91.0,3,1786613922842,2026-08-13T16:38:42.842,1,1
8747,588aca26ed1bfc095abf2de16bf97b57,90.0,3,1786613923834,2026-08-13T16:38:43.834,1,1
8748,588aca26ed1bfc095abf2de16bf97b57,90.0,3,1786613924830,2026-08-13T16:38:44.830,1,1
8749,588aca26ed1bfc095abf2de16bf97b57,90.0,3,1786613925833,2026-08-13T16:38:45.833,1,1
8750,588aca26ed1bfc095abf2de16bf97b57,89.0,3,1786613926833,2026-08-13T16:38:46.833,1,1
8751,588aca26ed1bfc095abf2de16bf97b57,89.0,3,1786613927833,2026-08-13T16:38:47.833,1,1
8752,588aca26ed1bfc095abf2de16bf97b57,90.0,3,1786613928833,2026-08-13T16:38:48.833,1,1
8753,588aca26ed1bfc095abf2de16bf97b57,91.0,3,1786613929830,2026-08-13T16:38:49.830,1,1
8754,588aca26ed1bfc095abf2de16bf97b57,92.0,3,1786613930841,2026-08-13T16:38:50.841,1,1
8755,588aca26ed1bfc095abf2de16bf97b57,92.0,3,1786613931832,2026-08-13T16:38:51.832,1,1
8756,588aca26ed1bfc095abf2de16bf97b57,93.0,3,1786613932831,2026-08-13T16:38:52.831,1,1
8757,588aca26ed1bfc095abf2de16bf97b57,94.0,3,1786613933829,2026-08-13T16:38:53.829,1,1
8758,588aca26ed1bfc095abf2de16bf97b57,95.0,3,1786613934831,2026-08-13T16:38:54.831,1,1
8759,588aca26ed1bfc095abf2de16bf97b57,96.0,3,1786613935830,2026-08-13T16:38:55.830,1,1
8760,588aca26ed1bfc095abf2de16bf97b57,96.0,3,1786613936830,2026-08-13T16:38:56.830,1,1
8761,588aca26ed1bfc095abf2de16bf97b57,96.0,3,1786613937829,2026-08-13T16:38:57.829,1,1
8762,588aca26ed1bfc095abf2de16bf97b57,94.0,3,1786613938839,2026-08-13T16:38:58.839,1,1
8763,588aca26ed1bfc095abf2de16bf97b57,93.0,3,1786613939829,2026-08-13T16:38:59.829,1,1
8764,588aca26ed1bfc095abf2de16bf97b57,92.0,3,1786613940830,2026-08-13T16:39:00.830,1,1
8765,588aca26ed1bfc095abf2de16bf97b57,92.0,3,1786613941829,2026-08-13T16:39:01.829,1,1
8766,588aca26ed1bfc095abf2de16bf97b57,93.0,3,1786613942830,2026-08-13T16:39:02.830,1,1
8767,588aca26ed1bfc095abf2de16bf97b57,93.0,3,1786613943830,2026-08-13T16:39:03.830,1,1
8768,588aca26ed1bfc095abf2de16bf97b57,92.0,3,1786613944829,2026-08-13T16:39:04.829,1,1
8769,588aca26ed1bfc095abf2de16bf97b57,91.0,3,1786613945829,2026-08-13T16:39:05.829,1,1
8770,588aca26ed1bfc095abf2de16bf97b57,90.0,3,1786613946829,2026-08-13T16:39:06.829,1,1
8771,588aca26ed1bfc095abf2de16bf97b57,89.0,3,1786613947829,2026-08-13T16:39:07.829,1,1
8772,588aca26ed1bfc095abf2de16bf97b57,88.0,3,1786613948830,2026-08-13T16:39:08.830,1,1
8773,588aca26ed1bfc095abf2de16bf97b57,87.0,3,1786613949830,2026-08-13T16:39:09.830,1,1
8774,588aca26ed1bfc095abf2de16bf97b57,87.0,3,1786613950829,2026-08-13T16:39:10.829,1,1
8775,588aca26ed1bfc095abf2de16bf97b57,87.0,3,1786613951829,2026-08-13T16:39:11.829,1,1
8776,588aca26ed1bfc095abf2de16bf97b57,86.0,3,1786613952831,2026-08-13T16:39:12.831,1,1
8777,588aca26ed1bfc095abf2de16bf97b57,85.0,3,1786613953832,2026-08-13T16:39:13.832,1,1
8778,588aca26ed1bfc095abf2de16bf97b57,85.0,3,1786613954833,2026-08-13T16:39:14.833,1,1
8779,588aca26ed1bfc095abf2de16bf97b57,86.0,3,1786613955833,2026-08-13T16:39:15.833,1,1
8780,588aca26ed1bfc095abf2de16bf97b57,87.0,3,1786613956830,2026-08-13T16:39:16.830,1,1
8781,588aca26ed1bfc095abf2de16bf97b57,88.0,3,1786613957831,2026-08-13T16:39:17.831,1,1
8782,588aca26ed1bfc095abf2de16bf97b57,89.0,3,1786613958830,2026-08-13T16:39:18.830,1,1
8783,588aca26ed1bfc095abf2de16bf97b57,88.0,3,1786613959831,2026-08-13T16:39:19.831,1,1
8784,588aca26ed1bfc095abf2de16bf97b57,89.0,3,1786613960830,2026-08-13T16:39:20.830,1,1
8785,588aca26ed1bfc095abf2de16bf97b57,90.0,3,1786613961829,2026-08-13T16:39:21.829,1,1
8786,588aca26ed1bfc095abf2de16bf97b57,91.0,3,1786613962830,2026-08-13T16:39:22.830,1,1
8787,588aca26ed1bfc095abf2de16bf97b57,92.0,3,1786613963829,2026-08-13T16:39:23.829,1,1
8788,588aca26ed1bfc095abf2de16bf97b57,91.0,3,1786613964829,2026-08-13T16:39:24.829,1,1
8789,588aca26ed1bfc095abf2de16bf97b57,90.0,3,1786613965829,2026-08-13T16:39:25.829,1,1
8790,588aca26ed1bfc095abf2de16bf97b57,89.0,3,1786613966829,2026-08-13T16:39:26.829,1,1
8791,588aca26ed1bfc095abf2de16bf97b57,87.0,3,1786613967836,2026-08-13T16:39:27.836,1,1
8792,588aca26ed1bfc095abf2de16bf97b57,86.0,3,1786613968829,2026-08-13T16:39:28.829,1,1
8793,588aca26ed1bfc095abf2de16bf97b57,85.0,3,1786613969830,2026-08-13T16:39:29.830,1,1
8794,588aca26ed1bfc095abf2de16bf97b57,84.0,3,1786613970830,2026-08-13T16:39:30.830,1,1
8795,588aca26ed1bfc095abf2de16bf97b57,84.0,3,1786613971830,2026-08-13T16:39:31.830,1,1
8796,588aca26ed1bfc095abf2de16bf97b57,83.0,3,1786613972830,2026-08-13T16:39:32.830,1,1
8797,588aca26ed1bfc095abf2de16bf97b57,83.0,3,1786613973829,2026-08-13T16:39:33.829,1,1
8798,588aca26ed1bfc095abf2de16bf97b57,84.0,3,1786613974829,2026-08-13T16:39:34.829,1,1
8799,588aca26ed1bfc095abf2de16bf97b57,84.0,3,1786613975829,2026-08-13T16:39:35.829,1,1
8800,588aca26ed1bfc095abf2de16bf97b57,84.0,3,1786613976829,2026-08-13T16:39:36.829,1,1
8801,588aca26ed1bfc095abf2de16bf97b57,85.0,3,1786613977830,2026-08-13T16:39:37.830,1,1
8802,588aca26ed1bfc095abf2de16bf97b57,85.0,3,1786613978831,2026-08-13T16:39:38.831,1,0
8803,588aca26ed1bfc095abf2de16bf97b57,85.0,3,1786613979830,2026-08-13T16:39:39.830,1,1
8804,588aca26ed1bfc095abf2de16bf97b57,86.0,3,1786613980829,2026-08-13T16:39:40.829,1,1
8805,588aca26ed1bfc095abf2de16bf97b57,87.0,3,1786613981830,2026-08-13T16:39:41.830,1,1
8806,588aca26ed1bfc095abf2de16bf97b57,87.0,3,1786613982830,2026-08-13T16:39:42.830,1,1
8807,588aca26ed1bfc095abf2de16bf97b57,87.0,3,1786613983829,2026-08-13T16:39:43.829,1,1
8808,588aca26ed1bfc095abf2de16bf97b57,85.0,3,1786613984829,2026-08-13T16:39:44.829,1,1
8809,588aca26ed1bfc095abf2de16bf97b57,84.0,3,1786613985829,2026-08-13T16:39:45.829,1,1
8810,588aca26ed1bfc095abf2de16bf97b57,83.0,3,1786613986829,2026-08-13T16:39:46.829,1,1
8811,588aca26ed1bfc095abf2de16bf97b57,83.0,3,1786613987830,2026-08-13T16:39:47.830,1,1
8812,588aca26ed1bfc095abf2de16bf97b57,84.0,3,1786613988841,2026-08-13T16:39:48.841,1,1
8813,588aca26ed1bfc095abf2de16bf97b57,85.0,3,1786613989839,2026-08-13T16:39:49.839,1,1
8814,588aca26ed1bfc095abf2de16bf97b57,85.0,3,1786613990836,2026-08-13T16:39:50.836,1,1
8815,588aca26ed1bfc095abf2de16bf97b57,86.0,3,1786613991830,2026-08-13T16:39:51.830,1,1
8816,588aca26ed1bfc095abf2de16bf97b57,86.0,3,1786613992837,2026-08-13T16:39:52.837,1,1
8817,588aca26ed1bfc095abf2de16bf97b57,87.0,3,1786613993836,2026-08-13T16:39:53.836,1,1
8818,588aca26ed1bfc095abf2de16bf97b57,87.0,3,1786613994847,2026-08-13T16:39:54.847,1,1
8819,588aca26ed1bfc095abf2de16bf97b57,86.0,3,1786613995836,2026-08-13T16:39:55.836,1,1
8820,588aca26ed1bfc095abf2de16bf97b57,86.0,3,1786613996834,2026-08-13T16:39:56.834,1,1
8821,588aca26ed1bfc095abf2de16bf97b57,86.0,3,1786613997844,2026-08-13T16:39:57.844,1,1
8822,588aca26ed1bfc095abf2de16bf97b57,86.0,3,1786613998835,2026-08-13T16:39:58.835,1,1
8823,588aca26ed1bfc095abf2de16bf97b57,86.0,3,1786613999834,2026-08-13T16:39:59.834,1,1
8824,588aca26ed1bfc095abf2de16bf97b57,86.0,3,1786614000835,2026-08-13T16:40:00.835,1,1
8825,588aca26ed1bfc095abf2de16bf97b57,87.0,3,1786614001835,2026-08-13T16:40:01.835,1,1
8826,588aca26ed1bfc095abf2de16bf97b57,88.0,3,1786614002829,2026-08-13T16:40:02.829,0,1
8827,588aca26ed1bfc095abf2de16bf97b57,88.0,3,1786614003832,2026-08-13T16:40:03.832,0,1
