id,device_id,record_id,bpm,accuracy,time_ms,time_iso
15720,588aca26ed1bfc095abf2de16bf97b57,11307,85.0,3,1786718717009,2026-08-14T21:45:17.009
15721,588aca26ed1bfc095abf2de16bf97b57,11308,85.0,-1,1786718718008,2026-08-14T21:45:18.008
15722,588aca26ed1bfc095abf2de16bf97b57,11309,85.0,-1,1786718719008,2026-08-14T21:45:19.008
15723,588aca26ed1bfc095abf2de16bf97b57,11310,85.0,-1,1786718720007,2026-08-14T21:45:20.007
15724,588aca26ed1bfc095abf2de16bf97b57,11311,85.0,-1,1786718721007,2026-08-14T21:45:21.007
15725,588aca26ed1bfc095abf2de16bf97b57,11312,85.0,-1,1786718722007,2026-08-14T21:45:22.007
15726,588aca26ed1bfc095abf2de16bf97b57,11313,85.0,-1,1786718723009,2026-08-14T21:45:23.009
15727,588aca26ed1bfc095abf2de16bf97b57,11314,85.0,-1,1786718724008,2026-08-14T21:45:24.008
15728,588aca26ed1bfc095abf2de16bf97b57,11315,85.0,-1,1786718725008,2026-08-14T21:45:25.008
15729,588aca26ed1bfc095abf2de16bf97b57,11316,85.0,-1,1786718726007,2026-08-14T21:45:26.007
15730,588aca26ed1bfc095abf2de16bf97b57,11317,85.0,-1,1786718727009,2026-08-14T21:45:27.009
15731,588aca26ed1bfc095abf2de16bf97b57,11318,85.0,-1,1786718728007,2026-08-14T21:45:28.007
15732,588aca26ed1bfc095abf2de16bf97b57,11319,94.0,3,1786718729008,2026-08-14T21:45:29.008
15733,588aca26ed1bfc095abf2de16bf97b57,11320,95.0,3,1786718730018,2026-08-14T21:45:30.018
15734,588aca26ed1bfc095abf2de16bf97b57,11321,95.0,3,1786718731017,2026-08-14T21:45:31.017
15735,588aca26ed1bfc095abf2de16bf97b57,11322,95.0,3,1786718732015,2026-08-14T21:45:32.015
15736,588aca26ed1bfc095abf2de16bf97b57,11323,94.0,3,1786718733013,2026-08-14T21:45:33.013
15737,588aca26ed1bfc095abf2de16bf97b57,11324,93.0,3,1786718734013,2026-08-14T21:45:34.013
15738,588aca26ed1bfc095abf2de16bf97b57,11325,92.0,3,1786718735016,2026-08-14T21:45:35.016
15739,588aca26ed1bfc095abf2de16bf97b57,11326,92.0,3,1786718736015,2026-08-14T21:45:36.015
15740,588aca26ed1bfc095abf2de16bf97b57,11327,91.0,3,1786718737014,2026-08-14T21:45:37.014
15741,588aca26ed1bfc095abf2de16bf97b57,11328,91.0,3,1786718738013,2026-08-14T21:45:38.013
15742,588aca26ed1bfc095abf2de16bf97b57,11329,91.0,3,1786718739014,2026-08-14T21:45:39.014
15743,588aca26ed1bfc095abf2de16bf97b57,11330,91.0,3,1786718740007,2026-08-14T21:45:40.007
15744,588aca26ed1bfc095abf2de16bf97b57,11331,91.0,3,1786718741009,2026-08-14T21:45:41.009
15745,588aca26ed1bfc095abf2de16bf97b57,11332,90.0,3,1786718742007,2026-08-14T21:45:42.007
15746,588aca26ed1bfc095abf2de16bf97b57,11333,89.0,3,1786718743009,2026-08-14T21:45:43.009
15747,588aca26ed1bfc095abf2de16bf97b57,11334,88.0,3,1786718744008,2026-08-14T21:45:44.008
15748,588aca26ed1bfc095abf2de16bf97b57,11335,88.0,3,1786718745008,2026-08-14T21:45:45.008
15749,588aca26ed1bfc095abf2de16bf97b57,11336,88.0,3,1786718746007,2026-08-14T21:45:46.007
15750,588aca26ed1bfc095abf2de16bf97b57,11337,88.0,3,1786718747007,2026-08-14T21:45:47.007
15751,588aca26ed1bfc095abf2de16bf97b57,11338,89.0,3,1786718748007,2026-08-14T21:45:48.007
15752,588aca26ed1bfc095abf2de16bf97b57,11339,89.0,3,1786718749008,2026-08-14T21:45:49.008
15753,588aca26ed1bfc095abf2de16bf97b57,11340,89.0,3,1786718750008,2026-08-14T21:45:50.008
15754,588aca26ed1bfc095abf2de16bf97b57,11341,89.0,3,1786718751008,2026-08-14T21:45:51.008
15755,588aca26ed1bfc095abf2de16bf97b57,11342,89.0,3,1786718752008,2026-08-14T21:45:52.008
15756,588aca26ed1bfc095abf2de16bf97b57,11343,89.0,3,1786718753007,2026-08-14T21:45:53.007
15757,588aca26ed1bfc095abf2de16bf97b57,11344,90.0,3,1786718754007,2026-08-14T21:45:54.007
15758,588aca26ed1bfc095abf2de16bf97b57,11345,90.0,3,1786718755008,2026-08-14T21:45:55.008
15759,588aca26ed1bfc095abf2de16bf97b57,11346,90.0,3,1786718756007,2026-08-14T21:45:56.007
15760,588aca26ed1bfc095abf2de16bf97b57,11347,91.0,3,1786718757008,2026-08-14T21:45:57.008
15761,588aca26ed1bfc095abf2de16bf97b57,11348,92.0,3,1786718758008,2026-08-14T21:45:58.008
15762,588aca26ed1bfc095abf2de16bf97b57,11349,92.0,3,1786718759009,2026-08-14T21:45:59.009
15763,588aca26ed1bfc095abf2de16bf97b57,11350,94.0,3,1786718760008,2026-08-14T21:46:00.008
15764,588aca26ed1bfc095abf2de16bf97b57,11351,96.0,3,1786718761008,2026-08-14T21:46:01.008
15765,588aca26ed1bfc095abf2de16bf97b57,11352,97.0,3,1786718762008,2026-08-14T21:46:02.008
15766,588aca26ed1bfc095abf2de16bf97b57,11353,95.0,3,1786718763007,2026-08-14T21:46:03.007
15767,588aca26ed1bfc095abf2de16bf97b57,11354,94.0,3,1786718764008,2026-08-14T21:46:04.008
15768,588aca26ed1bfc095abf2de16bf97b57,11355,96.0,3,1786718765009,2026-08-14T21:46:05.009
15769,588aca26ed1bfc095abf2de16bf97b57,11356,97.0,3,1786718766008,2026-08-14T21:46:06.008
15770,588aca26ed1bfc095abf2de16bf97b57,11357,97.0,3,1786718767008,2026-08-14T21:46:07.008
15771,588aca26ed1bfc095abf2de16bf97b57,11358,96.0,3,1786718768007,2026-08-14T21:46:08.007
15772,588aca26ed1bfc095abf2de16bf97b57,11359,95.0,3,1786718769008,2026-08-14T21:46:09.008
15773,588aca26ed1bfc095abf2de16bf97b57,11360,95.0,3,1786718770007,2026-08-14T21:46:10.007
15774,588aca26ed1bfc095abf2de16bf97b57,11361,94.0,3,1786718771017,2026-08-14T21:46:11.017
15775,588aca26ed1bfc095abf2de16bf97b57,11362,93.0,3,1786718772016,2026-08-14T21:46:12.016
15776,588aca26ed1bfc095abf2de16bf97b57,11363,92.0,3,1786718773013,2026-08-14T21:46:13.013
15777,588aca26ed1bfc095abf2de16bf97b57,11364,91.0,3,1786718774014,2026-08-14T21:46:14.014
15778,588aca26ed1bfc095abf2de16bf97b57,11365,90.0,3,1786718775014,2026-08-14T21:46:15.014
15779,588aca26ed1bfc095abf2de16bf97b57,11366,88.0,3,1786718776012,2026-08-14T21:46:16.012
15780,588aca26ed1bfc095abf2de16bf97b57,11367,89.0,3,1786718777010,2026-08-14T21:46:17.010
15781,588aca26ed1bfc095abf2de16bf97b57,11368,89.0,3,1786718778010,2026-08-14T21:46:18.010
15782,588aca26ed1bfc095abf2de16bf97b57,11369,90.0,3,1786718779007,2026-08-14T21:46:19.007
15783,588aca26ed1bfc095abf2de16bf97b57,11370,91.0,3,1786718780010,2026-08-14T21:46:20.010
15784,588aca26ed1bfc095abf2de16bf97b57,11371,91.0,3,1786718781009,2026-08-14T21:46:21.009
15785,588aca26ed1bfc095abf2de16bf97b57,11372,91.0,3,1786718782008,2026-08-14T21:46:22.008
15786,588aca26ed1bfc095abf2de16bf97b57,11373,90.0,3,1786718783007,2026-08-14T21:46:23.007
15787,588aca26ed1bfc095abf2de16bf97b57,11374,89.0,3,1786718784008,2026-08-14T21:46:24.008
15788,588aca26ed1bfc095abf2de16bf97b57,11375,89.0,3,1786718785008,2026-08-14T21:46:25.008
15789,588aca26ed1bfc095abf2de16bf97b57,11376,88.0,3,1786718786008,2026-08-14T21:46:26.008
15790,588aca26ed1bfc095abf2de16bf97b57,11377,88.0,3,1786718787010,2026-08-14T21:46:27.010
15791,588aca26ed1bfc095abf2de16bf97b57,11378,87.0,3,1786718788010,2026-08-14T21:46:28.010
15792,588aca26ed1bfc095abf2de16bf97b57,11379,87.0,3,1786718789008,2026-08-14T21:46:29.008
15793,588aca26ed1bfc095abf2de16bf97b57,11380,86.0,3,1786718790008,2026-08-14T21:46:30.008
15794,588aca26ed1bfc095abf2de16bf97b57,11381,86.0,3,1786718791008,2026-08-14T21:46:31.008
15795,588aca26ed1bfc095abf2de16bf97b57,11382,87.0,3,1786718792008,2026-08-14T21:46:32.008
15796,588aca26ed1bfc095abf2de16bf97b57,11383,87.0,3,1786718793008,2026-08-14T21:46:33.008
15797,588aca26ed1bfc095abf2de16bf97b57,11384,88.0,3,1786718794007,2026-08-14T21:46:34.007
15798,588aca26ed1bfc095abf2de16bf97b57,11385,88.0,3,1786718795008,2026-08-14T21:46:35.008
15799,588aca26ed1bfc095abf2de16bf97b57,11386,88.0,3,1786718796008,2026-08-14T21:46:36.008
15800,588aca26ed1bfc095abf2de16bf97b57,11387,88.0,3,1786718797008,2026-08-14T21:46:37.008
15801,588aca26ed1bfc095abf2de16bf97b57,11388,87.0,3,1786718798009,2026-08-14T21:46:38.009
15802,588aca26ed1bfc095abf2de16bf97b57,11389,86.0,3,1786718799008,2026-08-14T21:46:39.008
15803,588aca26ed1bfc095abf2de16bf97b57,11390,86.0,3,1786718800008,2026-08-14T21:46:40.008
15804,588aca26ed1bfc095abf2de16bf97b57,11391,85.0,3,1786718801008,2026-08-14T21:46:41.008
15805,588aca26ed1bfc095abf2de16bf97b57,11392,85.0,3,1786718802007,2026-08-14T21:46:42.007
15806,588aca26ed1bfc095abf2de16bf97b57,11393,85.0,3,1786718803007,2026-08-14T21:46:43.007
15807,588aca26ed1bfc095abf2de16bf97b57,11394,85.0,3,1786718804009,2026-08-14T21:46:44.009
15808,588aca26ed1bfc095abf2de16bf97b57,11395,85.0,3,1786718805007,2026-08-14T21:46:45.007
15809,588aca26ed1bfc095abf2de16bf97b57,11396,85.0,3,1786718806007,2026-08-14T21:46:46.007
15810,588aca26ed1bfc095abf2de16bf97b57,11397,85.0,3,1786718807007,2026-08-14T21:46:47.007
15811,588aca26ed1bfc095abf2de16bf97b57,11398,86.0,3,1786718808010,2026-08-14T21:46:48.010
15812,588aca26ed1bfc095abf2de16bf97b57,11399,86.0,3,1786718809010,2026-08-14T21:46:49.010
15813,588aca26ed1bfc095abf2de16bf97b57,11400,88.0,3,1786718810010,2026-08-14T21:46:50.010
15814,588aca26ed1bfc095abf2de16bf97b57,11401,91.0,3,1786718811010,2026-08-14T21:46:51.010
15815,588aca26ed1bfc095abf2de16bf97b57,11402,93.0,3,1786718812008,2026-08-14T21:46:52.008
15816,588aca26ed1bfc095abf2de16bf97b57,11403,95.0,3,1786718813010,2026-08-14T21:46:53.010
15817,588aca26ed1bfc095abf2de16bf97b57,11404,95.0,3,1786718814010,2026-08-14T21:46:54.010
15818,588aca26ed1bfc095abf2de16bf97b57,11405,93.0,3,1786718815009,2026-08-14T21:46:55.009
15819,588aca26ed1bfc095abf2de16bf97b57,11406,93.0,3,1786718816010,2026-08-14T21:46:56.010
15820,588aca26ed1bfc095abf2de16bf97b57,11407,95.0,3,1786718817008,2026-08-14T21:46:57.008
15821,588aca26ed1bfc095abf2de16bf97b57,11408,95.0,3,1786718818010,2026-08-14T21:46:58.010
15822,588aca26ed1bfc095abf2de16bf97b57,11409,95.0,3,1786718819010,2026-08-14T21:46:59.010
15823,588aca26ed1bfc095abf2de16bf97b57,11410,94.0,3,1786718820009,2026-08-14T21:47:00.009
15824,588aca26ed1bfc095abf2de16bf97b57,11411,94.0,3,1786718821007,2026-08-14T21:47:01.007
15825,588aca26ed1bfc095abf2de16bf97b57,11412,94.0,3,1786718822008,2026-08-14T21:47:02.008
15826,588aca26ed1bfc095abf2de16bf97b57,11413,95.0,3,1786718823008,2026-08-14T21:47:03.008
15827,588aca26ed1bfc095abf2de16bf97b57,11414,94.0,3,1786718824009,2026-08-14T21:47:04.009
15828,588aca26ed1bfc095abf2de16bf97b57,11415,93.0,3,1786718825010,2026-08-14T21:47:05.010
15829,588aca26ed1bfc095abf2de16bf97b57,11416,92.0,3,1786718826008,2026-08-14T21:47:06.008
15830,588aca26ed1bfc095abf2de16bf97b57,11417,92.0,3,1786718827008,2026-08-14T21:47:07.008
15831,588aca26ed1bfc095abf2de16bf97b57,11418,92.0,3,1786718828008,2026-08-14T21:47:08.008
15832,588aca26ed1bfc095abf2de16bf97b57,11419,92.0,3,1786718829008,2026-08-14T21:47:09.008
15833,588aca26ed1bfc095abf2de16bf97b57,11420,93.0,3,1786718830008,2026-08-14T21:47:10.008
15834,588aca26ed1bfc095abf2de16bf97b57,11421,94.0,3,1786718831008,2026-08-14T21:47:11.008
15835,588aca26ed1bfc095abf2de16bf97b57,11422,93.0,3,1786718832007,2026-08-14T21:47:12.007
15836,588aca26ed1bfc095abf2de16bf97b57,11423,93.0,3,1786718833008,2026-08-14T21:47:13.008
15837,588aca26ed1bfc095abf2de16bf97b57,11424,94.0,3,1786718834007,2026-08-14T21:47:14.007
15838,588aca26ed1bfc095abf2de16bf97b57,11425,94.0,3,1786718835008,2026-08-14T21:47:15.008
15839,588aca26ed1bfc095abf2de16bf97b57,11426,94.0,3,1786718836007,2026-08-14T21:47:16.007
15840,588aca26ed1bfc095abf2de16bf97b57,11427,95.0,3,1786718837008,2026-08-14T21:47:17.008
15841,588aca26ed1bfc095abf2de16bf97b57,11428,95.0,3,1786718838008,2026-08-14T21:47:18.008
15842,588aca26ed1bfc095abf2de16bf97b57,11429,96.0,3,1786718839008,2026-08-14T21:47:19.008
15843,588aca26ed1bfc095abf2de16bf97b57,11430,97.0,3,1786718840008,2026-08-14T21:47:20.008
15844,588aca26ed1bfc095abf2de16bf97b57,11431,96.0,3,1786718841008,2026-08-14T21:47:21.008
15845,588aca26ed1bfc095abf2de16bf97b57,11432,95.0,3,1786718842008,2026-08-14T21:47:22.008
15846,588aca26ed1bfc095abf2de16bf97b57,11433,94.0,3,1786718843008,2026-08-14T21:47:23.008
15847,588aca26ed1bfc095abf2de16bf97b57,11434,93.0,3,1786718844007,2026-08-14T21:47:24.007
15848,588aca26ed1bfc095abf2de16bf97b57,11435,92.0,3,1786718845009,2026-08-14T21:47:25.009
15849,588aca26ed1bfc095abf2de16bf97b57,11436,92.0,3,1786718846008,2026-08-14T21:47:26.008
15850,588aca26ed1bfc095abf2de16bf97b57,11437,91.0,3,1786718847008,2026-08-14T21:47:27.008
15851,588aca26ed1bfc095abf2de16bf97b57,11438,89.0,3,1786718848008,2026-08-14T21:47:28.008
15852,588aca26ed1bfc095abf2de16bf97b57,11439,88.0,3,1786718849008,2026-08-14T21:47:29.008
15853,588aca26ed1bfc095abf2de16bf97b57,11440,86.0,3,1786718850008,2026-08-14T21:47:30.008
15854,588aca26ed1bfc095abf2de16bf97b57,11441,85.0,3,1786718851008,2026-08-14T21:47:31.008
15855,588aca26ed1bfc095abf2de16bf97b57,11442,83.0,3,1786718852016,2026-08-14T21:47:32.016
15856,588aca26ed1bfc095abf2de16bf97b57,11443,82.0,3,1786718853015,2026-08-14T21:47:33.015
15857,588aca26ed1bfc095abf2de16bf97b57,11444,82.0,3,1786718854015,2026-08-14T21:47:34.015
15858,588aca26ed1bfc095abf2de16bf97b57,11445,83.0,3,1786718855014,2026-08-14T21:47:35.014
15859,588aca26ed1bfc095abf2de16bf97b57,11446,83.0,3,1786718856012,2026-08-14T21:47:36.012
15860,588aca26ed1bfc095abf2de16bf97b57,11447,83.0,3,1786718857011,2026-08-14T21:47:37.011
15861,588aca26ed1bfc095abf2de16bf97b57,11448,84.0,3,1786718858009,2026-08-14T21:47:38.009
15862,588aca26ed1bfc095abf2de16bf97b57,11449,84.0,3,1786718859009,2026-08-14T21:47:39.009
15863,588aca26ed1bfc095abf2de16bf97b57,11450,84.0,3,1786718860008,2026-08-14T21:47:40.008
15864,588aca26ed1bfc095abf2de16bf97b57,11451,84.0,3,1786718861008,2026-08-14T21:47:41.008
15865,588aca26ed1bfc095abf2de16bf97b57,11452,85.0,3,1786718862008,2026-08-14T21:47:42.008
15866,588aca26ed1bfc095abf2de16bf97b57,11453,86.0,3,1786718863008,2026-08-14T21:47:43.008
15867,588aca26ed1bfc095abf2de16bf97b57,11454,87.0,3,1786718864008,2026-08-14T21:47:44.008
15868,588aca26ed1bfc095abf2de16bf97b57,11455,89.0,3,1786718865008,2026-08-14T21:47:45.008
15869,588aca26ed1bfc095abf2de16bf97b57,11456,90.0,3,1786718866007,2026-08-14T21:47:46.007
15870,588aca26ed1bfc095abf2de16bf97b57,11457,91.0,3,1786718867008,2026-08-14T21:47:47.008
15871,588aca26ed1bfc095abf2de16bf97b57,11458,92.0,3,1786718868007,2026-08-14T21:47:48.007
15872,588aca26ed1bfc095abf2de16bf97b57,11459,92.0,3,1786718869008,2026-08-14T21:47:49.008
15873,588aca26ed1bfc095abf2de16bf97b57,11460,94.0,3,1786718870008,2026-08-14T21:47:50.008
15874,588aca26ed1bfc095abf2de16bf97b57,11461,94.0,3,1786718871010,2026-08-14T21:47:51.010
15875,588aca26ed1bfc095abf2de16bf97b57,11462,93.0,3,1786718872008,2026-08-14T21:47:52.008
15876,588aca26ed1bfc095abf2de16bf97b57,11463,94.0,3,1786718873009,2026-08-14T21:47:53.009
15877,588aca26ed1bfc095abf2de16bf97b57,11464,95.0,3,1786718874008,2026-08-14T21:47:54.008
15878,588aca26ed1bfc095abf2de16bf97b57,11465,97.0,3,1786718875016,2026-08-14T21:47:55.016
15879,588aca26ed1bfc095abf2de16bf97b57,11466,98.0,3,1786718876013,2026-08-14T21:47:56.013
15880,588aca26ed1bfc095abf2de16bf97b57,11467,98.0,3,1786718877011,2026-08-14T21:47:57.011
15881,588aca26ed1bfc095abf2de16bf97b57,11468,99.0,3,1786718878008,2026-08-14T21:47:58.008
15882,588aca26ed1bfc095abf2de16bf97b57,11469,98.0,3,1786718879008,2026-08-14T21:47:59.008
15883,588aca26ed1bfc095abf2de16bf97b57,11470,96.0,3,1786718880008,2026-08-14T21:48:00.008
15884,588aca26ed1bfc095abf2de16bf97b57,11471,95.0,3,1786718881008,2026-08-14T21:48:01.008
15885,588aca26ed1bfc095abf2de16bf97b57,11472,95.0,3,1786718882007,2026-08-14T21:48:02.007
15886,588aca26ed1bfc095abf2de16bf97b57,11473,95.0,3,1786718883008,2026-08-14T21:48:03.008
15887,588aca26ed1bfc095abf2de16bf97b57,11474,94.0,3,1786718884007,2026-08-14T21:48:04.007
15888,588aca26ed1bfc095abf2de16bf97b57,11475,95.0,3,1786718885008,2026-08-14T21:48:05.008
15889,588aca26ed1bfc095abf2de16bf97b57,11476,96.0,3,1786718886008,2026-08-14T21:48:06.008
15890,588aca26ed1bfc095abf2de16bf97b57,11477,96.0,3,1786718887007,2026-08-14T21:48:07.007
15891,588aca26ed1bfc095abf2de16bf97b57,11478,95.0,3,1786718888008,2026-08-14T21:48:08.008
15892,588aca26ed1bfc095abf2de16bf97b57,11479,94.0,3,1786718889008,2026-08-14T21:48:09.008
15893,588aca26ed1bfc095abf2de16bf97b57,11480,93.0,3,1786718890008,2026-08-14T21:48:10.008
15894,588aca26ed1bfc095abf2de16bf97b57,11481,92.0,3,1786718891008,2026-08-14T21:48:11.008
15895,588aca26ed1bfc095abf2de16bf97b57,11482,92.0,3,1786718892008,2026-08-14T21:48:12.008
15896,588aca26ed1bfc095abf2de16bf97b57,11483,92.0,3,1786718893008,2026-08-14T21:48:13.008
15897,588aca26ed1bfc095abf2de16bf97b57,11484,92.0,3,1786718894007,2026-08-14T21:48:14.007
15898,588aca26ed1bfc095abf2de16bf97b57,11485,92.0,3,1786718895008,2026-08-14T21:48:15.008
15899,588aca26ed1bfc095abf2de16bf97b57,11486,91.0,3,1786718896008,2026-08-14T21:48:16.008
15900,588aca26ed1bfc095abf2de16bf97b57,11487,92.0,3,1786718897007,2026-08-14T21:48:17.007
15901,588aca26ed1bfc095abf2de16bf97b57,11488,92.0,3,1786718898009,2026-08-14T21:48:18.009
15902,588aca26ed1bfc095abf2de16bf97b57,11489,91.0,3,1786718899007,2026-08-14T21:48:19.007
15903,588aca26ed1bfc095abf2de16bf97b57,11490,91.0,3,1786718900007,2026-08-14T21:48:20.007
15904,588aca26ed1bfc095abf2de16bf97b57,11491,90.0,3,1786718901008,2026-08-14T21:48:21.008
15905,588aca26ed1bfc095abf2de16bf97b57,11492,90.0,3,1786718902007,2026-08-14T21:48:22.007
15906,588aca26ed1bfc095abf2de16bf97b57,11493,89.0,3,1786718903007,2026-08-14T21:48:23.007
15907,588aca26ed1bfc095abf2de16bf97b57,11494,89.0,3,1786718904007,2026-08-14T21:48:24.007
15908,588aca26ed1bfc095abf2de16bf97b57,11495,89.0,3,1786718905007,2026-08-14T21:48:25.007
15909,588aca26ed1bfc095abf2de16bf97b57,11496,88.0,3,1786718906007,2026-08-14T21:48:26.007
15910,588aca26ed1bfc095abf2de16bf97b57,11497,88.0,3,1786718907007,2026-08-14T21:48:27.007
15911,588aca26ed1bfc095abf2de16bf97b57,11498,88.0,3,1786718908008,2026-08-14T21:48:28.008
15912,588aca26ed1bfc095abf2de16bf97b57,11499,88.0,3,1786718909014,2026-08-14T21:48:29.014
15913,588aca26ed1bfc095abf2de16bf97b57,11500,87.0,3,1786718910009,2026-08-14T21:48:30.009
15914,588aca26ed1bfc095abf2de16bf97b57,11501,89.0,3,1786718911008,2026-08-14T21:48:31.008
15915,588aca26ed1bfc095abf2de16bf97b57,11502,90.0,3,1786718912008,2026-08-14T21:48:32.008
15916,588aca26ed1bfc095abf2de16bf97b57,11503,90.0,3,1786718913009,2026-08-14T21:48:33.009
15917,588aca26ed1bfc095abf2de16bf97b57,11504,91.0,3,1786718914008,2026-08-14T21:48:34.008
15918,588aca26ed1bfc095abf2de16bf97b57,11505,92.0,3,1786718915016,2026-08-14T21:48:35.016
15919,588aca26ed1bfc095abf2de16bf97b57,11506,93.0,3,1786718916015,2026-08-14T21:48:36.015
15920,588aca26ed1bfc095abf2de16bf97b57,11507,93.0,3,1786718917014,2026-08-14T21:48:37.014
15921,588aca26ed1bfc095abf2de16bf97b57,11508,93.0,3,1786718918016,2026-08-14T21:48:38.016
15922,588aca26ed1bfc095abf2de16bf97b57,11509,92.0,3,1786718919012,2026-08-14T21:48:39.012
15923,588aca26ed1bfc095abf2de16bf97b57,11510,91.0,3,1786718920008,2026-08-14T21:48:40.008
15924,588aca26ed1bfc095abf2de16bf97b57,11511,91.0,3,1786718921009,2026-08-14T21:48:41.009
15925,588aca26ed1bfc095abf2de16bf97b57,11512,92.0,3,1786718922008,2026-08-14T21:48:42.008
15926,588aca26ed1bfc095abf2de16bf97b57,11513,92.0,3,1786718923008,2026-08-14T21:48:43.008
15927,588aca26ed1bfc095abf2de16bf97b57,11514,92.0,3,1786718924008,2026-08-14T21:48:44.008
15928,588aca26ed1bfc095abf2de16bf97b57,11515,92.0,3,1786718925008,2026-08-14T21:48:45.008
15929,588aca26ed1bfc095abf2de16bf97b57,11516,93.0,3,1786718926008,2026-08-14T21:48:46.008
15930,588aca26ed1bfc095abf2de16bf97b57,11517,94.0,3,1786718927008,2026-08-14T21:48:47.008
15931,588aca26ed1bfc095abf2de16bf97b57,11518,94.0,3,1786718928008,2026-08-14T21:48:48.008
15932,588aca26ed1bfc095abf2de16bf97b57,11519,95.0,3,1786718929009,2026-08-14T21:48:49.009
15933,588aca26ed1bfc095abf2de16bf97b57,11520,95.0,3,1786718930009,2026-08-14T21:48:50.009
15934,588aca26ed1bfc095abf2de16bf97b57,11521,95.0,3,1786718931010,2026-08-14T21:48:51.010
15935,588aca26ed1bfc095abf2de16bf97b57,11522,95.0,3,1786718932008,2026-08-14T21:48:52.008
15936,588aca26ed1bfc095abf2de16bf97b57,11523,95.0,3,1786718933007,2026-08-14T21:48:53.007
15937,588aca26ed1bfc095abf2de16bf97b57,11524,95.0,3,1786718934007,2026-08-14T21:48:54.007
15938,588aca26ed1bfc095abf2de16bf97b57,11525,96.0,3,1786718935007,2026-08-14T21:48:55.007
15939,588aca26ed1bfc095abf2de16bf97b57,11526,95.0,3,1786718936007,2026-08-14T21:48:56.007
15940,588aca26ed1bfc095abf2de16bf97b57,11527,94.0,3,1786718937007,2026-08-14T21:48:57.007
15941,588aca26ed1bfc095abf2de16bf97b57,11528,94.0,3,1786718938007,2026-08-14T21:48:58.007
15942,588aca26ed1bfc095abf2de16bf97b57,11529,93.0,3,1786718939008,2026-08-14T21:48:59.008
15943,588aca26ed1bfc095abf2de16bf97b57,11530,91.0,3,1786718940007,2026-08-14T21:49:00.007
15944,588aca26ed1bfc095abf2de16bf97b57,11531,91.0,3,1786718941009,2026-08-14T21:49:01.009
15945,588aca26ed1bfc095abf2de16bf97b57,11532,93.0,3,1786718942017,2026-08-14T21:49:02.017
15946,588aca26ed1bfc095abf2de16bf97b57,11533,94.0,3,1786718943007,2026-08-14T21:49:03.007
15947,588aca26ed1bfc095abf2de16bf97b57,11534,95.0,3,1786718944008,2026-08-14T21:49:04.008
15948,588aca26ed1bfc095abf2de16bf97b57,11535,94.0,3,1786718945008,2026-08-14T21:49:05.008
15949,588aca26ed1bfc095abf2de16bf97b57,11536,93.0,3,1786718946009,2026-08-14T21:49:06.009
15950,588aca26ed1bfc095abf2de16bf97b57,11537,91.0,3,1786718947007,2026-08-14T21:49:07.007
15951,588aca26ed1bfc095abf2de16bf97b57,11538,90.0,3,1786718948007,2026-08-14T21:49:08.007
15952,588aca26ed1bfc095abf2de16bf97b57,11539,90.0,3,1786718949008,2026-08-14T21:49:09.008
15953,588aca26ed1bfc095abf2de16bf97b57,11540,90.0,3,1786718950007,2026-08-14T21:49:10.007
15954,588aca26ed1bfc095abf2de16bf97b57,11541,90.0,3,1786718951009,2026-08-14T21:49:11.009
15955,588aca26ed1bfc095abf2de16bf97b57,11542,90.0,3,1786718952008,2026-08-14T21:49:12.008
15956,588aca26ed1bfc095abf2de16bf97b57,11543,90.0,3,1786718953007,2026-08-14T21:49:13.007
15957,588aca26ed1bfc095abf2de16bf97b57,11544,90.0,3,1786718954007,2026-08-14T21:49:14.007
15958,588aca26ed1bfc095abf2de16bf97b57,11545,89.0,3,1786718955008,2026-08-14T21:49:15.008
15959,588aca26ed1bfc095abf2de16bf97b57,11546,89.0,3,1786718956008,2026-08-14T21:49:16.008
15960,588aca26ed1bfc095abf2de16bf97b57,11547,90.0,3,1786718957008,2026-08-14T21:49:17.008
15961,588aca26ed1bfc095abf2de16bf97b57,11548,90.0,3,1786718958007,2026-08-14T21:49:18.007
15962,588aca26ed1bfc095abf2de16bf97b57,11549,90.0,3,1786718959007,2026-08-14T21:49:19.007
15963,588aca26ed1bfc095abf2de16bf97b57,11550,90.0,3,1786718960007,2026-08-14T21:49:20.007
15964,588aca26ed1bfc095abf2de16bf97b57,11551,89.0,3,1786718961007,2026-08-14T21:49:21.007
15965,588aca26ed1bfc095abf2de16bf97b57,11552,88.0,3,1786718962010,2026-08-14T21:49:22.010
15966,588aca26ed1bfc095abf2de16bf97b57,11553,89.0,3,1786718963010,2026-08-14T21:49:23.010
15967,588aca26ed1bfc095abf2de16bf97b57,11554,89.0,3,1786718964009,2026-08-14T21:49:24.009
15968,588aca26ed1bfc095abf2de16bf97b57,11555,89.0,3,1786718965012,2026-08-14T21:49:25.012
15969,588aca26ed1bfc095abf2de16bf97b57,11556,90.0,3,1786718966010,2026-08-14T21:49:26.010
15970,588aca26ed1bfc095abf2de16bf97b57,11557,90.0,3,1786718967010,2026-08-14T21:49:27.010
15971,588aca26ed1bfc095abf2de16bf97b57,11558,90.0,3,1786718968008,2026-08-14T21:49:28.008
15972,588aca26ed1bfc095abf2de16bf97b57,11559,91.0,3,1786718969009,2026-08-14T21:49:29.009
15973,588aca26ed1bfc095abf2de16bf97b57,11560,91.0,3,1786718970008,2026-08-14T21:49:30.008
15974,588aca26ed1bfc095abf2de16bf97b57,11561,90.0,3,1786718971008,2026-08-14T21:49:31.008
15975,588aca26ed1bfc095abf2de16bf97b57,11562,89.0,3,1786718972008,2026-08-14T21:49:32.008
15976,588aca26ed1bfc095abf2de16bf97b57,11563,88.0,3,1786718973008,2026-08-14T21:49:33.008
15977,588aca26ed1bfc095abf2de16bf97b57,11564,87.0,3,1786718974009,2026-08-14T21:49:34.009
15978,588aca26ed1bfc095abf2de16bf97b57,11565,87.0,3,1786718975007,2026-08-14T21:49:35.007
15979,588aca26ed1bfc095abf2de16bf97b57,11566,87.0,3,1786718976008,2026-08-14T21:49:36.008
15980,588aca26ed1bfc095abf2de16bf97b57,11567,87.0,3,1786718977007,2026-08-14T21:49:37.007
15981,588aca26ed1bfc095abf2de16bf97b57,11568,87.0,3,1786718978008,2026-08-14T21:49:38.008
15982,588aca26ed1bfc095abf2de16bf97b57,11569,87.0,3,1786718979008,2026-08-14T21:49:39.008
15983,588aca26ed1bfc095abf2de16bf97b57,11570,87.0,3,1786718980008,2026-08-14T21:49:40.008
15984,588aca26ed1bfc095abf2de16bf97b57,11571,87.0,3,1786718981007,2026-08-14T21:49:41.007
15985,588aca26ed1bfc095abf2de16bf97b57,11572,88.0,3,1786718982007,2026-08-14T21:49:42.007
15986,588aca26ed1bfc095abf2de16bf97b57,11573,89.0,3,1786718983008,2026-08-14T21:49:43.008
15987,588aca26ed1bfc095abf2de16bf97b57,11574,90.0,3,1786718984011,2026-08-14T21:49:44.011
15988,588aca26ed1bfc095abf2de16bf97b57,11575,90.0,3,1786718985011,2026-08-14T21:49:45.011
15989,588aca26ed1bfc095abf2de16bf97b57,11576,91.0,3,1786718986014,2026-08-14T21:49:46.014
15990,588aca26ed1bfc095abf2de16bf97b57,11577,92.0,3,1786718987012,2026-08-14T21:49:47.012
15991,588aca26ed1bfc095abf2de16bf97b57,11578,93.0,3,1786718988009,2026-08-14T21:49:48.009
15992,588aca26ed1bfc095abf2de16bf97b57,11579,94.0,3,1786718989009,2026-08-14T21:49:49.009
15993,588aca26ed1bfc095abf2de16bf97b57,11580,94.0,3,1786718990008,2026-08-14T21:49:50.008
15994,588aca26ed1bfc095abf2de16bf97b57,11581,95.0,3,1786718991009,2026-08-14T21:49:51.009
15995,588aca26ed1bfc095abf2de16bf97b57,11582,95.0,3,1786718992008,2026-08-14T21:49:52.008
15996,588aca26ed1bfc095abf2de16bf97b57,11583,95.0,3,1786718993008,2026-08-14T21:49:53.008
15997,588aca26ed1bfc095abf2de16bf97b57,11584,94.0,3,1786718994008,2026-08-14T21:49:54.008
15998,588aca26ed1bfc095abf2de16bf97b57,11585,93.0,3,1786718995007,2026-08-14T21:49:55.007
15999,588aca26ed1bfc095abf2de16bf97b57,11586,92.0,3,1786718996008,2026-08-14T21:49:56.008
16000,588aca26ed1bfc095abf2de16bf97b57,11587,91.0,3,1786718997008,2026-08-14T21:49:57.008
16001,588aca26ed1bfc095abf2de16bf97b57,11588,91.0,3,1786718998008,2026-08-14T21:49:58.008
16002,588aca26ed1bfc095abf2de16bf97b57,11589,91.0,3,1786718999008,2026-08-14T21:49:59.008
16003,588aca26ed1bfc095abf2de16bf97b57,11590,93.0,3,1786719000008,2026-08-14T21:50:00.008
16004,588aca26ed1bfc095abf2de16bf97b57,11591,93.0,3,1786719001008,2026-08-14T21:50:01.008
16005,588aca26ed1bfc095abf2de16bf97b57,11592,94.0,3,1786719002008,2026-08-14T21:50:02.008
16006,588aca26ed1bfc095abf2de16bf97b57,11593,96.0,3,1786719003008,2026-08-14T21:50:03.008
16007,588aca26ed1bfc095abf2de16bf97b57,11594,97.0,3,1786719004007,2026-08-14T21:50:04.007
16008,588aca26ed1bfc095abf2de16bf97b57,11595,97.0,3,1786719005008,2026-08-14T21:50:05.008
16009,588aca26ed1bfc095abf2de16bf97b57,11596,95.0,3,1786719006008,2026-08-14T21:50:06.008
16010,588aca26ed1bfc095abf2de16bf97b57,11597,94.0,3,1786719007008,2026-08-14T21:50:07.008
16011,588aca26ed1bfc095abf2de16bf97b57,11598,92.0,3,1786719008009,2026-08-14T21:50:08.009
16012,588aca26ed1bfc095abf2de16bf97b57,11599,92.0,3,1786719009009,2026-08-14T21:50:09.009
16013,588aca26ed1bfc095abf2de16bf97b57,11600,93.0,3,1786719010009,2026-08-14T21:50:10.009
16014,588aca26ed1bfc095abf2de16bf97b57,11601,94.0,3,1786719011010,2026-08-14T21:50:11.010
16015,588aca26ed1bfc095abf2de16bf97b57,11602,93.0,3,1786719012017,2026-08-14T21:50:12.017
16016,588aca26ed1bfc095abf2de16bf97b57,11603,92.0,3,1786719013010,2026-08-14T21:50:13.010
16017,588aca26ed1bfc095abf2de16bf97b57,11604,91.0,3,1786719014009,2026-08-14T21:50:14.009
16018,588aca26ed1bfc095abf2de16bf97b57,11605,90.0,3,1786719015008,2026-08-14T21:50:15.008
16019,588aca26ed1bfc095abf2de16bf97b57,11606,91.0,3,1786719016016,2026-08-14T21:50:16.016
16020,588aca26ed1bfc095abf2de16bf97b57,11607,91.0,3,1786719017008,2026-08-14T21:50:17.008
16021,588aca26ed1bfc095abf2de16bf97b57,11608,90.0,3,1786719018008,2026-08-14T21:50:18.008
16022,588aca26ed1bfc095abf2de16bf97b57,11609,90.0,3,1786719019008,2026-08-14T21:50:19.008
16023,588aca26ed1bfc095abf2de16bf97b57,11610,91.0,3,1786719020007,2026-08-14T21:50:20.007
16024,588aca26ed1bfc095abf2de16bf97b57,11611,92.0,3,1786719021015,2026-08-14T21:50:21.015
16025,588aca26ed1bfc095abf2de16bf97b57,11612,91.0,3,1786719022013,2026-08-14T21:50:22.013
16026,588aca26ed1bfc095abf2de16bf97b57,11613,89.0,3,1786719023008,2026-08-14T21:50:23.008
16027,588aca26ed1bfc095abf2de16bf97b57,11614,88.0,3,1786719024008,2026-08-14T21:50:24.008
16028,588aca26ed1bfc095abf2de16bf97b57,11615,87.0,3,1786719025007,2026-08-14T21:50:25.007
16029,588aca26ed1bfc095abf2de16bf97b57,11616,87.0,3,1786719026008,2026-08-14T21:50:26.008
16030,588aca26ed1bfc095abf2de16bf97b57,11617,87.0,3,1786719027008,2026-08-14T21:50:27.008
16031,588aca26ed1bfc095abf2de16bf97b57,11618,87.0,3,1786719028008,2026-08-14T21:50:28.008
16032,588aca26ed1bfc095abf2de16bf97b57,11619,86.0,3,1786719029008,2026-08-14T21:50:29.008
16033,588aca26ed1bfc095abf2de16bf97b57,11620,86.0,3,1786719030008,2026-08-14T21:50:30.008
16034,588aca26ed1bfc095abf2de16bf97b57,11621,86.0,3,1786719031007,2026-08-14T21:50:31.007
16035,588aca26ed1bfc095abf2de16bf97b57,11622,86.0,3,1786719032007,2026-08-14T21:50:32.007
16036,588aca26ed1bfc095abf2de16bf97b57,11623,85.0,3,1786719033008,2026-08-14T21:50:33.008
16037,588aca26ed1bfc095abf2de16bf97b57,11624,86.0,3,1786719034008,2026-08-14T21:50:34.008
16038,588aca26ed1bfc095abf2de16bf97b57,11625,85.0,3,1786719035009,2026-08-14T21:50:35.009
16039,588aca26ed1bfc095abf2de16bf97b57,11626,86.0,3,1786719036025,2026-08-14T21:50:36.025
16040,588aca26ed1bfc095abf2de16bf97b57,11627,87.0,3,1786719037016,2026-08-14T21:50:37.016
16041,588aca26ed1bfc095abf2de16bf97b57,11628,87.0,3,1786719038011,2026-08-14T21:50:38.011
16042,588aca26ed1bfc095abf2de16bf97b57,11629,87.0,3,1786719039013,2026-08-14T21:50:39.013
16043,588aca26ed1bfc095abf2de16bf97b57,11630,86.0,3,1786719040011,2026-08-14T21:50:40.011
16044,588aca26ed1bfc095abf2de16bf97b57,11631,86.0,3,1786719041010,2026-08-14T21:50:41.010
16045,588aca26ed1bfc095abf2de16bf97b57,11632,86.0,3,1786719042010,2026-08-14T21:50:42.010
16046,588aca26ed1bfc095abf2de16bf97b57,11633,86.0,3,1786719043009,2026-08-14T21:50:43.009
16047,588aca26ed1bfc095abf2de16bf97b57,11634,86.0,3,1786719044007,2026-08-14T21:50:44.007
16048,588aca26ed1bfc095abf2de16bf97b57,11635,86.0,3,1786719045008,2026-08-14T21:50:45.008
16049,588aca26ed1bfc095abf2de16bf97b57,11636,86.0,3,1786719046008,2026-08-14T21:50:46.008
16050,588aca26ed1bfc095abf2de16bf97b57,11637,85.0,3,1786719047008,2026-08-14T21:50:47.008
16051,588aca26ed1bfc095abf2de16bf97b57,11638,85.0,3,1786719048008,2026-08-14T21:50:48.008
16052,588aca26ed1bfc095abf2de16bf97b57,11639,84.0,3,1786719049008,2026-08-14T21:50:49.008
16053,588aca26ed1bfc095abf2de16bf97b57,11640,84.0,3,1786719050008,2026-08-14T21:50:50.008
16054,588aca26ed1bfc095abf2de16bf97b57,11641,84.0,3,1786719051008,2026-08-14T21:50:51.008
16055,588aca26ed1bfc095abf2de16bf97b57,11642,84.0,3,1786719052008,2026-08-14T21:50:52.008
16056,588aca26ed1bfc095abf2de16bf97b57,11643,84.0,3,1786719053008,2026-08-14T21:50:53.008
16057,588aca26ed1bfc095abf2de16bf97b57,11644,84.0,3,1786719054008,2026-08-14T21:50:54.008
16058,588aca26ed1bfc095abf2de16bf97b57,11645,84.0,3,1786719055008,2026-08-14T21:50:55.008
16059,588aca26ed1bfc095abf2de16bf97b57,11646,85.0,3,1786719056008,2026-08-14T21:50:56.008
16060,588aca26ed1bfc095abf2de16bf97b57,11647,85.0,3,1786719057008,2026-08-14T21:50:57.008
16061,588aca26ed1bfc095abf2de16bf97b57,11648,86.0,3,1786719058008,2026-08-14T21:50:58.008
16062,588aca26ed1bfc095abf2de16bf97b57,11649,87.0,3,1786719059008,2026-08-14T21:50:59.008
16063,588aca26ed1bfc095abf2de16bf97b57,11650,87.0,3,1786719060008,2026-08-14T21:51:00.008
16064,588aca26ed1bfc095abf2de16bf97b57,11651,88.0,3,1786719061008,2026-08-14T21:51:01.008
16065,588aca26ed1bfc095abf2de16bf97b57,11652,88.0,3,1786719062009,2026-08-14T21:51:02.009
16066,588aca26ed1bfc095abf2de16bf97b57,11653,87.0,3,1786719063007,2026-08-14T21:51:03.007
16067,588aca26ed1bfc095abf2de16bf97b57,11654,86.0,3,1786719064007,2026-08-14T21:51:04.007
16068,588aca26ed1bfc095abf2de16bf97b57,11655,86.0,3,1786719065007,2026-08-14T21:51:05.007
16069,588aca26ed1bfc095abf2de16bf97b57,11656,87.0,3,1786719066008,2026-08-14T21:51:06.008
16070,588aca26ed1bfc095abf2de16bf97b57,11657,88.0,3,1786719067007,2026-08-14T21:51:07.007
16071,588aca26ed1bfc095abf2de16bf97b57,11658,89.0,3,1786719068007,2026-08-14T21:51:08.007
16072,588aca26ed1bfc095abf2de16bf97b57,11659,90.0,3,1786719069008,2026-08-14T21:51:09.008
16073,588aca26ed1bfc095abf2de16bf97b57,11660,90.0,3,1786719070007,2026-08-14T21:51:10.007
16074,588aca26ed1bfc095abf2de16bf97b57,11661,90.0,3,1786719071009,2026-08-14T21:51:11.009
16075,588aca26ed1bfc095abf2de16bf97b57,11662,92.0,3,1786719072015,2026-08-14T21:51:12.015
16076,588aca26ed1bfc095abf2de16bf97b57,11663,93.0,3,1786719073010,2026-08-14T21:51:13.010
16077,588aca26ed1bfc095abf2de16bf97b57,11664,93.0,3,1786719074015,2026-08-14T21:51:14.015
16078,588aca26ed1bfc095abf2de16bf97b57,11665,93.0,3,1786719075016,2026-08-14T21:51:15.016
16079,588aca26ed1bfc095abf2de16bf97b57,11666,93.0,3,1786719076015,2026-08-14T21:51:16.015
16080,588aca26ed1bfc095abf2de16bf97b57,11667,92.0,3,1786719077014,2026-08-14T21:51:17.014
16081,588aca26ed1bfc095abf2de16bf97b57,11668,91.0,3,1786719078014,2026-08-14T21:51:18.014
16082,588aca26ed1bfc095abf2de16bf97b57,11669,91.0,3,1786719079009,2026-08-14T21:51:19.009
16083,588aca26ed1bfc095abf2de16bf97b57,11670,91.0,3,1786719080010,2026-08-14T21:51:20.010
16084,588aca26ed1bfc095abf2de16bf97b57,11671,91.0,3,1786719081010,2026-08-14T21:51:21.010
16085,588aca26ed1bfc095abf2de16bf97b57,11672,92.0,3,1786719082009,2026-08-14T21:51:22.009
16086,588aca26ed1bfc095abf2de16bf97b57,11673,92.0,3,1786719083007,2026-08-14T21:51:23.007
16087,588aca26ed1bfc095abf2de16bf97b57,11674,91.0,3,1786719084008,2026-08-14T21:51:24.008
16088,588aca26ed1bfc095abf2de16bf97b57,11675,90.0,3,1786719085015,2026-08-14T21:51:25.015
16089,588aca26ed1bfc095abf2de16bf97b57,11676,89.0,3,1786719086008,2026-08-14T21:51:26.008
16090,588aca26ed1bfc095abf2de16bf97b57,11677,88.0,3,1786719087008,2026-08-14T21:51:27.008
16091,588aca26ed1bfc095abf2de16bf97b57,11678,88.0,3,1786719088008,2026-08-14T21:51:28.008
16092,588aca26ed1bfc095abf2de16bf97b57,11679,89.0,3,1786719089008,2026-08-14T21:51:29.008
16093,588aca26ed1bfc095abf2de16bf97b57,11680,90.0,3,1786719090008,2026-08-14T21:51:30.008
16094,588aca26ed1bfc095abf2de16bf97b57,11681,91.0,3,1786719091009,2026-08-14T21:51:31.009
16095,588aca26ed1bfc095abf2de16bf97b57,11682,93.0,3,1786719092009,2026-08-14T21:51:32.009
16096,588aca26ed1bfc095abf2de16bf97b57,11683,93.0,3,1786719093008,2026-08-14T21:51:33.008
16097,588aca26ed1bfc095abf2de16bf97b57,11684,92.0,3,1786719094008,2026-08-14T21:51:34.008
16098,588aca26ed1bfc095abf2de16bf97b57,11685,92.0,3,1786719095008,2026-08-14T21:51:35.008
16099,588aca26ed1bfc095abf2de16bf97b57,11686,91.0,3,1786719096008,2026-08-14T21:51:36.008
16100,588aca26ed1bfc095abf2de16bf97b57,11687,92.0,3,1786719097008,2026-08-14T21:51:37.008
16101,588aca26ed1bfc095abf2de16bf97b57,11688,93.0,3,1786719098007,2026-08-14T21:51:38.007
16102,588aca26ed1bfc095abf2de16bf97b57,11689,93.0,3,1786719099007,2026-08-14T21:51:39.007
16103,588aca26ed1bfc095abf2de16bf97b57,11690,92.0,3,1786719100008,2026-08-14T21:51:40.008
16104,588aca26ed1bfc095abf2de16bf97b57,11691,91.0,3,1786719101007,2026-08-14T21:51:41.007
16105,588aca26ed1bfc095abf2de16bf97b57,11692,90.0,3,1786719102008,2026-08-14T21:51:42.008
16106,588aca26ed1bfc095abf2de16bf97b57,11693,88.0,3,1786719103008,2026-08-14T21:51:43.008
16107,588aca26ed1bfc095abf2de16bf97b57,11694,87.0,3,1786719104009,2026-08-14T21:51:44.009
16108,588aca26ed1bfc095abf2de16bf97b57,11695,87.0,3,1786719105007,2026-08-14T21:51:45.007
16109,588aca26ed1bfc095abf2de16bf97b57,11696,89.0,3,1786719106008,2026-08-14T21:51:46.008
16110,588aca26ed1bfc095abf2de16bf97b57,11697,90.0,3,1786719107008,2026-08-14T21:51:47.008
16111,588aca26ed1bfc095abf2de16bf97b57,11698,91.0,3,1786719108007,2026-08-14T21:51:48.007
16112,588aca26ed1bfc095abf2de16bf97b57,11699,91.0,3,1786719109008,2026-08-14T21:51:49.008
16113,588aca26ed1bfc095abf2de16bf97b57,11700,90.0,3,1786719110007,2026-08-14T21:51:50.007
16114,588aca26ed1bfc095abf2de16bf97b57,11701,89.0,3,1786719111007,2026-08-14T21:51:51.007
16115,588aca26ed1bfc095abf2de16bf97b57,11702,88.0,3,1786719112007,2026-08-14T21:51:52.007
16116,588aca26ed1bfc095abf2de16bf97b57,11703,87.0,3,1786719113008,2026-08-14T21:51:53.008
16117,588aca26ed1bfc095abf2de16bf97b57,11704,87.0,3,1786719114007,2026-08-14T21:51:54.007
16118,588aca26ed1bfc095abf2de16bf97b57,11705,87.0,3,1786719115007,2026-08-14T21:51:55.007
16119,588aca26ed1bfc095abf2de16bf97b57,11706,87.0,3,1786719116030,2026-08-14T21:51:56.030
16120,588aca26ed1bfc095abf2de16bf97b57,11707,87.0,3,1786719117021,2026-08-14T21:51:57.021
16121,588aca26ed1bfc095abf2de16bf97b57,11708,87.0,3,1786719118017,2026-08-14T21:51:58.017
16122,588aca26ed1bfc095abf2de16bf97b57,11709,88.0,3,1786719119016,2026-08-14T21:51:59.016
16123,588aca26ed1bfc095abf2de16bf97b57,11710,89.0,3,1786719120015,2026-08-14T21:52:00.015
16124,588aca26ed1bfc095abf2de16bf97b57,11711,89.0,3,1786719121014,2026-08-14T21:52:01.014
16125,588aca26ed1bfc095abf2de16bf97b57,11712,90.0,3,1786719122011,2026-08-14T21:52:02.011
16126,588aca26ed1bfc095abf2de16bf97b57,11713,91.0,3,1786719123009,2026-08-14T21:52:03.009
16127,588aca26ed1bfc095abf2de16bf97b57,11714,92.0,3,1786719124009,2026-08-14T21:52:04.009
16128,588aca26ed1bfc095abf2de16bf97b57,11715,90.0,3,1786719125007,2026-08-14T21:52:05.007
16129,588aca26ed1bfc095abf2de16bf97b57,11716,89.0,3,1786719126008,2026-08-14T21:52:06.008
16130,588aca26ed1bfc095abf2de16bf97b57,11717,89.0,3,1786719127008,2026-08-14T21:52:07.008
16131,588aca26ed1bfc095abf2de16bf97b57,11718,89.0,3,1786719128009,2026-08-14T21:52:08.009
16132,588aca26ed1bfc095abf2de16bf97b57,11719,90.0,3,1786719129010,2026-08-14T21:52:09.010
16133,588aca26ed1bfc095abf2de16bf97b57,11720,90.0,3,1786719130008,2026-08-14T21:52:10.008
16134,588aca26ed1bfc095abf2de16bf97b57,11721,91.0,3,1786719131008,2026-08-14T21:52:11.008
16135,588aca26ed1bfc095abf2de16bf97b57,11722,92.0,3,1786719132016,2026-08-14T21:52:12.016
16136,588aca26ed1bfc095abf2de16bf97b57,11723,92.0,3,1786719133008,2026-08-14T21:52:13.008
16137,588aca26ed1bfc095abf2de16bf97b57,11724,92.0,3,1786719134008,2026-08-14T21:52:14.008
16138,588aca26ed1bfc095abf2de16bf97b57,11725,92.0,3,1786719135008,2026-08-14T21:52:15.008
16139,588aca26ed1bfc095abf2de16bf97b57,11726,92.0,3,1786719136008,2026-08-14T21:52:16.008
16140,588aca26ed1bfc095abf2de16bf97b57,11727,93.0,3,1786719137009,2026-08-14T21:52:17.009
16141,588aca26ed1bfc095abf2de16bf97b57,11728,93.0,3,1786719138008,2026-08-14T21:52:18.008
16142,588aca26ed1bfc095abf2de16bf97b57,11729,93.0,3,1786719139007,2026-08-14T21:52:19.007
16143,588aca26ed1bfc095abf2de16bf97b57,11730,95.0,3,1786719140007,2026-08-14T21:52:20.007
16144,588aca26ed1bfc095abf2de16bf97b57,11731,96.0,3,1786719141007,2026-08-14T21:52:21.007
16145,588aca26ed1bfc095abf2de16bf97b57,11732,96.0,3,1786719142007,2026-08-14T21:52:22.007
16146,588aca26ed1bfc095abf2de16bf97b57,11733,95.0,3,1786719143007,2026-08-14T21:52:23.007
16147,588aca26ed1bfc095abf2de16bf97b57,11734,94.0,3,1786719144007,2026-08-14T21:52:24.007
16148,588aca26ed1bfc095abf2de16bf97b57,11735,92.0,3,1786719145007,2026-08-14T21:52:25.007
16149,588aca26ed1bfc095abf2de16bf97b57,11736,91.0,3,1786719146008,2026-08-14T21:52:26.008
16150,588aca26ed1bfc095abf2de16bf97b57,11737,90.0,3,1786719147008,2026-08-14T21:52:27.008
16151,588aca26ed1bfc095abf2de16bf97b57,11738,91.0,3,1786719148009,2026-08-14T21:52:28.009
16152,588aca26ed1bfc095abf2de16bf97b57,11739,92.0,3,1786719149008,2026-08-14T21:52:29.008
16153,588aca26ed1bfc095abf2de16bf97b57,11740,93.0,3,1786719150007,2026-08-14T21:52:30.007
16154,588aca26ed1bfc095abf2de16bf97b57,11741,94.0,3,1786719151008,2026-08-14T21:52:31.008
16155,588aca26ed1bfc095abf2de16bf97b57,11742,94.0,3,1786719152008,2026-08-14T21:52:32.008
16156,588aca26ed1bfc095abf2de16bf97b57,11743,94.0,3,1786719153008,2026-08-14T21:52:33.008
16157,588aca26ed1bfc095abf2de16bf97b57,11744,94.0,3,1786719154007,2026-08-14T21:52:34.007
16158,588aca26ed1bfc095abf2de16bf97b57,11745,94.0,3,1786719155008,2026-08-14T21:52:35.008
16159,588aca26ed1bfc095abf2de16bf97b57,11746,93.0,3,1786719156009,2026-08-14T21:52:36.009
16160,588aca26ed1bfc095abf2de16bf97b57,11747,94.0,3,1786719157016,2026-08-14T21:52:37.016
16161,588aca26ed1bfc095abf2de16bf97b57,11748,93.0,3,1786719158016,2026-08-14T21:52:38.016
16162,588aca26ed1bfc095abf2de16bf97b57,11749,93.0,3,1786719159008,2026-08-14T21:52:39.008
16163,588aca26ed1bfc095abf2de16bf97b57,11750,93.0,3,1786719160014,2026-08-14T21:52:40.014
16164,588aca26ed1bfc095abf2de16bf97b57,11751,93.0,3,1786719161012,2026-08-14T21:52:41.012
16165,588aca26ed1bfc095abf2de16bf97b57,11752,93.0,3,1786719162013,2026-08-14T21:52:42.013
16166,588aca26ed1bfc095abf2de16bf97b57,11753,92.0,3,1786719163010,2026-08-14T21:52:43.010
16167,588aca26ed1bfc095abf2de16bf97b57,11754,94.0,3,1786719164011,2026-08-14T21:52:44.011
16168,588aca26ed1bfc095abf2de16bf97b57,11755,93.0,3,1786719165008,2026-08-14T21:52:45.008
16169,588aca26ed1bfc095abf2de16bf97b57,11756,92.0,3,1786719166009,2026-08-14T21:52:46.009
16170,588aca26ed1bfc095abf2de16bf97b57,11757,91.0,3,1786719167008,2026-08-14T21:52:47.008
16171,588aca26ed1bfc095abf2de16bf97b57,11758,91.0,3,1786719168008,2026-08-14T21:52:48.008
16172,588aca26ed1bfc095abf2de16bf97b57,11759,91.0,3,1786719169007,2026-08-14T21:52:49.007
16173,588aca26ed1bfc095abf2de16bf97b57,11760,91.0,3,1786719170008,2026-08-14T21:52:50.008
16174,588aca26ed1bfc095abf2de16bf97b57,11761,92.0,3,1786719171010,2026-08-14T21:52:51.010
16175,588aca26ed1bfc095abf2de16bf97b57,11762,92.0,3,1786719172008,2026-08-14T21:52:52.008
16176,588aca26ed1bfc095abf2de16bf97b57,11763,93.0,3,1786719173007,2026-08-14T21:52:53.007
16177,588aca26ed1bfc095abf2de16bf97b57,11764,94.0,3,1786719174007,2026-08-14T21:52:54.007
16178,588aca26ed1bfc095abf2de16bf97b57,11765,95.0,3,1786719175007,2026-08-14T21:52:55.007
16179,588aca26ed1bfc095abf2de16bf97b57,11766,95.0,3,1786719176008,2026-08-14T21:52:56.008
16180,588aca26ed1bfc095abf2de16bf97b57,11767,94.0,3,1786719177010,2026-08-14T21:52:57.010
16181,588aca26ed1bfc095abf2de16bf97b57,11768,94.0,3,1786719178010,2026-08-14T21:52:58.010
16182,588aca26ed1bfc095abf2de16bf97b57,11769,93.0,3,1786719179010,2026-08-14T21:52:59.010
16183,588aca26ed1bfc095abf2de16bf97b57,11770,94.0,3,1786719180009,2026-08-14T21:53:00.009
16184,588aca26ed1bfc095abf2de16bf97b57,11771,93.0,3,1786719181009,2026-08-14T21:53:01.009
16185,588aca26ed1bfc095abf2de16bf97b57,11772,93.0,3,1786719182010,2026-08-14T21:53:02.010
16186,588aca26ed1bfc095abf2de16bf97b57,11773,93.0,3,1786719183010,2026-08-14T21:53:03.010
16187,588aca26ed1bfc095abf2de16bf97b57,11774,92.0,3,1786719184010,2026-08-14T21:53:04.010
16188,588aca26ed1bfc095abf2de16bf97b57,11775,92.0,3,1786719185010,2026-08-14T21:53:05.010
16189,588aca26ed1bfc095abf2de16bf97b57,11776,91.0,3,1786719186010,2026-08-14T21:53:06.010
16190,588aca26ed1bfc095abf2de16bf97b57,11777,91.0,3,1786719187009,2026-08-14T21:53:07.009
16191,588aca26ed1bfc095abf2de16bf97b57,11778,91.0,3,1786719188009,2026-08-14T21:53:08.009
16192,588aca26ed1bfc095abf2de16bf97b57,11779,92.0,3,1786719189010,2026-08-14T21:53:09.010
16193,588aca26ed1bfc095abf2de16bf97b57,11780,92.0,3,1786719190009,2026-08-14T21:53:10.009
16194,588aca26ed1bfc095abf2de16bf97b57,11781,93.0,3,1786719191009,2026-08-14T21:53:11.009
16195,588aca26ed1bfc095abf2de16bf97b57,11782,93.0,3,1786719192010,2026-08-14T21:53:12.010
16196,588aca26ed1bfc095abf2de16bf97b57,11783,93.0,3,1786719193007,2026-08-14T21:53:13.007
16197,588aca26ed1bfc095abf2de16bf97b57,11784,93.0,3,1786719194007,2026-08-14T21:53:14.007
16198,588aca26ed1bfc095abf2de16bf97b57,11785,93.0,3,1786719195008,2026-08-14T21:53:15.008
16199,588aca26ed1bfc095abf2de16bf97b57,11786,94.0,3,1786719196009,2026-08-14T21:53:16.009
16200,588aca26ed1bfc095abf2de16bf97b57,11787,94.0,3,1786719197011,2026-08-14T21:53:17.011
16201,588aca26ed1bfc095abf2de16bf97b57,11788,95.0,3,1786719198009,2026-08-14T21:53:18.009
16202,588aca26ed1bfc095abf2de16bf97b57,11789,95.0,3,1786719199007,2026-08-14T21:53:19.007
16203,588aca26ed1bfc095abf2de16bf97b57,11790,94.0,3,1786719200008,2026-08-14T21:53:20.008
16204,588aca26ed1bfc095abf2de16bf97b57,11791,95.0,3,1786719201008,2026-08-14T21:53:21.008
16205,588aca26ed1bfc095abf2de16bf97b57,11792,96.0,3,1786719202008,2026-08-14T21:53:22.008
16206,588aca26ed1bfc095abf2de16bf97b57,11793,96.0,3,1786719203013,2026-08-14T21:53:23.013
16207,588aca26ed1bfc095abf2de16bf97b57,11794,96.0,3,1786719204008,2026-08-14T21:53:24.008
16208,588aca26ed1bfc095abf2de16bf97b57,11795,96.0,3,1786719205008,2026-08-14T21:53:25.008
16209,588aca26ed1bfc095abf2de16bf97b57,11796,95.0,3,1786719206008,2026-08-14T21:53:26.008
16210,588aca26ed1bfc095abf2de16bf97b57,11797,94.0,3,1786719207011,2026-08-14T21:53:27.011
16211,588aca26ed1bfc095abf2de16bf97b57,11798,93.0,3,1786719208008,2026-08-14T21:53:28.008
16212,588aca26ed1bfc095abf2de16bf97b57,11799,93.0,3,1786719209008,2026-08-14T21:53:29.008
16213,588aca26ed1bfc095abf2de16bf97b57,11800,93.0,3,1786719210008,2026-08-14T21:53:30.008
16214,588aca26ed1bfc095abf2de16bf97b57,11801,92.0,3,1786719211009,2026-08-14T21:53:31.009
16215,588aca26ed1bfc095abf2de16bf97b57,11802,92.0,3,1786719212007,2026-08-14T21:53:32.007
16216,588aca26ed1bfc095abf2de16bf97b57,11803,92.0,3,1786719213008,2026-08-14T21:53:33.008
16217,588aca26ed1bfc095abf2de16bf97b57,11804,93.0,3,1786719214008,2026-08-14T21:53:34.008
16218,588aca26ed1bfc095abf2de16bf97b57,11805,94.0,3,1786719215007,2026-08-14T21:53:35.007
16219,588aca26ed1bfc095abf2de16bf97b57,11806,95.0,3,1786719216008,2026-08-14T21:53:36.008
16220,588aca26ed1bfc095abf2de16bf97b57,11807,94.0,3,1786719217008,2026-08-14T21:53:37.008
16221,588aca26ed1bfc095abf2de16bf97b57,11808,93.0,3,1786719218008,2026-08-14T21:53:38.008
16222,588aca26ed1bfc095abf2de16bf97b57,11809,92.0,3,1786719219009,2026-08-14T21:53:39.009
16223,588aca26ed1bfc095abf2de16bf97b57,11810,92.0,3,1786719220008,2026-08-14T21:53:40.008
16224,588aca26ed1bfc095abf2de16bf97b57,11811,91.0,3,1786719221008,2026-08-14T21:53:41.008
16225,588aca26ed1bfc095abf2de16bf97b57,11812,91.0,3,1786719222008,2026-08-14T21:53:42.008
16226,588aca26ed1bfc095abf2de16bf97b57,11813,90.0,3,1786719223007,2026-08-14T21:53:43.007
16227,588aca26ed1bfc095abf2de16bf97b57,11814,90.0,3,1786719224008,2026-08-14T21:53:44.008
16228,588aca26ed1bfc095abf2de16bf97b57,11815,89.0,3,1786719225008,2026-08-14T21:53:45.008
16229,588aca26ed1bfc095abf2de16bf97b57,11816,89.0,3,1786719226017,2026-08-14T21:53:46.017
16230,588aca26ed1bfc095abf2de16bf97b57,11817,89.0,3,1786719227014,2026-08-14T21:53:47.014
16231,588aca26ed1bfc095abf2de16bf97b57,11818,89.0,3,1786719228013,2026-08-14T21:53:48.013
16232,588aca26ed1bfc095abf2de16bf97b57,11819,89.0,3,1786719229012,2026-08-14T21:53:49.012
16233,588aca26ed1bfc095abf2de16bf97b57,11820,88.0,3,1786719230009,2026-08-14T21:53:50.009
16234,588aca26ed1bfc095abf2de16bf97b57,11821,88.0,3,1786719231011,2026-08-14T21:53:51.011
16235,588aca26ed1bfc095abf2de16bf97b57,11822,88.0,3,1786719232010,2026-08-14T21:53:52.010
16236,588aca26ed1bfc095abf2de16bf97b57,11823,89.0,3,1786719233010,2026-08-14T21:53:53.010
16237,588aca26ed1bfc095abf2de16bf97b57,11824,89.0,3,1786719234009,2026-08-14T21:53:54.009
16238,588aca26ed1bfc095abf2de16bf97b57,11825,88.0,3,1786719235008,2026-08-14T21:53:55.008
16239,588aca26ed1bfc095abf2de16bf97b57,11826,88.0,3,1786719236009,2026-08-14T21:53:56.009
16240,588aca26ed1bfc095abf2de16bf97b57,11827,90.0,3,1786719237008,2026-08-14T21:53:57.008
16241,588aca26ed1bfc095abf2de16bf97b57,11828,92.0,3,1786719238009,2026-08-14T21:53:58.009
16242,588aca26ed1bfc095abf2de16bf97b57,11829,92.0,3,1786719239007,2026-08-14T21:53:59.007
16243,588aca26ed1bfc095abf2de16bf97b57,11830,92.0,3,1786719240007,2026-08-14T21:54:00.007
16244,588aca26ed1bfc095abf2de16bf97b57,11831,91.0,3,1786719241008,2026-08-14T21:54:01.008
16245,588aca26ed1bfc095abf2de16bf97b57,11832,91.0,3,1786719242008,2026-08-14T21:54:02.008
16246,588aca26ed1bfc095abf2de16bf97b57,11833,90.0,3,1786719243008,2026-08-14T21:54:03.008
16247,588aca26ed1bfc095abf2de16bf97b57,11834,90.0,3,1786719244008,2026-08-14T21:54:04.008
16248,588aca26ed1bfc095abf2de16bf97b57,11835,90.0,3,1786719245008,2026-08-14T21:54:05.008
16249,588aca26ed1bfc095abf2de16bf97b57,11836,90.0,3,1786719246008,2026-08-14T21:54:06.008
16250,588aca26ed1bfc095abf2de16bf97b57,11837,91.0,3,1786719247008,2026-08-14T21:54:07.008
16251,588aca26ed1bfc095abf2de16bf97b57,11838,92.0,3,1786719248017,2026-08-14T21:54:08.017
16252,588aca26ed1bfc095abf2de16bf97b57,11839,93.0,3,1786719249008,2026-08-14T21:54:09.008
16253,588aca26ed1bfc095abf2de16bf97b57,11840,93.0,3,1786719250008,2026-08-14T21:54:10.008
16254,588aca26ed1bfc095abf2de16bf97b57,11841,93.0,3,1786719251007,2026-08-14T21:54:11.007
16255,588aca26ed1bfc095abf2de16bf97b57,11842,93.0,3,1786719252009,2026-08-14T21:54:12.009
16256,588aca26ed1bfc095abf2de16bf97b57,11843,93.0,3,1786719253007,2026-08-14T21:54:13.007
16257,588aca26ed1bfc095abf2de16bf97b57,11844,95.0,3,1786719254008,2026-08-14T21:54:14.008
16258,588aca26ed1bfc095abf2de16bf97b57,11845,94.0,3,1786719255008,2026-08-14T21:54:15.008
16259,588aca26ed1bfc095abf2de16bf97b57,11846,94.0,3,1786719256007,2026-08-14T21:54:16.007
16260,588aca26ed1bfc095abf2de16bf97b57,11847,94.0,3,1786719257008,2026-08-14T21:54:17.008
16261,588aca26ed1bfc095abf2de16bf97b57,11848,94.0,3,1786719258007,2026-08-14T21:54:18.007
16262,588aca26ed1bfc095abf2de16bf97b57,11849,95.0,3,1786719259008,2026-08-14T21:54:19.008
16263,588aca26ed1bfc095abf2de16bf97b57,11850,96.0,3,1786719260008,2026-08-14T21:54:20.008
16264,588aca26ed1bfc095abf2de16bf97b57,11851,96.0,3,1786719261008,2026-08-14T21:54:21.008
16265,588aca26ed1bfc095abf2de16bf97b57,11852,95.0,3,1786719262007,2026-08-14T21:54:22.007
16266,588aca26ed1bfc095abf2de16bf97b57,11853,94.0,3,1786719263008,2026-08-14T21:54:23.008
16267,588aca26ed1bfc095abf2de16bf97b57,11854,93.0,3,1786719264008,2026-08-14T21:54:24.008
16268,588aca26ed1bfc095abf2de16bf97b57,11855,92.0,3,1786719265008,2026-08-14T21:54:25.008
16269,588aca26ed1bfc095abf2de16bf97b57,11856,90.0,3,1786719266009,2026-08-14T21:54:26.009
16270,588aca26ed1bfc095abf2de16bf97b57,11857,90.0,3,1786719267008,2026-08-14T21:54:27.008
16271,588aca26ed1bfc095abf2de16bf97b57,11858,89.0,3,1786719268008,2026-08-14T21:54:28.008
16272,588aca26ed1bfc095abf2de16bf97b57,11859,90.0,3,1786719269008,2026-08-14T21:54:29.008
16273,588aca26ed1bfc095abf2de16bf97b57,11860,89.0,3,1786719270008,2026-08-14T21:54:30.008
16274,588aca26ed1bfc095abf2de16bf97b57,11861,89.0,3,1786719271008,2026-08-14T21:54:31.008
16275,588aca26ed1bfc095abf2de16bf97b57,11862,89.0,3,1786719272008,2026-08-14T21:54:32.008
16276,588aca26ed1bfc095abf2de16bf97b57,11863,88.0,3,1786719273008,2026-08-14T21:54:33.008
16277,588aca26ed1bfc095abf2de16bf97b57,11864,89.0,3,1786719274008,2026-08-14T21:54:34.008
16278,588aca26ed1bfc095abf2de16bf97b57,11865,92.0,3,1786719275008,2026-08-14T21:54:35.008
16279,588aca26ed1bfc095abf2de16bf97b57,11866,95.0,3,1786719276008,2026-08-14T21:54:36.008
16280,588aca26ed1bfc095abf2de16bf97b57,11867,98.0,3,1786719277008,2026-08-14T21:54:37.008
16281,588aca26ed1bfc095abf2de16bf97b57,11868,99.0,3,1786719278008,2026-08-14T21:54:38.008
16282,588aca26ed1bfc095abf2de16bf97b57,11869,97.0,3,1786719279007,2026-08-14T21:54:39.007
16283,588aca26ed1bfc095abf2de16bf97b57,11870,96.0,3,1786719280008,2026-08-14T21:54:40.008
16284,588aca26ed1bfc095abf2de16bf97b57,11871,97.0,3,1786719281008,2026-08-14T21:54:41.008
16285,588aca26ed1bfc095abf2de16bf97b57,11872,98.0,3,1786719282008,2026-08-14T21:54:42.008
16286,588aca26ed1bfc095abf2de16bf97b57,11873,99.0,3,1786719283008,2026-08-14T21:54:43.008
16287,588aca26ed1bfc095abf2de16bf97b57,11874,98.0,3,1786719284008,2026-08-14T21:54:44.008
16288,588aca26ed1bfc095abf2de16bf97b57,11875,98.0,3,1786719285008,2026-08-14T21:54:45.008
16289,588aca26ed1bfc095abf2de16bf97b57,11876,98.0,3,1786719286008,2026-08-14T21:54:46.008
16290,588aca26ed1bfc095abf2de16bf97b57,11877,98.0,3,1786719287008,2026-08-14T21:54:47.008
16291,588aca26ed1bfc095abf2de16bf97b57,11878,98.0,3,1786719288008,2026-08-14T21:54:48.008
16292,588aca26ed1bfc095abf2de16bf97b57,11879,96.0,3,1786719289007,2026-08-14T21:54:49.007
16293,588aca26ed1bfc095abf2de16bf97b57,11880,95.0,3,1786719290008,2026-08-14T21:54:50.008
16294,588aca26ed1bfc095abf2de16bf97b57,11881,93.0,3,1786719291007,2026-08-14T21:54:51.007
16295,588aca26ed1bfc095abf2de16bf97b57,11882,93.0,3,1786719292008,2026-08-14T21:54:52.008
16296,588aca26ed1bfc095abf2de16bf97b57,11883,92.0,3,1786719293008,2026-08-14T21:54:53.008
16297,588aca26ed1bfc095abf2de16bf97b57,11884,92.0,3,1786719294008,2026-08-14T21:54:54.008
16298,588aca26ed1bfc095abf2de16bf97b57,11885,93.0,3,1786719295008,2026-08-14T21:54:55.008
16299,588aca26ed1bfc095abf2de16bf97b57,11886,93.0,3,1786719296008,2026-08-14T21:54:56.008
16300,588aca26ed1bfc095abf2de16bf97b57,11887,94.0,3,1786719297008,2026-08-14T21:54:57.008
16301,588aca26ed1bfc095abf2de16bf97b57,11888,95.0,3,1786719298008,2026-08-14T21:54:58.008
16302,588aca26ed1bfc095abf2de16bf97b57,11889,95.0,3,1786719299008,2026-08-14T21:54:59.008
16303,588aca26ed1bfc095abf2de16bf97b57,11890,94.0,3,1786719300009,2026-08-14T21:55:00.009
16304,588aca26ed1bfc095abf2de16bf97b57,11891,94.0,3,1786719301008,2026-08-14T21:55:01.008
16305,588aca26ed1bfc095abf2de16bf97b57,11892,92.0,3,1786719302008,2026-08-14T21:55:02.008
16306,588aca26ed1bfc095abf2de16bf97b57,11893,91.0,3,1786719303007,2026-08-14T21:55:03.007
16307,588aca26ed1bfc095abf2de16bf97b57,11894,92.0,3,1786719304008,2026-08-14T21:55:04.008
16308,588aca26ed1bfc095abf2de16bf97b57,11895,92.0,3,1786719305007,2026-08-14T21:55:05.007
16309,588aca26ed1bfc095abf2de16bf97b57,11896,93.0,3,1786719306007,2026-08-14T21:55:06.007
16310,588aca26ed1bfc095abf2de16bf97b57,11897,93.0,3,1786719307010,2026-08-14T21:55:07.010
16311,588aca26ed1bfc095abf2de16bf97b57,11898,94.0,3,1786719308010,2026-08-14T21:55:08.010
16312,588aca26ed1bfc095abf2de16bf97b57,11899,94.0,3,1786719309008,2026-08-14T21:55:09.008
16313,588aca26ed1bfc095abf2de16bf97b57,11900,94.0,3,1786719310010,2026-08-14T21:55:10.010
16314,588aca26ed1bfc095abf2de16bf97b57,11901,95.0,3,1786719311007,2026-08-14T21:55:11.007
16315,588aca26ed1bfc095abf2de16bf97b57,11902,94.0,3,1786719312009,2026-08-14T21:55:12.009
16316,588aca26ed1bfc095abf2de16bf97b57,11903,94.0,3,1786719313007,2026-08-14T21:55:13.007
16317,588aca26ed1bfc095abf2de16bf97b57,11904,97.0,3,1786719314007,2026-08-14T21:55:14.007
16318,588aca26ed1bfc095abf2de16bf97b57,11905,98.0,3,1786719315007,2026-08-14T21:55:15.007
16319,588aca26ed1bfc095abf2de16bf97b57,11906,100.0,3,1786719316007,2026-08-14T21:55:16.007
16320,588aca26ed1bfc095abf2de16bf97b57,11907,101.0,3,1786719317008,2026-08-14T21:55:17.008
16321,588aca26ed1bfc095abf2de16bf97b57,11908,102.0,3,1786719318012,2026-08-14T21:55:18.012
16322,588aca26ed1bfc095abf2de16bf97b57,11909,102.0,3,1786719319008,2026-08-14T21:55:19.008
16323,588aca26ed1bfc095abf2de16bf97b57,11910,102.0,3,1786719320007,2026-08-14T21:55:20.007
16324,588aca26ed1bfc095abf2de16bf97b57,11911,101.0,3,1786719321007,2026-08-14T21:55:21.007
16325,588aca26ed1bfc095abf2de16bf97b57,11912,100.0,3,1786719322008,2026-08-14T21:55:22.008
16326,588aca26ed1bfc095abf2de16bf97b57,11913,100.0,3,1786719323008,2026-08-14T21:55:23.008
16327,588aca26ed1bfc095abf2de16bf97b57,11914,100.0,3,1786719324008,2026-08-14T21:55:24.008
16328,588aca26ed1bfc095abf2de16bf97b57,11915,100.0,3,1786719325008,2026-08-14T21:55:25.008
16329,588aca26ed1bfc095abf2de16bf97b57,11916,99.0,3,1786719326008,2026-08-14T21:55:26.008
16330,588aca26ed1bfc095abf2de16bf97b57,11917,98.0,3,1786719327008,2026-08-14T21:55:27.008
16331,588aca26ed1bfc095abf2de16bf97b57,11918,96.0,3,1786719328008,2026-08-14T21:55:28.008
16332,588aca26ed1bfc095abf2de16bf97b57,11919,95.0,3,1786719329008,2026-08-14T21:55:29.008
16333,588aca26ed1bfc095abf2de16bf97b57,11920,94.0,3,1786719330007,2026-08-14T21:55:30.007
16334,588aca26ed1bfc095abf2de16bf97b57,11921,92.0,3,1786719331008,2026-08-14T21:55:31.008
16335,588aca26ed1bfc095abf2de16bf97b57,11922,91.0,3,1786719332008,2026-08-14T21:55:32.008
16336,588aca26ed1bfc095abf2de16bf97b57,11923,89.0,3,1786719333008,2026-08-14T21:55:33.008
16337,588aca26ed1bfc095abf2de16bf97b57,11924,89.0,3,1786719334008,2026-08-14T21:55:34.008
16338,588aca26ed1bfc095abf2de16bf97b57,11925,91.0,3,1786719335008,2026-08-14T21:55:35.008
16339,588aca26ed1bfc095abf2de16bf97b57,11926,91.0,3,1786719336008,2026-08-14T21:55:36.008
16340,588aca26ed1bfc095abf2de16bf97b57,11927,91.0,3,1786719337008,2026-08-14T21:55:37.008
16341,588aca26ed1bfc095abf2de16bf97b57,11928,93.0,3,1786719338008,2026-08-14T21:55:38.008
16342,588aca26ed1bfc095abf2de16bf97b57,11929,95.0,3,1786719339007,2026-08-14T21:55:39.007
16343,588aca26ed1bfc095abf2de16bf97b57,11930,97.0,3,1786719340008,2026-08-14T21:55:40.008
16344,588aca26ed1bfc095abf2de16bf97b57,11931,99.0,3,1786719341007,2026-08-14T21:55:41.007
16345,588aca26ed1bfc095abf2de16bf97b57,11932,99.0,3,1786719342007,2026-08-14T21:55:42.007
16346,588aca26ed1bfc095abf2de16bf97b57,11933,99.0,3,1786719343008,2026-08-14T21:55:43.008
16347,588aca26ed1bfc095abf2de16bf97b57,11934,100.0,3,1786719344007,2026-08-14T21:55:44.007
16348,588aca26ed1bfc095abf2de16bf97b57,11935,101.0,3,1786719345007,2026-08-14T21:55:45.007
16349,588aca26ed1bfc095abf2de16bf97b57,11936,101.0,3,1786719346007,2026-08-14T21:55:46.007
16350,588aca26ed1bfc095abf2de16bf97b57,11937,102.0,3,1786719347007,2026-08-14T21:55:47.007
16351,588aca26ed1bfc095abf2de16bf97b57,11938,101.0,3,1786719348007,2026-08-14T21:55:48.007
16352,588aca26ed1bfc095abf2de16bf97b57,11939,101.0,3,1786719349008,2026-08-14T21:55:49.008
16353,588aca26ed1bfc095abf2de16bf97b57,11940,103.0,3,1786719350008,2026-08-14T21:55:50.008
16354,588aca26ed1bfc095abf2de16bf97b57,11941,105.0,3,1786719351009,2026-08-14T21:55:51.009
16355,588aca26ed1bfc095abf2de16bf97b57,11942,105.0,3,1786719352008,2026-08-14T21:55:52.008
16356,588aca26ed1bfc095abf2de16bf97b57,11943,104.0,3,1786719353008,2026-08-14T21:55:53.008
16357,588aca26ed1bfc095abf2de16bf97b57,11944,104.0,3,1786719354009,2026-08-14T21:55:54.009
16358,588aca26ed1bfc095abf2de16bf97b57,11945,105.0,3,1786719355019,2026-08-14T21:55:55.019
16359,588aca26ed1bfc095abf2de16bf97b57,11946,106.0,3,1786719356019,2026-08-14T21:55:56.019
16360,588aca26ed1bfc095abf2de16bf97b57,11947,107.0,3,1786719357016,2026-08-14T21:55:57.016
16361,588aca26ed1bfc095abf2de16bf97b57,11948,107.0,3,1786719358016,2026-08-14T21:55:58.016
16362,588aca26ed1bfc095abf2de16bf97b57,11949,106.0,3,1786719359009,2026-08-14T21:55:59.009
16363,588aca26ed1bfc095abf2de16bf97b57,11950,105.0,3,1786719360008,2026-08-14T21:56:00.008
16364,588aca26ed1bfc095abf2de16bf97b57,11951,104.0,3,1786719361007,2026-08-14T21:56:01.007
16365,588aca26ed1bfc095abf2de16bf97b57,11952,104.0,3,1786719362010,2026-08-14T21:56:02.010
16366,588aca26ed1bfc095abf2de16bf97b57,11953,103.0,3,1786719363009,2026-08-14T21:56:03.009
16367,588aca26ed1bfc095abf2de16bf97b57,11954,104.0,3,1786719364008,2026-08-14T21:56:04.008
16368,588aca26ed1bfc095abf2de16bf97b57,11955,102.0,3,1786719365013,2026-08-14T21:56:05.013
16369,588aca26ed1bfc095abf2de16bf97b57,11956,100.0,3,1786719366017,2026-08-14T21:56:06.017
16370,588aca26ed1bfc095abf2de16bf97b57,11957,99.0,3,1786719367014,2026-08-14T21:56:07.014
16371,588aca26ed1bfc095abf2de16bf97b57,11958,97.0,3,1786719368015,2026-08-14T21:56:08.015
16372,588aca26ed1bfc095abf2de16bf97b57,11959,96.0,3,1786719369013,2026-08-14T21:56:09.013
16373,588aca26ed1bfc095abf2de16bf97b57,11960,96.0,3,1786719370013,2026-08-14T21:56:10.013
16374,588aca26ed1bfc095abf2de16bf97b57,11961,95.0,3,1786719371016,2026-08-14T21:56:11.016
16375,588aca26ed1bfc095abf2de16bf97b57,11962,95.0,3,1786719372013,2026-08-14T21:56:12.013
16376,588aca26ed1bfc095abf2de16bf97b57,11963,95.0,3,1786719373012,2026-08-14T21:56:13.012
16377,588aca26ed1bfc095abf2de16bf97b57,11964,95.0,3,1786719374013,2026-08-14T21:56:14.013
16378,588aca26ed1bfc095abf2de16bf97b57,11965,95.0,3,1786719375013,2026-08-14T21:56:15.013
16379,588aca26ed1bfc095abf2de16bf97b57,11966,96.0,3,1786719376008,2026-08-14T21:56:16.008
16380,588aca26ed1bfc095abf2de16bf97b57,11967,98.0,3,1786719377012,2026-08-14T21:56:17.012
16381,588aca26ed1bfc095abf2de16bf97b57,11968,99.0,3,1786719378011,2026-08-14T21:56:18.011
16382,588aca26ed1bfc095abf2de16bf97b57,11969,100.0,3,1786719379010,2026-08-14T21:56:19.010
16383,588aca26ed1bfc095abf2de16bf97b57,11970,101.0,3,1786719380011,2026-08-14T21:56:20.011
16384,588aca26ed1bfc095abf2de16bf97b57,11971,101.0,3,1786719381010,2026-08-14T21:56:21.010
16385,588aca26ed1bfc095abf2de16bf97b57,11972,102.0,3,1786719382008,2026-08-14T21:56:22.008
16386,588aca26ed1bfc095abf2de16bf97b57,11973,103.0,3,1786719383008,2026-08-14T21:56:23.008
16387,588aca26ed1bfc095abf2de16bf97b57,11974,104.0,3,1786719384007,2026-08-14T21:56:24.007
16388,588aca26ed1bfc095abf2de16bf97b57,11975,103.0,3,1786719385008,2026-08-14T21:56:25.008
16389,588aca26ed1bfc095abf2de16bf97b57,11976,103.0,3,1786719386008,2026-08-14T21:56:26.008
16390,588aca26ed1bfc095abf2de16bf97b57,11977,101.0,3,1786719387008,2026-08-14T21:56:27.008
16391,588aca26ed1bfc095abf2de16bf97b57,11978,101.0,3,1786719388008,2026-08-14T21:56:28.008
16392,588aca26ed1bfc095abf2de16bf97b57,11979,100.0,3,1786719389008,2026-08-14T21:56:29.008
16393,588aca26ed1bfc095abf2de16bf97b57,11980,100.0,3,1786719390008,2026-08-14T21:56:30.008
16394,588aca26ed1bfc095abf2de16bf97b57,11981,100.0,3,1786719391008,2026-08-14T21:56:31.008
16395,588aca26ed1bfc095abf2de16bf97b57,11982,100.0,3,1786719392008,2026-08-14T21:56:32.008
16396,588aca26ed1bfc095abf2de16bf97b57,11983,99.0,3,1786719393015,2026-08-14T21:56:33.015
16397,588aca26ed1bfc095abf2de16bf97b57,11984,98.0,3,1786719394008,2026-08-14T21:56:34.008
16398,588aca26ed1bfc095abf2de16bf97b57,11985,97.0,3,1786719395008,2026-08-14T21:56:35.008
16399,588aca26ed1bfc095abf2de16bf97b57,11986,95.0,3,1786719396008,2026-08-14T21:56:36.008
16400,588aca26ed1bfc095abf2de16bf97b57,11987,94.0,3,1786719397008,2026-08-14T21:56:37.008
16401,588aca26ed1bfc095abf2de16bf97b57,11988,92.0,3,1786719398007,2026-08-14T21:56:38.007
16402,588aca26ed1bfc095abf2de16bf97b57,11989,90.0,3,1786719399008,2026-08-14T21:56:39.008
16403,588aca26ed1bfc095abf2de16bf97b57,11990,88.0,3,1786719400011,2026-08-14T21:56:40.011
16404,588aca26ed1bfc095abf2de16bf97b57,11991,87.0,3,1786719401007,2026-08-14T21:56:41.007
16405,588aca26ed1bfc095abf2de16bf97b57,11992,86.0,3,1786719402010,2026-08-14T21:56:42.010
16406,588aca26ed1bfc095abf2de16bf97b57,11993,85.0,3,1786719403008,2026-08-14T21:56:43.008
16407,588aca26ed1bfc095abf2de16bf97b57,11994,85.0,3,1786719404009,2026-08-14T21:56:44.009
16408,588aca26ed1bfc095abf2de16bf97b57,11995,85.0,3,1786719405008,2026-08-14T21:56:45.008
16409,588aca26ed1bfc095abf2de16bf97b57,11996,85.0,3,1786719406009,2026-08-14T21:56:46.009
16410,588aca26ed1bfc095abf2de16bf97b57,11997,85.0,3,1786719407010,2026-08-14T21:56:47.010
16411,588aca26ed1bfc095abf2de16bf97b57,11998,85.0,3,1786719408009,2026-08-14T21:56:48.009
16412,588aca26ed1bfc095abf2de16bf97b57,11999,86.0,3,1786719409008,2026-08-14T21:56:49.008
16413,588aca26ed1bfc095abf2de16bf97b57,12000,87.0,3,1786719410008,2026-08-14T21:56:50.008
16414,588aca26ed1bfc095abf2de16bf97b57,12001,88.0,3,1786719411008,2026-08-14T21:56:51.008
16415,588aca26ed1bfc095abf2de16bf97b57,12002,88.0,3,1786719412009,2026-08-14T21:56:52.009
16416,588aca26ed1bfc095abf2de16bf97b57,12003,89.0,3,1786719413008,2026-08-14T21:56:53.008
16417,588aca26ed1bfc095abf2de16bf97b57,12004,89.0,3,1786719414008,2026-08-14T21:56:54.008
16418,588aca26ed1bfc095abf2de16bf97b57,12005,90.0,3,1786719415009,2026-08-14T21:56:55.009
16419,588aca26ed1bfc095abf2de16bf97b57,12006,91.0,3,1786719416008,2026-08-14T21:56:56.008
16420,588aca26ed1bfc095abf2de16bf97b57,12007,92.0,3,1786719417008,2026-08-14T21:56:57.008
16421,588aca26ed1bfc095abf2de16bf97b57,12008,93.0,3,1786719418009,2026-08-14T21:56:58.009
16422,588aca26ed1bfc095abf2de16bf97b57,12009,94.0,3,1786719419009,2026-08-14T21:56:59.009
16423,588aca26ed1bfc095abf2de16bf97b57,12010,94.0,3,1786719420008,2026-08-14T21:57:00.008
16424,588aca26ed1bfc095abf2de16bf97b57,12011,93.0,3,1786719421009,2026-08-14T21:57:01.009
16425,588aca26ed1bfc095abf2de16bf97b57,12012,93.0,3,1786719422008,2026-08-14T21:57:02.008
16426,588aca26ed1bfc095abf2de16bf97b57,12013,92.0,3,1786719423008,2026-08-14T21:57:03.008
16427,588aca26ed1bfc095abf2de16bf97b57,12014,92.0,3,1786719424007,2026-08-14T21:57:04.007
16428,588aca26ed1bfc095abf2de16bf97b57,12015,91.0,3,1786719425008,2026-08-14T21:57:05.008
16429,588aca26ed1bfc095abf2de16bf97b57,12016,90.0,3,1786719426008,2026-08-14T21:57:06.008
16430,588aca26ed1bfc095abf2de16bf97b57,12017,89.0,3,1786719427007,2026-08-14T21:57:07.007
16431,588aca26ed1bfc095abf2de16bf97b57,12018,88.0,3,1786719428009,2026-08-14T21:57:08.009
16432,588aca26ed1bfc095abf2de16bf97b57,12019,87.0,3,1786719429009,2026-08-14T21:57:09.009
16433,588aca26ed1bfc095abf2de16bf97b57,12020,86.0,3,1786719430015,2026-08-14T21:57:10.015
16434,588aca26ed1bfc095abf2de16bf97b57,12021,86.0,3,1786719431018,2026-08-14T21:57:11.018
16435,588aca26ed1bfc095abf2de16bf97b57,12022,85.0,3,1786719432017,2026-08-14T21:57:12.017
16436,588aca26ed1bfc095abf2de16bf97b57,12023,84.0,3,1786719433016,2026-08-14T21:57:13.016
16437,588aca26ed1bfc095abf2de16bf97b57,12024,85.0,3,1786719434011,2026-08-14T21:57:14.011
16438,588aca26ed1bfc095abf2de16bf97b57,12025,85.0,3,1786719435010,2026-08-14T21:57:15.010
16439,588aca26ed1bfc095abf2de16bf97b57,12026,85.0,3,1786719436013,2026-08-14T21:57:16.013
16440,588aca26ed1bfc095abf2de16bf97b57,12027,85.0,3,1786719437012,2026-08-14T21:57:17.012
16441,588aca26ed1bfc095abf2de16bf97b57,12028,85.0,3,1786719438010,2026-08-14T21:57:18.010
16442,588aca26ed1bfc095abf2de16bf97b57,12029,85.0,3,1786719439013,2026-08-14T21:57:19.013
16443,588aca26ed1bfc095abf2de16bf97b57,12030,85.0,3,1786719440010,2026-08-14T21:57:20.010
16444,588aca26ed1bfc095abf2de16bf97b57,12031,86.0,3,1786719441009,2026-08-14T21:57:21.009
16445,588aca26ed1bfc095abf2de16bf97b57,12032,87.0,3,1786719442009,2026-08-14T21:57:22.009
16446,588aca26ed1bfc095abf2de16bf97b57,12033,86.0,3,1786719443012,2026-08-14T21:57:23.012
16447,588aca26ed1bfc095abf2de16bf97b57,12034,86.0,3,1786719444011,2026-08-14T21:57:24.011
16448,588aca26ed1bfc095abf2de16bf97b57,12035,87.0,3,1786719445010,2026-08-14T21:57:25.010
16449,588aca26ed1bfc095abf2de16bf97b57,12036,88.0,3,1786719446009,2026-08-14T21:57:26.009
16450,588aca26ed1bfc095abf2de16bf97b57,12037,89.0,3,1786719447009,2026-08-14T21:57:27.009
16451,588aca26ed1bfc095abf2de16bf97b57,12038,90.0,3,1786719448009,2026-08-14T21:57:28.009
16452,588aca26ed1bfc095abf2de16bf97b57,12039,91.0,3,1786719449008,2026-08-14T21:57:29.008
16453,588aca26ed1bfc095abf2de16bf97b57,12040,95.0,3,1786719450007,2026-08-14T21:57:30.007
16454,588aca26ed1bfc095abf2de16bf97b57,12041,97.0,3,1786719451007,2026-08-14T21:57:31.007
16455,588aca26ed1bfc095abf2de16bf97b57,12042,99.0,3,1786719452007,2026-08-14T21:57:32.007
16456,588aca26ed1bfc095abf2de16bf97b57,12043,100.0,3,1786719453007,2026-08-14T21:57:33.007
16457,588aca26ed1bfc095abf2de16bf97b57,12044,99.0,3,1786719454008,2026-08-14T21:57:34.008
16458,588aca26ed1bfc095abf2de16bf97b57,12045,97.0,3,1786719455008,2026-08-14T21:57:35.008
16459,588aca26ed1bfc095abf2de16bf97b57,12046,96.0,3,1786719456007,2026-08-14T21:57:36.007
16460,588aca26ed1bfc095abf2de16bf97b57,12047,94.0,3,1786719457007,2026-08-14T21:57:37.007
16461,588aca26ed1bfc095abf2de16bf97b57,12048,93.0,3,1786719458007,2026-08-14T21:57:38.007
16462,588aca26ed1bfc095abf2de16bf97b57,12049,91.0,3,1786719459008,2026-08-14T21:57:39.008
16463,588aca26ed1bfc095abf2de16bf97b57,12050,90.0,3,1786719460007,2026-08-14T21:57:40.007
16464,588aca26ed1bfc095abf2de16bf97b57,12051,89.0,3,1786719461007,2026-08-14T21:57:41.007
16465,588aca26ed1bfc095abf2de16bf97b57,12052,89.0,3,1786719462007,2026-08-14T21:57:42.007
16466,588aca26ed1bfc095abf2de16bf97b57,12053,89.0,3,1786719463007,2026-08-14T21:57:43.007
16467,588aca26ed1bfc095abf2de16bf97b57,12054,90.0,3,1786719464007,2026-08-14T21:57:44.007
16468,588aca26ed1bfc095abf2de16bf97b57,12055,90.0,3,1786719465007,2026-08-14T21:57:45.007
16469,588aca26ed1bfc095abf2de16bf97b57,12056,89.0,3,1786719466007,2026-08-14T21:57:46.007
16470,588aca26ed1bfc095abf2de16bf97b57,12057,88.0,3,1786719467008,2026-08-14T21:57:47.008
16471,588aca26ed1bfc095abf2de16bf97b57,12058,87.0,3,1786719468007,2026-08-14T21:57:48.007
16472,588aca26ed1bfc095abf2de16bf97b57,12059,86.0,3,1786719469007,2026-08-14T21:57:49.007
16473,588aca26ed1bfc095abf2de16bf97b57,12060,86.0,3,1786719470007,2026-08-14T21:57:50.007
16474,588aca26ed1bfc095abf2de16bf97b57,12061,85.0,3,1786719471011,2026-08-14T21:57:51.011
16475,588aca26ed1bfc095abf2de16bf97b57,12062,85.0,3,1786719472008,2026-08-14T21:57:52.008
16476,588aca26ed1bfc095abf2de16bf97b57,12063,85.0,3,1786719473011,2026-08-14T21:57:53.011
16477,588aca26ed1bfc095abf2de16bf97b57,12064,86.0,3,1786719474007,2026-08-14T21:57:54.007
16478,588aca26ed1bfc095abf2de16bf97b57,12065,87.0,3,1786719475008,2026-08-14T21:57:55.008
16479,588aca26ed1bfc095abf2de16bf97b57,12066,87.0,3,1786719476008,2026-08-14T21:57:56.008
16480,588aca26ed1bfc095abf2de16bf97b57,12067,88.0,3,1786719477007,2026-08-14T21:57:57.007
16481,588aca26ed1bfc095abf2de16bf97b57,12068,88.0,3,1786719478007,2026-08-14T21:57:58.007
16482,588aca26ed1bfc095abf2de16bf97b57,12069,88.0,3,1786719479010,2026-08-14T21:57:59.010
16483,588aca26ed1bfc095abf2de16bf97b57,12070,88.0,3,1786719480008,2026-08-14T21:58:00.008
16484,588aca26ed1bfc095abf2de16bf97b57,12071,89.0,3,1786719481007,2026-08-14T21:58:01.007
16485,588aca26ed1bfc095abf2de16bf97b57,12072,91.0,3,1786719482012,2026-08-14T21:58:02.012
16486,588aca26ed1bfc095abf2de16bf97b57,12073,91.0,3,1786719483008,2026-08-14T21:58:03.008
16487,588aca26ed1bfc095abf2de16bf97b57,12074,91.0,3,1786719484007,2026-08-14T21:58:04.007
16488,588aca26ed1bfc095abf2de16bf97b57,12075,92.0,3,1786719485007,2026-08-14T21:58:05.007
16489,588aca26ed1bfc095abf2de16bf97b57,12076,92.0,3,1786719486008,2026-08-14T21:58:06.008
16490,588aca26ed1bfc095abf2de16bf97b57,12077,92.0,3,1786719487009,2026-08-14T21:58:07.009
16491,588aca26ed1bfc095abf2de16bf97b57,12078,91.0,3,1786719488007,2026-08-14T21:58:08.007
16492,588aca26ed1bfc095abf2de16bf97b57,12079,90.0,3,1786719489007,2026-08-14T21:58:09.007
16493,588aca26ed1bfc095abf2de16bf97b57,12080,90.0,3,1786719490009,2026-08-14T21:58:10.009
16494,588aca26ed1bfc095abf2de16bf97b57,12081,91.0,3,1786719491008,2026-08-14T21:58:11.008
16495,588aca26ed1bfc095abf2de16bf97b57,12082,91.0,3,1786719492009,2026-08-14T21:58:12.009
16496,588aca26ed1bfc095abf2de16bf97b57,12083,92.0,3,1786719493008,2026-08-14T21:58:13.008
16497,588aca26ed1bfc095abf2de16bf97b57,12084,93.0,3,1786719494008,2026-08-14T21:58:14.008
16498,588aca26ed1bfc095abf2de16bf97b57,12085,94.0,3,1786719495008,2026-08-14T21:58:15.008
16499,588aca26ed1bfc095abf2de16bf97b57,12086,93.0,3,1786719496009,2026-08-14T21:58:16.009
16500,588aca26ed1bfc095abf2de16bf97b57,12087,92.0,3,1786719497009,2026-08-14T21:58:17.009
16501,588aca26ed1bfc095abf2de16bf97b57,12088,93.0,3,1786719498010,2026-08-14T21:58:18.010
16502,588aca26ed1bfc095abf2de16bf97b57,12089,94.0,3,1786719499168,2026-08-14T21:58:19.168
16503,588aca26ed1bfc095abf2de16bf97b57,12090,95.0,3,1786719500010,2026-08-14T21:58:20.010
16504,588aca26ed1bfc095abf2de16bf97b57,12091,94.0,3,1786719501007,2026-08-14T21:58:21.007
16505,588aca26ed1bfc095abf2de16bf97b57,12092,93.0,3,1786719502008,2026-08-14T21:58:22.008
16506,588aca26ed1bfc095abf2de16bf97b57,12093,93.0,3,1786719503008,2026-08-14T21:58:23.008
16507,588aca26ed1bfc095abf2de16bf97b57,12094,92.0,3,1786719504007,2026-08-14T21:58:24.007
16508,588aca26ed1bfc095abf2de16bf97b57,12095,92.0,3,1786719505008,2026-08-14T21:58:25.008
16509,588aca26ed1bfc095abf2de16bf97b57,12096,92.0,3,1786719506007,2026-08-14T21:58:26.007
16510,588aca26ed1bfc095abf2de16bf97b57,12097,92.0,3,1786719507008,2026-08-14T21:58:27.008
16511,588aca26ed1bfc095abf2de16bf97b57,12098,92.0,3,1786719508008,2026-08-14T21:58:28.008
16512,588aca26ed1bfc095abf2de16bf97b57,12099,91.0,3,1786719509010,2026-08-14T21:58:29.010
16513,588aca26ed1bfc095abf2de16bf97b57,12100,91.0,3,1786719510007,2026-08-14T21:58:30.007
16514,588aca26ed1bfc095abf2de16bf97b57,12101,91.0,3,1786719511008,2026-08-14T21:58:31.008
16515,588aca26ed1bfc095abf2de16bf97b57,12102,90.0,3,1786719512007,2026-08-14T21:58:32.007
16516,588aca26ed1bfc095abf2de16bf97b57,12103,90.0,3,1786719513008,2026-08-14T21:58:33.008
16517,588aca26ed1bfc095abf2de16bf97b57,12104,90.0,3,1786719514017,2026-08-14T21:58:34.017
16518,588aca26ed1bfc095abf2de16bf97b57,12105,90.0,3,1786719515025,2026-08-14T21:58:35.025
16519,588aca26ed1bfc095abf2de16bf97b57,12106,90.0,3,1786719516008,2026-08-14T21:58:36.008
16520,588aca26ed1bfc095abf2de16bf97b57,12107,90.0,3,1786719517017,2026-08-14T21:58:37.017
16521,588aca26ed1bfc095abf2de16bf97b57,12108,90.0,3,1786719518007,2026-08-14T21:58:38.007
16522,588aca26ed1bfc095abf2de16bf97b57,12109,90.0,3,1786719519009,2026-08-14T21:58:39.009
16523,588aca26ed1bfc095abf2de16bf97b57,12110,90.0,3,1786719520008,2026-08-14T21:58:40.008
16524,588aca26ed1bfc095abf2de16bf97b57,12111,92.0,3,1786719521009,2026-08-14T21:58:41.009
16525,588aca26ed1bfc095abf2de16bf97b57,12112,91.0,3,1786719522007,2026-08-14T21:58:42.007
16526,588aca26ed1bfc095abf2de16bf97b57,12113,94.0,3,1786719523009,2026-08-14T21:58:43.009
16527,588aca26ed1bfc095abf2de16bf97b57,12114,94.0,3,1786719524008,2026-08-14T21:58:44.008
16528,588aca26ed1bfc095abf2de16bf97b57,12115,98.0,3,1786719525008,2026-08-14T21:58:45.008
16529,588aca26ed1bfc095abf2de16bf97b57,12116,99.0,3,1786719526028,2026-08-14T21:58:46.028
16530,588aca26ed1bfc095abf2de16bf97b57,12117,100.0,3,1786719527009,2026-08-14T21:58:47.009
16531,588aca26ed1bfc095abf2de16bf97b57,12118,99.0,3,1786719528009,2026-08-14T21:58:48.009
16532,588aca26ed1bfc095abf2de16bf97b57,12119,98.0,3,1786719529009,2026-08-14T21:58:49.009
16533,588aca26ed1bfc095abf2de16bf97b57,12120,97.0,3,1786719530009,2026-08-14T21:58:50.009
16534,588aca26ed1bfc095abf2de16bf97b57,12121,97.0,3,1786719531008,2026-08-14T21:58:51.008
16535,588aca26ed1bfc095abf2de16bf97b57,12122,97.0,3,1786719532012,2026-08-14T21:58:52.012
16536,588aca26ed1bfc095abf2de16bf97b57,12123,96.0,3,1786719533010,2026-08-14T21:58:53.010
16537,588aca26ed1bfc095abf2de16bf97b57,12124,97.0,3,1786719534010,2026-08-14T21:58:54.010
16538,588aca26ed1bfc095abf2de16bf97b57,12125,98.0,3,1786719535009,2026-08-14T21:58:55.009
16539,588aca26ed1bfc095abf2de16bf97b57,12126,98.0,3,1786719536010,2026-08-14T21:58:56.010
16540,588aca26ed1bfc095abf2de16bf97b57,12127,98.0,3,1786719537009,2026-08-14T21:58:57.009
16541,588aca26ed1bfc095abf2de16bf97b57,12128,97.0,3,1786719538009,2026-08-14T21:58:58.009
16542,588aca26ed1bfc095abf2de16bf97b57,12129,97.0,3,1786719539008,2026-08-14T21:58:59.008
16543,588aca26ed1bfc095abf2de16bf97b57,12130,98.0,3,1786719540007,2026-08-14T21:59:00.007
16544,588aca26ed1bfc095abf2de16bf97b57,12131,98.0,3,1786719541008,2026-08-14T21:59:01.008
16545,588aca26ed1bfc095abf2de16bf97b57,12132,98.0,3,1786719542010,2026-08-14T21:59:02.010
16546,588aca26ed1bfc095abf2de16bf97b57,12133,98.0,3,1786719543010,2026-08-14T21:59:03.010
16547,588aca26ed1bfc095abf2de16bf97b57,12134,97.0,3,1786719544008,2026-08-14T21:59:04.008
16548,588aca26ed1bfc095abf2de16bf97b57,12135,97.0,3,1786719545007,2026-08-14T21:59:05.007
16549,588aca26ed1bfc095abf2de16bf97b57,12136,96.0,3,1786719546008,2026-08-14T21:59:06.008
16550,588aca26ed1bfc095abf2de16bf97b57,12137,96.0,3,1786719547007,2026-08-14T21:59:07.007
16551,588aca26ed1bfc095abf2de16bf97b57,12138,96.0,3,1786719548007,2026-08-14T21:59:08.007
16552,588aca26ed1bfc095abf2de16bf97b57,12139,97.0,3,1786719549008,2026-08-14T21:59:09.008
16553,588aca26ed1bfc095abf2de16bf97b57,12140,96.0,3,1786719550008,2026-08-14T21:59:10.008
16554,588aca26ed1bfc095abf2de16bf97b57,12141,95.0,3,1786719551007,2026-08-14T21:59:11.007
16555,588aca26ed1bfc095abf2de16bf97b57,12142,94.0,3,1786719552010,2026-08-14T21:59:12.010
16556,588aca26ed1bfc095abf2de16bf97b57,12143,94.0,3,1786719553010,2026-08-14T21:59:13.010
16557,588aca26ed1bfc095abf2de16bf97b57,12144,93.0,3,1786719554010,2026-08-14T21:59:14.010
16558,588aca26ed1bfc095abf2de16bf97b57,12145,92.0,3,1786719555010,2026-08-14T21:59:15.010
16559,588aca26ed1bfc095abf2de16bf97b57,12146,92.0,3,1786719556010,2026-08-14T21:59:16.010
16560,588aca26ed1bfc095abf2de16bf97b57,12147,91.0,3,1786719557010,2026-08-14T21:59:17.010
16561,588aca26ed1bfc095abf2de16bf97b57,12148,90.0,3,1786719558009,2026-08-14T21:59:18.009
16562,588aca26ed1bfc095abf2de16bf97b57,12149,89.0,3,1786719559010,2026-08-14T21:59:19.010
16563,588aca26ed1bfc095abf2de16bf97b57,12150,90.0,3,1786719560010,2026-08-14T21:59:20.010
16564,588aca26ed1bfc095abf2de16bf97b57,12151,91.0,3,1786719561009,2026-08-14T21:59:21.009
16565,588aca26ed1bfc095abf2de16bf97b57,12152,91.0,3,1786719562010,2026-08-14T21:59:22.010
16566,588aca26ed1bfc095abf2de16bf97b57,12153,91.0,3,1786719563010,2026-08-14T21:59:23.010
16567,588aca26ed1bfc095abf2de16bf97b57,12154,90.0,3,1786719564010,2026-08-14T21:59:24.010
16568,588aca26ed1bfc095abf2de16bf97b57,12155,91.0,3,1786719565010,2026-08-14T21:59:25.010
16569,588aca26ed1bfc095abf2de16bf97b57,12156,91.0,3,1786719566007,2026-08-14T21:59:26.007
16570,588aca26ed1bfc095abf2de16bf97b57,12157,89.0,3,1786719567009,2026-08-14T21:59:27.009
16571,588aca26ed1bfc095abf2de16bf97b57,12158,88.0,3,1786719568010,2026-08-14T21:59:28.010
16572,588aca26ed1bfc095abf2de16bf97b57,12159,87.0,3,1786719569009,2026-08-14T21:59:29.009
16573,588aca26ed1bfc095abf2de16bf97b57,12160,87.0,3,1786719570010,2026-08-14T21:59:30.010
16574,588aca26ed1bfc095abf2de16bf97b57,12161,87.0,3,1786719571010,2026-08-14T21:59:31.010
16575,588aca26ed1bfc095abf2de16bf97b57,12162,87.0,3,1786719572010,2026-08-14T21:59:32.010
16576,588aca26ed1bfc095abf2de16bf97b57,12163,87.0,3,1786719573009,2026-08-14T21:59:33.009
16577,588aca26ed1bfc095abf2de16bf97b57,12164,88.0,3,1786719574010,2026-08-14T21:59:34.010
16578,588aca26ed1bfc095abf2de16bf97b57,12165,87.0,3,1786719575013,2026-08-14T21:59:35.013
16579,588aca26ed1bfc095abf2de16bf97b57,12166,88.0,3,1786719576007,2026-08-14T21:59:36.007
16580,588aca26ed1bfc095abf2de16bf97b57,12167,88.0,3,1786719577008,2026-08-14T21:59:37.008
16581,588aca26ed1bfc095abf2de16bf97b57,12168,87.0,3,1786719578008,2026-08-14T21:59:38.008
16582,588aca26ed1bfc095abf2de16bf97b57,12169,88.0,3,1786719579008,2026-08-14T21:59:39.008
16583,588aca26ed1bfc095abf2de16bf97b57,12170,89.0,3,1786719580007,2026-08-14T21:59:40.007
16584,588aca26ed1bfc095abf2de16bf97b57,12171,89.0,3,1786719581008,2026-08-14T21:59:41.008
16585,588aca26ed1bfc095abf2de16bf97b57,12172,89.0,3,1786719582008,2026-08-14T21:59:42.008
16586,588aca26ed1bfc095abf2de16bf97b57,12173,89.0,3,1786719583008,2026-08-14T21:59:43.008
16587,588aca26ed1bfc095abf2de16bf97b57,12174,89.0,3,1786719584011,2026-08-14T21:59:44.011
16588,588aca26ed1bfc095abf2de16bf97b57,12175,90.0,3,1786719585008,2026-08-14T21:59:45.008
16589,588aca26ed1bfc095abf2de16bf97b57,12176,89.0,3,1786719586007,2026-08-14T21:59:46.007
16590,588aca26ed1bfc095abf2de16bf97b57,12177,90.0,3,1786719587008,2026-08-14T21:59:47.008
16591,588aca26ed1bfc095abf2de16bf97b57,12178,91.0,3,1786719588008,2026-08-14T21:59:48.008
16592,588aca26ed1bfc095abf2de16bf97b57,12179,92.0,3,1786719589007,2026-08-14T21:59:49.007
16593,588aca26ed1bfc095abf2de16bf97b57,12180,92.0,3,1786719590007,2026-08-14T21:59:50.007
16594,588aca26ed1bfc095abf2de16bf97b57,12181,92.0,3,1786719591007,2026-08-14T21:59:51.007
16595,588aca26ed1bfc095abf2de16bf97b57,12182,91.0,3,1786719592010,2026-08-14T21:59:52.010
16596,588aca26ed1bfc095abf2de16bf97b57,12183,90.0,3,1786719593010,2026-08-14T21:59:53.010
16597,588aca26ed1bfc095abf2de16bf97b57,12184,89.0,3,1786719594010,2026-08-14T21:59:54.010
16598,588aca26ed1bfc095abf2de16bf97b57,12185,89.0,3,1786719595008,2026-08-14T21:59:55.008
16599,588aca26ed1bfc095abf2de16bf97b57,12186,88.0,3,1786719596008,2026-08-14T21:59:56.008
16600,588aca26ed1bfc095abf2de16bf97b57,12187,87.0,3,1786719597007,2026-08-14T21:59:57.007
16601,588aca26ed1bfc095abf2de16bf97b57,12188,86.0,3,1786719598007,2026-08-14T21:59:58.007
16602,588aca26ed1bfc095abf2de16bf97b57,12189,85.0,3,1786719599008,2026-08-14T21:59:59.008
16603,588aca26ed1bfc095abf2de16bf97b57,12190,84.0,3,1786719600007,2026-08-14T22:00:00.007
16604,588aca26ed1bfc095abf2de16bf97b57,12191,85.0,3,1786719601009,2026-08-14T22:00:01.009
16605,588aca26ed1bfc095abf2de16bf97b57,12192,85.0,3,1786719602007,2026-08-14T22:00:02.007
16606,588aca26ed1bfc095abf2de16bf97b57,12193,86.0,3,1786719603009,2026-08-14T22:00:03.009
16607,588aca26ed1bfc095abf2de16bf97b57,12194,86.0,3,1786719604009,2026-08-14T22:00:04.009
16608,588aca26ed1bfc095abf2de16bf97b57,12195,86.0,3,1786719605009,2026-08-14T22:00:05.009
16609,588aca26ed1bfc095abf2de16bf97b57,12196,87.0,3,1786719606010,2026-08-14T22:00:06.010
16610,588aca26ed1bfc095abf2de16bf97b57,12197,86.0,3,1786719607010,2026-08-14T22:00:07.010
16611,588aca26ed1bfc095abf2de16bf97b57,12198,86.0,3,1786719608010,2026-08-14T22:00:08.010
16612,588aca26ed1bfc095abf2de16bf97b57,12199,88.0,3,1786719609010,2026-08-14T22:00:09.010
16613,588aca26ed1bfc095abf2de16bf97b57,12200,89.0,3,1786719610010,2026-08-14T22:00:10.010
16614,588aca26ed1bfc095abf2de16bf97b57,12201,89.0,3,1786719611010,2026-08-14T22:00:11.010
16615,588aca26ed1bfc095abf2de16bf97b57,12202,89.0,3,1786719612010,2026-08-14T22:00:12.010
16616,588aca26ed1bfc095abf2de16bf97b57,12203,89.0,3,1786719613010,2026-08-14T22:00:13.010
16617,588aca26ed1bfc095abf2de16bf97b57,12204,89.0,3,1786719614010,2026-08-14T22:00:14.010
16618,588aca26ed1bfc095abf2de16bf97b57,12205,88.0,3,1786719615010,2026-08-14T22:00:15.010
16619,588aca26ed1bfc095abf2de16bf97b57,12206,88.0,3,1786719616008,2026-08-14T22:00:16.008
16620,588aca26ed1bfc095abf2de16bf97b57,12207,88.0,3,1786719617007,2026-08-14T22:00:17.007
16621,588aca26ed1bfc095abf2de16bf97b57,12208,89.0,3,1786719618007,2026-08-14T22:00:18.007
16622,588aca26ed1bfc095abf2de16bf97b57,12209,90.0,3,1786719619008,2026-08-14T22:00:19.008
16623,588aca26ed1bfc095abf2de16bf97b57,12210,91.0,3,1786719620010,2026-08-14T22:00:20.010
16624,588aca26ed1bfc095abf2de16bf97b57,12211,91.0,3,1786719621010,2026-08-14T22:00:21.010
16625,588aca26ed1bfc095abf2de16bf97b57,12212,91.0,3,1786719622010,2026-08-14T22:00:22.010
16626,588aca26ed1bfc095abf2de16bf97b57,12213,90.0,3,1786719623010,2026-08-14T22:00:23.010
16627,588aca26ed1bfc095abf2de16bf97b57,12214,89.0,3,1786719624010,2026-08-14T22:00:24.010
16628,588aca26ed1bfc095abf2de16bf97b57,12215,89.0,3,1786719625007,2026-08-14T22:00:25.007
16629,588aca26ed1bfc095abf2de16bf97b57,12216,89.0,3,1786719626007,2026-08-14T22:00:26.007
16630,588aca26ed1bfc095abf2de16bf97b57,12217,89.0,3,1786719627008,2026-08-14T22:00:27.008
16631,588aca26ed1bfc095abf2de16bf97b57,12218,89.0,3,1786719628014,2026-08-14T22:00:28.014
16632,588aca26ed1bfc095abf2de16bf97b57,12219,90.0,3,1786719629008,2026-08-14T22:00:29.008
16633,588aca26ed1bfc095abf2de16bf97b57,12220,90.0,3,1786719630008,2026-08-14T22:00:30.008
16634,588aca26ed1bfc095abf2de16bf97b57,12221,90.0,3,1786719631008,2026-08-14T22:00:31.008
16635,588aca26ed1bfc095abf2de16bf97b57,12222,91.0,3,1786719632007,2026-08-14T22:00:32.007
16636,588aca26ed1bfc095abf2de16bf97b57,12223,90.0,3,1786719633008,2026-08-14T22:00:33.008
16637,588aca26ed1bfc095abf2de16bf97b57,12224,89.0,3,1786719634008,2026-08-14T22:00:34.008
16638,588aca26ed1bfc095abf2de16bf97b57,12225,89.0,3,1786719635008,2026-08-14T22:00:35.008
16639,588aca26ed1bfc095abf2de16bf97b57,12226,89.0,3,1786719636007,2026-08-14T22:00:36.007
16640,588aca26ed1bfc095abf2de16bf97b57,12227,89.0,3,1786719637009,2026-08-14T22:00:37.009
16641,588aca26ed1bfc095abf2de16bf97b57,12228,89.0,3,1786719638008,2026-08-14T22:00:38.008
16642,588aca26ed1bfc095abf2de16bf97b57,12229,90.0,3,1786719639009,2026-08-14T22:00:39.009
16643,588aca26ed1bfc095abf2de16bf97b57,12230,90.0,3,1786719640008,2026-08-14T22:00:40.008
16644,588aca26ed1bfc095abf2de16bf97b57,12231,91.0,3,1786719641008,2026-08-14T22:00:41.008
16645,588aca26ed1bfc095abf2de16bf97b57,12232,92.0,3,1786719642008,2026-08-14T22:00:42.008
16646,588aca26ed1bfc095abf2de16bf97b57,12233,93.0,3,1786719643008,2026-08-14T22:00:43.008
16647,588aca26ed1bfc095abf2de16bf97b57,12234,95.0,3,1786719644007,2026-08-14T22:00:44.007
16648,588aca26ed1bfc095abf2de16bf97b57,12235,97.0,3,1786719645008,2026-08-14T22:00:45.008
16649,588aca26ed1bfc095abf2de16bf97b57,12236,100.0,3,1786719646008,2026-08-14T22:00:46.008
16650,588aca26ed1bfc095abf2de16bf97b57,12237,101.0,3,1786719647008,2026-08-14T22:00:47.008
16651,588aca26ed1bfc095abf2de16bf97b57,12238,102.0,3,1786719648007,2026-08-14T22:00:48.007
16652,588aca26ed1bfc095abf2de16bf97b57,12239,102.0,3,1786719649008,2026-08-14T22:00:49.008
16653,588aca26ed1bfc095abf2de16bf97b57,12240,100.0,3,1786719650008,2026-08-14T22:00:50.008
16654,588aca26ed1bfc095abf2de16bf97b57,12241,100.0,3,1786719651009,2026-08-14T22:00:51.009
16655,588aca26ed1bfc095abf2de16bf97b57,12242,99.0,3,1786719652008,2026-08-14T22:00:52.008
16656,588aca26ed1bfc095abf2de16bf97b57,12243,96.0,3,1786719653008,2026-08-14T22:00:53.008
16657,588aca26ed1bfc095abf2de16bf97b57,12244,94.0,3,1786719654007,2026-08-14T22:00:54.007
16658,588aca26ed1bfc095abf2de16bf97b57,12245,92.0,3,1786719655007,2026-08-14T22:00:55.007
16659,588aca26ed1bfc095abf2de16bf97b57,12246,88.0,3,1786719656007,2026-08-14T22:00:56.007
16660,588aca26ed1bfc095abf2de16bf97b57,12247,85.0,3,1786719657008,2026-08-14T22:00:57.008
16661,588aca26ed1bfc095abf2de16bf97b57,12248,84.0,3,1786719658008,2026-08-14T22:00:58.008
16662,588aca26ed1bfc095abf2de16bf97b57,12249,82.0,3,1786719659008,2026-08-14T22:00:59.008
16663,588aca26ed1bfc095abf2de16bf97b57,12250,81.0,3,1786719660008,2026-08-14T22:01:00.008
16664,588aca26ed1bfc095abf2de16bf97b57,12251,80.0,3,1786719661007,2026-08-14T22:01:01.007
16665,588aca26ed1bfc095abf2de16bf97b57,12252,80.0,3,1786719662007,2026-08-14T22:01:02.007
16666,588aca26ed1bfc095abf2de16bf97b57,12253,79.0,3,1786719663007,2026-08-14T22:01:03.007
16667,588aca26ed1bfc095abf2de16bf97b57,12254,80.0,3,1786719664008,2026-08-14T22:01:04.008
16668,588aca26ed1bfc095abf2de16bf97b57,12255,80.0,3,1786719665008,2026-08-14T22:01:05.008
16669,588aca26ed1bfc095abf2de16bf97b57,12256,81.0,3,1786719666009,2026-08-14T22:01:06.009
16670,588aca26ed1bfc095abf2de16bf97b57,12257,82.0,3,1786719667007,2026-08-14T22:01:07.007
16671,588aca26ed1bfc095abf2de16bf97b57,12258,83.0,3,1786719668007,2026-08-14T22:01:08.007
16672,588aca26ed1bfc095abf2de16bf97b57,12259,84.0,3,1786719669009,2026-08-14T22:01:09.009
16673,588aca26ed1bfc095abf2de16bf97b57,12260,86.0,3,1786719670008,2026-08-14T22:01:10.008
16674,588aca26ed1bfc095abf2de16bf97b57,12261,87.0,3,1786719671015,2026-08-14T22:01:11.015
16675,588aca26ed1bfc095abf2de16bf97b57,12262,87.0,3,1786719672016,2026-08-14T22:01:12.016
16676,588aca26ed1bfc095abf2de16bf97b57,12263,88.0,3,1786719673016,2026-08-14T22:01:13.016
16677,588aca26ed1bfc095abf2de16bf97b57,12264,88.0,3,1786719674016,2026-08-14T22:01:14.016
16678,588aca26ed1bfc095abf2de16bf97b57,12265,87.0,3,1786719675007,2026-08-14T22:01:15.007
16679,588aca26ed1bfc095abf2de16bf97b57,12266,86.0,3,1786719676024,2026-08-14T22:01:16.024
16680,588aca26ed1bfc095abf2de16bf97b57,12267,86.0,3,1786719677012,2026-08-14T22:01:17.012
16681,588aca26ed1bfc095abf2de16bf97b57,12268,86.0,3,1786719678012,2026-08-14T22:01:18.012
16682,588aca26ed1bfc095abf2de16bf97b57,12269,86.0,3,1786719679010,2026-08-14T22:01:19.010
16683,588aca26ed1bfc095abf2de16bf97b57,12270,87.0,3,1786719680012,2026-08-14T22:01:20.012
16684,588aca26ed1bfc095abf2de16bf97b57,12271,87.0,3,1786719681010,2026-08-14T22:01:21.010
16685,588aca26ed1bfc095abf2de16bf97b57,12272,87.0,3,1786719682009,2026-08-14T22:01:22.009
16686,588aca26ed1bfc095abf2de16bf97b57,12273,86.0,3,1786719683009,2026-08-14T22:01:23.009
16687,588aca26ed1bfc095abf2de16bf97b57,12274,86.0,3,1786719684009,2026-08-14T22:01:24.009
16688,588aca26ed1bfc095abf2de16bf97b57,12275,85.0,3,1786719685007,2026-08-14T22:01:25.007
16689,588aca26ed1bfc095abf2de16bf97b57,12276,85.0,3,1786719686007,2026-08-14T22:01:26.007
16690,588aca26ed1bfc095abf2de16bf97b57,12277,84.0,3,1786719687010,2026-08-14T22:01:27.010
16691,588aca26ed1bfc095abf2de16bf97b57,12278,84.0,3,1786719688010,2026-08-14T22:01:28.010
16692,588aca26ed1bfc095abf2de16bf97b57,12279,85.0,3,1786719689007,2026-08-14T22:01:29.007
16693,588aca26ed1bfc095abf2de16bf97b57,12280,86.0,3,1786719690008,2026-08-14T22:01:30.008
16694,588aca26ed1bfc095abf2de16bf97b57,12281,88.0,3,1786719691010,2026-08-14T22:01:31.010
16695,588aca26ed1bfc095abf2de16bf97b57,12282,88.0,3,1786719692009,2026-08-14T22:01:32.009
16696,588aca26ed1bfc095abf2de16bf97b57,12283,90.0,3,1786719693010,2026-08-14T22:01:33.010
16697,588aca26ed1bfc095abf2de16bf97b57,12284,92.0,3,1786719694008,2026-08-14T22:01:34.008
16698,588aca26ed1bfc095abf2de16bf97b57,12285,91.0,3,1786719695009,2026-08-14T22:01:35.009
16699,588aca26ed1bfc095abf2de16bf97b57,12286,91.0,3,1786719696009,2026-08-14T22:01:36.009
16700,588aca26ed1bfc095abf2de16bf97b57,12287,91.0,3,1786719697008,2026-08-14T22:01:37.008
16701,588aca26ed1bfc095abf2de16bf97b57,12288,90.0,3,1786719698008,2026-08-14T22:01:38.008
16702,588aca26ed1bfc095abf2de16bf97b57,12289,90.0,3,1786719699008,2026-08-14T22:01:39.008
16703,588aca26ed1bfc095abf2de16bf97b57,12290,90.0,3,1786719700007,2026-08-14T22:01:40.007
16704,588aca26ed1bfc095abf2de16bf97b57,12291,90.0,3,1786719701007,2026-08-14T22:01:41.007
16705,588aca26ed1bfc095abf2de16bf97b57,12292,90.0,3,1786719702008,2026-08-14T22:01:42.008
16706,588aca26ed1bfc095abf2de16bf97b57,12293,90.0,3,1786719703008,2026-08-14T22:01:43.008
16707,588aca26ed1bfc095abf2de16bf97b57,12294,90.0,3,1786719704008,2026-08-14T22:01:44.008
16708,588aca26ed1bfc095abf2de16bf97b57,12295,90.0,3,1786719705011,2026-08-14T22:01:45.011
16709,588aca26ed1bfc095abf2de16bf97b57,12296,91.0,3,1786719706008,2026-08-14T22:01:46.008
16710,588aca26ed1bfc095abf2de16bf97b57,12297,91.0,3,1786719707008,2026-08-14T22:01:47.008
16711,588aca26ed1bfc095abf2de16bf97b57,12298,91.0,3,1786719708008,2026-08-14T22:01:48.008
16712,588aca26ed1bfc095abf2de16bf97b57,12299,90.0,3,1786719709008,2026-08-14T22:01:49.008
16713,588aca26ed1bfc095abf2de16bf97b57,12300,89.0,3,1786719710013,2026-08-14T22:01:50.013
16714,588aca26ed1bfc095abf2de16bf97b57,12301,88.0,3,1786719711008,2026-08-14T22:01:51.008
16715,588aca26ed1bfc095abf2de16bf97b57,12302,88.0,3,1786719712008,2026-08-14T22:01:52.008
16716,588aca26ed1bfc095abf2de16bf97b57,12303,87.0,3,1786719713007,2026-08-14T22:01:53.007
16717,588aca26ed1bfc095abf2de16bf97b57,12304,87.0,3,1786719714008,2026-08-14T22:01:54.008
16718,588aca26ed1bfc095abf2de16bf97b57,12305,87.0,3,1786719715008,2026-08-14T22:01:55.008
16719,588aca26ed1bfc095abf2de16bf97b57,12306,86.0,3,1786719716009,2026-08-14T22:01:56.009
16720,588aca26ed1bfc095abf2de16bf97b57,12307,85.0,3,1786719717008,2026-08-14T22:01:57.008
16721,588aca26ed1bfc095abf2de16bf97b57,12308,84.0,3,1786719718008,2026-08-14T22:01:58.008
16722,588aca26ed1bfc095abf2de16bf97b57,12309,84.0,3,1786719719008,2026-08-14T22:01:59.008
16723,588aca26ed1bfc095abf2de16bf97b57,12310,85.0,3,1786719720008,2026-08-14T22:02:00.008
16724,588aca26ed1bfc095abf2de16bf97b57,12311,86.0,3,1786719721010,2026-08-14T22:02:01.010
16725,588aca26ed1bfc095abf2de16bf97b57,12312,88.0,3,1786719722008,2026-08-14T22:02:02.008
16726,588aca26ed1bfc095abf2de16bf97b57,12313,89.0,3,1786719723008,2026-08-14T22:02:03.008
16727,588aca26ed1bfc095abf2de16bf97b57,12314,89.0,3,1786719724008,2026-08-14T22:02:04.008
16728,588aca26ed1bfc095abf2de16bf97b57,12315,89.0,3,1786719725007,2026-08-14T22:02:05.007
16729,588aca26ed1bfc095abf2de16bf97b57,12316,89.0,3,1786719726008,2026-08-14T22:02:06.008
16730,588aca26ed1bfc095abf2de16bf97b57,12317,88.0,3,1786719727007,2026-08-14T22:02:07.007
16731,588aca26ed1bfc095abf2de16bf97b57,12318,89.0,3,1786719728011,2026-08-14T22:02:08.011
16732,588aca26ed1bfc095abf2de16bf97b57,12319,90.0,3,1786719729051,2026-08-14T22:02:09.051
16733,588aca26ed1bfc095abf2de16bf97b57,12320,91.0,3,1786719730007,2026-08-14T22:02:10.007
16734,588aca26ed1bfc095abf2de16bf97b57,12321,91.0,3,1786719731008,2026-08-14T22:02:11.008
16735,588aca26ed1bfc095abf2de16bf97b57,12322,92.0,3,1786719732007,2026-08-14T22:02:12.007
16736,588aca26ed1bfc095abf2de16bf97b57,12323,94.0,3,1786719733009,2026-08-14T22:02:13.009
16737,588aca26ed1bfc095abf2de16bf97b57,12324,94.0,3,1786719734007,2026-08-14T22:02:14.007
16738,588aca26ed1bfc095abf2de16bf97b57,12325,95.0,3,1786719735008,2026-08-14T22:02:15.008
16739,588aca26ed1bfc095abf2de16bf97b57,12326,95.0,3,1786719736007,2026-08-14T22:02:16.007
16740,588aca26ed1bfc095abf2de16bf97b57,12327,94.0,3,1786719737008,2026-08-14T22:02:17.008
16741,588aca26ed1bfc095abf2de16bf97b57,12328,93.0,3,1786719738007,2026-08-14T22:02:18.007
16742,588aca26ed1bfc095abf2de16bf97b57,12329,95.0,3,1786719739009,2026-08-14T22:02:19.009
16743,588aca26ed1bfc095abf2de16bf97b57,12330,97.0,3,1786719740008,2026-08-14T22:02:20.008
16744,588aca26ed1bfc095abf2de16bf97b57,12331,99.0,3,1786719741015,2026-08-14T22:02:21.015
16745,588aca26ed1bfc095abf2de16bf97b57,12332,99.0,3,1786719742014,2026-08-14T22:02:22.014
16746,588aca26ed1bfc095abf2de16bf97b57,12333,99.0,3,1786719743015,2026-08-14T22:02:23.015
16747,588aca26ed1bfc095abf2de16bf97b57,12334,99.0,3,1786719744021,2026-08-14T22:02:24.021
16748,588aca26ed1bfc095abf2de16bf97b57,12335,99.0,3,1786719745023,2026-08-14T22:02:25.023
16749,588aca26ed1bfc095abf2de16bf97b57,12336,99.0,3,1786719746013,2026-08-14T22:02:26.013
16750,588aca26ed1bfc095abf2de16bf97b57,12337,101.0,3,1786719747009,2026-08-14T22:02:27.009
16751,588aca26ed1bfc095abf2de16bf97b57,12338,101.0,3,1786719748009,2026-08-14T22:02:28.009
16752,588aca26ed1bfc095abf2de16bf97b57,12339,100.0,3,1786719749009,2026-08-14T22:02:29.009
16753,588aca26ed1bfc095abf2de16bf97b57,12340,100.0,3,1786719750010,2026-08-14T22:02:30.010
16754,588aca26ed1bfc095abf2de16bf97b57,12341,99.0,3,1786719751015,2026-08-14T22:02:31.015
16755,588aca26ed1bfc095abf2de16bf97b57,12342,99.0,3,1786719752010,2026-08-14T22:02:32.010
16756,588aca26ed1bfc095abf2de16bf97b57,12343,98.0,3,1786719753010,2026-08-14T22:02:33.010
16757,588aca26ed1bfc095abf2de16bf97b57,12344,99.0,3,1786719754010,2026-08-14T22:02:34.010
16758,588aca26ed1bfc095abf2de16bf97b57,12345,99.0,3,1786719755007,2026-08-14T22:02:35.007
16759,588aca26ed1bfc095abf2de16bf97b57,12346,99.0,3,1786719756012,2026-08-14T22:02:36.012
16760,588aca26ed1bfc095abf2de16bf97b57,12347,100.0,3,1786719757020,2026-08-14T22:02:37.020
16761,588aca26ed1bfc095abf2de16bf97b57,12348,99.0,3,1786719758008,2026-08-14T22:02:38.008
16762,588aca26ed1bfc095abf2de16bf97b57,12349,98.0,3,1786719759008,2026-08-14T22:02:39.008
16763,588aca26ed1bfc095abf2de16bf97b57,12350,97.0,3,1786719760008,2026-08-14T22:02:40.008
16764,588aca26ed1bfc095abf2de16bf97b57,12351,96.0,3,1786719761008,2026-08-14T22:02:41.008
16765,588aca26ed1bfc095abf2de16bf97b57,12352,95.0,3,1786719762015,2026-08-14T22:02:42.015
16766,588aca26ed1bfc095abf2de16bf97b57,12353,94.0,3,1786719763007,2026-08-14T22:02:43.007
16767,588aca26ed1bfc095abf2de16bf97b57,12354,93.0,3,1786719764010,2026-08-14T22:02:44.010
16768,588aca26ed1bfc095abf2de16bf97b57,12355,93.0,3,1786719765009,2026-08-14T22:02:45.009
16769,588aca26ed1bfc095abf2de16bf97b57,12356,93.0,3,1786719766009,2026-08-14T22:02:46.009
16770,588aca26ed1bfc095abf2de16bf97b57,12357,93.0,3,1786719767010,2026-08-14T22:02:47.010
16771,588aca26ed1bfc095abf2de16bf97b57,12358,94.0,3,1786719768010,2026-08-14T22:02:48.010
16772,588aca26ed1bfc095abf2de16bf97b57,12359,95.0,3,1786719769010,2026-08-14T22:02:49.010
16773,588aca26ed1bfc095abf2de16bf97b57,12360,96.0,3,1786719770009,2026-08-14T22:02:50.009
16774,588aca26ed1bfc095abf2de16bf97b57,12361,97.0,3,1786719771009,2026-08-14T22:02:51.009
16775,588aca26ed1bfc095abf2de16bf97b57,12362,97.0,3,1786719772010,2026-08-14T22:02:52.010
16776,588aca26ed1bfc095abf2de16bf97b57,12363,96.0,3,1786719773010,2026-08-14T22:02:53.010
16777,588aca26ed1bfc095abf2de16bf97b57,12364,96.0,3,1786719774012,2026-08-14T22:02:54.012
16778,588aca26ed1bfc095abf2de16bf97b57,12365,96.0,3,1786719775010,2026-08-14T22:02:55.010
16779,588aca26ed1bfc095abf2de16bf97b57,12366,97.0,3,1786719776013,2026-08-14T22:02:56.013
16780,588aca26ed1bfc095abf2de16bf97b57,12367,97.0,3,1786719777009,2026-08-14T22:02:57.009
16781,588aca26ed1bfc095abf2de16bf97b57,12368,97.0,3,1786719778008,2026-08-14T22:02:58.008
16782,588aca26ed1bfc095abf2de16bf97b57,12369,98.0,3,1786719779008,2026-08-14T22:02:59.008
16783,588aca26ed1bfc095abf2de16bf97b57,12370,98.0,3,1786719780008,2026-08-14T22:03:00.008
16784,588aca26ed1bfc095abf2de16bf97b57,12371,98.0,3,1786719781008,2026-08-14T22:03:01.008
16785,588aca26ed1bfc095abf2de16bf97b57,12372,98.0,3,1786719782008,2026-08-14T22:03:02.008
16786,588aca26ed1bfc095abf2de16bf97b57,12373,98.0,3,1786719783007,2026-08-14T22:03:03.007
16787,588aca26ed1bfc095abf2de16bf97b57,12374,97.0,3,1786719784008,2026-08-14T22:03:04.008
16788,588aca26ed1bfc095abf2de16bf97b57,12375,96.0,3,1786719785008,2026-08-14T22:03:05.008
16789,588aca26ed1bfc095abf2de16bf97b57,12376,95.0,3,1786719786008,2026-08-14T22:03:06.008
16790,588aca26ed1bfc095abf2de16bf97b57,12377,94.0,3,1786719787012,2026-08-14T22:03:07.012
16791,588aca26ed1bfc095abf2de16bf97b57,12378,93.0,3,1786719788008,2026-08-14T22:03:08.008
16792,588aca26ed1bfc095abf2de16bf97b57,12379,92.0,3,1786719789008,2026-08-14T22:03:09.008
16793,588aca26ed1bfc095abf2de16bf97b57,12380,92.0,3,1786719790007,2026-08-14T22:03:10.007
16794,588aca26ed1bfc095abf2de16bf97b57,12381,91.0,3,1786719791008,2026-08-14T22:03:11.008
16795,588aca26ed1bfc095abf2de16bf97b57,12382,89.0,3,1786719792007,2026-08-14T22:03:12.007
16796,588aca26ed1bfc095abf2de16bf97b57,12383,88.0,3,1786719793009,2026-08-14T22:03:13.009
16797,588aca26ed1bfc095abf2de16bf97b57,12384,88.0,3,1786719794010,2026-08-14T22:03:14.010
16798,588aca26ed1bfc095abf2de16bf97b57,12385,88.0,3,1786719795010,2026-08-14T22:03:15.010
16799,588aca26ed1bfc095abf2de16bf97b57,12386,88.0,3,1786719796009,2026-08-14T22:03:16.009
16800,588aca26ed1bfc095abf2de16bf97b57,12387,87.0,3,1786719797009,2026-08-14T22:03:17.009
16801,588aca26ed1bfc095abf2de16bf97b57,12388,87.0,3,1786719798008,2026-08-14T22:03:18.008
16802,588aca26ed1bfc095abf2de16bf97b57,12389,86.0,3,1786719799008,2026-08-14T22:03:19.008
16803,588aca26ed1bfc095abf2de16bf97b57,12390,87.0,3,1786719800008,2026-08-14T22:03:20.008
16804,588aca26ed1bfc095abf2de16bf97b57,12391,88.0,3,1786719801008,2026-08-14T22:03:21.008
16805,588aca26ed1bfc095abf2de16bf97b57,12392,88.0,3,1786719802008,2026-08-14T22:03:22.008
16806,588aca26ed1bfc095abf2de16bf97b57,12393,88.0,3,1786719803008,2026-08-14T22:03:23.008
16807,588aca26ed1bfc095abf2de16bf97b57,12394,88.0,3,1786719804007,2026-08-14T22:03:24.007
16808,588aca26ed1bfc095abf2de16bf97b57,12395,88.0,3,1786719805007,2026-08-14T22:03:25.007
16809,588aca26ed1bfc095abf2de16bf97b57,12396,88.0,3,1786719806009,2026-08-14T22:03:26.009
16810,588aca26ed1bfc095abf2de16bf97b57,12397,89.0,3,1786719807007,2026-08-14T22:03:27.007
16811,588aca26ed1bfc095abf2de16bf97b57,12398,90.0,3,1786719808007,2026-08-14T22:03:28.007
16812,588aca26ed1bfc095abf2de16bf97b57,12399,91.0,3,1786719809007,2026-08-14T22:03:29.007
16813,588aca26ed1bfc095abf2de16bf97b57,12400,92.0,3,1786719810008,2026-08-14T22:03:30.008
16814,588aca26ed1bfc095abf2de16bf97b57,12401,94.0,3,1786719811008,2026-08-14T22:03:31.008
16815,588aca26ed1bfc095abf2de16bf97b57,12402,95.0,3,1786719812014,2026-08-14T22:03:32.014
16816,588aca26ed1bfc095abf2de16bf97b57,12403,96.0,3,1786719813016,2026-08-14T22:03:33.016
16817,588aca26ed1bfc095abf2de16bf97b57,12404,96.0,3,1786719814008,2026-08-14T22:03:34.008
16818,588aca26ed1bfc095abf2de16bf97b57,12405,98.0,3,1786719815015,2026-08-14T22:03:35.015
16819,588aca26ed1bfc095abf2de16bf97b57,12406,99.0,3,1786719816015,2026-08-14T22:03:36.015
16820,588aca26ed1bfc095abf2de16bf97b57,12407,101.0,3,1786719817013,2026-08-14T22:03:37.013
16821,588aca26ed1bfc095abf2de16bf97b57,12408,101.0,3,1786719818013,2026-08-14T22:03:38.013
16822,588aca26ed1bfc095abf2de16bf97b57,12409,101.0,3,1786719819012,2026-08-14T22:03:39.012
16823,588aca26ed1bfc095abf2de16bf97b57,12410,102.0,3,1786719820009,2026-08-14T22:03:40.009
16824,588aca26ed1bfc095abf2de16bf97b57,12411,102.0,3,1786719821008,2026-08-14T22:03:41.008
16825,588aca26ed1bfc095abf2de16bf97b57,12412,103.0,3,1786719822009,2026-08-14T22:03:42.009
16826,588aca26ed1bfc095abf2de16bf97b57,12413,103.0,3,1786719823009,2026-08-14T22:03:43.009
16827,588aca26ed1bfc095abf2de16bf97b57,12414,104.0,3,1786719824007,2026-08-14T22:03:44.007
16828,588aca26ed1bfc095abf2de16bf97b57,12415,104.0,3,1786719825008,2026-08-14T22:03:45.008
16829,588aca26ed1bfc095abf2de16bf97b57,12416,104.0,3,1786719826007,2026-08-14T22:03:46.007
16830,588aca26ed1bfc095abf2de16bf97b57,12417,105.0,3,1786719827007,2026-08-14T22:03:47.007
16831,588aca26ed1bfc095abf2de16bf97b57,12418,104.0,3,1786719828007,2026-08-14T22:03:48.007
16832,588aca26ed1bfc095abf2de16bf97b57,12419,103.0,3,1786719829008,2026-08-14T22:03:49.008
16833,588aca26ed1bfc095abf2de16bf97b57,12420,103.0,3,1786719830014,2026-08-14T22:03:50.014
16834,588aca26ed1bfc095abf2de16bf97b57,12421,104.0,3,1786719831008,2026-08-14T22:03:51.008
16835,588aca26ed1bfc095abf2de16bf97b57,12422,104.0,3,1786719832007,2026-08-14T22:03:52.007
16836,588aca26ed1bfc095abf2de16bf97b57,12423,104.0,3,1786719833007,2026-08-14T22:03:53.007
16837,588aca26ed1bfc095abf2de16bf97b57,12424,105.0,3,1786719834041,2026-08-14T22:03:54.041
16838,588aca26ed1bfc095abf2de16bf97b57,12425,105.0,3,1786719835007,2026-08-14T22:03:55.007
16839,588aca26ed1bfc095abf2de16bf97b57,12426,105.0,3,1786719836008,2026-08-14T22:03:56.008
16840,588aca26ed1bfc095abf2de16bf97b57,12427,107.0,3,1786719837007,2026-08-14T22:03:57.007
16841,588aca26ed1bfc095abf2de16bf97b57,12428,109.0,3,1786719838007,2026-08-14T22:03:58.007
16842,588aca26ed1bfc095abf2de16bf97b57,12429,111.0,3,1786719839010,2026-08-14T22:03:59.010
16843,588aca26ed1bfc095abf2de16bf97b57,12430,112.0,3,1786719840011,2026-08-14T22:04:00.011
16844,588aca26ed1bfc095abf2de16bf97b57,12431,113.0,3,1786719841031,2026-08-14T22:04:01.031
16845,588aca26ed1bfc095abf2de16bf97b57,12432,113.0,3,1786719842131,2026-08-14T22:04:02.131
16846,588aca26ed1bfc095abf2de16bf97b57,12433,113.0,3,1786719843018,2026-08-14T22:04:03.018
16847,588aca26ed1bfc095abf2de16bf97b57,12434,113.0,3,1786719844007,2026-08-14T22:04:04.007
16848,588aca26ed1bfc095abf2de16bf97b57,12435,114.0,3,1786719845010,2026-08-14T22:04:05.010
16849,588aca26ed1bfc095abf2de16bf97b57,12436,115.0,3,1786719846009,2026-08-14T22:04:06.009
16850,588aca26ed1bfc095abf2de16bf97b57,12437,116.0,3,1786719847008,2026-08-14T22:04:07.008
16851,588aca26ed1bfc095abf2de16bf97b57,12438,116.0,3,1786719848009,2026-08-14T22:04:08.009
16852,588aca26ed1bfc095abf2de16bf97b57,12439,115.0,3,1786719849009,2026-08-14T22:04:09.009
16853,588aca26ed1bfc095abf2de16bf97b57,12440,114.0,3,1786719850024,2026-08-14T22:04:10.024
16854,588aca26ed1bfc095abf2de16bf97b57,12441,114.0,3,1786719851008,2026-08-14T22:04:11.008
16855,588aca26ed1bfc095abf2de16bf97b57,12442,113.0,3,1786719852008,2026-08-14T22:04:12.008
16856,588aca26ed1bfc095abf2de16bf97b57,12443,113.0,3,1786719853008,2026-08-14T22:04:13.008
16857,588aca26ed1bfc095abf2de16bf97b57,12444,112.0,3,1786719854007,2026-08-14T22:04:14.007
16858,588aca26ed1bfc095abf2de16bf97b57,12445,113.0,3,1786719855007,2026-08-14T22:04:15.007
16859,588aca26ed1bfc095abf2de16bf97b57,12446,111.0,3,1786719856007,2026-08-14T22:04:16.007
16860,588aca26ed1bfc095abf2de16bf97b57,12447,111.0,3,1786719857008,2026-08-14T22:04:17.008
16861,588aca26ed1bfc095abf2de16bf97b57,12448,110.0,3,1786719858008,2026-08-14T22:04:18.008
16862,588aca26ed1bfc095abf2de16bf97b57,12449,107.0,3,1786719859008,2026-08-14T22:04:19.008
16863,588aca26ed1bfc095abf2de16bf97b57,12450,106.0,3,1786719860008,2026-08-14T22:04:20.008
16864,588aca26ed1bfc095abf2de16bf97b57,12451,105.0,3,1786719861008,2026-08-14T22:04:21.008
16865,588aca26ed1bfc095abf2de16bf97b57,12452,104.0,3,1786719862007,2026-08-14T22:04:22.007
16866,588aca26ed1bfc095abf2de16bf97b57,12453,102.0,3,1786719863008,2026-08-14T22:04:23.008
16867,588aca26ed1bfc095abf2de16bf97b57,12454,101.0,3,1786719864007,2026-08-14T22:04:24.007
16868,588aca26ed1bfc095abf2de16bf97b57,12455,101.0,3,1786719865008,2026-08-14T22:04:25.008
16869,588aca26ed1bfc095abf2de16bf97b57,12456,99.0,3,1786719866008,2026-08-14T22:04:26.008
16870,588aca26ed1bfc095abf2de16bf97b57,12457,98.0,3,1786719867007,2026-08-14T22:04:27.007
16871,588aca26ed1bfc095abf2de16bf97b57,12458,97.0,3,1786719868008,2026-08-14T22:04:28.008
16872,588aca26ed1bfc095abf2de16bf97b57,12459,96.0,3,1786719869007,2026-08-14T22:04:29.007
16873,588aca26ed1bfc095abf2de16bf97b57,12460,97.0,3,1786719870008,2026-08-14T22:04:30.008
16874,588aca26ed1bfc095abf2de16bf97b57,12461,97.0,3,1786719871008,2026-08-14T22:04:31.008
16875,588aca26ed1bfc095abf2de16bf97b57,12462,96.0,3,1786719872008,2026-08-14T22:04:32.008
16876,588aca26ed1bfc095abf2de16bf97b57,12463,95.0,3,1786719873008,2026-08-14T22:04:33.008
16877,588aca26ed1bfc095abf2de16bf97b57,12464,94.0,3,1786719874008,2026-08-14T22:04:34.008
16878,588aca26ed1bfc095abf2de16bf97b57,12465,93.0,3,1786719875007,2026-08-14T22:04:35.007
16879,588aca26ed1bfc095abf2de16bf97b57,12466,94.0,3,1786719876008,2026-08-14T22:04:36.008
16880,588aca26ed1bfc095abf2de16bf97b57,12467,94.0,3,1786719877008,2026-08-14T22:04:37.008
16881,588aca26ed1bfc095abf2de16bf97b57,12468,94.0,3,1786719878008,2026-08-14T22:04:38.008
16882,588aca26ed1bfc095abf2de16bf97b57,12469,95.0,3,1786719879008,2026-08-14T22:04:39.008
16883,588aca26ed1bfc095abf2de16bf97b57,12470,95.0,3,1786719880009,2026-08-14T22:04:40.009
16884,588aca26ed1bfc095abf2de16bf97b57,12471,95.0,3,1786719881008,2026-08-14T22:04:41.008
16885,588aca26ed1bfc095abf2de16bf97b57,12472,95.0,3,1786719882008,2026-08-14T22:04:42.008
16886,588aca26ed1bfc095abf2de16bf97b57,12473,95.0,3,1786719883009,2026-08-14T22:04:43.009
16887,588aca26ed1bfc095abf2de16bf97b57,12474,95.0,3,1786719884007,2026-08-14T22:04:44.007
16888,588aca26ed1bfc095abf2de16bf97b57,12475,95.0,3,1786719885008,2026-08-14T22:04:45.008
16889,588aca26ed1bfc095abf2de16bf97b57,12476,96.0,3,1786719886009,2026-08-14T22:04:46.009
16890,588aca26ed1bfc095abf2de16bf97b57,12477,97.0,3,1786719887009,2026-08-14T22:04:47.009
16891,588aca26ed1bfc095abf2de16bf97b57,12478,97.0,3,1786719888010,2026-08-14T22:04:48.010
16892,588aca26ed1bfc095abf2de16bf97b57,12479,98.0,3,1786719889010,2026-08-14T22:04:49.010
16893,588aca26ed1bfc095abf2de16bf97b57,12480,100.0,3,1786719890007,2026-08-14T22:04:50.007
16894,588aca26ed1bfc095abf2de16bf97b57,12481,99.0,3,1786719891007,2026-08-14T22:04:51.007
16895,588aca26ed1bfc095abf2de16bf97b57,12482,100.0,3,1786719892009,2026-08-14T22:04:52.009
16896,588aca26ed1bfc095abf2de16bf97b57,12483,100.0,3,1786719893009,2026-08-14T22:04:53.009
16897,588aca26ed1bfc095abf2de16bf97b57,12484,100.0,3,1786719894008,2026-08-14T22:04:54.008
16898,588aca26ed1bfc095abf2de16bf97b57,12485,100.0,3,1786719895012,2026-08-14T22:04:55.012
16899,588aca26ed1bfc095abf2de16bf97b57,12486,101.0,3,1786719896008,2026-08-14T22:04:56.008
16900,588aca26ed1bfc095abf2de16bf97b57,12487,100.0,3,1786719897007,2026-08-14T22:04:57.007
16901,588aca26ed1bfc095abf2de16bf97b57,12488,100.0,3,1786719898009,2026-08-14T22:04:58.009
16902,588aca26ed1bfc095abf2de16bf97b57,12489,100.0,3,1786719899009,2026-08-14T22:04:59.009
16903,588aca26ed1bfc095abf2de16bf97b57,12490,99.0,3,1786719900009,2026-08-14T22:05:00.009
16904,588aca26ed1bfc095abf2de16bf97b57,12491,98.0,3,1786719901010,2026-08-14T22:05:01.010
16905,588aca26ed1bfc095abf2de16bf97b57,12492,97.0,3,1786719902009,2026-08-14T22:05:02.009
16906,588aca26ed1bfc095abf2de16bf97b57,12493,96.0,3,1786719903009,2026-08-14T22:05:03.009
16907,588aca26ed1bfc095abf2de16bf97b57,12494,95.0,3,1786719904010,2026-08-14T22:05:04.010
16908,588aca26ed1bfc095abf2de16bf97b57,12495,93.0,3,1786719905010,2026-08-14T22:05:05.010
16909,588aca26ed1bfc095abf2de16bf97b57,12496,92.0,3,1786719906009,2026-08-14T22:05:06.009
16910,588aca26ed1bfc095abf2de16bf97b57,12497,91.0,3,1786719907009,2026-08-14T22:05:07.009
16911,588aca26ed1bfc095abf2de16bf97b57,12498,91.0,3,1786719908009,2026-08-14T22:05:08.009
16912,588aca26ed1bfc095abf2de16bf97b57,12499,91.0,3,1786719909010,2026-08-14T22:05:09.010
16913,588aca26ed1bfc095abf2de16bf97b57,12500,92.0,3,1786719910010,2026-08-14T22:05:10.010
16914,588aca26ed1bfc095abf2de16bf97b57,12501,93.0,3,1786719911010,2026-08-14T22:05:11.010
16915,588aca26ed1bfc095abf2de16bf97b57,12502,93.0,3,1786719912010,2026-08-14T22:05:12.010
16916,588aca26ed1bfc095abf2de16bf97b57,12503,92.0,3,1786719913010,2026-08-14T22:05:13.010
16917,588aca26ed1bfc095abf2de16bf97b57,12504,92.0,3,1786719914010,2026-08-14T22:05:14.010
16918,588aca26ed1bfc095abf2de16bf97b57,12505,92.0,3,1786719915009,2026-08-14T22:05:15.009
16919,588aca26ed1bfc095abf2de16bf97b57,12506,93.0,3,1786719916007,2026-08-14T22:05:16.007
16920,588aca26ed1bfc095abf2de16bf97b57,12507,93.0,3,1786719917007,2026-08-14T22:05:17.007
16921,588aca26ed1bfc095abf2de16bf97b57,12508,94.0,3,1786719918009,2026-08-14T22:05:18.009
16922,588aca26ed1bfc095abf2de16bf97b57,12509,95.0,3,1786719919008,2026-08-14T22:05:19.008
16923,588aca26ed1bfc095abf2de16bf97b57,12510,94.0,3,1786719920008,2026-08-14T22:05:20.008
16924,588aca26ed1bfc095abf2de16bf97b57,12511,94.0,3,1786719921007,2026-08-14T22:05:21.007
16925,588aca26ed1bfc095abf2de16bf97b57,12512,94.0,3,1786719922008,2026-08-14T22:05:22.008
16926,588aca26ed1bfc095abf2de16bf97b57,12513,93.0,3,1786719923009,2026-08-14T22:05:23.009
16927,588aca26ed1bfc095abf2de16bf97b57,12514,92.0,3,1786719924009,2026-08-14T22:05:24.009
16928,588aca26ed1bfc095abf2de16bf97b57,12515,92.0,3,1786719925012,2026-08-14T22:05:25.012
16929,588aca26ed1bfc095abf2de16bf97b57,12516,92.0,3,1786719926010,2026-08-14T22:05:26.010
16930,588aca26ed1bfc095abf2de16bf97b57,12517,92.0,3,1786719927029,2026-08-14T22:05:27.029
16931,588aca26ed1bfc095abf2de16bf97b57,12518,93.0,3,1786719928014,2026-08-14T22:05:28.014
16932,588aca26ed1bfc095abf2de16bf97b57,12519,93.0,3,1786719929009,2026-08-14T22:05:29.009
16933,588aca26ed1bfc095abf2de16bf97b57,12520,94.0,3,1786719930014,2026-08-14T22:05:30.014
16934,588aca26ed1bfc095abf2de16bf97b57,12521,94.0,3,1786719931008,2026-08-14T22:05:31.008
16935,588aca26ed1bfc095abf2de16bf97b57,12522,95.0,3,1786719932010,2026-08-14T22:05:32.010
16936,588aca26ed1bfc095abf2de16bf97b57,12523,95.0,3,1786719933015,2026-08-14T22:05:33.015
16937,588aca26ed1bfc095abf2de16bf97b57,12524,96.0,3,1786719934014,2026-08-14T22:05:34.014
16938,588aca26ed1bfc095abf2de16bf97b57,12525,96.0,3,1786719935011,2026-08-14T22:05:35.011
16939,588aca26ed1bfc095abf2de16bf97b57,12526,96.0,3,1786719936015,2026-08-14T22:05:36.015
16940,588aca26ed1bfc095abf2de16bf97b57,12527,96.0,3,1786719937014,2026-08-14T22:05:37.014
16941,588aca26ed1bfc095abf2de16bf97b57,12528,97.0,3,1786719938007,2026-08-14T22:05:38.007
16942,588aca26ed1bfc095abf2de16bf97b57,12529,97.0,3,1786719939013,2026-08-14T22:05:39.013
16943,588aca26ed1bfc095abf2de16bf97b57,12530,97.0,3,1786719940008,2026-08-14T22:05:40.008
16944,588aca26ed1bfc095abf2de16bf97b57,12531,97.0,3,1786719941008,2026-08-14T22:05:41.008
16945,588aca26ed1bfc095abf2de16bf97b57,12532,96.0,3,1786719942007,2026-08-14T22:05:42.007
16946,588aca26ed1bfc095abf2de16bf97b57,12533,95.0,3,1786719943009,2026-08-14T22:05:43.009
16947,588aca26ed1bfc095abf2de16bf97b57,12534,95.0,3,1786719944008,2026-08-14T22:05:44.008
16948,588aca26ed1bfc095abf2de16bf97b57,12535,95.0,3,1786719945009,2026-08-14T22:05:45.009
16949,588aca26ed1bfc095abf2de16bf97b57,12536,95.0,3,1786719946007,2026-08-14T22:05:46.007
16950,588aca26ed1bfc095abf2de16bf97b57,12537,95.0,3,1786719947008,2026-08-14T22:05:47.008
16951,588aca26ed1bfc095abf2de16bf97b57,12538,94.0,3,1786719948007,2026-08-14T22:05:48.007
16952,588aca26ed1bfc095abf2de16bf97b57,12539,94.0,3,1786719949011,2026-08-14T22:05:49.011
16953,588aca26ed1bfc095abf2de16bf97b57,12540,92.0,3,1786719950008,2026-08-14T22:05:50.008
16954,588aca26ed1bfc095abf2de16bf97b57,12541,92.0,3,1786719951008,2026-08-14T22:05:51.008
16955,588aca26ed1bfc095abf2de16bf97b57,12542,93.0,3,1786719952010,2026-08-14T22:05:52.010
16956,588aca26ed1bfc095abf2de16bf97b57,12543,94.0,3,1786719953009,2026-08-14T22:05:53.009
16957,588aca26ed1bfc095abf2de16bf97b57,12544,95.0,3,1786719954010,2026-08-14T22:05:54.010
16958,588aca26ed1bfc095abf2de16bf97b57,12545,96.0,3,1786719955007,2026-08-14T22:05:55.007
16959,588aca26ed1bfc095abf2de16bf97b57,12546,96.0,3,1786719956008,2026-08-14T22:05:56.008
16960,588aca26ed1bfc095abf2de16bf97b57,12547,95.0,3,1786719957009,2026-08-14T22:05:57.009
16961,588aca26ed1bfc095abf2de16bf97b57,12548,95.0,3,1786719958025,2026-08-14T22:05:58.025
16962,588aca26ed1bfc095abf2de16bf97b57,12549,96.0,3,1786719959007,2026-08-14T22:05:59.007
16963,588aca26ed1bfc095abf2de16bf97b57,12550,97.0,3,1786719960007,2026-08-14T22:06:00.007
16964,588aca26ed1bfc095abf2de16bf97b57,12551,98.0,3,1786719961008,2026-08-14T22:06:01.008
16965,588aca26ed1bfc095abf2de16bf97b57,12552,99.0,3,1786719962008,2026-08-14T22:06:02.008
16966,588aca26ed1bfc095abf2de16bf97b57,12553,99.0,3,1786719963008,2026-08-14T22:06:03.008
16967,588aca26ed1bfc095abf2de16bf97b57,12554,100.0,3,1786719964007,2026-08-14T22:06:04.007
16968,588aca26ed1bfc095abf2de16bf97b57,12555,102.0,3,1786719965008,2026-08-14T22:06:05.008
16969,588aca26ed1bfc095abf2de16bf97b57,12556,104.0,3,1786719966008,2026-08-14T22:06:06.008
16970,588aca26ed1bfc095abf2de16bf97b57,12557,104.0,3,1786719967008,2026-08-14T22:06:07.008
16971,588aca26ed1bfc095abf2de16bf97b57,12558,104.0,3,1786719968008,2026-08-14T22:06:08.008
16972,588aca26ed1bfc095abf2de16bf97b57,12559,106.0,3,1786719969008,2026-08-14T22:06:09.008
16973,588aca26ed1bfc095abf2de16bf97b57,12560,107.0,3,1786719970008,2026-08-14T22:06:10.008
16974,588aca26ed1bfc095abf2de16bf97b57,12561,108.0,3,1786719971008,2026-08-14T22:06:11.008
16975,588aca26ed1bfc095abf2de16bf97b57,12562,109.0,3,1786719972009,2026-08-14T22:06:12.009
16976,588aca26ed1bfc095abf2de16bf97b57,12563,109.0,3,1786719973009,2026-08-14T22:06:13.009
16977,588aca26ed1bfc095abf2de16bf97b57,12564,109.0,3,1786719974008,2026-08-14T22:06:14.008
