id,device_id,bpm,accuracy,time_ms,time_iso,synced,fresh
11307,588aca26ed1bfc095abf2de16bf97b57,85.0,3,1786718717009,2026-08-14T21:45:17.009,1,1
11308,588aca26ed1bfc095abf2de16bf97b57,85.0,-1,1786718718008,2026-08-14T21:45:18.008,1,0
11309,588aca26ed1bfc095abf2de16bf97b57,85.0,-1,1786718719008,2026-08-14T21:45:19.008,1,0
11310,588aca26ed1bfc095abf2de16bf97b57,85.0,-1,1786718720007,2026-08-14T21:45:20.007,1,0
11311,588aca26ed1bfc095abf2de16bf97b57,85.0,-1,1786718721007,2026-08-14T21:45:21.007,1,0
11312,588aca26ed1bfc095abf2de16bf97b57,85.0,-1,1786718722007,2026-08-14T21:45:22.007,1,0
11313,588aca26ed1bfc095abf2de16bf97b57,85.0,-1,1786718723009,2026-08-14T21:45:23.009,1,0
11314,588aca26ed1bfc095abf2de16bf97b57,85.0,-1,1786718724008,2026-08-14T21:45:24.008,1,0
11315,588aca26ed1bfc095abf2de16bf97b57,85.0,-1,1786718725008,2026-08-14T21:45:25.008,1,0
11316,588aca26ed1bfc095abf2de16bf97b57,85.0,-1,1786718726007,2026-08-14T21:45:26.007,1,0
11317,588aca26ed1bfc095abf2de16bf97b57,85.0,-1,1786718727009,2026-08-14T21:45:27.009,1,0
11318,588aca26ed1bfc095abf2de16bf97b57,85.0,-1,1786718728007,2026-08-14T21:45:28.007,1,0
11319,588aca26ed1bfc095abf2de16bf97b57,94.0,3,1786718729008,2026-08-14T21:45:29.008,1,1
11320,588aca26ed1bfc095abf2de16bf97b57,95.0,3,1786718730018,2026-08-14T21:45:30.018,1,1
11321,588aca26ed1bfc095abf2de16bf97b57,95.0,3,1786718731017,2026-08-14T21:45:31.017,1,1
11322,588aca26ed1bfc095abf2de16bf97b57,95.0,3,1786718732015,2026-08-14T21:45:32.015,1,1
11323,588aca26ed1bfc095abf2de16bf97b57,94.0,3,1786718733013,2026-08-14T21:45:33.013,1,1
11324,588aca26ed1bfc095abf2de16bf97b57,93.0,3,1786718734013,2026-08-14T21:45:34.013,1,1
11325,588aca26ed1bfc095abf2de16bf97b57,92.0,3,1786718735016,2026-08-14T21:45:35.016,1,1
11326,588aca26ed1bfc095abf2de16bf97b57,92.0,3,1786718736015,2026-08-14T21:45:36.015,1,1
11327,588aca26ed1bfc095abf2de16bf97b57,91.0,3,1786718737014,2026-08-14T21:45:37.014,1,1
11328,588aca26ed1bfc095abf2de16bf97b57,91.0,3,1786718738013,2026-08-14T21:45:38.013,1,1
11329,588aca26ed1bfc095abf2de16bf97b57,91.0,3,1786718739014,2026-08-14T21:45:39.014,1,1
11330,588aca26ed1bfc095abf2de16bf97b57,91.0,3,1786718740007,2026-08-14T21:45:40.007,1,1
11331,588aca26ed1bfc095abf2de16bf97b57,91.0,3,1786718741009,2026-08-14T21:45:41.009,1,1
11332,588aca26ed1bfc095abf2de16bf97b57,90.0,3,1786718742007,2026-08-14T21:45:42.007,1,1
11333,588aca26ed1bfc095abf2de16bf97b57,89.0,3,1786718743009,2026-08-14T21:45:43.009,1,1
11334,588aca26ed1bfc095abf2de16bf97b57,88.0,3,1786718744008,2026-08-14T21:45:44.008,1,1
11335,588aca26ed1bfc095abf2de16bf97b57,88.0,3,1786718745008,2026-08-14T21:45:45.008,1,1
11336,588aca26ed1bfc095abf2de16bf97b57,88.0,3,1786718746007,2026-08-14T21:45:46.007,1,1
11337,588aca26ed1bfc095abf2de16bf97b57,88.0,3,1786718747007,2026-08-14T21:45:47.007,1,1
11338,588aca26ed1bfc095abf2de16bf97b57,89.0,3,1786718748007,2026-08-14T21:45:48.007,1,1
11339,588aca26ed1bfc095abf2de16bf97b57,89.0,3,1786718749008,2026-08-14T21:45:49.008,1,1
11340,588aca26ed1bfc095abf2de16bf97b57,89.0,3,1786718750008,2026-08-14T21:45:50.008,1,1
11341,588aca26ed1bfc095abf2de16bf97b57,89.0,3,1786718751008,2026-08-14T21:45:51.008,1,1
11342,588aca26ed1bfc095abf2de16bf97b57,89.0,3,1786718752008,2026-08-14T21:45:52.008,1,1
11343,588aca26ed1bfc095abf2de16bf97b57,89.0,3,1786718753007,2026-08-14T21:45:53.007,1,1
11344,588aca26ed1bfc095abf2de16bf97b57,90.0,3,1786718754007,2026-08-14T21:45:54.007,1,1
11345,588aca26ed1bfc095abf2de16bf97b57,90.0,3,1786718755008,2026-08-14T21:45:55.008,1,1
11346,588aca26ed1bfc095abf2de16bf97b57,90.0,3,1786718756007,2026-08-14T21:45:56.007,1,1
11347,588aca26ed1bfc095abf2de16bf97b57,91.0,3,1786718757008,2026-08-14T21:45:57.008,1,1
11348,588aca26ed1bfc095abf2de16bf97b57,92.0,3,1786718758008,2026-08-14T21:45:58.008,1,1
11349,588aca26ed1bfc095abf2de16bf97b57,92.0,3,1786718759009,2026-08-14T21:45:59.009,1,1
11350,588aca26ed1bfc095abf2de16bf97b57,94.0,3,1786718760008,2026-08-14T21:46:00.008,1,1
11351,588aca26ed1bfc095abf2de16bf97b57,96.0,3,1786718761008,2026-08-14T21:46:01.008,1,1
11352,588aca26ed1bfc095abf2de16bf97b57,97.0,3,1786718762008,2026-08-14T21:46:02.008,1,1
11353,588aca26ed1bfc095abf2de16bf97b57,95.0,3,1786718763007,2026-08-14T21:46:03.007,1,1
11354,588aca26ed1bfc095abf2de16bf97b57,94.0,3,1786718764008,2026-08-14T21:46:04.008,1,1
11355,588aca26ed1bfc095abf2de16bf97b57,96.0,3,1786718765009,2026-08-14T21:46:05.009,1,1
11356,588aca26ed1bfc095abf2de16bf97b57,97.0,3,1786718766008,2026-08-14T21:46:06.008,1,1
11357,588aca26ed1bfc095abf2de16bf97b57,97.0,3,1786718767008,2026-08-14T21:46:07.008,1,1
11358,588aca26ed1bfc095abf2de16bf97b57,96.0,3,1786718768007,2026-08-14T21:46:08.007,1,1
11359,588aca26ed1bfc095abf2de16bf97b57,95.0,3,1786718769008,2026-08-14T21:46:09.008,1,1
11360,588aca26ed1bfc095abf2de16bf97b57,95.0,3,1786718770007,2026-08-14T21:46:10.007,1,1
11361,588aca26ed1bfc095abf2de16bf97b57,94.0,3,1786718771017,2026-08-14T21:46:11.017,1,1
11362,588aca26ed1bfc095abf2de16bf97b57,93.0,3,1786718772016,2026-08-14T21:46:12.016,1,1
11363,588aca26ed1bfc095abf2de16bf97b57,92.0,3,1786718773013,2026-08-14T21:46:13.013,1,1
11364,588aca26ed1bfc095abf2de16bf97b57,91.0,3,1786718774014,2026-08-14T21:46:14.014,1,1
11365,588aca26ed1bfc095abf2de16bf97b57,90.0,3,1786718775014,2026-08-14T21:46:15.014,1,1
11366,588aca26ed1bfc095abf2de16bf97b57,88.0,3,1786718776012,2026-08-14T21:46:16.012,1,1
11367,588aca26ed1bfc095abf2de16bf97b57,89.0,3,1786718777010,2026-08-14T21:46:17.010,1,1
11368,588aca26ed1bfc095abf2de16bf97b57,89.0,3,1786718778010,2026-08-14T21:46:18.010,1,1
11369,588aca26ed1bfc095abf2de16bf97b57,90.0,3,1786718779007,2026-08-14T21:46:19.007,1,1
11370,588aca26ed1bfc095abf2de16bf97b57,91.0,3,1786718780010,2026-08-14T21:46:20.010,1,1
11371,588aca26ed1bfc095abf2de16bf97b57,91.0,3,1786718781009,2026-08-14T21:46:21.009,1,1
11372,588aca26ed1bfc095abf2de16bf97b57,91.0,3,1786718782008,2026-08-14T21:46:22.008,1,1
11373,588aca26ed1bfc095abf2de16bf97b57,90.0,3,1786718783007,2026-08-14T21:46:23.007,1,1
11374,588aca26ed1bfc095abf2de16bf97b57,89.0,3,1786718784008,2026-08-14T21:46:24.008,1,1
11375,588aca26ed1bfc095abf2de16bf97b57,89.0,3,1786718785008,2026-08-14T21:46:25.008,1,1
11376,588aca26ed1bfc095abf2de16bf97b57,88.0,3,1786718786008,2026-08-14T21:46:26.008,1,1
11377,588aca26ed1bfc095abf2de16bf97b57,88.0,3,1786718787010,2026-08-14T21:46:27.010,1,1
11378,588aca26ed1bfc095abf2de16bf97b57,87.0,3,1786718788010,2026-08-14T21:46:28.010,1,1
11379,588aca26ed1bfc095abf2de16bf97b57,87.0,3,1786718789008,2026-08-14T21:46:29.008,1,1
11380,588aca26ed1bfc095abf2de16bf97b57,86.0,3,1786718790008,2026-08-14T21:46:30.008,1,1
11381,588aca26ed1bfc095abf2de16bf97b57,86.0,3,1786718791008,2026-08-14T21:46:31.008,1,1
11382,588aca26ed1bfc095abf2de16bf97b57,87.0,3,1786718792008,2026-08-14T21:46:32.008,1,1
11383,588aca26ed1bfc095abf2de16bf97b57,87.0,3,1786718793008,2026-08-14T21:46:33.008,1,1
11384,588aca26ed1bfc095abf2de16bf97b57,88.0,3,1786718794007,2026-08-14T21:46:34.007,1,1
11385,588aca26ed1bfc095abf2de16bf97b57,88.0,3,1786718795008,2026-08-14T21:46:35.008,1,1
11386,588aca26ed1bfc095abf2de16bf97b57,88.0,3,1786718796008,2026-08-14T21:46:36.008,1,1
11387,588aca26ed1bfc095abf2de16bf97b57,88.0,3,1786718797008,2026-08-14T21:46:37.008,1,1
11388,588aca26ed1bfc095abf2de16bf97b57,87.0,3,1786718798009,2026-08-14T21:46:38.009,1,1
11389,588aca26ed1bfc095abf2de16bf97b57,86.0,3,1786718799008,2026-08-14T21:46:39.008,1,1
11390,588aca26ed1bfc095abf2de16bf97b57,86.0,3,1786718800008,2026-08-14T21:46:40.008,1,1
11391,588aca26ed1bfc095abf2de16bf97b57,85.0,3,1786718801008,2026-08-14T21:46:41.008,1,1
11392,588aca26ed1bfc095abf2de16bf97b57,85.0,3,1786718802007,2026-08-14T21:46:42.007,1,1
11393,588aca26ed1bfc095abf2de16bf97b57,85.0,3,1786718803007,2026-08-14T21:46:43.007,1,1
11394,588aca26ed1bfc095abf2de16bf97b57,85.0,3,1786718804009,2026-08-14T21:46:44.009,1,1
11395,588aca26ed1bfc095abf2de16bf97b57,85.0,3,1786718805007,2026-08-14T21:46:45.007,1,1
11396,588aca26ed1bfc095abf2de16bf97b57,85.0,3,1786718806007,2026-08-14T21:46:46.007,1,1
11397,588aca26ed1bfc095abf2de16bf97b57,85.0,3,1786718807007,2026-08-14T21:46:47.007,1,1
11398,588aca26ed1bfc095abf2de16bf97b57,86.0,3,1786718808010,2026-08-14T21:46:48.010,1,1
11399,588aca26ed1bfc095abf2de16bf97b57,86.0,3,1786718809010,2026-08-14T21:46:49.010,1,1
11400,588aca26ed1bfc095abf2de16bf97b57,88.0,3,1786718810010,2026-08-14T21:46:50.010,1,1
11401,588aca26ed1bfc095abf2de16bf97b57,91.0,3,1786718811010,2026-08-14T21:46:51.010,1,1
11402,588aca26ed1bfc095abf2de16bf97b57,93.0,3,1786718812008,2026-08-14T21:46:52.008,1,1
11403,588aca26ed1bfc095abf2de16bf97b57,95.0,3,1786718813010,2026-08-14T21:46:53.010,1,1
11404,588aca26ed1bfc095abf2de16bf97b57,95.0,3,1786718814010,2026-08-14T21:46:54.010,1,1
11405,588aca26ed1bfc095abf2de16bf97b57,93.0,3,1786718815009,2026-08-14T21:46:55.009,1,1
11406,588aca26ed1bfc095abf2de16bf97b57,93.0,3,1786718816010,2026-08-14T21:46:56.010,1,1
11407,588aca26ed1bfc095abf2de16bf97b57,95.0,3,1786718817008,2026-08-14T21:46:57.008,1,1
11408,588aca26ed1bfc095abf2de16bf97b57,95.0,3,1786718818010,2026-08-14T21:46:58.010,1,1
11409,588aca26ed1bfc095abf2de16bf97b57,95.0,3,1786718819010,2026-08-14T21:46:59.010,1,1
11410,588aca26ed1bfc095abf2de16bf97b57,94.0,3,1786718820009,2026-08-14T21:47:00.009,1,1
11411,588aca26ed1bfc095abf2de16bf97b57,94.0,3,1786718821007,2026-08-14T21:47:01.007,1,1
11412,588aca26ed1bfc095abf2de16bf97b57,94.0,3,1786718822008,2026-08-14T21:47:02.008,1,1
11413,588aca26ed1bfc095abf2de16bf97b57,95.0,3,1786718823008,2026-08-14T21:47:03.008,1,1
11414,588aca26ed1bfc095abf2de16bf97b57,94.0,3,1786718824009,2026-08-14T21:47:04.009,1,1
11415,588aca26ed1bfc095abf2de16bf97b57,93.0,3,1786718825010,2026-08-14T21:47:05.010,1,1
11416,588aca26ed1bfc095abf2de16bf97b57,92.0,3,1786718826008,2026-08-14T21:47:06.008,1,1
11417,588aca26ed1bfc095abf2de16bf97b57,92.0,3,1786718827008,2026-08-14T21:47:07.008,1,1
11418,588aca26ed1bfc095abf2de16bf97b57,92.0,3,1786718828008,2026-08-14T21:47:08.008,1,1
11419,588aca26ed1bfc095abf2de16bf97b57,92.0,3,1786718829008,2026-08-14T21:47:09.008,1,1
11420,588aca26ed1bfc095abf2de16bf97b57,93.0,3,1786718830008,2026-08-14T21:47:10.008,1,1
11421,588aca26ed1bfc095abf2de16bf97b57,94.0,3,1786718831008,2026-08-14T21:47:11.008,1,1
11422,588aca26ed1bfc095abf2de16bf97b57,93.0,3,1786718832007,2026-08-14T21:47:12.007,1,1
11423,588aca26ed1bfc095abf2de16bf97b57,93.0,3,1786718833008,2026-08-14T21:47:13.008,1,1
11424,588aca26ed1bfc095abf2de16bf97b57,94.0,3,1786718834007,2026-08-14T21:47:14.007,1,1
11425,588aca26ed1bfc095abf2de16bf97b57,94.0,3,1786718835008,2026-08-14T21:47:15.008,1,1
11426,588aca26ed1bfc095abf2de16bf97b57,94.0,3,1786718836007,2026-08-14T21:47:16.007,1,1
11427,588aca26ed1bfc095abf2de16bf97b57,95.0,3,1786718837008,2026-08-14T21:47:17.008,1,1
11428,588aca26ed1bfc095abf2de16bf97b57,95.0,3,1786718838008,2026-08-14T21:47:18.008,1,1
11429,588aca26ed1bfc095abf2de16bf97b57,96.0,3,1786718839008,2026-08-14T21:47:19.008,1,1
11430,588aca26ed1bfc095abf2de16bf97b57,97.0,3,1786718840008,2026-08-14T21:47:20.008,1,1
11431,588aca26ed1bfc095abf2de16bf97b57,96.0,3,1786718841008,2026-08-14T21:47:21.008,1,1
11432,588aca26ed1bfc095abf2de16bf97b57,95.0,3,1786718842008,2026-08-14T21:47:22.008,1,1
11433,588aca26ed1bfc095abf2de16bf97b57,94.0,3,1786718843008,2026-08-14T21:47:23.008,1,1
11434,588aca26ed1bfc095abf2de16bf97b57,93.0,3,1786718844007,2026-08-14T21:47:24.007,1,1
11435,588aca26ed1bfc095abf2de16bf97b57,92.0,3,1786718845009,2026-08-14T21:47:25.009,1,1
11436,588aca26ed1bfc095abf2de16bf97b57,92.0,3,1786718846008,2026-08-14T21:47:26.008,1,1
11437,588aca26ed1bfc095abf2de16bf97b57,91.0,3,1786718847008,2026-08-14T21:47:27.008,1,1
11438,588aca26ed1bfc095abf2de16bf97b57,89.0,3,1786718848008,2026-08-14T21:47:28.008,1,1
11439,588aca26ed1bfc095abf2de16bf97b57,88.0,3,1786718849008,2026-08-14T21:47:29.008,1,1
11440,588aca26ed1bfc095abf2de16bf97b57,86.0,3,1786718850008,2026-08-14T21:47:30.008,1,1
11441,588aca26ed1bfc095abf2de16bf97b57,85.0,3,1786718851008,2026-08-14T21:47:31.008,1,1
11442,588aca26ed1bfc095abf2de16bf97b57,83.0,3,1786718852016,2026-08-14T21:47:32.016,1,1
11443,588aca26ed1bfc095abf2de16bf97b57,82.0,3,1786718853015,2026-08-14T21:47:33.015,1,1
11444,588aca26ed1bfc095abf2de16bf97b57,82.0,3,1786718854015,2026-08-14T21:47:34.015,1,1
11445,588aca26ed1bfc095abf2de16bf97b57,83.0,3,1786718855014,2026-08-14T21:47:35.014,1,1
11446,588aca26ed1bfc095abf2de16bf97b57,83.0,3,1786718856012,2026-08-14T21:47:36.012,1,1
11447,588aca26ed1bfc095abf2de16bf97b57,83.0,3,1786718857011,2026-08-14T21:47:37.011,1,1
11448,588aca26ed1bfc095abf2de16bf97b57,84.0,3,1786718858009,2026-08-14T21:47:38.009,1,1
11449,588aca26ed1bfc095abf2de16bf97b57,84.0,3,1786718859009,2026-08-14T21:47:39.009,1,1
11450,588aca26ed1bfc095abf2de16bf97b57,84.0,3,1786718860008,2026-08-14T21:47:40.008,1,1
11451,588aca26ed1bfc095abf2de16bf97b57,84.0,3,1786718861008,2026-08-14T21:47:41.008,1,1
11452,588aca26ed1bfc095abf2de16bf97b57,85.0,3,1786718862008,2026-08-14T21:47:42.008,1,1
11453,588aca26ed1bfc095abf2de16bf97b57,86.0,3,1786718863008,2026-08-14T21:47:43.008,1,1
11454,588aca26ed1bfc095abf2de16bf97b57,87.0,3,1786718864008,2026-08-14T21:47:44.008,1,1
11455,588aca26ed1bfc095abf2de16bf97b57,89.0,3,1786718865008,2026-08-14T21:47:45.008,1,1
11456,588aca26ed1bfc095abf2de16bf97b57,90.0,3,1786718866007,2026-08-14T21:47:46.007,1,1
11457,588aca26ed1bfc095abf2de16bf97b57,91.0,3,1786718867008,2026-08-14T21:47:47.008,1,1
11458,588aca26ed1bfc095abf2de16bf97b57,92.0,3,1786718868007,2026-08-14T21:47:48.007,1,1
11459,588aca26ed1bfc095abf2de16bf97b57,92.0,3,1786718869008,2026-08-14T21:47:49.008,1,1
11460,588aca26ed1bfc095abf2de16bf97b57,94.0,3,1786718870008,2026-08-14T21:47:50.008,1,1
11461,588aca26ed1bfc095abf2de16bf97b57,94.0,3,1786718871010,2026-08-14T21:47:51.010,1,1
11462,588aca26ed1bfc095abf2de16bf97b57,93.0,3,1786718872008,2026-08-14T21:47:52.008,1,1
11463,588aca26ed1bfc095abf2de16bf97b57,94.0,3,1786718873009,2026-08-14T21:47:53.009,1,1
11464,588aca26ed1bfc095abf2de16bf97b57,95.0,3,1786718874008,2026-08-14T21:47:54.008,1,1
11465,588aca26ed1bfc095abf2de16bf97b57,97.0,3,1786718875016,2026-08-14T21:47:55.016,1,1
11466,588aca26ed1bfc095abf2de16bf97b57,98.0,3,1786718876013,2026-08-14T21:47:56.013,1,1
11467,588aca26ed1bfc095abf2de16bf97b57,98.0,3,1786718877011,2026-08-14T21:47:57.011,1,1
11468,588aca26ed1bfc095abf2de16bf97b57,99.0,3,1786718878008,2026-08-14T21:47:58.008,1,1
11469,588aca26ed1bfc095abf2de16bf97b57,98.0,3,1786718879008,2026-08-14T21:47:59.008,1,1
11470,588aca26ed1bfc095abf2de16bf97b57,96.0,3,1786718880008,2026-08-14T21:48:00.008,1,1
11471,588aca26ed1bfc095abf2de16bf97b57,95.0,3,1786718881008,2026-08-14T21:48:01.008,1,1
11472,588aca26ed1bfc095abf2de16bf97b57,95.0,3,1786718882007,2026-08-14T21:48:02.007,1,1
11473,588aca26ed1bfc095abf2de16bf97b57,95.0,3,1786718883008,2026-08-14T21:48:03.008,1,1
11474,588aca26ed1bfc095abf2de16bf97b57,94.0,3,1786718884007,2026-08-14T21:48:04.007,1,1
11475,588aca26ed1bfc095abf2de16bf97b57,95.0,3,1786718885008,2026-08-14T21:48:05.008,1,1
11476,588aca26ed1bfc095abf2de16bf97b57,96.0,3,1786718886008,2026-08-14T21:48:06.008,1,1
11477,588aca26ed1bfc095abf2de16bf97b57,96.0,3,1786718887007,2026-08-14T21:48:07.007,1,1
11478,588aca26ed1bfc095abf2de16bf97b57,95.0,3,1786718888008,2026-08-14T21:48:08.008,1,1
11479,588aca26ed1bfc095abf2de16bf97b57,94.0,3,1786718889008,2026-08-14T21:48:09.008,1,1
11480,588aca26ed1bfc095abf2de16bf97b57,93.0,3,1786718890008,2026-08-14T21:48:10.008,1,1
11481,588aca26ed1bfc095abf2de16bf97b57,92.0,3,1786718891008,2026-08-14T21:48:11.008,1,1
11482,588aca26ed1bfc095abf2de16bf97b57,92.0,3,1786718892008,2026-08-14T21:48:12.008,1,1
11483,588aca26ed1bfc095abf2de16bf97b57,92.0,3,1786718893008,2026-08-14T21:48:13.008,1,1
11484,588aca26ed1bfc095abf2de16bf97b57,92.0,3,1786718894007,2026-08-14T21:48:14.007,1,1
11485,588aca26ed1bfc095abf2de16bf97b57,92.0,3,1786718895008,2026-08-14T21:48:15.008,1,1
11486,588aca26ed1bfc095abf2de16bf97b57,91.0,3,1786718896008,2026-08-14T21:48:16.008,1,1
11487,588aca26ed1bfc095abf2de16bf97b57,92.0,3,1786718897007,2026-08-14T21:48:17.007,1,1
11488,588aca26ed1bfc095abf2de16bf97b57,92.0,3,1786718898009,2026-08-14T21:48:18.009,1,1
11489,588aca26ed1bfc095abf2de16bf97b57,91.0,3,1786718899007,2026-08-14T21:48:19.007,1,1
11490,588aca26ed1bfc095abf2de16bf97b57,91.0,3,1786718900007,2026-08-14T21:48:20.007,1,1
11491,588aca26ed1bfc095abf2de16bf97b57,90.0,3,1786718901008,2026-08-14T21:48:21.008,1,1
11492,588aca26ed1bfc095abf2de16bf97b57,90.0,3,1786718902007,2026-08-14T21:48:22.007,1,1
11493,588aca26ed1bfc095abf2de16bf97b57,89.0,3,1786718903007,2026-08-14T21:48:23.007,1,1
11494,588aca26ed1bfc095abf2de16bf97b57,89.0,3,1786718904007,2026-08-14T21:48:24.007,1,1
11495,588aca26ed1bfc095abf2de16bf97b57,89.0,3,1786718905007,2026-08-14T21:48:25.007,1,1
11496,588aca26ed1bfc095abf2de16bf97b57,88.0,3,1786718906007,2026-08-14T21:48:26.007,1,1
11497,588aca26ed1bfc095abf2de16bf97b57,88.0,3,1786718907007,2026-08-14T21:48:27.007,1,1
11498,588aca26ed1bfc095abf2de16bf97b57,88.0,3,1786718908008,2026-08-14T21:48:28.008,1,0
11499,588aca26ed1bfc095abf2de16bf97b57,88.0,3,1786718909014,2026-08-14T21:48:29.014,1,1
11500,588aca26ed1bfc095abf2de16bf97b57,87.0,3,1786718910009,2026-08-14T21:48:30.009,1,1
11501,588aca26ed1bfc095abf2de16bf97b57,89.0,3,1786718911008,2026-08-14T21:48:31.008,1,1
11502,588aca26ed1bfc095abf2de16bf97b57,90.0,3,1786718912008,2026-08-14T21:48:32.008,1,1
11503,588aca26ed1bfc095abf2de16bf97b57,90.0,3,1786718913009,2026-08-14T21:48:33.009,1,1
11504,588aca26ed1bfc095abf2de16bf97b57,91.0,3,1786718914008,2026-08-14T21:48:34.008,1,1
11505,588aca26ed1bfc095abf2de16bf97b57,92.0,3,1786718915016,2026-08-14T21:48:35.016,1,1
11506,588aca26ed1bfc095abf2de16bf97b57,93.0,3,1786718916015,2026-08-14T21:48:36.015,1,1
11507,588aca26ed1bfc095abf2de16bf97b57,93.0,3,1786718917014,2026-08-14T21:48:37.014,1,1
11508,588aca26ed1bfc095abf2de16bf97b57,93.0,3,1786718918016,2026-08-14T21:48:38.016,1,1
11509,588aca26ed1bfc095abf2de16bf97b57,92.0,3,1786718919012,2026-08-14T21:48:39.012,1,1
11510,588aca26ed1bfc095abf2de16bf97b57,91.0,3,1786718920008,2026-08-14T21:48:40.008,1,1
11511,588aca26ed1bfc095abf2de16bf97b57,91.0,3,1786718921009,2026-08-14T21:48:41.009,1,1
11512,588aca26ed1bfc095abf2de16bf97b57,92.0,3,1786718922008,2026-08-14T21:48:42.008,1,1
11513,588aca26ed1bfc095abf2de16bf97b57,92.0,3,1786718923008,2026-08-14T21:48:43.008,1,1
11514,588aca26ed1bfc095abf2de16bf97b57,92.0,3,1786718924008,2026-08-14T21:48:44.008,1,1
11515,588aca26ed1bfc095abf2de16bf97b57,92.0,3,1786718925008,2026-08-14T21:48:45.008,1,1
11516,588aca26ed1bfc095abf2de16bf97b57,93.0,3,1786718926008,2026-08-14T21:48:46.008,1,1
11517,588aca26ed1bfc095abf2de16bf97b57,94.0,3,1786718927008,2026-08-14T21:48:47.008,1,1
11518,588aca26ed1bfc095abf2de16bf97b57,94.0,3,1786718928008,2026-08-14T21:48:48.008,1,1
11519,588aca26ed1bfc095abf2de16bf97b57,95.0,3,1786718929009,2026-08-14T21:48:49.009,1,1
11520,588aca26ed1bfc095abf2de16bf97b57,95.0,3,1786718930009,2026-08-14T21:48:50.009,1,1
11521,588aca26ed1bfc095abf2de16bf97b57,95.0,3,1786718931010,2026-08-14T21:48:51.010,1,1
11522,588aca26ed1bfc095abf2de16bf97b57,95.0,3,1786718932008,2026-08-14T21:48:52.008,1,1
11523,588aca26ed1bfc095abf2de16bf97b57,95.0,3,1786718933007,2026-08-14T21:48:53.007,1,1
11524,588aca26ed1bfc095abf2de16bf97b57,95.0,3,1786718934007,2026-08-14T21:48:54.007,1,1
11525,588aca26ed1bfc095abf2de16bf97b57,96.0,3,1786718935007,2026-08-14T21:48:55.007,1,1
11526,588aca26ed1bfc095abf2de16bf97b57,95.0,3,1786718936007,2026-08-14T21:48:56.007,1,1
11527,588aca26ed1bfc095abf2de16bf97b57,94.0,3,1786718937007,2026-08-14T21:48:57.007,1,1
11528,588aca26ed1bfc095abf2de16bf97b57,94.0,3,1786718938007,2026-08-14T21:48:58.007,1,1
11529,588aca26ed1bfc095abf2de16bf97b57,93.0,3,1786718939008,2026-08-14T21:48:59.008,1,1
11530,588aca26ed1bfc095abf2de16bf97b57,91.0,3,1786718940007,2026-08-14T21:49:00.007,1,1
11531,588aca26ed1bfc095abf2de16bf97b57,91.0,3,1786718941009,2026-08-14T21:49:01.009,1,1
11532,588aca26ed1bfc095abf2de16bf97b57,93.0,3,1786718942017,2026-08-14T21:49:02.017,1,1
11533,588aca26ed1bfc095abf2de16bf97b57,94.0,3,1786718943007,2026-08-14T21:49:03.007,1,1
11534,588aca26ed1bfc095abf2de16bf97b57,95.0,3,1786718944008,2026-08-14T21:49:04.008,1,1
11535,588aca26ed1bfc095abf2de16bf97b57,94.0,3,1786718945008,2026-08-14T21:49:05.008,1,1
11536,588aca26ed1bfc095abf2de16bf97b57,93.0,3,1786718946009,2026-08-14T21:49:06.009,1,1
11537,588aca26ed1bfc095abf2de16bf97b57,91.0,3,1786718947007,2026-08-14T21:49:07.007,1,1
11538,588aca26ed1bfc095abf2de16bf97b57,90.0,3,1786718948007,2026-08-14T21:49:08.007,1,1
11539,588aca26ed1bfc095abf2de16bf97b57,90.0,3,1786718949008,2026-08-14T21:49:09.008,1,1
11540,588aca26ed1bfc095abf2de16bf97b57,90.0,3,1786718950007,2026-08-14T21:49:10.007,1,1
11541,588aca26ed1bfc095abf2de16bf97b57,90.0,3,1786718951009,2026-08-14T21:49:11.009,1,1
11542,588aca26ed1bfc095abf2de16bf97b57,90.0,3,1786718952008,2026-08-14T21:49:12.008,1,1
11543,588aca26ed1bfc095abf2de16bf97b57,90.0,3,1786718953007,2026-08-14T21:49:13.007,1,1
11544,588aca26ed1bfc095abf2de16bf97b57,90.0,3,1786718954007,2026-08-14T21:49:14.007,1,1
11545,588aca26ed1bfc095abf2de16bf97b57,89.0,3,1786718955008,2026-08-14T21:49:15.008,1,1
11546,588aca26ed1bfc095abf2de16bf97b57,89.0,3,1786718956008,2026-08-14T21:49:16.008,1,1
11547,588aca26ed1bfc095abf2de16bf97b57,90.0,3,1786718957008,2026-08-14T21:49:17.008,1,1
11548,588aca26ed1bfc095abf2de16bf97b57,90.0,3,1786718958007,2026-08-14T21:49:18.007,1,1
11549,588aca26ed1bfc095abf2de16bf97b57,90.0,3,1786718959007,2026-08-14T21:49:19.007,1,1
11550,588aca26ed1bfc095abf2de16bf97b57,90.0,3,1786718960007,2026-08-14T21:49:20.007,1,1
11551,588aca26ed1bfc095abf2de16bf97b57,89.0,3,1786718961007,2026-08-14T21:49:21.007,1,1
11552,588aca26ed1bfc095abf2de16bf97b57,88.0,3,1786718962010,2026-08-14T21:49:22.010,1,1
11553,588aca26ed1bfc095abf2de16bf97b57,89.0,3,1786718963010,2026-08-14T21:49:23.010,1,1
11554,588aca26ed1bfc095abf2de16bf97b57,89.0,3,1786718964009,2026-08-14T21:49:24.009,1,1
11555,588aca26ed1bfc095abf2de16bf97b57,89.0,3,1786718965012,2026-08-14T21:49:25.012,1,1
11556,588aca26ed1bfc095abf2de16bf97b57,90.0,3,1786718966010,2026-08-14T21:49:26.010,1,1
11557,588aca26ed1bfc095abf2de16bf97b57,90.0,3,1786718967010,2026-08-14T21:49:27.010,1,1
11558,588aca26ed1bfc095abf2de16bf97b57,90.0,3,1786718968008,2026-08-14T21:49:28.008,1,1
11559,588aca26ed1bfc095abf2de16bf97b57,91.0,3,1786718969009,2026-08-14T21:49:29.009,1,1
11560,588aca26ed1bfc095abf2de16bf97b57,91.0,3,1786718970008,2026-08-14T21:49:30.008,1,1
11561,588aca26ed1bfc095abf2de16bf97b57,90.0,3,1786718971008,2026-08-14T21:49:31.008,1,1
11562,588aca26ed1bfc095abf2de16bf97b57,89.0,3,1786718972008,2026-08-14T21:49:32.008,1,1
11563,588aca26ed1bfc095abf2de16bf97b57,88.0,3,1786718973008,2026-08-14T21:49:33.008,1,1
11564,588aca26ed1bfc095abf2de16bf97b57,87.0,3,1786718974009,2026-08-14T21:49:34.009,1,1
11565,588aca26ed1bfc095abf2de16bf97b57,87.0,3,1786718975007,2026-08-14T21:49:35.007,1,1
11566,588aca26ed1bfc095abf2de16bf97b57,87.0,3,1786718976008,2026-08-14T21:49:36.008,1,1
11567,588aca26ed1bfc095abf2de16bf97b57,87.0,3,1786718977007,2026-08-14T21:49:37.007,1,1
11568,588aca26ed1bfc095abf2de16bf97b57,87.0,3,1786718978008,2026-08-14T21:49:38.008,1,1
11569,588aca26ed1bfc095abf2de16bf97b57,87.0,3,1786718979008,2026-08-14T21:49:39.008,1,1
11570,588aca26ed1bfc095abf2de16bf97b57,87.0,3,1786718980008,2026-08-14T21:49:40.008,1,1
11571,588aca26ed1bfc095abf2de16bf97b57,87.0,3,1786718981007,2026-08-14T21:49:41.007,1,1
11572,588aca26ed1bfc095abf2de16bf97b57,88.0,3,1786718982007,2026-08-14T21:49:42.007,1,1
11573,588aca26ed1bfc095abf2de16bf97b57,89.0,3,1786718983008,2026-08-14T21:49:43.008,1,1
11574,588aca26ed1bfc095abf2de16bf97b57,90.0,3,1786718984011,2026-08-14T21:49:44.011,1,1
11575,588aca26ed1bfc095abf2de16bf97b57,90.0,3,1786718985011,2026-08-14T21:49:45.011,1,1
11576,588aca26ed1bfc095abf2de16bf97b57,91.0,3,1786718986014,2026-08-14T21:49:46.014,1,1
11577,588aca26ed1bfc095abf2de16bf97b57,92.0,3,1786718987012,2026-08-14T21:49:47.012,1,1
11578,588aca26ed1bfc095abf2de16bf97b57,93.0,3,1786718988009,2026-08-14T21:49:48.009,1,1
11579,588aca26ed1bfc095abf2de16bf97b57,94.0,3,1786718989009,2026-08-14T21:49:49.009,1,1
11580,588aca26ed1bfc095abf2de16bf97b57,94.0,3,1786718990008,2026-08-14T21:49:50.008,1,1
11581,588aca26ed1bfc095abf2de16bf97b57,95.0,3,1786718991009,2026-08-14T21:49:51.009,1,1
11582,588aca26ed1bfc095abf2de16bf97b57,95.0,3,1786718992008,2026-08-14T21:49:52.008,1,1
11583,588aca26ed1bfc095abf2de16bf97b57,95.0,3,1786718993008,2026-08-14T21:49:53.008,1,1
11584,588aca26ed1bfc095abf2de16bf97b57,94.0,3,1786718994008,2026-08-14T21:49:54.008,1,1
11585,588aca26ed1bfc095abf2de16bf97b57,93.0,3,1786718995007,2026-08-14T21:49:55.007,1,1
11586,588aca26ed1bfc095abf2de16bf97b57,92.0,3,1786718996008,2026-08-14T21:49:56.008,1,1
11587,588aca26ed1bfc095abf2de16bf97b57,91.0,3,1786718997008,2026-08-14T21:49:57.008,1,1
11588,588aca26ed1bfc095abf2de16bf97b57,91.0,3,1786718998008,2026-08-14T21:49:58.008,1,1
11589,588aca26ed1bfc095abf2de16bf97b57,91.0,3,1786718999008,2026-08-14T21:49:59.008,1,1
11590,588aca26ed1bfc095abf2de16bf97b57,93.0,3,1786719000008,2026-08-14T21:50:00.008,1,1
11591,588aca26ed1bfc095abf2de16bf97b57,93.0,3,1786719001008,2026-08-14T21:50:01.008,1,1
11592,588aca26ed1bfc095abf2de16bf97b57,94.0,3,1786719002008,2026-08-14T21:50:02.008,1,1
11593,588aca26ed1bfc095abf2de16bf97b57,96.0,3,1786719003008,2026-08-14T21:50:03.008,1,1
11594,588aca26ed1bfc095abf2de16bf97b57,97.0,3,1786719004007,2026-08-14T21:50:04.007,1,1
11595,588aca26ed1bfc095abf2de16bf97b57,97.0,3,1786719005008,2026-08-14T21:50:05.008,1,1
11596,588aca26ed1bfc095abf2de16bf97b57,95.0,3,1786719006008,2026-08-14T21:50:06.008,1,1
11597,588aca26ed1bfc095abf2de16bf97b57,94.0,3,1786719007008,2026-08-14T21:50:07.008,1,1
11598,588aca26ed1bfc095abf2de16bf97b57,92.0,3,1786719008009,2026-08-14T21:50:08.009,1,1
11599,588aca26ed1bfc095abf2de16bf97b57,92.0,3,1786719009009,2026-08-14T21:50:09.009,1,1
11600,588aca26ed1bfc095abf2de16bf97b57,93.0,3,1786719010009,2026-08-14T21:50:10.009,1,1
11601,588aca26ed1bfc095abf2de16bf97b57,94.0,3,1786719011010,2026-08-14T21:50:11.010,1,1
11602,588aca26ed1bfc095abf2de16bf97b57,93.0,3,1786719012017,2026-08-14T21:50:12.017,1,1
11603,588aca26ed1bfc095abf2de16bf97b57,92.0,3,1786719013010,2026-08-14T21:50:13.010,1,1
11604,588aca26ed1bfc095abf2de16bf97b57,91.0,3,1786719014009,2026-08-14T21:50:14.009,1,1
11605,588aca26ed1bfc095abf2de16bf97b57,90.0,3,1786719015008,2026-08-14T21:50:15.008,1,1
11606,588aca26ed1bfc095abf2de16bf97b57,91.0,3,1786719016016,2026-08-14T21:50:16.016,1,1
11607,588aca26ed1bfc095abf2de16bf97b57,91.0,3,1786719017008,2026-08-14T21:50:17.008,1,1
11608,588aca26ed1bfc095abf2de16bf97b57,90.0,3,1786719018008,2026-08-14T21:50:18.008,1,1
11609,588aca26ed1bfc095abf2de16bf97b57,90.0,3,1786719019008,2026-08-14T21:50:19.008,1,1
11610,588aca26ed1bfc095abf2de16bf97b57,91.0,3,1786719020007,2026-08-14T21:50:20.007,1,1
11611,588aca26ed1bfc095abf2de16bf97b57,92.0,3,1786719021015,2026-08-14T21:50:21.015,1,1
11612,588aca26ed1bfc095abf2de16bf97b57,91.0,3,1786719022013,2026-08-14T21:50:22.013,1,1
11613,588aca26ed1bfc095abf2de16bf97b57,89.0,3,1786719023008,2026-08-14T21:50:23.008,1,1
11614,588aca26ed1bfc095abf2de16bf97b57,88.0,3,1786719024008,2026-08-14T21:50:24.008,1,1
11615,588aca26ed1bfc095abf2de16bf97b57,87.0,3,1786719025007,2026-08-14T21:50:25.007,1,1
11616,588aca26ed1bfc095abf2de16bf97b57,87.0,3,1786719026008,2026-08-14T21:50:26.008,1,1
11617,588aca26ed1bfc095abf2de16bf97b57,87.0,3,1786719027008,2026-08-14T21:50:27.008,1,1
11618,588aca26ed1bfc095abf2de16bf97b57,87.0,3,1786719028008,2026-08-14T21:50:28.008,1,1
11619,588aca26ed1bfc095abf2de16bf97b57,86.0,3,1786719029008,2026-08-14T21:50:29.008,1,1
11620,588aca26ed1bfc095abf2de16bf97b57,86.0,3,1786719030008,2026-08-14T21:50:30.008,1,1
11621,588aca26ed1bfc095abf2de16bf97b57,86.0,3,1786719031007,2026-08-14T21:50:31.007,1,1
11622,588aca26ed1bfc095abf2de16bf97b57,86.0,3,1786719032007,2026-08-14T21:50:32.007,1,1
11623,588aca26ed1bfc095abf2de16bf97b57,85.0,3,1786719033008,2026-08-14T21:50:33.008,1,1
11624,588aca26ed1bfc095abf2de16bf97b57,86.0,3,1786719034008,2026-08-14T21:50:34.008,1,1
11625,588aca26ed1bfc095abf2de16bf97b57,85.0,3,1786719035009,2026-08-14T21:50:35.009,1,1
11626,588aca26ed1bfc095abf2de16bf97b57,86.0,3,1786719036025,2026-08-14T21:50:36.025,1,1
11627,588aca26ed1bfc095abf2de16bf97b57,87.0,3,1786719037016,2026-08-14T21:50:37.016,1,1
11628,588aca26ed1bfc095abf2de16bf97b57,87.0,3,1786719038011,2026-08-14T21:50:38.011,1,1
11629,588aca26ed1bfc095abf2de16bf97b57,87.0,3,1786719039013,2026-08-14T21:50:39.013,1,1
11630,588aca26ed1bfc095abf2de16bf97b57,86.0,3,1786719040011,2026-08-14T21:50:40.011,1,1
11631,588aca26ed1bfc095abf2de16bf97b57,86.0,3,1786719041010,2026-08-14T21:50:41.010,1,1
11632,588aca26ed1bfc095abf2de16bf97b57,86.0,3,1786719042010,2026-08-14T21:50:42.010,1,1
11633,588aca26ed1bfc095abf2de16bf97b57,86.0,3,1786719043009,2026-08-14T21:50:43.009,1,1
11634,588aca26ed1bfc095abf2de16bf97b57,86.0,3,1786719044007,2026-08-14T21:50:44.007,1,1
11635,588aca26ed1bfc095abf2de16bf97b57,86.0,3,1786719045008,2026-08-14T21:50:45.008,1,1
11636,588aca26ed1bfc095abf2de16bf97b57,86.0,3,1786719046008,2026-08-14T21:50:46.008,1,1
11637,588aca26ed1bfc095abf2de16bf97b57,85.0,3,1786719047008,2026-08-14T21:50:47.008,1,1
11638,588aca26ed1bfc095abf2de16bf97b57,85.0,3,1786719048008,2026-08-14T21:50:48.008,1,1
11639,588aca26ed1bfc095abf2de16bf97b57,84.0,3,1786719049008,2026-08-14T21:50:49.008,1,1
11640,588aca26ed1bfc095abf2de16bf97b57,84.0,3,1786719050008,2026-08-14T21:50:50.008,1,1
11641,588aca26ed1bfc095abf2de16bf97b57,84.0,3,1786719051008,2026-08-14T21:50:51.008,1,1
11642,588aca26ed1bfc095abf2de16bf97b57,84.0,3,1786719052008,2026-08-14T21:50:52.008,1,1
11643,588aca26ed1bfc095abf2de16bf97b57,84.0,3,1786719053008,2026-08-14T21:50:53.008,1,1
11644,588aca26ed1bfc095abf2de16bf97b57,84.0,3,1786719054008,2026-08-14T21:50:54.008,1,1
11645,588aca26ed1bfc095abf2de16bf97b57,84.0,3,1786719055008,2026-08-14T21:50:55.008,1,1
11646,588aca26ed1bfc095abf2de16bf97b57,85.0,3,1786719056008,2026-08-14T21:50:56.008,1,1
11647,588aca26ed1bfc095abf2de16bf97b57,85.0,3,1786719057008,2026-08-14T21:50:57.008,1,1
11648,588aca26ed1bfc095abf2de16bf97b57,86.0,3,1786719058008,2026-08-14T21:50:58.008,1,1
11649,588aca26ed1bfc095abf2de16bf97b57,87.0,3,1786719059008,2026-08-14T21:50:59.008,1,1
11650,588aca26ed1bfc095abf2de16bf97b57,87.0,3,1786719060008,2026-08-14T21:51:00.008,1,1
11651,588aca26ed1bfc095abf2de16bf97b57,88.0,3,1786719061008,2026-08-14T21:51:01.008,1,1
11652,588aca26ed1bfc095abf2de16bf97b57,88.0,3,1786719062009,2026-08-14T21:51:02.009,1,1
11653,588aca26ed1bfc095abf2de16bf97b57,87.0,3,1786719063007,2026-08-14T21:51:03.007,1,1
11654,588aca26ed1bfc095abf2de16bf97b57,86.0,3,1786719064007,2026-08-14T21:51:04.007,1,1
11655,588aca26ed1bfc095abf2de16bf97b57,86.0,3,1786719065007,2026-08-14T21:51:05.007,1,1
11656,588aca26ed1bfc095abf2de16bf97b57,87.0,3,1786719066008,2026-08-14T21:51:06.008,1,1
11657,588aca26ed1bfc095abf2de16bf97b57,88.0,3,1786719067007,2026-08-14T21:51:07.007,1,1
11658,588aca26ed1bfc095abf2de16bf97b57,89.0,3,1786719068007,2026-08-14T21:51:08.007,1,1
11659,588aca26ed1bfc095abf2de16bf97b57,90.0,3,1786719069008,2026-08-14T21:51:09.008,1,1
11660,588aca26ed1bfc095abf2de16bf97b57,90.0,3,1786719070007,2026-08-14T21:51:10.007,1,1
11661,588aca26ed1bfc095abf2de16bf97b57,90.0,3,1786719071009,2026-08-14T21:51:11.009,1,1
11662,588aca26ed1bfc095abf2de16bf97b57,92.0,3,1786719072015,2026-08-14T21:51:12.015,1,1
11663,588aca26ed1bfc095abf2de16bf97b57,93.0,3,1786719073010,2026-08-14T21:51:13.010,1,1
11664,588aca26ed1bfc095abf2de16bf97b57,93.0,3,1786719074015,2026-08-14T21:51:14.015,1,1
11665,588aca26ed1bfc095abf2de16bf97b57,93.0,3,1786719075016,2026-08-14T21:51:15.016,1,1
11666,588aca26ed1bfc095abf2de16bf97b57,93.0,3,1786719076015,2026-08-14T21:51:16.015,1,1
11667,588aca26ed1bfc095abf2de16bf97b57,92.0,3,1786719077014,2026-08-14T21:51:17.014,1,1
11668,588aca26ed1bfc095abf2de16bf97b57,91.0,3,1786719078014,2026-08-14T21:51:18.014,1,1
11669,588aca26ed1bfc095abf2de16bf97b57,91.0,3,1786719079009,2026-08-14T21:51:19.009,1,1
11670,588aca26ed1bfc095abf2de16bf97b57,91.0,3,1786719080010,2026-08-14T21:51:20.010,1,1
11671,588aca26ed1bfc095abf2de16bf97b57,91.0,3,1786719081010,2026-08-14T21:51:21.010,1,1
11672,588aca26ed1bfc095abf2de16bf97b57,92.0,3,1786719082009,2026-08-14T21:51:22.009,1,1
11673,588aca26ed1bfc095abf2de16bf97b57,92.0,3,1786719083007,2026-08-14T21:51:23.007,1,1
11674,588aca26ed1bfc095abf2de16bf97b57,91.0,3,1786719084008,2026-08-14T21:51:24.008,1,1
11675,588aca26ed1bfc095abf2de16bf97b57,90.0,3,1786719085015,2026-08-14T21:51:25.015,1,1
11676,588aca26ed1bfc095abf2de16bf97b57,89.0,3,1786719086008,2026-08-14T21:51:26.008,1,1
11677,588aca26ed1bfc095abf2de16bf97b57,88.0,3,1786719087008,2026-08-14T21:51:27.008,1,1
11678,588aca26ed1bfc095abf2de16bf97b57,88.0,3,1786719088008,2026-08-14T21:51:28.008,1,1
11679,588aca26ed1bfc095abf2de16bf97b57,89.0,3,1786719089008,2026-08-14T21:51:29.008,1,1
11680,588aca26ed1bfc095abf2de16bf97b57,90.0,3,1786719090008,2026-08-14T21:51:30.008,1,1
11681,588aca26ed1bfc095abf2de16bf97b57,91.0,3,1786719091009,2026-08-14T21:51:31.009,1,1
11682,588aca26ed1bfc095abf2de16bf97b57,93.0,3,1786719092009,2026-08-14T21:51:32.009,1,1
11683,588aca26ed1bfc095abf2de16bf97b57,93.0,3,1786719093008,2026-08-14T21:51:33.008,1,1
11684,588aca26ed1bfc095abf2de16bf97b57,92.0,3,1786719094008,2026-08-14T21:51:34.008,1,1
11685,588aca26ed1bfc095abf2de16bf97b57,92.0,3,1786719095008,2026-08-14T21:51:35.008,1,1
11686,588aca26ed1bfc095abf2de16bf97b57,91.0,3,1786719096008,2026-08-14T21:51:36.008,1,1
11687,588aca26ed1bfc095abf2de16bf97b57,92.0,3,1786719097008,2026-08-14T21:51:37.008,1,1
11688,588aca26ed1bfc095abf2de16bf97b57,93.0,3,1786719098007,2026-08-14T21:51:38.007,1,1
11689,588aca26ed1bfc095abf2de16bf97b57,93.0,3,1786719099007,2026-08-14T21:51:39.007,1,1
11690,588aca26ed1bfc095abf2de16bf97b57,92.0,3,1786719100008,2026-08-14T21:51:40.008,1,1
11691,588aca26ed1bfc095abf2de16bf97b57,91.0,3,1786719101007,2026-08-14T21:51:41.007,1,1
11692,588aca26ed1bfc095abf2de16bf97b57,90.0,3,1786719102008,2026-08-14T21:51:42.008,1,1
11693,588aca26ed1bfc095abf2de16bf97b57,88.0,3,1786719103008,2026-08-14T21:51:43.008,1,1
11694,588aca26ed1bfc095abf2de16bf97b57,87.0,3,1786719104009,2026-08-14T21:51:44.009,1,1
11695,588aca26ed1bfc095abf2de16bf97b57,87.0,3,1786719105007,2026-08-14T21:51:45.007,1,1
11696,588aca26ed1bfc095abf2de16bf97b57,89.0,3,1786719106008,2026-08-14T21:51:46.008,1,1
11697,588aca26ed1bfc095abf2de16bf97b57,90.0,3,1786719107008,2026-08-14T21:51:47.008,1,1
11698,588aca26ed1bfc095abf2de16bf97b57,91.0,3,1786719108007,2026-08-14T21:51:48.007,1,1
11699,588aca26ed1bfc095abf2de16bf97b57,91.0,3,1786719109008,2026-08-14T21:51:49.008,1,1
11700,588aca26ed1bfc095abf2de16bf97b57,90.0,3,1786719110007,2026-08-14T21:51:50.007,1,1
11701,588aca26ed1bfc095abf2de16bf97b57,89.0,3,1786719111007,2026-08-14T21:51:51.007,1,1
11702,588aca26ed1bfc095abf2de16bf97b57,88.0,3,1786719112007,2026-08-14T21:51:52.007,1,1
11703,588aca26ed1bfc095abf2de16bf97b57,87.0,3,1786719113008,2026-08-14T21:51:53.008,1,1
11704,588aca26ed1bfc095abf2de16bf97b57,87.0,3,1786719114007,2026-08-14T21:51:54.007,1,1
11705,588aca26ed1bfc095abf2de16bf97b57,87.0,3,1786719115007,2026-08-14T21:51:55.007,1,1
11706,588aca26ed1bfc095abf2de16bf97b57,87.0,3,1786719116030,2026-08-14T21:51:56.030,1,1
11707,588aca26ed1bfc095abf2de16bf97b57,87.0,3,1786719117021,2026-08-14T21:51:57.021,1,1
11708,588aca26ed1bfc095abf2de16bf97b57,87.0,3,1786719118017,2026-08-14T21:51:58.017,1,0
11709,588aca26ed1bfc095abf2de16bf97b57,88.0,3,1786719119016,2026-08-14T21:51:59.016,1,1
11710,588aca26ed1bfc095abf2de16bf97b57,89.0,3,1786719120015,2026-08-14T21:52:00.015,1,1
11711,588aca26ed1bfc095abf2de16bf97b57,89.0,3,1786719121014,2026-08-14T21:52:01.014,1,1
11712,588aca26ed1bfc095abf2de16bf97b57,90.0,3,1786719122011,2026-08-14T21:52:02.011,1,1
11713,588aca26ed1bfc095abf2de16bf97b57,91.0,3,1786719123009,2026-08-14T21:52:03.009,1,1
11714,588aca26ed1bfc095abf2de16bf97b57,92.0,3,1786719124009,2026-08-14T21:52:04.009,1,1
11715,588aca26ed1bfc095abf2de16bf97b57,90.0,3,1786719125007,2026-08-14T21:52:05.007,1,1
11716,588aca26ed1bfc095abf2de16bf97b57,89.0,3,1786719126008,2026-08-14T21:52:06.008,1,1
11717,588aca26ed1bfc095abf2de16bf97b57,89.0,3,1786719127008,2026-08-14T21:52:07.008,1,1
11718,588aca26ed1bfc095abf2de16bf97b57,89.0,3,1786719128009,2026-08-14T21:52:08.009,1,1
11719,588aca26ed1bfc095abf2de16bf97b57,90.0,3,1786719129010,2026-08-14T21:52:09.010,1,1
11720,588aca26ed1bfc095abf2de16bf97b57,90.0,3,1786719130008,2026-08-14T21:52:10.008,1,1
11721,588aca26ed1bfc095abf2de16bf97b57,91.0,3,1786719131008,2026-08-14T21:52:11.008,1,1
11722,588aca26ed1bfc095abf2de16bf97b57,92.0,3,1786719132016,2026-08-14T21:52:12.016,1,1
11723,588aca26ed1bfc095abf2de16bf97b57,92.0,3,1786719133008,2026-08-14T21:52:13.008,1,1
11724,588aca26ed1bfc095abf2de16bf97b57,92.0,3,1786719134008,2026-08-14T21:52:14.008,1,1
11725,588aca26ed1bfc095abf2de16bf97b57,92.0,3,1786719135008,2026-08-14T21:52:15.008,1,1
11726,588aca26ed1bfc095abf2de16bf97b57,92.0,3,1786719136008,2026-08-14T21:52:16.008,1,1
11727,588aca26ed1bfc095abf2de16bf97b57,93.0,3,1786719137009,2026-08-14T21:52:17.009,1,1
11728,588aca26ed1bfc095abf2de16bf97b57,93.0,3,1786719138008,2026-08-14T21:52:18.008,1,1
11729,588aca26ed1bfc095abf2de16bf97b57,93.0,3,1786719139007,2026-08-14T21:52:19.007,1,1
11730,588aca26ed1bfc095abf2de16bf97b57,95.0,3,1786719140007,2026-08-14T21:52:20.007,1,1
11731,588aca26ed1bfc095abf2de16bf97b57,96.0,3,1786719141007,2026-08-14T21:52:21.007,1,1
11732,588aca26ed1bfc095abf2de16bf97b57,96.0,3,1786719142007,2026-08-14T21:52:22.007,1,1
11733,588aca26ed1bfc095abf2de16bf97b57,95.0,3,1786719143007,2026-08-14T21:52:23.007,1,1
11734,588aca26ed1bfc095abf2de16bf97b57,94.0,3,1786719144007,2026-08-14T21:52:24.007,1,1
11735,588aca26ed1bfc095abf2de16bf97b57,92.0,3,1786719145007,2026-08-14T21:52:25.007,1,1
11736,588aca26ed1bfc095abf2de16bf97b57,91.0,3,1786719146008,2026-08-14T21:52:26.008,1,1
11737,588aca26ed1bfc095abf2de16bf97b57,90.0,3,1786719147008,2026-08-14T21:52:27.008,1,1
11738,588aca26ed1bfc095abf2de16bf97b57,91.0,3,1786719148009,2026-08-14T21:52:28.009,1,1
11739,588aca26ed1bfc095abf2de16bf97b57,92.0,3,1786719149008,2026-08-14T21:52:29.008,1,1
11740,588aca26ed1bfc095abf2de16bf97b57,93.0,3,1786719150007,2026-08-14T21:52:30.007,1,1
11741,588aca26ed1bfc095abf2de16bf97b57,94.0,3,1786719151008,2026-08-14T21:52:31.008,1,1
11742,588aca26ed1bfc095abf2de16bf97b57,94.0,3,1786719152008,2026-08-14T21:52:32.008,1,1
11743,588aca26ed1bfc095abf2de16bf97b57,94.0,3,1786719153008,2026-08-14T21:52:33.008,1,1
11744,588aca26ed1bfc095abf2de16bf97b57,94.0,3,1786719154007,2026-08-14T21:52:34.007,1,1
11745,588aca26ed1bfc095abf2de16bf97b57,94.0,3,1786719155008,2026-08-14T21:52:35.008,1,1
11746,588aca26ed1bfc095abf2de16bf97b57,93.0,3,1786719156009,2026-08-14T21:52:36.009,1,1
11747,588aca26ed1bfc095abf2de16bf97b57,94.0,3,1786719157016,2026-08-14T21:52:37.016,1,1
11748,588aca26ed1bfc095abf2de16bf97b57,93.0,3,1786719158016,2026-08-14T21:52:38.016,1,1
11749,588aca26ed1bfc095abf2de16bf97b57,93.0,3,1786719159008,2026-08-14T21:52:39.008,1,1
11750,588aca26ed1bfc095abf2de16bf97b57,93.0,3,1786719160014,2026-08-14T21:52:40.014,1,1
11751,588aca26ed1bfc095abf2de16bf97b57,93.0,3,1786719161012,2026-08-14T21:52:41.012,1,1
11752,588aca26ed1bfc095abf2de16bf97b57,93.0,3,1786719162013,2026-08-14T21:52:42.013,1,1
11753,588aca26ed1bfc095abf2de16bf97b57,92.0,3,1786719163010,2026-08-14T21:52:43.010,1,1
11754,588aca26ed1bfc095abf2de16bf97b57,94.0,3,1786719164011,2026-08-14T21:52:44.011,1,1
11755,588aca26ed1bfc095abf2de16bf97b57,93.0,3,1786719165008,2026-08-14T21:52:45.008,1,1
11756,588aca26ed1bfc095abf2de16bf97b57,92.0,3,1786719166009,2026-08-14T21:52:46.009,1,1
11757,588aca26ed1bfc095abf2de16bf97b57,91.0,3,1786719167008,2026-08-14T21:52:47.008,1,1
11758,588aca26ed1bfc095abf2de16bf97b57,91.0,3,1786719168008,2026-08-14T21:52:48.008,1,1
11759,588aca26ed1bfc095abf2de16bf97b57,91.0,3,1786719169007,2026-08-14T21:52:49.007,1,1
11760,588aca26ed1bfc095abf2de16bf97b57,91.0,3,1786719170008,2026-08-14T21:52:50.008,1,1
11761,588aca26ed1bfc095abf2de16bf97b57,92.0,3,1786719171010,2026-08-14T21:52:51.010,1,1
11762,588aca26ed1bfc095abf2de16bf97b57,92.0,3,1786719172008,2026-08-14T21:52:52.008,1,1
11763,588aca26ed1bfc095abf2de16bf97b57,93.0,3,1786719173007,2026-08-14T21:52:53.007,1,1
11764,588aca26ed1bfc095abf2de16bf97b57,94.0,3,1786719174007,2026-08-14T21:52:54.007,1,1
11765,588aca26ed1bfc095abf2de16bf97b57,95.0,3,1786719175007,2026-08-14T21:52:55.007,1,1
11766,588aca26ed1bfc095abf2de16bf97b57,95.0,3,1786719176008,2026-08-14T21:52:56.008,1,1
11767,588aca26ed1bfc095abf2de16bf97b57,94.0,3,1786719177010,2026-08-14T21:52:57.010,1,1
11768,588aca26ed1bfc095abf2de16bf97b57,94.0,3,1786719178010,2026-08-14T21:52:58.010,1,1
11769,588aca26ed1bfc095abf2de16bf97b57,93.0,3,1786719179010,2026-08-14T21:52:59.010,1,1
11770,588aca26ed1bfc095abf2de16bf97b57,94.0,3,1786719180009,2026-08-14T21:53:00.009,1,1
11771,588aca26ed1bfc095abf2de16bf97b57,93.0,3,1786719181009,2026-08-14T21:53:01.009,1,1
11772,588aca26ed1bfc095abf2de16bf97b57,93.0,3,1786719182010,2026-08-14T21:53:02.010,1,1
11773,588aca26ed1bfc095abf2de16bf97b57,93.0,3,1786719183010,2026-08-14T21:53:03.010,1,1
11774,588aca26ed1bfc095abf2de16bf97b57,92.0,3,1786719184010,2026-08-14T21:53:04.010,1,1
11775,588aca26ed1bfc095abf2de16bf97b57,92.0,3,1786719185010,2026-08-14T21:53:05.010,1,1
11776,588aca26ed1bfc095abf2de16bf97b57,91.0,3,1786719186010,2026-08-14T21:53:06.010,1,1
11777,588aca26ed1bfc095abf2de16bf97b57,91.0,3,1786719187009,2026-08-14T21:53:07.009,1,1
11778,588aca26ed1bfc095abf2de16bf97b57,91.0,3,1786719188009,2026-08-14T21:53:08.009,1,1
11779,588aca26ed1bfc095abf2de16bf97b57,92.0,3,1786719189010,2026-08-14T21:53:09.010,1,1
11780,588aca26ed1bfc095abf2de16bf97b57,92.0,3,1786719190009,2026-08-14T21:53:10.009,1,1
11781,588aca26ed1bfc095abf2de16bf97b57,93.0,3,1786719191009,2026-08-14T21:53:11.009,1,1
11782,588aca26ed1bfc095abf2de16bf97b57,93.0,3,1786719192010,2026-08-14T21:53:12.010,1,1
11783,588aca26ed1bfc095abf2de16bf97b57,93.0,3,1786719193007,2026-08-14T21:53:13.007,1,1
11784,588aca26ed1bfc095abf2de16bf97b57,93.0,3,1786719194007,2026-08-14T21:53:14.007,1,1
11785,588aca26ed1bfc095abf2de16bf97b57,93.0,3,1786719195008,2026-08-14T21:53:15.008,1,1
11786,588aca26ed1bfc095abf2de16bf97b57,94.0,3,1786719196009,2026-08-14T21:53:16.009,1,1
11787,588aca26ed1bfc095abf2de16bf97b57,94.0,3,1786719197011,2026-08-14T21:53:17.011,1,1
11788,588aca26ed1bfc095abf2de16bf97b57,95.0,3,1786719198009,2026-08-14T21:53:18.009,1,1
11789,588aca26ed1bfc095abf2de16bf97b57,95.0,3,1786719199007,2026-08-14T21:53:19.007,1,1
11790,588aca26ed1bfc095abf2de16bf97b57,94.0,3,1786719200008,2026-08-14T21:53:20.008,1,1
11791,588aca26ed1bfc095abf2de16bf97b57,95.0,3,1786719201008,2026-08-14T21:53:21.008,1,1
11792,588aca26ed1bfc095abf2de16bf97b57,96.0,3,1786719202008,2026-08-14T21:53:22.008,1,1
11793,588aca26ed1bfc095abf2de16bf97b57,96.0,3,1786719203013,2026-08-14T21:53:23.013,1,1
11794,588aca26ed1bfc095abf2de16bf97b57,96.0,3,1786719204008,2026-08-14T21:53:24.008,1,1
11795,588aca26ed1bfc095abf2de16bf97b57,96.0,3,1786719205008,2026-08-14T21:53:25.008,1,1
11796,588aca26ed1bfc095abf2de16bf97b57,95.0,3,1786719206008,2026-08-14T21:53:26.008,1,1
11797,588aca26ed1bfc095abf2de16bf97b57,94.0,3,1786719207011,2026-08-14T21:53:27.011,1,1
11798,588aca26ed1bfc095abf2de16bf97b57,93.0,3,1786719208008,2026-08-14T21:53:28.008,1,1
11799,588aca26ed1bfc095abf2de16bf97b57,93.0,3,1786719209008,2026-08-14T21:53:29.008,1,1
11800,588aca26ed1bfc095abf2de16bf97b57,93.0,3,1786719210008,2026-08-14T21:53:30.008,1,1
11801,588aca26ed1bfc095abf2de16bf97b57,92.0,3,1786719211009,2026-08-14T21:53:31.009,1,1
11802,588aca26ed1bfc095abf2de16bf97b57,92.0,3,1786719212007,2026-08-14T21:53:32.007,1,1
11803,588aca26ed1bfc095abf2de16bf97b57,92.0,3,1786719213008,2026-08-14T21:53:33.008,1,1
11804,588aca26ed1bfc095abf2de16bf97b57,93.0,3,1786719214008,2026-08-14T21:53:34.008,1,1
11805,588aca26ed1bfc095abf2de16bf97b57,94.0,3,1786719215007,2026-08-14T21:53:35.007,1,1
11806,588aca26ed1bfc095abf2de16bf97b57,95.0,3,1786719216008,2026-08-14T21:53:36.008,1,1
11807,588aca26ed1bfc095abf2de16bf97b57,94.0,3,1786719217008,2026-08-14T21:53:37.008,1,1
11808,588aca26ed1bfc095abf2de16bf97b57,93.0,3,1786719218008,2026-08-14T21:53:38.008,1,1
11809,588aca26ed1bfc095abf2de16bf97b57,92.0,3,1786719219009,2026-08-14T21:53:39.009,1,1
11810,588aca26ed1bfc095abf2de16bf97b57,92.0,3,1786719220008,2026-08-14T21:53:40.008,1,1
11811,588aca26ed1bfc095abf2de16bf97b57,91.0,3,1786719221008,2026-08-14T21:53:41.008,1,1
11812,588aca26ed1bfc095abf2de16bf97b57,91.0,3,1786719222008,2026-08-14T21:53:42.008,1,1
11813,588aca26ed1bfc095abf2de16bf97b57,90.0,3,1786719223007,2026-08-14T21:53:43.007,1,1
11814,588aca26ed1bfc095abf2de16bf97b57,90.0,3,1786719224008,2026-08-14T21:53:44.008,1,1
11815,588aca26ed1bfc095abf2de16bf97b57,89.0,3,1786719225008,2026-08-14T21:53:45.008,1,1
11816,588aca26ed1bfc095abf2de16bf97b57,89.0,3,1786719226017,2026-08-14T21:53:46.017,1,1
11817,588aca26ed1bfc095abf2de16bf97b57,89.0,3,1786719227014,2026-08-14T21:53:47.014,1,1
11818,588aca26ed1bfc095abf2de16bf97b57,89.0,3,1786719228013,2026-08-14T21:53:48.013,1,1
11819,588aca26ed1bfc095abf2de16bf97b57,89.0,3,1786719229012,2026-08-14T21:53:49.012,1,1
11820,588aca26ed1bfc095abf2de16bf97b57,88.0,3,1786719230009,2026-08-14T21:53:50.009,1,1
11821,588aca26ed1bfc095abf2de16bf97b57,88.0,3,1786719231011,2026-08-14T21:53:51.011,1,1
11822,588aca26ed1bfc095abf2de16bf97b57,88.0,3,1786719232010,2026-08-14T21:53:52.010,1,1
11823,588aca26ed1bfc095abf2de16bf97b57,89.0,3,1786719233010,2026-08-14T21:53:53.010,1,1
11824,588aca26ed1bfc095abf2de16bf97b57,89.0,3,1786719234009,2026-08-14T21:53:54.009,1,1
11825,588aca26ed1bfc095abf2de16bf97b57,88.0,3,1786719235008,2026-08-14T21:53:55.008,1,1
11826,588aca26ed1bfc095abf2de16bf97b57,88.0,3,1786719236009,2026-08-14T21:53:56.009,1,1
11827,588aca26ed1bfc095abf2de16bf97b57,90.0,3,1786719237008,2026-08-14T21:53:57.008,1,1
11828,588aca26ed1bfc095abf2de16bf97b57,92.0,3,1786719238009,2026-08-14T21:53:58.009,1,1
11829,588aca26ed1bfc095abf2de16bf97b57,92.0,3,1786719239007,2026-08-14T21:53:59.007,1,1
11830,588aca26ed1bfc095abf2de16bf97b57,92.0,3,1786719240007,2026-08-14T21:54:00.007,1,1
11831,588aca26ed1bfc095abf2de16bf97b57,91.0,3,1786719241008,2026-08-14T21:54:01.008,1,1
11832,588aca26ed1bfc095abf2de16bf97b57,91.0,3,1786719242008,2026-08-14T21:54:02.008,1,1
11833,588aca26ed1bfc095abf2de16bf97b57,90.0,3,1786719243008,2026-08-14T21:54:03.008,1,1
11834,588aca26ed1bfc095abf2de16bf97b57,90.0,3,1786719244008,2026-08-14T21:54:04.008,1,1
11835,588aca26ed1bfc095abf2de16bf97b57,90.0,3,1786719245008,2026-08-14T21:54:05.008,1,1
11836,588aca26ed1bfc095abf2de16bf97b57,90.0,3,1786719246008,2026-08-14T21:54:06.008,1,1
11837,588aca26ed1bfc095abf2de16bf97b57,91.0,3,1786719247008,2026-08-14T21:54:07.008,1,1
11838,588aca26ed1bfc095abf2de16bf97b57,92.0,3,1786719248017,2026-08-14T21:54:08.017,1,1
11839,588aca26ed1bfc095abf2de16bf97b57,93.0,3,1786719249008,2026-08-14T21:54:09.008,1,1
11840,588aca26ed1bfc095abf2de16bf97b57,93.0,3,1786719250008,2026-08-14T21:54:10.008,1,1
11841,588aca26ed1bfc095abf2de16bf97b57,93.0,3,1786719251007,2026-08-14T21:54:11.007,1,1
11842,588aca26ed1bfc095abf2de16bf97b57,93.0,3,1786719252009,2026-08-14T21:54:12.009,1,1
11843,588aca26ed1bfc095abf2de16bf97b57,93.0,3,1786719253007,2026-08-14T21:54:13.007,1,1
11844,588aca26ed1bfc095abf2de16bf97b57,95.0,3,1786719254008,2026-08-14T21:54:14.008,1,1
11845,588aca26ed1bfc095abf2de16bf97b57,94.0,3,1786719255008,2026-08-14T21:54:15.008,1,1
11846,588aca26ed1bfc095abf2de16bf97b57,94.0,3,1786719256007,2026-08-14T21:54:16.007,1,1
11847,588aca26ed1bfc095abf2de16bf97b57,94.0,3,1786719257008,2026-08-14T21:54:17.008,1,1
11848,588aca26ed1bfc095abf2de16bf97b57,94.0,3,1786719258007,2026-08-14T21:54:18.007,1,1
11849,588aca26ed1bfc095abf2de16bf97b57,95.0,3,1786719259008,2026-08-14T21:54:19.008,1,1
11850,588aca26ed1bfc095abf2de16bf97b57,96.0,3,1786719260008,2026-08-14T21:54:20.008,1,1
11851,588aca26ed1bfc095abf2de16bf97b57,96.0,3,1786719261008,2026-08-14T21:54:21.008,1,1
11852,588aca26ed1bfc095abf2de16bf97b57,95.0,3,1786719262007,2026-08-14T21:54:22.007,1,1
11853,588aca26ed1bfc095abf2de16bf97b57,94.0,3,1786719263008,2026-08-14T21:54:23.008,1,1
11854,588aca26ed1bfc095abf2de16bf97b57,93.0,3,1786719264008,2026-08-14T21:54:24.008,1,1
11855,588aca26ed1bfc095abf2de16bf97b57,92.0,3,1786719265008,2026-08-14T21:54:25.008,1,1
11856,588aca26ed1bfc095abf2de16bf97b57,90.0,3,1786719266009,2026-08-14T21:54:26.009,1,1
11857,588aca26ed1bfc095abf2de16bf97b57,90.0,3,1786719267008,2026-08-14T21:54:27.008,1,1
11858,588aca26ed1bfc095abf2de16bf97b57,89.0,3,1786719268008,2026-08-14T21:54:28.008,1,1
11859,588aca26ed1bfc095abf2de16bf97b57,90.0,3,1786719269008,2026-08-14T21:54:29.008,1,1
11860,588aca26ed1bfc095abf2de16bf97b57,89.0,3,1786719270008,2026-08-14T21:54:30.008,1,1
11861,588aca26ed1bfc095abf2de16bf97b57,89.0,3,1786719271008,2026-08-14T21:54:31.008,1,1
11862,588aca26ed1bfc095abf2de16bf97b57,89.0,3,1786719272008,2026-08-14T21:54:32.008,1,1
11863,588aca26ed1bfc095abf2de16bf97b57,88.0,3,1786719273008,2026-08-14T21:54:33.008,1,1
11864,588aca26ed1bfc095abf2de16bf97b57,89.0,3,1786719274008,2026-08-14T21:54:34.008,1,1
11865,588aca26ed1bfc095abf2de16bf97b57,92.0,3,1786719275008,2026-08-14T21:54:35.008,1,1
11866,588aca26ed1bfc095abf2de16bf97b57,95.0,3,1786719276008,2026-08-14T21:54:36.008,1,1
11867,588aca26ed1bfc095abf2de16bf97b57,98.0,3,1786719277008,2026-08-14T21:54:37.008,1,1
11868,588aca26ed1bfc095abf2de16bf97b57,99.0,3,1786719278008,2026-08-14T21:54:38.008,1,1
11869,588aca26ed1bfc095abf2de16bf97b57,97.0,3,1786719279007,2026-08-14T21:54:39.007,1,1
11870,588aca26ed1bfc095abf2de16bf97b57,96.0,3,1786719280008,2026-08-14T21:54:40.008,1,1
11871,588aca26ed1bfc095abf2de16bf97b57,97.0,3,1786719281008,2026-08-14T21:54:41.008,1,1
11872,588aca26ed1bfc095abf2de16bf97b57,98.0,3,1786719282008,2026-08-14T21:54:42.008,1,1
11873,588aca26ed1bfc095abf2de16bf97b57,99.0,3,1786719283008,2026-08-14T21:54:43.008,1,1
11874,588aca26ed1bfc095abf2de16bf97b57,98.0,3,1786719284008,2026-08-14T21:54:44.008,1,1
11875,588aca26ed1bfc095abf2de16bf97b57,98.0,3,1786719285008,2026-08-14T21:54:45.008,1,1
11876,588aca26ed1bfc095abf2de16bf97b57,98.0,3,1786719286008,2026-08-14T21:54:46.008,1,1
11877,588aca26ed1bfc095abf2de16bf97b57,98.0,3,1786719287008,2026-08-14T21:54:47.008,1,1
11878,588aca26ed1bfc095abf2de16bf97b57,98.0,3,1786719288008,2026-08-14T21:54:48.008,1,1
11879,588aca26ed1bfc095abf2de16bf97b57,96.0,3,1786719289007,2026-08-14T21:54:49.007,1,1
11880,588aca26ed1bfc095abf2de16bf97b57,95.0,3,1786719290008,2026-08-14T21:54:50.008,1,1
11881,588aca26ed1bfc095abf2de16bf97b57,93.0,3,1786719291007,2026-08-14T21:54:51.007,1,1
11882,588aca26ed1bfc095abf2de16bf97b57,93.0,3,1786719292008,2026-08-14T21:54:52.008,1,1
11883,588aca26ed1bfc095abf2de16bf97b57,92.0,3,1786719293008,2026-08-14T21:54:53.008,1,1
11884,588aca26ed1bfc095abf2de16bf97b57,92.0,3,1786719294008,2026-08-14T21:54:54.008,1,1
11885,588aca26ed1bfc095abf2de16bf97b57,93.0,3,1786719295008,2026-08-14T21:54:55.008,1,1
11886,588aca26ed1bfc095abf2de16bf97b57,93.0,3,1786719296008,2026-08-14T21:54:56.008,1,1
11887,588aca26ed1bfc095abf2de16bf97b57,94.0,3,1786719297008,2026-08-14T21:54:57.008,1,1
11888,588aca26ed1bfc095abf2de16bf97b57,95.0,3,1786719298008,2026-08-14T21:54:58.008,1,1
11889,588aca26ed1bfc095abf2de16bf97b57,95.0,3,1786719299008,2026-08-14T21:54:59.008,1,1
11890,588aca26ed1bfc095abf2de16bf97b57,94.0,3,1786719300009,2026-08-14T21:55:00.009,1,1
11891,588aca26ed1bfc095abf2de16bf97b57,94.0,3,1786719301008,2026-08-14T21:55:01.008,1,1
11892,588aca26ed1bfc095abf2de16bf97b57,92.0,3,1786719302008,2026-08-14T21:55:02.008,1,1
11893,588aca26ed1bfc095abf2de16bf97b57,91.0,3,1786719303007,2026-08-14T21:55:03.007,1,1
11894,588aca26ed1bfc095abf2de16bf97b57,92.0,3,1786719304008,2026-08-14T21:55:04.008,1,1
11895,588aca26ed1bfc095abf2de16bf97b57,92.0,3,1786719305007,2026-08-14T21:55:05.007,1,1
11896,588aca26ed1bfc095abf2de16bf97b57,93.0,3,1786719306007,2026-08-14T21:55:06.007,1,1
11897,588aca26ed1bfc095abf2de16bf97b57,93.0,3,1786719307010,2026-08-14T21:55:07.010,1,1
11898,588aca26ed1bfc095abf2de16bf97b57,94.0,3,1786719308010,2026-08-14T21:55:08.010,1,1
11899,588aca26ed1bfc095abf2de16bf97b57,94.0,3,1786719309008,2026-08-14T21:55:09.008,1,1
11900,588aca26ed1bfc095abf2de16bf97b57,94.0,3,1786719310010,2026-08-14T21:55:10.010,1,1
11901,588aca26ed1bfc095abf2de16bf97b57,95.0,3,1786719311007,2026-08-14T21:55:11.007,1,1
11902,588aca26ed1bfc095abf2de16bf97b57,94.0,3,1786719312009,2026-08-14T21:55:12.009,1,1
11903,588aca26ed1bfc095abf2de16bf97b57,94.0,3,1786719313007,2026-08-14T21:55:13.007,1,1
11904,588aca26ed1bfc095abf2de16bf97b57,97.0,3,1786719314007,2026-08-14T21:55:14.007,1,1
11905,588aca26ed1bfc095abf2de16bf97b57,98.0,3,1786719315007,2026-08-14T21:55:15.007,1,1
11906,588aca26ed1bfc095abf2de16bf97b57,100.0,3,1786719316007,2026-08-14T21:55:16.007,1,1
11907,588aca26ed1bfc095abf2de16bf97b57,101.0,3,1786719317008,2026-08-14T21:55:17.008,1,1
11908,588aca26ed1bfc095abf2de16bf97b57,102.0,3,1786719318012,2026-08-14T21:55:18.012,1,1
11909,588aca26ed1bfc095abf2de16bf97b57,102.0,3,1786719319008,2026-08-14T21:55:19.008,1,1
11910,588aca26ed1bfc095abf2de16bf97b57,102.0,3,1786719320007,2026-08-14T21:55:20.007,1,1
11911,588aca26ed1bfc095abf2de16bf97b57,101.0,3,1786719321007,2026-08-14T21:55:21.007,1,1
11912,588aca26ed1bfc095abf2de16bf97b57,100.0,3,1786719322008,2026-08-14T21:55:22.008,1,1
11913,588aca26ed1bfc095abf2de16bf97b57,100.0,3,1786719323008,2026-08-14T21:55:23.008,1,0
11914,588aca26ed1bfc095abf2de16bf97b57,100.0,3,1786719324008,2026-08-14T21:55:24.008,1,1
11915,588aca26ed1bfc095abf2de16bf97b57,100.0,3,1786719325008,2026-08-14T21:55:25.008,1,1
11916,588aca26ed1bfc095abf2de16bf97b57,99.0,3,1786719326008,2026-08-14T21:55:26.008,1,1
11917,588aca26ed1bfc095abf2de16bf97b57,98.0,3,1786719327008,2026-08-14T21:55:27.008,1,1
11918,588aca26ed1bfc095abf2de16bf97b57,96.0,3,1786719328008,2026-08-14T21:55:28.008,1,1
11919,588aca26ed1bfc095abf2de16bf97b57,95.0,3,1786719329008,2026-08-14T21:55:29.008,1,1
11920,588aca26ed1bfc095abf2de16bf97b57,94.0,3,1786719330007,2026-08-14T21:55:30.007,1,1
11921,588aca26ed1bfc095abf2de16bf97b57,92.0,3,1786719331008,2026-08-14T21:55:31.008,1,1
11922,588aca26ed1bfc095abf2de16bf97b57,91.0,3,1786719332008,2026-08-14T21:55:32.008,1,1
11923,588aca26ed1bfc095abf2de16bf97b57,89.0,3,1786719333008,2026-08-14T21:55:33.008,1,1
11924,588aca26ed1bfc095abf2de16bf97b57,89.0,3,1786719334008,2026-08-14T21:55:34.008,1,1
11925,588aca26ed1bfc095abf2de16bf97b57,91.0,3,1786719335008,2026-08-14T21:55:35.008,1,1
11926,588aca26ed1bfc095abf2de16bf97b57,91.0,3,1786719336008,2026-08-14T21:55:36.008,1,1
11927,588aca26ed1bfc095abf2de16bf97b57,91.0,3,1786719337008,2026-08-14T21:55:37.008,1,1
11928,588aca26ed1bfc095abf2de16bf97b57,93.0,3,1786719338008,2026-08-14T21:55:38.008,1,1
11929,588aca26ed1bfc095abf2de16bf97b57,95.0,3,1786719339007,2026-08-14T21:55:39.007,1,1
11930,588aca26ed1bfc095abf2de16bf97b57,97.0,3,1786719340008,2026-08-14T21:55:40.008,1,1
11931,588aca26ed1bfc095abf2de16bf97b57,99.0,3,1786719341007,2026-08-14T21:55:41.007,1,1
11932,588aca26ed1bfc095abf2de16bf97b57,99.0,3,1786719342007,2026-08-14T21:55:42.007,1,1
11933,588aca26ed1bfc095abf2de16bf97b57,99.0,3,1786719343008,2026-08-14T21:55:43.008,1,1
11934,588aca26ed1bfc095abf2de16bf97b57,100.0,3,1786719344007,2026-08-14T21:55:44.007,1,1
11935,588aca26ed1bfc095abf2de16bf97b57,101.0,3,1786719345007,2026-08-14T21:55:45.007,1,1
11936,588aca26ed1bfc095abf2de16bf97b57,101.0,3,1786719346007,2026-08-14T21:55:46.007,1,1
11937,588aca26ed1bfc095abf2de16bf97b57,102.0,3,1786719347007,2026-08-14T21:55:47.007,1,1
11938,588aca26ed1bfc095abf2de16bf97b57,101.0,3,1786719348007,2026-08-14T21:55:48.007,1,1
11939,588aca26ed1bfc095abf2de16bf97b57,101.0,3,1786719349008,2026-08-14T21:55:49.008,1,1
11940,588aca26ed1bfc095abf2de16bf97b57,103.0,3,1786719350008,2026-08-14T21:55:50.008,1,1
11941,588aca26ed1bfc095abf2de16bf97b57,105.0,3,1786719351009,2026-08-14T21:55:51.009,1,1
11942,588aca26ed1bfc095abf2de16bf97b57,105.0,3,1786719352008,2026-08-14T21:55:52.008,1,1
11943,588aca26ed1bfc095abf2de16bf97b57,104.0,3,1786719353008,2026-08-14T21:55:53.008,1,1
11944,588aca26ed1bfc095abf2de16bf97b57,104.0,3,1786719354009,2026-08-14T21:55:54.009,1,1
11945,588aca26ed1bfc095abf2de16bf97b57,105.0,3,1786719355019,2026-08-14T21:55:55.019,1,1
11946,588aca26ed1bfc095abf2de16bf97b57,106.0,3,1786719356019,2026-08-14T21:55:56.019,1,1
11947,588aca26ed1bfc095abf2de16bf97b57,107.0,3,1786719357016,2026-08-14T21:55:57.016,1,1
11948,588aca26ed1bfc095abf2de16bf97b57,107.0,3,1786719358016,2026-08-14T21:55:58.016,1,1
11949,588aca26ed1bfc095abf2de16bf97b57,106.0,3,1786719359009,2026-08-14T21:55:59.009,1,1
11950,588aca26ed1bfc095abf2de16bf97b57,105.0,3,1786719360008,2026-08-14T21:56:00.008,1,1
11951,588aca26ed1bfc095abf2de16bf97b57,104.0,3,1786719361007,2026-08-14T21:56:01.007,1,1
11952,588aca26ed1bfc095abf2de16bf97b57,104.0,3,1786719362010,2026-08-14T21:56:02.010,1,1
11953,588aca26ed1bfc095abf2de16bf97b57,103.0,3,1786719363009,2026-08-14T21:56:03.009,1,1
11954,588aca26ed1bfc095abf2de16bf97b57,104.0,3,1786719364008,2026-08-14T21:56:04.008,1,1
11955,588aca26ed1bfc095abf2de16bf97b57,102.0,3,1786719365013,2026-08-14T21:56:05.013,1,1
11956,588aca26ed1bfc095abf2de16bf97b57,100.0,3,1786719366017,2026-08-14T21:56:06.017,1,1
11957,588aca26ed1bfc095abf2de16bf97b57,99.0,3,1786719367014,2026-08-14T21:56:07.014,1,1
11958,588aca26ed1bfc095abf2de16bf97b57,97.0,3,1786719368015,2026-08-14T21:56:08.015,1,1
11959,588aca26ed1bfc095abf2de16bf97b57,96.0,3,1786719369013,2026-08-14T21:56:09.013,1,1
11960,588aca26ed1bfc095abf2de16bf97b57,96.0,3,1786719370013,2026-08-14T21:56:10.013,1,1
11961,588aca26ed1bfc095abf2de16bf97b57,95.0,3,1786719371016,2026-08-14T21:56:11.016,1,1
11962,588aca26ed1bfc095abf2de16bf97b57,95.0,3,1786719372013,2026-08-14T21:56:12.013,1,1
11963,588aca26ed1bfc095abf2de16bf97b57,95.0,3,1786719373012,2026-08-14T21:56:13.012,1,1
11964,588aca26ed1bfc095abf2de16bf97b57,95.0,3,1786719374013,2026-08-14T21:56:14.013,1,1
11965,588aca26ed1bfc095abf2de16bf97b57,95.0,3,1786719375013,2026-08-14T21:56:15.013,1,1
11966,588aca26ed1bfc095abf2de16bf97b57,96.0,3,1786719376008,2026-08-14T21:56:16.008,1,1
11967,588aca26ed1bfc095abf2de16bf97b57,98.0,3,1786719377012,2026-08-14T21:56:17.012,1,1
11968,588aca26ed1bfc095abf2de16bf97b57,99.0,3,1786719378011,2026-08-14T21:56:18.011,1,1
11969,588aca26ed1bfc095abf2de16bf97b57,100.0,3,1786719379010,2026-08-14T21:56:19.010,1,1
11970,588aca26ed1bfc095abf2de16bf97b57,101.0,3,1786719380011,2026-08-14T21:56:20.011,1,1
11971,588aca26ed1bfc095abf2de16bf97b57,101.0,3,1786719381010,2026-08-14T21:56:21.010,1,1
11972,588aca26ed1bfc095abf2de16bf97b57,102.0,3,1786719382008,2026-08-14T21:56:22.008,1,1
11973,588aca26ed1bfc095abf2de16bf97b57,103.0,3,1786719383008,2026-08-14T21:56:23.008,1,1
11974,588aca26ed1bfc095abf2de16bf97b57,104.0,3,1786719384007,2026-08-14T21:56:24.007,1,1
11975,588aca26ed1bfc095abf2de16bf97b57,103.0,3,1786719385008,2026-08-14T21:56:25.008,1,1
11976,588aca26ed1bfc095abf2de16bf97b57,103.0,3,1786719386008,2026-08-14T21:56:26.008,1,1
11977,588aca26ed1bfc095abf2de16bf97b57,101.0,3,1786719387008,2026-08-14T21:56:27.008,1,1
11978,588aca26ed1bfc095abf2de16bf97b57,101.0,3,1786719388008,2026-08-14T21:56:28.008,1,1
11979,588aca26ed1bfc095abf2de16bf97b57,100.0,3,1786719389008,2026-08-14T21:56:29.008,1,1
11980,588aca26ed1bfc095abf2de16bf97b57,100.0,3,1786719390008,2026-08-14T21:56:30.008,1,1
11981,588aca26ed1bfc095abf2de16bf97b57,100.0,3,1786719391008,2026-08-14T21:56:31.008,1,1
11982,588aca26ed1bfc095abf2de16bf97b57,100.0,3,1786719392008,2026-08-14T21:56:32.008,1,1
11983,588aca26ed1bfc095abf2de16bf97b57,99.0,3,1786719393015,2026-08-14T21:56:33.015,1,1
11984,588aca26ed1bfc095abf2de16bf97b57,98.0,3,1786719394008,2026-08-14T21:56:34.008,1,1
11985,588aca26ed1bfc095abf2de16bf97b57,97.0,3,1786719395008,2026-08-14T21:56:35.008,1,1
11986,588aca26ed1bfc095abf2de16bf97b57,95.0,3,1786719396008,2026-08-14T21:56:36.008,1,1
11987,588aca26ed1bfc095abf2de16bf97b57,94.0,3,1786719397008,2026-08-14T21:56:37.008,1,1
11988,588aca26ed1bfc095abf2de16bf97b57,92.0,3,1786719398007,2026-08-14T21:56:38.007,1,1
11989,588aca26ed1bfc095abf2de16bf97b57,90.0,3,1786719399008,2026-08-14T21:56:39.008,1,1
11990,588aca26ed1bfc095abf2de16bf97b57,88.0,3,1786719400011,2026-08-14T21:56:40.011,1,1
11991,588aca26ed1bfc095abf2de16bf97b57,87.0,3,1786719401007,2026-08-14T21:56:41.007,1,1
11992,588aca26ed1bfc095abf2de16bf97b57,86.0,3,1786719402010,2026-08-14T21:56:42.010,1,1
11993,588aca26ed1bfc095abf2de16bf97b57,85.0,3,1786719403008,2026-08-14T21:56:43.008,1,1
11994,588aca26ed1bfc095abf2de16bf97b57,85.0,3,1786719404009,2026-08-14T21:56:44.009,1,1
11995,588aca26ed1bfc095abf2de16bf97b57,85.0,3,1786719405008,2026-08-14T21:56:45.008,1,1
11996,588aca26ed1bfc095abf2de16bf97b57,85.0,3,1786719406009,2026-08-14T21:56:46.009,1,1
11997,588aca26ed1bfc095abf2de16bf97b57,85.0,3,1786719407010,2026-08-14T21:56:47.010,1,1
11998,588aca26ed1bfc095abf2de16bf97b57,85.0,3,1786719408009,2026-08-14T21:56:48.009,1,1
11999,588aca26ed1bfc095abf2de16bf97b57,86.0,3,1786719409008,2026-08-14T21:56:49.008,1,1
12000,588aca26ed1bfc095abf2de16bf97b57,87.0,3,1786719410008,2026-08-14T21:56:50.008,1,1
12001,588aca26ed1bfc095abf2de16bf97b57,88.0,3,1786719411008,2026-08-14T21:56:51.008,1,1
12002,588aca26ed1bfc095abf2de16bf97b57,88.0,3,1786719412009,2026-08-14T21:56:52.009,1,1
12003,588aca26ed1bfc095abf2de16bf97b57,89.0,3,1786719413008,2026-08-14T21:56:53.008,1,1
12004,588aca26ed1bfc095abf2de16bf97b57,89.0,3,1786719414008,2026-08-14T21:56:54.008,1,1
12005,588aca26ed1bfc095abf2de16bf97b57,90.0,3,1786719415009,2026-08-14T21:56:55.009,1,1
12006,588aca26ed1bfc095abf2de16bf97b57,91.0,3,1786719416008,2026-08-14T21:56:56.008,1,1
12007,588aca26ed1bfc095abf2de16bf97b57,92.0,3,1786719417008,2026-08-14T21:56:57.008,1,1
12008,588aca26ed1bfc095abf2de16bf97b57,93.0,3,1786719418009,2026-08-14T21:56:58.009,1,1
12009,588aca26ed1bfc095abf2de16bf97b57,94.0,3,1786719419009,2026-08-14T21:56:59.009,1,1
12010,588aca26ed1bfc095abf2de16bf97b57,94.0,3,1786719420008,2026-08-14T21:57:00.008,1,1
12011,588aca26ed1bfc095abf2de16bf97b57,93.0,3,1786719421009,2026-08-14T21:57:01.009,1,1
12012,588aca26ed1bfc095abf2de16bf97b57,93.0,3,1786719422008,2026-08-14T21:57:02.008,1,1
12013,588aca26ed1bfc095abf2de16bf97b57,92.0,3,1786719423008,2026-08-14T21:57:03.008,1,1
12014,588aca26ed1bfc095abf2de16bf97b57,92.0,3,1786719424007,2026-08-14T21:57:04.007,1,1
12015,588aca26ed1bfc095abf2de16bf97b57,91.0,3,1786719425008,2026-08-14T21:57:05.008,1,1
12016,588aca26ed1bfc095abf2de16bf97b57,90.0,3,1786719426008,2026-08-14T21:57:06.008,1,1
12017,588aca26ed1bfc095abf2de16bf97b57,89.0,3,1786719427007,2026-08-14T21:57:07.007,1,1
12018,588aca26ed1bfc095abf2de16bf97b57,88.0,3,1786719428009,2026-08-14T21:57:08.009,1,1
12019,588aca26ed1bfc095abf2de16bf97b57,87.0,3,1786719429009,2026-08-14T21:57:09.009,1,1
12020,588aca26ed1bfc095abf2de16bf97b57,86.0,3,1786719430015,2026-08-14T21:57:10.015,1,1
12021,588aca26ed1bfc095abf2de16bf97b57,86.0,3,1786719431018,2026-08-14T21:57:11.018,1,1
12022,588aca26ed1bfc095abf2de16bf97b57,85.0,3,1786719432017,2026-08-14T21:57:12.017,1,1
12023,588aca26ed1bfc095abf2de16bf97b57,84.0,3,1786719433016,2026-08-14T21:57:13.016,1,1
12024,588aca26ed1bfc095abf2de16bf97b57,85.0,3,1786719434011,2026-08-14T21:57:14.011,1,1
12025,588aca26ed1bfc095abf2de16bf97b57,85.0,3,1786719435010,2026-08-14T21:57:15.010,1,1
12026,588aca26ed1bfc095abf2de16bf97b57,85.0,3,1786719436013,2026-08-14T21:57:16.013,1,1
12027,588aca26ed1bfc095abf2de16bf97b57,85.0,3,1786719437012,2026-08-14T21:57:17.012,1,1
12028,588aca26ed1bfc095abf2de16bf97b57,85.0,3,1786719438010,2026-08-14T21:57:18.010,1,1
12029,588aca26ed1bfc095abf2de16bf97b57,85.0,3,1786719439013,2026-08-14T21:57:19.013,1,1
12030,588aca26ed1bfc095abf2de16bf97b57,85.0,3,1786719440010,2026-08-14T21:57:20.010,1,1
12031,588aca26ed1bfc095abf2de16bf97b57,86.0,3,1786719441009,2026-08-14T21:57:21.009,1,1
12032,588aca26ed1bfc095abf2de16bf97b57,87.0,3,1786719442009,2026-08-14T21:57:22.009,1,1
12033,588aca26ed1bfc095abf2de16bf97b57,86.0,3,1786719443012,2026-08-14T21:57:23.012,1,1
12034,588aca26ed1bfc095abf2de16bf97b57,86.0,3,1786719444011,2026-08-14T21:57:24.011,1,1
12035,588aca26ed1bfc095abf2de16bf97b57,87.0,3,1786719445010,2026-08-14T21:57:25.010,1,1
12036,588aca26ed1bfc095abf2de16bf97b57,88.0,3,1786719446009,2026-08-14T21:57:26.009,1,1
12037,588aca26ed1bfc095abf2de16bf97b57,89.0,3,1786719447009,2026-08-14T21:57:27.009,1,1
12038,588aca26ed1bfc095abf2de16bf97b57,90.0,3,1786719448009,2026-08-14T21:57:28.009,1,1
12039,588aca26ed1bfc095abf2de16bf97b57,91.0,3,1786719449008,2026-08-14T21:57:29.008,1,1
12040,588aca26ed1bfc095abf2de16bf97b57,95.0,3,1786719450007,2026-08-14T21:57:30.007,1,1
12041,588aca26ed1bfc095abf2de16bf97b57,97.0,3,1786719451007,2026-08-14T21:57:31.007,1,1
12042,588aca26ed1bfc095abf2de16bf97b57,99.0,3,1786719452007,2026-08-14T21:57:32.007,1,1
12043,588aca26ed1bfc095abf2de16bf97b57,100.0,3,1786719453007,2026-08-14T21:57:33.007,1,1
12044,588aca26ed1bfc095abf2de16bf97b57,99.0,3,1786719454008,2026-08-14T21:57:34.008,1,1
12045,588aca26ed1bfc095abf2de16bf97b57,97.0,3,1786719455008,2026-08-14T21:57:35.008,1,1
12046,588aca26ed1bfc095abf2de16bf97b57,96.0,3,1786719456007,2026-08-14T21:57:36.007,1,1
12047,588aca26ed1bfc095abf2de16bf97b57,94.0,3,1786719457007,2026-08-14T21:57:37.007,1,1
12048,588aca26ed1bfc095abf2de16bf97b57,93.0,3,1786719458007,2026-08-14T21:57:38.007,1,1
12049,588aca26ed1bfc095abf2de16bf97b57,91.0,3,1786719459008,2026-08-14T21:57:39.008,1,1
12050,588aca26ed1bfc095abf2de16bf97b57,90.0,3,1786719460007,2026-08-14T21:57:40.007,1,1
12051,588aca26ed1bfc095abf2de16bf97b57,89.0,3,1786719461007,2026-08-14T21:57:41.007,1,1
12052,588aca26ed1bfc095abf2de16bf97b57,89.0,3,1786719462007,2026-08-14T21:57:42.007,1,1
12053,588aca26ed1bfc095abf2de16bf97b57,89.0,3,1786719463007,2026-08-14T21:57:43.007,1,1
12054,588aca26ed1bfc095abf2de16bf97b57,90.0,3,1786719464007,2026-08-14T21:57:44.007,1,1
12055,588aca26ed1bfc095abf2de16bf97b57,90.0,3,1786719465007,2026-08-14T21:57:45.007,1,1
12056,588aca26ed1bfc095abf2de16bf97b57,89.0,3,1786719466007,2026-08-14T21:57:46.007,1,1
12057,588aca26ed1bfc095abf2de16bf97b57,88.0,3,1786719467008,2026-08-14T21:57:47.008,1,1
12058,588aca26ed1bfc095abf2de16bf97b57,87.0,3,1786719468007,2026-08-14T21:57:48.007,1,1
12059,588aca26ed1bfc095abf2de16bf97b57,86.0,3,1786719469007,2026-08-14T21:57:49.007,1,1
12060,588aca26ed1bfc095abf2de16bf97b57,86.0,3,1786719470007,2026-08-14T21:57:50.007,1,1
12061,588aca26ed1bfc095abf2de16bf97b57,85.0,3,1786719471011,2026-08-14T21:57:51.011,1,1
12062,588aca26ed1bfc095abf2de16bf97b57,85.0,3,1786719472008,2026-08-14T21:57:52.008,1,1
12063,588aca26ed1bfc095abf2de16bf97b57,85.0,3,1786719473011,2026-08-14T21:57:53.011,1,1
12064,588aca26ed1bfc095abf2de16bf97b57,86.0,3,1786719474007,2026-08-14T21:57:54.007,1,1
12065,588aca26ed1bfc095abf2de16bf97b57,87.0,3,1786719475008,2026-08-14T21:57:55.008,1,1
12066,588aca26ed1bfc095abf2de16bf97b57,87.0,3,1786719476008,2026-08-14T21:57:56.008,1,1
12067,588aca26ed1bfc095abf2de16bf97b57,88.0,3,1786719477007,2026-08-14T21:57:57.007,1,1
12068,588aca26ed1bfc095abf2de16bf97b57,88.0,3,1786719478007,2026-08-14T21:57:58.007,1,1
12069,588aca26ed1bfc095abf2de16bf97b57,88.0,3,1786719479010,2026-08-14T21:57:59.010,1,1
12070,588aca26ed1bfc095abf2de16bf97b57,88.0,3,1786719480008,2026-08-14T21:58:00.008,1,1
12071,588aca26ed1bfc095abf2de16bf97b57,89.0,3,1786719481007,2026-08-14T21:58:01.007,1,1
12072,588aca26ed1bfc095abf2de16bf97b57,91.0,3,1786719482012,2026-08-14T21:58:02.012,1,1
12073,588aca26ed1bfc095abf2de16bf97b57,91.0,3,1786719483008,2026-08-14T21:58:03.008,1,1
12074,588aca26ed1bfc095abf2de16bf97b57,91.0,3,1786719484007,2026-08-14T21:58:04.007,1,1
12075,588aca26ed1bfc095abf2de16bf97b57,92.0,3,1786719485007,2026-08-14T21:58:05.007,1,1
12076,588aca26ed1bfc095abf2de16bf97b57,92.0,3,1786719486008,2026-08-14T21:58:06.008,1,1
12077,588aca26ed1bfc095abf2de16bf97b57,92.0,3,1786719487009,2026-08-14T21:58:07.009,1,1
12078,588aca26ed1bfc095abf2de16bf97b57,91.0,3,1786719488007,2026-08-14T21:58:08.007,1,1
12079,588aca26ed1bfc095abf2de16bf97b57,90.0,3,1786719489007,2026-08-14T21:58:09.007,1,1
12080,588aca26ed1bfc095abf2de16bf97b57,90.0,3,1786719490009,2026-08-14T21:58:10.009,1,1
12081,588aca26ed1bfc095abf2de16bf97b57,91.0,3,1786719491008,2026-08-14T21:58:11.008,1,1
12082,588aca26ed1bfc095abf2de16bf97b57,91.0,3,1786719492009,2026-08-14T21:58:12.009,1,1
12083,588aca26ed1bfc095abf2de16bf97b57,92.0,3,1786719493008,2026-08-14T21:58:13.008,1,1
12084,588aca26ed1bfc095abf2de16bf97b57,93.0,3,1786719494008,2026-08-14T21:58:14.008,1,1
12085,588aca26ed1bfc095abf2de16bf97b57,94.0,3,1786719495008,2026-08-14T21:58:15.008,1,1
12086,588aca26ed1bfc095abf2de16bf97b57,93.0,3,1786719496009,2026-08-14T21:58:16.009,1,1
12087,588aca26ed1bfc095abf2de16bf97b57,92.0,3,1786719497009,2026-08-14T21:58:17.009,1,1
12088,588aca26ed1bfc095abf2de16bf97b57,93.0,3,1786719498010,2026-08-14T21:58:18.010,1,1
12089,588aca26ed1bfc095abf2de16bf97b57,94.0,3,1786719499168,2026-08-14T21:58:19.168,1,1
12090,588aca26ed1bfc095abf2de16bf97b57,95.0,3,1786719500010,2026-08-14T21:58:20.010,1,1
12091,588aca26ed1bfc095abf2de16bf97b57,94.0,3,1786719501007,2026-08-14T21:58:21.007,1,1
12092,588aca26ed1bfc095abf2de16bf97b57,93.0,3,1786719502008,2026-08-14T21:58:22.008,1,1
12093,588aca26ed1bfc095abf2de16bf97b57,93.0,3,1786719503008,2026-08-14T21:58:23.008,1,1
12094,588aca26ed1bfc095abf2de16bf97b57,92.0,3,1786719504007,2026-08-14T21:58:24.007,1,1
12095,588aca26ed1bfc095abf2de16bf97b57,92.0,3,1786719505008,2026-08-14T21:58:25.008,1,1
12096,588aca26ed1bfc095abf2de16bf97b57,92.0,3,1786719506007,2026-08-14T21:58:26.007,1,1
12097,588aca26ed1bfc095abf2de16bf97b57,92.0,3,1786719507008,2026-08-14T21:58:27.008,1,1
12098,588aca26ed1bfc095abf2de16bf97b57,92.0,3,1786719508008,2026-08-14T21:58:28.008,1,1
12099,588aca26ed1bfc095abf2de16bf97b57,91.0,3,1786719509010,2026-08-14T21:58:29.010,1,1
12100,588aca26ed1bfc095abf2de16bf97b57,91.0,3,1786719510007,2026-08-14T21:58:30.007,1,1
12101,588aca26ed1bfc095abf2de16bf97b57,91.0,3,1786719511008,2026-08-14T21:58:31.008,1,1
12102,588aca26ed1bfc095abf2de16bf97b57,90.0,3,1786719512007,2026-08-14T21:58:32.007,1,1
12103,588aca26ed1bfc095abf2de16bf97b57,90.0,3,1786719513008,2026-08-14T21:58:33.008,1,1
12104,588aca26ed1bfc095abf2de16bf97b57,90.0,3,1786719514017,2026-08-14T21:58:34.017,1,1
12105,588aca26ed1bfc095abf2de16bf97b57,90.0,3,1786719515025,2026-08-14T21:58:35.025,1,1
12106,588aca26ed1bfc095abf2de16bf97b57,90.0,3,1786719516008,2026-08-14T21:58:36.008,1,1
12107,588aca26ed1bfc095abf2de16bf97b57,90.0,3,1786719517017,2026-08-14T21:58:37.017,1,1
12108,588aca26ed1bfc095abf2de16bf97b57,90.0,3,1786719518007,2026-08-14T21:58:38.007,1,1
12109,588aca26ed1bfc095abf2de16bf97b57,90.0,3,1786719519009,2026-08-14T21:58:39.009,1,1
12110,588aca26ed1bfc095abf2de16bf97b57,90.0,3,1786719520008,2026-08-14T21:58:40.008,1,1
12111,588aca26ed1bfc095abf2de16bf97b57,92.0,3,1786719521009,2026-08-14T21:58:41.009,1,1
12112,588aca26ed1bfc095abf2de16bf97b57,91.0,3,1786719522007,2026-08-14T21:58:42.007,1,1
12113,588aca26ed1bfc095abf2de16bf97b57,94.0,3,1786719523009,2026-08-14T21:58:43.009,1,1
12114,588aca26ed1bfc095abf2de16bf97b57,94.0,3,1786719524008,2026-08-14T21:58:44.008,1,1
12115,588aca26ed1bfc095abf2de16bf97b57,98.0,3,1786719525008,2026-08-14T21:58:45.008,1,1
12116,588aca26ed1bfc095abf2de16bf97b57,99.0,3,1786719526028,2026-08-14T21:58:46.028,1,1
12117,588aca26ed1bfc095abf2de16bf97b57,100.0,3,1786719527009,2026-08-14T21:58:47.009,1,1
12118,588aca26ed1bfc095abf2de16bf97b57,99.0,3,1786719528009,2026-08-14T21:58:48.009,1,1
12119,588aca26ed1bfc095abf2de16bf97b57,98.0,3,1786719529009,2026-08-14T21:58:49.009,1,1
12120,588aca26ed1bfc095abf2de16bf97b57,97.0,3,1786719530009,2026-08-14T21:58:50.009,1,1
12121,588aca26ed1bfc095abf2de16bf97b57,97.0,3,1786719531008,2026-08-14T21:58:51.008,1,1
12122,588aca26ed1bfc095abf2de16bf97b57,97.0,3,1786719532012,2026-08-14T21:58:52.012,1,1
12123,588aca26ed1bfc095abf2de16bf97b57,96.0,3,1786719533010,2026-08-14T21:58:53.010,1,1
12124,588aca26ed1bfc095abf2de16bf97b57,97.0,3,1786719534010,2026-08-14T21:58:54.010,1,1
12125,588aca26ed1bfc095abf2de16bf97b57,98.0,3,1786719535009,2026-08-14T21:58:55.009,1,1
12126,588aca26ed1bfc095abf2de16bf97b57,98.0,3,1786719536010,2026-08-14T21:58:56.010,1,0
12127,588aca26ed1bfc095abf2de16bf97b57,98.0,3,1786719537009,2026-08-14T21:58:57.009,1,1
12128,588aca26ed1bfc095abf2de16bf97b57,97.0,3,1786719538009,2026-08-14T21:58:58.009,1,1
12129,588aca26ed1bfc095abf2de16bf97b57,97.0,3,1786719539008,2026-08-14T21:58:59.008,1,1
12130,588aca26ed1bfc095abf2de16bf97b57,98.0,3,1786719540007,2026-08-14T21:59:00.007,1,1
12131,588aca26ed1bfc095abf2de16bf97b57,98.0,3,1786719541008,2026-08-14T21:59:01.008,1,1
12132,588aca26ed1bfc095abf2de16bf97b57,98.0,3,1786719542010,2026-08-14T21:59:02.010,1,1
12133,588aca26ed1bfc095abf2de16bf97b57,98.0,3,1786719543010,2026-08-14T21:59:03.010,1,1
12134,588aca26ed1bfc095abf2de16bf97b57,97.0,3,1786719544008,2026-08-14T21:59:04.008,1,1
12135,588aca26ed1bfc095abf2de16bf97b57,97.0,3,1786719545007,2026-08-14T21:59:05.007,1,1
12136,588aca26ed1bfc095abf2de16bf97b57,96.0,3,1786719546008,2026-08-14T21:59:06.008,1,1
12137,588aca26ed1bfc095abf2de16bf97b57,96.0,3,1786719547007,2026-08-14T21:59:07.007,1,1
12138,588aca26ed1bfc095abf2de16bf97b57,96.0,3,1786719548007,2026-08-14T21:59:08.007,1,1
12139,588aca26ed1bfc095abf2de16bf97b57,97.0,3,1786719549008,2026-08-14T21:59:09.008,1,1
12140,588aca26ed1bfc095abf2de16bf97b57,96.0,3,1786719550008,2026-08-14T21:59:10.008,1,1
12141,588aca26ed1bfc095abf2de16bf97b57,95.0,3,1786719551007,2026-08-14T21:59:11.007,1,1
12142,588aca26ed1bfc095abf2de16bf97b57,94.0,3,1786719552010,2026-08-14T21:59:12.010,1,1
12143,588aca26ed1bfc095abf2de16bf97b57,94.0,3,1786719553010,2026-08-14T21:59:13.010,1,1
12144,588aca26ed1bfc095abf2de16bf97b57,93.0,3,1786719554010,2026-08-14T21:59:14.010,1,1
12145,588aca26ed1bfc095abf2de16bf97b57,92.0,3,1786719555010,2026-08-14T21:59:15.010,1,1
12146,588aca26ed1bfc095abf2de16bf97b57,92.0,3,1786719556010,2026-08-14T21:59:16.010,1,1
12147,588aca26ed1bfc095abf2de16bf97b57,91.0,3,1786719557010,2026-08-14T21:59:17.010,1,1
12148,588aca26ed1bfc095abf2de16bf97b57,90.0,3,1786719558009,2026-08-14T21:59:18.009,1,1
12149,588aca26ed1bfc095abf2de16bf97b57,89.0,3,1786719559010,2026-08-14T21:59:19.010,1,1
12150,588aca26ed1bfc095abf2de16bf97b57,90.0,3,1786719560010,2026-08-14T21:59:20.010,1,1
12151,588aca26ed1bfc095abf2de16bf97b57,91.0,3,1786719561009,2026-08-14T21:59:21.009,1,1
12152,588aca26ed1bfc095abf2de16bf97b57,91.0,3,1786719562010,2026-08-14T21:59:22.010,1,1
12153,588aca26ed1bfc095abf2de16bf97b57,91.0,3,1786719563010,2026-08-14T21:59:23.010,1,1
12154,588aca26ed1bfc095abf2de16bf97b57,90.0,3,1786719564010,2026-08-14T21:59:24.010,1,1
12155,588aca26ed1bfc095abf2de16bf97b57,91.0,3,1786719565010,2026-08-14T21:59:25.010,1,1
12156,588aca26ed1bfc095abf2de16bf97b57,91.0,3,1786719566007,2026-08-14T21:59:26.007,1,1
12157,588aca26ed1bfc095abf2de16bf97b57,89.0,3,1786719567009,2026-08-14T21:59:27.009,1,1
12158,588aca26ed1bfc095abf2de16bf97b57,88.0,3,1786719568010,2026-08-14T21:59:28.010,1,1
12159,588aca26ed1bfc095abf2de16bf97b57,87.0,3,1786719569009,2026-08-14T21:59:29.009,1,1
12160,588aca26ed1bfc095abf2de16bf97b57,87.0,3,1786719570010,2026-08-14T21:59:30.010,1,1
12161,588aca26ed1bfc095abf2de16bf97b57,87.0,3,1786719571010,2026-08-14T21:59:31.010,1,1
12162,588aca26ed1bfc095abf2de16bf97b57,87.0,3,1786719572010,2026-08-14T21:59:32.010,1,1
12163,588aca26ed1bfc095abf2de16bf97b57,87.0,3,1786719573009,2026-08-14T21:59:33.009,1,1
12164,588aca26ed1bfc095abf2de16bf97b57,88.0,3,1786719574010,2026-08-14T21:59:34.010,1,1
12165,588aca26ed1bfc095abf2de16bf97b57,87.0,3,1786719575013,2026-08-14T21:59:35.013,1,1
12166,588aca26ed1bfc095abf2de16bf97b57,88.0,3,1786719576007,2026-08-14T21:59:36.007,1,1
12167,588aca26ed1bfc095abf2de16bf97b57,88.0,3,1786719577008,2026-08-14T21:59:37.008,1,1
12168,588aca26ed1bfc095abf2de16bf97b57,87.0,3,1786719578008,2026-08-14T21:59:38.008,1,1
12169,588aca26ed1bfc095abf2de16bf97b57,88.0,3,1786719579008,2026-08-14T21:59:39.008,1,1
12170,588aca26ed1bfc095abf2de16bf97b57,89.0,3,1786719580007,2026-08-14T21:59:40.007,1,1
12171,588aca26ed1bfc095abf2de16bf97b57,89.0,3,1786719581008,2026-08-14T21:59:41.008,1,1
12172,588aca26ed1bfc095abf2de16bf97b57,89.0,3,1786719582008,2026-08-14T21:59:42.008,1,1
12173,588aca26ed1bfc095abf2de16bf97b57,89.0,3,1786719583008,2026-08-14T21:59:43.008,1,1
12174,588aca26ed1bfc095abf2de16bf97b57,89.0,3,1786719584011,2026-08-14T21:59:44.011,1,1
12175,588aca26ed1bfc095abf2de16bf97b57,90.0,3,1786719585008,2026-08-14T21:59:45.008,1,1
12176,588aca26ed1bfc095abf2de16bf97b57,89.0,3,1786719586007,2026-08-14T21:59:46.007,1,1
12177,588aca26ed1bfc095abf2de16bf97b57,90.0,3,1786719587008,2026-08-14T21:59:47.008,1,1
12178,588aca26ed1bfc095abf2de16bf97b57,91.0,3,1786719588008,2026-08-14T21:59:48.008,1,1
12179,588aca26ed1bfc095abf2de16bf97b57,92.0,3,1786719589007,2026-08-14T21:59:49.007,1,1
12180,588aca26ed1bfc095abf2de16bf97b57,92.0,3,1786719590007,2026-08-14T21:59:50.007,1,1
12181,588aca26ed1bfc095abf2de16bf97b57,92.0,3,1786719591007,2026-08-14T21:59:51.007,1,1
12182,588aca26ed1bfc095abf2de16bf97b57,91.0,3,1786719592010,2026-08-14T21:59:52.010,1,1
12183,588aca26ed1bfc095abf2de16bf97b57,90.0,3,1786719593010,2026-08-14T21:59:53.010,1,1
12184,588aca26ed1bfc095abf2de16bf97b57,89.0,3,1786719594010,2026-08-14T21:59:54.010,1,1
12185,588aca26ed1bfc095abf2de16bf97b57,89.0,3,1786719595008,2026-08-14T21:59:55.008,1,1
12186,588aca26ed1bfc095abf2de16bf97b57,88.0,3,1786719596008,2026-08-14T21:59:56.008,1,1
12187,588aca26ed1bfc095abf2de16bf97b57,87.0,3,1786719597007,2026-08-14T21:59:57.007,1,1
12188,588aca26ed1bfc095abf2de16bf97b57,86.0,3,1786719598007,2026-08-14T21:59:58.007,1,1
12189,588aca26ed1bfc095abf2de16bf97b57,85.0,3,1786719599008,2026-08-14T21:59:59.008,1,1
12190,588aca26ed1bfc095abf2de16bf97b57,84.0,3,1786719600007,2026-08-14T22:00:00.007,1,1
12191,588aca26ed1bfc095abf2de16bf97b57,85.0,3,1786719601009,2026-08-14T22:00:01.009,1,1
12192,588aca26ed1bfc095abf2de16bf97b57,85.0,3,1786719602007,2026-08-14T22:00:02.007,1,1
12193,588aca26ed1bfc095abf2de16bf97b57,86.0,3,1786719603009,2026-08-14T22:00:03.009,1,1
12194,588aca26ed1bfc095abf2de16bf97b57,86.0,3,1786719604009,2026-08-14T22:00:04.009,1,1
12195,588aca26ed1bfc095abf2de16bf97b57,86.0,3,1786719605009,2026-08-14T22:00:05.009,1,1
12196,588aca26ed1bfc095abf2de16bf97b57,87.0,3,1786719606010,2026-08-14T22:00:06.010,1,1
12197,588aca26ed1bfc095abf2de16bf97b57,86.0,3,1786719607010,2026-08-14T22:00:07.010,1,1
12198,588aca26ed1bfc095abf2de16bf97b57,86.0,3,1786719608010,2026-08-14T22:00:08.010,1,1
12199,588aca26ed1bfc095abf2de16bf97b57,88.0,3,1786719609010,2026-08-14T22:00:09.010,1,1
12200,588aca26ed1bfc095abf2de16bf97b57,89.0,3,1786719610010,2026-08-14T22:00:10.010,1,1
12201,588aca26ed1bfc095abf2de16bf97b57,89.0,3,1786719611010,2026-08-14T22:00:11.010,1,1
12202,588aca26ed1bfc095abf2de16bf97b57,89.0,3,1786719612010,2026-08-14T22:00:12.010,1,1
12203,588aca26ed1bfc095abf2de16bf97b57,89.0,3,1786719613010,2026-08-14T22:00:13.010,1,1
12204,588aca26ed1bfc095abf2de16bf97b57,89.0,3,1786719614010,2026-08-14T22:00:14.010,1,1
12205,588aca26ed1bfc095abf2de16bf97b57,88.0,3,1786719615010,2026-08-14T22:00:15.010,1,1
12206,588aca26ed1bfc095abf2de16bf97b57,88.0,3,1786719616008,2026-08-14T22:00:16.008,1,1
12207,588aca26ed1bfc095abf2de16bf97b57,88.0,3,1786719617007,2026-08-14T22:00:17.007,1,1
12208,588aca26ed1bfc095abf2de16bf97b57,89.0,3,1786719618007,2026-08-14T22:00:18.007,1,1
12209,588aca26ed1bfc095abf2de16bf97b57,90.0,3,1786719619008,2026-08-14T22:00:19.008,1,1
12210,588aca26ed1bfc095abf2de16bf97b57,91.0,3,1786719620010,2026-08-14T22:00:20.010,1,1
12211,588aca26ed1bfc095abf2de16bf97b57,91.0,3,1786719621010,2026-08-14T22:00:21.010,1,1
12212,588aca26ed1bfc095abf2de16bf97b57,91.0,3,1786719622010,2026-08-14T22:00:22.010,1,1
12213,588aca26ed1bfc095abf2de16bf97b57,90.0,3,1786719623010,2026-08-14T22:00:23.010,1,1
12214,588aca26ed1bfc095abf2de16bf97b57,89.0,3,1786719624010,2026-08-14T22:00:24.010,1,1
12215,588aca26ed1bfc095abf2de16bf97b57,89.0,3,1786719625007,2026-08-14T22:00:25.007,1,1
12216,588aca26ed1bfc095abf2de16bf97b57,89.0,3,1786719626007,2026-08-14T22:00:26.007,1,1
12217,588aca26ed1bfc095abf2de16bf97b57,89.0,3,1786719627008,2026-08-14T22:00:27.008,1,1
12218,588aca26ed1bfc095abf2de16bf97b57,89.0,3,1786719628014,2026-08-14T22:00:28.014,1,1
12219,588aca26ed1bfc095abf2de16bf97b57,90.0,3,1786719629008,2026-08-14T22:00:29.008,1,1
12220,588aca26ed1bfc095abf2de16bf97b57,90.0,3,1786719630008,2026-08-14T22:00:30.008,1,1
12221,588aca26ed1bfc095abf2de16bf97b57,90.0,3,1786719631008,2026-08-14T22:00:31.008,1,1
12222,588aca26ed1bfc095abf2de16bf97b57,91.0,3,1786719632007,2026-08-14T22:00:32.007,1,1
12223,588aca26ed1bfc095abf2de16bf97b57,90.0,3,1786719633008,2026-08-14T22:00:33.008,1,1
12224,588aca26ed1bfc095abf2de16bf97b57,89.0,3,1786719634008,2026-08-14T22:00:34.008,1,1
12225,588aca26ed1bfc095abf2de16bf97b57,89.0,3,1786719635008,2026-08-14T22:00:35.008,1,1
12226,588aca26ed1bfc095abf2de16bf97b57,89.0,3,1786719636007,2026-08-14T22:00:36.007,1,1
12227,588aca26ed1bfc095abf2de16bf97b57,89.0,3,1786719637009,2026-08-14T22:00:37.009,1,1
12228,588aca26ed1bfc095abf2de16bf97b57,89.0,3,1786719638008,2026-08-14T22:00:38.008,1,1
12229,588aca26ed1bfc095abf2de16bf97b57,90.0,3,1786719639009,2026-08-14T22:00:39.009,1,1
12230,588aca26ed1bfc095abf2de16bf97b57,90.0,3,1786719640008,2026-08-14T22:00:40.008,1,1
12231,588aca26ed1bfc095abf2de16bf97b57,91.0,3,1786719641008,2026-08-14T22:00:41.008,1,1
12232,588aca26ed1bfc095abf2de16bf97b57,92.0,3,1786719642008,2026-08-14T22:00:42.008,1,1
12233,588aca26ed1bfc095abf2de16bf97b57,93.0,3,1786719643008,2026-08-14T22:00:43.008,1,1
12234,588aca26ed1bfc095abf2de16bf97b57,95.0,3,1786719644007,2026-08-14T22:00:44.007,1,1
12235,588aca26ed1bfc095abf2de16bf97b57,97.0,3,1786719645008,2026-08-14T22:00:45.008,1,1
12236,588aca26ed1bfc095abf2de16bf97b57,100.0,3,1786719646008,2026-08-14T22:00:46.008,1,1
12237,588aca26ed1bfc095abf2de16bf97b57,101.0,3,1786719647008,2026-08-14T22:00:47.008,1,1
12238,588aca26ed1bfc095abf2de16bf97b57,102.0,3,1786719648007,2026-08-14T22:00:48.007,1,1
12239,588aca26ed1bfc095abf2de16bf97b57,102.0,3,1786719649008,2026-08-14T22:00:49.008,1,1
12240,588aca26ed1bfc095abf2de16bf97b57,100.0,3,1786719650008,2026-08-14T22:00:50.008,1,1
12241,588aca26ed1bfc095abf2de16bf97b57,100.0,3,1786719651009,2026-08-14T22:00:51.009,1,1
12242,588aca26ed1bfc095abf2de16bf97b57,99.0,3,1786719652008,2026-08-14T22:00:52.008,1,1
12243,588aca26ed1bfc095abf2de16bf97b57,96.0,3,1786719653008,2026-08-14T22:00:53.008,1,1
12244,588aca26ed1bfc095abf2de16bf97b57,94.0,3,1786719654007,2026-08-14T22:00:54.007,1,1
12245,588aca26ed1bfc095abf2de16bf97b57,92.0,3,1786719655007,2026-08-14T22:00:55.007,1,1
12246,588aca26ed1bfc095abf2de16bf97b57,88.0,3,1786719656007,2026-08-14T22:00:56.007,1,1
12247,588aca26ed1bfc095abf2de16bf97b57,85.0,3,1786719657008,2026-08-14T22:00:57.008,1,1
12248,588aca26ed1bfc095abf2de16bf97b57,84.0,3,1786719658008,2026-08-14T22:00:58.008,1,1
12249,588aca26ed1bfc095abf2de16bf97b57,82.0,3,1786719659008,2026-08-14T22:00:59.008,1,1
12250,588aca26ed1bfc095abf2de16bf97b57,81.0,3,1786719660008,2026-08-14T22:01:00.008,1,1
12251,588aca26ed1bfc095abf2de16bf97b57,80.0,3,1786719661007,2026-08-14T22:01:01.007,1,1
12252,588aca26ed1bfc095abf2de16bf97b57,80.0,3,1786719662007,2026-08-14T22:01:02.007,1,1
12253,588aca26ed1bfc095abf2de16bf97b57,79.0,3,1786719663007,2026-08-14T22:01:03.007,1,1
12254,588aca26ed1bfc095abf2de16bf97b57,80.0,3,1786719664008,2026-08-14T22:01:04.008,1,1
12255,588aca26ed1bfc095abf2de16bf97b57,80.0,3,1786719665008,2026-08-14T22:01:05.008,1,1
12256,588aca26ed1bfc095abf2de16bf97b57,81.0,3,1786719666009,2026-08-14T22:01:06.009,1,1
12257,588aca26ed1bfc095abf2de16bf97b57,82.0,3,1786719667007,2026-08-14T22:01:07.007,1,1
12258,588aca26ed1bfc095abf2de16bf97b57,83.0,3,1786719668007,2026-08-14T22:01:08.007,1,1
12259,588aca26ed1bfc095abf2de16bf97b57,84.0,3,1786719669009,2026-08-14T22:01:09.009,1,1
12260,588aca26ed1bfc095abf2de16bf97b57,86.0,3,1786719670008,2026-08-14T22:01:10.008,1,1
12261,588aca26ed1bfc095abf2de16bf97b57,87.0,3,1786719671015,2026-08-14T22:01:11.015,1,1
12262,588aca26ed1bfc095abf2de16bf97b57,87.0,3,1786719672016,2026-08-14T22:01:12.016,1,1
12263,588aca26ed1bfc095abf2de16bf97b57,88.0,3,1786719673016,2026-08-14T22:01:13.016,1,1
12264,588aca26ed1bfc095abf2de16bf97b57,88.0,3,1786719674016,2026-08-14T22:01:14.016,1,1
12265,588aca26ed1bfc095abf2de16bf97b57,87.0,3,1786719675007,2026-08-14T22:01:15.007,1,1
12266,588aca26ed1bfc095abf2de16bf97b57,86.0,3,1786719676024,2026-08-14T22:01:16.024,1,1
12267,588aca26ed1bfc095abf2de16bf97b57,86.0,3,1786719677012,2026-08-14T22:01:17.012,1,1
12268,588aca26ed1bfc095abf2de16bf97b57,86.0,3,1786719678012,2026-08-14T22:01:18.012,1,1
12269,588aca26ed1bfc095abf2de16bf97b57,86.0,3,1786719679010,2026-08-14T22:01:19.010,1,1
12270,588aca26ed1bfc095abf2de16bf97b57,87.0,3,1786719680012,2026-08-14T22:01:20.012,1,1
12271,588aca26ed1bfc095abf2de16bf97b57,87.0,3,1786719681010,2026-08-14T22:01:21.010,1,1
12272,588aca26ed1bfc095abf2de16bf97b57,87.0,3,1786719682009,2026-08-14T22:01:22.009,1,1
12273,588aca26ed1bfc095abf2de16bf97b57,86.0,3,1786719683009,2026-08-14T22:01:23.009,1,1
12274,588aca26ed1bfc095abf2de16bf97b57,86.0,3,1786719684009,2026-08-14T22:01:24.009,1,1
12275,588aca26ed1bfc095abf2de16bf97b57,85.0,3,1786719685007,2026-08-14T22:01:25.007,1,1
12276,588aca26ed1bfc095abf2de16bf97b57,85.0,3,1786719686007,2026-08-14T22:01:26.007,1,1
12277,588aca26ed1bfc095abf2de16bf97b57,84.0,3,1786719687010,2026-08-14T22:01:27.010,1,1
12278,588aca26ed1bfc095abf2de16bf97b57,84.0,3,1786719688010,2026-08-14T22:01:28.010,1,1
12279,588aca26ed1bfc095abf2de16bf97b57,85.0,3,1786719689007,2026-08-14T22:01:29.007,1,1
12280,588aca26ed1bfc095abf2de16bf97b57,86.0,3,1786719690008,2026-08-14T22:01:30.008,1,1
12281,588aca26ed1bfc095abf2de16bf97b57,88.0,3,1786719691010,2026-08-14T22:01:31.010,1,1
12282,588aca26ed1bfc095abf2de16bf97b57,88.0,3,1786719692009,2026-08-14T22:01:32.009,1,1
12283,588aca26ed1bfc095abf2de16bf97b57,90.0,3,1786719693010,2026-08-14T22:01:33.010,1,1
12284,588aca26ed1bfc095abf2de16bf97b57,92.0,3,1786719694008,2026-08-14T22:01:34.008,1,1
12285,588aca26ed1bfc095abf2de16bf97b57,91.0,3,1786719695009,2026-08-14T22:01:35.009,1,1
12286,588aca26ed1bfc095abf2de16bf97b57,91.0,3,1786719696009,2026-08-14T22:01:36.009,1,1
12287,588aca26ed1bfc095abf2de16bf97b57,91.0,3,1786719697008,2026-08-14T22:01:37.008,1,1
12288,588aca26ed1bfc095abf2de16bf97b57,90.0,3,1786719698008,2026-08-14T22:01:38.008,1,1
12289,588aca26ed1bfc095abf2de16bf97b57,90.0,3,1786719699008,2026-08-14T22:01:39.008,1,1
12290,588aca26ed1bfc095abf2de16bf97b57,90.0,3,1786719700007,2026-08-14T22:01:40.007,1,1
12291,588aca26ed1bfc095abf2de16bf97b57,90.0,3,1786719701007,2026-08-14T22:01:41.007,1,1
12292,588aca26ed1bfc095abf2de16bf97b57,90.0,3,1786719702008,2026-08-14T22:01:42.008,1,1
12293,588aca26ed1bfc095abf2de16bf97b57,90.0,3,1786719703008,2026-08-14T22:01:43.008,1,1
12294,588aca26ed1bfc095abf2de16bf97b57,90.0,3,1786719704008,2026-08-14T22:01:44.008,1,1
12295,588aca26ed1bfc095abf2de16bf97b57,90.0,3,1786719705011,2026-08-14T22:01:45.011,1,1
12296,588aca26ed1bfc095abf2de16bf97b57,91.0,3,1786719706008,2026-08-14T22:01:46.008,1,1
12297,588aca26ed1bfc095abf2de16bf97b57,91.0,3,1786719707008,2026-08-14T22:01:47.008,1,1
12298,588aca26ed1bfc095abf2de16bf97b57,91.0,3,1786719708008,2026-08-14T22:01:48.008,1,1
12299,588aca26ed1bfc095abf2de16bf97b57,90.0,3,1786719709008,2026-08-14T22:01:49.008,1,1
12300,588aca26ed1bfc095abf2de16bf97b57,89.0,3,1786719710013,2026-08-14T22:01:50.013,1,1
12301,588aca26ed1bfc095abf2de16bf97b57,88.0,3,1786719711008,2026-08-14T22:01:51.008,1,1
12302,588aca26ed1bfc095abf2de16bf97b57,88.0,3,1786719712008,2026-08-14T22:01:52.008,1,1
12303,588aca26ed1bfc095abf2de16bf97b57,87.0,3,1786719713007,2026-08-14T22:01:53.007,1,1
12304,588aca26ed1bfc095abf2de16bf97b57,87.0,3,1786719714008,2026-08-14T22:01:54.008,1,1
12305,588aca26ed1bfc095abf2de16bf97b57,87.0,3,1786719715008,2026-08-14T22:01:55.008,1,1
12306,588aca26ed1bfc095abf2de16bf97b57,86.0,3,1786719716009,2026-08-14T22:01:56.009,1,1
12307,588aca26ed1bfc095abf2de16bf97b57,85.0,3,1786719717008,2026-08-14T22:01:57.008,1,1
12308,588aca26ed1bfc095abf2de16bf97b57,84.0,3,1786719718008,2026-08-14T22:01:58.008,1,1
12309,588aca26ed1bfc095abf2de16bf97b57,84.0,3,1786719719008,2026-08-14T22:01:59.008,1,1
12310,588aca26ed1bfc095abf2de16bf97b57,85.0,3,1786719720008,2026-08-14T22:02:00.008,1,1
12311,588aca26ed1bfc095abf2de16bf97b57,86.0,3,1786719721010,2026-08-14T22:02:01.010,1,1
12312,588aca26ed1bfc095abf2de16bf97b57,88.0,3,1786719722008,2026-08-14T22:02:02.008,1,1
12313,588aca26ed1bfc095abf2de16bf97b57,89.0,3,1786719723008,2026-08-14T22:02:03.008,1,1
12314,588aca26ed1bfc095abf2de16bf97b57,89.0,3,1786719724008,2026-08-14T22:02:04.008,1,1
12315,588aca26ed1bfc095abf2de16bf97b57,89.0,3,1786719725007,2026-08-14T22:02:05.007,1,1
12316,588aca26ed1bfc095abf2de16bf97b57,89.0,3,1786719726008,2026-08-14T22:02:06.008,1,1
12317,588aca26ed1bfc095abf2de16bf97b57,88.0,3,1786719727007,2026-08-14T22:02:07.007,1,1
12318,588aca26ed1bfc095abf2de16bf97b57,89.0,3,1786719728011,2026-08-14T22:02:08.011,1,1
12319,588aca26ed1bfc095abf2de16bf97b57,90.0,3,1786719729051,2026-08-14T22:02:09.051,1,1
12320,588aca26ed1bfc095abf2de16bf97b57,91.0,3,1786719730007,2026-08-14T22:02:10.007,1,1
12321,588aca26ed1bfc095abf2de16bf97b57,91.0,3,1786719731008,2026-08-14T22:02:11.008,1,1
12322,588aca26ed1bfc095abf2de16bf97b57,92.0,3,1786719732007,2026-08-14T22:02:12.007,1,1
12323,588aca26ed1bfc095abf2de16bf97b57,94.0,3,1786719733009,2026-08-14T22:02:13.009,1,1
12324,588aca26ed1bfc095abf2de16bf97b57,94.0,3,1786719734007,2026-08-14T22:02:14.007,1,1
12325,588aca26ed1bfc095abf2de16bf97b57,95.0,3,1786719735008,2026-08-14T22:02:15.008,1,1
12326,588aca26ed1bfc095abf2de16bf97b57,95.0,3,1786719736007,2026-08-14T22:02:16.007,1,1
12327,588aca26ed1bfc095abf2de16bf97b57,94.0,3,1786719737008,2026-08-14T22:02:17.008,1,1
12328,588aca26ed1bfc095abf2de16bf97b57,93.0,3,1786719738007,2026-08-14T22:02:18.007,1,1
12329,588aca26ed1bfc095abf2de16bf97b57,95.0,3,1786719739009,2026-08-14T22:02:19.009,1,1
12330,588aca26ed1bfc095abf2de16bf97b57,97.0,3,1786719740008,2026-08-14T22:02:20.008,1,1
12331,588aca26ed1bfc095abf2de16bf97b57,99.0,3,1786719741015,2026-08-14T22:02:21.015,1,1
12332,588aca26ed1bfc095abf2de16bf97b57,99.0,3,1786719742014,2026-08-14T22:02:22.014,1,1
12333,588aca26ed1bfc095abf2de16bf97b57,99.0,3,1786719743015,2026-08-14T22:02:23.015,1,1
12334,588aca26ed1bfc095abf2de16bf97b57,99.0,3,1786719744021,2026-08-14T22:02:24.021,1,1
12335,588aca26ed1bfc095abf2de16bf97b57,99.0,3,1786719745023,2026-08-14T22:02:25.023,1,1
12336,588aca26ed1bfc095abf2de16bf97b57,99.0,3,1786719746013,2026-08-14T22:02:26.013,1,1
12337,588aca26ed1bfc095abf2de16bf97b57,101.0,3,1786719747009,2026-08-14T22:02:27.009,1,1
12338,588aca26ed1bfc095abf2de16bf97b57,101.0,3,1786719748009,2026-08-14T22:02:28.009,1,1
12339,588aca26ed1bfc095abf2de16bf97b57,100.0,3,1786719749009,2026-08-14T22:02:29.009,1,1
12340,588aca26ed1bfc095abf2de16bf97b57,100.0,3,1786719750010,2026-08-14T22:02:30.010,1,0
12341,588aca26ed1bfc095abf2de16bf97b57,99.0,3,1786719751015,2026-08-14T22:02:31.015,1,1
12342,588aca26ed1bfc095abf2de16bf97b57,99.0,3,1786719752010,2026-08-14T22:02:32.010,1,0
12343,588aca26ed1bfc095abf2de16bf97b57,98.0,3,1786719753010,2026-08-14T22:02:33.010,1,1
12344,588aca26ed1bfc095abf2de16bf97b57,99.0,3,1786719754010,2026-08-14T22:02:34.010,1,1
12345,588aca26ed1bfc095abf2de16bf97b57,99.0,3,1786719755007,2026-08-14T22:02:35.007,1,1
12346,588aca26ed1bfc095abf2de16bf97b57,99.0,3,1786719756012,2026-08-14T22:02:36.012,1,1
12347,588aca26ed1bfc095abf2de16bf97b57,100.0,3,1786719757020,2026-08-14T22:02:37.020,1,1
12348,588aca26ed1bfc095abf2de16bf97b57,99.0,3,1786719758008,2026-08-14T22:02:38.008,1,1
12349,588aca26ed1bfc095abf2de16bf97b57,98.0,3,1786719759008,2026-08-14T22:02:39.008,1,1
12350,588aca26ed1bfc095abf2de16bf97b57,97.0,3,1786719760008,2026-08-14T22:02:40.008,1,1
12351,588aca26ed1bfc095abf2de16bf97b57,96.0,3,1786719761008,2026-08-14T22:02:41.008,1,1
12352,588aca26ed1bfc095abf2de16bf97b57,95.0,3,1786719762015,2026-08-14T22:02:42.015,1,1
12353,588aca26ed1bfc095abf2de16bf97b57,94.0,3,1786719763007,2026-08-14T22:02:43.007,1,1
12354,588aca26ed1bfc095abf2de16bf97b57,93.0,3,1786719764010,2026-08-14T22:02:44.010,1,1
12355,588aca26ed1bfc095abf2de16bf97b57,93.0,3,1786719765009,2026-08-14T22:02:45.009,1,1
12356,588aca26ed1bfc095abf2de16bf97b57,93.0,3,1786719766009,2026-08-14T22:02:46.009,1,1
12357,588aca26ed1bfc095abf2de16bf97b57,93.0,3,1786719767010,2026-08-14T22:02:47.010,1,1
12358,588aca26ed1bfc095abf2de16bf97b57,94.0,3,1786719768010,2026-08-14T22:02:48.010,1,1
12359,588aca26ed1bfc095abf2de16bf97b57,95.0,3,1786719769010,2026-08-14T22:02:49.010,1,1
12360,588aca26ed1bfc095abf2de16bf97b57,96.0,3,1786719770009,2026-08-14T22:02:50.009,1,1
12361,588aca26ed1bfc095abf2de16bf97b57,97.0,3,1786719771009,2026-08-14T22:02:51.009,1,1
12362,588aca26ed1bfc095abf2de16bf97b57,97.0,3,1786719772010,2026-08-14T22:02:52.010,1,1
12363,588aca26ed1bfc095abf2de16bf97b57,96.0,3,1786719773010,2026-08-14T22:02:53.010,1,1
12364,588aca26ed1bfc095abf2de16bf97b57,96.0,3,1786719774012,2026-08-14T22:02:54.012,1,1
12365,588aca26ed1bfc095abf2de16bf97b57,96.0,3,1786719775010,2026-08-14T22:02:55.010,1,1
12366,588aca26ed1bfc095abf2de16bf97b57,97.0,3,1786719776013,2026-08-14T22:02:56.013,1,1
12367,588aca26ed1bfc095abf2de16bf97b57,97.0,3,1786719777009,2026-08-14T22:02:57.009,1,1
12368,588aca26ed1bfc095abf2de16bf97b57,97.0,3,1786719778008,2026-08-14T22:02:58.008,1,1
12369,588aca26ed1bfc095abf2de16bf97b57,98.0,3,1786719779008,2026-08-14T22:02:59.008,1,1
12370,588aca26ed1bfc095abf2de16bf97b57,98.0,3,1786719780008,2026-08-14T22:03:00.008,1,1
12371,588aca26ed1bfc095abf2de16bf97b57,98.0,3,1786719781008,2026-08-14T22:03:01.008,1,1
12372,588aca26ed1bfc095abf2de16bf97b57,98.0,3,1786719782008,2026-08-14T22:03:02.008,1,1
12373,588aca26ed1bfc095abf2de16bf97b57,98.0,3,1786719783007,2026-08-14T22:03:03.007,1,1
12374,588aca26ed1bfc095abf2de16bf97b57,97.0,3,1786719784008,2026-08-14T22:03:04.008,1,1
12375,588aca26ed1bfc095abf2de16bf97b57,96.0,3,1786719785008,2026-08-14T22:03:05.008,1,1
12376,588aca26ed1bfc095abf2de16bf97b57,95.0,3,1786719786008,2026-08-14T22:03:06.008,1,1
12377,588aca26ed1bfc095abf2de16bf97b57,94.0,3,1786719787012,2026-08-14T22:03:07.012,1,1
12378,588aca26ed1bfc095abf2de16bf97b57,93.0,3,1786719788008,2026-08-14T22:03:08.008,1,1
12379,588aca26ed1bfc095abf2de16bf97b57,92.0,3,1786719789008,2026-08-14T22:03:09.008,1,1
12380,588aca26ed1bfc095abf2de16bf97b57,92.0,3,1786719790007,2026-08-14T22:03:10.007,1,1
12381,588aca26ed1bfc095abf2de16bf97b57,91.0,3,1786719791008,2026-08-14T22:03:11.008,1,1
12382,588aca26ed1bfc095abf2de16bf97b57,89.0,3,1786719792007,2026-08-14T22:03:12.007,1,1
12383,588aca26ed1bfc095abf2de16bf97b57,88.0,3,1786719793009,2026-08-14T22:03:13.009,1,1
12384,588aca26ed1bfc095abf2de16bf97b57,88.0,3,1786719794010,2026-08-14T22:03:14.010,1,1
12385,588aca26ed1bfc095abf2de16bf97b57,88.0,3,1786719795010,2026-08-14T22:03:15.010,1,1
12386,588aca26ed1bfc095abf2de16bf97b57,88.0,3,1786719796009,2026-08-14T22:03:16.009,1,1
12387,588aca26ed1bfc095abf2de16bf97b57,87.0,3,1786719797009,2026-08-14T22:03:17.009,1,1
12388,588aca26ed1bfc095abf2de16bf97b57,87.0,3,1786719798008,2026-08-14T22:03:18.008,1,1
12389,588aca26ed1bfc095abf2de16bf97b57,86.0,3,1786719799008,2026-08-14T22:03:19.008,1,1
12390,588aca26ed1bfc095abf2de16bf97b57,87.0,3,1786719800008,2026-08-14T22:03:20.008,1,1
12391,588aca26ed1bfc095abf2de16bf97b57,88.0,3,1786719801008,2026-08-14T22:03:21.008,1,1
12392,588aca26ed1bfc095abf2de16bf97b57,88.0,3,1786719802008,2026-08-14T22:03:22.008,1,1
12393,588aca26ed1bfc095abf2de16bf97b57,88.0,3,1786719803008,2026-08-14T22:03:23.008,1,1
12394,588aca26ed1bfc095abf2de16bf97b57,88.0,3,1786719804007,2026-08-14T22:03:24.007,1,1
12395,588aca26ed1bfc095abf2de16bf97b57,88.0,3,1786719805007,2026-08-14T22:03:25.007,1,1
12396,588aca26ed1bfc095abf2de16bf97b57,88.0,3,1786719806009,2026-08-14T22:03:26.009,1,1
12397,588aca26ed1bfc095abf2de16bf97b57,89.0,3,1786719807007,2026-08-14T22:03:27.007,1,1
12398,588aca26ed1bfc095abf2de16bf97b57,90.0,3,1786719808007,2026-08-14T22:03:28.007,1,1
12399,588aca26ed1bfc095abf2de16bf97b57,91.0,3,1786719809007,2026-08-14T22:03:29.007,1,1
12400,588aca26ed1bfc095abf2de16bf97b57,92.0,3,1786719810008,2026-08-14T22:03:30.008,1,1
12401,588aca26ed1bfc095abf2de16bf97b57,94.0,3,1786719811008,2026-08-14T22:03:31.008,1,1
12402,588aca26ed1bfc095abf2de16bf97b57,95.0,3,1786719812014,2026-08-14T22:03:32.014,1,1
12403,588aca26ed1bfc095abf2de16bf97b57,96.0,3,1786719813016,2026-08-14T22:03:33.016,1,1
12404,588aca26ed1bfc095abf2de16bf97b57,96.0,3,1786719814008,2026-08-14T22:03:34.008,1,1
12405,588aca26ed1bfc095abf2de16bf97b57,98.0,3,1786719815015,2026-08-14T22:03:35.015,1,1
12406,588aca26ed1bfc095abf2de16bf97b57,99.0,3,1786719816015,2026-08-14T22:03:36.015,1,1
12407,588aca26ed1bfc095abf2de16bf97b57,101.0,3,1786719817013,2026-08-14T22:03:37.013,1,1
12408,588aca26ed1bfc095abf2de16bf97b57,101.0,3,1786719818013,2026-08-14T22:03:38.013,1,1
12409,588aca26ed1bfc095abf2de16bf97b57,101.0,3,1786719819012,2026-08-14T22:03:39.012,1,1
12410,588aca26ed1bfc095abf2de16bf97b57,102.0,3,1786719820009,2026-08-14T22:03:40.009,1,1
12411,588aca26ed1bfc095abf2de16bf97b57,102.0,3,1786719821008,2026-08-14T22:03:41.008,1,1
12412,588aca26ed1bfc095abf2de16bf97b57,103.0,3,1786719822009,2026-08-14T22:03:42.009,1,1
12413,588aca26ed1bfc095abf2de16bf97b57,103.0,3,1786719823009,2026-08-14T22:03:43.009,1,1
12414,588aca26ed1bfc095abf2de16bf97b57,104.0,3,1786719824007,2026-08-14T22:03:44.007,1,1
12415,588aca26ed1bfc095abf2de16bf97b57,104.0,3,1786719825008,2026-08-14T22:03:45.008,1,1
12416,588aca26ed1bfc095abf2de16bf97b57,104.0,3,1786719826007,2026-08-14T22:03:46.007,1,1
12417,588aca26ed1bfc095abf2de16bf97b57,105.0,3,1786719827007,2026-08-14T22:03:47.007,1,1
12418,588aca26ed1bfc095abf2de16bf97b57,104.0,3,1786719828007,2026-08-14T22:03:48.007,1,1
12419,588aca26ed1bfc095abf2de16bf97b57,103.0,3,1786719829008,2026-08-14T22:03:49.008,1,1
12420,588aca26ed1bfc095abf2de16bf97b57,103.0,3,1786719830014,2026-08-14T22:03:50.014,1,1
12421,588aca26ed1bfc095abf2de16bf97b57,104.0,3,1786719831008,2026-08-14T22:03:51.008,1,1
12422,588aca26ed1bfc095abf2de16bf97b57,104.0,3,1786719832007,2026-08-14T22:03:52.007,1,1
12423,588aca26ed1bfc095abf2de16bf97b57,104.0,3,1786719833007,2026-08-14T22:03:53.007,1,1
12424,588aca26ed1bfc095abf2de16bf97b57,105.0,3,1786719834041,2026-08-14T22:03:54.041,1,1
12425,588aca26ed1bfc095abf2de16bf97b57,105.0,3,1786719835007,2026-08-14T22:03:55.007,1,1
12426,588aca26ed1bfc095abf2de16bf97b57,105.0,3,1786719836008,2026-08-14T22:03:56.008,1,1
12427,588aca26ed1bfc095abf2de16bf97b57,107.0,3,1786719837007,2026-08-14T22:03:57.007,1,1
12428,588aca26ed1bfc095abf2de16bf97b57,109.0,3,1786719838007,2026-08-14T22:03:58.007,1,1
12429,588aca26ed1bfc095abf2de16bf97b57,111.0,3,1786719839010,2026-08-14T22:03:59.010,1,1
12430,588aca26ed1bfc095abf2de16bf97b57,112.0,3,1786719840011,2026-08-14T22:04:00.011,1,1
12431,588aca26ed1bfc095abf2de16bf97b57,113.0,3,1786719841031,2026-08-14T22:04:01.031,1,1
12432,588aca26ed1bfc095abf2de16bf97b57,113.0,3,1786719842131,2026-08-14T22:04:02.131,1,1
12433,588aca26ed1bfc095abf2de16bf97b57,113.0,3,1786719843018,2026-08-14T22:04:03.018,1,1
12434,588aca26ed1bfc095abf2de16bf97b57,113.0,3,1786719844007,2026-08-14T22:04:04.007,1,1
12435,588aca26ed1bfc095abf2de16bf97b57,114.0,3,1786719845010,2026-08-14T22:04:05.010,1,1
12436,588aca26ed1bfc095abf2de16bf97b57,115.0,3,1786719846009,2026-08-14T22:04:06.009,1,1
12437,588aca26ed1bfc095abf2de16bf97b57,116.0,3,1786719847008,2026-08-14T22:04:07.008,1,1
12438,588aca26ed1bfc095abf2de16bf97b57,116.0,3,1786719848009,2026-08-14T22:04:08.009,1,1
12439,588aca26ed1bfc095abf2de16bf97b57,115.0,3,1786719849009,2026-08-14T22:04:09.009,1,1
12440,588aca26ed1bfc095abf2de16bf97b57,114.0,3,1786719850024,2026-08-14T22:04:10.024,1,1
12441,588aca26ed1bfc095abf2de16bf97b57,114.0,3,1786719851008,2026-08-14T22:04:11.008,1,1
12442,588aca26ed1bfc095abf2de16bf97b57,113.0,3,1786719852008,2026-08-14T22:04:12.008,1,1
12443,588aca26ed1bfc095abf2de16bf97b57,113.0,3,1786719853008,2026-08-14T22:04:13.008,1,1
12444,588aca26ed1bfc095abf2de16bf97b57,112.0,3,1786719854007,2026-08-14T22:04:14.007,1,1
12445,588aca26ed1bfc095abf2de16bf97b57,113.0,3,1786719855007,2026-08-14T22:04:15.007,1,1
12446,588aca26ed1bfc095abf2de16bf97b57,111.0,3,1786719856007,2026-08-14T22:04:16.007,1,1
12447,588aca26ed1bfc095abf2de16bf97b57,111.0,3,1786719857008,2026-08-14T22:04:17.008,1,1
12448,588aca26ed1bfc095abf2de16bf97b57,110.0,3,1786719858008,2026-08-14T22:04:18.008,1,1
12449,588aca26ed1bfc095abf2de16bf97b57,107.0,3,1786719859008,2026-08-14T22:04:19.008,1,1
12450,588aca26ed1bfc095abf2de16bf97b57,106.0,3,1786719860008,2026-08-14T22:04:20.008,1,1
12451,588aca26ed1bfc095abf2de16bf97b57,105.0,3,1786719861008,2026-08-14T22:04:21.008,1,1
12452,588aca26ed1bfc095abf2de16bf97b57,104.0,3,1786719862007,2026-08-14T22:04:22.007,1,1
12453,588aca26ed1bfc095abf2de16bf97b57,102.0,3,1786719863008,2026-08-14T22:04:23.008,1,1
12454,588aca26ed1bfc095abf2de16bf97b57,101.0,3,1786719864007,2026-08-14T22:04:24.007,1,1
12455,588aca26ed1bfc095abf2de16bf97b57,101.0,3,1786719865008,2026-08-14T22:04:25.008,1,1
12456,588aca26ed1bfc095abf2de16bf97b57,99.0,3,1786719866008,2026-08-14T22:04:26.008,1,1
12457,588aca26ed1bfc095abf2de16bf97b57,98.0,3,1786719867007,2026-08-14T22:04:27.007,1,1
12458,588aca26ed1bfc095abf2de16bf97b57,97.0,3,1786719868008,2026-08-14T22:04:28.008,1,1
12459,588aca26ed1bfc095abf2de16bf97b57,96.0,3,1786719869007,2026-08-14T22:04:29.007,1,1
12460,588aca26ed1bfc095abf2de16bf97b57,97.0,3,1786719870008,2026-08-14T22:04:30.008,1,1
12461,588aca26ed1bfc095abf2de16bf97b57,97.0,3,1786719871008,2026-08-14T22:04:31.008,1,1
12462,588aca26ed1bfc095abf2de16bf97b57,96.0,3,1786719872008,2026-08-14T22:04:32.008,1,1
12463,588aca26ed1bfc095abf2de16bf97b57,95.0,3,1786719873008,2026-08-14T22:04:33.008,1,1
12464,588aca26ed1bfc095abf2de16bf97b57,94.0,3,1786719874008,2026-08-14T22:04:34.008,1,1
12465,588aca26ed1bfc095abf2de16bf97b57,93.0,3,1786719875007,2026-08-14T22:04:35.007,1,1
12466,588aca26ed1bfc095abf2de16bf97b57,94.0,3,1786719876008,2026-08-14T22:04:36.008,1,1
12467,588aca26ed1bfc095abf2de16bf97b57,94.0,3,1786719877008,2026-08-14T22:04:37.008,1,1
12468,588aca26ed1bfc095abf2de16bf97b57,94.0,3,1786719878008,2026-08-14T22:04:38.008,1,1
12469,588aca26ed1bfc095abf2de16bf97b57,95.0,3,1786719879008,2026-08-14T22:04:39.008,1,1
12470,588aca26ed1bfc095abf2de16bf97b57,95.0,3,1786719880009,2026-08-14T22:04:40.009,1,1
12471,588aca26ed1bfc095abf2de16bf97b57,95.0,3,1786719881008,2026-08-14T22:04:41.008,1,1
12472,588aca26ed1bfc095abf2de16bf97b57,95.0,3,1786719882008,2026-08-14T22:04:42.008,1,1
12473,588aca26ed1bfc095abf2de16bf97b57,95.0,3,1786719883009,2026-08-14T22:04:43.009,1,1
12474,588aca26ed1bfc095abf2de16bf97b57,95.0,3,1786719884007,2026-08-14T22:04:44.007,1,1
12475,588aca26ed1bfc095abf2de16bf97b57,95.0,3,1786719885008,2026-08-14T22:04:45.008,1,1
12476,588aca26ed1bfc095abf2de16bf97b57,96.0,3,1786719886009,2026-08-14T22:04:46.009,1,1
12477,588aca26ed1bfc095abf2de16bf97b57,97.0,3,1786719887009,2026-08-14T22:04:47.009,1,1
12478,588aca26ed1bfc095abf2de16bf97b57,97.0,3,1786719888010,2026-08-14T22:04:48.010,1,1
12479,588aca26ed1bfc095abf2de16bf97b57,98.0,3,1786719889010,2026-08-14T22:04:49.010,1,1
12480,588aca26ed1bfc095abf2de16bf97b57,100.0,3,1786719890007,2026-08-14T22:04:50.007,1,1
12481,588aca26ed1bfc095abf2de16bf97b57,99.0,3,1786719891007,2026-08-14T22:04:51.007,1,1
12482,588aca26ed1bfc095abf2de16bf97b57,100.0,3,1786719892009,2026-08-14T22:04:52.009,1,1
12483,588aca26ed1bfc095abf2de16bf97b57,100.0,3,1786719893009,2026-08-14T22:04:53.009,1,1
12484,588aca26ed1bfc095abf2de16bf97b57,100.0,3,1786719894008,2026-08-14T22:04:54.008,1,1
12485,588aca26ed1bfc095abf2de16bf97b57,100.0,3,1786719895012,2026-08-14T22:04:55.012,1,1
12486,588aca26ed1bfc095abf2de16bf97b57,101.0,3,1786719896008,2026-08-14T22:04:56.008,1,1
12487,588aca26ed1bfc095abf2de16bf97b57,100.0,3,1786719897007,2026-08-14T22:04:57.007,1,1
12488,588aca26ed1bfc095abf2de16bf97b57,100.0,3,1786719898009,2026-08-14T22:04:58.009,1,1
12489,588aca26ed1bfc095abf2de16bf97b57,100.0,3,1786719899009,2026-08-14T22:04:59.009,1,1
12490,588aca26ed1bfc095abf2de16bf97b57,99.0,3,1786719900009,2026-08-14T22:05:00.009,1,1
12491,588aca26ed1bfc095abf2de16bf97b57,98.0,3,1786719901010,2026-08-14T22:05:01.010,1,1
12492,588aca26ed1bfc095abf2de16bf97b57,97.0,3,1786719902009,2026-08-14T22:05:02.009,1,1
12493,588aca26ed1bfc095abf2de16bf97b57,96.0,3,1786719903009,2026-08-14T22:05:03.009,1,1
12494,588aca26ed1bfc095abf2de16bf97b57,95.0,3,1786719904010,2026-08-14T22:05:04.010,1,1
12495,588aca26ed1bfc095abf2de16bf97b57,93.0,3,1786719905010,2026-08-14T22:05:05.010,1,1
12496,588aca26ed1bfc095abf2de16bf97b57,92.0,3,1786719906009,2026-08-14T22:05:06.009,1,1
12497,588aca26ed1bfc095abf2de16bf97b57,91.0,3,1786719907009,2026-08-14T22:05:07.009,1,1
12498,588aca26ed1bfc095abf2de16bf97b57,91.0,3,1786719908009,2026-08-14T22:05:08.009,1,1
12499,588aca26ed1bfc095abf2de16bf97b57,91.0,3,1786719909010,2026-08-14T22:05:09.010,1,1
12500,588aca26ed1bfc095abf2de16bf97b57,92.0,3,1786719910010,2026-08-14T22:05:10.010,1,1
12501,588aca26ed1bfc095abf2de16bf97b57,93.0,3,1786719911010,2026-08-14T22:05:11.010,1,1
12502,588aca26ed1bfc095abf2de16bf97b57,93.0,3,1786719912010,2026-08-14T22:05:12.010,1,1
12503,588aca26ed1bfc095abf2de16bf97b57,92.0,3,1786719913010,2026-08-14T22:05:13.010,1,1
12504,588aca26ed1bfc095abf2de16bf97b57,92.0,3,1786719914010,2026-08-14T22:05:14.010,1,1
12505,588aca26ed1bfc095abf2de16bf97b57,92.0,3,1786719915009,2026-08-14T22:05:15.009,1,1
12506,588aca26ed1bfc095abf2de16bf97b57,93.0,3,1786719916007,2026-08-14T22:05:16.007,1,1
12507,588aca26ed1bfc095abf2de16bf97b57,93.0,3,1786719917007,2026-08-14T22:05:17.007,1,1
12508,588aca26ed1bfc095abf2de16bf97b57,94.0,3,1786719918009,2026-08-14T22:05:18.009,1,1
12509,588aca26ed1bfc095abf2de16bf97b57,95.0,3,1786719919008,2026-08-14T22:05:19.008,1,1
12510,588aca26ed1bfc095abf2de16bf97b57,94.0,3,1786719920008,2026-08-14T22:05:20.008,1,1
12511,588aca26ed1bfc095abf2de16bf97b57,94.0,3,1786719921007,2026-08-14T22:05:21.007,1,1
12512,588aca26ed1bfc095abf2de16bf97b57,94.0,3,1786719922008,2026-08-14T22:05:22.008,1,1
12513,588aca26ed1bfc095abf2de16bf97b57,93.0,3,1786719923009,2026-08-14T22:05:23.009,1,1
12514,588aca26ed1bfc095abf2de16bf97b57,92.0,3,1786719924009,2026-08-14T22:05:24.009,1,1
12515,588aca26ed1bfc095abf2de16bf97b57,92.0,3,1786719925012,2026-08-14T22:05:25.012,1,1
12516,588aca26ed1bfc095abf2de16bf97b57,92.0,3,1786719926010,2026-08-14T22:05:26.010,1,1
12517,588aca26ed1bfc095abf2de16bf97b57,92.0,3,1786719927029,2026-08-14T22:05:27.029,1,1
12518,588aca26ed1bfc095abf2de16bf97b57,93.0,3,1786719928014,2026-08-14T22:05:28.014,1,1
12519,588aca26ed1bfc095abf2de16bf97b57,93.0,3,1786719929009,2026-08-14T22:05:29.009,1,1
12520,588aca26ed1bfc095abf2de16bf97b57,94.0,3,1786719930014,2026-08-14T22:05:30.014,1,1
12521,588aca26ed1bfc095abf2de16bf97b57,94.0,3,1786719931008,2026-08-14T22:05:31.008,1,1
12522,588aca26ed1bfc095abf2de16bf97b57,95.0,3,1786719932010,2026-08-14T22:05:32.010,1,1
12523,588aca26ed1bfc095abf2de16bf97b57,95.0,3,1786719933015,2026-08-14T22:05:33.015,1,1
12524,588aca26ed1bfc095abf2de16bf97b57,96.0,3,1786719934014,2026-08-14T22:05:34.014,1,1
12525,588aca26ed1bfc095abf2de16bf97b57,96.0,3,1786719935011,2026-08-14T22:05:35.011,1,1
12526,588aca26ed1bfc095abf2de16bf97b57,96.0,3,1786719936015,2026-08-14T22:05:36.015,1,1
12527,588aca26ed1bfc095abf2de16bf97b57,96.0,3,1786719937014,2026-08-14T22:05:37.014,1,1
12528,588aca26ed1bfc095abf2de16bf97b57,97.0,3,1786719938007,2026-08-14T22:05:38.007,1,1
12529,588aca26ed1bfc095abf2de16bf97b57,97.0,3,1786719939013,2026-08-14T22:05:39.013,1,1
12530,588aca26ed1bfc095abf2de16bf97b57,97.0,3,1786719940008,2026-08-14T22:05:40.008,1,1
12531,588aca26ed1bfc095abf2de16bf97b57,97.0,3,1786719941008,2026-08-14T22:05:41.008,1,1
12532,588aca26ed1bfc095abf2de16bf97b57,96.0,3,1786719942007,2026-08-14T22:05:42.007,1,1
12533,588aca26ed1bfc095abf2de16bf97b57,95.0,3,1786719943009,2026-08-14T22:05:43.009,1,1
12534,588aca26ed1bfc095abf2de16bf97b57,95.0,3,1786719944008,2026-08-14T22:05:44.008,1,1
12535,588aca26ed1bfc095abf2de16bf97b57,95.0,3,1786719945009,2026-08-14T22:05:45.009,1,1
12536,588aca26ed1bfc095abf2de16bf97b57,95.0,3,1786719946007,2026-08-14T22:05:46.007,1,1
12537,588aca26ed1bfc095abf2de16bf97b57,95.0,3,1786719947008,2026-08-14T22:05:47.008,1,1
12538,588aca26ed1bfc095abf2de16bf97b57,94.0,3,1786719948007,2026-08-14T22:05:48.007,1,1
12539,588aca26ed1bfc095abf2de16bf97b57,94.0,3,1786719949011,2026-08-14T22:05:49.011,1,1
12540,588aca26ed1bfc095abf2de16bf97b57,92.0,3,1786719950008,2026-08-14T22:05:50.008,1,1
12541,588aca26ed1bfc095abf2de16bf97b57,92.0,3,1786719951008,2026-08-14T22:05:51.008,1,1
12542,588aca26ed1bfc095abf2de16bf97b57,93.0,3,1786719952010,2026-08-14T22:05:52.010,1,1
12543,588aca26ed1bfc095abf2de16bf97b57,94.0,3,1786719953009,2026-08-14T22:05:53.009,1,1
12544,588aca26ed1bfc095abf2de16bf97b57,95.0,3,1786719954010,2026-08-14T22:05:54.010,1,1
12545,588aca26ed1bfc095abf2de16bf97b57,96.0,3,1786719955007,2026-08-14T22:05:55.007,1,1
12546,588aca26ed1bfc095abf2de16bf97b57,96.0,3,1786719956008,2026-08-14T22:05:56.008,1,1
12547,588aca26ed1bfc095abf2de16bf97b57,95.0,3,1786719957009,2026-08-14T22:05:57.009,1,1
12548,588aca26ed1bfc095abf2de16bf97b57,95.0,3,1786719958025,2026-08-14T22:05:58.025,1,1
12549,588aca26ed1bfc095abf2de16bf97b57,96.0,3,1786719959007,2026-08-14T22:05:59.007,1,1
12550,588aca26ed1bfc095abf2de16bf97b57,97.0,3,1786719960007,2026-08-14T22:06:00.007,1,1
12551,588aca26ed1bfc095abf2de16bf97b57,98.0,3,1786719961008,2026-08-14T22:06:01.008,1,1
12552,588aca26ed1bfc095abf2de16bf97b57,99.0,3,1786719962008,2026-08-14T22:06:02.008,1,1
12553,588aca26ed1bfc095abf2de16bf97b57,99.0,3,1786719963008,2026-08-14T22:06:03.008,1,0
12554,588aca26ed1bfc095abf2de16bf97b57,100.0,3,1786719964007,2026-08-14T22:06:04.007,1,1
12555,588aca26ed1bfc095abf2de16bf97b57,102.0,3,1786719965008,2026-08-14T22:06:05.008,1,1
12556,588aca26ed1bfc095abf2de16bf97b57,104.0,3,1786719966008,2026-08-14T22:06:06.008,1,1
12557,588aca26ed1bfc095abf2de16bf97b57,104.0,3,1786719967008,2026-08-14T22:06:07.008,1,1
12558,588aca26ed1bfc095abf2de16bf97b57,104.0,3,1786719968008,2026-08-14T22:06:08.008,1,1
12559,588aca26ed1bfc095abf2de16bf97b57,106.0,3,1786719969008,2026-08-14T22:06:09.008,1,1
12560,588aca26ed1bfc095abf2de16bf97b57,107.0,3,1786719970008,2026-08-14T22:06:10.008,1,1
12561,588aca26ed1bfc095abf2de16bf97b57,108.0,3,1786719971008,2026-08-14T22:06:11.008,1,1
12562,588aca26ed1bfc095abf2de16bf97b57,109.0,3,1786719972009,2026-08-14T22:06:12.009,1,1
12563,588aca26ed1bfc095abf2de16bf97b57,109.0,3,1786719973009,2026-08-14T22:06:13.009,1,1
12564,588aca26ed1bfc095abf2de16bf97b57,109.0,3,1786719974008,2026-08-14T22:06:14.008,1,1
12565,588aca26ed1bfc095abf2de16bf97b57,108.0,3,1786719975008,2026-08-14T22:06:15.008,0,1
12566,588aca26ed1bfc095abf2de16bf97b57,107.0,3,1786719976007,2026-08-14T22:06:16.007,0,1
12567,588aca26ed1bfc095abf2de16bf97b57,106.0,3,1786719977008,2026-08-14T22:06:17.008,0,1
12568,588aca26ed1bfc095abf2de16bf97b57,105.0,3,1786719978008,2026-08-14T22:06:18.008,0,1
12569,588aca26ed1bfc095abf2de16bf97b57,105.0,3,1786719979007,2026-08-14T22:06:19.007,0,1
12570,588aca26ed1bfc095abf2de16bf97b57,104.0,3,1786719980008,2026-08-14T22:06:20.008,0,1
