id,device_id,record_id,bpm,accuracy,time_ms,time_iso
5028,588aca26ed1bfc095abf2de16bf97b57,1,92.0,3,1786590249762,2026-08-13T10:04:09.762
5029,588aca26ed1bfc095abf2de16bf97b57,2,93.0,3,1786590250762,2026-08-13T10:04:10.762
5030,588aca26ed1bfc095abf2de16bf97b57,3,93.0,3,1786590251761,2026-08-13T10:04:11.761
5031,588aca26ed1bfc095abf2de16bf97b57,4,93.0,3,1786590252761,2026-08-13T10:04:12.761
5032,588aca26ed1bfc095abf2de16bf97b57,5,92.0,3,1786590253761,2026-08-13T10:04:13.761
5033,588aca26ed1bfc095abf2de16bf97b57,6,91.0,3,1786590254762,2026-08-13T10:04:14.762
5034,588aca26ed1bfc095abf2de16bf97b57,7,90.0,3,1786590255762,2026-08-13T10:04:15.762
5035,588aca26ed1bfc095abf2de16bf97b57,8,89.0,3,1786590256761,2026-08-13T10:04:16.761
5036,588aca26ed1bfc095abf2de16bf97b57,9,89.0,3,1786590257761,2026-08-13T10:04:17.761
5037,588aca26ed1bfc095abf2de16bf97b57,10,89.0,3,1786590258761,2026-08-13T10:04:18.761
5038,588aca26ed1bfc095abf2de16bf97b57,11,89.0,3,1786590259762,2026-08-13T10:04:19.762
5039,588aca26ed1bfc095abf2de16bf97b57,12,89.0,3,1786590260761,2026-08-13T10:04:20.761
5040,588aca26ed1bfc095abf2de16bf97b57,13,90.0,3,1786590261761,2026-08-13T10:04:21.761
5041,588aca26ed1bfc095abf2de16bf97b57,14,90.0,3,1786590262761,2026-08-13T10:04:22.761
5042,588aca26ed1bfc095abf2de16bf97b57,15,89.0,3,1786590263761,2026-08-13T10:04:23.761
5043,588aca26ed1bfc095abf2de16bf97b57,16,89.0,3,1786590264761,2026-08-13T10:04:24.761
5044,588aca26ed1bfc095abf2de16bf97b57,17,89.0,3,1786590265761,2026-08-13T10:04:25.761
5045,588aca26ed1bfc095abf2de16bf97b57,18,90.0,3,1786590266763,2026-08-13T10:04:26.763
5046,588aca26ed1bfc095abf2de16bf97b57,19,90.0,3,1786590267764,2026-08-13T10:04:27.764
5047,588aca26ed1bfc095abf2de16bf97b57,20,90.0,3,1786590268761,2026-08-13T10:04:28.761
5048,588aca26ed1bfc095abf2de16bf97b57,21,90.0,3,1786590269761,2026-08-13T10:04:29.761
5049,588aca26ed1bfc095abf2de16bf97b57,22,90.0,3,1786590270761,2026-08-13T10:04:30.761
5050,588aca26ed1bfc095abf2de16bf97b57,23,91.0,3,1786590271761,2026-08-13T10:04:31.761
5051,588aca26ed1bfc095abf2de16bf97b57,24,92.0,3,1786590272761,2026-08-13T10:04:32.761
5052,588aca26ed1bfc095abf2de16bf97b57,25,92.0,3,1786590273762,2026-08-13T10:04:33.762
5053,588aca26ed1bfc095abf2de16bf97b57,26,92.0,3,1786590274761,2026-08-13T10:04:34.761
5054,588aca26ed1bfc095abf2de16bf97b57,27,92.0,3,1786590275761,2026-08-13T10:04:35.761
5055,588aca26ed1bfc095abf2de16bf97b57,28,92.0,3,1786590276761,2026-08-13T10:04:36.761
5056,588aca26ed1bfc095abf2de16bf97b57,29,92.0,3,1786590277761,2026-08-13T10:04:37.761
5057,588aca26ed1bfc095abf2de16bf97b57,30,91.0,3,1786590278764,2026-08-13T10:04:38.764
5058,588aca26ed1bfc095abf2de16bf97b57,31,91.0,3,1786590279761,2026-08-13T10:04:39.761
5059,588aca26ed1bfc095abf2de16bf97b57,32,91.0,3,1786590280761,2026-08-13T10:04:40.761
5060,588aca26ed1bfc095abf2de16bf97b57,33,90.0,3,1786590281761,2026-08-13T10:04:41.761
5061,588aca26ed1bfc095abf2de16bf97b57,34,90.0,3,1786590282761,2026-08-13T10:04:42.761
5062,588aca26ed1bfc095abf2de16bf97b57,35,90.0,3,1786590283761,2026-08-13T10:04:43.761
5063,588aca26ed1bfc095abf2de16bf97b57,36,90.0,3,1786590284761,2026-08-13T10:04:44.761
5064,588aca26ed1bfc095abf2de16bf97b57,37,90.0,3,1786590285761,2026-08-13T10:04:45.761
5065,588aca26ed1bfc095abf2de16bf97b57,38,90.0,3,1786590286771,2026-08-13T10:04:46.771
5066,588aca26ed1bfc095abf2de16bf97b57,39,89.0,3,1786590287772,2026-08-13T10:04:47.772
5067,588aca26ed1bfc095abf2de16bf97b57,40,89.0,3,1786590288767,2026-08-13T10:04:48.767
5068,588aca26ed1bfc095abf2de16bf97b57,41,88.0,3,1786590289768,2026-08-13T10:04:49.768
5069,588aca26ed1bfc095abf2de16bf97b57,42,88.0,3,1786590290766,2026-08-13T10:04:50.766
5070,588aca26ed1bfc095abf2de16bf97b57,43,88.0,3,1786590291763,2026-08-13T10:04:51.763
5071,588aca26ed1bfc095abf2de16bf97b57,44,88.0,3,1786590292761,2026-08-13T10:04:52.761
5072,588aca26ed1bfc095abf2de16bf97b57,45,88.0,3,1786590293762,2026-08-13T10:04:53.762
5073,588aca26ed1bfc095abf2de16bf97b57,46,88.0,3,1786590294762,2026-08-13T10:04:54.762
5074,588aca26ed1bfc095abf2de16bf97b57,47,88.0,3,1786590295761,2026-08-13T10:04:55.761
5075,588aca26ed1bfc095abf2de16bf97b57,48,88.0,3,1786590296762,2026-08-13T10:04:56.762
5076,588aca26ed1bfc095abf2de16bf97b57,49,88.0,3,1786590297761,2026-08-13T10:04:57.761
5077,588aca26ed1bfc095abf2de16bf97b57,50,88.0,3,1786590298762,2026-08-13T10:04:58.762
5078,588aca26ed1bfc095abf2de16bf97b57,51,88.0,3,1786590299763,2026-08-13T10:04:59.763
5079,588aca26ed1bfc095abf2de16bf97b57,52,88.0,3,1786590300762,2026-08-13T10:05:00.762
5080,588aca26ed1bfc095abf2de16bf97b57,53,88.0,3,1786590301761,2026-08-13T10:05:01.761
5081,588aca26ed1bfc095abf2de16bf97b57,54,88.0,3,1786590302762,2026-08-13T10:05:02.762
5082,588aca26ed1bfc095abf2de16bf97b57,55,87.0,3,1786590303761,2026-08-13T10:05:03.761
5083,588aca26ed1bfc095abf2de16bf97b57,56,87.0,3,1786590304761,2026-08-13T10:05:04.761
5084,588aca26ed1bfc095abf2de16bf97b57,57,87.0,3,1786590305761,2026-08-13T10:05:05.761
5085,588aca26ed1bfc095abf2de16bf97b57,58,86.0,3,1786590306761,2026-08-13T10:05:06.761
5086,588aca26ed1bfc095abf2de16bf97b57,59,86.0,3,1786590307763,2026-08-13T10:05:07.763
5087,588aca26ed1bfc095abf2de16bf97b57,60,86.0,3,1786590308765,2026-08-13T10:05:08.765
5088,588aca26ed1bfc095abf2de16bf97b57,61,86.0,3,1786590309764,2026-08-13T10:05:09.764
5089,588aca26ed1bfc095abf2de16bf97b57,62,86.0,3,1786590310763,2026-08-13T10:05:10.763
5090,588aca26ed1bfc095abf2de16bf97b57,63,87.0,3,1786590311764,2026-08-13T10:05:11.764
5091,588aca26ed1bfc095abf2de16bf97b57,64,86.0,3,1786590312762,2026-08-13T10:05:12.762
5092,588aca26ed1bfc095abf2de16bf97b57,65,87.0,3,1786590313762,2026-08-13T10:05:13.762
5093,588aca26ed1bfc095abf2de16bf97b57,66,86.0,3,1786590314762,2026-08-13T10:05:14.762
5094,588aca26ed1bfc095abf2de16bf97b57,67,87.0,3,1786590315762,2026-08-13T10:05:15.762
5095,588aca26ed1bfc095abf2de16bf97b57,68,88.0,3,1786590316762,2026-08-13T10:05:16.762
5096,588aca26ed1bfc095abf2de16bf97b57,69,89.0,3,1786590317762,2026-08-13T10:05:17.762
5097,588aca26ed1bfc095abf2de16bf97b57,70,89.0,3,1786590318761,2026-08-13T10:05:18.761
5098,588aca26ed1bfc095abf2de16bf97b57,71,90.0,3,1786590319762,2026-08-13T10:05:19.762
5099,588aca26ed1bfc095abf2de16bf97b57,72,91.0,3,1786590320761,2026-08-13T10:05:20.761
5100,588aca26ed1bfc095abf2de16bf97b57,73,92.0,3,1786590321761,2026-08-13T10:05:21.761
5101,588aca26ed1bfc095abf2de16bf97b57,74,92.0,3,1786590322762,2026-08-13T10:05:22.762
5102,588aca26ed1bfc095abf2de16bf97b57,75,92.0,3,1786590323762,2026-08-13T10:05:23.762
5103,588aca26ed1bfc095abf2de16bf97b57,76,92.0,3,1786590324762,2026-08-13T10:05:24.762
5104,588aca26ed1bfc095abf2de16bf97b57,77,92.0,3,1786590325761,2026-08-13T10:05:25.761
5105,588aca26ed1bfc095abf2de16bf97b57,78,91.0,3,1786590326762,2026-08-13T10:05:26.762
5106,588aca26ed1bfc095abf2de16bf97b57,79,90.0,3,1786590327761,2026-08-13T10:05:27.761
5107,588aca26ed1bfc095abf2de16bf97b57,80,89.0,3,1786590328762,2026-08-13T10:05:28.762
5108,588aca26ed1bfc095abf2de16bf97b57,81,89.0,3,1786590329761,2026-08-13T10:05:29.761
5109,588aca26ed1bfc095abf2de16bf97b57,82,89.0,3,1786590330761,2026-08-13T10:05:30.761
5110,588aca26ed1bfc095abf2de16bf97b57,83,89.0,3,1786590331761,2026-08-13T10:05:31.761
5111,588aca26ed1bfc095abf2de16bf97b57,84,90.0,3,1786590332761,2026-08-13T10:05:32.761
5112,588aca26ed1bfc095abf2de16bf97b57,85,89.0,3,1786590333761,2026-08-13T10:05:33.761
5113,588aca26ed1bfc095abf2de16bf97b57,86,88.0,3,1786590334770,2026-08-13T10:05:34.770
5114,588aca26ed1bfc095abf2de16bf97b57,87,87.0,3,1786590335762,2026-08-13T10:05:35.762
5115,588aca26ed1bfc095abf2de16bf97b57,88,87.0,3,1786590336767,2026-08-13T10:05:36.767
5116,588aca26ed1bfc095abf2de16bf97b57,89,87.0,3,1786590337762,2026-08-13T10:05:37.762
5117,588aca26ed1bfc095abf2de16bf97b57,90,87.0,3,1786590338761,2026-08-13T10:05:38.761
5118,588aca26ed1bfc095abf2de16bf97b57,91,88.0,3,1786590339762,2026-08-13T10:05:39.762
5119,588aca26ed1bfc095abf2de16bf97b57,92,90.0,3,1786590340763,2026-08-13T10:05:40.763
5120,588aca26ed1bfc095abf2de16bf97b57,93,90.0,3,1786590341761,2026-08-13T10:05:41.761
5121,588aca26ed1bfc095abf2de16bf97b57,94,90.0,3,1786590342762,2026-08-13T10:05:42.762
5122,588aca26ed1bfc095abf2de16bf97b57,95,88.0,3,1786590343762,2026-08-13T10:05:43.762
5123,588aca26ed1bfc095abf2de16bf97b57,96,87.0,3,1786590344762,2026-08-13T10:05:44.762
5124,588aca26ed1bfc095abf2de16bf97b57,97,85.0,3,1786590345762,2026-08-13T10:05:45.762
5125,588aca26ed1bfc095abf2de16bf97b57,98,84.0,3,1786590346761,2026-08-13T10:05:46.761
5126,588aca26ed1bfc095abf2de16bf97b57,99,84.0,3,1786590347762,2026-08-13T10:05:47.762
5127,588aca26ed1bfc095abf2de16bf97b57,100,84.0,3,1786590348762,2026-08-13T10:05:48.762
5128,588aca26ed1bfc095abf2de16bf97b57,101,85.0,3,1786590349761,2026-08-13T10:05:49.761
5129,588aca26ed1bfc095abf2de16bf97b57,102,86.0,3,1786590350761,2026-08-13T10:05:50.761
5130,588aca26ed1bfc095abf2de16bf97b57,103,86.0,3,1786590351770,2026-08-13T10:05:51.770
5131,588aca26ed1bfc095abf2de16bf97b57,104,86.0,3,1786590352764,2026-08-13T10:05:52.764
5132,588aca26ed1bfc095abf2de16bf97b57,105,86.0,3,1786590353761,2026-08-13T10:05:53.761
5133,588aca26ed1bfc095abf2de16bf97b57,106,87.0,3,1786590354761,2026-08-13T10:05:54.761
5134,588aca26ed1bfc095abf2de16bf97b57,107,87.0,3,1786590355761,2026-08-13T10:05:55.761
5135,588aca26ed1bfc095abf2de16bf97b57,108,88.0,3,1786590356766,2026-08-13T10:05:56.766
5136,588aca26ed1bfc095abf2de16bf97b57,109,88.0,3,1786590357761,2026-08-13T10:05:57.761
5137,588aca26ed1bfc095abf2de16bf97b57,110,88.0,3,1786590358761,2026-08-13T10:05:58.761
5138,588aca26ed1bfc095abf2de16bf97b57,111,87.0,3,1786590359763,2026-08-13T10:05:59.763
5139,588aca26ed1bfc095abf2de16bf97b57,112,88.0,3,1786590360762,2026-08-13T10:06:00.762
5140,588aca26ed1bfc095abf2de16bf97b57,113,88.0,3,1786590361762,2026-08-13T10:06:01.762
5141,588aca26ed1bfc095abf2de16bf97b57,114,88.0,3,1786590362761,2026-08-13T10:06:02.761
5142,588aca26ed1bfc095abf2de16bf97b57,115,88.0,3,1786590363762,2026-08-13T10:06:03.762
5143,588aca26ed1bfc095abf2de16bf97b57,116,88.0,3,1786590364762,2026-08-13T10:06:04.762
5144,588aca26ed1bfc095abf2de16bf97b57,117,89.0,3,1786590365766,2026-08-13T10:06:05.766
5145,588aca26ed1bfc095abf2de16bf97b57,118,89.0,3,1786590366768,2026-08-13T10:06:06.768
5146,588aca26ed1bfc095abf2de16bf97b57,119,89.0,3,1786590367761,2026-08-13T10:06:07.761
5147,588aca26ed1bfc095abf2de16bf97b57,120,89.0,3,1786590368763,2026-08-13T10:06:08.763
5148,588aca26ed1bfc095abf2de16bf97b57,121,89.0,3,1786590369763,2026-08-13T10:06:09.763
5149,588aca26ed1bfc095abf2de16bf97b57,122,88.0,3,1786590370761,2026-08-13T10:06:10.761
5150,588aca26ed1bfc095abf2de16bf97b57,123,88.0,3,1786590371761,2026-08-13T10:06:11.761
5151,588aca26ed1bfc095abf2de16bf97b57,124,89.0,3,1786590372761,2026-08-13T10:06:12.761
5152,588aca26ed1bfc095abf2de16bf97b57,125,89.0,3,1786590373763,2026-08-13T10:06:13.763
5153,588aca26ed1bfc095abf2de16bf97b57,126,89.0,3,1786590374762,2026-08-13T10:06:14.762
5154,588aca26ed1bfc095abf2de16bf97b57,127,90.0,3,1786590375762,2026-08-13T10:06:15.762
5155,588aca26ed1bfc095abf2de16bf97b57,128,90.0,3,1786590376762,2026-08-13T10:06:16.762
5156,588aca26ed1bfc095abf2de16bf97b57,129,89.0,3,1786590377761,2026-08-13T10:06:17.761
5157,588aca26ed1bfc095abf2de16bf97b57,130,89.0,3,1786590378761,2026-08-13T10:06:18.761
5158,588aca26ed1bfc095abf2de16bf97b57,131,89.0,3,1786590379762,2026-08-13T10:06:19.762
5159,588aca26ed1bfc095abf2de16bf97b57,132,89.0,3,1786590380762,2026-08-13T10:06:20.762
5160,588aca26ed1bfc095abf2de16bf97b57,133,89.0,3,1786590381765,2026-08-13T10:06:21.765
5161,588aca26ed1bfc095abf2de16bf97b57,134,89.0,3,1786590382761,2026-08-13T10:06:22.761
5162,588aca26ed1bfc095abf2de16bf97b57,135,89.0,3,1786590383762,2026-08-13T10:06:23.762
5163,588aca26ed1bfc095abf2de16bf97b57,136,89.0,3,1786590384762,2026-08-13T10:06:24.762
5164,588aca26ed1bfc095abf2de16bf97b57,137,89.0,3,1786590385761,2026-08-13T10:06:25.761
5165,588aca26ed1bfc095abf2de16bf97b57,138,89.0,3,1786590386761,2026-08-13T10:06:26.761
5166,588aca26ed1bfc095abf2de16bf97b57,139,89.0,3,1786590387762,2026-08-13T10:06:27.762
5167,588aca26ed1bfc095abf2de16bf97b57,140,88.0,3,1786590388762,2026-08-13T10:06:28.762
5168,588aca26ed1bfc095abf2de16bf97b57,141,88.0,3,1786590389775,2026-08-13T10:06:29.775
5169,588aca26ed1bfc095abf2de16bf97b57,142,88.0,3,1786590390779,2026-08-13T10:06:30.779
5170,588aca26ed1bfc095abf2de16bf97b57,143,89.0,3,1786590391778,2026-08-13T10:06:31.778
5171,588aca26ed1bfc095abf2de16bf97b57,144,89.0,3,1786590392773,2026-08-13T10:06:32.773
5172,588aca26ed1bfc095abf2de16bf97b57,145,89.0,3,1786590393761,2026-08-13T10:06:33.761
5173,588aca26ed1bfc095abf2de16bf97b57,146,89.0,3,1786590394764,2026-08-13T10:06:34.764
5174,588aca26ed1bfc095abf2de16bf97b57,147,90.0,3,1786590395762,2026-08-13T10:06:35.762
5175,588aca26ed1bfc095abf2de16bf97b57,148,90.0,3,1786590396763,2026-08-13T10:06:36.763
5176,588aca26ed1bfc095abf2de16bf97b57,149,90.0,3,1786590397761,2026-08-13T10:06:37.761
5177,588aca26ed1bfc095abf2de16bf97b57,150,90.0,3,1786590398763,2026-08-13T10:06:38.763
5178,588aca26ed1bfc095abf2de16bf97b57,151,90.0,3,1786590399763,2026-08-13T10:06:39.763
5179,588aca26ed1bfc095abf2de16bf97b57,152,89.0,3,1786590400761,2026-08-13T10:06:40.761
5180,588aca26ed1bfc095abf2de16bf97b57,153,89.0,3,1786590401761,2026-08-13T10:06:41.761
5181,588aca26ed1bfc095abf2de16bf97b57,154,89.0,3,1786590402762,2026-08-13T10:06:42.762
5182,588aca26ed1bfc095abf2de16bf97b57,155,88.0,3,1786590403761,2026-08-13T10:06:43.761
5183,588aca26ed1bfc095abf2de16bf97b57,156,88.0,3,1786590404762,2026-08-13T10:06:44.762
5184,588aca26ed1bfc095abf2de16bf97b57,157,87.0,3,1786590405763,2026-08-13T10:06:45.763
5185,588aca26ed1bfc095abf2de16bf97b57,158,87.0,3,1786590406761,2026-08-13T10:06:46.761
5186,588aca26ed1bfc095abf2de16bf97b57,159,87.0,3,1786590407773,2026-08-13T10:06:47.773
5187,588aca26ed1bfc095abf2de16bf97b57,160,87.0,3,1786590408768,2026-08-13T10:06:48.768
5188,588aca26ed1bfc095abf2de16bf97b57,161,88.0,3,1786590409766,2026-08-13T10:06:49.766
5189,588aca26ed1bfc095abf2de16bf97b57,162,88.0,3,1786590410762,2026-08-13T10:06:50.762
5190,588aca26ed1bfc095abf2de16bf97b57,163,89.0,3,1786590411763,2026-08-13T10:06:51.763
5191,588aca26ed1bfc095abf2de16bf97b57,164,89.0,3,1786590412762,2026-08-13T10:06:52.762
5192,588aca26ed1bfc095abf2de16bf97b57,165,90.0,3,1786590413761,2026-08-13T10:06:53.761
5193,588aca26ed1bfc095abf2de16bf97b57,166,91.0,3,1786590414761,2026-08-13T10:06:54.761
5194,588aca26ed1bfc095abf2de16bf97b57,167,92.0,3,1786590415762,2026-08-13T10:06:55.762
5195,588aca26ed1bfc095abf2de16bf97b57,168,92.0,3,1786590416762,2026-08-13T10:06:56.762
5196,588aca26ed1bfc095abf2de16bf97b57,169,92.0,3,1786590417761,2026-08-13T10:06:57.761
5197,588aca26ed1bfc095abf2de16bf97b57,170,92.0,3,1786590418761,2026-08-13T10:06:58.761
5198,588aca26ed1bfc095abf2de16bf97b57,171,92.0,3,1786590419761,2026-08-13T10:06:59.761
5199,588aca26ed1bfc095abf2de16bf97b57,172,92.0,3,1786590420762,2026-08-13T10:07:00.762
5200,588aca26ed1bfc095abf2de16bf97b57,173,92.0,3,1786590421761,2026-08-13T10:07:01.761
5201,588aca26ed1bfc095abf2de16bf97b57,174,92.0,3,1786590422761,2026-08-13T10:07:02.761
5202,588aca26ed1bfc095abf2de16bf97b57,175,91.0,3,1786590423761,2026-08-13T10:07:03.761
5203,588aca26ed1bfc095abf2de16bf97b57,176,91.0,3,1786590424762,2026-08-13T10:07:04.762
5204,588aca26ed1bfc095abf2de16bf97b57,177,90.0,3,1786590425762,2026-08-13T10:07:05.762
5205,588aca26ed1bfc095abf2de16bf97b57,178,90.0,3,1786590426764,2026-08-13T10:07:06.764
5206,588aca26ed1bfc095abf2de16bf97b57,179,89.0,3,1786590427761,2026-08-13T10:07:07.761
5207,588aca26ed1bfc095abf2de16bf97b57,180,89.0,3,1786590428761,2026-08-13T10:07:08.761
5208,588aca26ed1bfc095abf2de16bf97b57,181,89.0,3,1786590429761,2026-08-13T10:07:09.761
5209,588aca26ed1bfc095abf2de16bf97b57,182,88.0,3,1786590430761,2026-08-13T10:07:10.761
5210,588aca26ed1bfc095abf2de16bf97b57,183,88.0,3,1786590431761,2026-08-13T10:07:11.761
5211,588aca26ed1bfc095abf2de16bf97b57,184,88.0,3,1786590432761,2026-08-13T10:07:12.761
5212,588aca26ed1bfc095abf2de16bf97b57,185,88.0,3,1786590433762,2026-08-13T10:07:13.762
5213,588aca26ed1bfc095abf2de16bf97b57,186,88.0,3,1786590434761,2026-08-13T10:07:14.761
5214,588aca26ed1bfc095abf2de16bf97b57,187,87.0,3,1786590435761,2026-08-13T10:07:15.761
5215,588aca26ed1bfc095abf2de16bf97b57,188,87.0,3,1786590436762,2026-08-13T10:07:16.762
5216,588aca26ed1bfc095abf2de16bf97b57,189,87.0,3,1786590437763,2026-08-13T10:07:17.763
5217,588aca26ed1bfc095abf2de16bf97b57,190,87.0,3,1786590438762,2026-08-13T10:07:18.762
5218,588aca26ed1bfc095abf2de16bf97b57,191,87.0,3,1786590439767,2026-08-13T10:07:19.767
5219,588aca26ed1bfc095abf2de16bf97b57,192,87.0,3,1786590440766,2026-08-13T10:07:20.766
5220,588aca26ed1bfc095abf2de16bf97b57,193,87.0,3,1786590441766,2026-08-13T10:07:21.766
5221,588aca26ed1bfc095abf2de16bf97b57,194,88.0,3,1786590442766,2026-08-13T10:07:22.766
5222,588aca26ed1bfc095abf2de16bf97b57,195,88.0,3,1786590443762,2026-08-13T10:07:23.762
5223,588aca26ed1bfc095abf2de16bf97b57,196,87.0,3,1786590444762,2026-08-13T10:07:24.762
5224,588aca26ed1bfc095abf2de16bf97b57,197,87.0,3,1786590445762,2026-08-13T10:07:25.762
5225,588aca26ed1bfc095abf2de16bf97b57,198,87.0,3,1786590446762,2026-08-13T10:07:26.762
5226,588aca26ed1bfc095abf2de16bf97b57,199,86.0,3,1786590447761,2026-08-13T10:07:27.761
5227,588aca26ed1bfc095abf2de16bf97b57,200,86.0,3,1786590448763,2026-08-13T10:07:28.763
5228,588aca26ed1bfc095abf2de16bf97b57,201,87.0,3,1786590449762,2026-08-13T10:07:29.762
5229,588aca26ed1bfc095abf2de16bf97b57,202,87.0,3,1786590450764,2026-08-13T10:07:30.764
5230,588aca26ed1bfc095abf2de16bf97b57,203,87.0,3,1786590451762,2026-08-13T10:07:31.762
5231,588aca26ed1bfc095abf2de16bf97b57,204,88.0,3,1786590452761,2026-08-13T10:07:32.761
5232,588aca26ed1bfc095abf2de16bf97b57,205,88.0,3,1786590453762,2026-08-13T10:07:33.762
5233,588aca26ed1bfc095abf2de16bf97b57,206,89.0,3,1786590454761,2026-08-13T10:07:34.761
5234,588aca26ed1bfc095abf2de16bf97b57,207,89.0,3,1786590455761,2026-08-13T10:07:35.761
5235,588aca26ed1bfc095abf2de16bf97b57,208,89.0,3,1786590456763,2026-08-13T10:07:36.763
5236,588aca26ed1bfc095abf2de16bf97b57,209,89.0,3,1786590457762,2026-08-13T10:07:37.762
5237,588aca26ed1bfc095abf2de16bf97b57,210,89.0,3,1786590458762,2026-08-13T10:07:38.762
5238,588aca26ed1bfc095abf2de16bf97b57,211,90.0,3,1786590459761,2026-08-13T10:07:39.761
5239,588aca26ed1bfc095abf2de16bf97b57,212,90.0,3,1786590460762,2026-08-13T10:07:40.762
5240,588aca26ed1bfc095abf2de16bf97b57,213,90.0,3,1786590461762,2026-08-13T10:07:41.762
5241,588aca26ed1bfc095abf2de16bf97b57,214,90.0,3,1786590462762,2026-08-13T10:07:42.762
5242,588aca26ed1bfc095abf2de16bf97b57,215,90.0,3,1786590463761,2026-08-13T10:07:43.761
5243,588aca26ed1bfc095abf2de16bf97b57,216,89.0,3,1786590464762,2026-08-13T10:07:44.762
5244,588aca26ed1bfc095abf2de16bf97b57,217,89.0,3,1786590465767,2026-08-13T10:07:45.767
5245,588aca26ed1bfc095abf2de16bf97b57,218,89.0,3,1786590466766,2026-08-13T10:07:46.766
5246,588aca26ed1bfc095abf2de16bf97b57,219,88.0,3,1786590467769,2026-08-13T10:07:47.769
5247,588aca26ed1bfc095abf2de16bf97b57,220,88.0,3,1786590468765,2026-08-13T10:07:48.765
5248,588aca26ed1bfc095abf2de16bf97b57,221,88.0,3,1786590469763,2026-08-13T10:07:49.763
5249,588aca26ed1bfc095abf2de16bf97b57,222,88.0,3,1786590470766,2026-08-13T10:07:50.766
5250,588aca26ed1bfc095abf2de16bf97b57,223,88.0,3,1786590471765,2026-08-13T10:07:51.765
5251,588aca26ed1bfc095abf2de16bf97b57,224,88.0,3,1786590472764,2026-08-13T10:07:52.764
5252,588aca26ed1bfc095abf2de16bf97b57,225,88.0,3,1786590473763,2026-08-13T10:07:53.763
5253,588aca26ed1bfc095abf2de16bf97b57,226,88.0,3,1786590474761,2026-08-13T10:07:54.761
5254,588aca26ed1bfc095abf2de16bf97b57,227,88.0,3,1786590475762,2026-08-13T10:07:55.762
5255,588aca26ed1bfc095abf2de16bf97b57,228,88.0,3,1786590476761,2026-08-13T10:07:56.761
5256,588aca26ed1bfc095abf2de16bf97b57,229,88.0,3,1786590477763,2026-08-13T10:07:57.763
5257,588aca26ed1bfc095abf2de16bf97b57,230,88.0,3,1786590478763,2026-08-13T10:07:58.763
5258,588aca26ed1bfc095abf2de16bf97b57,231,88.0,3,1786590479762,2026-08-13T10:07:59.762
5259,588aca26ed1bfc095abf2de16bf97b57,232,89.0,3,1786590480762,2026-08-13T10:08:00.762
5260,588aca26ed1bfc095abf2de16bf97b57,233,89.0,3,1786590481762,2026-08-13T10:08:01.762
5261,588aca26ed1bfc095abf2de16bf97b57,234,89.0,3,1786590482762,2026-08-13T10:08:02.762
5262,588aca26ed1bfc095abf2de16bf97b57,235,89.0,3,1786590483762,2026-08-13T10:08:03.762
5263,588aca26ed1bfc095abf2de16bf97b57,236,89.0,3,1786590484762,2026-08-13T10:08:04.762
5264,588aca26ed1bfc095abf2de16bf97b57,237,88.0,3,1786590485761,2026-08-13T10:08:05.761
5265,588aca26ed1bfc095abf2de16bf97b57,238,88.0,3,1786590486761,2026-08-13T10:08:06.761
5266,588aca26ed1bfc095abf2de16bf97b57,239,88.0,3,1786590487761,2026-08-13T10:08:07.761
5267,588aca26ed1bfc095abf2de16bf97b57,240,88.0,3,1786590488761,2026-08-13T10:08:08.761
5268,588aca26ed1bfc095abf2de16bf97b57,241,88.0,3,1786590489764,2026-08-13T10:08:09.764
5269,588aca26ed1bfc095abf2de16bf97b57,242,88.0,3,1786590490762,2026-08-13T10:08:10.762
5270,588aca26ed1bfc095abf2de16bf97b57,243,88.0,3,1786590491771,2026-08-13T10:08:11.771
5271,588aca26ed1bfc095abf2de16bf97b57,244,89.0,3,1786590492769,2026-08-13T10:08:12.769
5272,588aca26ed1bfc095abf2de16bf97b57,245,89.0,3,1786590493769,2026-08-13T10:08:13.769
5273,588aca26ed1bfc095abf2de16bf97b57,246,89.0,3,1786590494762,2026-08-13T10:08:14.762
5274,588aca26ed1bfc095abf2de16bf97b57,247,89.0,3,1786590495767,2026-08-13T10:08:15.767
5275,588aca26ed1bfc095abf2de16bf97b57,248,89.0,3,1786590496765,2026-08-13T10:08:16.765
5276,588aca26ed1bfc095abf2de16bf97b57,249,90.0,3,1786590497765,2026-08-13T10:08:17.765
5277,588aca26ed1bfc095abf2de16bf97b57,250,90.0,3,1786590498762,2026-08-13T10:08:18.762
5278,588aca26ed1bfc095abf2de16bf97b57,251,91.0,3,1786590499762,2026-08-13T10:08:19.762
5279,588aca26ed1bfc095abf2de16bf97b57,252,92.0,3,1786590500761,2026-08-13T10:08:20.761
5280,588aca26ed1bfc095abf2de16bf97b57,253,92.0,3,1786590501762,2026-08-13T10:08:21.762
5281,588aca26ed1bfc095abf2de16bf97b57,254,92.0,3,1786590502761,2026-08-13T10:08:22.761
5282,588aca26ed1bfc095abf2de16bf97b57,255,92.0,3,1786590503762,2026-08-13T10:08:23.762
5283,588aca26ed1bfc095abf2de16bf97b57,256,91.0,3,1786590504763,2026-08-13T10:08:24.763
5284,588aca26ed1bfc095abf2de16bf97b57,257,90.0,3,1786590505762,2026-08-13T10:08:25.762
5285,588aca26ed1bfc095abf2de16bf97b57,258,89.0,3,1786590506761,2026-08-13T10:08:26.761
5286,588aca26ed1bfc095abf2de16bf97b57,259,89.0,3,1786590507762,2026-08-13T10:08:27.762
5287,588aca26ed1bfc095abf2de16bf97b57,260,88.0,3,1786590508762,2026-08-13T10:08:28.762
5288,588aca26ed1bfc095abf2de16bf97b57,261,87.0,3,1786590509762,2026-08-13T10:08:29.762
5289,588aca26ed1bfc095abf2de16bf97b57,262,87.0,3,1786590510762,2026-08-13T10:08:30.762
5290,588aca26ed1bfc095abf2de16bf97b57,263,87.0,3,1786590511761,2026-08-13T10:08:31.761
5291,588aca26ed1bfc095abf2de16bf97b57,264,87.0,3,1786590512761,2026-08-13T10:08:32.761
5292,588aca26ed1bfc095abf2de16bf97b57,265,86.0,3,1786590513761,2026-08-13T10:08:33.761
5293,588aca26ed1bfc095abf2de16bf97b57,266,86.0,3,1786590514771,2026-08-13T10:08:34.771
5294,588aca26ed1bfc095abf2de16bf97b57,267,86.0,3,1786590515769,2026-08-13T10:08:35.769
5295,588aca26ed1bfc095abf2de16bf97b57,268,87.0,3,1786590516767,2026-08-13T10:08:36.767
5296,588aca26ed1bfc095abf2de16bf97b57,269,87.0,3,1786590517766,2026-08-13T10:08:37.766
5297,588aca26ed1bfc095abf2de16bf97b57,270,87.0,3,1786590518763,2026-08-13T10:08:38.763
5298,588aca26ed1bfc095abf2de16bf97b57,271,87.0,3,1786590519761,2026-08-13T10:08:39.761
5299,588aca26ed1bfc095abf2de16bf97b57,272,86.0,3,1786590520761,2026-08-13T10:08:40.761
5300,588aca26ed1bfc095abf2de16bf97b57,273,86.0,3,1786590521762,2026-08-13T10:08:41.762
5301,588aca26ed1bfc095abf2de16bf97b57,274,86.0,3,1786590522764,2026-08-13T10:08:42.764
5302,588aca26ed1bfc095abf2de16bf97b57,275,86.0,3,1786590523762,2026-08-13T10:08:43.762
5303,588aca26ed1bfc095abf2de16bf97b57,276,86.0,3,1786590524763,2026-08-13T10:08:44.763
5304,588aca26ed1bfc095abf2de16bf97b57,277,86.0,3,1786590525762,2026-08-13T10:08:45.762
5305,588aca26ed1bfc095abf2de16bf97b57,278,86.0,3,1786590526762,2026-08-13T10:08:46.762
5306,588aca26ed1bfc095abf2de16bf97b57,279,86.0,3,1786590527762,2026-08-13T10:08:47.762
5307,588aca26ed1bfc095abf2de16bf97b57,280,86.0,3,1786590528762,2026-08-13T10:08:48.762
5308,588aca26ed1bfc095abf2de16bf97b57,281,86.0,3,1786590529761,2026-08-13T10:08:49.761
5309,588aca26ed1bfc095abf2de16bf97b57,282,86.0,3,1786590530761,2026-08-13T10:08:50.761
5310,588aca26ed1bfc095abf2de16bf97b57,283,86.0,3,1786590531765,2026-08-13T10:08:51.765
5311,588aca26ed1bfc095abf2de16bf97b57,284,87.0,3,1786590532768,2026-08-13T10:08:52.768
5312,588aca26ed1bfc095abf2de16bf97b57,285,87.0,3,1786590533765,2026-08-13T10:08:53.765
5313,588aca26ed1bfc095abf2de16bf97b57,286,88.0,3,1786590534767,2026-08-13T10:08:54.767
5314,588aca26ed1bfc095abf2de16bf97b57,287,89.0,3,1786590535762,2026-08-13T10:08:55.762
5315,588aca26ed1bfc095abf2de16bf97b57,288,89.0,3,1786590536763,2026-08-13T10:08:56.763
5316,588aca26ed1bfc095abf2de16bf97b57,289,90.0,3,1786590537762,2026-08-13T10:08:57.762
5317,588aca26ed1bfc095abf2de16bf97b57,290,90.0,3,1786590538762,2026-08-13T10:08:58.762
5318,588aca26ed1bfc095abf2de16bf97b57,291,90.0,3,1786590539762,2026-08-13T10:08:59.762
5319,588aca26ed1bfc095abf2de16bf97b57,292,90.0,3,1786590540762,2026-08-13T10:09:00.762
5320,588aca26ed1bfc095abf2de16bf97b57,293,90.0,3,1786590541761,2026-08-13T10:09:01.761
5321,588aca26ed1bfc095abf2de16bf97b57,294,89.0,3,1786590542761,2026-08-13T10:09:02.761
5322,588aca26ed1bfc095abf2de16bf97b57,295,89.0,3,1786590543762,2026-08-13T10:09:03.762
5323,588aca26ed1bfc095abf2de16bf97b57,296,89.0,3,1786590544761,2026-08-13T10:09:04.761
5324,588aca26ed1bfc095abf2de16bf97b57,297,89.0,3,1786590545762,2026-08-13T10:09:05.762
5325,588aca26ed1bfc095abf2de16bf97b57,298,89.0,3,1786590546762,2026-08-13T10:09:06.762
5326,588aca26ed1bfc095abf2de16bf97b57,299,90.0,3,1786590547762,2026-08-13T10:09:07.762
5327,588aca26ed1bfc095abf2de16bf97b57,300,90.0,3,1786590548761,2026-08-13T10:09:08.761
5328,588aca26ed1bfc095abf2de16bf97b57,301,90.0,3,1786590549762,2026-08-13T10:09:09.762
5329,588aca26ed1bfc095abf2de16bf97b57,302,89.0,3,1786590550769,2026-08-13T10:09:10.769
5330,588aca26ed1bfc095abf2de16bf97b57,303,89.0,3,1786590551770,2026-08-13T10:09:11.770
5331,588aca26ed1bfc095abf2de16bf97b57,304,90.0,3,1786590552767,2026-08-13T10:09:12.767
5332,588aca26ed1bfc095abf2de16bf97b57,305,90.0,3,1786590553767,2026-08-13T10:09:13.767
5333,588aca26ed1bfc095abf2de16bf97b57,306,90.0,3,1786590554765,2026-08-13T10:09:14.765
5334,588aca26ed1bfc095abf2de16bf97b57,307,89.0,3,1786590555765,2026-08-13T10:09:15.765
5335,588aca26ed1bfc095abf2de16bf97b57,308,89.0,3,1786590556762,2026-08-13T10:09:16.762
5336,588aca26ed1bfc095abf2de16bf97b57,309,89.0,3,1786590557761,2026-08-13T10:09:17.761
5337,588aca26ed1bfc095abf2de16bf97b57,310,88.0,3,1786590558761,2026-08-13T10:09:18.761
5338,588aca26ed1bfc095abf2de16bf97b57,311,88.0,3,1786590559762,2026-08-13T10:09:19.762
5339,588aca26ed1bfc095abf2de16bf97b57,312,87.0,3,1786590560763,2026-08-13T10:09:20.763
5340,588aca26ed1bfc095abf2de16bf97b57,313,87.0,3,1786590561762,2026-08-13T10:09:21.762
5341,588aca26ed1bfc095abf2de16bf97b57,314,86.0,3,1786590562761,2026-08-13T10:09:22.761
5342,588aca26ed1bfc095abf2de16bf97b57,315,86.0,3,1786590563762,2026-08-13T10:09:23.762
5343,588aca26ed1bfc095abf2de16bf97b57,316,86.0,3,1786590564761,2026-08-13T10:09:24.761
5344,588aca26ed1bfc095abf2de16bf97b57,317,86.0,3,1786590565762,2026-08-13T10:09:25.762
5345,588aca26ed1bfc095abf2de16bf97b57,318,86.0,3,1786590566762,2026-08-13T10:09:26.762
5346,588aca26ed1bfc095abf2de16bf97b57,319,86.0,3,1786590567762,2026-08-13T10:09:27.762
5347,588aca26ed1bfc095abf2de16bf97b57,320,86.0,3,1786590568762,2026-08-13T10:09:28.762
5348,588aca26ed1bfc095abf2de16bf97b57,321,86.0,3,1786590569762,2026-08-13T10:09:29.762
5349,588aca26ed1bfc095abf2de16bf97b57,322,87.0,3,1786590570763,2026-08-13T10:09:30.763
5350,588aca26ed1bfc095abf2de16bf97b57,323,87.0,3,1786590571770,2026-08-13T10:09:31.770
5351,588aca26ed1bfc095abf2de16bf97b57,324,87.0,3,1786590572769,2026-08-13T10:09:32.769
5352,588aca26ed1bfc095abf2de16bf97b57,325,87.0,3,1786590573766,2026-08-13T10:09:33.766
5353,588aca26ed1bfc095abf2de16bf97b57,326,88.0,3,1786590574766,2026-08-13T10:09:34.766
5354,588aca26ed1bfc095abf2de16bf97b57,327,88.0,3,1786590575761,2026-08-13T10:09:35.761
5355,588aca26ed1bfc095abf2de16bf97b57,328,88.0,3,1786590576762,2026-08-13T10:09:36.762
5356,588aca26ed1bfc095abf2de16bf97b57,329,87.0,3,1786590577761,2026-08-13T10:09:37.761
5357,588aca26ed1bfc095abf2de16bf97b57,330,87.0,3,1786590578762,2026-08-13T10:09:38.762
5358,588aca26ed1bfc095abf2de16bf97b57,331,87.0,3,1786590579762,2026-08-13T10:09:39.762
5359,588aca26ed1bfc095abf2de16bf97b57,332,87.0,3,1786590580771,2026-08-13T10:09:40.771
5360,588aca26ed1bfc095abf2de16bf97b57,333,88.0,3,1786590581761,2026-08-13T10:09:41.761
5361,588aca26ed1bfc095abf2de16bf97b57,334,88.0,3,1786590582762,2026-08-13T10:09:42.762
5362,588aca26ed1bfc095abf2de16bf97b57,335,89.0,3,1786590583762,2026-08-13T10:09:43.762
5363,588aca26ed1bfc095abf2de16bf97b57,336,90.0,3,1786590584762,2026-08-13T10:09:44.762
5364,588aca26ed1bfc095abf2de16bf97b57,337,90.0,3,1786590585761,2026-08-13T10:09:45.761
5365,588aca26ed1bfc095abf2de16bf97b57,338,90.0,3,1786590586762,2026-08-13T10:09:46.762
5366,588aca26ed1bfc095abf2de16bf97b57,339,89.0,3,1786590587761,2026-08-13T10:09:47.761
5367,588aca26ed1bfc095abf2de16bf97b57,340,89.0,3,1786590588771,2026-08-13T10:09:48.771
5368,588aca26ed1bfc095abf2de16bf97b57,341,88.0,3,1786590589769,2026-08-13T10:09:49.769
5369,588aca26ed1bfc095abf2de16bf97b57,342,88.0,3,1786590590767,2026-08-13T10:09:50.767
5370,588aca26ed1bfc095abf2de16bf97b57,343,88.0,3,1786590591766,2026-08-13T10:09:51.766
5371,588aca26ed1bfc095abf2de16bf97b57,344,88.0,3,1786590592766,2026-08-13T10:09:52.766
5372,588aca26ed1bfc095abf2de16bf97b57,345,88.0,3,1786590593764,2026-08-13T10:09:53.764
5373,588aca26ed1bfc095abf2de16bf97b57,346,88.0,3,1786590594764,2026-08-13T10:09:54.764
5374,588aca26ed1bfc095abf2de16bf97b57,347,88.0,3,1786590595763,2026-08-13T10:09:55.763
5375,588aca26ed1bfc095abf2de16bf97b57,348,89.0,3,1786590596762,2026-08-13T10:09:56.762
5376,588aca26ed1bfc095abf2de16bf97b57,349,89.0,3,1786590597762,2026-08-13T10:09:57.762
5377,588aca26ed1bfc095abf2de16bf97b57,350,90.0,3,1786590598761,2026-08-13T10:09:58.761
5378,588aca26ed1bfc095abf2de16bf97b57,351,90.0,3,1786590599761,2026-08-13T10:09:59.761
5379,588aca26ed1bfc095abf2de16bf97b57,352,89.0,3,1786590600761,2026-08-13T10:10:00.761
5380,588aca26ed1bfc095abf2de16bf97b57,353,89.0,3,1786590601762,2026-08-13T10:10:01.762
5381,588aca26ed1bfc095abf2de16bf97b57,354,88.0,3,1786590602762,2026-08-13T10:10:02.762
5382,588aca26ed1bfc095abf2de16bf97b57,355,87.0,3,1786590603762,2026-08-13T10:10:03.762
5383,588aca26ed1bfc095abf2de16bf97b57,356,87.0,3,1786590604770,2026-08-13T10:10:04.770
5384,588aca26ed1bfc095abf2de16bf97b57,357,86.0,3,1786590605762,2026-08-13T10:10:05.762
5385,588aca26ed1bfc095abf2de16bf97b57,358,86.0,3,1786590606762,2026-08-13T10:10:06.762
5386,588aca26ed1bfc095abf2de16bf97b57,359,86.0,3,1786590607765,2026-08-13T10:10:07.765
5387,588aca26ed1bfc095abf2de16bf97b57,360,86.0,3,1786590608762,2026-08-13T10:10:08.762
5388,588aca26ed1bfc095abf2de16bf97b57,361,86.0,3,1786590609761,2026-08-13T10:10:09.761
5389,588aca26ed1bfc095abf2de16bf97b57,362,86.0,3,1786590610761,2026-08-13T10:10:10.761
5390,588aca26ed1bfc095abf2de16bf97b57,363,86.0,3,1786590611763,2026-08-13T10:10:11.763
5391,588aca26ed1bfc095abf2de16bf97b57,364,86.0,3,1786590612761,2026-08-13T10:10:12.761
5392,588aca26ed1bfc095abf2de16bf97b57,365,86.0,3,1786590613762,2026-08-13T10:10:13.762
5393,588aca26ed1bfc095abf2de16bf97b57,366,86.0,3,1786590614761,2026-08-13T10:10:14.761
5394,588aca26ed1bfc095abf2de16bf97b57,367,86.0,3,1786590615772,2026-08-13T10:10:15.772
5395,588aca26ed1bfc095abf2de16bf97b57,368,87.0,3,1786590616770,2026-08-13T10:10:16.770
5396,588aca26ed1bfc095abf2de16bf97b57,369,87.0,3,1786590617775,2026-08-13T10:10:17.775
5397,588aca26ed1bfc095abf2de16bf97b57,370,87.0,3,1786590618765,2026-08-13T10:10:18.765
5398,588aca26ed1bfc095abf2de16bf97b57,371,87.0,3,1786590619766,2026-08-13T10:10:19.766
5399,588aca26ed1bfc095abf2de16bf97b57,372,87.0,3,1786590620762,2026-08-13T10:10:20.762
5400,588aca26ed1bfc095abf2de16bf97b57,373,87.0,3,1786590621763,2026-08-13T10:10:21.763
5401,588aca26ed1bfc095abf2de16bf97b57,374,87.0,3,1786590622762,2026-08-13T10:10:22.762
5402,588aca26ed1bfc095abf2de16bf97b57,375,87.0,3,1786590623761,2026-08-13T10:10:23.761
5403,588aca26ed1bfc095abf2de16bf97b57,376,87.0,3,1786590624762,2026-08-13T10:10:24.762
5404,588aca26ed1bfc095abf2de16bf97b57,377,88.0,3,1786590625761,2026-08-13T10:10:25.761
5405,588aca26ed1bfc095abf2de16bf97b57,378,87.0,3,1786590626763,2026-08-13T10:10:26.763
5406,588aca26ed1bfc095abf2de16bf97b57,379,87.0,3,1786590627763,2026-08-13T10:10:27.763
5407,588aca26ed1bfc095abf2de16bf97b57,380,87.0,3,1786590628762,2026-08-13T10:10:28.762
5408,588aca26ed1bfc095abf2de16bf97b57,381,87.0,3,1786590629762,2026-08-13T10:10:29.762
5409,588aca26ed1bfc095abf2de16bf97b57,382,87.0,3,1786590630761,2026-08-13T10:10:30.761
5410,588aca26ed1bfc095abf2de16bf97b57,383,87.0,3,1786590631762,2026-08-13T10:10:31.762
5411,588aca26ed1bfc095abf2de16bf97b57,384,87.0,3,1786590632761,2026-08-13T10:10:32.761
5412,588aca26ed1bfc095abf2de16bf97b57,385,87.0,3,1786590633761,2026-08-13T10:10:33.761
5413,588aca26ed1bfc095abf2de16bf97b57,386,87.0,3,1786590634762,2026-08-13T10:10:34.762
5414,588aca26ed1bfc095abf2de16bf97b57,387,86.0,3,1786590635762,2026-08-13T10:10:35.762
5415,588aca26ed1bfc095abf2de16bf97b57,388,86.0,3,1786590636762,2026-08-13T10:10:36.762
5416,588aca26ed1bfc095abf2de16bf97b57,389,87.0,3,1786590637761,2026-08-13T10:10:37.761
5417,588aca26ed1bfc095abf2de16bf97b57,390,87.0,3,1786590638761,2026-08-13T10:10:38.761
5418,588aca26ed1bfc095abf2de16bf97b57,391,87.0,3,1786590639764,2026-08-13T10:10:39.764
5419,588aca26ed1bfc095abf2de16bf97b57,392,88.0,3,1786590640761,2026-08-13T10:10:40.761
5420,588aca26ed1bfc095abf2de16bf97b57,393,88.0,3,1786590641776,2026-08-13T10:10:41.776
5421,588aca26ed1bfc095abf2de16bf97b57,394,88.0,3,1786590642778,2026-08-13T10:10:42.778
5422,588aca26ed1bfc095abf2de16bf97b57,395,88.0,3,1786590643772,2026-08-13T10:10:43.772
5423,588aca26ed1bfc095abf2de16bf97b57,396,89.0,3,1786590644774,2026-08-13T10:10:44.774
5424,588aca26ed1bfc095abf2de16bf97b57,397,89.0,3,1786590645775,2026-08-13T10:10:45.775
5425,588aca26ed1bfc095abf2de16bf97b57,398,88.0,3,1786590646774,2026-08-13T10:10:46.774
5426,588aca26ed1bfc095abf2de16bf97b57,399,88.0,3,1786590647777,2026-08-13T10:10:47.777
5427,588aca26ed1bfc095abf2de16bf97b57,400,88.0,3,1786590648767,2026-08-13T10:10:48.767
5428,588aca26ed1bfc095abf2de16bf97b57,401,88.0,3,1786590649762,2026-08-13T10:10:49.762
5429,588aca26ed1bfc095abf2de16bf97b57,402,88.0,3,1786590650762,2026-08-13T10:10:50.762
5430,588aca26ed1bfc095abf2de16bf97b57,403,88.0,3,1786590651761,2026-08-13T10:10:51.761
5431,588aca26ed1bfc095abf2de16bf97b57,404,88.0,3,1786590652761,2026-08-13T10:10:52.761
5432,588aca26ed1bfc095abf2de16bf97b57,405,88.0,3,1786590653762,2026-08-13T10:10:53.762
5433,588aca26ed1bfc095abf2de16bf97b57,406,88.0,3,1786590654762,2026-08-13T10:10:54.762
5434,588aca26ed1bfc095abf2de16bf97b57,407,88.0,3,1786590655762,2026-08-13T10:10:55.762
5435,588aca26ed1bfc095abf2de16bf97b57,408,88.0,3,1786590656763,2026-08-13T10:10:56.763
5436,588aca26ed1bfc095abf2de16bf97b57,409,88.0,3,1786590657762,2026-08-13T10:10:57.762
5437,588aca26ed1bfc095abf2de16bf97b57,410,88.0,3,1786590658761,2026-08-13T10:10:58.761
5438,588aca26ed1bfc095abf2de16bf97b57,411,88.0,3,1786590659764,2026-08-13T10:10:59.764
5439,588aca26ed1bfc095abf2de16bf97b57,412,87.0,3,1786590660761,2026-08-13T10:11:00.761
5440,588aca26ed1bfc095abf2de16bf97b57,413,87.0,3,1786590661762,2026-08-13T10:11:01.762
5441,588aca26ed1bfc095abf2de16bf97b57,414,87.0,3,1786590662762,2026-08-13T10:11:02.762
5442,588aca26ed1bfc095abf2de16bf97b57,415,87.0,3,1786590663762,2026-08-13T10:11:03.762
5443,588aca26ed1bfc095abf2de16bf97b57,416,87.0,3,1786590664762,2026-08-13T10:11:04.762
5444,588aca26ed1bfc095abf2de16bf97b57,417,88.0,3,1786590665767,2026-08-13T10:11:05.767
5445,588aca26ed1bfc095abf2de16bf97b57,418,88.0,3,1786590666770,2026-08-13T10:11:06.770
5446,588aca26ed1bfc095abf2de16bf97b57,419,88.0,3,1786590667768,2026-08-13T10:11:07.768
5447,588aca26ed1bfc095abf2de16bf97b57,420,88.0,3,1786590668762,2026-08-13T10:11:08.762
5448,588aca26ed1bfc095abf2de16bf97b57,421,87.0,3,1786590669764,2026-08-13T10:11:09.764
5449,588aca26ed1bfc095abf2de16bf97b57,422,87.0,3,1786590670763,2026-08-13T10:11:10.763
5450,588aca26ed1bfc095abf2de16bf97b57,423,87.0,3,1786590671762,2026-08-13T10:11:11.762
5451,588aca26ed1bfc095abf2de16bf97b57,424,87.0,3,1786590672761,2026-08-13T10:11:12.761
5452,588aca26ed1bfc095abf2de16bf97b57,425,87.0,3,1786590673761,2026-08-13T10:11:13.761
5453,588aca26ed1bfc095abf2de16bf97b57,426,88.0,3,1786590674761,2026-08-13T10:11:14.761
5454,588aca26ed1bfc095abf2de16bf97b57,427,88.0,3,1786590675762,2026-08-13T10:11:15.762
5455,588aca26ed1bfc095abf2de16bf97b57,428,88.0,3,1786590676761,2026-08-13T10:11:16.761
5456,588aca26ed1bfc095abf2de16bf97b57,429,88.0,3,1786590677761,2026-08-13T10:11:17.761
5457,588aca26ed1bfc095abf2de16bf97b57,430,88.0,3,1786590678764,2026-08-13T10:11:18.764
5458,588aca26ed1bfc095abf2de16bf97b57,431,88.0,3,1786590679761,2026-08-13T10:11:19.761
5459,588aca26ed1bfc095abf2de16bf97b57,432,88.0,3,1786590680762,2026-08-13T10:11:20.762
5460,588aca26ed1bfc095abf2de16bf97b57,433,88.0,3,1786590681762,2026-08-13T10:11:21.762
5461,588aca26ed1bfc095abf2de16bf97b57,434,88.0,3,1786590682761,2026-08-13T10:11:22.761
5462,588aca26ed1bfc095abf2de16bf97b57,435,88.0,3,1786590683761,2026-08-13T10:11:23.761
5463,588aca26ed1bfc095abf2de16bf97b57,436,88.0,3,1786590684761,2026-08-13T10:11:24.761
5464,588aca26ed1bfc095abf2de16bf97b57,437,88.0,3,1786590685762,2026-08-13T10:11:25.762
5465,588aca26ed1bfc095abf2de16bf97b57,438,88.0,3,1786590686762,2026-08-13T10:11:26.762
5466,588aca26ed1bfc095abf2de16bf97b57,439,88.0,3,1786590687761,2026-08-13T10:11:27.761
5467,588aca26ed1bfc095abf2de16bf97b57,440,88.0,3,1786590688762,2026-08-13T10:11:28.762
5468,588aca26ed1bfc095abf2de16bf97b57,441,88.0,3,1786590689762,2026-08-13T10:11:29.762
5469,588aca26ed1bfc095abf2de16bf97b57,442,88.0,3,1786590690762,2026-08-13T10:11:30.762
5470,588aca26ed1bfc095abf2de16bf97b57,443,88.0,3,1786590691761,2026-08-13T10:11:31.761
5471,588aca26ed1bfc095abf2de16bf97b57,444,88.0,3,1786590692761,2026-08-13T10:11:32.761
5472,588aca26ed1bfc095abf2de16bf97b57,445,87.0,3,1786590693762,2026-08-13T10:11:33.762
5473,588aca26ed1bfc095abf2de16bf97b57,446,88.0,3,1786590694771,2026-08-13T10:11:34.771
5474,588aca26ed1bfc095abf2de16bf97b57,447,88.0,3,1786590695763,2026-08-13T10:11:35.763
5475,588aca26ed1bfc095abf2de16bf97b57,448,89.0,3,1786590696766,2026-08-13T10:11:36.766
5476,588aca26ed1bfc095abf2de16bf97b57,449,89.0,3,1786590697767,2026-08-13T10:11:37.767
5477,588aca26ed1bfc095abf2de16bf97b57,450,90.0,3,1786590698766,2026-08-13T10:11:38.766
5478,588aca26ed1bfc095abf2de16bf97b57,451,91.0,3,1786590699766,2026-08-13T10:11:39.766
5479,588aca26ed1bfc095abf2de16bf97b57,452,91.0,3,1786590700762,2026-08-13T10:11:40.762
5480,588aca26ed1bfc095abf2de16bf97b57,453,91.0,3,1786590701765,2026-08-13T10:11:41.765
5481,588aca26ed1bfc095abf2de16bf97b57,454,91.0,3,1786590702764,2026-08-13T10:11:42.764
5482,588aca26ed1bfc095abf2de16bf97b57,455,91.0,3,1786590703763,2026-08-13T10:11:43.763
5483,588aca26ed1bfc095abf2de16bf97b57,456,90.0,3,1786590704762,2026-08-13T10:11:44.762
5484,588aca26ed1bfc095abf2de16bf97b57,457,90.0,3,1786590705761,2026-08-13T10:11:45.761
5485,588aca26ed1bfc095abf2de16bf97b57,458,90.0,3,1786590706762,2026-08-13T10:11:46.762
5486,588aca26ed1bfc095abf2de16bf97b57,459,90.0,3,1786590707762,2026-08-13T10:11:47.762
5487,588aca26ed1bfc095abf2de16bf97b57,460,90.0,3,1786590708761,2026-08-13T10:11:48.761
5488,588aca26ed1bfc095abf2de16bf97b57,461,90.0,3,1786590709762,2026-08-13T10:11:49.762
5489,588aca26ed1bfc095abf2de16bf97b57,462,90.0,3,1786590710761,2026-08-13T10:11:50.761
5490,588aca26ed1bfc095abf2de16bf97b57,463,90.0,3,1786590711762,2026-08-13T10:11:51.762
5491,588aca26ed1bfc095abf2de16bf97b57,464,91.0,3,1786590712761,2026-08-13T10:11:52.761
5492,588aca26ed1bfc095abf2de16bf97b57,465,91.0,3,1786590713762,2026-08-13T10:11:53.762
5493,588aca26ed1bfc095abf2de16bf97b57,466,91.0,3,1786590714761,2026-08-13T10:11:54.761
5494,588aca26ed1bfc095abf2de16bf97b57,467,92.0,3,1786590715762,2026-08-13T10:11:55.762
5495,588aca26ed1bfc095abf2de16bf97b57,468,92.0,3,1786590716761,2026-08-13T10:11:56.761
5496,588aca26ed1bfc095abf2de16bf97b57,469,92.0,3,1786590717763,2026-08-13T10:11:57.763
5497,588aca26ed1bfc095abf2de16bf97b57,470,92.0,3,1786590718766,2026-08-13T10:11:58.766
5498,588aca26ed1bfc095abf2de16bf97b57,471,92.0,3,1786590719761,2026-08-13T10:11:59.761
5499,588aca26ed1bfc095abf2de16bf97b57,472,91.0,3,1786590720762,2026-08-13T10:12:00.762
5500,588aca26ed1bfc095abf2de16bf97b57,473,91.0,3,1786590721761,2026-08-13T10:12:01.761
5501,588aca26ed1bfc095abf2de16bf97b57,474,90.0,3,1786590722762,2026-08-13T10:12:02.762
5502,588aca26ed1bfc095abf2de16bf97b57,475,90.0,3,1786590723761,2026-08-13T10:12:03.761
5503,588aca26ed1bfc095abf2de16bf97b57,476,90.0,3,1786590724761,2026-08-13T10:12:04.761
5504,588aca26ed1bfc095abf2de16bf97b57,477,90.0,3,1786590725761,2026-08-13T10:12:05.761
5505,588aca26ed1bfc095abf2de16bf97b57,478,90.0,3,1786590726762,2026-08-13T10:12:06.762
5506,588aca26ed1bfc095abf2de16bf97b57,479,89.0,3,1786590727762,2026-08-13T10:12:07.762
5507,588aca26ed1bfc095abf2de16bf97b57,480,89.0,3,1786590728762,2026-08-13T10:12:08.762
5508,588aca26ed1bfc095abf2de16bf97b57,481,88.0,3,1786590729761,2026-08-13T10:12:09.761
5509,588aca26ed1bfc095abf2de16bf97b57,482,88.0,3,1786590730762,2026-08-13T10:12:10.762
5510,588aca26ed1bfc095abf2de16bf97b57,483,87.0,3,1786590731762,2026-08-13T10:12:11.762
5511,588aca26ed1bfc095abf2de16bf97b57,484,87.0,3,1786590732761,2026-08-13T10:12:12.761
5512,588aca26ed1bfc095abf2de16bf97b57,485,87.0,3,1786590733763,2026-08-13T10:12:13.763
5513,588aca26ed1bfc095abf2de16bf97b57,486,87.0,3,1786590734761,2026-08-13T10:12:14.761
5514,588aca26ed1bfc095abf2de16bf97b57,487,88.0,3,1786590735762,2026-08-13T10:12:15.762
5515,588aca26ed1bfc095abf2de16bf97b57,488,88.0,3,1786590736762,2026-08-13T10:12:16.762
5516,588aca26ed1bfc095abf2de16bf97b57,489,88.0,3,1786590737761,2026-08-13T10:12:17.761
5517,588aca26ed1bfc095abf2de16bf97b57,490,88.0,3,1786590738762,2026-08-13T10:12:18.762
5518,588aca26ed1bfc095abf2de16bf97b57,491,88.0,3,1786590739761,2026-08-13T10:12:19.761
5519,588aca26ed1bfc095abf2de16bf97b57,492,89.0,3,1786590740762,2026-08-13T10:12:20.762
5520,588aca26ed1bfc095abf2de16bf97b57,493,89.0,3,1786590741761,2026-08-13T10:12:21.761
5521,588aca26ed1bfc095abf2de16bf97b57,494,89.0,3,1786590742761,2026-08-13T10:12:22.761
5522,588aca26ed1bfc095abf2de16bf97b57,495,89.0,3,1786590743761,2026-08-13T10:12:23.761
5523,588aca26ed1bfc095abf2de16bf97b57,496,89.0,3,1786590744761,2026-08-13T10:12:24.761
5524,588aca26ed1bfc095abf2de16bf97b57,497,89.0,3,1786590745764,2026-08-13T10:12:25.764
5525,588aca26ed1bfc095abf2de16bf97b57,498,89.0,3,1786590746767,2026-08-13T10:12:26.767
5526,588aca26ed1bfc095abf2de16bf97b57,499,89.0,3,1786590747771,2026-08-13T10:12:27.771
5527,588aca26ed1bfc095abf2de16bf97b57,500,89.0,3,1786590748768,2026-08-13T10:12:28.768
5528,588aca26ed1bfc095abf2de16bf97b57,501,89.0,3,1786590749763,2026-08-13T10:12:29.763
5529,588aca26ed1bfc095abf2de16bf97b57,502,90.0,3,1786590750769,2026-08-13T10:12:30.769
5530,588aca26ed1bfc095abf2de16bf97b57,503,90.0,3,1786590751767,2026-08-13T10:12:31.767
5531,588aca26ed1bfc095abf2de16bf97b57,504,90.0,3,1786590752767,2026-08-13T10:12:32.767
5532,588aca26ed1bfc095abf2de16bf97b57,505,89.0,3,1786590753769,2026-08-13T10:12:33.769
5533,588aca26ed1bfc095abf2de16bf97b57,506,89.0,3,1786590754768,2026-08-13T10:12:34.768
5534,588aca26ed1bfc095abf2de16bf97b57,507,89.0,3,1786590755763,2026-08-13T10:12:35.763
5535,588aca26ed1bfc095abf2de16bf97b57,508,88.0,3,1786590756769,2026-08-13T10:12:36.769
5536,588aca26ed1bfc095abf2de16bf97b57,509,88.0,3,1786590757768,2026-08-13T10:12:37.768
5537,588aca26ed1bfc095abf2de16bf97b57,510,88.0,3,1786590758768,2026-08-13T10:12:38.768
5538,588aca26ed1bfc095abf2de16bf97b57,511,88.0,3,1786590759766,2026-08-13T10:12:39.766
5539,588aca26ed1bfc095abf2de16bf97b57,512,88.0,3,1786590760767,2026-08-13T10:12:40.767
5540,588aca26ed1bfc095abf2de16bf97b57,513,88.0,3,1786590761765,2026-08-13T10:12:41.765
5541,588aca26ed1bfc095abf2de16bf97b57,514,88.0,3,1786590762766,2026-08-13T10:12:42.766
5542,588aca26ed1bfc095abf2de16bf97b57,515,88.0,3,1786590763766,2026-08-13T10:12:43.766
5543,588aca26ed1bfc095abf2de16bf97b57,516,87.0,3,1786590764766,2026-08-13T10:12:44.766
5544,588aca26ed1bfc095abf2de16bf97b57,517,87.0,3,1786590765765,2026-08-13T10:12:45.765
5545,588aca26ed1bfc095abf2de16bf97b57,518,87.0,3,1786590766762,2026-08-13T10:12:46.762
5546,588aca26ed1bfc095abf2de16bf97b57,519,87.0,3,1786590767763,2026-08-13T10:12:47.763
5547,588aca26ed1bfc095abf2de16bf97b57,520,87.0,3,1786590768763,2026-08-13T10:12:48.763
5548,588aca26ed1bfc095abf2de16bf97b57,521,86.0,3,1786590769762,2026-08-13T10:12:49.762
5549,588aca26ed1bfc095abf2de16bf97b57,522,86.0,3,1786590770762,2026-08-13T10:12:50.762
5550,588aca26ed1bfc095abf2de16bf97b57,523,86.0,3,1786590771762,2026-08-13T10:12:51.762
5551,588aca26ed1bfc095abf2de16bf97b57,524,87.0,3,1786590772763,2026-08-13T10:12:52.763
5552,588aca26ed1bfc095abf2de16bf97b57,525,87.0,3,1786590773764,2026-08-13T10:12:53.764
5553,588aca26ed1bfc095abf2de16bf97b57,526,88.0,3,1786590774763,2026-08-13T10:12:54.763
5554,588aca26ed1bfc095abf2de16bf97b57,527,89.0,3,1786590775761,2026-08-13T10:12:55.761
5555,588aca26ed1bfc095abf2de16bf97b57,528,89.0,3,1786590776761,2026-08-13T10:12:56.761
5556,588aca26ed1bfc095abf2de16bf97b57,529,88.0,3,1786590777761,2026-08-13T10:12:57.761
5557,588aca26ed1bfc095abf2de16bf97b57,530,88.0,3,1786590778762,2026-08-13T10:12:58.762
5558,588aca26ed1bfc095abf2de16bf97b57,531,87.0,3,1786590779761,2026-08-13T10:12:59.761
5559,588aca26ed1bfc095abf2de16bf97b57,532,87.0,3,1786590780762,2026-08-13T10:13:00.762
5560,588aca26ed1bfc095abf2de16bf97b57,533,87.0,3,1786590781762,2026-08-13T10:13:01.762
5561,588aca26ed1bfc095abf2de16bf97b57,534,87.0,3,1786590782763,2026-08-13T10:13:02.763
5562,588aca26ed1bfc095abf2de16bf97b57,535,86.0,3,1786590783761,2026-08-13T10:13:03.761
5563,588aca26ed1bfc095abf2de16bf97b57,536,86.0,3,1786590784762,2026-08-13T10:13:04.762
5564,588aca26ed1bfc095abf2de16bf97b57,537,86.0,3,1786590785762,2026-08-13T10:13:05.762
5565,588aca26ed1bfc095abf2de16bf97b57,538,85.0,3,1786590786762,2026-08-13T10:13:06.762
5566,588aca26ed1bfc095abf2de16bf97b57,539,85.0,3,1786590787762,2026-08-13T10:13:07.762
5567,588aca26ed1bfc095abf2de16bf97b57,540,85.0,3,1786590788761,2026-08-13T10:13:08.761
5568,588aca26ed1bfc095abf2de16bf97b57,541,85.0,3,1786590789763,2026-08-13T10:13:09.763
5569,588aca26ed1bfc095abf2de16bf97b57,542,86.0,3,1786590790771,2026-08-13T10:13:10.771
5570,588aca26ed1bfc095abf2de16bf97b57,543,86.0,3,1786590791770,2026-08-13T10:13:11.770
5571,588aca26ed1bfc095abf2de16bf97b57,544,86.0,3,1786590792768,2026-08-13T10:13:12.768
5572,588aca26ed1bfc095abf2de16bf97b57,545,86.0,3,1786590793765,2026-08-13T10:13:13.765
5573,588aca26ed1bfc095abf2de16bf97b57,546,87.0,3,1786590794776,2026-08-13T10:13:14.776
5574,588aca26ed1bfc095abf2de16bf97b57,547,87.0,3,1786590795762,2026-08-13T10:13:15.762
5575,588aca26ed1bfc095abf2de16bf97b57,548,87.0,3,1786590796763,2026-08-13T10:13:16.763
5576,588aca26ed1bfc095abf2de16bf97b57,549,88.0,3,1786590797762,2026-08-13T10:13:17.762
5577,588aca26ed1bfc095abf2de16bf97b57,550,89.0,3,1786590798767,2026-08-13T10:13:18.767
5578,588aca26ed1bfc095abf2de16bf97b57,551,89.0,3,1786590799761,2026-08-13T10:13:19.761
5579,588aca26ed1bfc095abf2de16bf97b57,552,90.0,3,1786590800762,2026-08-13T10:13:20.762
5580,588aca26ed1bfc095abf2de16bf97b57,553,89.0,3,1786590801762,2026-08-13T10:13:21.762
5581,588aca26ed1bfc095abf2de16bf97b57,554,90.0,3,1786590802761,2026-08-13T10:13:22.761
5582,588aca26ed1bfc095abf2de16bf97b57,555,90.0,3,1786590803762,2026-08-13T10:13:23.762
5583,588aca26ed1bfc095abf2de16bf97b57,556,90.0,3,1786590804762,2026-08-13T10:13:24.762
5584,588aca26ed1bfc095abf2de16bf97b57,557,90.0,3,1786590805761,2026-08-13T10:13:25.761
5585,588aca26ed1bfc095abf2de16bf97b57,558,90.0,3,1786590806762,2026-08-13T10:13:26.762
5586,588aca26ed1bfc095abf2de16bf97b57,559,90.0,3,1786590807762,2026-08-13T10:13:27.762
5587,588aca26ed1bfc095abf2de16bf97b57,560,90.0,3,1786590808762,2026-08-13T10:13:28.762
5588,588aca26ed1bfc095abf2de16bf97b57,561,89.0,3,1786590809762,2026-08-13T10:13:29.762
5589,588aca26ed1bfc095abf2de16bf97b57,562,89.0,3,1786590810761,2026-08-13T10:13:30.761
5590,588aca26ed1bfc095abf2de16bf97b57,563,89.0,3,1786590811761,2026-08-13T10:13:31.761
5591,588aca26ed1bfc095abf2de16bf97b57,564,89.0,3,1786590812762,2026-08-13T10:13:32.762
5592,588aca26ed1bfc095abf2de16bf97b57,565,89.0,3,1786590813763,2026-08-13T10:13:33.763
5593,588aca26ed1bfc095abf2de16bf97b57,566,90.0,3,1786590814764,2026-08-13T10:13:34.764
5594,588aca26ed1bfc095abf2de16bf97b57,567,90.0,3,1786590815771,2026-08-13T10:13:35.771
5595,588aca26ed1bfc095abf2de16bf97b57,568,90.0,3,1786590816762,2026-08-13T10:13:36.762
5596,588aca26ed1bfc095abf2de16bf97b57,569,90.0,3,1786590817762,2026-08-13T10:13:37.762
5597,588aca26ed1bfc095abf2de16bf97b57,570,91.0,3,1786590818761,2026-08-13T10:13:38.761
5598,588aca26ed1bfc095abf2de16bf97b57,571,92.0,3,1786590819761,2026-08-13T10:13:39.761
5599,588aca26ed1bfc095abf2de16bf97b57,572,93.0,3,1786590820764,2026-08-13T10:13:40.764
5600,588aca26ed1bfc095abf2de16bf97b57,573,94.0,3,1786590821883,2026-08-13T10:13:41.883
5601,588aca26ed1bfc095abf2de16bf97b57,574,94.0,3,1786590822761,2026-08-13T10:13:42.761
5602,588aca26ed1bfc095abf2de16bf97b57,575,95.0,3,1786590823763,2026-08-13T10:13:43.763
5603,588aca26ed1bfc095abf2de16bf97b57,576,96.0,3,1786590824761,2026-08-13T10:13:44.761
5604,588aca26ed1bfc095abf2de16bf97b57,577,97.0,3,1786590825761,2026-08-13T10:13:45.761
5605,588aca26ed1bfc095abf2de16bf97b57,578,97.0,3,1786590826761,2026-08-13T10:13:46.761
5606,588aca26ed1bfc095abf2de16bf97b57,579,95.0,3,1786590827761,2026-08-13T10:13:47.761
5607,588aca26ed1bfc095abf2de16bf97b57,580,94.0,3,1786590828763,2026-08-13T10:13:48.763
5608,588aca26ed1bfc095abf2de16bf97b57,581,93.0,3,1786590829762,2026-08-13T10:13:49.762
5609,588aca26ed1bfc095abf2de16bf97b57,582,92.0,3,1786590830771,2026-08-13T10:13:50.771
5610,588aca26ed1bfc095abf2de16bf97b57,583,92.0,3,1786590831765,2026-08-13T10:13:51.765
5611,588aca26ed1bfc095abf2de16bf97b57,584,92.0,3,1786590832767,2026-08-13T10:13:52.767
5612,588aca26ed1bfc095abf2de16bf97b57,585,92.0,3,1786590833767,2026-08-13T10:13:53.767
5613,588aca26ed1bfc095abf2de16bf97b57,586,92.0,3,1786590834764,2026-08-13T10:13:54.764
5614,588aca26ed1bfc095abf2de16bf97b57,587,92.0,3,1786590835763,2026-08-13T10:13:55.763
5615,588aca26ed1bfc095abf2de16bf97b57,588,92.0,3,1786590836762,2026-08-13T10:13:56.762
5616,588aca26ed1bfc095abf2de16bf97b57,589,92.0,3,1786590837761,2026-08-13T10:13:57.761
5617,588aca26ed1bfc095abf2de16bf97b57,590,91.0,3,1786590838761,2026-08-13T10:13:58.761
5618,588aca26ed1bfc095abf2de16bf97b57,591,90.0,3,1786590839761,2026-08-13T10:13:59.761
5619,588aca26ed1bfc095abf2de16bf97b57,592,89.0,3,1786590840762,2026-08-13T10:14:00.762
5620,588aca26ed1bfc095abf2de16bf97b57,593,88.0,3,1786590841762,2026-08-13T10:14:01.762
5621,588aca26ed1bfc095abf2de16bf97b57,594,87.0,3,1786590842761,2026-08-13T10:14:02.761
5622,588aca26ed1bfc095abf2de16bf97b57,595,86.0,3,1786590843761,2026-08-13T10:14:03.761
5623,588aca26ed1bfc095abf2de16bf97b57,596,86.0,3,1786590844762,2026-08-13T10:14:04.762
5624,588aca26ed1bfc095abf2de16bf97b57,597,87.0,3,1786590845761,2026-08-13T10:14:05.761
5625,588aca26ed1bfc095abf2de16bf97b57,598,87.0,3,1786590846762,2026-08-13T10:14:06.762
5626,588aca26ed1bfc095abf2de16bf97b57,599,87.0,3,1786590847763,2026-08-13T10:14:07.763
5627,588aca26ed1bfc095abf2de16bf97b57,600,87.0,3,1786590848762,2026-08-13T10:14:08.762
5628,588aca26ed1bfc095abf2de16bf97b57,601,87.0,3,1786590849762,2026-08-13T10:14:09.762
5629,588aca26ed1bfc095abf2de16bf97b57,602,87.0,3,1786590850761,2026-08-13T10:14:10.761
5630,588aca26ed1bfc095abf2de16bf97b57,603,87.0,3,1786590851761,2026-08-13T10:14:11.761
5631,588aca26ed1bfc095abf2de16bf97b57,604,86.0,3,1786590852761,2026-08-13T10:14:12.761
5632,588aca26ed1bfc095abf2de16bf97b57,605,86.0,3,1786590853761,2026-08-13T10:14:13.761
5633,588aca26ed1bfc095abf2de16bf97b57,606,87.0,3,1786590854761,2026-08-13T10:14:14.761
5634,588aca26ed1bfc095abf2de16bf97b57,607,87.0,3,1786590855761,2026-08-13T10:14:15.761
5635,588aca26ed1bfc095abf2de16bf97b57,608,87.0,3,1786590858239,2026-08-13T10:14:18.239
5636,588aca26ed1bfc095abf2de16bf97b57,609,87.0,3,1786590859239,2026-08-13T10:14:19.239
5637,588aca26ed1bfc095abf2de16bf97b57,610,87.0,3,1786590860239,2026-08-13T10:14:20.239
5638,588aca26ed1bfc095abf2de16bf97b57,611,87.0,3,1786590861249,2026-08-13T10:14:21.249
5639,588aca26ed1bfc095abf2de16bf97b57,612,88.0,3,1786590862242,2026-08-13T10:14:22.242
5640,588aca26ed1bfc095abf2de16bf97b57,613,87.0,3,1786590863241,2026-08-13T10:14:23.241
5641,588aca26ed1bfc095abf2de16bf97b57,614,88.0,3,1786590864239,2026-08-13T10:14:24.239
5642,588aca26ed1bfc095abf2de16bf97b57,615,88.0,3,1786590865239,2026-08-13T10:14:25.239
5643,588aca26ed1bfc095abf2de16bf97b57,616,88.0,3,1786590866239,2026-08-13T10:14:26.239
5644,588aca26ed1bfc095abf2de16bf97b57,617,89.0,3,1786590867239,2026-08-13T10:14:27.239
5645,588aca26ed1bfc095abf2de16bf97b57,618,89.0,3,1786590868239,2026-08-13T10:14:28.239
5646,588aca26ed1bfc095abf2de16bf97b57,619,89.0,3,1786590869239,2026-08-13T10:14:29.239
5647,588aca26ed1bfc095abf2de16bf97b57,620,89.0,3,1786590870239,2026-08-13T10:14:30.239
5648,588aca26ed1bfc095abf2de16bf97b57,621,89.0,3,1786590871239,2026-08-13T10:14:31.239
5649,588aca26ed1bfc095abf2de16bf97b57,622,89.0,3,1786590872245,2026-08-13T10:14:32.245
5650,588aca26ed1bfc095abf2de16bf97b57,623,89.0,3,1786590873239,2026-08-13T10:14:33.239
5651,588aca26ed1bfc095abf2de16bf97b57,624,90.0,3,1786590874239,2026-08-13T10:14:34.239
5652,588aca26ed1bfc095abf2de16bf97b57,625,90.0,3,1786590875239,2026-08-13T10:14:35.239
5653,588aca26ed1bfc095abf2de16bf97b57,626,89.0,3,1786590876239,2026-08-13T10:14:36.239
5654,588aca26ed1bfc095abf2de16bf97b57,627,89.0,3,1786590877240,2026-08-13T10:14:37.240
5655,588aca26ed1bfc095abf2de16bf97b57,628,89.0,3,1786590878240,2026-08-13T10:14:38.240
5656,588aca26ed1bfc095abf2de16bf97b57,629,90.0,3,1786590879243,2026-08-13T10:14:39.243
5657,588aca26ed1bfc095abf2de16bf97b57,630,90.0,3,1786590880244,2026-08-13T10:14:40.244
5658,588aca26ed1bfc095abf2de16bf97b57,631,90.0,3,1786590881239,2026-08-13T10:14:41.239
5659,588aca26ed1bfc095abf2de16bf97b57,632,90.0,3,1786590882240,2026-08-13T10:14:42.240
5660,588aca26ed1bfc095abf2de16bf97b57,633,90.0,3,1786590883239,2026-08-13T10:14:43.239
5661,588aca26ed1bfc095abf2de16bf97b57,634,91.0,3,1786590884239,2026-08-13T10:14:44.239
5662,588aca26ed1bfc095abf2de16bf97b57,635,91.0,3,1786590885240,2026-08-13T10:14:45.240
5663,588aca26ed1bfc095abf2de16bf97b57,636,91.0,3,1786590886239,2026-08-13T10:14:46.239
5664,588aca26ed1bfc095abf2de16bf97b57,637,91.0,3,1786590887248,2026-08-13T10:14:47.248
5665,588aca26ed1bfc095abf2de16bf97b57,638,91.0,3,1786590888247,2026-08-13T10:14:48.247
5666,588aca26ed1bfc095abf2de16bf97b57,639,91.0,3,1786590889243,2026-08-13T10:14:49.243
5667,588aca26ed1bfc095abf2de16bf97b57,640,90.0,3,1786590890239,2026-08-13T10:14:50.239
5668,588aca26ed1bfc095abf2de16bf97b57,641,90.0,3,1786590891239,2026-08-13T10:14:51.239
5669,588aca26ed1bfc095abf2de16bf97b57,642,89.0,3,1786590892240,2026-08-13T10:14:52.240
5670,588aca26ed1bfc095abf2de16bf97b57,643,89.0,3,1786590893240,2026-08-13T10:14:53.240
5671,588aca26ed1bfc095abf2de16bf97b57,644,89.0,3,1786590894239,2026-08-13T10:14:54.239
5672,588aca26ed1bfc095abf2de16bf97b57,645,90.0,3,1786590895239,2026-08-13T10:14:55.239
5673,588aca26ed1bfc095abf2de16bf97b57,646,90.0,3,1786590896240,2026-08-13T10:14:56.240
5674,588aca26ed1bfc095abf2de16bf97b57,647,90.0,3,1786590897239,2026-08-13T10:14:57.239
5675,588aca26ed1bfc095abf2de16bf97b57,648,90.0,3,1786590898241,2026-08-13T10:14:58.241
5676,588aca26ed1bfc095abf2de16bf97b57,649,90.0,3,1786590899240,2026-08-13T10:14:59.240
5677,588aca26ed1bfc095abf2de16bf97b57,650,91.0,3,1786590900248,2026-08-13T10:15:00.248
5678,588aca26ed1bfc095abf2de16bf97b57,651,92.0,3,1786590901239,2026-08-13T10:15:01.239
5679,588aca26ed1bfc095abf2de16bf97b57,652,93.0,3,1786590902240,2026-08-13T10:15:02.240
5680,588aca26ed1bfc095abf2de16bf97b57,653,93.0,3,1786590903239,2026-08-13T10:15:03.239
5681,588aca26ed1bfc095abf2de16bf97b57,654,94.0,3,1786590904241,2026-08-13T10:15:04.241
5682,588aca26ed1bfc095abf2de16bf97b57,655,93.0,3,1786590905241,2026-08-13T10:15:05.241
5683,588aca26ed1bfc095abf2de16bf97b57,656,93.0,3,1786590906239,2026-08-13T10:15:06.239
5684,588aca26ed1bfc095abf2de16bf97b57,657,92.0,3,1786590907240,2026-08-13T10:15:07.240
5685,588aca26ed1bfc095abf2de16bf97b57,658,91.0,3,1786590908239,2026-08-13T10:15:08.239
5686,588aca26ed1bfc095abf2de16bf97b57,659,91.0,3,1786590909239,2026-08-13T10:15:09.239
5687,588aca26ed1bfc095abf2de16bf97b57,660,90.0,3,1786590910239,2026-08-13T10:15:10.239
5688,588aca26ed1bfc095abf2de16bf97b57,661,90.0,3,1786590911243,2026-08-13T10:15:11.243
5689,588aca26ed1bfc095abf2de16bf97b57,662,89.0,3,1786590912248,2026-08-13T10:15:12.248
5690,588aca26ed1bfc095abf2de16bf97b57,663,89.0,3,1786590913246,2026-08-13T10:15:13.246
5691,588aca26ed1bfc095abf2de16bf97b57,664,89.0,3,1786590914245,2026-08-13T10:15:14.245
5692,588aca26ed1bfc095abf2de16bf97b57,665,89.0,3,1786590915239,2026-08-13T10:15:15.239
5693,588aca26ed1bfc095abf2de16bf97b57,666,90.0,3,1786590916242,2026-08-13T10:15:16.242
5694,588aca26ed1bfc095abf2de16bf97b57,667,90.0,3,1786590917240,2026-08-13T10:15:17.240
5695,588aca26ed1bfc095abf2de16bf97b57,668,90.0,3,1786590918240,2026-08-13T10:15:18.240
5696,588aca26ed1bfc095abf2de16bf97b57,669,90.0,3,1786590919240,2026-08-13T10:15:19.240
5697,588aca26ed1bfc095abf2de16bf97b57,670,90.0,3,1786590920240,2026-08-13T10:15:20.240
5698,588aca26ed1bfc095abf2de16bf97b57,671,90.0,3,1786590921240,2026-08-13T10:15:21.240
5699,588aca26ed1bfc095abf2de16bf97b57,672,90.0,3,1786590922240,2026-08-13T10:15:22.240
5700,588aca26ed1bfc095abf2de16bf97b57,673,89.0,3,1786590923239,2026-08-13T10:15:23.239
5701,588aca26ed1bfc095abf2de16bf97b57,674,89.0,3,1786590924240,2026-08-13T10:15:24.240
5702,588aca26ed1bfc095abf2de16bf97b57,675,89.0,3,1786590925243,2026-08-13T10:15:25.243
5703,588aca26ed1bfc095abf2de16bf97b57,676,89.0,3,1786590926239,2026-08-13T10:15:26.239
5704,588aca26ed1bfc095abf2de16bf97b57,677,90.0,3,1786590927240,2026-08-13T10:15:27.240
5705,588aca26ed1bfc095abf2de16bf97b57,678,90.0,3,1786590928239,2026-08-13T10:15:28.239
5706,588aca26ed1bfc095abf2de16bf97b57,679,90.0,3,1786590929240,2026-08-13T10:15:29.240
5707,588aca26ed1bfc095abf2de16bf97b57,680,91.0,3,1786590930239,2026-08-13T10:15:30.239
5708,588aca26ed1bfc095abf2de16bf97b57,681,91.0,3,1786590931240,2026-08-13T10:15:31.240
5709,588aca26ed1bfc095abf2de16bf97b57,682,91.0,3,1786590932244,2026-08-13T10:15:32.244
5710,588aca26ed1bfc095abf2de16bf97b57,683,91.0,3,1786590933240,2026-08-13T10:15:33.240
5711,588aca26ed1bfc095abf2de16bf97b57,684,91.0,3,1786590934240,2026-08-13T10:15:34.240
5712,588aca26ed1bfc095abf2de16bf97b57,685,91.0,3,1786590935240,2026-08-13T10:15:35.240
5713,588aca26ed1bfc095abf2de16bf97b57,686,91.0,3,1786590936240,2026-08-13T10:15:36.240
5714,588aca26ed1bfc095abf2de16bf97b57,687,91.0,3,1786590937240,2026-08-13T10:15:37.240
5715,588aca26ed1bfc095abf2de16bf97b57,688,91.0,3,1786590938239,2026-08-13T10:15:38.239
5716,588aca26ed1bfc095abf2de16bf97b57,689,90.0,3,1786590939239,2026-08-13T10:15:39.239
5717,588aca26ed1bfc095abf2de16bf97b57,690,89.0,3,1786590940240,2026-08-13T10:15:40.240
5718,588aca26ed1bfc095abf2de16bf97b57,691,89.0,3,1786590941240,2026-08-13T10:15:41.240
5719,588aca26ed1bfc095abf2de16bf97b57,692,88.0,3,1786590942239,2026-08-13T10:15:42.239
5720,588aca26ed1bfc095abf2de16bf97b57,693,87.0,3,1786590943239,2026-08-13T10:15:43.239
5721,588aca26ed1bfc095abf2de16bf97b57,694,87.0,3,1786590944240,2026-08-13T10:15:44.240
5722,588aca26ed1bfc095abf2de16bf97b57,695,88.0,3,1786590945240,2026-08-13T10:15:45.240
5723,588aca26ed1bfc095abf2de16bf97b57,696,88.0,3,1786590946240,2026-08-13T10:15:46.240
5724,588aca26ed1bfc095abf2de16bf97b57,697,89.0,3,1786590947250,2026-08-13T10:15:47.250
5725,588aca26ed1bfc095abf2de16bf97b57,698,89.0,3,1786590948246,2026-08-13T10:15:48.246
5726,588aca26ed1bfc095abf2de16bf97b57,699,90.0,3,1786590949245,2026-08-13T10:15:49.245
5727,588aca26ed1bfc095abf2de16bf97b57,700,90.0,3,1786590950246,2026-08-13T10:15:50.246
5728,588aca26ed1bfc095abf2de16bf97b57,701,89.0,3,1786590951244,2026-08-13T10:15:51.244
5729,588aca26ed1bfc095abf2de16bf97b57,702,89.0,3,1786590952243,2026-08-13T10:15:52.243
5730,588aca26ed1bfc095abf2de16bf97b57,703,89.0,3,1786590953242,2026-08-13T10:15:53.242
5731,588aca26ed1bfc095abf2de16bf97b57,704,88.0,3,1786590954241,2026-08-13T10:15:54.241
5732,588aca26ed1bfc095abf2de16bf97b57,705,88.0,3,1786590955240,2026-08-13T10:15:55.240
5733,588aca26ed1bfc095abf2de16bf97b57,706,88.0,3,1786590956240,2026-08-13T10:15:56.240
5734,588aca26ed1bfc095abf2de16bf97b57,707,89.0,3,1786590957240,2026-08-13T10:15:57.240
5735,588aca26ed1bfc095abf2de16bf97b57,708,89.0,3,1786590958240,2026-08-13T10:15:58.240
5736,588aca26ed1bfc095abf2de16bf97b57,709,89.0,3,1786590959239,2026-08-13T10:15:59.239
5737,588aca26ed1bfc095abf2de16bf97b57,710,90.0,3,1786590960239,2026-08-13T10:16:00.239
5738,588aca26ed1bfc095abf2de16bf97b57,711,90.0,3,1786590961240,2026-08-13T10:16:01.240
5739,588aca26ed1bfc095abf2de16bf97b57,712,91.0,3,1786590962240,2026-08-13T10:16:02.240
5740,588aca26ed1bfc095abf2de16bf97b57,713,91.0,3,1786590963240,2026-08-13T10:16:03.240
5741,588aca26ed1bfc095abf2de16bf97b57,714,91.0,3,1786590964241,2026-08-13T10:16:04.241
5742,588aca26ed1bfc095abf2de16bf97b57,715,91.0,3,1786590965240,2026-08-13T10:16:05.240
5743,588aca26ed1bfc095abf2de16bf97b57,716,91.0,3,1786590966244,2026-08-13T10:16:06.244
5744,588aca26ed1bfc095abf2de16bf97b57,717,91.0,3,1786590967239,2026-08-13T10:16:07.239
5745,588aca26ed1bfc095abf2de16bf97b57,718,91.0,3,1786590968240,2026-08-13T10:16:08.240
5746,588aca26ed1bfc095abf2de16bf97b57,719,91.0,3,1786590969239,2026-08-13T10:16:09.239
5747,588aca26ed1bfc095abf2de16bf97b57,720,91.0,3,1786590970240,2026-08-13T10:16:10.240
5748,588aca26ed1bfc095abf2de16bf97b57,721,91.0,3,1786590971239,2026-08-13T10:16:11.239
5749,588aca26ed1bfc095abf2de16bf97b57,722,91.0,3,1786590972240,2026-08-13T10:16:12.240
5750,588aca26ed1bfc095abf2de16bf97b57,723,91.0,3,1786590973240,2026-08-13T10:16:13.240
5751,588aca26ed1bfc095abf2de16bf97b57,724,91.0,3,1786590974240,2026-08-13T10:16:14.240
5752,588aca26ed1bfc095abf2de16bf97b57,725,91.0,3,1786590975240,2026-08-13T10:16:15.240
5753,588aca26ed1bfc095abf2de16bf97b57,726,91.0,3,1786590976240,2026-08-13T10:16:16.240
5754,588aca26ed1bfc095abf2de16bf97b57,727,91.0,3,1786590977240,2026-08-13T10:16:17.240
5755,588aca26ed1bfc095abf2de16bf97b57,728,91.0,3,1786590978240,2026-08-13T10:16:18.240
5756,588aca26ed1bfc095abf2de16bf97b57,729,91.0,3,1786590979239,2026-08-13T10:16:19.239
5757,588aca26ed1bfc095abf2de16bf97b57,730,91.0,3,1786590980240,2026-08-13T10:16:20.240
5758,588aca26ed1bfc095abf2de16bf97b57,731,90.0,3,1786590981248,2026-08-13T10:16:21.248
5759,588aca26ed1bfc095abf2de16bf97b57,732,90.0,3,1786590982248,2026-08-13T10:16:22.248
5760,588aca26ed1bfc095abf2de16bf97b57,733,90.0,3,1786590983247,2026-08-13T10:16:23.247
5761,588aca26ed1bfc095abf2de16bf97b57,734,90.0,3,1786590984246,2026-08-13T10:16:24.246
5762,588aca26ed1bfc095abf2de16bf97b57,735,90.0,3,1786590985245,2026-08-13T10:16:25.245
5763,588aca26ed1bfc095abf2de16bf97b57,736,90.0,3,1786590986243,2026-08-13T10:16:26.243
5764,588aca26ed1bfc095abf2de16bf97b57,737,90.0,3,1786590987244,2026-08-13T10:16:27.244
5765,588aca26ed1bfc095abf2de16bf97b57,738,90.0,3,1786590988242,2026-08-13T10:16:28.242
5766,588aca26ed1bfc095abf2de16bf97b57,739,90.0,3,1786590989242,2026-08-13T10:16:29.242
5767,588aca26ed1bfc095abf2de16bf97b57,740,89.0,3,1786590990244,2026-08-13T10:16:30.244
5768,588aca26ed1bfc095abf2de16bf97b57,741,88.0,3,1786590991241,2026-08-13T10:16:31.241
5769,588aca26ed1bfc095abf2de16bf97b57,742,88.0,3,1786590992240,2026-08-13T10:16:32.240
5770,588aca26ed1bfc095abf2de16bf97b57,743,88.0,3,1786590993240,2026-08-13T10:16:33.240
5771,588aca26ed1bfc095abf2de16bf97b57,744,87.0,3,1786590994240,2026-08-13T10:16:34.240
5772,588aca26ed1bfc095abf2de16bf97b57,745,87.0,3,1786590995239,2026-08-13T10:16:35.239
5773,588aca26ed1bfc095abf2de16bf97b57,746,87.0,3,1786590996239,2026-08-13T10:16:36.239
5774,588aca26ed1bfc095abf2de16bf97b57,747,87.0,3,1786590997239,2026-08-13T10:16:37.239
5775,588aca26ed1bfc095abf2de16bf97b57,748,87.0,3,1786590998240,2026-08-13T10:16:38.240
5776,588aca26ed1bfc095abf2de16bf97b57,749,88.0,3,1786590999239,2026-08-13T10:16:39.239
5777,588aca26ed1bfc095abf2de16bf97b57,750,88.0,3,1786591000240,2026-08-13T10:16:40.240
5778,588aca26ed1bfc095abf2de16bf97b57,751,88.0,3,1786591001240,2026-08-13T10:16:41.240
5779,588aca26ed1bfc095abf2de16bf97b57,752,88.0,3,1786591002239,2026-08-13T10:16:42.239
5780,588aca26ed1bfc095abf2de16bf97b57,753,88.0,3,1786591003240,2026-08-13T10:16:43.240
5781,588aca26ed1bfc095abf2de16bf97b57,754,88.0,3,1786591004239,2026-08-13T10:16:44.239
5782,588aca26ed1bfc095abf2de16bf97b57,755,88.0,3,1786591005240,2026-08-13T10:16:45.240
5783,588aca26ed1bfc095abf2de16bf97b57,756,88.0,3,1786591006241,2026-08-13T10:16:46.241
5784,588aca26ed1bfc095abf2de16bf97b57,757,88.0,3,1786591007242,2026-08-13T10:16:47.242
5785,588aca26ed1bfc095abf2de16bf97b57,758,88.0,3,1786591008241,2026-08-13T10:16:48.241
5786,588aca26ed1bfc095abf2de16bf97b57,759,88.0,3,1786591009241,2026-08-13T10:16:49.241
5787,588aca26ed1bfc095abf2de16bf97b57,760,87.0,3,1786591010240,2026-08-13T10:16:50.240
5788,588aca26ed1bfc095abf2de16bf97b57,761,87.0,3,1786591011240,2026-08-13T10:16:51.240
5789,588aca26ed1bfc095abf2de16bf97b57,762,87.0,3,1786591012240,2026-08-13T10:16:52.240
5790,588aca26ed1bfc095abf2de16bf97b57,763,87.0,3,1786591013239,2026-08-13T10:16:53.239
5791,588aca26ed1bfc095abf2de16bf97b57,764,87.0,3,1786591014239,2026-08-13T10:16:54.239
5792,588aca26ed1bfc095abf2de16bf97b57,765,88.0,3,1786591015239,2026-08-13T10:16:55.239
5793,588aca26ed1bfc095abf2de16bf97b57,766,88.0,3,1786591016240,2026-08-13T10:16:56.240
5794,588aca26ed1bfc095abf2de16bf97b57,767,88.0,3,1786591017239,2026-08-13T10:16:57.239
5795,588aca26ed1bfc095abf2de16bf97b57,768,87.0,3,1786591018239,2026-08-13T10:16:58.239
5796,588aca26ed1bfc095abf2de16bf97b57,769,87.0,3,1786591019239,2026-08-13T10:16:59.239
5797,588aca26ed1bfc095abf2de16bf97b57,770,87.0,3,1786591020239,2026-08-13T10:17:00.239
5798,588aca26ed1bfc095abf2de16bf97b57,771,86.0,3,1786591021239,2026-08-13T10:17:01.239
5799,588aca26ed1bfc095abf2de16bf97b57,772,86.0,3,1786591022240,2026-08-13T10:17:02.240
5800,588aca26ed1bfc095abf2de16bf97b57,773,86.0,3,1786591023239,2026-08-13T10:17:03.239
5801,588aca26ed1bfc095abf2de16bf97b57,774,85.0,3,1786591024240,2026-08-13T10:17:04.240
5802,588aca26ed1bfc095abf2de16bf97b57,775,86.0,3,1786591025239,2026-08-13T10:17:05.239
5803,588aca26ed1bfc095abf2de16bf97b57,776,85.0,3,1786591026240,2026-08-13T10:17:06.240
5804,588aca26ed1bfc095abf2de16bf97b57,777,85.0,3,1786591027239,2026-08-13T10:17:07.239
5805,588aca26ed1bfc095abf2de16bf97b57,778,85.0,3,1786591028240,2026-08-13T10:17:08.240
5806,588aca26ed1bfc095abf2de16bf97b57,779,86.0,3,1786591029239,2026-08-13T10:17:09.239
5807,588aca26ed1bfc095abf2de16bf97b57,780,86.0,3,1786591030239,2026-08-13T10:17:10.239
5808,588aca26ed1bfc095abf2de16bf97b57,781,86.0,3,1786591031240,2026-08-13T10:17:11.240
5809,588aca26ed1bfc095abf2de16bf97b57,782,86.0,3,1786591032247,2026-08-13T10:17:12.247
5810,588aca26ed1bfc095abf2de16bf97b57,783,86.0,3,1786591033240,2026-08-13T10:17:13.240
5811,588aca26ed1bfc095abf2de16bf97b57,784,86.0,3,1786591034248,2026-08-13T10:17:14.248
5812,588aca26ed1bfc095abf2de16bf97b57,785,86.0,3,1786591035240,2026-08-13T10:17:15.240
5813,588aca26ed1bfc095abf2de16bf97b57,786,86.0,3,1786591036249,2026-08-13T10:17:16.249
5814,588aca26ed1bfc095abf2de16bf97b57,787,86.0,3,1786591037247,2026-08-13T10:17:17.247
5815,588aca26ed1bfc095abf2de16bf97b57,788,86.0,3,1786591038249,2026-08-13T10:17:18.249
5816,588aca26ed1bfc095abf2de16bf97b57,789,86.0,3,1786591039245,2026-08-13T10:17:19.245
5817,588aca26ed1bfc095abf2de16bf97b57,790,85.0,3,1786591040240,2026-08-13T10:17:20.240
5818,588aca26ed1bfc095abf2de16bf97b57,791,85.0,3,1786591041240,2026-08-13T10:17:21.240
5819,588aca26ed1bfc095abf2de16bf97b57,792,86.0,3,1786591042241,2026-08-13T10:17:22.241
5820,588aca26ed1bfc095abf2de16bf97b57,793,87.0,3,1786591043240,2026-08-13T10:17:23.240
5821,588aca26ed1bfc095abf2de16bf97b57,794,87.0,3,1786591044249,2026-08-13T10:17:24.249
5822,588aca26ed1bfc095abf2de16bf97b57,795,88.0,3,1786591045248,2026-08-13T10:17:25.248
5823,588aca26ed1bfc095abf2de16bf97b57,796,87.0,3,1786591046248,2026-08-13T10:17:26.248
5824,588aca26ed1bfc095abf2de16bf97b57,797,87.0,3,1786591047246,2026-08-13T10:17:27.246
5825,588aca26ed1bfc095abf2de16bf97b57,798,86.0,3,1786591048244,2026-08-13T10:17:28.244
5826,588aca26ed1bfc095abf2de16bf97b57,799,86.0,3,1786591049239,2026-08-13T10:17:29.239
5827,588aca26ed1bfc095abf2de16bf97b57,800,85.0,3,1786591050249,2026-08-13T10:17:30.249
5828,588aca26ed1bfc095abf2de16bf97b57,801,85.0,3,1786591051246,2026-08-13T10:17:31.246
5829,588aca26ed1bfc095abf2de16bf97b57,802,84.0,3,1786591052246,2026-08-13T10:17:32.246
5830,588aca26ed1bfc095abf2de16bf97b57,803,84.0,3,1786591053245,2026-08-13T10:17:33.245
5831,588aca26ed1bfc095abf2de16bf97b57,804,83.0,3,1786591054239,2026-08-13T10:17:34.239
5832,588aca26ed1bfc095abf2de16bf97b57,805,83.0,3,1786591055245,2026-08-13T10:17:35.245
5833,588aca26ed1bfc095abf2de16bf97b57,806,83.0,3,1786591056244,2026-08-13T10:17:36.244
5834,588aca26ed1bfc095abf2de16bf97b57,807,83.0,3,1786591057243,2026-08-13T10:17:37.243
5835,588aca26ed1bfc095abf2de16bf97b57,808,83.0,3,1786591058242,2026-08-13T10:17:38.242
5836,588aca26ed1bfc095abf2de16bf97b57,809,83.0,3,1786591059242,2026-08-13T10:17:39.242
5837,588aca26ed1bfc095abf2de16bf97b57,810,83.0,3,1786591060241,2026-08-13T10:17:40.241
5838,588aca26ed1bfc095abf2de16bf97b57,811,83.0,3,1786591061241,2026-08-13T10:17:41.241
5839,588aca26ed1bfc095abf2de16bf97b57,812,83.0,3,1786591062241,2026-08-13T10:17:42.241
5840,588aca26ed1bfc095abf2de16bf97b57,813,83.0,3,1786591063239,2026-08-13T10:17:43.239
5841,588aca26ed1bfc095abf2de16bf97b57,814,83.0,3,1786591064240,2026-08-13T10:17:44.240
5842,588aca26ed1bfc095abf2de16bf97b57,815,83.0,3,1786591065240,2026-08-13T10:17:45.240
5843,588aca26ed1bfc095abf2de16bf97b57,816,83.0,3,1786591066240,2026-08-13T10:17:46.240
5844,588aca26ed1bfc095abf2de16bf97b57,817,84.0,3,1786591067244,2026-08-13T10:17:47.244
5845,588aca26ed1bfc095abf2de16bf97b57,818,84.0,3,1786591068239,2026-08-13T10:17:48.239
5846,588aca26ed1bfc095abf2de16bf97b57,819,85.0,3,1786591069241,2026-08-13T10:17:49.241
5847,588aca26ed1bfc095abf2de16bf97b57,820,85.0,3,1786591070242,2026-08-13T10:17:50.242
5848,588aca26ed1bfc095abf2de16bf97b57,821,86.0,3,1786591071239,2026-08-13T10:17:51.239
5849,588aca26ed1bfc095abf2de16bf97b57,822,86.0,3,1786591072239,2026-08-13T10:17:52.239
5850,588aca26ed1bfc095abf2de16bf97b57,823,86.0,3,1786591073239,2026-08-13T10:17:53.239
5851,588aca26ed1bfc095abf2de16bf97b57,824,86.0,3,1786591074239,2026-08-13T10:17:54.239
5852,588aca26ed1bfc095abf2de16bf97b57,825,86.0,3,1786591075240,2026-08-13T10:17:55.240
5853,588aca26ed1bfc095abf2de16bf97b57,826,86.0,3,1786591076240,2026-08-13T10:17:56.240
5854,588aca26ed1bfc095abf2de16bf97b57,827,86.0,3,1786591077240,2026-08-13T10:17:57.240
5855,588aca26ed1bfc095abf2de16bf97b57,828,85.0,3,1786591078239,2026-08-13T10:17:58.239
5856,588aca26ed1bfc095abf2de16bf97b57,829,85.0,3,1786591079239,2026-08-13T10:17:59.239
5857,588aca26ed1bfc095abf2de16bf97b57,830,85.0,3,1786591080239,2026-08-13T10:18:00.239
5858,588aca26ed1bfc095abf2de16bf97b57,831,85.0,3,1786591081239,2026-08-13T10:18:01.239
5859,588aca26ed1bfc095abf2de16bf97b57,832,86.0,3,1786591082239,2026-08-13T10:18:02.239
5860,588aca26ed1bfc095abf2de16bf97b57,833,87.0,3,1786591083239,2026-08-13T10:18:03.239
5861,588aca26ed1bfc095abf2de16bf97b57,834,88.0,3,1786591084239,2026-08-13T10:18:04.239
5862,588aca26ed1bfc095abf2de16bf97b57,835,88.0,3,1786591085239,2026-08-13T10:18:05.239
5863,588aca26ed1bfc095abf2de16bf97b57,836,88.0,3,1786591086245,2026-08-13T10:18:06.245
5864,588aca26ed1bfc095abf2de16bf97b57,837,87.0,3,1786591087240,2026-08-13T10:18:07.240
5865,588aca26ed1bfc095abf2de16bf97b57,838,86.0,3,1786591088248,2026-08-13T10:18:08.248
5866,588aca26ed1bfc095abf2de16bf97b57,839,86.0,3,1786591089244,2026-08-13T10:18:09.244
5867,588aca26ed1bfc095abf2de16bf97b57,840,85.0,3,1786591090247,2026-08-13T10:18:10.247
5868,588aca26ed1bfc095abf2de16bf97b57,841,84.0,3,1786591091247,2026-08-13T10:18:11.247
5869,588aca26ed1bfc095abf2de16bf97b57,842,84.0,3,1786591092243,2026-08-13T10:18:12.243
5870,588aca26ed1bfc095abf2de16bf97b57,843,83.0,3,1786591093245,2026-08-13T10:18:13.245
5871,588aca26ed1bfc095abf2de16bf97b57,844,83.0,3,1786591094244,2026-08-13T10:18:14.244
5872,588aca26ed1bfc095abf2de16bf97b57,845,83.0,3,1786591095244,2026-08-13T10:18:15.244
5873,588aca26ed1bfc095abf2de16bf97b57,846,82.0,3,1786591096252,2026-08-13T10:18:16.252
5874,588aca26ed1bfc095abf2de16bf97b57,847,82.0,3,1786591097240,2026-08-13T10:18:17.240
5875,588aca26ed1bfc095abf2de16bf97b57,848,82.0,3,1786591098239,2026-08-13T10:18:18.239
5876,588aca26ed1bfc095abf2de16bf97b57,849,82.0,3,1786591099240,2026-08-13T10:18:19.240
5877,588aca26ed1bfc095abf2de16bf97b57,850,82.0,3,1786591100239,2026-08-13T10:18:20.239
5878,588aca26ed1bfc095abf2de16bf97b57,851,83.0,3,1786591101240,2026-08-13T10:18:21.240
5879,588aca26ed1bfc095abf2de16bf97b57,852,83.0,3,1786591102239,2026-08-13T10:18:22.239
5880,588aca26ed1bfc095abf2de16bf97b57,853,83.0,3,1786591103239,2026-08-13T10:18:23.239
5881,588aca26ed1bfc095abf2de16bf97b57,854,83.0,3,1786591104240,2026-08-13T10:18:24.240
5882,588aca26ed1bfc095abf2de16bf97b57,855,83.0,3,1786591105239,2026-08-13T10:18:25.239
5883,588aca26ed1bfc095abf2de16bf97b57,856,83.0,3,1786591106239,2026-08-13T10:18:26.239
5884,588aca26ed1bfc095abf2de16bf97b57,857,82.0,3,1786591107239,2026-08-13T10:18:27.239
5885,588aca26ed1bfc095abf2de16bf97b57,858,82.0,3,1786591108241,2026-08-13T10:18:28.241
5886,588aca26ed1bfc095abf2de16bf97b57,859,83.0,3,1786591109243,2026-08-13T10:18:29.243
5887,588aca26ed1bfc095abf2de16bf97b57,860,83.0,3,1786591110241,2026-08-13T10:18:30.241
5888,588aca26ed1bfc095abf2de16bf97b57,861,83.0,3,1786591111240,2026-08-13T10:18:31.240
5889,588aca26ed1bfc095abf2de16bf97b57,862,84.0,3,1786591112239,2026-08-13T10:18:32.239
5890,588aca26ed1bfc095abf2de16bf97b57,863,84.0,3,1786591113239,2026-08-13T10:18:33.239
5891,588aca26ed1bfc095abf2de16bf97b57,864,85.0,3,1786591114243,2026-08-13T10:18:34.243
5892,588aca26ed1bfc095abf2de16bf97b57,865,85.0,3,1786591115240,2026-08-13T10:18:35.240
5893,588aca26ed1bfc095abf2de16bf97b57,866,85.0,3,1786591116239,2026-08-13T10:18:36.239
5894,588aca26ed1bfc095abf2de16bf97b57,867,86.0,3,1786591117242,2026-08-13T10:18:37.242
5895,588aca26ed1bfc095abf2de16bf97b57,868,86.0,3,1786591118241,2026-08-13T10:18:38.241
5896,588aca26ed1bfc095abf2de16bf97b57,869,86.0,3,1786591119240,2026-08-13T10:18:39.240
5897,588aca26ed1bfc095abf2de16bf97b57,870,86.0,3,1786591120239,2026-08-13T10:18:40.239
5898,588aca26ed1bfc095abf2de16bf97b57,871,86.0,3,1786591121246,2026-08-13T10:18:41.246
5899,588aca26ed1bfc095abf2de16bf97b57,872,86.0,3,1786591122247,2026-08-13T10:18:42.247
5900,588aca26ed1bfc095abf2de16bf97b57,873,86.0,3,1786591123247,2026-08-13T10:18:43.247
5901,588aca26ed1bfc095abf2de16bf97b57,874,85.0,3,1786591124242,2026-08-13T10:18:44.242
5902,588aca26ed1bfc095abf2de16bf97b57,875,85.0,3,1786591125239,2026-08-13T10:18:45.239
5903,588aca26ed1bfc095abf2de16bf97b57,876,85.0,3,1786591126239,2026-08-13T10:18:46.239
5904,588aca26ed1bfc095abf2de16bf97b57,877,85.0,3,1786591127239,2026-08-13T10:18:47.239
5905,588aca26ed1bfc095abf2de16bf97b57,878,85.0,3,1786591128240,2026-08-13T10:18:48.240
5906,588aca26ed1bfc095abf2de16bf97b57,879,85.0,3,1786591129239,2026-08-13T10:18:49.239
5907,588aca26ed1bfc095abf2de16bf97b57,880,85.0,3,1786591130240,2026-08-13T10:18:50.240
5908,588aca26ed1bfc095abf2de16bf97b57,881,85.0,3,1786591131240,2026-08-13T10:18:51.240
5909,588aca26ed1bfc095abf2de16bf97b57,882,85.0,3,1786591132241,2026-08-13T10:18:52.241
5910,588aca26ed1bfc095abf2de16bf97b57,883,85.0,3,1786591133239,2026-08-13T10:18:53.239
5911,588aca26ed1bfc095abf2de16bf97b57,884,86.0,3,1786591134239,2026-08-13T10:18:54.239
5912,588aca26ed1bfc095abf2de16bf97b57,885,86.0,3,1786591135240,2026-08-13T10:18:55.240
5913,588aca26ed1bfc095abf2de16bf97b57,886,87.0,3,1786591136241,2026-08-13T10:18:56.241
5914,588aca26ed1bfc095abf2de16bf97b57,887,87.0,3,1786591137239,2026-08-13T10:18:57.239
5915,588aca26ed1bfc095abf2de16bf97b57,888,88.0,3,1786591138242,2026-08-13T10:18:58.242
5916,588aca26ed1bfc095abf2de16bf97b57,889,88.0,3,1786591139239,2026-08-13T10:18:59.239
5917,588aca26ed1bfc095abf2de16bf97b57,890,88.0,3,1786591140239,2026-08-13T10:19:00.239
5918,588aca26ed1bfc095abf2de16bf97b57,891,88.0,3,1786591141239,2026-08-13T10:19:01.239
5919,588aca26ed1bfc095abf2de16bf97b57,892,88.0,3,1786591142239,2026-08-13T10:19:02.239
5920,588aca26ed1bfc095abf2de16bf97b57,893,88.0,3,1786591143239,2026-08-13T10:19:03.239
5921,588aca26ed1bfc095abf2de16bf97b57,894,88.0,3,1786591144240,2026-08-13T10:19:04.240
5922,588aca26ed1bfc095abf2de16bf97b57,895,88.0,3,1786591145240,2026-08-13T10:19:05.240
5923,588aca26ed1bfc095abf2de16bf97b57,896,88.0,3,1786591146240,2026-08-13T10:19:06.240
5924,588aca26ed1bfc095abf2de16bf97b57,897,88.0,3,1786591147244,2026-08-13T10:19:07.244
5925,588aca26ed1bfc095abf2de16bf97b57,898,88.0,3,1786591148248,2026-08-13T10:19:08.248
5926,588aca26ed1bfc095abf2de16bf97b57,899,88.0,3,1786591149241,2026-08-13T10:19:09.241
5927,588aca26ed1bfc095abf2de16bf97b57,900,88.0,3,1786591150246,2026-08-13T10:19:10.246
5928,588aca26ed1bfc095abf2de16bf97b57,901,88.0,3,1786591151241,2026-08-13T10:19:11.241
5929,588aca26ed1bfc095abf2de16bf97b57,902,88.0,3,1786591152239,2026-08-13T10:19:12.239
5930,588aca26ed1bfc095abf2de16bf97b57,903,88.0,3,1786591153242,2026-08-13T10:19:13.242
5931,588aca26ed1bfc095abf2de16bf97b57,904,88.0,3,1786591154239,2026-08-13T10:19:14.239
5932,588aca26ed1bfc095abf2de16bf97b57,905,87.0,3,1786591155239,2026-08-13T10:19:15.239
5933,588aca26ed1bfc095abf2de16bf97b57,906,88.0,3,1786591156240,2026-08-13T10:19:16.240
5934,588aca26ed1bfc095abf2de16bf97b57,907,89.0,3,1786591157240,2026-08-13T10:19:17.240
5935,588aca26ed1bfc095abf2de16bf97b57,908,89.0,3,1786591158239,2026-08-13T10:19:18.239
5936,588aca26ed1bfc095abf2de16bf97b57,909,88.0,3,1786591159243,2026-08-13T10:19:19.243
5937,588aca26ed1bfc095abf2de16bf97b57,910,88.0,3,1786591160242,2026-08-13T10:19:20.242
5938,588aca26ed1bfc095abf2de16bf97b57,911,88.0,3,1786591161241,2026-08-13T10:19:21.241
5939,588aca26ed1bfc095abf2de16bf97b57,912,88.0,3,1786591162239,2026-08-13T10:19:22.239
5940,588aca26ed1bfc095abf2de16bf97b57,913,88.0,3,1786591163240,2026-08-13T10:19:23.240
5941,588aca26ed1bfc095abf2de16bf97b57,914,88.0,3,1786591164239,2026-08-13T10:19:24.239
5942,588aca26ed1bfc095abf2de16bf97b57,915,88.0,3,1786591165239,2026-08-13T10:19:25.239
5943,588aca26ed1bfc095abf2de16bf97b57,916,89.0,3,1786591166239,2026-08-13T10:19:26.239
5944,588aca26ed1bfc095abf2de16bf97b57,917,88.0,3,1786591167239,2026-08-13T10:19:27.239
5945,588aca26ed1bfc095abf2de16bf97b57,918,89.0,3,1786591168240,2026-08-13T10:19:28.240
5946,588aca26ed1bfc095abf2de16bf97b57,919,89.0,3,1786591169240,2026-08-13T10:19:29.240
5947,588aca26ed1bfc095abf2de16bf97b57,920,90.0,3,1786591170239,2026-08-13T10:19:30.239
5948,588aca26ed1bfc095abf2de16bf97b57,921,92.0,3,1786591171259,2026-08-13T10:19:31.259
5949,588aca26ed1bfc095abf2de16bf97b57,922,93.0,3,1786591172247,2026-08-13T10:19:32.247
5950,588aca26ed1bfc095abf2de16bf97b57,923,94.0,3,1786591173246,2026-08-13T10:19:33.246
5951,588aca26ed1bfc095abf2de16bf97b57,924,94.0,3,1786591174244,2026-08-13T10:19:34.244
5952,588aca26ed1bfc095abf2de16bf97b57,925,94.0,3,1786591175253,2026-08-13T10:19:35.253
5953,588aca26ed1bfc095abf2de16bf97b57,926,94.0,3,1786591176239,2026-08-13T10:19:36.239
5954,588aca26ed1bfc095abf2de16bf97b57,927,94.0,3,1786591177240,2026-08-13T10:19:37.240
5955,588aca26ed1bfc095abf2de16bf97b57,928,93.0,3,1786591178239,2026-08-13T10:19:38.239
5956,588aca26ed1bfc095abf2de16bf97b57,929,92.0,3,1786591179240,2026-08-13T10:19:39.240
5957,588aca26ed1bfc095abf2de16bf97b57,930,91.0,3,1786591180246,2026-08-13T10:19:40.246
5958,588aca26ed1bfc095abf2de16bf97b57,931,90.0,3,1786591181240,2026-08-13T10:19:41.240
5959,588aca26ed1bfc095abf2de16bf97b57,932,89.0,3,1786591182240,2026-08-13T10:19:42.240
5960,588aca26ed1bfc095abf2de16bf97b57,933,88.0,3,1786591183241,2026-08-13T10:19:43.241
5961,588aca26ed1bfc095abf2de16bf97b57,934,87.0,3,1786591184242,2026-08-13T10:19:44.242
5962,588aca26ed1bfc095abf2de16bf97b57,935,86.0,3,1786591185240,2026-08-13T10:19:45.240
5963,588aca26ed1bfc095abf2de16bf97b57,936,86.0,3,1786591186241,2026-08-13T10:19:46.241
5964,588aca26ed1bfc095abf2de16bf97b57,937,87.0,3,1786591187239,2026-08-13T10:19:47.239
5965,588aca26ed1bfc095abf2de16bf97b57,938,87.0,3,1786591188240,2026-08-13T10:19:48.240
5966,588aca26ed1bfc095abf2de16bf97b57,939,88.0,3,1786591189239,2026-08-13T10:19:49.239
5967,588aca26ed1bfc095abf2de16bf97b57,940,88.0,3,1786591190244,2026-08-13T10:19:50.244
5968,588aca26ed1bfc095abf2de16bf97b57,941,88.0,3,1786591191246,2026-08-13T10:19:51.246
5969,588aca26ed1bfc095abf2de16bf97b57,942,88.0,3,1786591192239,2026-08-13T10:19:52.239
5970,588aca26ed1bfc095abf2de16bf97b57,943,88.0,3,1786591193240,2026-08-13T10:19:53.240
5971,588aca26ed1bfc095abf2de16bf97b57,944,88.0,3,1786591194239,2026-08-13T10:19:54.239
5972,588aca26ed1bfc095abf2de16bf97b57,945,88.0,3,1786591195239,2026-08-13T10:19:55.239
5973,588aca26ed1bfc095abf2de16bf97b57,946,87.0,3,1786591196239,2026-08-13T10:19:56.239
5974,588aca26ed1bfc095abf2de16bf97b57,947,87.0,3,1786591197248,2026-08-13T10:19:57.248
5975,588aca26ed1bfc095abf2de16bf97b57,948,87.0,3,1786591198244,2026-08-13T10:19:58.244
5976,588aca26ed1bfc095abf2de16bf97b57,949,87.0,3,1786591199241,2026-08-13T10:19:59.241
5977,588aca26ed1bfc095abf2de16bf97b57,950,87.0,3,1786591200246,2026-08-13T10:20:00.246
5978,588aca26ed1bfc095abf2de16bf97b57,951,86.0,3,1786591201245,2026-08-13T10:20:01.245
5979,588aca26ed1bfc095abf2de16bf97b57,952,86.0,3,1786591202242,2026-08-13T10:20:02.242
5980,588aca26ed1bfc095abf2de16bf97b57,953,86.0,3,1786591203240,2026-08-13T10:20:03.240
5981,588aca26ed1bfc095abf2de16bf97b57,954,85.0,3,1786591204239,2026-08-13T10:20:04.239
5982,588aca26ed1bfc095abf2de16bf97b57,955,85.0,3,1786591205240,2026-08-13T10:20:05.240
5983,588aca26ed1bfc095abf2de16bf97b57,956,86.0,3,1786591206241,2026-08-13T10:20:06.241
5984,588aca26ed1bfc095abf2de16bf97b57,957,86.0,3,1786591207247,2026-08-13T10:20:07.247
5985,588aca26ed1bfc095abf2de16bf97b57,958,86.0,3,1786591208240,2026-08-13T10:20:08.240
5986,588aca26ed1bfc095abf2de16bf97b57,959,87.0,3,1786591209240,2026-08-13T10:20:09.240
5987,588aca26ed1bfc095abf2de16bf97b57,960,87.0,3,1786591210240,2026-08-13T10:20:10.240
5988,588aca26ed1bfc095abf2de16bf97b57,961,88.0,3,1786591211239,2026-08-13T10:20:11.239
5989,588aca26ed1bfc095abf2de16bf97b57,962,88.0,3,1786591212239,2026-08-13T10:20:12.239
5990,588aca26ed1bfc095abf2de16bf97b57,963,89.0,3,1786591213248,2026-08-13T10:20:13.248
5991,588aca26ed1bfc095abf2de16bf97b57,964,89.0,3,1786591214245,2026-08-13T10:20:14.245
5992,588aca26ed1bfc095abf2de16bf97b57,965,88.0,3,1786591215243,2026-08-13T10:20:15.243
5993,588aca26ed1bfc095abf2de16bf97b57,966,88.0,3,1786591216242,2026-08-13T10:20:16.242
5994,588aca26ed1bfc095abf2de16bf97b57,967,88.0,3,1786591217239,2026-08-13T10:20:17.239
5995,588aca26ed1bfc095abf2de16bf97b57,968,89.0,3,1786591218240,2026-08-13T10:20:18.240
5996,588aca26ed1bfc095abf2de16bf97b57,969,89.0,3,1786591219239,2026-08-13T10:20:19.239
5997,588aca26ed1bfc095abf2de16bf97b57,970,89.0,3,1786591220239,2026-08-13T10:20:20.239
5998,588aca26ed1bfc095abf2de16bf97b57,971,89.0,3,1786591221242,2026-08-13T10:20:21.242
5999,588aca26ed1bfc095abf2de16bf97b57,972,89.0,3,1786591222240,2026-08-13T10:20:22.240
6000,588aca26ed1bfc095abf2de16bf97b57,973,88.0,3,1786591223240,2026-08-13T10:20:23.240
6001,588aca26ed1bfc095abf2de16bf97b57,974,87.0,3,1786591224239,2026-08-13T10:20:24.239
6002,588aca26ed1bfc095abf2de16bf97b57,975,86.0,3,1786591225239,2026-08-13T10:20:25.239
6003,588aca26ed1bfc095abf2de16bf97b57,976,85.0,3,1786591226239,2026-08-13T10:20:26.239
6004,588aca26ed1bfc095abf2de16bf97b57,977,84.0,3,1786591227240,2026-08-13T10:20:27.240
6005,588aca26ed1bfc095abf2de16bf97b57,978,84.0,3,1786591228240,2026-08-13T10:20:28.240
6006,588aca26ed1bfc095abf2de16bf97b57,979,84.0,3,1786591229242,2026-08-13T10:20:29.242
6007,588aca26ed1bfc095abf2de16bf97b57,980,84.0,3,1786591230240,2026-08-13T10:20:30.240
6008,588aca26ed1bfc095abf2de16bf97b57,981,84.0,3,1786591231239,2026-08-13T10:20:31.239
6009,588aca26ed1bfc095abf2de16bf97b57,982,84.0,3,1786591232240,2026-08-13T10:20:32.240
6010,588aca26ed1bfc095abf2de16bf97b57,983,85.0,3,1786591233240,2026-08-13T10:20:33.240
6011,588aca26ed1bfc095abf2de16bf97b57,984,85.0,3,1786591234239,2026-08-13T10:20:34.239
6012,588aca26ed1bfc095abf2de16bf97b57,985,85.0,3,1786591235239,2026-08-13T10:20:35.239
6013,588aca26ed1bfc095abf2de16bf97b57,986,85.0,3,1786591236240,2026-08-13T10:20:36.240
6014,588aca26ed1bfc095abf2de16bf97b57,987,84.0,3,1786591237248,2026-08-13T10:20:37.248
6015,588aca26ed1bfc095abf2de16bf97b57,988,85.0,3,1786591238248,2026-08-13T10:20:38.248
6016,588aca26ed1bfc095abf2de16bf97b57,989,86.0,3,1786591239244,2026-08-13T10:20:39.244
6017,588aca26ed1bfc095abf2de16bf97b57,990,86.0,3,1786591240243,2026-08-13T10:20:40.243
6018,588aca26ed1bfc095abf2de16bf97b57,991,87.0,3,1786591241243,2026-08-13T10:20:41.243
6019,588aca26ed1bfc095abf2de16bf97b57,992,88.0,3,1786591242240,2026-08-13T10:20:42.240
6020,588aca26ed1bfc095abf2de16bf97b57,993,88.0,3,1786591243240,2026-08-13T10:20:43.240
6021,588aca26ed1bfc095abf2de16bf97b57,994,87.0,3,1786591244240,2026-08-13T10:20:44.240
6022,588aca26ed1bfc095abf2de16bf97b57,995,87.0,3,1786591245240,2026-08-13T10:20:45.240
6023,588aca26ed1bfc095abf2de16bf97b57,996,86.0,3,1786591246245,2026-08-13T10:20:46.245
6024,588aca26ed1bfc095abf2de16bf97b57,997,86.0,3,1786591247242,2026-08-13T10:20:47.242
6025,588aca26ed1bfc095abf2de16bf97b57,998,86.0,3,1786591248241,2026-08-13T10:20:48.241
6026,588aca26ed1bfc095abf2de16bf97b57,999,87.0,3,1786591249240,2026-08-13T10:20:49.240
6027,588aca26ed1bfc095abf2de16bf97b57,1000,88.0,3,1786591250239,2026-08-13T10:20:50.239
6028,588aca26ed1bfc095abf2de16bf97b57,1001,88.0,3,1786591251239,2026-08-13T10:20:51.239
6029,588aca26ed1bfc095abf2de16bf97b57,1002,89.0,3,1786591252240,2026-08-13T10:20:52.240
6030,588aca26ed1bfc095abf2de16bf97b57,1003,90.0,3,1786591253239,2026-08-13T10:20:53.239
6031,588aca26ed1bfc095abf2de16bf97b57,1004,91.0,3,1786591254239,2026-08-13T10:20:54.239
6032,588aca26ed1bfc095abf2de16bf97b57,1005,91.0,3,1786591255239,2026-08-13T10:20:55.239
6033,588aca26ed1bfc095abf2de16bf97b57,1006,91.0,3,1786591256239,2026-08-13T10:20:56.239
6034,588aca26ed1bfc095abf2de16bf97b57,1007,91.0,3,1786591257240,2026-08-13T10:20:57.240
6035,588aca26ed1bfc095abf2de16bf97b57,1008,91.0,3,1786591258239,2026-08-13T10:20:58.239
6036,588aca26ed1bfc095abf2de16bf97b57,1009,91.0,3,1786591259243,2026-08-13T10:20:59.243
6037,588aca26ed1bfc095abf2de16bf97b57,1010,90.0,3,1786591260240,2026-08-13T10:21:00.240
6038,588aca26ed1bfc095abf2de16bf97b57,1011,89.0,3,1786591261239,2026-08-13T10:21:01.239
6039,588aca26ed1bfc095abf2de16bf97b57,1012,89.0,3,1786591262248,2026-08-13T10:21:02.248
6040,588aca26ed1bfc095abf2de16bf97b57,1013,88.0,3,1786591263243,2026-08-13T10:21:03.243
6041,588aca26ed1bfc095abf2de16bf97b57,1014,88.0,3,1786591264241,2026-08-13T10:21:04.241
6042,588aca26ed1bfc095abf2de16bf97b57,1015,87.0,3,1786591265241,2026-08-13T10:21:05.241
6043,588aca26ed1bfc095abf2de16bf97b57,1016,87.0,3,1786591266239,2026-08-13T10:21:06.239
6044,588aca26ed1bfc095abf2de16bf97b57,1017,87.0,3,1786591267239,2026-08-13T10:21:07.239
6045,588aca26ed1bfc095abf2de16bf97b57,1018,86.0,3,1786591268239,2026-08-13T10:21:08.239
6046,588aca26ed1bfc095abf2de16bf97b57,1019,86.0,3,1786591269239,2026-08-13T10:21:09.239
6047,588aca26ed1bfc095abf2de16bf97b57,1020,86.0,3,1786591270240,2026-08-13T10:21:10.240
6048,588aca26ed1bfc095abf2de16bf97b57,1021,86.0,3,1786591271239,2026-08-13T10:21:11.239
6049,588aca26ed1bfc095abf2de16bf97b57,1022,86.0,3,1786591272242,2026-08-13T10:21:12.242
6050,588aca26ed1bfc095abf2de16bf97b57,1023,86.0,3,1786591273242,2026-08-13T10:21:13.242
6051,588aca26ed1bfc095abf2de16bf97b57,1024,87.0,3,1786591274240,2026-08-13T10:21:14.240
6052,588aca26ed1bfc095abf2de16bf97b57,1025,87.0,3,1786591275239,2026-08-13T10:21:15.239
6053,588aca26ed1bfc095abf2de16bf97b57,1026,88.0,3,1786591276239,2026-08-13T10:21:16.239
6054,588aca26ed1bfc095abf2de16bf97b57,1027,89.0,3,1786591277240,2026-08-13T10:21:17.240
6055,588aca26ed1bfc095abf2de16bf97b57,1028,89.0,3,1786591278240,2026-08-13T10:21:18.240
6056,588aca26ed1bfc095abf2de16bf97b57,1029,89.0,3,1786591279240,2026-08-13T10:21:19.240
6057,588aca26ed1bfc095abf2de16bf97b57,1030,89.0,3,1786591280240,2026-08-13T10:21:20.240
6058,588aca26ed1bfc095abf2de16bf97b57,1031,89.0,3,1786591281239,2026-08-13T10:21:21.239
6059,588aca26ed1bfc095abf2de16bf97b57,1032,89.0,3,1786591282239,2026-08-13T10:21:22.239
6060,588aca26ed1bfc095abf2de16bf97b57,1033,89.0,3,1786591283239,2026-08-13T10:21:23.239
6061,588aca26ed1bfc095abf2de16bf97b57,1034,89.0,3,1786591284240,2026-08-13T10:21:24.240
6062,588aca26ed1bfc095abf2de16bf97b57,1035,88.0,3,1786591285242,2026-08-13T10:21:25.242
6063,588aca26ed1bfc095abf2de16bf97b57,1036,88.0,3,1786591286245,2026-08-13T10:21:26.245
6064,588aca26ed1bfc095abf2de16bf97b57,1037,88.0,3,1786591287244,2026-08-13T10:21:27.244
6065,588aca26ed1bfc095abf2de16bf97b57,1038,88.0,3,1786591288243,2026-08-13T10:21:28.243
6066,588aca26ed1bfc095abf2de16bf97b57,1039,89.0,3,1786591289240,2026-08-13T10:21:29.240
6067,588aca26ed1bfc095abf2de16bf97b57,1040,90.0,3,1786591290239,2026-08-13T10:21:30.239
6068,588aca26ed1bfc095abf2de16bf97b57,1041,91.0,3,1786591291239,2026-08-13T10:21:31.239
6069,588aca26ed1bfc095abf2de16bf97b57,1042,92.0,3,1786591292243,2026-08-13T10:21:32.243
6070,588aca26ed1bfc095abf2de16bf97b57,1043,92.0,3,1786591293240,2026-08-13T10:21:33.240
6071,588aca26ed1bfc095abf2de16bf97b57,1044,92.0,3,1786591294241,2026-08-13T10:21:34.241
6072,588aca26ed1bfc095abf2de16bf97b57,1045,92.0,3,1786591295240,2026-08-13T10:21:35.240
6073,588aca26ed1bfc095abf2de16bf97b57,1046,91.0,3,1786591296240,2026-08-13T10:21:36.240
6074,588aca26ed1bfc095abf2de16bf97b57,1047,91.0,3,1786591297239,2026-08-13T10:21:37.239
6075,588aca26ed1bfc095abf2de16bf97b57,1048,90.0,3,1786591298240,2026-08-13T10:21:38.240
6076,588aca26ed1bfc095abf2de16bf97b57,1049,90.0,3,1786591299241,2026-08-13T10:21:39.241
6077,588aca26ed1bfc095abf2de16bf97b57,1050,90.0,3,1786591300243,2026-08-13T10:21:40.243
6078,588aca26ed1bfc095abf2de16bf97b57,1051,89.0,3,1786591301240,2026-08-13T10:21:41.240
6079,588aca26ed1bfc095abf2de16bf97b57,1052,89.0,3,1786591302239,2026-08-13T10:21:42.239
6080,588aca26ed1bfc095abf2de16bf97b57,1053,88.0,3,1786591303240,2026-08-13T10:21:43.240
6081,588aca26ed1bfc095abf2de16bf97b57,1054,89.0,3,1786591304240,2026-08-13T10:21:44.240
6082,588aca26ed1bfc095abf2de16bf97b57,1055,89.0,3,1786591305240,2026-08-13T10:21:45.240
6083,588aca26ed1bfc095abf2de16bf97b57,1056,89.0,3,1786591306239,2026-08-13T10:21:46.239
6084,588aca26ed1bfc095abf2de16bf97b57,1057,89.0,3,1786591307240,2026-08-13T10:21:47.240
6085,588aca26ed1bfc095abf2de16bf97b57,1058,89.0,3,1786591308248,2026-08-13T10:21:48.248
6086,588aca26ed1bfc095abf2de16bf97b57,1059,89.0,3,1786591309246,2026-08-13T10:21:49.246
6087,588aca26ed1bfc095abf2de16bf97b57,1060,89.0,3,1786591310244,2026-08-13T10:21:50.244
6088,588aca26ed1bfc095abf2de16bf97b57,1061,89.0,3,1786591311244,2026-08-13T10:21:51.244
6089,588aca26ed1bfc095abf2de16bf97b57,1062,89.0,3,1786591312248,2026-08-13T10:21:52.248
6090,588aca26ed1bfc095abf2de16bf97b57,1063,89.0,3,1786591313239,2026-08-13T10:21:53.239
6091,588aca26ed1bfc095abf2de16bf97b57,1064,89.0,3,1786591314240,2026-08-13T10:21:54.240
6092,588aca26ed1bfc095abf2de16bf97b57,1065,90.0,3,1786591315239,2026-08-13T10:21:55.239
6093,588aca26ed1bfc095abf2de16bf97b57,1066,90.0,3,1786591316241,2026-08-13T10:21:56.241
6094,588aca26ed1bfc095abf2de16bf97b57,1067,90.0,3,1786591317244,2026-08-13T10:21:57.244
6095,588aca26ed1bfc095abf2de16bf97b57,1068,90.0,3,1786591318242,2026-08-13T10:21:58.242
6096,588aca26ed1bfc095abf2de16bf97b57,1069,90.0,3,1786591319240,2026-08-13T10:21:59.240
6097,588aca26ed1bfc095abf2de16bf97b57,1070,90.0,3,1786591320239,2026-08-13T10:22:00.239
6098,588aca26ed1bfc095abf2de16bf97b57,1071,90.0,3,1786591321239,2026-08-13T10:22:01.239
6099,588aca26ed1bfc095abf2de16bf97b57,1072,90.0,3,1786591322240,2026-08-13T10:22:02.240
6100,588aca26ed1bfc095abf2de16bf97b57,1073,90.0,3,1786591323240,2026-08-13T10:22:03.240
6101,588aca26ed1bfc095abf2de16bf97b57,1074,89.0,3,1786591324239,2026-08-13T10:22:04.239
6102,588aca26ed1bfc095abf2de16bf97b57,1075,89.0,3,1786591325240,2026-08-13T10:22:05.240
6103,588aca26ed1bfc095abf2de16bf97b57,1076,89.0,3,1786591326240,2026-08-13T10:22:06.240
6104,588aca26ed1bfc095abf2de16bf97b57,1077,89.0,3,1786591327239,2026-08-13T10:22:07.239
6105,588aca26ed1bfc095abf2de16bf97b57,1078,89.0,3,1786591328240,2026-08-13T10:22:08.240
6106,588aca26ed1bfc095abf2de16bf97b57,1079,89.0,3,1786591329239,2026-08-13T10:22:09.239
6107,588aca26ed1bfc095abf2de16bf97b57,1080,89.0,3,1786591330247,2026-08-13T10:22:10.247
6108,588aca26ed1bfc095abf2de16bf97b57,1081,89.0,3,1786591331247,2026-08-13T10:22:11.247
6109,588aca26ed1bfc095abf2de16bf97b57,1082,90.0,3,1786591332239,2026-08-13T10:22:12.239
6110,588aca26ed1bfc095abf2de16bf97b57,1083,90.0,3,1786591333241,2026-08-13T10:22:13.241
6111,588aca26ed1bfc095abf2de16bf97b57,1084,90.0,3,1786591334241,2026-08-13T10:22:14.241
6112,588aca26ed1bfc095abf2de16bf97b57,1085,90.0,3,1786591335240,2026-08-13T10:22:15.240
6113,588aca26ed1bfc095abf2de16bf97b57,1086,91.0,3,1786591336240,2026-08-13T10:22:16.240
6114,588aca26ed1bfc095abf2de16bf97b57,1087,92.0,3,1786591337240,2026-08-13T10:22:17.240
6115,588aca26ed1bfc095abf2de16bf97b57,1088,92.0,3,1786591338240,2026-08-13T10:22:18.240
6116,588aca26ed1bfc095abf2de16bf97b57,1089,93.0,3,1786591339241,2026-08-13T10:22:19.241
6117,588aca26ed1bfc095abf2de16bf97b57,1090,93.0,3,1786591340241,2026-08-13T10:22:20.241
6118,588aca26ed1bfc095abf2de16bf97b57,1091,93.0,3,1786591341240,2026-08-13T10:22:21.240
6119,588aca26ed1bfc095abf2de16bf97b57,1092,93.0,3,1786591342242,2026-08-13T10:22:22.242
6120,588aca26ed1bfc095abf2de16bf97b57,1093,93.0,3,1786591343240,2026-08-13T10:22:23.240
6121,588aca26ed1bfc095abf2de16bf97b57,1094,93.0,3,1786591344240,2026-08-13T10:22:24.240
6122,588aca26ed1bfc095abf2de16bf97b57,1095,93.0,3,1786591345256,2026-08-13T10:22:25.256
6123,588aca26ed1bfc095abf2de16bf97b57,1096,93.0,3,1786591346240,2026-08-13T10:22:26.240
6124,588aca26ed1bfc095abf2de16bf97b57,1097,92.0,3,1786591347239,2026-08-13T10:22:27.239
6125,588aca26ed1bfc095abf2de16bf97b57,1098,92.0,3,1786591348239,2026-08-13T10:22:28.239
6126,588aca26ed1bfc095abf2de16bf97b57,1099,91.0,3,1786591349240,2026-08-13T10:22:29.240
6127,588aca26ed1bfc095abf2de16bf97b57,1100,91.0,3,1786591350242,2026-08-13T10:22:30.242
6128,588aca26ed1bfc095abf2de16bf97b57,1101,91.0,3,1786591351240,2026-08-13T10:22:31.240
6129,588aca26ed1bfc095abf2de16bf97b57,1102,90.0,3,1786591352240,2026-08-13T10:22:32.240
6130,588aca26ed1bfc095abf2de16bf97b57,1103,90.0,3,1786591353239,2026-08-13T10:22:33.239
6131,588aca26ed1bfc095abf2de16bf97b57,1104,90.0,3,1786591354240,2026-08-13T10:22:34.240
6132,588aca26ed1bfc095abf2de16bf97b57,1105,90.0,3,1786591355240,2026-08-13T10:22:35.240
6133,588aca26ed1bfc095abf2de16bf97b57,1106,89.0,3,1786591356247,2026-08-13T10:22:36.247
6134,588aca26ed1bfc095abf2de16bf97b57,1107,89.0,3,1786591357246,2026-08-13T10:22:37.246
6135,588aca26ed1bfc095abf2de16bf97b57,1108,89.0,3,1786591358243,2026-08-13T10:22:38.243
6136,588aca26ed1bfc095abf2de16bf97b57,1109,89.0,3,1786591359243,2026-08-13T10:22:39.243
6137,588aca26ed1bfc095abf2de16bf97b57,1110,88.0,3,1786591360239,2026-08-13T10:22:40.239
6138,588aca26ed1bfc095abf2de16bf97b57,1111,88.0,3,1786591361240,2026-08-13T10:22:41.240
6139,588aca26ed1bfc095abf2de16bf97b57,1112,88.0,3,1786591362239,2026-08-13T10:22:42.239
6140,588aca26ed1bfc095abf2de16bf97b57,1113,89.0,3,1786591363240,2026-08-13T10:22:43.240
6141,588aca26ed1bfc095abf2de16bf97b57,1114,89.0,3,1786591364240,2026-08-13T10:22:44.240
6142,588aca26ed1bfc095abf2de16bf97b57,1115,89.0,3,1786591365241,2026-08-13T10:22:45.241
6143,588aca26ed1bfc095abf2de16bf97b57,1116,89.0,3,1786591366239,2026-08-13T10:22:46.239
6144,588aca26ed1bfc095abf2de16bf97b57,1117,89.0,3,1786591367240,2026-08-13T10:22:47.240
6145,588aca26ed1bfc095abf2de16bf97b57,1118,89.0,3,1786591368239,2026-08-13T10:22:48.239
6146,588aca26ed1bfc095abf2de16bf97b57,1119,89.0,3,1786591369239,2026-08-13T10:22:49.239
6147,588aca26ed1bfc095abf2de16bf97b57,1120,89.0,3,1786591370239,2026-08-13T10:22:50.239
6148,588aca26ed1bfc095abf2de16bf97b57,1121,90.0,3,1786591371240,2026-08-13T10:22:51.240
6149,588aca26ed1bfc095abf2de16bf97b57,1122,90.0,3,1786591372240,2026-08-13T10:22:52.240
6150,588aca26ed1bfc095abf2de16bf97b57,1123,89.0,3,1786591373240,2026-08-13T10:22:53.240
6151,588aca26ed1bfc095abf2de16bf97b57,1124,89.0,3,1786591374239,2026-08-13T10:22:54.239
6152,588aca26ed1bfc095abf2de16bf97b57,1125,89.0,3,1786591375240,2026-08-13T10:22:55.240
6153,588aca26ed1bfc095abf2de16bf97b57,1126,88.0,3,1786591376248,2026-08-13T10:22:56.248
6154,588aca26ed1bfc095abf2de16bf97b57,1127,88.0,3,1786591377246,2026-08-13T10:22:57.246
6155,588aca26ed1bfc095abf2de16bf97b57,1128,88.0,3,1786591378241,2026-08-13T10:22:58.241
6156,588aca26ed1bfc095abf2de16bf97b57,1129,89.0,3,1786591379243,2026-08-13T10:22:59.243
6157,588aca26ed1bfc095abf2de16bf97b57,1130,89.0,3,1786591380239,2026-08-13T10:23:00.239
6158,588aca26ed1bfc095abf2de16bf97b57,1131,89.0,3,1786591381240,2026-08-13T10:23:01.240
6159,588aca26ed1bfc095abf2de16bf97b57,1132,89.0,3,1786591382240,2026-08-13T10:23:02.240
6160,588aca26ed1bfc095abf2de16bf97b57,1133,88.0,3,1786591383240,2026-08-13T10:23:03.240
6161,588aca26ed1bfc095abf2de16bf97b57,1134,88.0,3,1786591384247,2026-08-13T10:23:04.247
6162,588aca26ed1bfc095abf2de16bf97b57,1135,88.0,3,1786591385239,2026-08-13T10:23:05.239
6163,588aca26ed1bfc095abf2de16bf97b57,1136,88.0,3,1786591386239,2026-08-13T10:23:06.239
6164,588aca26ed1bfc095abf2de16bf97b57,1137,88.0,3,1786591387241,2026-08-13T10:23:07.241
6165,588aca26ed1bfc095abf2de16bf97b57,1138,88.0,3,1786591388240,2026-08-13T10:23:08.240
6166,588aca26ed1bfc095abf2de16bf97b57,1139,88.0,3,1786591389241,2026-08-13T10:23:09.241
6167,588aca26ed1bfc095abf2de16bf97b57,1140,88.0,3,1786591390240,2026-08-13T10:23:10.240
6168,588aca26ed1bfc095abf2de16bf97b57,1141,88.0,3,1786591391240,2026-08-13T10:23:11.240
6169,588aca26ed1bfc095abf2de16bf97b57,1142,88.0,3,1786591392240,2026-08-13T10:23:12.240
6170,588aca26ed1bfc095abf2de16bf97b57,1143,88.0,3,1786591393241,2026-08-13T10:23:13.241
6171,588aca26ed1bfc095abf2de16bf97b57,1144,88.0,3,1786591394240,2026-08-13T10:23:14.240
6172,588aca26ed1bfc095abf2de16bf97b57,1145,88.0,3,1786591395240,2026-08-13T10:23:15.240
6173,588aca26ed1bfc095abf2de16bf97b57,1146,89.0,3,1786591396239,2026-08-13T10:23:16.239
6174,588aca26ed1bfc095abf2de16bf97b57,1147,89.0,3,1786591397239,2026-08-13T10:23:17.239
6175,588aca26ed1bfc095abf2de16bf97b57,1148,89.0,3,1786591398239,2026-08-13T10:23:18.239
6176,588aca26ed1bfc095abf2de16bf97b57,1149,89.0,3,1786591399239,2026-08-13T10:23:19.239
6177,588aca26ed1bfc095abf2de16bf97b57,1150,89.0,3,1786591400239,2026-08-13T10:23:20.239
6178,588aca26ed1bfc095abf2de16bf97b57,1151,88.0,3,1786591401240,2026-08-13T10:23:21.240
6179,588aca26ed1bfc095abf2de16bf97b57,1152,88.0,3,1786591402247,2026-08-13T10:23:22.247
6180,588aca26ed1bfc095abf2de16bf97b57,1153,88.0,3,1786591403240,2026-08-13T10:23:23.240
6181,588aca26ed1bfc095abf2de16bf97b57,1154,88.0,3,1786591404245,2026-08-13T10:23:24.245
6182,588aca26ed1bfc095abf2de16bf97b57,1155,88.0,3,1786591405245,2026-08-13T10:23:25.245
6183,588aca26ed1bfc095abf2de16bf97b57,1156,88.0,3,1786591406255,2026-08-13T10:23:26.255
6184,588aca26ed1bfc095abf2de16bf97b57,1157,88.0,3,1786591407244,2026-08-13T10:23:27.244
6185,588aca26ed1bfc095abf2de16bf97b57,1158,88.0,3,1786591408244,2026-08-13T10:23:28.244
6186,588aca26ed1bfc095abf2de16bf97b57,1159,88.0,3,1786591409239,2026-08-13T10:23:29.239
6187,588aca26ed1bfc095abf2de16bf97b57,1160,88.0,3,1786591410251,2026-08-13T10:23:30.251
6188,588aca26ed1bfc095abf2de16bf97b57,1161,88.0,3,1786591411240,2026-08-13T10:23:31.240
6189,588aca26ed1bfc095abf2de16bf97b57,1162,88.0,3,1786591412239,2026-08-13T10:23:32.239
6190,588aca26ed1bfc095abf2de16bf97b57,1163,88.0,3,1786591413240,2026-08-13T10:23:33.240
6191,588aca26ed1bfc095abf2de16bf97b57,1164,88.0,3,1786591414239,2026-08-13T10:23:34.239
6192,588aca26ed1bfc095abf2de16bf97b57,1165,88.0,3,1786591415240,2026-08-13T10:23:35.240
6193,588aca26ed1bfc095abf2de16bf97b57,1166,87.0,3,1786591416240,2026-08-13T10:23:36.240
6194,588aca26ed1bfc095abf2de16bf97b57,1167,87.0,3,1786591417240,2026-08-13T10:23:37.240
6195,588aca26ed1bfc095abf2de16bf97b57,1168,87.0,3,1786591418239,2026-08-13T10:23:38.239
6196,588aca26ed1bfc095abf2de16bf97b57,1169,88.0,3,1786591419239,2026-08-13T10:23:39.239
6197,588aca26ed1bfc095abf2de16bf97b57,1170,88.0,3,1786591420241,2026-08-13T10:23:40.241
6198,588aca26ed1bfc095abf2de16bf97b57,1171,88.0,3,1786591421240,2026-08-13T10:23:41.240
6199,588aca26ed1bfc095abf2de16bf97b57,1172,89.0,3,1786591422241,2026-08-13T10:23:42.241
6200,588aca26ed1bfc095abf2de16bf97b57,1173,88.0,3,1786591423239,2026-08-13T10:23:43.239
6201,588aca26ed1bfc095abf2de16bf97b57,1174,88.0,3,1786591424243,2026-08-13T10:23:44.243
6202,588aca26ed1bfc095abf2de16bf97b57,1175,88.0,3,1786591425240,2026-08-13T10:23:45.240
6203,588aca26ed1bfc095abf2de16bf97b57,1176,89.0,3,1786591426243,2026-08-13T10:23:46.243
6204,588aca26ed1bfc095abf2de16bf97b57,1177,89.0,3,1786591427240,2026-08-13T10:23:47.240
6205,588aca26ed1bfc095abf2de16bf97b57,1178,89.0,3,1786591428241,2026-08-13T10:23:48.241
6206,588aca26ed1bfc095abf2de16bf97b57,1179,90.0,3,1786591429239,2026-08-13T10:23:49.239
6207,588aca26ed1bfc095abf2de16bf97b57,1180,90.0,3,1786591430240,2026-08-13T10:23:50.240
6208,588aca26ed1bfc095abf2de16bf97b57,1181,90.0,3,1786591431240,2026-08-13T10:23:51.240
6209,588aca26ed1bfc095abf2de16bf97b57,1182,90.0,3,1786591432240,2026-08-13T10:23:52.240
6210,588aca26ed1bfc095abf2de16bf97b57,1183,89.0,3,1786591433239,2026-08-13T10:23:53.239
6211,588aca26ed1bfc095abf2de16bf97b57,1184,89.0,3,1786591434240,2026-08-13T10:23:54.240
6212,588aca26ed1bfc095abf2de16bf97b57,1185,89.0,3,1786591435239,2026-08-13T10:23:55.239
6213,588aca26ed1bfc095abf2de16bf97b57,1186,89.0,3,1786591436240,2026-08-13T10:23:56.240
6214,588aca26ed1bfc095abf2de16bf97b57,1187,89.0,3,1786591437240,2026-08-13T10:23:57.240
6215,588aca26ed1bfc095abf2de16bf97b57,1188,88.0,3,1786591438239,2026-08-13T10:23:58.239
6216,588aca26ed1bfc095abf2de16bf97b57,1189,88.0,3,1786591439241,2026-08-13T10:23:59.241
6217,588aca26ed1bfc095abf2de16bf97b57,1190,88.0,3,1786591440240,2026-08-13T10:24:00.240
6218,588aca26ed1bfc095abf2de16bf97b57,1191,88.0,3,1786591441239,2026-08-13T10:24:01.239
6219,588aca26ed1bfc095abf2de16bf97b57,1192,88.0,3,1786591442239,2026-08-13T10:24:02.239
6220,588aca26ed1bfc095abf2de16bf97b57,1193,88.0,3,1786591443239,2026-08-13T10:24:03.239
6221,588aca26ed1bfc095abf2de16bf97b57,1194,88.0,3,1786591444239,2026-08-13T10:24:04.239
6222,588aca26ed1bfc095abf2de16bf97b57,1195,88.0,3,1786591445239,2026-08-13T10:24:05.239
6223,588aca26ed1bfc095abf2de16bf97b57,1196,88.0,3,1786591446239,2026-08-13T10:24:06.239
6224,588aca26ed1bfc095abf2de16bf97b57,1197,88.0,3,1786591447239,2026-08-13T10:24:07.239
6225,588aca26ed1bfc095abf2de16bf97b57,1198,89.0,3,1786591448240,2026-08-13T10:24:08.240
6226,588aca26ed1bfc095abf2de16bf97b57,1199,90.0,3,1786591449239,2026-08-13T10:24:09.239
6227,588aca26ed1bfc095abf2de16bf97b57,1200,91.0,3,1786591450239,2026-08-13T10:24:10.239
6228,588aca26ed1bfc095abf2de16bf97b57,1201,91.0,3,1786591451239,2026-08-13T10:24:11.239
6229,588aca26ed1bfc095abf2de16bf97b57,1202,92.0,3,1786591452240,2026-08-13T10:24:12.240
6230,588aca26ed1bfc095abf2de16bf97b57,1203,93.0,3,1786591453247,2026-08-13T10:24:13.247
6231,588aca26ed1bfc095abf2de16bf97b57,1204,92.0,3,1786591454249,2026-08-13T10:24:14.249
6232,588aca26ed1bfc095abf2de16bf97b57,1205,92.0,3,1786591455248,2026-08-13T10:24:15.248
6233,588aca26ed1bfc095abf2de16bf97b57,1206,91.0,3,1786591456247,2026-08-13T10:24:16.247
6234,588aca26ed1bfc095abf2de16bf97b57,1207,91.0,3,1786591457247,2026-08-13T10:24:17.247
6235,588aca26ed1bfc095abf2de16bf97b57,1208,91.0,3,1786591458247,2026-08-13T10:24:18.247
6236,588aca26ed1bfc095abf2de16bf97b57,1209,91.0,3,1786591459246,2026-08-13T10:24:19.246
6237,588aca26ed1bfc095abf2de16bf97b57,1210,90.0,3,1786591460246,2026-08-13T10:24:20.246
6238,588aca26ed1bfc095abf2de16bf97b57,1211,90.0,3,1786591461245,2026-08-13T10:24:21.245
6239,588aca26ed1bfc095abf2de16bf97b57,1212,89.0,3,1786591462247,2026-08-13T10:24:22.247
6240,588aca26ed1bfc095abf2de16bf97b57,1213,89.0,3,1786591463245,2026-08-13T10:24:23.245
6241,588aca26ed1bfc095abf2de16bf97b57,1214,89.0,3,1786591464245,2026-08-13T10:24:24.245
6242,588aca26ed1bfc095abf2de16bf97b57,1215,89.0,3,1786591465245,2026-08-13T10:24:25.245
6243,588aca26ed1bfc095abf2de16bf97b57,1216,89.0,3,1786591466245,2026-08-13T10:24:26.245
6244,588aca26ed1bfc095abf2de16bf97b57,1217,90.0,3,1786591467242,2026-08-13T10:24:27.242
6245,588aca26ed1bfc095abf2de16bf97b57,1218,90.0,3,1786591468243,2026-08-13T10:24:28.243
6246,588aca26ed1bfc095abf2de16bf97b57,1219,90.0,3,1786591469242,2026-08-13T10:24:29.242
6247,588aca26ed1bfc095abf2de16bf97b57,1220,90.0,3,1786591470242,2026-08-13T10:24:30.242
6248,588aca26ed1bfc095abf2de16bf97b57,1221,90.0,3,1786591471239,2026-08-13T10:24:31.239
6249,588aca26ed1bfc095abf2de16bf97b57,1222,90.0,3,1786591472246,2026-08-13T10:24:32.246
6250,588aca26ed1bfc095abf2de16bf97b57,1223,90.0,3,1786591473240,2026-08-13T10:24:33.240
6251,588aca26ed1bfc095abf2de16bf97b57,1224,90.0,3,1786591474240,2026-08-13T10:24:34.240
6252,588aca26ed1bfc095abf2de16bf97b57,1225,91.0,3,1786591475240,2026-08-13T10:24:35.240
6253,588aca26ed1bfc095abf2de16bf97b57,1226,91.0,3,1786591476241,2026-08-13T10:24:36.241
6254,588aca26ed1bfc095abf2de16bf97b57,1227,90.0,3,1786591477239,2026-08-13T10:24:37.239
6255,588aca26ed1bfc095abf2de16bf97b57,1228,90.0,3,1786591478239,2026-08-13T10:24:38.239
6256,588aca26ed1bfc095abf2de16bf97b57,1229,90.0,3,1786591479239,2026-08-13T10:24:39.239
6257,588aca26ed1bfc095abf2de16bf97b57,1230,90.0,3,1786591480240,2026-08-13T10:24:40.240
6258,588aca26ed1bfc095abf2de16bf97b57,1231,90.0,3,1786591481240,2026-08-13T10:24:41.240
6259,588aca26ed1bfc095abf2de16bf97b57,1232,90.0,3,1786591482239,2026-08-13T10:24:42.239
6260,588aca26ed1bfc095abf2de16bf97b57,1233,90.0,3,1786591483247,2026-08-13T10:24:43.247
6261,588aca26ed1bfc095abf2de16bf97b57,1234,90.0,3,1786591484239,2026-08-13T10:24:44.239
6262,588aca26ed1bfc095abf2de16bf97b57,1235,90.0,3,1786591485240,2026-08-13T10:24:45.240
6263,588aca26ed1bfc095abf2de16bf97b57,1236,89.0,3,1786591486239,2026-08-13T10:24:46.239
6264,588aca26ed1bfc095abf2de16bf97b57,1237,89.0,3,1786591487240,2026-08-13T10:24:47.240
6265,588aca26ed1bfc095abf2de16bf97b57,1238,89.0,3,1786591488252,2026-08-13T10:24:48.252
6266,588aca26ed1bfc095abf2de16bf97b57,1239,88.0,3,1786591489241,2026-08-13T10:24:49.241
6267,588aca26ed1bfc095abf2de16bf97b57,1240,87.0,3,1786591490242,2026-08-13T10:24:50.242
6268,588aca26ed1bfc095abf2de16bf97b57,1241,87.0,3,1786591491240,2026-08-13T10:24:51.240
6269,588aca26ed1bfc095abf2de16bf97b57,1242,87.0,3,1786591492240,2026-08-13T10:24:52.240
6270,588aca26ed1bfc095abf2de16bf97b57,1243,87.0,3,1786591493239,2026-08-13T10:24:53.239
6271,588aca26ed1bfc095abf2de16bf97b57,1244,86.0,3,1786591494240,2026-08-13T10:24:54.240
6272,588aca26ed1bfc095abf2de16bf97b57,1245,86.0,3,1786591495240,2026-08-13T10:24:55.240
6273,588aca26ed1bfc095abf2de16bf97b57,1246,86.0,3,1786591496239,2026-08-13T10:24:56.239
6274,588aca26ed1bfc095abf2de16bf97b57,1247,86.0,3,1786591497239,2026-08-13T10:24:57.239
6275,588aca26ed1bfc095abf2de16bf97b57,1248,86.0,3,1786591498241,2026-08-13T10:24:58.241
6276,588aca26ed1bfc095abf2de16bf97b57,1249,87.0,3,1786591499239,2026-08-13T10:24:59.239
6277,588aca26ed1bfc095abf2de16bf97b57,1250,88.0,3,1786591500239,2026-08-13T10:25:00.239
6278,588aca26ed1bfc095abf2de16bf97b57,1251,88.0,3,1786591501239,2026-08-13T10:25:01.239
6279,588aca26ed1bfc095abf2de16bf97b57,1252,88.0,3,1786591502247,2026-08-13T10:25:02.247
6280,588aca26ed1bfc095abf2de16bf97b57,1253,89.0,3,1786591503248,2026-08-13T10:25:03.248
