id,device_id,bpm,accuracy,time_ms,time_iso,synced,fresh
1,588aca26ed1bfc095abf2de16bf97b57,92.0,3,1786590249762,2026-08-13T10:04:09.762,1,1
2,588aca26ed1bfc095abf2de16bf97b57,93.0,3,1786590250762,2026-08-13T10:04:10.762,1,1
3,588aca26ed1bfc095abf2de16bf97b57,93.0,3,1786590251761,2026-08-13T10:04:11.761,1,1
4,588aca26ed1bfc095abf2de16bf97b57,93.0,3,1786590252761,2026-08-13T10:04:12.761,1,1
5,588aca26ed1bfc095abf2de16bf97b57,92.0,3,1786590253761,2026-08-13T10:04:13.761,1,1
6,588aca26ed1bfc095abf2de16bf97b57,91.0,3,1786590254762,2026-08-13T10:04:14.762,1,1
7,588aca26ed1bfc095abf2de16bf97b57,90.0,3,1786590255762,2026-08-13T10:04:15.762,1,1
8,588aca26ed1bfc095abf2de16bf97b57,89.0,3,1786590256761,2026-08-13T10:04:16.761,1,1
9,588aca26ed1bfc095abf2de16bf97b57,89.0,3,1786590257761,2026-08-13T10:04:17.761,1,1
10,588aca26ed1bfc095abf2de16bf97b57,89.0,3,1786590258761,2026-08-13T10:04:18.761,1,1
11,588aca26ed1bfc095abf2de16bf97b57,89.0,3,1786590259762,2026-08-13T10:04:19.762,1,1
12,588aca26ed1bfc095abf2de16bf97b57,89.0,3,1786590260761,2026-08-13T10:04:20.761,1,1
13,588aca26ed1bfc095abf2de16bf97b57,90.0,3,1786590261761,2026-08-13T10:04:21.761,1,1
14,588aca26ed1bfc095abf2de16bf97b57,90.0,3,1786590262761,2026-08-13T10:04:22.761,1,1
15,588aca26ed1bfc095abf2de16bf97b57,89.0,3,1786590263761,2026-08-13T10:04:23.761,1,1
16,588aca26ed1bfc095abf2de16bf97b57,89.0,3,1786590264761,2026-08-13T10:04:24.761,1,1
17,588aca26ed1bfc095abf2de16bf97b57,89.0,3,1786590265761,2026-08-13T10:04:25.761,1,1
18,588aca26ed1bfc095abf2de16bf97b57,90.0,3,1786590266763,2026-08-13T10:04:26.763,1,1
19,588aca26ed1bfc095abf2de16bf97b57,90.0,3,1786590267764,2026-08-13T10:04:27.764,1,1
20,588aca26ed1bfc095abf2de16bf97b57,90.0,3,1786590268761,2026-08-13T10:04:28.761,1,1
21,588aca26ed1bfc095abf2de16bf97b57,90.0,3,1786590269761,2026-08-13T10:04:29.761,1,1
22,588aca26ed1bfc095abf2de16bf97b57,90.0,3,1786590270761,2026-08-13T10:04:30.761,1,1
23,588aca26ed1bfc095abf2de16bf97b57,91.0,3,1786590271761,2026-08-13T10:04:31.761,1,1
24,588aca26ed1bfc095abf2de16bf97b57,92.0,3,1786590272761,2026-08-13T10:04:32.761,1,1
25,588aca26ed1bfc095abf2de16bf97b57,92.0,3,1786590273762,2026-08-13T10:04:33.762,1,1
26,588aca26ed1bfc095abf2de16bf97b57,92.0,3,1786590274761,2026-08-13T10:04:34.761,1,1
27,588aca26ed1bfc095abf2de16bf97b57,92.0,3,1786590275761,2026-08-13T10:04:35.761,1,1
28,588aca26ed1bfc095abf2de16bf97b57,92.0,3,1786590276761,2026-08-13T10:04:36.761,1,1
29,588aca26ed1bfc095abf2de16bf97b57,92.0,3,1786590277761,2026-08-13T10:04:37.761,1,1
30,588aca26ed1bfc095abf2de16bf97b57,91.0,3,1786590278764,2026-08-13T10:04:38.764,1,1
31,588aca26ed1bfc095abf2de16bf97b57,91.0,3,1786590279761,2026-08-13T10:04:39.761,1,1
32,588aca26ed1bfc095abf2de16bf97b57,91.0,3,1786590280761,2026-08-13T10:04:40.761,1,1
33,588aca26ed1bfc095abf2de16bf97b57,90.0,3,1786590281761,2026-08-13T10:04:41.761,1,1
34,588aca26ed1bfc095abf2de16bf97b57,90.0,3,1786590282761,2026-08-13T10:04:42.761,1,1
35,588aca26ed1bfc095abf2de16bf97b57,90.0,3,1786590283761,2026-08-13T10:04:43.761,1,1
36,588aca26ed1bfc095abf2de16bf97b57,90.0,3,1786590284761,2026-08-13T10:04:44.761,1,1
37,588aca26ed1bfc095abf2de16bf97b57,90.0,3,1786590285761,2026-08-13T10:04:45.761,1,1
38,588aca26ed1bfc095abf2de16bf97b57,90.0,3,1786590286771,2026-08-13T10:04:46.771,1,1
39,588aca26ed1bfc095abf2de16bf97b57,89.0,3,1786590287772,2026-08-13T10:04:47.772,1,1
40,588aca26ed1bfc095abf2de16bf97b57,89.0,3,1786590288767,2026-08-13T10:04:48.767,1,1
41,588aca26ed1bfc095abf2de16bf97b57,88.0,3,1786590289768,2026-08-13T10:04:49.768,1,1
42,588aca26ed1bfc095abf2de16bf97b57,88.0,3,1786590290766,2026-08-13T10:04:50.766,1,1
43,588aca26ed1bfc095abf2de16bf97b57,88.0,3,1786590291763,2026-08-13T10:04:51.763,1,1
44,588aca26ed1bfc095abf2de16bf97b57,88.0,3,1786590292761,2026-08-13T10:04:52.761,1,1
45,588aca26ed1bfc095abf2de16bf97b57,88.0,3,1786590293762,2026-08-13T10:04:53.762,1,1
46,588aca26ed1bfc095abf2de16bf97b57,88.0,3,1786590294762,2026-08-13T10:04:54.762,1,1
47,588aca26ed1bfc095abf2de16bf97b57,88.0,3,1786590295761,2026-08-13T10:04:55.761,1,1
48,588aca26ed1bfc095abf2de16bf97b57,88.0,3,1786590296762,2026-08-13T10:04:56.762,1,1
49,588aca26ed1bfc095abf2de16bf97b57,88.0,3,1786590297761,2026-08-13T10:04:57.761,1,1
50,588aca26ed1bfc095abf2de16bf97b57,88.0,3,1786590298762,2026-08-13T10:04:58.762,1,1
51,588aca26ed1bfc095abf2de16bf97b57,88.0,3,1786590299763,2026-08-13T10:04:59.763,1,1
52,588aca26ed1bfc095abf2de16bf97b57,88.0,3,1786590300762,2026-08-13T10:05:00.762,1,1
53,588aca26ed1bfc095abf2de16bf97b57,88.0,3,1786590301761,2026-08-13T10:05:01.761,1,1
54,588aca26ed1bfc095abf2de16bf97b57,88.0,3,1786590302762,2026-08-13T10:05:02.762,1,1
55,588aca26ed1bfc095abf2de16bf97b57,87.0,3,1786590303761,2026-08-13T10:05:03.761,1,1
56,588aca26ed1bfc095abf2de16bf97b57,87.0,3,1786590304761,2026-08-13T10:05:04.761,1,1
57,588aca26ed1bfc095abf2de16bf97b57,87.0,3,1786590305761,2026-08-13T10:05:05.761,1,1
58,588aca26ed1bfc095abf2de16bf97b57,86.0,3,1786590306761,2026-08-13T10:05:06.761,1,1
59,588aca26ed1bfc095abf2de16bf97b57,86.0,3,1786590307763,2026-08-13T10:05:07.763,1,1
60,588aca26ed1bfc095abf2de16bf97b57,86.0,3,1786590308765,2026-08-13T10:05:08.765,1,1
61,588aca26ed1bfc095abf2de16bf97b57,86.0,3,1786590309764,2026-08-13T10:05:09.764,1,1
62,588aca26ed1bfc095abf2de16bf97b57,86.0,3,1786590310763,2026-08-13T10:05:10.763,1,1
63,588aca26ed1bfc095abf2de16bf97b57,87.0,3,1786590311764,2026-08-13T10:05:11.764,1,1
64,588aca26ed1bfc095abf2de16bf97b57,86.0,3,1786590312762,2026-08-13T10:05:12.762,1,1
65,588aca26ed1bfc095abf2de16bf97b57,87.0,3,1786590313762,2026-08-13T10:05:13.762,1,1
66,588aca26ed1bfc095abf2de16bf97b57,86.0,3,1786590314762,2026-08-13T10:05:14.762,1,1
67,588aca26ed1bfc095abf2de16bf97b57,87.0,3,1786590315762,2026-08-13T10:05:15.762,1,1
68,588aca26ed1bfc095abf2de16bf97b57,88.0,3,1786590316762,2026-08-13T10:05:16.762,1,1
69,588aca26ed1bfc095abf2de16bf97b57,89.0,3,1786590317762,2026-08-13T10:05:17.762,1,1
70,588aca26ed1bfc095abf2de16bf97b57,89.0,3,1786590318761,2026-08-13T10:05:18.761,1,1
71,588aca26ed1bfc095abf2de16bf97b57,90.0,3,1786590319762,2026-08-13T10:05:19.762,1,1
72,588aca26ed1bfc095abf2de16bf97b57,91.0,3,1786590320761,2026-08-13T10:05:20.761,1,1
73,588aca26ed1bfc095abf2de16bf97b57,92.0,3,1786590321761,2026-08-13T10:05:21.761,1,1
74,588aca26ed1bfc095abf2de16bf97b57,92.0,3,1786590322762,2026-08-13T10:05:22.762,1,1
75,588aca26ed1bfc095abf2de16bf97b57,92.0,3,1786590323762,2026-08-13T10:05:23.762,1,1
76,588aca26ed1bfc095abf2de16bf97b57,92.0,3,1786590324762,2026-08-13T10:05:24.762,1,1
77,588aca26ed1bfc095abf2de16bf97b57,92.0,3,1786590325761,2026-08-13T10:05:25.761,1,1
78,588aca26ed1bfc095abf2de16bf97b57,91.0,3,1786590326762,2026-08-13T10:05:26.762,1,1
79,588aca26ed1bfc095abf2de16bf97b57,90.0,3,1786590327761,2026-08-13T10:05:27.761,1,1
80,588aca26ed1bfc095abf2de16bf97b57,89.0,3,1786590328762,2026-08-13T10:05:28.762,1,1
81,588aca26ed1bfc095abf2de16bf97b57,89.0,3,1786590329761,2026-08-13T10:05:29.761,1,1
82,588aca26ed1bfc095abf2de16bf97b57,89.0,3,1786590330761,2026-08-13T10:05:30.761,1,1
83,588aca26ed1bfc095abf2de16bf97b57,89.0,3,1786590331761,2026-08-13T10:05:31.761,1,1
84,588aca26ed1bfc095abf2de16bf97b57,90.0,3,1786590332761,2026-08-13T10:05:32.761,1,1
85,588aca26ed1bfc095abf2de16bf97b57,89.0,3,1786590333761,2026-08-13T10:05:33.761,1,1
86,588aca26ed1bfc095abf2de16bf97b57,88.0,3,1786590334770,2026-08-13T10:05:34.770,1,1
87,588aca26ed1bfc095abf2de16bf97b57,87.0,3,1786590335762,2026-08-13T10:05:35.762,1,1
88,588aca26ed1bfc095abf2de16bf97b57,87.0,3,1786590336767,2026-08-13T10:05:36.767,1,1
89,588aca26ed1bfc095abf2de16bf97b57,87.0,3,1786590337762,2026-08-13T10:05:37.762,1,1
90,588aca26ed1bfc095abf2de16bf97b57,87.0,3,1786590338761,2026-08-13T10:05:38.761,1,1
91,588aca26ed1bfc095abf2de16bf97b57,88.0,3,1786590339762,2026-08-13T10:05:39.762,1,1
92,588aca26ed1bfc095abf2de16bf97b57,90.0,3,1786590340763,2026-08-13T10:05:40.763,1,1
93,588aca26ed1bfc095abf2de16bf97b57,90.0,3,1786590341761,2026-08-13T10:05:41.761,1,1
94,588aca26ed1bfc095abf2de16bf97b57,90.0,3,1786590342762,2026-08-13T10:05:42.762,1,1
95,588aca26ed1bfc095abf2de16bf97b57,88.0,3,1786590343762,2026-08-13T10:05:43.762,1,1
96,588aca26ed1bfc095abf2de16bf97b57,87.0,3,1786590344762,2026-08-13T10:05:44.762,1,1
97,588aca26ed1bfc095abf2de16bf97b57,85.0,3,1786590345762,2026-08-13T10:05:45.762,1,1
98,588aca26ed1bfc095abf2de16bf97b57,84.0,3,1786590346761,2026-08-13T10:05:46.761,1,1
99,588aca26ed1bfc095abf2de16bf97b57,84.0,3,1786590347762,2026-08-13T10:05:47.762,1,1
100,588aca26ed1bfc095abf2de16bf97b57,84.0,3,1786590348762,2026-08-13T10:05:48.762,1,1
101,588aca26ed1bfc095abf2de16bf97b57,85.0,3,1786590349761,2026-08-13T10:05:49.761,1,1
102,588aca26ed1bfc095abf2de16bf97b57,86.0,3,1786590350761,2026-08-13T10:05:50.761,1,1
103,588aca26ed1bfc095abf2de16bf97b57,86.0,3,1786590351770,2026-08-13T10:05:51.770,1,1
104,588aca26ed1bfc095abf2de16bf97b57,86.0,3,1786590352764,2026-08-13T10:05:52.764,1,1
105,588aca26ed1bfc095abf2de16bf97b57,86.0,3,1786590353761,2026-08-13T10:05:53.761,1,1
106,588aca26ed1bfc095abf2de16bf97b57,87.0,3,1786590354761,2026-08-13T10:05:54.761,1,1
107,588aca26ed1bfc095abf2de16bf97b57,87.0,3,1786590355761,2026-08-13T10:05:55.761,1,1
108,588aca26ed1bfc095abf2de16bf97b57,88.0,3,1786590356766,2026-08-13T10:05:56.766,1,1
109,588aca26ed1bfc095abf2de16bf97b57,88.0,3,1786590357761,2026-08-13T10:05:57.761,1,1
110,588aca26ed1bfc095abf2de16bf97b57,88.0,3,1786590358761,2026-08-13T10:05:58.761,1,1
111,588aca26ed1bfc095abf2de16bf97b57,87.0,3,1786590359763,2026-08-13T10:05:59.763,1,1
112,588aca26ed1bfc095abf2de16bf97b57,88.0,3,1786590360762,2026-08-13T10:06:00.762,1,1
113,588aca26ed1bfc095abf2de16bf97b57,88.0,3,1786590361762,2026-08-13T10:06:01.762,1,1
114,588aca26ed1bfc095abf2de16bf97b57,88.0,3,1786590362761,2026-08-13T10:06:02.761,1,1
115,588aca26ed1bfc095abf2de16bf97b57,88.0,3,1786590363762,2026-08-13T10:06:03.762,1,1
116,588aca26ed1bfc095abf2de16bf97b57,88.0,3,1786590364762,2026-08-13T10:06:04.762,1,1
117,588aca26ed1bfc095abf2de16bf97b57,89.0,3,1786590365766,2026-08-13T10:06:05.766,1,1
118,588aca26ed1bfc095abf2de16bf97b57,89.0,3,1786590366768,2026-08-13T10:06:06.768,1,1
119,588aca26ed1bfc095abf2de16bf97b57,89.0,3,1786590367761,2026-08-13T10:06:07.761,1,1
120,588aca26ed1bfc095abf2de16bf97b57,89.0,3,1786590368763,2026-08-13T10:06:08.763,1,1
121,588aca26ed1bfc095abf2de16bf97b57,89.0,3,1786590369763,2026-08-13T10:06:09.763,1,1
122,588aca26ed1bfc095abf2de16bf97b57,88.0,3,1786590370761,2026-08-13T10:06:10.761,1,1
123,588aca26ed1bfc095abf2de16bf97b57,88.0,3,1786590371761,2026-08-13T10:06:11.761,1,1
124,588aca26ed1bfc095abf2de16bf97b57,89.0,3,1786590372761,2026-08-13T10:06:12.761,1,1
125,588aca26ed1bfc095abf2de16bf97b57,89.0,3,1786590373763,2026-08-13T10:06:13.763,1,1
126,588aca26ed1bfc095abf2de16bf97b57,89.0,3,1786590374762,2026-08-13T10:06:14.762,1,1
127,588aca26ed1bfc095abf2de16bf97b57,90.0,3,1786590375762,2026-08-13T10:06:15.762,1,1
128,588aca26ed1bfc095abf2de16bf97b57,90.0,3,1786590376762,2026-08-13T10:06:16.762,1,1
129,588aca26ed1bfc095abf2de16bf97b57,89.0,3,1786590377761,2026-08-13T10:06:17.761,1,1
130,588aca26ed1bfc095abf2de16bf97b57,89.0,3,1786590378761,2026-08-13T10:06:18.761,1,1
131,588aca26ed1bfc095abf2de16bf97b57,89.0,3,1786590379762,2026-08-13T10:06:19.762,1,1
132,588aca26ed1bfc095abf2de16bf97b57,89.0,3,1786590380762,2026-08-13T10:06:20.762,1,1
133,588aca26ed1bfc095abf2de16bf97b57,89.0,3,1786590381765,2026-08-13T10:06:21.765,1,1
134,588aca26ed1bfc095abf2de16bf97b57,89.0,3,1786590382761,2026-08-13T10:06:22.761,1,1
135,588aca26ed1bfc095abf2de16bf97b57,89.0,3,1786590383762,2026-08-13T10:06:23.762,1,1
136,588aca26ed1bfc095abf2de16bf97b57,89.0,3,1786590384762,2026-08-13T10:06:24.762,1,1
137,588aca26ed1bfc095abf2de16bf97b57,89.0,3,1786590385761,2026-08-13T10:06:25.761,1,1
138,588aca26ed1bfc095abf2de16bf97b57,89.0,3,1786590386761,2026-08-13T10:06:26.761,1,1
139,588aca26ed1bfc095abf2de16bf97b57,89.0,3,1786590387762,2026-08-13T10:06:27.762,1,1
140,588aca26ed1bfc095abf2de16bf97b57,88.0,3,1786590388762,2026-08-13T10:06:28.762,1,1
141,588aca26ed1bfc095abf2de16bf97b57,88.0,3,1786590389775,2026-08-13T10:06:29.775,1,1
142,588aca26ed1bfc095abf2de16bf97b57,88.0,3,1786590390779,2026-08-13T10:06:30.779,1,1
143,588aca26ed1bfc095abf2de16bf97b57,89.0,3,1786590391778,2026-08-13T10:06:31.778,1,1
144,588aca26ed1bfc095abf2de16bf97b57,89.0,3,1786590392773,2026-08-13T10:06:32.773,1,1
145,588aca26ed1bfc095abf2de16bf97b57,89.0,3,1786590393761,2026-08-13T10:06:33.761,1,1
146,588aca26ed1bfc095abf2de16bf97b57,89.0,3,1786590394764,2026-08-13T10:06:34.764,1,0
147,588aca26ed1bfc095abf2de16bf97b57,90.0,3,1786590395762,2026-08-13T10:06:35.762,1,1
148,588aca26ed1bfc095abf2de16bf97b57,90.0,3,1786590396763,2026-08-13T10:06:36.763,1,1
149,588aca26ed1bfc095abf2de16bf97b57,90.0,3,1786590397761,2026-08-13T10:06:37.761,1,1
150,588aca26ed1bfc095abf2de16bf97b57,90.0,3,1786590398763,2026-08-13T10:06:38.763,1,1
151,588aca26ed1bfc095abf2de16bf97b57,90.0,3,1786590399763,2026-08-13T10:06:39.763,1,1
152,588aca26ed1bfc095abf2de16bf97b57,89.0,3,1786590400761,2026-08-13T10:06:40.761,1,1
153,588aca26ed1bfc095abf2de16bf97b57,89.0,3,1786590401761,2026-08-13T10:06:41.761,1,1
154,588aca26ed1bfc095abf2de16bf97b57,89.0,3,1786590402762,2026-08-13T10:06:42.762,1,1
155,588aca26ed1bfc095abf2de16bf97b57,88.0,3,1786590403761,2026-08-13T10:06:43.761,1,1
156,588aca26ed1bfc095abf2de16bf97b57,88.0,3,1786590404762,2026-08-13T10:06:44.762,1,1
157,588aca26ed1bfc095abf2de16bf97b57,87.0,3,1786590405763,2026-08-13T10:06:45.763,1,1
158,588aca26ed1bfc095abf2de16bf97b57,87.0,3,1786590406761,2026-08-13T10:06:46.761,1,1
159,588aca26ed1bfc095abf2de16bf97b57,87.0,3,1786590407773,2026-08-13T10:06:47.773,1,1
160,588aca26ed1bfc095abf2de16bf97b57,87.0,3,1786590408768,2026-08-13T10:06:48.768,1,1
161,588aca26ed1bfc095abf2de16bf97b57,88.0,3,1786590409766,2026-08-13T10:06:49.766,1,1
162,588aca26ed1bfc095abf2de16bf97b57,88.0,3,1786590410762,2026-08-13T10:06:50.762,1,1
163,588aca26ed1bfc095abf2de16bf97b57,89.0,3,1786590411763,2026-08-13T10:06:51.763,1,1
164,588aca26ed1bfc095abf2de16bf97b57,89.0,3,1786590412762,2026-08-13T10:06:52.762,1,1
165,588aca26ed1bfc095abf2de16bf97b57,90.0,3,1786590413761,2026-08-13T10:06:53.761,1,1
166,588aca26ed1bfc095abf2de16bf97b57,91.0,3,1786590414761,2026-08-13T10:06:54.761,1,1
167,588aca26ed1bfc095abf2de16bf97b57,92.0,3,1786590415762,2026-08-13T10:06:55.762,1,1
168,588aca26ed1bfc095abf2de16bf97b57,92.0,3,1786590416762,2026-08-13T10:06:56.762,1,1
169,588aca26ed1bfc095abf2de16bf97b57,92.0,3,1786590417761,2026-08-13T10:06:57.761,1,1
170,588aca26ed1bfc095abf2de16bf97b57,92.0,3,1786590418761,2026-08-13T10:06:58.761,1,1
171,588aca26ed1bfc095abf2de16bf97b57,92.0,3,1786590419761,2026-08-13T10:06:59.761,1,1
172,588aca26ed1bfc095abf2de16bf97b57,92.0,3,1786590420762,2026-08-13T10:07:00.762,1,1
173,588aca26ed1bfc095abf2de16bf97b57,92.0,3,1786590421761,2026-08-13T10:07:01.761,1,1
174,588aca26ed1bfc095abf2de16bf97b57,92.0,3,1786590422761,2026-08-13T10:07:02.761,1,1
175,588aca26ed1bfc095abf2de16bf97b57,91.0,3,1786590423761,2026-08-13T10:07:03.761,1,1
176,588aca26ed1bfc095abf2de16bf97b57,91.0,3,1786590424762,2026-08-13T10:07:04.762,1,1
177,588aca26ed1bfc095abf2de16bf97b57,90.0,3,1786590425762,2026-08-13T10:07:05.762,1,1
178,588aca26ed1bfc095abf2de16bf97b57,90.0,3,1786590426764,2026-08-13T10:07:06.764,1,1
179,588aca26ed1bfc095abf2de16bf97b57,89.0,3,1786590427761,2026-08-13T10:07:07.761,1,1
180,588aca26ed1bfc095abf2de16bf97b57,89.0,3,1786590428761,2026-08-13T10:07:08.761,1,1
181,588aca26ed1bfc095abf2de16bf97b57,89.0,3,1786590429761,2026-08-13T10:07:09.761,1,1
182,588aca26ed1bfc095abf2de16bf97b57,88.0,3,1786590430761,2026-08-13T10:07:10.761,1,1
183,588aca26ed1bfc095abf2de16bf97b57,88.0,3,1786590431761,2026-08-13T10:07:11.761,1,1
184,588aca26ed1bfc095abf2de16bf97b57,88.0,3,1786590432761,2026-08-13T10:07:12.761,1,1
185,588aca26ed1bfc095abf2de16bf97b57,88.0,3,1786590433762,2026-08-13T10:07:13.762,1,1
186,588aca26ed1bfc095abf2de16bf97b57,88.0,3,1786590434761,2026-08-13T10:07:14.761,1,1
187,588aca26ed1bfc095abf2de16bf97b57,87.0,3,1786590435761,2026-08-13T10:07:15.761,1,1
188,588aca26ed1bfc095abf2de16bf97b57,87.0,3,1786590436762,2026-08-13T10:07:16.762,1,1
189,588aca26ed1bfc095abf2de16bf97b57,87.0,3,1786590437763,2026-08-13T10:07:17.763,1,1
190,588aca26ed1bfc095abf2de16bf97b57,87.0,3,1786590438762,2026-08-13T10:07:18.762,1,1
191,588aca26ed1bfc095abf2de16bf97b57,87.0,3,1786590439767,2026-08-13T10:07:19.767,1,1
192,588aca26ed1bfc095abf2de16bf97b57,87.0,3,1786590440766,2026-08-13T10:07:20.766,1,1
193,588aca26ed1bfc095abf2de16bf97b57,87.0,3,1786590441766,2026-08-13T10:07:21.766,1,1
194,588aca26ed1bfc095abf2de16bf97b57,88.0,3,1786590442766,2026-08-13T10:07:22.766,1,1
195,588aca26ed1bfc095abf2de16bf97b57,88.0,3,1786590443762,2026-08-13T10:07:23.762,1,1
196,588aca26ed1bfc095abf2de16bf97b57,87.0,3,1786590444762,2026-08-13T10:07:24.762,1,1
197,588aca26ed1bfc095abf2de16bf97b57,87.0,3,1786590445762,2026-08-13T10:07:25.762,1,1
198,588aca26ed1bfc095abf2de16bf97b57,87.0,3,1786590446762,2026-08-13T10:07:26.762,1,1
199,588aca26ed1bfc095abf2de16bf97b57,86.0,3,1786590447761,2026-08-13T10:07:27.761,1,1
200,588aca26ed1bfc095abf2de16bf97b57,86.0,3,1786590448763,2026-08-13T10:07:28.763,1,1
201,588aca26ed1bfc095abf2de16bf97b57,87.0,3,1786590449762,2026-08-13T10:07:29.762,1,1
202,588aca26ed1bfc095abf2de16bf97b57,87.0,3,1786590450764,2026-08-13T10:07:30.764,1,1
203,588aca26ed1bfc095abf2de16bf97b57,87.0,3,1786590451762,2026-08-13T10:07:31.762,1,1
204,588aca26ed1bfc095abf2de16bf97b57,88.0,3,1786590452761,2026-08-13T10:07:32.761,1,1
205,588aca26ed1bfc095abf2de16bf97b57,88.0,3,1786590453762,2026-08-13T10:07:33.762,1,1
206,588aca26ed1bfc095abf2de16bf97b57,89.0,3,1786590454761,2026-08-13T10:07:34.761,1,1
207,588aca26ed1bfc095abf2de16bf97b57,89.0,3,1786590455761,2026-08-13T10:07:35.761,1,1
208,588aca26ed1bfc095abf2de16bf97b57,89.0,3,1786590456763,2026-08-13T10:07:36.763,1,1
209,588aca26ed1bfc095abf2de16bf97b57,89.0,3,1786590457762,2026-08-13T10:07:37.762,1,1
210,588aca26ed1bfc095abf2de16bf97b57,89.0,3,1786590458762,2026-08-13T10:07:38.762,1,1
211,588aca26ed1bfc095abf2de16bf97b57,90.0,3,1786590459761,2026-08-13T10:07:39.761,1,1
212,588aca26ed1bfc095abf2de16bf97b57,90.0,3,1786590460762,2026-08-13T10:07:40.762,1,1
213,588aca26ed1bfc095abf2de16bf97b57,90.0,3,1786590461762,2026-08-13T10:07:41.762,1,1
214,588aca26ed1bfc095abf2de16bf97b57,90.0,3,1786590462762,2026-08-13T10:07:42.762,1,1
215,588aca26ed1bfc095abf2de16bf97b57,90.0,3,1786590463761,2026-08-13T10:07:43.761,1,1
216,588aca26ed1bfc095abf2de16bf97b57,89.0,3,1786590464762,2026-08-13T10:07:44.762,1,1
217,588aca26ed1bfc095abf2de16bf97b57,89.0,3,1786590465767,2026-08-13T10:07:45.767,1,1
218,588aca26ed1bfc095abf2de16bf97b57,89.0,3,1786590466766,2026-08-13T10:07:46.766,1,1
219,588aca26ed1bfc095abf2de16bf97b57,88.0,3,1786590467769,2026-08-13T10:07:47.769,1,1
220,588aca26ed1bfc095abf2de16bf97b57,88.0,3,1786590468765,2026-08-13T10:07:48.765,1,1
221,588aca26ed1bfc095abf2de16bf97b57,88.0,3,1786590469763,2026-08-13T10:07:49.763,1,1
222,588aca26ed1bfc095abf2de16bf97b57,88.0,3,1786590470766,2026-08-13T10:07:50.766,1,1
223,588aca26ed1bfc095abf2de16bf97b57,88.0,3,1786590471765,2026-08-13T10:07:51.765,1,1
224,588aca26ed1bfc095abf2de16bf97b57,88.0,3,1786590472764,2026-08-13T10:07:52.764,1,1
225,588aca26ed1bfc095abf2de16bf97b57,88.0,3,1786590473763,2026-08-13T10:07:53.763,1,1
226,588aca26ed1bfc095abf2de16bf97b57,88.0,3,1786590474761,2026-08-13T10:07:54.761,1,1
227,588aca26ed1bfc095abf2de16bf97b57,88.0,3,1786590475762,2026-08-13T10:07:55.762,1,1
228,588aca26ed1bfc095abf2de16bf97b57,88.0,3,1786590476761,2026-08-13T10:07:56.761,1,1
229,588aca26ed1bfc095abf2de16bf97b57,88.0,3,1786590477763,2026-08-13T10:07:57.763,1,1
230,588aca26ed1bfc095abf2de16bf97b57,88.0,3,1786590478763,2026-08-13T10:07:58.763,1,1
231,588aca26ed1bfc095abf2de16bf97b57,88.0,3,1786590479762,2026-08-13T10:07:59.762,1,1
232,588aca26ed1bfc095abf2de16bf97b57,89.0,3,1786590480762,2026-08-13T10:08:00.762,1,1
233,588aca26ed1bfc095abf2de16bf97b57,89.0,3,1786590481762,2026-08-13T10:08:01.762,1,1
234,588aca26ed1bfc095abf2de16bf97b57,89.0,3,1786590482762,2026-08-13T10:08:02.762,1,1
235,588aca26ed1bfc095abf2de16bf97b57,89.0,3,1786590483762,2026-08-13T10:08:03.762,1,1
236,588aca26ed1bfc095abf2de16bf97b57,89.0,3,1786590484762,2026-08-13T10:08:04.762,1,1
237,588aca26ed1bfc095abf2de16bf97b57,88.0,3,1786590485761,2026-08-13T10:08:05.761,1,1
238,588aca26ed1bfc095abf2de16bf97b57,88.0,3,1786590486761,2026-08-13T10:08:06.761,1,1
239,588aca26ed1bfc095abf2de16bf97b57,88.0,3,1786590487761,2026-08-13T10:08:07.761,1,1
240,588aca26ed1bfc095abf2de16bf97b57,88.0,3,1786590488761,2026-08-13T10:08:08.761,1,1
241,588aca26ed1bfc095abf2de16bf97b57,88.0,3,1786590489764,2026-08-13T10:08:09.764,1,1
242,588aca26ed1bfc095abf2de16bf97b57,88.0,3,1786590490762,2026-08-13T10:08:10.762,1,1
243,588aca26ed1bfc095abf2de16bf97b57,88.0,3,1786590491771,2026-08-13T10:08:11.771,1,1
244,588aca26ed1bfc095abf2de16bf97b57,89.0,3,1786590492769,2026-08-13T10:08:12.769,1,1
245,588aca26ed1bfc095abf2de16bf97b57,89.0,3,1786590493769,2026-08-13T10:08:13.769,1,1
246,588aca26ed1bfc095abf2de16bf97b57,89.0,3,1786590494762,2026-08-13T10:08:14.762,1,1
247,588aca26ed1bfc095abf2de16bf97b57,89.0,3,1786590495767,2026-08-13T10:08:15.767,1,1
248,588aca26ed1bfc095abf2de16bf97b57,89.0,3,1786590496765,2026-08-13T10:08:16.765,1,1
249,588aca26ed1bfc095abf2de16bf97b57,90.0,3,1786590497765,2026-08-13T10:08:17.765,1,1
250,588aca26ed1bfc095abf2de16bf97b57,90.0,3,1786590498762,2026-08-13T10:08:18.762,1,1
251,588aca26ed1bfc095abf2de16bf97b57,91.0,3,1786590499762,2026-08-13T10:08:19.762,1,1
252,588aca26ed1bfc095abf2de16bf97b57,92.0,3,1786590500761,2026-08-13T10:08:20.761,1,1
253,588aca26ed1bfc095abf2de16bf97b57,92.0,3,1786590501762,2026-08-13T10:08:21.762,1,1
254,588aca26ed1bfc095abf2de16bf97b57,92.0,3,1786590502761,2026-08-13T10:08:22.761,1,1
255,588aca26ed1bfc095abf2de16bf97b57,92.0,3,1786590503762,2026-08-13T10:08:23.762,1,1
256,588aca26ed1bfc095abf2de16bf97b57,91.0,3,1786590504763,2026-08-13T10:08:24.763,1,1
257,588aca26ed1bfc095abf2de16bf97b57,90.0,3,1786590505762,2026-08-13T10:08:25.762,1,1
258,588aca26ed1bfc095abf2de16bf97b57,89.0,3,1786590506761,2026-08-13T10:08:26.761,1,1
259,588aca26ed1bfc095abf2de16bf97b57,89.0,3,1786590507762,2026-08-13T10:08:27.762,1,1
260,588aca26ed1bfc095abf2de16bf97b57,88.0,3,1786590508762,2026-08-13T10:08:28.762,1,1
261,588aca26ed1bfc095abf2de16bf97b57,87.0,3,1786590509762,2026-08-13T10:08:29.762,1,1
262,588aca26ed1bfc095abf2de16bf97b57,87.0,3,1786590510762,2026-08-13T10:08:30.762,1,1
263,588aca26ed1bfc095abf2de16bf97b57,87.0,3,1786590511761,2026-08-13T10:08:31.761,1,1
264,588aca26ed1bfc095abf2de16bf97b57,87.0,3,1786590512761,2026-08-13T10:08:32.761,1,1
265,588aca26ed1bfc095abf2de16bf97b57,86.0,3,1786590513761,2026-08-13T10:08:33.761,1,1
266,588aca26ed1bfc095abf2de16bf97b57,86.0,3,1786590514771,2026-08-13T10:08:34.771,1,1
267,588aca26ed1bfc095abf2de16bf97b57,86.0,3,1786590515769,2026-08-13T10:08:35.769,1,1
268,588aca26ed1bfc095abf2de16bf97b57,87.0,3,1786590516767,2026-08-13T10:08:36.767,1,1
269,588aca26ed1bfc095abf2de16bf97b57,87.0,3,1786590517766,2026-08-13T10:08:37.766,1,1
270,588aca26ed1bfc095abf2de16bf97b57,87.0,3,1786590518763,2026-08-13T10:08:38.763,1,1
271,588aca26ed1bfc095abf2de16bf97b57,87.0,3,1786590519761,2026-08-13T10:08:39.761,1,1
272,588aca26ed1bfc095abf2de16bf97b57,86.0,3,1786590520761,2026-08-13T10:08:40.761,1,1
273,588aca26ed1bfc095abf2de16bf97b57,86.0,3,1786590521762,2026-08-13T10:08:41.762,1,1
274,588aca26ed1bfc095abf2de16bf97b57,86.0,3,1786590522764,2026-08-13T10:08:42.764,1,1
275,588aca26ed1bfc095abf2de16bf97b57,86.0,3,1786590523762,2026-08-13T10:08:43.762,1,1
276,588aca26ed1bfc095abf2de16bf97b57,86.0,3,1786590524763,2026-08-13T10:08:44.763,1,1
277,588aca26ed1bfc095abf2de16bf97b57,86.0,3,1786590525762,2026-08-13T10:08:45.762,1,1
278,588aca26ed1bfc095abf2de16bf97b57,86.0,3,1786590526762,2026-08-13T10:08:46.762,1,1
279,588aca26ed1bfc095abf2de16bf97b57,86.0,3,1786590527762,2026-08-13T10:08:47.762,1,1
280,588aca26ed1bfc095abf2de16bf97b57,86.0,3,1786590528762,2026-08-13T10:08:48.762,1,1
281,588aca26ed1bfc095abf2de16bf97b57,86.0,3,1786590529761,2026-08-13T10:08:49.761,1,1
282,588aca26ed1bfc095abf2de16bf97b57,86.0,3,1786590530761,2026-08-13T10:08:50.761,1,1
283,588aca26ed1bfc095abf2de16bf97b57,86.0,3,1786590531765,2026-08-13T10:08:51.765,1,1
284,588aca26ed1bfc095abf2de16bf97b57,87.0,3,1786590532768,2026-08-13T10:08:52.768,1,1
285,588aca26ed1bfc095abf2de16bf97b57,87.0,3,1786590533765,2026-08-13T10:08:53.765,1,1
286,588aca26ed1bfc095abf2de16bf97b57,88.0,3,1786590534767,2026-08-13T10:08:54.767,1,1
287,588aca26ed1bfc095abf2de16bf97b57,89.0,3,1786590535762,2026-08-13T10:08:55.762,1,1
288,588aca26ed1bfc095abf2de16bf97b57,89.0,3,1786590536763,2026-08-13T10:08:56.763,1,1
289,588aca26ed1bfc095abf2de16bf97b57,90.0,3,1786590537762,2026-08-13T10:08:57.762,1,1
290,588aca26ed1bfc095abf2de16bf97b57,90.0,3,1786590538762,2026-08-13T10:08:58.762,1,1
291,588aca26ed1bfc095abf2de16bf97b57,90.0,3,1786590539762,2026-08-13T10:08:59.762,1,1
292,588aca26ed1bfc095abf2de16bf97b57,90.0,3,1786590540762,2026-08-13T10:09:00.762,1,1
293,588aca26ed1bfc095abf2de16bf97b57,90.0,3,1786590541761,2026-08-13T10:09:01.761,1,1
294,588aca26ed1bfc095abf2de16bf97b57,89.0,3,1786590542761,2026-08-13T10:09:02.761,1,1
295,588aca26ed1bfc095abf2de16bf97b57,89.0,3,1786590543762,2026-08-13T10:09:03.762,1,1
296,588aca26ed1bfc095abf2de16bf97b57,89.0,3,1786590544761,2026-08-13T10:09:04.761,1,1
297,588aca26ed1bfc095abf2de16bf97b57,89.0,3,1786590545762,2026-08-13T10:09:05.762,1,1
298,588aca26ed1bfc095abf2de16bf97b57,89.0,3,1786590546762,2026-08-13T10:09:06.762,1,1
299,588aca26ed1bfc095abf2de16bf97b57,90.0,3,1786590547762,2026-08-13T10:09:07.762,1,1
300,588aca26ed1bfc095abf2de16bf97b57,90.0,3,1786590548761,2026-08-13T10:09:08.761,1,1
301,588aca26ed1bfc095abf2de16bf97b57,90.0,3,1786590549762,2026-08-13T10:09:09.762,1,1
302,588aca26ed1bfc095abf2de16bf97b57,89.0,3,1786590550769,2026-08-13T10:09:10.769,1,1
303,588aca26ed1bfc095abf2de16bf97b57,89.0,3,1786590551770,2026-08-13T10:09:11.770,1,1
304,588aca26ed1bfc095abf2de16bf97b57,90.0,3,1786590552767,2026-08-13T10:09:12.767,1,1
305,588aca26ed1bfc095abf2de16bf97b57,90.0,3,1786590553767,2026-08-13T10:09:13.767,1,1
306,588aca26ed1bfc095abf2de16bf97b57,90.0,3,1786590554765,2026-08-13T10:09:14.765,1,1
307,588aca26ed1bfc095abf2de16bf97b57,89.0,3,1786590555765,2026-08-13T10:09:15.765,1,1
308,588aca26ed1bfc095abf2de16bf97b57,89.0,3,1786590556762,2026-08-13T10:09:16.762,1,1
309,588aca26ed1bfc095abf2de16bf97b57,89.0,3,1786590557761,2026-08-13T10:09:17.761,1,1
310,588aca26ed1bfc095abf2de16bf97b57,88.0,3,1786590558761,2026-08-13T10:09:18.761,1,1
311,588aca26ed1bfc095abf2de16bf97b57,88.0,3,1786590559762,2026-08-13T10:09:19.762,1,1
312,588aca26ed1bfc095abf2de16bf97b57,87.0,3,1786590560763,2026-08-13T10:09:20.763,1,1
313,588aca26ed1bfc095abf2de16bf97b57,87.0,3,1786590561762,2026-08-13T10:09:21.762,1,1
314,588aca26ed1bfc095abf2de16bf97b57,86.0,3,1786590562761,2026-08-13T10:09:22.761,1,1
315,588aca26ed1bfc095abf2de16bf97b57,86.0,3,1786590563762,2026-08-13T10:09:23.762,1,1
316,588aca26ed1bfc095abf2de16bf97b57,86.0,3,1786590564761,2026-08-13T10:09:24.761,1,1
317,588aca26ed1bfc095abf2de16bf97b57,86.0,3,1786590565762,2026-08-13T10:09:25.762,1,1
318,588aca26ed1bfc095abf2de16bf97b57,86.0,3,1786590566762,2026-08-13T10:09:26.762,1,1
319,588aca26ed1bfc095abf2de16bf97b57,86.0,3,1786590567762,2026-08-13T10:09:27.762,1,1
320,588aca26ed1bfc095abf2de16bf97b57,86.0,3,1786590568762,2026-08-13T10:09:28.762,1,1
321,588aca26ed1bfc095abf2de16bf97b57,86.0,3,1786590569762,2026-08-13T10:09:29.762,1,1
322,588aca26ed1bfc095abf2de16bf97b57,87.0,3,1786590570763,2026-08-13T10:09:30.763,1,1
323,588aca26ed1bfc095abf2de16bf97b57,87.0,3,1786590571770,2026-08-13T10:09:31.770,1,1
324,588aca26ed1bfc095abf2de16bf97b57,87.0,3,1786590572769,2026-08-13T10:09:32.769,1,1
325,588aca26ed1bfc095abf2de16bf97b57,87.0,3,1786590573766,2026-08-13T10:09:33.766,1,1
326,588aca26ed1bfc095abf2de16bf97b57,88.0,3,1786590574766,2026-08-13T10:09:34.766,1,1
327,588aca26ed1bfc095abf2de16bf97b57,88.0,3,1786590575761,2026-08-13T10:09:35.761,1,1
328,588aca26ed1bfc095abf2de16bf97b57,88.0,3,1786590576762,2026-08-13T10:09:36.762,1,1
329,588aca26ed1bfc095abf2de16bf97b57,87.0,3,1786590577761,2026-08-13T10:09:37.761,1,1
330,588aca26ed1bfc095abf2de16bf97b57,87.0,3,1786590578762,2026-08-13T10:09:38.762,1,1
331,588aca26ed1bfc095abf2de16bf97b57,87.0,3,1786590579762,2026-08-13T10:09:39.762,1,1
332,588aca26ed1bfc095abf2de16bf97b57,87.0,3,1786590580771,2026-08-13T10:09:40.771,1,1
333,588aca26ed1bfc095abf2de16bf97b57,88.0,3,1786590581761,2026-08-13T10:09:41.761,1,1
334,588aca26ed1bfc095abf2de16bf97b57,88.0,3,1786590582762,2026-08-13T10:09:42.762,1,1
335,588aca26ed1bfc095abf2de16bf97b57,89.0,3,1786590583762,2026-08-13T10:09:43.762,1,1
336,588aca26ed1bfc095abf2de16bf97b57,90.0,3,1786590584762,2026-08-13T10:09:44.762,1,1
337,588aca26ed1bfc095abf2de16bf97b57,90.0,3,1786590585761,2026-08-13T10:09:45.761,1,1
338,588aca26ed1bfc095abf2de16bf97b57,90.0,3,1786590586762,2026-08-13T10:09:46.762,1,1
339,588aca26ed1bfc095abf2de16bf97b57,89.0,3,1786590587761,2026-08-13T10:09:47.761,1,1
340,588aca26ed1bfc095abf2de16bf97b57,89.0,3,1786590588771,2026-08-13T10:09:48.771,1,1
341,588aca26ed1bfc095abf2de16bf97b57,88.0,3,1786590589769,2026-08-13T10:09:49.769,1,1
342,588aca26ed1bfc095abf2de16bf97b57,88.0,3,1786590590767,2026-08-13T10:09:50.767,1,1
343,588aca26ed1bfc095abf2de16bf97b57,88.0,3,1786590591766,2026-08-13T10:09:51.766,1,1
344,588aca26ed1bfc095abf2de16bf97b57,88.0,3,1786590592766,2026-08-13T10:09:52.766,1,1
345,588aca26ed1bfc095abf2de16bf97b57,88.0,3,1786590593764,2026-08-13T10:09:53.764,1,1
346,588aca26ed1bfc095abf2de16bf97b57,88.0,3,1786590594764,2026-08-13T10:09:54.764,1,1
347,588aca26ed1bfc095abf2de16bf97b57,88.0,3,1786590595763,2026-08-13T10:09:55.763,1,1
348,588aca26ed1bfc095abf2de16bf97b57,89.0,3,1786590596762,2026-08-13T10:09:56.762,1,1
349,588aca26ed1bfc095abf2de16bf97b57,89.0,3,1786590597762,2026-08-13T10:09:57.762,1,1
350,588aca26ed1bfc095abf2de16bf97b57,90.0,3,1786590598761,2026-08-13T10:09:58.761,1,1
351,588aca26ed1bfc095abf2de16bf97b57,90.0,3,1786590599761,2026-08-13T10:09:59.761,1,1
352,588aca26ed1bfc095abf2de16bf97b57,89.0,3,1786590600761,2026-08-13T10:10:00.761,1,1
353,588aca26ed1bfc095abf2de16bf97b57,89.0,3,1786590601762,2026-08-13T10:10:01.762,1,1
354,588aca26ed1bfc095abf2de16bf97b57,88.0,3,1786590602762,2026-08-13T10:10:02.762,1,1
355,588aca26ed1bfc095abf2de16bf97b57,87.0,3,1786590603762,2026-08-13T10:10:03.762,1,1
356,588aca26ed1bfc095abf2de16bf97b57,87.0,3,1786590604770,2026-08-13T10:10:04.770,1,1
357,588aca26ed1bfc095abf2de16bf97b57,86.0,3,1786590605762,2026-08-13T10:10:05.762,1,1
358,588aca26ed1bfc095abf2de16bf97b57,86.0,3,1786590606762,2026-08-13T10:10:06.762,1,1
359,588aca26ed1bfc095abf2de16bf97b57,86.0,3,1786590607765,2026-08-13T10:10:07.765,1,1
360,588aca26ed1bfc095abf2de16bf97b57,86.0,3,1786590608762,2026-08-13T10:10:08.762,1,1
361,588aca26ed1bfc095abf2de16bf97b57,86.0,3,1786590609761,2026-08-13T10:10:09.761,1,1
362,588aca26ed1bfc095abf2de16bf97b57,86.0,3,1786590610761,2026-08-13T10:10:10.761,1,1
363,588aca26ed1bfc095abf2de16bf97b57,86.0,3,1786590611763,2026-08-13T10:10:11.763,1,1
364,588aca26ed1bfc095abf2de16bf97b57,86.0,3,1786590612761,2026-08-13T10:10:12.761,1,1
365,588aca26ed1bfc095abf2de16bf97b57,86.0,3,1786590613762,2026-08-13T10:10:13.762,1,1
366,588aca26ed1bfc095abf2de16bf97b57,86.0,3,1786590614761,2026-08-13T10:10:14.761,1,1
367,588aca26ed1bfc095abf2de16bf97b57,86.0,3,1786590615772,2026-08-13T10:10:15.772,1,1
368,588aca26ed1bfc095abf2de16bf97b57,87.0,3,1786590616770,2026-08-13T10:10:16.770,1,1
369,588aca26ed1bfc095abf2de16bf97b57,87.0,3,1786590617775,2026-08-13T10:10:17.775,1,1
370,588aca26ed1bfc095abf2de16bf97b57,87.0,3,1786590618765,2026-08-13T10:10:18.765,1,1
371,588aca26ed1bfc095abf2de16bf97b57,87.0,3,1786590619766,2026-08-13T10:10:19.766,1,1
372,588aca26ed1bfc095abf2de16bf97b57,87.0,3,1786590620762,2026-08-13T10:10:20.762,1,1
373,588aca26ed1bfc095abf2de16bf97b57,87.0,3,1786590621763,2026-08-13T10:10:21.763,1,1
374,588aca26ed1bfc095abf2de16bf97b57,87.0,3,1786590622762,2026-08-13T10:10:22.762,1,1
375,588aca26ed1bfc095abf2de16bf97b57,87.0,3,1786590623761,2026-08-13T10:10:23.761,1,1
376,588aca26ed1bfc095abf2de16bf97b57,87.0,3,1786590624762,2026-08-13T10:10:24.762,1,1
377,588aca26ed1bfc095abf2de16bf97b57,88.0,3,1786590625761,2026-08-13T10:10:25.761,1,1
378,588aca26ed1bfc095abf2de16bf97b57,87.0,3,1786590626763,2026-08-13T10:10:26.763,1,1
379,588aca26ed1bfc095abf2de16bf97b57,87.0,3,1786590627763,2026-08-13T10:10:27.763,1,1
380,588aca26ed1bfc095abf2de16bf97b57,87.0,3,1786590628762,2026-08-13T10:10:28.762,1,1
381,588aca26ed1bfc095abf2de16bf97b57,87.0,3,1786590629762,2026-08-13T10:10:29.762,1,1
382,588aca26ed1bfc095abf2de16bf97b57,87.0,3,1786590630761,2026-08-13T10:10:30.761,1,1
383,588aca26ed1bfc095abf2de16bf97b57,87.0,3,1786590631762,2026-08-13T10:10:31.762,1,1
384,588aca26ed1bfc095abf2de16bf97b57,87.0,3,1786590632761,2026-08-13T10:10:32.761,1,1
385,588aca26ed1bfc095abf2de16bf97b57,87.0,3,1786590633761,2026-08-13T10:10:33.761,1,1
386,588aca26ed1bfc095abf2de16bf97b57,87.0,3,1786590634762,2026-08-13T10:10:34.762,1,1
387,588aca26ed1bfc095abf2de16bf97b57,86.0,3,1786590635762,2026-08-13T10:10:35.762,1,1
388,588aca26ed1bfc095abf2de16bf97b57,86.0,3,1786590636762,2026-08-13T10:10:36.762,1,1
389,588aca26ed1bfc095abf2de16bf97b57,87.0,3,1786590637761,2026-08-13T10:10:37.761,1,1
390,588aca26ed1bfc095abf2de16bf97b57,87.0,3,1786590638761,2026-08-13T10:10:38.761,1,1
391,588aca26ed1bfc095abf2de16bf97b57,87.0,3,1786590639764,2026-08-13T10:10:39.764,1,1
392,588aca26ed1bfc095abf2de16bf97b57,88.0,3,1786590640761,2026-08-13T10:10:40.761,1,1
393,588aca26ed1bfc095abf2de16bf97b57,88.0,3,1786590641776,2026-08-13T10:10:41.776,1,1
394,588aca26ed1bfc095abf2de16bf97b57,88.0,3,1786590642778,2026-08-13T10:10:42.778,1,1
395,588aca26ed1bfc095abf2de16bf97b57,88.0,3,1786590643772,2026-08-13T10:10:43.772,1,1
396,588aca26ed1bfc095abf2de16bf97b57,89.0,3,1786590644774,2026-08-13T10:10:44.774,1,1
397,588aca26ed1bfc095abf2de16bf97b57,89.0,3,1786590645775,2026-08-13T10:10:45.775,1,1
398,588aca26ed1bfc095abf2de16bf97b57,88.0,3,1786590646774,2026-08-13T10:10:46.774,1,1
399,588aca26ed1bfc095abf2de16bf97b57,88.0,3,1786590647777,2026-08-13T10:10:47.777,1,1
400,588aca26ed1bfc095abf2de16bf97b57,88.0,3,1786590648767,2026-08-13T10:10:48.767,1,0
401,588aca26ed1bfc095abf2de16bf97b57,88.0,3,1786590649762,2026-08-13T10:10:49.762,1,1
402,588aca26ed1bfc095abf2de16bf97b57,88.0,3,1786590650762,2026-08-13T10:10:50.762,1,1
403,588aca26ed1bfc095abf2de16bf97b57,88.0,3,1786590651761,2026-08-13T10:10:51.761,1,1
404,588aca26ed1bfc095abf2de16bf97b57,88.0,3,1786590652761,2026-08-13T10:10:52.761,1,1
405,588aca26ed1bfc095abf2de16bf97b57,88.0,3,1786590653762,2026-08-13T10:10:53.762,1,1
406,588aca26ed1bfc095abf2de16bf97b57,88.0,3,1786590654762,2026-08-13T10:10:54.762,1,1
407,588aca26ed1bfc095abf2de16bf97b57,88.0,3,1786590655762,2026-08-13T10:10:55.762,1,1
408,588aca26ed1bfc095abf2de16bf97b57,88.0,3,1786590656763,2026-08-13T10:10:56.763,1,1
409,588aca26ed1bfc095abf2de16bf97b57,88.0,3,1786590657762,2026-08-13T10:10:57.762,1,1
410,588aca26ed1bfc095abf2de16bf97b57,88.0,3,1786590658761,2026-08-13T10:10:58.761,1,1
411,588aca26ed1bfc095abf2de16bf97b57,88.0,3,1786590659764,2026-08-13T10:10:59.764,1,1
412,588aca26ed1bfc095abf2de16bf97b57,87.0,3,1786590660761,2026-08-13T10:11:00.761,1,1
413,588aca26ed1bfc095abf2de16bf97b57,87.0,3,1786590661762,2026-08-13T10:11:01.762,1,1
414,588aca26ed1bfc095abf2de16bf97b57,87.0,3,1786590662762,2026-08-13T10:11:02.762,1,1
415,588aca26ed1bfc095abf2de16bf97b57,87.0,3,1786590663762,2026-08-13T10:11:03.762,1,1
416,588aca26ed1bfc095abf2de16bf97b57,87.0,3,1786590664762,2026-08-13T10:11:04.762,1,1
417,588aca26ed1bfc095abf2de16bf97b57,88.0,3,1786590665767,2026-08-13T10:11:05.767,1,1
418,588aca26ed1bfc095abf2de16bf97b57,88.0,3,1786590666770,2026-08-13T10:11:06.770,1,1
419,588aca26ed1bfc095abf2de16bf97b57,88.0,3,1786590667768,2026-08-13T10:11:07.768,1,1
420,588aca26ed1bfc095abf2de16bf97b57,88.0,3,1786590668762,2026-08-13T10:11:08.762,1,1
421,588aca26ed1bfc095abf2de16bf97b57,87.0,3,1786590669764,2026-08-13T10:11:09.764,1,1
422,588aca26ed1bfc095abf2de16bf97b57,87.0,3,1786590670763,2026-08-13T10:11:10.763,1,1
423,588aca26ed1bfc095abf2de16bf97b57,87.0,3,1786590671762,2026-08-13T10:11:11.762,1,1
424,588aca26ed1bfc095abf2de16bf97b57,87.0,3,1786590672761,2026-08-13T10:11:12.761,1,1
425,588aca26ed1bfc095abf2de16bf97b57,87.0,3,1786590673761,2026-08-13T10:11:13.761,1,1
426,588aca26ed1bfc095abf2de16bf97b57,88.0,3,1786590674761,2026-08-13T10:11:14.761,1,1
427,588aca26ed1bfc095abf2de16bf97b57,88.0,3,1786590675762,2026-08-13T10:11:15.762,1,1
428,588aca26ed1bfc095abf2de16bf97b57,88.0,3,1786590676761,2026-08-13T10:11:16.761,1,1
429,588aca26ed1bfc095abf2de16bf97b57,88.0,3,1786590677761,2026-08-13T10:11:17.761,1,1
430,588aca26ed1bfc095abf2de16bf97b57,88.0,3,1786590678764,2026-08-13T10:11:18.764,1,1
431,588aca26ed1bfc095abf2de16bf97b57,88.0,3,1786590679761,2026-08-13T10:11:19.761,1,1
432,588aca26ed1bfc095abf2de16bf97b57,88.0,3,1786590680762,2026-08-13T10:11:20.762,1,1
433,588aca26ed1bfc095abf2de16bf97b57,88.0,3,1786590681762,2026-08-13T10:11:21.762,1,1
434,588aca26ed1bfc095abf2de16bf97b57,88.0,3,1786590682761,2026-08-13T10:11:22.761,1,1
435,588aca26ed1bfc095abf2de16bf97b57,88.0,3,1786590683761,2026-08-13T10:11:23.761,1,1
436,588aca26ed1bfc095abf2de16bf97b57,88.0,3,1786590684761,2026-08-13T10:11:24.761,1,1
437,588aca26ed1bfc095abf2de16bf97b57,88.0,3,1786590685762,2026-08-13T10:11:25.762,1,1
438,588aca26ed1bfc095abf2de16bf97b57,88.0,3,1786590686762,2026-08-13T10:11:26.762,1,1
439,588aca26ed1bfc095abf2de16bf97b57,88.0,3,1786590687761,2026-08-13T10:11:27.761,1,1
440,588aca26ed1bfc095abf2de16bf97b57,88.0,3,1786590688762,2026-08-13T10:11:28.762,1,1
441,588aca26ed1bfc095abf2de16bf97b57,88.0,3,1786590689762,2026-08-13T10:11:29.762,1,1
442,588aca26ed1bfc095abf2de16bf97b57,88.0,3,1786590690762,2026-08-13T10:11:30.762,1,1
443,588aca26ed1bfc095abf2de16bf97b57,88.0,3,1786590691761,2026-08-13T10:11:31.761,1,1
444,588aca26ed1bfc095abf2de16bf97b57,88.0,3,1786590692761,2026-08-13T10:11:32.761,1,1
445,588aca26ed1bfc095abf2de16bf97b57,87.0,3,1786590693762,2026-08-13T10:11:33.762,1,1
446,588aca26ed1bfc095abf2de16bf97b57,88.0,3,1786590694771,2026-08-13T10:11:34.771,1,1
447,588aca26ed1bfc095abf2de16bf97b57,88.0,3,1786590695763,2026-08-13T10:11:35.763,1,1
448,588aca26ed1bfc095abf2de16bf97b57,89.0,3,1786590696766,2026-08-13T10:11:36.766,1,1
449,588aca26ed1bfc095abf2de16bf97b57,89.0,3,1786590697767,2026-08-13T10:11:37.767,1,1
450,588aca26ed1bfc095abf2de16bf97b57,90.0,3,1786590698766,2026-08-13T10:11:38.766,1,1
451,588aca26ed1bfc095abf2de16bf97b57,91.0,3,1786590699766,2026-08-13T10:11:39.766,1,1
452,588aca26ed1bfc095abf2de16bf97b57,91.0,3,1786590700762,2026-08-13T10:11:40.762,1,1
453,588aca26ed1bfc095abf2de16bf97b57,91.0,3,1786590701765,2026-08-13T10:11:41.765,1,1
454,588aca26ed1bfc095abf2de16bf97b57,91.0,3,1786590702764,2026-08-13T10:11:42.764,1,1
455,588aca26ed1bfc095abf2de16bf97b57,91.0,3,1786590703763,2026-08-13T10:11:43.763,1,1
456,588aca26ed1bfc095abf2de16bf97b57,90.0,3,1786590704762,2026-08-13T10:11:44.762,1,1
457,588aca26ed1bfc095abf2de16bf97b57,90.0,3,1786590705761,2026-08-13T10:11:45.761,1,1
458,588aca26ed1bfc095abf2de16bf97b57,90.0,3,1786590706762,2026-08-13T10:11:46.762,1,1
459,588aca26ed1bfc095abf2de16bf97b57,90.0,3,1786590707762,2026-08-13T10:11:47.762,1,1
460,588aca26ed1bfc095abf2de16bf97b57,90.0,3,1786590708761,2026-08-13T10:11:48.761,1,1
461,588aca26ed1bfc095abf2de16bf97b57,90.0,3,1786590709762,2026-08-13T10:11:49.762,1,1
462,588aca26ed1bfc095abf2de16bf97b57,90.0,3,1786590710761,2026-08-13T10:11:50.761,1,1
463,588aca26ed1bfc095abf2de16bf97b57,90.0,3,1786590711762,2026-08-13T10:11:51.762,1,1
464,588aca26ed1bfc095abf2de16bf97b57,91.0,3,1786590712761,2026-08-13T10:11:52.761,1,1
465,588aca26ed1bfc095abf2de16bf97b57,91.0,3,1786590713762,2026-08-13T10:11:53.762,1,1
466,588aca26ed1bfc095abf2de16bf97b57,91.0,3,1786590714761,2026-08-13T10:11:54.761,1,1
467,588aca26ed1bfc095abf2de16bf97b57,92.0,3,1786590715762,2026-08-13T10:11:55.762,1,1
468,588aca26ed1bfc095abf2de16bf97b57,92.0,3,1786590716761,2026-08-13T10:11:56.761,1,1
469,588aca26ed1bfc095abf2de16bf97b57,92.0,3,1786590717763,2026-08-13T10:11:57.763,1,1
470,588aca26ed1bfc095abf2de16bf97b57,92.0,3,1786590718766,2026-08-13T10:11:58.766,1,1
471,588aca26ed1bfc095abf2de16bf97b57,92.0,3,1786590719761,2026-08-13T10:11:59.761,1,1
472,588aca26ed1bfc095abf2de16bf97b57,91.0,3,1786590720762,2026-08-13T10:12:00.762,1,1
473,588aca26ed1bfc095abf2de16bf97b57,91.0,3,1786590721761,2026-08-13T10:12:01.761,1,1
474,588aca26ed1bfc095abf2de16bf97b57,90.0,3,1786590722762,2026-08-13T10:12:02.762,1,1
475,588aca26ed1bfc095abf2de16bf97b57,90.0,3,1786590723761,2026-08-13T10:12:03.761,1,1
476,588aca26ed1bfc095abf2de16bf97b57,90.0,3,1786590724761,2026-08-13T10:12:04.761,1,1
477,588aca26ed1bfc095abf2de16bf97b57,90.0,3,1786590725761,2026-08-13T10:12:05.761,1,1
478,588aca26ed1bfc095abf2de16bf97b57,90.0,3,1786590726762,2026-08-13T10:12:06.762,1,1
479,588aca26ed1bfc095abf2de16bf97b57,89.0,3,1786590727762,2026-08-13T10:12:07.762,1,1
480,588aca26ed1bfc095abf2de16bf97b57,89.0,3,1786590728762,2026-08-13T10:12:08.762,1,1
481,588aca26ed1bfc095abf2de16bf97b57,88.0,3,1786590729761,2026-08-13T10:12:09.761,1,1
482,588aca26ed1bfc095abf2de16bf97b57,88.0,3,1786590730762,2026-08-13T10:12:10.762,1,1
483,588aca26ed1bfc095abf2de16bf97b57,87.0,3,1786590731762,2026-08-13T10:12:11.762,1,1
484,588aca26ed1bfc095abf2de16bf97b57,87.0,3,1786590732761,2026-08-13T10:12:12.761,1,1
485,588aca26ed1bfc095abf2de16bf97b57,87.0,3,1786590733763,2026-08-13T10:12:13.763,1,1
486,588aca26ed1bfc095abf2de16bf97b57,87.0,3,1786590734761,2026-08-13T10:12:14.761,1,1
487,588aca26ed1bfc095abf2de16bf97b57,88.0,3,1786590735762,2026-08-13T10:12:15.762,1,1
488,588aca26ed1bfc095abf2de16bf97b57,88.0,3,1786590736762,2026-08-13T10:12:16.762,1,1
489,588aca26ed1bfc095abf2de16bf97b57,88.0,3,1786590737761,2026-08-13T10:12:17.761,1,1
490,588aca26ed1bfc095abf2de16bf97b57,88.0,3,1786590738762,2026-08-13T10:12:18.762,1,1
491,588aca26ed1bfc095abf2de16bf97b57,88.0,3,1786590739761,2026-08-13T10:12:19.761,1,1
492,588aca26ed1bfc095abf2de16bf97b57,89.0,3,1786590740762,2026-08-13T10:12:20.762,1,1
493,588aca26ed1bfc095abf2de16bf97b57,89.0,3,1786590741761,2026-08-13T10:12:21.761,1,1
494,588aca26ed1bfc095abf2de16bf97b57,89.0,3,1786590742761,2026-08-13T10:12:22.761,1,1
495,588aca26ed1bfc095abf2de16bf97b57,89.0,3,1786590743761,2026-08-13T10:12:23.761,1,1
496,588aca26ed1bfc095abf2de16bf97b57,89.0,3,1786590744761,2026-08-13T10:12:24.761,1,1
497,588aca26ed1bfc095abf2de16bf97b57,89.0,3,1786590745764,2026-08-13T10:12:25.764,1,1
498,588aca26ed1bfc095abf2de16bf97b57,89.0,3,1786590746767,2026-08-13T10:12:26.767,1,1
499,588aca26ed1bfc095abf2de16bf97b57,89.0,3,1786590747771,2026-08-13T10:12:27.771,1,1
500,588aca26ed1bfc095abf2de16bf97b57,89.0,3,1786590748768,2026-08-13T10:12:28.768,1,1
501,588aca26ed1bfc095abf2de16bf97b57,89.0,3,1786590749763,2026-08-13T10:12:29.763,1,1
502,588aca26ed1bfc095abf2de16bf97b57,90.0,3,1786590750769,2026-08-13T10:12:30.769,1,1
503,588aca26ed1bfc095abf2de16bf97b57,90.0,3,1786590751767,2026-08-13T10:12:31.767,1,1
504,588aca26ed1bfc095abf2de16bf97b57,90.0,3,1786590752767,2026-08-13T10:12:32.767,1,1
505,588aca26ed1bfc095abf2de16bf97b57,89.0,3,1786590753769,2026-08-13T10:12:33.769,1,1
506,588aca26ed1bfc095abf2de16bf97b57,89.0,3,1786590754768,2026-08-13T10:12:34.768,1,1
507,588aca26ed1bfc095abf2de16bf97b57,89.0,3,1786590755763,2026-08-13T10:12:35.763,1,1
508,588aca26ed1bfc095abf2de16bf97b57,88.0,3,1786590756769,2026-08-13T10:12:36.769,1,1
509,588aca26ed1bfc095abf2de16bf97b57,88.0,3,1786590757768,2026-08-13T10:12:37.768,1,1
510,588aca26ed1bfc095abf2de16bf97b57,88.0,3,1786590758768,2026-08-13T10:12:38.768,1,1
511,588aca26ed1bfc095abf2de16bf97b57,88.0,3,1786590759766,2026-08-13T10:12:39.766,1,1
512,588aca26ed1bfc095abf2de16bf97b57,88.0,3,1786590760767,2026-08-13T10:12:40.767,1,1
513,588aca26ed1bfc095abf2de16bf97b57,88.0,3,1786590761765,2026-08-13T10:12:41.765,1,1
514,588aca26ed1bfc095abf2de16bf97b57,88.0,3,1786590762766,2026-08-13T10:12:42.766,1,1
515,588aca26ed1bfc095abf2de16bf97b57,88.0,3,1786590763766,2026-08-13T10:12:43.766,1,1
516,588aca26ed1bfc095abf2de16bf97b57,87.0,3,1786590764766,2026-08-13T10:12:44.766,1,1
517,588aca26ed1bfc095abf2de16bf97b57,87.0,3,1786590765765,2026-08-13T10:12:45.765,1,1
518,588aca26ed1bfc095abf2de16bf97b57,87.0,3,1786590766762,2026-08-13T10:12:46.762,1,1
519,588aca26ed1bfc095abf2de16bf97b57,87.0,3,1786590767763,2026-08-13T10:12:47.763,1,1
520,588aca26ed1bfc095abf2de16bf97b57,87.0,3,1786590768763,2026-08-13T10:12:48.763,1,1
521,588aca26ed1bfc095abf2de16bf97b57,86.0,3,1786590769762,2026-08-13T10:12:49.762,1,1
522,588aca26ed1bfc095abf2de16bf97b57,86.0,3,1786590770762,2026-08-13T10:12:50.762,1,1
523,588aca26ed1bfc095abf2de16bf97b57,86.0,3,1786590771762,2026-08-13T10:12:51.762,1,1
524,588aca26ed1bfc095abf2de16bf97b57,87.0,3,1786590772763,2026-08-13T10:12:52.763,1,1
525,588aca26ed1bfc095abf2de16bf97b57,87.0,3,1786590773764,2026-08-13T10:12:53.764,1,1
526,588aca26ed1bfc095abf2de16bf97b57,88.0,3,1786590774763,2026-08-13T10:12:54.763,1,1
527,588aca26ed1bfc095abf2de16bf97b57,89.0,3,1786590775761,2026-08-13T10:12:55.761,1,1
528,588aca26ed1bfc095abf2de16bf97b57,89.0,3,1786590776761,2026-08-13T10:12:56.761,1,1
529,588aca26ed1bfc095abf2de16bf97b57,88.0,3,1786590777761,2026-08-13T10:12:57.761,1,1
530,588aca26ed1bfc095abf2de16bf97b57,88.0,3,1786590778762,2026-08-13T10:12:58.762,1,1
531,588aca26ed1bfc095abf2de16bf97b57,87.0,3,1786590779761,2026-08-13T10:12:59.761,1,1
532,588aca26ed1bfc095abf2de16bf97b57,87.0,3,1786590780762,2026-08-13T10:13:00.762,1,1
533,588aca26ed1bfc095abf2de16bf97b57,87.0,3,1786590781762,2026-08-13T10:13:01.762,1,1
534,588aca26ed1bfc095abf2de16bf97b57,87.0,3,1786590782763,2026-08-13T10:13:02.763,1,1
535,588aca26ed1bfc095abf2de16bf97b57,86.0,3,1786590783761,2026-08-13T10:13:03.761,1,1
536,588aca26ed1bfc095abf2de16bf97b57,86.0,3,1786590784762,2026-08-13T10:13:04.762,1,1
537,588aca26ed1bfc095abf2de16bf97b57,86.0,3,1786590785762,2026-08-13T10:13:05.762,1,1
538,588aca26ed1bfc095abf2de16bf97b57,85.0,3,1786590786762,2026-08-13T10:13:06.762,1,1
539,588aca26ed1bfc095abf2de16bf97b57,85.0,3,1786590787762,2026-08-13T10:13:07.762,1,1
540,588aca26ed1bfc095abf2de16bf97b57,85.0,3,1786590788761,2026-08-13T10:13:08.761,1,1
541,588aca26ed1bfc095abf2de16bf97b57,85.0,3,1786590789763,2026-08-13T10:13:09.763,1,1
542,588aca26ed1bfc095abf2de16bf97b57,86.0,3,1786590790771,2026-08-13T10:13:10.771,1,1
543,588aca26ed1bfc095abf2de16bf97b57,86.0,3,1786590791770,2026-08-13T10:13:11.770,1,1
544,588aca26ed1bfc095abf2de16bf97b57,86.0,3,1786590792768,2026-08-13T10:13:12.768,1,1
545,588aca26ed1bfc095abf2de16bf97b57,86.0,3,1786590793765,2026-08-13T10:13:13.765,1,1
546,588aca26ed1bfc095abf2de16bf97b57,87.0,3,1786590794776,2026-08-13T10:13:14.776,1,1
547,588aca26ed1bfc095abf2de16bf97b57,87.0,3,1786590795762,2026-08-13T10:13:15.762,1,1
548,588aca26ed1bfc095abf2de16bf97b57,87.0,3,1786590796763,2026-08-13T10:13:16.763,1,1
549,588aca26ed1bfc095abf2de16bf97b57,88.0,3,1786590797762,2026-08-13T10:13:17.762,1,1
550,588aca26ed1bfc095abf2de16bf97b57,89.0,3,1786590798767,2026-08-13T10:13:18.767,1,1
551,588aca26ed1bfc095abf2de16bf97b57,89.0,3,1786590799761,2026-08-13T10:13:19.761,1,1
552,588aca26ed1bfc095abf2de16bf97b57,90.0,3,1786590800762,2026-08-13T10:13:20.762,1,1
553,588aca26ed1bfc095abf2de16bf97b57,89.0,3,1786590801762,2026-08-13T10:13:21.762,1,1
554,588aca26ed1bfc095abf2de16bf97b57,90.0,3,1786590802761,2026-08-13T10:13:22.761,1,1
555,588aca26ed1bfc095abf2de16bf97b57,90.0,3,1786590803762,2026-08-13T10:13:23.762,1,1
556,588aca26ed1bfc095abf2de16bf97b57,90.0,3,1786590804762,2026-08-13T10:13:24.762,1,1
557,588aca26ed1bfc095abf2de16bf97b57,90.0,3,1786590805761,2026-08-13T10:13:25.761,1,1
558,588aca26ed1bfc095abf2de16bf97b57,90.0,3,1786590806762,2026-08-13T10:13:26.762,1,1
559,588aca26ed1bfc095abf2de16bf97b57,90.0,3,1786590807762,2026-08-13T10:13:27.762,1,1
560,588aca26ed1bfc095abf2de16bf97b57,90.0,3,1786590808762,2026-08-13T10:13:28.762,1,1
561,588aca26ed1bfc095abf2de16bf97b57,89.0,3,1786590809762,2026-08-13T10:13:29.762,1,1
562,588aca26ed1bfc095abf2de16bf97b57,89.0,3,1786590810761,2026-08-13T10:13:30.761,1,1
563,588aca26ed1bfc095abf2de16bf97b57,89.0,3,1786590811761,2026-08-13T10:13:31.761,1,1
564,588aca26ed1bfc095abf2de16bf97b57,89.0,3,1786590812762,2026-08-13T10:13:32.762,1,1
565,588aca26ed1bfc095abf2de16bf97b57,89.0,3,1786590813763,2026-08-13T10:13:33.763,1,1
566,588aca26ed1bfc095abf2de16bf97b57,90.0,3,1786590814764,2026-08-13T10:13:34.764,1,1
567,588aca26ed1bfc095abf2de16bf97b57,90.0,3,1786590815771,2026-08-13T10:13:35.771,1,1
568,588aca26ed1bfc095abf2de16bf97b57,90.0,3,1786590816762,2026-08-13T10:13:36.762,1,1
569,588aca26ed1bfc095abf2de16bf97b57,90.0,3,1786590817762,2026-08-13T10:13:37.762,1,1
570,588aca26ed1bfc095abf2de16bf97b57,91.0,3,1786590818761,2026-08-13T10:13:38.761,1,1
571,588aca26ed1bfc095abf2de16bf97b57,92.0,3,1786590819761,2026-08-13T10:13:39.761,1,1
572,588aca26ed1bfc095abf2de16bf97b57,93.0,3,1786590820764,2026-08-13T10:13:40.764,1,1
573,588aca26ed1bfc095abf2de16bf97b57,94.0,3,1786590821883,2026-08-13T10:13:41.883,1,1
574,588aca26ed1bfc095abf2de16bf97b57,94.0,3,1786590822761,2026-08-13T10:13:42.761,1,1
575,588aca26ed1bfc095abf2de16bf97b57,95.0,3,1786590823763,2026-08-13T10:13:43.763,1,1
576,588aca26ed1bfc095abf2de16bf97b57,96.0,3,1786590824761,2026-08-13T10:13:44.761,1,1
577,588aca26ed1bfc095abf2de16bf97b57,97.0,3,1786590825761,2026-08-13T10:13:45.761,1,1
578,588aca26ed1bfc095abf2de16bf97b57,97.0,3,1786590826761,2026-08-13T10:13:46.761,1,1
579,588aca26ed1bfc095abf2de16bf97b57,95.0,3,1786590827761,2026-08-13T10:13:47.761,1,1
580,588aca26ed1bfc095abf2de16bf97b57,94.0,3,1786590828763,2026-08-13T10:13:48.763,1,1
581,588aca26ed1bfc095abf2de16bf97b57,93.0,3,1786590829762,2026-08-13T10:13:49.762,1,1
582,588aca26ed1bfc095abf2de16bf97b57,92.0,3,1786590830771,2026-08-13T10:13:50.771,1,1
583,588aca26ed1bfc095abf2de16bf97b57,92.0,3,1786590831765,2026-08-13T10:13:51.765,1,1
584,588aca26ed1bfc095abf2de16bf97b57,92.0,3,1786590832767,2026-08-13T10:13:52.767,1,1
585,588aca26ed1bfc095abf2de16bf97b57,92.0,3,1786590833767,2026-08-13T10:13:53.767,1,1
586,588aca26ed1bfc095abf2de16bf97b57,92.0,3,1786590834764,2026-08-13T10:13:54.764,1,1
587,588aca26ed1bfc095abf2de16bf97b57,92.0,3,1786590835763,2026-08-13T10:13:55.763,1,1
588,588aca26ed1bfc095abf2de16bf97b57,92.0,3,1786590836762,2026-08-13T10:13:56.762,1,1
589,588aca26ed1bfc095abf2de16bf97b57,92.0,3,1786590837761,2026-08-13T10:13:57.761,1,1
590,588aca26ed1bfc095abf2de16bf97b57,91.0,3,1786590838761,2026-08-13T10:13:58.761,1,1
591,588aca26ed1bfc095abf2de16bf97b57,90.0,3,1786590839761,2026-08-13T10:13:59.761,1,1
592,588aca26ed1bfc095abf2de16bf97b57,89.0,3,1786590840762,2026-08-13T10:14:00.762,1,1
593,588aca26ed1bfc095abf2de16bf97b57,88.0,3,1786590841762,2026-08-13T10:14:01.762,1,1
594,588aca26ed1bfc095abf2de16bf97b57,87.0,3,1786590842761,2026-08-13T10:14:02.761,1,1
595,588aca26ed1bfc095abf2de16bf97b57,86.0,3,1786590843761,2026-08-13T10:14:03.761,1,1
596,588aca26ed1bfc095abf2de16bf97b57,86.0,3,1786590844762,2026-08-13T10:14:04.762,1,1
597,588aca26ed1bfc095abf2de16bf97b57,87.0,3,1786590845761,2026-08-13T10:14:05.761,1,1
598,588aca26ed1bfc095abf2de16bf97b57,87.0,3,1786590846762,2026-08-13T10:14:06.762,1,1
599,588aca26ed1bfc095abf2de16bf97b57,87.0,3,1786590847763,2026-08-13T10:14:07.763,1,1
600,588aca26ed1bfc095abf2de16bf97b57,87.0,3,1786590848762,2026-08-13T10:14:08.762,1,1
601,588aca26ed1bfc095abf2de16bf97b57,87.0,3,1786590849762,2026-08-13T10:14:09.762,1,1
602,588aca26ed1bfc095abf2de16bf97b57,87.0,3,1786590850761,2026-08-13T10:14:10.761,1,1
603,588aca26ed1bfc095abf2de16bf97b57,87.0,3,1786590851761,2026-08-13T10:14:11.761,1,1
604,588aca26ed1bfc095abf2de16bf97b57,86.0,3,1786590852761,2026-08-13T10:14:12.761,1,1
605,588aca26ed1bfc095abf2de16bf97b57,86.0,3,1786590853761,2026-08-13T10:14:13.761,1,1
606,588aca26ed1bfc095abf2de16bf97b57,87.0,3,1786590854761,2026-08-13T10:14:14.761,1,1
607,588aca26ed1bfc095abf2de16bf97b57,87.0,3,1786590855761,2026-08-13T10:14:15.761,1,1
608,588aca26ed1bfc095abf2de16bf97b57,87.0,3,1786590858239,2026-08-13T10:14:18.239,1,1
609,588aca26ed1bfc095abf2de16bf97b57,87.0,3,1786590859239,2026-08-13T10:14:19.239,1,1
610,588aca26ed1bfc095abf2de16bf97b57,87.0,3,1786590860239,2026-08-13T10:14:20.239,1,1
611,588aca26ed1bfc095abf2de16bf97b57,87.0,3,1786590861249,2026-08-13T10:14:21.249,1,1
612,588aca26ed1bfc095abf2de16bf97b57,88.0,3,1786590862242,2026-08-13T10:14:22.242,1,1
613,588aca26ed1bfc095abf2de16bf97b57,87.0,3,1786590863241,2026-08-13T10:14:23.241,1,1
614,588aca26ed1bfc095abf2de16bf97b57,88.0,3,1786590864239,2026-08-13T10:14:24.239,1,1
615,588aca26ed1bfc095abf2de16bf97b57,88.0,3,1786590865239,2026-08-13T10:14:25.239,1,1
616,588aca26ed1bfc095abf2de16bf97b57,88.0,3,1786590866239,2026-08-13T10:14:26.239,1,1
617,588aca26ed1bfc095abf2de16bf97b57,89.0,3,1786590867239,2026-08-13T10:14:27.239,1,1
618,588aca26ed1bfc095abf2de16bf97b57,89.0,3,1786590868239,2026-08-13T10:14:28.239,1,1
619,588aca26ed1bfc095abf2de16bf97b57,89.0,3,1786590869239,2026-08-13T10:14:29.239,1,1
620,588aca26ed1bfc095abf2de16bf97b57,89.0,3,1786590870239,2026-08-13T10:14:30.239,1,1
621,588aca26ed1bfc095abf2de16bf97b57,89.0,3,1786590871239,2026-08-13T10:14:31.239,1,1
622,588aca26ed1bfc095abf2de16bf97b57,89.0,3,1786590872245,2026-08-13T10:14:32.245,1,1
623,588aca26ed1bfc095abf2de16bf97b57,89.0,3,1786590873239,2026-08-13T10:14:33.239,1,1
624,588aca26ed1bfc095abf2de16bf97b57,90.0,3,1786590874239,2026-08-13T10:14:34.239,1,1
625,588aca26ed1bfc095abf2de16bf97b57,90.0,3,1786590875239,2026-08-13T10:14:35.239,1,1
626,588aca26ed1bfc095abf2de16bf97b57,89.0,3,1786590876239,2026-08-13T10:14:36.239,1,1
627,588aca26ed1bfc095abf2de16bf97b57,89.0,3,1786590877240,2026-08-13T10:14:37.240,1,1
628,588aca26ed1bfc095abf2de16bf97b57,89.0,3,1786590878240,2026-08-13T10:14:38.240,1,1
629,588aca26ed1bfc095abf2de16bf97b57,90.0,3,1786590879243,2026-08-13T10:14:39.243,1,1
630,588aca26ed1bfc095abf2de16bf97b57,90.0,3,1786590880244,2026-08-13T10:14:40.244,1,1
631,588aca26ed1bfc095abf2de16bf97b57,90.0,3,1786590881239,2026-08-13T10:14:41.239,1,0
632,588aca26ed1bfc095abf2de16bf97b57,90.0,3,1786590882240,2026-08-13T10:14:42.240,1,1
633,588aca26ed1bfc095abf2de16bf97b57,90.0,3,1786590883239,2026-08-13T10:14:43.239,1,1
634,588aca26ed1bfc095abf2de16bf97b57,91.0,3,1786590884239,2026-08-13T10:14:44.239,1,1
635,588aca26ed1bfc095abf2de16bf97b57,91.0,3,1786590885240,2026-08-13T10:14:45.240,1,1
636,588aca26ed1bfc095abf2de16bf97b57,91.0,3,1786590886239,2026-08-13T10:14:46.239,1,1
637,588aca26ed1bfc095abf2de16bf97b57,91.0,3,1786590887248,2026-08-13T10:14:47.248,1,1
638,588aca26ed1bfc095abf2de16bf97b57,91.0,3,1786590888247,2026-08-13T10:14:48.247,1,1
639,588aca26ed1bfc095abf2de16bf97b57,91.0,3,1786590889243,2026-08-13T10:14:49.243,1,1
640,588aca26ed1bfc095abf2de16bf97b57,90.0,3,1786590890239,2026-08-13T10:14:50.239,1,1
641,588aca26ed1bfc095abf2de16bf97b57,90.0,3,1786590891239,2026-08-13T10:14:51.239,1,1
642,588aca26ed1bfc095abf2de16bf97b57,89.0,3,1786590892240,2026-08-13T10:14:52.240,1,1
643,588aca26ed1bfc095abf2de16bf97b57,89.0,3,1786590893240,2026-08-13T10:14:53.240,1,1
644,588aca26ed1bfc095abf2de16bf97b57,89.0,3,1786590894239,2026-08-13T10:14:54.239,1,1
645,588aca26ed1bfc095abf2de16bf97b57,90.0,3,1786590895239,2026-08-13T10:14:55.239,1,1
646,588aca26ed1bfc095abf2de16bf97b57,90.0,3,1786590896240,2026-08-13T10:14:56.240,1,1
647,588aca26ed1bfc095abf2de16bf97b57,90.0,3,1786590897239,2026-08-13T10:14:57.239,1,1
648,588aca26ed1bfc095abf2de16bf97b57,90.0,3,1786590898241,2026-08-13T10:14:58.241,1,1
649,588aca26ed1bfc095abf2de16bf97b57,90.0,3,1786590899240,2026-08-13T10:14:59.240,1,1
650,588aca26ed1bfc095abf2de16bf97b57,91.0,3,1786590900248,2026-08-13T10:15:00.248,1,1
651,588aca26ed1bfc095abf2de16bf97b57,92.0,3,1786590901239,2026-08-13T10:15:01.239,1,1
652,588aca26ed1bfc095abf2de16bf97b57,93.0,3,1786590902240,2026-08-13T10:15:02.240,1,1
653,588aca26ed1bfc095abf2de16bf97b57,93.0,3,1786590903239,2026-08-13T10:15:03.239,1,1
654,588aca26ed1bfc095abf2de16bf97b57,94.0,3,1786590904241,2026-08-13T10:15:04.241,1,1
655,588aca26ed1bfc095abf2de16bf97b57,93.0,3,1786590905241,2026-08-13T10:15:05.241,1,1
656,588aca26ed1bfc095abf2de16bf97b57,93.0,3,1786590906239,2026-08-13T10:15:06.239,1,1
657,588aca26ed1bfc095abf2de16bf97b57,92.0,3,1786590907240,2026-08-13T10:15:07.240,1,1
658,588aca26ed1bfc095abf2de16bf97b57,91.0,3,1786590908239,2026-08-13T10:15:08.239,1,1
659,588aca26ed1bfc095abf2de16bf97b57,91.0,3,1786590909239,2026-08-13T10:15:09.239,1,1
660,588aca26ed1bfc095abf2de16bf97b57,90.0,3,1786590910239,2026-08-13T10:15:10.239,1,1
661,588aca26ed1bfc095abf2de16bf97b57,90.0,3,1786590911243,2026-08-13T10:15:11.243,1,1
662,588aca26ed1bfc095abf2de16bf97b57,89.0,3,1786590912248,2026-08-13T10:15:12.248,1,1
663,588aca26ed1bfc095abf2de16bf97b57,89.0,3,1786590913246,2026-08-13T10:15:13.246,1,1
664,588aca26ed1bfc095abf2de16bf97b57,89.0,3,1786590914245,2026-08-13T10:15:14.245,1,1
665,588aca26ed1bfc095abf2de16bf97b57,89.0,3,1786590915239,2026-08-13T10:15:15.239,1,1
666,588aca26ed1bfc095abf2de16bf97b57,90.0,3,1786590916242,2026-08-13T10:15:16.242,1,1
667,588aca26ed1bfc095abf2de16bf97b57,90.0,3,1786590917240,2026-08-13T10:15:17.240,1,1
668,588aca26ed1bfc095abf2de16bf97b57,90.0,3,1786590918240,2026-08-13T10:15:18.240,1,1
669,588aca26ed1bfc095abf2de16bf97b57,90.0,3,1786590919240,2026-08-13T10:15:19.240,1,1
670,588aca26ed1bfc095abf2de16bf97b57,90.0,3,1786590920240,2026-08-13T10:15:20.240,1,1
671,588aca26ed1bfc095abf2de16bf97b57,90.0,3,1786590921240,2026-08-13T10:15:21.240,1,1
672,588aca26ed1bfc095abf2de16bf97b57,90.0,3,1786590922240,2026-08-13T10:15:22.240,1,1
673,588aca26ed1bfc095abf2de16bf97b57,89.0,3,1786590923239,2026-08-13T10:15:23.239,1,1
674,588aca26ed1bfc095abf2de16bf97b57,89.0,3,1786590924240,2026-08-13T10:15:24.240,1,1
675,588aca26ed1bfc095abf2de16bf97b57,89.0,3,1786590925243,2026-08-13T10:15:25.243,1,1
676,588aca26ed1bfc095abf2de16bf97b57,89.0,3,1786590926239,2026-08-13T10:15:26.239,1,1
677,588aca26ed1bfc095abf2de16bf97b57,90.0,3,1786590927240,2026-08-13T10:15:27.240,1,1
678,588aca26ed1bfc095abf2de16bf97b57,90.0,3,1786590928239,2026-08-13T10:15:28.239,1,1
679,588aca26ed1bfc095abf2de16bf97b57,90.0,3,1786590929240,2026-08-13T10:15:29.240,1,1
680,588aca26ed1bfc095abf2de16bf97b57,91.0,3,1786590930239,2026-08-13T10:15:30.239,1,1
681,588aca26ed1bfc095abf2de16bf97b57,91.0,3,1786590931240,2026-08-13T10:15:31.240,1,1
682,588aca26ed1bfc095abf2de16bf97b57,91.0,3,1786590932244,2026-08-13T10:15:32.244,1,1
683,588aca26ed1bfc095abf2de16bf97b57,91.0,3,1786590933240,2026-08-13T10:15:33.240,1,1
684,588aca26ed1bfc095abf2de16bf97b57,91.0,3,1786590934240,2026-08-13T10:15:34.240,1,1
685,588aca26ed1bfc095abf2de16bf97b57,91.0,3,1786590935240,2026-08-13T10:15:35.240,1,1
686,588aca26ed1bfc095abf2de16bf97b57,91.0,3,1786590936240,2026-08-13T10:15:36.240,1,1
687,588aca26ed1bfc095abf2de16bf97b57,91.0,3,1786590937240,2026-08-13T10:15:37.240,1,1
688,588aca26ed1bfc095abf2de16bf97b57,91.0,3,1786590938239,2026-08-13T10:15:38.239,1,1
689,588aca26ed1bfc095abf2de16bf97b57,90.0,3,1786590939239,2026-08-13T10:15:39.239,1,1
690,588aca26ed1bfc095abf2de16bf97b57,89.0,3,1786590940240,2026-08-13T10:15:40.240,1,1
691,588aca26ed1bfc095abf2de16bf97b57,89.0,3,1786590941240,2026-08-13T10:15:41.240,1,1
692,588aca26ed1bfc095abf2de16bf97b57,88.0,3,1786590942239,2026-08-13T10:15:42.239,1,1
693,588aca26ed1bfc095abf2de16bf97b57,87.0,3,1786590943239,2026-08-13T10:15:43.239,1,1
694,588aca26ed1bfc095abf2de16bf97b57,87.0,3,1786590944240,2026-08-13T10:15:44.240,1,1
695,588aca26ed1bfc095abf2de16bf97b57,88.0,3,1786590945240,2026-08-13T10:15:45.240,1,1
696,588aca26ed1bfc095abf2de16bf97b57,88.0,3,1786590946240,2026-08-13T10:15:46.240,1,1
697,588aca26ed1bfc095abf2de16bf97b57,89.0,3,1786590947250,2026-08-13T10:15:47.250,1,1
698,588aca26ed1bfc095abf2de16bf97b57,89.0,3,1786590948246,2026-08-13T10:15:48.246,1,1
699,588aca26ed1bfc095abf2de16bf97b57,90.0,3,1786590949245,2026-08-13T10:15:49.245,1,1
700,588aca26ed1bfc095abf2de16bf97b57,90.0,3,1786590950246,2026-08-13T10:15:50.246,1,1
701,588aca26ed1bfc095abf2de16bf97b57,89.0,3,1786590951244,2026-08-13T10:15:51.244,1,1
702,588aca26ed1bfc095abf2de16bf97b57,89.0,3,1786590952243,2026-08-13T10:15:52.243,1,1
703,588aca26ed1bfc095abf2de16bf97b57,89.0,3,1786590953242,2026-08-13T10:15:53.242,1,1
704,588aca26ed1bfc095abf2de16bf97b57,88.0,3,1786590954241,2026-08-13T10:15:54.241,1,1
705,588aca26ed1bfc095abf2de16bf97b57,88.0,3,1786590955240,2026-08-13T10:15:55.240,1,1
706,588aca26ed1bfc095abf2de16bf97b57,88.0,3,1786590956240,2026-08-13T10:15:56.240,1,1
707,588aca26ed1bfc095abf2de16bf97b57,89.0,3,1786590957240,2026-08-13T10:15:57.240,1,1
708,588aca26ed1bfc095abf2de16bf97b57,89.0,3,1786590958240,2026-08-13T10:15:58.240,1,1
709,588aca26ed1bfc095abf2de16bf97b57,89.0,3,1786590959239,2026-08-13T10:15:59.239,1,1
710,588aca26ed1bfc095abf2de16bf97b57,90.0,3,1786590960239,2026-08-13T10:16:00.239,1,1
711,588aca26ed1bfc095abf2de16bf97b57,90.0,3,1786590961240,2026-08-13T10:16:01.240,1,1
712,588aca26ed1bfc095abf2de16bf97b57,91.0,3,1786590962240,2026-08-13T10:16:02.240,1,1
713,588aca26ed1bfc095abf2de16bf97b57,91.0,3,1786590963240,2026-08-13T10:16:03.240,1,1
714,588aca26ed1bfc095abf2de16bf97b57,91.0,3,1786590964241,2026-08-13T10:16:04.241,1,1
715,588aca26ed1bfc095abf2de16bf97b57,91.0,3,1786590965240,2026-08-13T10:16:05.240,1,1
716,588aca26ed1bfc095abf2de16bf97b57,91.0,3,1786590966244,2026-08-13T10:16:06.244,1,1
717,588aca26ed1bfc095abf2de16bf97b57,91.0,3,1786590967239,2026-08-13T10:16:07.239,1,1
718,588aca26ed1bfc095abf2de16bf97b57,91.0,3,1786590968240,2026-08-13T10:16:08.240,1,1
719,588aca26ed1bfc095abf2de16bf97b57,91.0,3,1786590969239,2026-08-13T10:16:09.239,1,1
720,588aca26ed1bfc095abf2de16bf97b57,91.0,3,1786590970240,2026-08-13T10:16:10.240,1,1
721,588aca26ed1bfc095abf2de16bf97b57,91.0,3,1786590971239,2026-08-13T10:16:11.239,1,1
722,588aca26ed1bfc095abf2de16bf97b57,91.0,3,1786590972240,2026-08-13T10:16:12.240,1,1
723,588aca26ed1bfc095abf2de16bf97b57,91.0,3,1786590973240,2026-08-13T10:16:13.240,1,1
724,588aca26ed1bfc095abf2de16bf97b57,91.0,3,1786590974240,2026-08-13T10:16:14.240,1,1
725,588aca26ed1bfc095abf2de16bf97b57,91.0,3,1786590975240,2026-08-13T10:16:15.240,1,1
726,588aca26ed1bfc095abf2de16bf97b57,91.0,3,1786590976240,2026-08-13T10:16:16.240,1,1
727,588aca26ed1bfc095abf2de16bf97b57,91.0,3,1786590977240,2026-08-13T10:16:17.240,1,1
728,588aca26ed1bfc095abf2de16bf97b57,91.0,3,1786590978240,2026-08-13T10:16:18.240,1,1
729,588aca26ed1bfc095abf2de16bf97b57,91.0,3,1786590979239,2026-08-13T10:16:19.239,1,1
730,588aca26ed1bfc095abf2de16bf97b57,91.0,3,1786590980240,2026-08-13T10:16:20.240,1,1
731,588aca26ed1bfc095abf2de16bf97b57,90.0,3,1786590981248,2026-08-13T10:16:21.248,1,1
732,588aca26ed1bfc095abf2de16bf97b57,90.0,3,1786590982248,2026-08-13T10:16:22.248,1,1
733,588aca26ed1bfc095abf2de16bf97b57,90.0,3,1786590983247,2026-08-13T10:16:23.247,1,1
734,588aca26ed1bfc095abf2de16bf97b57,90.0,3,1786590984246,2026-08-13T10:16:24.246,1,1
735,588aca26ed1bfc095abf2de16bf97b57,90.0,3,1786590985245,2026-08-13T10:16:25.245,1,1
736,588aca26ed1bfc095abf2de16bf97b57,90.0,3,1786590986243,2026-08-13T10:16:26.243,1,1
737,588aca26ed1bfc095abf2de16bf97b57,90.0,3,1786590987244,2026-08-13T10:16:27.244,1,1
738,588aca26ed1bfc095abf2de16bf97b57,90.0,3,1786590988242,2026-08-13T10:16:28.242,1,1
739,588aca26ed1bfc095abf2de16bf97b57,90.0,3,1786590989242,2026-08-13T10:16:29.242,1,1
740,588aca26ed1bfc095abf2de16bf97b57,89.0,3,1786590990244,2026-08-13T10:16:30.244,1,1
741,588aca26ed1bfc095abf2de16bf97b57,88.0,3,1786590991241,2026-08-13T10:16:31.241,1,1
742,588aca26ed1bfc095abf2de16bf97b57,88.0,3,1786590992240,2026-08-13T10:16:32.240,1,1
743,588aca26ed1bfc095abf2de16bf97b57,88.0,3,1786590993240,2026-08-13T10:16:33.240,1,1
744,588aca26ed1bfc095abf2de16bf97b57,87.0,3,1786590994240,2026-08-13T10:16:34.240,1,1
745,588aca26ed1bfc095abf2de16bf97b57,87.0,3,1786590995239,2026-08-13T10:16:35.239,1,1
746,588aca26ed1bfc095abf2de16bf97b57,87.0,3,1786590996239,2026-08-13T10:16:36.239,1,1
747,588aca26ed1bfc095abf2de16bf97b57,87.0,3,1786590997239,2026-08-13T10:16:37.239,1,1
748,588aca26ed1bfc095abf2de16bf97b57,87.0,3,1786590998240,2026-08-13T10:16:38.240,1,1
749,588aca26ed1bfc095abf2de16bf97b57,88.0,3,1786590999239,2026-08-13T10:16:39.239,1,1
750,588aca26ed1bfc095abf2de16bf97b57,88.0,3,1786591000240,2026-08-13T10:16:40.240,1,1
751,588aca26ed1bfc095abf2de16bf97b57,88.0,3,1786591001240,2026-08-13T10:16:41.240,1,1
752,588aca26ed1bfc095abf2de16bf97b57,88.0,3,1786591002239,2026-08-13T10:16:42.239,1,1
753,588aca26ed1bfc095abf2de16bf97b57,88.0,3,1786591003240,2026-08-13T10:16:43.240,1,1
754,588aca26ed1bfc095abf2de16bf97b57,88.0,3,1786591004239,2026-08-13T10:16:44.239,1,1
755,588aca26ed1bfc095abf2de16bf97b57,88.0,3,1786591005240,2026-08-13T10:16:45.240,1,1
756,588aca26ed1bfc095abf2de16bf97b57,88.0,3,1786591006241,2026-08-13T10:16:46.241,1,1
757,588aca26ed1bfc095abf2de16bf97b57,88.0,3,1786591007242,2026-08-13T10:16:47.242,1,1
758,588aca26ed1bfc095abf2de16bf97b57,88.0,3,1786591008241,2026-08-13T10:16:48.241,1,1
759,588aca26ed1bfc095abf2de16bf97b57,88.0,3,1786591009241,2026-08-13T10:16:49.241,1,1
760,588aca26ed1bfc095abf2de16bf97b57,87.0,3,1786591010240,2026-08-13T10:16:50.240,1,1
761,588aca26ed1bfc095abf2de16bf97b57,87.0,3,1786591011240,2026-08-13T10:16:51.240,1,1
762,588aca26ed1bfc095abf2de16bf97b57,87.0,3,1786591012240,2026-08-13T10:16:52.240,1,1
763,588aca26ed1bfc095abf2de16bf97b57,87.0,3,1786591013239,2026-08-13T10:16:53.239,1,1
764,588aca26ed1bfc095abf2de16bf97b57,87.0,3,1786591014239,2026-08-13T10:16:54.239,1,1
765,588aca26ed1bfc095abf2de16bf97b57,88.0,3,1786591015239,2026-08-13T10:16:55.239,1,1
766,588aca26ed1bfc095abf2de16bf97b57,88.0,3,1786591016240,2026-08-13T10:16:56.240,1,1
767,588aca26ed1bfc095abf2de16bf97b57,88.0,3,1786591017239,2026-08-13T10:16:57.239,1,1
768,588aca26ed1bfc095abf2de16bf97b57,87.0,3,1786591018239,2026-08-13T10:16:58.239,1,1
769,588aca26ed1bfc095abf2de16bf97b57,87.0,3,1786591019239,2026-08-13T10:16:59.239,1,1
770,588aca26ed1bfc095abf2de16bf97b57,87.0,3,1786591020239,2026-08-13T10:17:00.239,1,1
771,588aca26ed1bfc095abf2de16bf97b57,86.0,3,1786591021239,2026-08-13T10:17:01.239,1,1
772,588aca26ed1bfc095abf2de16bf97b57,86.0,3,1786591022240,2026-08-13T10:17:02.240,1,1
773,588aca26ed1bfc095abf2de16bf97b57,86.0,3,1786591023239,2026-08-13T10:17:03.239,1,1
774,588aca26ed1bfc095abf2de16bf97b57,85.0,3,1786591024240,2026-08-13T10:17:04.240,1,1
775,588aca26ed1bfc095abf2de16bf97b57,86.0,3,1786591025239,2026-08-13T10:17:05.239,1,1
776,588aca26ed1bfc095abf2de16bf97b57,85.0,3,1786591026240,2026-08-13T10:17:06.240,1,1
777,588aca26ed1bfc095abf2de16bf97b57,85.0,3,1786591027239,2026-08-13T10:17:07.239,1,1
778,588aca26ed1bfc095abf2de16bf97b57,85.0,3,1786591028240,2026-08-13T10:17:08.240,1,1
779,588aca26ed1bfc095abf2de16bf97b57,86.0,3,1786591029239,2026-08-13T10:17:09.239,1,1
780,588aca26ed1bfc095abf2de16bf97b57,86.0,3,1786591030239,2026-08-13T10:17:10.239,1,1
781,588aca26ed1bfc095abf2de16bf97b57,86.0,3,1786591031240,2026-08-13T10:17:11.240,1,1
782,588aca26ed1bfc095abf2de16bf97b57,86.0,3,1786591032247,2026-08-13T10:17:12.247,1,1
783,588aca26ed1bfc095abf2de16bf97b57,86.0,3,1786591033240,2026-08-13T10:17:13.240,1,1
784,588aca26ed1bfc095abf2de16bf97b57,86.0,3,1786591034248,2026-08-13T10:17:14.248,1,1
785,588aca26ed1bfc095abf2de16bf97b57,86.0,3,1786591035240,2026-08-13T10:17:15.240,1,1
786,588aca26ed1bfc095abf2de16bf97b57,86.0,3,1786591036249,2026-08-13T10:17:16.249,1,1
787,588aca26ed1bfc095abf2de16bf97b57,86.0,3,1786591037247,2026-08-13T10:17:17.247,1,1
788,588aca26ed1bfc095abf2de16bf97b57,86.0,3,1786591038249,2026-08-13T10:17:18.249,1,1
789,588aca26ed1bfc095abf2de16bf97b57,86.0,3,1786591039245,2026-08-13T10:17:19.245,1,1
790,588aca26ed1bfc095abf2de16bf97b57,85.0,3,1786591040240,2026-08-13T10:17:20.240,1,1
791,588aca26ed1bfc095abf2de16bf97b57,85.0,3,1786591041240,2026-08-13T10:17:21.240,1,1
792,588aca26ed1bfc095abf2de16bf97b57,86.0,3,1786591042241,2026-08-13T10:17:22.241,1,1
793,588aca26ed1bfc095abf2de16bf97b57,87.0,3,1786591043240,2026-08-13T10:17:23.240,1,1
794,588aca26ed1bfc095abf2de16bf97b57,87.0,3,1786591044249,2026-08-13T10:17:24.249,1,1
795,588aca26ed1bfc095abf2de16bf97b57,88.0,3,1786591045248,2026-08-13T10:17:25.248,1,1
796,588aca26ed1bfc095abf2de16bf97b57,87.0,3,1786591046248,2026-08-13T10:17:26.248,1,1
797,588aca26ed1bfc095abf2de16bf97b57,87.0,3,1786591047246,2026-08-13T10:17:27.246,1,1
798,588aca26ed1bfc095abf2de16bf97b57,86.0,3,1786591048244,2026-08-13T10:17:28.244,1,1
799,588aca26ed1bfc095abf2de16bf97b57,86.0,3,1786591049239,2026-08-13T10:17:29.239,1,1
800,588aca26ed1bfc095abf2de16bf97b57,85.0,3,1786591050249,2026-08-13T10:17:30.249,1,1
801,588aca26ed1bfc095abf2de16bf97b57,85.0,3,1786591051246,2026-08-13T10:17:31.246,1,1
802,588aca26ed1bfc095abf2de16bf97b57,84.0,3,1786591052246,2026-08-13T10:17:32.246,1,1
803,588aca26ed1bfc095abf2de16bf97b57,84.0,3,1786591053245,2026-08-13T10:17:33.245,1,1
804,588aca26ed1bfc095abf2de16bf97b57,83.0,3,1786591054239,2026-08-13T10:17:34.239,1,1
805,588aca26ed1bfc095abf2de16bf97b57,83.0,3,1786591055245,2026-08-13T10:17:35.245,1,1
806,588aca26ed1bfc095abf2de16bf97b57,83.0,3,1786591056244,2026-08-13T10:17:36.244,1,1
807,588aca26ed1bfc095abf2de16bf97b57,83.0,3,1786591057243,2026-08-13T10:17:37.243,1,1
808,588aca26ed1bfc095abf2de16bf97b57,83.0,3,1786591058242,2026-08-13T10:17:38.242,1,1
809,588aca26ed1bfc095abf2de16bf97b57,83.0,3,1786591059242,2026-08-13T10:17:39.242,1,1
810,588aca26ed1bfc095abf2de16bf97b57,83.0,3,1786591060241,2026-08-13T10:17:40.241,1,1
811,588aca26ed1bfc095abf2de16bf97b57,83.0,3,1786591061241,2026-08-13T10:17:41.241,1,1
812,588aca26ed1bfc095abf2de16bf97b57,83.0,3,1786591062241,2026-08-13T10:17:42.241,1,1
813,588aca26ed1bfc095abf2de16bf97b57,83.0,3,1786591063239,2026-08-13T10:17:43.239,1,1
814,588aca26ed1bfc095abf2de16bf97b57,83.0,3,1786591064240,2026-08-13T10:17:44.240,1,1
815,588aca26ed1bfc095abf2de16bf97b57,83.0,3,1786591065240,2026-08-13T10:17:45.240,1,1
816,588aca26ed1bfc095abf2de16bf97b57,83.0,3,1786591066240,2026-08-13T10:17:46.240,1,1
817,588aca26ed1bfc095abf2de16bf97b57,84.0,3,1786591067244,2026-08-13T10:17:47.244,1,1
818,588aca26ed1bfc095abf2de16bf97b57,84.0,3,1786591068239,2026-08-13T10:17:48.239,1,1
819,588aca26ed1bfc095abf2de16bf97b57,85.0,3,1786591069241,2026-08-13T10:17:49.241,1,1
820,588aca26ed1bfc095abf2de16bf97b57,85.0,3,1786591070242,2026-08-13T10:17:50.242,1,1
821,588aca26ed1bfc095abf2de16bf97b57,86.0,3,1786591071239,2026-08-13T10:17:51.239,1,1
822,588aca26ed1bfc095abf2de16bf97b57,86.0,3,1786591072239,2026-08-13T10:17:52.239,1,1
823,588aca26ed1bfc095abf2de16bf97b57,86.0,3,1786591073239,2026-08-13T10:17:53.239,1,1
824,588aca26ed1bfc095abf2de16bf97b57,86.0,3,1786591074239,2026-08-13T10:17:54.239,1,1
825,588aca26ed1bfc095abf2de16bf97b57,86.0,3,1786591075240,2026-08-13T10:17:55.240,1,1
826,588aca26ed1bfc095abf2de16bf97b57,86.0,3,1786591076240,2026-08-13T10:17:56.240,1,1
827,588aca26ed1bfc095abf2de16bf97b57,86.0,3,1786591077240,2026-08-13T10:17:57.240,1,1
828,588aca26ed1bfc095abf2de16bf97b57,85.0,3,1786591078239,2026-08-13T10:17:58.239,1,1
829,588aca26ed1bfc095abf2de16bf97b57,85.0,3,1786591079239,2026-08-13T10:17:59.239,1,1
830,588aca26ed1bfc095abf2de16bf97b57,85.0,3,1786591080239,2026-08-13T10:18:00.239,1,1
831,588aca26ed1bfc095abf2de16bf97b57,85.0,3,1786591081239,2026-08-13T10:18:01.239,1,1
832,588aca26ed1bfc095abf2de16bf97b57,86.0,3,1786591082239,2026-08-13T10:18:02.239,1,1
833,588aca26ed1bfc095abf2de16bf97b57,87.0,3,1786591083239,2026-08-13T10:18:03.239,1,1
834,588aca26ed1bfc095abf2de16bf97b57,88.0,3,1786591084239,2026-08-13T10:18:04.239,1,1
835,588aca26ed1bfc095abf2de16bf97b57,88.0,3,1786591085239,2026-08-13T10:18:05.239,1,1
836,588aca26ed1bfc095abf2de16bf97b57,88.0,3,1786591086245,2026-08-13T10:18:06.245,1,1
837,588aca26ed1bfc095abf2de16bf97b57,87.0,3,1786591087240,2026-08-13T10:18:07.240,1,1
838,588aca26ed1bfc095abf2de16bf97b57,86.0,3,1786591088248,2026-08-13T10:18:08.248,1,1
839,588aca26ed1bfc095abf2de16bf97b57,86.0,3,1786591089244,2026-08-13T10:18:09.244,1,1
840,588aca26ed1bfc095abf2de16bf97b57,85.0,3,1786591090247,2026-08-13T10:18:10.247,1,1
841,588aca26ed1bfc095abf2de16bf97b57,84.0,3,1786591091247,2026-08-13T10:18:11.247,1,1
842,588aca26ed1bfc095abf2de16bf97b57,84.0,3,1786591092243,2026-08-13T10:18:12.243,1,1
843,588aca26ed1bfc095abf2de16bf97b57,83.0,3,1786591093245,2026-08-13T10:18:13.245,1,1
844,588aca26ed1bfc095abf2de16bf97b57,83.0,3,1786591094244,2026-08-13T10:18:14.244,1,1
845,588aca26ed1bfc095abf2de16bf97b57,83.0,3,1786591095244,2026-08-13T10:18:15.244,1,1
846,588aca26ed1bfc095abf2de16bf97b57,82.0,3,1786591096252,2026-08-13T10:18:16.252,1,1
847,588aca26ed1bfc095abf2de16bf97b57,82.0,3,1786591097240,2026-08-13T10:18:17.240,1,1
848,588aca26ed1bfc095abf2de16bf97b57,82.0,3,1786591098239,2026-08-13T10:18:18.239,1,1
849,588aca26ed1bfc095abf2de16bf97b57,82.0,3,1786591099240,2026-08-13T10:18:19.240,1,1
850,588aca26ed1bfc095abf2de16bf97b57,82.0,3,1786591100239,2026-08-13T10:18:20.239,1,1
851,588aca26ed1bfc095abf2de16bf97b57,83.0,3,1786591101240,2026-08-13T10:18:21.240,1,1
852,588aca26ed1bfc095abf2de16bf97b57,83.0,3,1786591102239,2026-08-13T10:18:22.239,1,1
853,588aca26ed1bfc095abf2de16bf97b57,83.0,3,1786591103239,2026-08-13T10:18:23.239,1,1
854,588aca26ed1bfc095abf2de16bf97b57,83.0,3,1786591104240,2026-08-13T10:18:24.240,1,1
855,588aca26ed1bfc095abf2de16bf97b57,83.0,3,1786591105239,2026-08-13T10:18:25.239,1,1
856,588aca26ed1bfc095abf2de16bf97b57,83.0,3,1786591106239,2026-08-13T10:18:26.239,1,1
857,588aca26ed1bfc095abf2de16bf97b57,82.0,3,1786591107239,2026-08-13T10:18:27.239,1,1
858,588aca26ed1bfc095abf2de16bf97b57,82.0,3,1786591108241,2026-08-13T10:18:28.241,1,1
859,588aca26ed1bfc095abf2de16bf97b57,83.0,3,1786591109243,2026-08-13T10:18:29.243,1,1
860,588aca26ed1bfc095abf2de16bf97b57,83.0,3,1786591110241,2026-08-13T10:18:30.241,1,1
861,588aca26ed1bfc095abf2de16bf97b57,83.0,3,1786591111240,2026-08-13T10:18:31.240,1,1
862,588aca26ed1bfc095abf2de16bf97b57,84.0,3,1786591112239,2026-08-13T10:18:32.239,1,1
863,588aca26ed1bfc095abf2de16bf97b57,84.0,3,1786591113239,2026-08-13T10:18:33.239,1,1
864,588aca26ed1bfc095abf2de16bf97b57,85.0,3,1786591114243,2026-08-13T10:18:34.243,1,1
865,588aca26ed1bfc095abf2de16bf97b57,85.0,3,1786591115240,2026-08-13T10:18:35.240,1,1
866,588aca26ed1bfc095abf2de16bf97b57,85.0,3,1786591116239,2026-08-13T10:18:36.239,1,1
867,588aca26ed1bfc095abf2de16bf97b57,86.0,3,1786591117242,2026-08-13T10:18:37.242,1,1
868,588aca26ed1bfc095abf2de16bf97b57,86.0,3,1786591118241,2026-08-13T10:18:38.241,1,0
869,588aca26ed1bfc095abf2de16bf97b57,86.0,3,1786591119240,2026-08-13T10:18:39.240,1,1
870,588aca26ed1bfc095abf2de16bf97b57,86.0,3,1786591120239,2026-08-13T10:18:40.239,1,1
871,588aca26ed1bfc095abf2de16bf97b57,86.0,3,1786591121246,2026-08-13T10:18:41.246,1,1
872,588aca26ed1bfc095abf2de16bf97b57,86.0,3,1786591122247,2026-08-13T10:18:42.247,1,1
873,588aca26ed1bfc095abf2de16bf97b57,86.0,3,1786591123247,2026-08-13T10:18:43.247,1,1
874,588aca26ed1bfc095abf2de16bf97b57,85.0,3,1786591124242,2026-08-13T10:18:44.242,1,1
875,588aca26ed1bfc095abf2de16bf97b57,85.0,3,1786591125239,2026-08-13T10:18:45.239,1,1
876,588aca26ed1bfc095abf2de16bf97b57,85.0,3,1786591126239,2026-08-13T10:18:46.239,1,1
877,588aca26ed1bfc095abf2de16bf97b57,85.0,3,1786591127239,2026-08-13T10:18:47.239,1,1
878,588aca26ed1bfc095abf2de16bf97b57,85.0,3,1786591128240,2026-08-13T10:18:48.240,1,1
879,588aca26ed1bfc095abf2de16bf97b57,85.0,3,1786591129239,2026-08-13T10:18:49.239,1,1
880,588aca26ed1bfc095abf2de16bf97b57,85.0,3,1786591130240,2026-08-13T10:18:50.240,1,1
881,588aca26ed1bfc095abf2de16bf97b57,85.0,3,1786591131240,2026-08-13T10:18:51.240,1,1
882,588aca26ed1bfc095abf2de16bf97b57,85.0,3,1786591132241,2026-08-13T10:18:52.241,1,1
883,588aca26ed1bfc095abf2de16bf97b57,85.0,3,1786591133239,2026-08-13T10:18:53.239,1,1
884,588aca26ed1bfc095abf2de16bf97b57,86.0,3,1786591134239,2026-08-13T10:18:54.239,1,1
885,588aca26ed1bfc095abf2de16bf97b57,86.0,3,1786591135240,2026-08-13T10:18:55.240,1,1
886,588aca26ed1bfc095abf2de16bf97b57,87.0,3,1786591136241,2026-08-13T10:18:56.241,1,1
887,588aca26ed1bfc095abf2de16bf97b57,87.0,3,1786591137239,2026-08-13T10:18:57.239,1,1
888,588aca26ed1bfc095abf2de16bf97b57,88.0,3,1786591138242,2026-08-13T10:18:58.242,1,1
889,588aca26ed1bfc095abf2de16bf97b57,88.0,3,1786591139239,2026-08-13T10:18:59.239,1,1
890,588aca26ed1bfc095abf2de16bf97b57,88.0,3,1786591140239,2026-08-13T10:19:00.239,1,1
891,588aca26ed1bfc095abf2de16bf97b57,88.0,3,1786591141239,2026-08-13T10:19:01.239,1,1
892,588aca26ed1bfc095abf2de16bf97b57,88.0,3,1786591142239,2026-08-13T10:19:02.239,1,1
893,588aca26ed1bfc095abf2de16bf97b57,88.0,3,1786591143239,2026-08-13T10:19:03.239,1,1
894,588aca26ed1bfc095abf2de16bf97b57,88.0,3,1786591144240,2026-08-13T10:19:04.240,1,1
895,588aca26ed1bfc095abf2de16bf97b57,88.0,3,1786591145240,2026-08-13T10:19:05.240,1,1
896,588aca26ed1bfc095abf2de16bf97b57,88.0,3,1786591146240,2026-08-13T10:19:06.240,1,1
897,588aca26ed1bfc095abf2de16bf97b57,88.0,3,1786591147244,2026-08-13T10:19:07.244,1,1
898,588aca26ed1bfc095abf2de16bf97b57,88.0,3,1786591148248,2026-08-13T10:19:08.248,1,1
899,588aca26ed1bfc095abf2de16bf97b57,88.0,3,1786591149241,2026-08-13T10:19:09.241,1,1
900,588aca26ed1bfc095abf2de16bf97b57,88.0,3,1786591150246,2026-08-13T10:19:10.246,1,1
901,588aca26ed1bfc095abf2de16bf97b57,88.0,3,1786591151241,2026-08-13T10:19:11.241,1,1
902,588aca26ed1bfc095abf2de16bf97b57,88.0,3,1786591152239,2026-08-13T10:19:12.239,1,1
903,588aca26ed1bfc095abf2de16bf97b57,88.0,3,1786591153242,2026-08-13T10:19:13.242,1,1
904,588aca26ed1bfc095abf2de16bf97b57,88.0,3,1786591154239,2026-08-13T10:19:14.239,1,1
905,588aca26ed1bfc095abf2de16bf97b57,87.0,3,1786591155239,2026-08-13T10:19:15.239,1,1
906,588aca26ed1bfc095abf2de16bf97b57,88.0,3,1786591156240,2026-08-13T10:19:16.240,1,1
907,588aca26ed1bfc095abf2de16bf97b57,89.0,3,1786591157240,2026-08-13T10:19:17.240,1,1
908,588aca26ed1bfc095abf2de16bf97b57,89.0,3,1786591158239,2026-08-13T10:19:18.239,1,1
909,588aca26ed1bfc095abf2de16bf97b57,88.0,3,1786591159243,2026-08-13T10:19:19.243,1,1
910,588aca26ed1bfc095abf2de16bf97b57,88.0,3,1786591160242,2026-08-13T10:19:20.242,1,1
911,588aca26ed1bfc095abf2de16bf97b57,88.0,3,1786591161241,2026-08-13T10:19:21.241,1,1
912,588aca26ed1bfc095abf2de16bf97b57,88.0,3,1786591162239,2026-08-13T10:19:22.239,1,1
913,588aca26ed1bfc095abf2de16bf97b57,88.0,3,1786591163240,2026-08-13T10:19:23.240,1,1
914,588aca26ed1bfc095abf2de16bf97b57,88.0,3,1786591164239,2026-08-13T10:19:24.239,1,1
915,588aca26ed1bfc095abf2de16bf97b57,88.0,3,1786591165239,2026-08-13T10:19:25.239,1,1
916,588aca26ed1bfc095abf2de16bf97b57,89.0,3,1786591166239,2026-08-13T10:19:26.239,1,1
917,588aca26ed1bfc095abf2de16bf97b57,88.0,3,1786591167239,2026-08-13T10:19:27.239,1,1
918,588aca26ed1bfc095abf2de16bf97b57,89.0,3,1786591168240,2026-08-13T10:19:28.240,1,1
919,588aca26ed1bfc095abf2de16bf97b57,89.0,3,1786591169240,2026-08-13T10:19:29.240,1,1
920,588aca26ed1bfc095abf2de16bf97b57,90.0,3,1786591170239,2026-08-13T10:19:30.239,1,1
921,588aca26ed1bfc095abf2de16bf97b57,92.0,3,1786591171259,2026-08-13T10:19:31.259,1,1
922,588aca26ed1bfc095abf2de16bf97b57,93.0,3,1786591172247,2026-08-13T10:19:32.247,1,1
923,588aca26ed1bfc095abf2de16bf97b57,94.0,3,1786591173246,2026-08-13T10:19:33.246,1,1
924,588aca26ed1bfc095abf2de16bf97b57,94.0,3,1786591174244,2026-08-13T10:19:34.244,1,1
925,588aca26ed1bfc095abf2de16bf97b57,94.0,3,1786591175253,2026-08-13T10:19:35.253,1,1
926,588aca26ed1bfc095abf2de16bf97b57,94.0,3,1786591176239,2026-08-13T10:19:36.239,1,1
927,588aca26ed1bfc095abf2de16bf97b57,94.0,3,1786591177240,2026-08-13T10:19:37.240,1,1
928,588aca26ed1bfc095abf2de16bf97b57,93.0,3,1786591178239,2026-08-13T10:19:38.239,1,1
929,588aca26ed1bfc095abf2de16bf97b57,92.0,3,1786591179240,2026-08-13T10:19:39.240,1,1
930,588aca26ed1bfc095abf2de16bf97b57,91.0,3,1786591180246,2026-08-13T10:19:40.246,1,1
931,588aca26ed1bfc095abf2de16bf97b57,90.0,3,1786591181240,2026-08-13T10:19:41.240,1,1
932,588aca26ed1bfc095abf2de16bf97b57,89.0,3,1786591182240,2026-08-13T10:19:42.240,1,1
933,588aca26ed1bfc095abf2de16bf97b57,88.0,3,1786591183241,2026-08-13T10:19:43.241,1,1
934,588aca26ed1bfc095abf2de16bf97b57,87.0,3,1786591184242,2026-08-13T10:19:44.242,1,1
935,588aca26ed1bfc095abf2de16bf97b57,86.0,3,1786591185240,2026-08-13T10:19:45.240,1,1
936,588aca26ed1bfc095abf2de16bf97b57,86.0,3,1786591186241,2026-08-13T10:19:46.241,1,1
937,588aca26ed1bfc095abf2de16bf97b57,87.0,3,1786591187239,2026-08-13T10:19:47.239,1,1
938,588aca26ed1bfc095abf2de16bf97b57,87.0,3,1786591188240,2026-08-13T10:19:48.240,1,1
939,588aca26ed1bfc095abf2de16bf97b57,88.0,3,1786591189239,2026-08-13T10:19:49.239,1,1
940,588aca26ed1bfc095abf2de16bf97b57,88.0,3,1786591190244,2026-08-13T10:19:50.244,1,1
941,588aca26ed1bfc095abf2de16bf97b57,88.0,3,1786591191246,2026-08-13T10:19:51.246,1,1
942,588aca26ed1bfc095abf2de16bf97b57,88.0,3,1786591192239,2026-08-13T10:19:52.239,1,1
943,588aca26ed1bfc095abf2de16bf97b57,88.0,3,1786591193240,2026-08-13T10:19:53.240,1,1
944,588aca26ed1bfc095abf2de16bf97b57,88.0,3,1786591194239,2026-08-13T10:19:54.239,1,1
945,588aca26ed1bfc095abf2de16bf97b57,88.0,3,1786591195239,2026-08-13T10:19:55.239,1,1
946,588aca26ed1bfc095abf2de16bf97b57,87.0,3,1786591196239,2026-08-13T10:19:56.239,1,1
947,588aca26ed1bfc095abf2de16bf97b57,87.0,3,1786591197248,2026-08-13T10:19:57.248,1,1
948,588aca26ed1bfc095abf2de16bf97b57,87.0,3,1786591198244,2026-08-13T10:19:58.244,1,1
949,588aca26ed1bfc095abf2de16bf97b57,87.0,3,1786591199241,2026-08-13T10:19:59.241,1,1
950,588aca26ed1bfc095abf2de16bf97b57,87.0,3,1786591200246,2026-08-13T10:20:00.246,1,1
951,588aca26ed1bfc095abf2de16bf97b57,86.0,3,1786591201245,2026-08-13T10:20:01.245,1,1
952,588aca26ed1bfc095abf2de16bf97b57,86.0,3,1786591202242,2026-08-13T10:20:02.242,1,1
953,588aca26ed1bfc095abf2de16bf97b57,86.0,3,1786591203240,2026-08-13T10:20:03.240,1,1
954,588aca26ed1bfc095abf2de16bf97b57,85.0,3,1786591204239,2026-08-13T10:20:04.239,1,1
955,588aca26ed1bfc095abf2de16bf97b57,85.0,3,1786591205240,2026-08-13T10:20:05.240,1,1
956,588aca26ed1bfc095abf2de16bf97b57,86.0,3,1786591206241,2026-08-13T10:20:06.241,1,1
957,588aca26ed1bfc095abf2de16bf97b57,86.0,3,1786591207247,2026-08-13T10:20:07.247,1,1
958,588aca26ed1bfc095abf2de16bf97b57,86.0,3,1786591208240,2026-08-13T10:20:08.240,1,1
959,588aca26ed1bfc095abf2de16bf97b57,87.0,3,1786591209240,2026-08-13T10:20:09.240,1,1
960,588aca26ed1bfc095abf2de16bf97b57,87.0,3,1786591210240,2026-08-13T10:20:10.240,1,1
961,588aca26ed1bfc095abf2de16bf97b57,88.0,3,1786591211239,2026-08-13T10:20:11.239,1,1
962,588aca26ed1bfc095abf2de16bf97b57,88.0,3,1786591212239,2026-08-13T10:20:12.239,1,1
963,588aca26ed1bfc095abf2de16bf97b57,89.0,3,1786591213248,2026-08-13T10:20:13.248,1,1
964,588aca26ed1bfc095abf2de16bf97b57,89.0,3,1786591214245,2026-08-13T10:20:14.245,1,1
965,588aca26ed1bfc095abf2de16bf97b57,88.0,3,1786591215243,2026-08-13T10:20:15.243,1,1
966,588aca26ed1bfc095abf2de16bf97b57,88.0,3,1786591216242,2026-08-13T10:20:16.242,1,1
967,588aca26ed1bfc095abf2de16bf97b57,88.0,3,1786591217239,2026-08-13T10:20:17.239,1,1
968,588aca26ed1bfc095abf2de16bf97b57,89.0,3,1786591218240,2026-08-13T10:20:18.240,1,1
969,588aca26ed1bfc095abf2de16bf97b57,89.0,3,1786591219239,2026-08-13T10:20:19.239,1,1
970,588aca26ed1bfc095abf2de16bf97b57,89.0,3,1786591220239,2026-08-13T10:20:20.239,1,1
971,588aca26ed1bfc095abf2de16bf97b57,89.0,3,1786591221242,2026-08-13T10:20:21.242,1,1
972,588aca26ed1bfc095abf2de16bf97b57,89.0,3,1786591222240,2026-08-13T10:20:22.240,1,1
973,588aca26ed1bfc095abf2de16bf97b57,88.0,3,1786591223240,2026-08-13T10:20:23.240,1,1
974,588aca26ed1bfc095abf2de16bf97b57,87.0,3,1786591224239,2026-08-13T10:20:24.239,1,1
975,588aca26ed1bfc095abf2de16bf97b57,86.0,3,1786591225239,2026-08-13T10:20:25.239,1,1
976,588aca26ed1bfc095abf2de16bf97b57,85.0,3,1786591226239,2026-08-13T10:20:26.239,1,1
977,588aca26ed1bfc095abf2de16bf97b57,84.0,3,1786591227240,2026-08-13T10:20:27.240,1,1
978,588aca26ed1bfc095abf2de16bf97b57,84.0,3,1786591228240,2026-08-13T10:20:28.240,1,1
979,588aca26ed1bfc095abf2de16bf97b57,84.0,3,1786591229242,2026-08-13T10:20:29.242,1,1
980,588aca26ed1bfc095abf2de16bf97b57,84.0,3,1786591230240,2026-08-13T10:20:30.240,1,1
981,588aca26ed1bfc095abf2de16bf97b57,84.0,3,1786591231239,2026-08-13T10:20:31.239,1,1
982,588aca26ed1bfc095abf2de16bf97b57,84.0,3,1786591232240,2026-08-13T10:20:32.240,1,1
983,588aca26ed1bfc095abf2de16bf97b57,85.0,3,1786591233240,2026-08-13T10:20:33.240,1,1
984,588aca26ed1bfc095abf2de16bf97b57,85.0,3,1786591234239,2026-08-13T10:20:34.239,1,1
985,588aca26ed1bfc095abf2de16bf97b57,85.0,3,1786591235239,2026-08-13T10:20:35.239,1,1
986,588aca26ed1bfc095abf2de16bf97b57,85.0,3,1786591236240,2026-08-13T10:20:36.240,1,1
987,588aca26ed1bfc095abf2de16bf97b57,84.0,3,1786591237248,2026-08-13T10:20:37.248,1,1
988,588aca26ed1bfc095abf2de16bf97b57,85.0,3,1786591238248,2026-08-13T10:20:38.248,1,1
989,588aca26ed1bfc095abf2de16bf97b57,86.0,3,1786591239244,2026-08-13T10:20:39.244,1,1
990,588aca26ed1bfc095abf2de16bf97b57,86.0,3,1786591240243,2026-08-13T10:20:40.243,1,1
991,588aca26ed1bfc095abf2de16bf97b57,87.0,3,1786591241243,2026-08-13T10:20:41.243,1,1
992,588aca26ed1bfc095abf2de16bf97b57,88.0,3,1786591242240,2026-08-13T10:20:42.240,1,1
993,588aca26ed1bfc095abf2de16bf97b57,88.0,3,1786591243240,2026-08-13T10:20:43.240,1,1
994,588aca26ed1bfc095abf2de16bf97b57,87.0,3,1786591244240,2026-08-13T10:20:44.240,1,1
995,588aca26ed1bfc095abf2de16bf97b57,87.0,3,1786591245240,2026-08-13T10:20:45.240,1,1
996,588aca26ed1bfc095abf2de16bf97b57,86.0,3,1786591246245,2026-08-13T10:20:46.245,1,1
997,588aca26ed1bfc095abf2de16bf97b57,86.0,3,1786591247242,2026-08-13T10:20:47.242,1,1
998,588aca26ed1bfc095abf2de16bf97b57,86.0,3,1786591248241,2026-08-13T10:20:48.241,1,1
999,588aca26ed1bfc095abf2de16bf97b57,87.0,3,1786591249240,2026-08-13T10:20:49.240,1,1
1000,588aca26ed1bfc095abf2de16bf97b57,88.0,3,1786591250239,2026-08-13T10:20:50.239,1,1
1001,588aca26ed1bfc095abf2de16bf97b57,88.0,3,1786591251239,2026-08-13T10:20:51.239,1,1
1002,588aca26ed1bfc095abf2de16bf97b57,89.0,3,1786591252240,2026-08-13T10:20:52.240,1,1
1003,588aca26ed1bfc095abf2de16bf97b57,90.0,3,1786591253239,2026-08-13T10:20:53.239,1,1
1004,588aca26ed1bfc095abf2de16bf97b57,91.0,3,1786591254239,2026-08-13T10:20:54.239,1,1
1005,588aca26ed1bfc095abf2de16bf97b57,91.0,3,1786591255239,2026-08-13T10:20:55.239,1,1
1006,588aca26ed1bfc095abf2de16bf97b57,91.0,3,1786591256239,2026-08-13T10:20:56.239,1,1
1007,588aca26ed1bfc095abf2de16bf97b57,91.0,3,1786591257240,2026-08-13T10:20:57.240,1,1
1008,588aca26ed1bfc095abf2de16bf97b57,91.0,3,1786591258239,2026-08-13T10:20:58.239,1,1
1009,588aca26ed1bfc095abf2de16bf97b57,91.0,3,1786591259243,2026-08-13T10:20:59.243,1,1
1010,588aca26ed1bfc095abf2de16bf97b57,90.0,3,1786591260240,2026-08-13T10:21:00.240,1,1
1011,588aca26ed1bfc095abf2de16bf97b57,89.0,3,1786591261239,2026-08-13T10:21:01.239,1,1
1012,588aca26ed1bfc095abf2de16bf97b57,89.0,3,1786591262248,2026-08-13T10:21:02.248,1,1
1013,588aca26ed1bfc095abf2de16bf97b57,88.0,3,1786591263243,2026-08-13T10:21:03.243,1,1
1014,588aca26ed1bfc095abf2de16bf97b57,88.0,3,1786591264241,2026-08-13T10:21:04.241,1,1
1015,588aca26ed1bfc095abf2de16bf97b57,87.0,3,1786591265241,2026-08-13T10:21:05.241,1,1
1016,588aca26ed1bfc095abf2de16bf97b57,87.0,3,1786591266239,2026-08-13T10:21:06.239,1,1
1017,588aca26ed1bfc095abf2de16bf97b57,87.0,3,1786591267239,2026-08-13T10:21:07.239,1,1
1018,588aca26ed1bfc095abf2de16bf97b57,86.0,3,1786591268239,2026-08-13T10:21:08.239,1,1
1019,588aca26ed1bfc095abf2de16bf97b57,86.0,3,1786591269239,2026-08-13T10:21:09.239,1,1
1020,588aca26ed1bfc095abf2de16bf97b57,86.0,3,1786591270240,2026-08-13T10:21:10.240,1,1
1021,588aca26ed1bfc095abf2de16bf97b57,86.0,3,1786591271239,2026-08-13T10:21:11.239,1,1
1022,588aca26ed1bfc095abf2de16bf97b57,86.0,3,1786591272242,2026-08-13T10:21:12.242,1,1
1023,588aca26ed1bfc095abf2de16bf97b57,86.0,3,1786591273242,2026-08-13T10:21:13.242,1,1
1024,588aca26ed1bfc095abf2de16bf97b57,87.0,3,1786591274240,2026-08-13T10:21:14.240,1,1
1025,588aca26ed1bfc095abf2de16bf97b57,87.0,3,1786591275239,2026-08-13T10:21:15.239,1,1
1026,588aca26ed1bfc095abf2de16bf97b57,88.0,3,1786591276239,2026-08-13T10:21:16.239,1,1
1027,588aca26ed1bfc095abf2de16bf97b57,89.0,3,1786591277240,2026-08-13T10:21:17.240,1,1
1028,588aca26ed1bfc095abf2de16bf97b57,89.0,3,1786591278240,2026-08-13T10:21:18.240,1,1
1029,588aca26ed1bfc095abf2de16bf97b57,89.0,3,1786591279240,2026-08-13T10:21:19.240,1,1
1030,588aca26ed1bfc095abf2de16bf97b57,89.0,3,1786591280240,2026-08-13T10:21:20.240,1,1
1031,588aca26ed1bfc095abf2de16bf97b57,89.0,3,1786591281239,2026-08-13T10:21:21.239,1,1
1032,588aca26ed1bfc095abf2de16bf97b57,89.0,3,1786591282239,2026-08-13T10:21:22.239,1,1
1033,588aca26ed1bfc095abf2de16bf97b57,89.0,3,1786591283239,2026-08-13T10:21:23.239,1,1
1034,588aca26ed1bfc095abf2de16bf97b57,89.0,3,1786591284240,2026-08-13T10:21:24.240,1,1
1035,588aca26ed1bfc095abf2de16bf97b57,88.0,3,1786591285242,2026-08-13T10:21:25.242,1,1
1036,588aca26ed1bfc095abf2de16bf97b57,88.0,3,1786591286245,2026-08-13T10:21:26.245,1,1
1037,588aca26ed1bfc095abf2de16bf97b57,88.0,3,1786591287244,2026-08-13T10:21:27.244,1,1
1038,588aca26ed1bfc095abf2de16bf97b57,88.0,3,1786591288243,2026-08-13T10:21:28.243,1,1
1039,588aca26ed1bfc095abf2de16bf97b57,89.0,3,1786591289240,2026-08-13T10:21:29.240,1,1
1040,588aca26ed1bfc095abf2de16bf97b57,90.0,3,1786591290239,2026-08-13T10:21:30.239,1,1
1041,588aca26ed1bfc095abf2de16bf97b57,91.0,3,1786591291239,2026-08-13T10:21:31.239,1,1
1042,588aca26ed1bfc095abf2de16bf97b57,92.0,3,1786591292243,2026-08-13T10:21:32.243,1,1
1043,588aca26ed1bfc095abf2de16bf97b57,92.0,3,1786591293240,2026-08-13T10:21:33.240,1,1
1044,588aca26ed1bfc095abf2de16bf97b57,92.0,3,1786591294241,2026-08-13T10:21:34.241,1,1
1045,588aca26ed1bfc095abf2de16bf97b57,92.0,3,1786591295240,2026-08-13T10:21:35.240,1,1
1046,588aca26ed1bfc095abf2de16bf97b57,91.0,3,1786591296240,2026-08-13T10:21:36.240,1,1
1047,588aca26ed1bfc095abf2de16bf97b57,91.0,3,1786591297239,2026-08-13T10:21:37.239,1,1
1048,588aca26ed1bfc095abf2de16bf97b57,90.0,3,1786591298240,2026-08-13T10:21:38.240,1,1
1049,588aca26ed1bfc095abf2de16bf97b57,90.0,3,1786591299241,2026-08-13T10:21:39.241,1,1
1050,588aca26ed1bfc095abf2de16bf97b57,90.0,3,1786591300243,2026-08-13T10:21:40.243,1,1
1051,588aca26ed1bfc095abf2de16bf97b57,89.0,3,1786591301240,2026-08-13T10:21:41.240,1,1
1052,588aca26ed1bfc095abf2de16bf97b57,89.0,3,1786591302239,2026-08-13T10:21:42.239,1,1
1053,588aca26ed1bfc095abf2de16bf97b57,88.0,3,1786591303240,2026-08-13T10:21:43.240,1,1
1054,588aca26ed1bfc095abf2de16bf97b57,89.0,3,1786591304240,2026-08-13T10:21:44.240,1,1
1055,588aca26ed1bfc095abf2de16bf97b57,89.0,3,1786591305240,2026-08-13T10:21:45.240,1,1
1056,588aca26ed1bfc095abf2de16bf97b57,89.0,3,1786591306239,2026-08-13T10:21:46.239,1,1
1057,588aca26ed1bfc095abf2de16bf97b57,89.0,3,1786591307240,2026-08-13T10:21:47.240,1,1
1058,588aca26ed1bfc095abf2de16bf97b57,89.0,3,1786591308248,2026-08-13T10:21:48.248,1,1
1059,588aca26ed1bfc095abf2de16bf97b57,89.0,3,1786591309246,2026-08-13T10:21:49.246,1,1
1060,588aca26ed1bfc095abf2de16bf97b57,89.0,3,1786591310244,2026-08-13T10:21:50.244,1,1
1061,588aca26ed1bfc095abf2de16bf97b57,89.0,3,1786591311244,2026-08-13T10:21:51.244,1,1
1062,588aca26ed1bfc095abf2de16bf97b57,89.0,3,1786591312248,2026-08-13T10:21:52.248,1,1
1063,588aca26ed1bfc095abf2de16bf97b57,89.0,3,1786591313239,2026-08-13T10:21:53.239,1,1
1064,588aca26ed1bfc095abf2de16bf97b57,89.0,3,1786591314240,2026-08-13T10:21:54.240,1,1
1065,588aca26ed1bfc095abf2de16bf97b57,90.0,3,1786591315239,2026-08-13T10:21:55.239,1,1
1066,588aca26ed1bfc095abf2de16bf97b57,90.0,3,1786591316241,2026-08-13T10:21:56.241,1,1
1067,588aca26ed1bfc095abf2de16bf97b57,90.0,3,1786591317244,2026-08-13T10:21:57.244,1,1
1068,588aca26ed1bfc095abf2de16bf97b57,90.0,3,1786591318242,2026-08-13T10:21:58.242,1,1
1069,588aca26ed1bfc095abf2de16bf97b57,90.0,3,1786591319240,2026-08-13T10:21:59.240,1,1
1070,588aca26ed1bfc095abf2de16bf97b57,90.0,3,1786591320239,2026-08-13T10:22:00.239,1,1
1071,588aca26ed1bfc095abf2de16bf97b57,90.0,3,1786591321239,2026-08-13T10:22:01.239,1,1
1072,588aca26ed1bfc095abf2de16bf97b57,90.0,3,1786591322240,2026-08-13T10:22:02.240,1,1
1073,588aca26ed1bfc095abf2de16bf97b57,90.0,3,1786591323240,2026-08-13T10:22:03.240,1,1
1074,588aca26ed1bfc095abf2de16bf97b57,89.0,3,1786591324239,2026-08-13T10:22:04.239,1,1
1075,588aca26ed1bfc095abf2de16bf97b57,89.0,3,1786591325240,2026-08-13T10:22:05.240,1,1
1076,588aca26ed1bfc095abf2de16bf97b57,89.0,3,1786591326240,2026-08-13T10:22:06.240,1,1
1077,588aca26ed1bfc095abf2de16bf97b57,89.0,3,1786591327239,2026-08-13T10:22:07.239,1,1
1078,588aca26ed1bfc095abf2de16bf97b57,89.0,3,1786591328240,2026-08-13T10:22:08.240,1,1
1079,588aca26ed1bfc095abf2de16bf97b57,89.0,3,1786591329239,2026-08-13T10:22:09.239,1,1
1080,588aca26ed1bfc095abf2de16bf97b57,89.0,3,1786591330247,2026-08-13T10:22:10.247,1,1
1081,588aca26ed1bfc095abf2de16bf97b57,89.0,3,1786591331247,2026-08-13T10:22:11.247,1,1
1082,588aca26ed1bfc095abf2de16bf97b57,90.0,3,1786591332239,2026-08-13T10:22:12.239,1,1
1083,588aca26ed1bfc095abf2de16bf97b57,90.0,3,1786591333241,2026-08-13T10:22:13.241,1,1
1084,588aca26ed1bfc095abf2de16bf97b57,90.0,3,1786591334241,2026-08-13T10:22:14.241,1,1
1085,588aca26ed1bfc095abf2de16bf97b57,90.0,3,1786591335240,2026-08-13T10:22:15.240,1,1
1086,588aca26ed1bfc095abf2de16bf97b57,91.0,3,1786591336240,2026-08-13T10:22:16.240,1,1
1087,588aca26ed1bfc095abf2de16bf97b57,92.0,3,1786591337240,2026-08-13T10:22:17.240,1,1
1088,588aca26ed1bfc095abf2de16bf97b57,92.0,3,1786591338240,2026-08-13T10:22:18.240,1,1
1089,588aca26ed1bfc095abf2de16bf97b57,93.0,3,1786591339241,2026-08-13T10:22:19.241,1,1
1090,588aca26ed1bfc095abf2de16bf97b57,93.0,3,1786591340241,2026-08-13T10:22:20.241,1,1
1091,588aca26ed1bfc095abf2de16bf97b57,93.0,3,1786591341240,2026-08-13T10:22:21.240,1,1
1092,588aca26ed1bfc095abf2de16bf97b57,93.0,3,1786591342242,2026-08-13T10:22:22.242,1,1
1093,588aca26ed1bfc095abf2de16bf97b57,93.0,3,1786591343240,2026-08-13T10:22:23.240,1,1
1094,588aca26ed1bfc095abf2de16bf97b57,93.0,3,1786591344240,2026-08-13T10:22:24.240,1,1
1095,588aca26ed1bfc095abf2de16bf97b57,93.0,3,1786591345256,2026-08-13T10:22:25.256,1,1
1096,588aca26ed1bfc095abf2de16bf97b57,93.0,3,1786591346240,2026-08-13T10:22:26.240,1,1
1097,588aca26ed1bfc095abf2de16bf97b57,92.0,3,1786591347239,2026-08-13T10:22:27.239,1,1
1098,588aca26ed1bfc095abf2de16bf97b57,92.0,3,1786591348239,2026-08-13T10:22:28.239,1,1
1099,588aca26ed1bfc095abf2de16bf97b57,91.0,3,1786591349240,2026-08-13T10:22:29.240,1,1
1100,588aca26ed1bfc095abf2de16bf97b57,91.0,3,1786591350242,2026-08-13T10:22:30.242,1,1
1101,588aca26ed1bfc095abf2de16bf97b57,91.0,3,1786591351240,2026-08-13T10:22:31.240,1,0
1102,588aca26ed1bfc095abf2de16bf97b57,90.0,3,1786591352240,2026-08-13T10:22:32.240,1,1
1103,588aca26ed1bfc095abf2de16bf97b57,90.0,3,1786591353239,2026-08-13T10:22:33.239,1,1
1104,588aca26ed1bfc095abf2de16bf97b57,90.0,3,1786591354240,2026-08-13T10:22:34.240,1,1
1105,588aca26ed1bfc095abf2de16bf97b57,90.0,3,1786591355240,2026-08-13T10:22:35.240,1,1
1106,588aca26ed1bfc095abf2de16bf97b57,89.0,3,1786591356247,2026-08-13T10:22:36.247,1,1
1107,588aca26ed1bfc095abf2de16bf97b57,89.0,3,1786591357246,2026-08-13T10:22:37.246,1,1
1108,588aca26ed1bfc095abf2de16bf97b57,89.0,3,1786591358243,2026-08-13T10:22:38.243,1,1
1109,588aca26ed1bfc095abf2de16bf97b57,89.0,3,1786591359243,2026-08-13T10:22:39.243,1,1
1110,588aca26ed1bfc095abf2de16bf97b57,88.0,3,1786591360239,2026-08-13T10:22:40.239,1,1
1111,588aca26ed1bfc095abf2de16bf97b57,88.0,3,1786591361240,2026-08-13T10:22:41.240,1,1
1112,588aca26ed1bfc095abf2de16bf97b57,88.0,3,1786591362239,2026-08-13T10:22:42.239,1,1
1113,588aca26ed1bfc095abf2de16bf97b57,89.0,3,1786591363240,2026-08-13T10:22:43.240,1,1
1114,588aca26ed1bfc095abf2de16bf97b57,89.0,3,1786591364240,2026-08-13T10:22:44.240,1,1
1115,588aca26ed1bfc095abf2de16bf97b57,89.0,3,1786591365241,2026-08-13T10:22:45.241,1,1
1116,588aca26ed1bfc095abf2de16bf97b57,89.0,3,1786591366239,2026-08-13T10:22:46.239,1,1
1117,588aca26ed1bfc095abf2de16bf97b57,89.0,3,1786591367240,2026-08-13T10:22:47.240,1,1
1118,588aca26ed1bfc095abf2de16bf97b57,89.0,3,1786591368239,2026-08-13T10:22:48.239,1,1
1119,588aca26ed1bfc095abf2de16bf97b57,89.0,3,1786591369239,2026-08-13T10:22:49.239,1,1
1120,588aca26ed1bfc095abf2de16bf97b57,89.0,3,1786591370239,2026-08-13T10:22:50.239,1,1
1121,588aca26ed1bfc095abf2de16bf97b57,90.0,3,1786591371240,2026-08-13T10:22:51.240,1,1
1122,588aca26ed1bfc095abf2de16bf97b57,90.0,3,1786591372240,2026-08-13T10:22:52.240,1,1
1123,588aca26ed1bfc095abf2de16bf97b57,89.0,3,1786591373240,2026-08-13T10:22:53.240,1,1
1124,588aca26ed1bfc095abf2de16bf97b57,89.0,3,1786591374239,2026-08-13T10:22:54.239,1,1
1125,588aca26ed1bfc095abf2de16bf97b57,89.0,3,1786591375240,2026-08-13T10:22:55.240,1,1
1126,588aca26ed1bfc095abf2de16bf97b57,88.0,3,1786591376248,2026-08-13T10:22:56.248,1,1
1127,588aca26ed1bfc095abf2de16bf97b57,88.0,3,1786591377246,2026-08-13T10:22:57.246,1,1
1128,588aca26ed1bfc095abf2de16bf97b57,88.0,3,1786591378241,2026-08-13T10:22:58.241,1,1
1129,588aca26ed1bfc095abf2de16bf97b57,89.0,3,1786591379243,2026-08-13T10:22:59.243,1,1
1130,588aca26ed1bfc095abf2de16bf97b57,89.0,3,1786591380239,2026-08-13T10:23:00.239,1,1
1131,588aca26ed1bfc095abf2de16bf97b57,89.0,3,1786591381240,2026-08-13T10:23:01.240,1,1
1132,588aca26ed1bfc095abf2de16bf97b57,89.0,3,1786591382240,2026-08-13T10:23:02.240,1,1
1133,588aca26ed1bfc095abf2de16bf97b57,88.0,3,1786591383240,2026-08-13T10:23:03.240,1,1
1134,588aca26ed1bfc095abf2de16bf97b57,88.0,3,1786591384247,2026-08-13T10:23:04.247,1,1
1135,588aca26ed1bfc095abf2de16bf97b57,88.0,3,1786591385239,2026-08-13T10:23:05.239,1,1
1136,588aca26ed1bfc095abf2de16bf97b57,88.0,3,1786591386239,2026-08-13T10:23:06.239,1,1
1137,588aca26ed1bfc095abf2de16bf97b57,88.0,3,1786591387241,2026-08-13T10:23:07.241,1,1
1138,588aca26ed1bfc095abf2de16bf97b57,88.0,3,1786591388240,2026-08-13T10:23:08.240,1,1
1139,588aca26ed1bfc095abf2de16bf97b57,88.0,3,1786591389241,2026-08-13T10:23:09.241,1,1
1140,588aca26ed1bfc095abf2de16bf97b57,88.0,3,1786591390240,2026-08-13T10:23:10.240,1,1
1141,588aca26ed1bfc095abf2de16bf97b57,88.0,3,1786591391240,2026-08-13T10:23:11.240,1,1
1142,588aca26ed1bfc095abf2de16bf97b57,88.0,3,1786591392240,2026-08-13T10:23:12.240,1,1
1143,588aca26ed1bfc095abf2de16bf97b57,88.0,3,1786591393241,2026-08-13T10:23:13.241,1,1
1144,588aca26ed1bfc095abf2de16bf97b57,88.0,3,1786591394240,2026-08-13T10:23:14.240,1,1
1145,588aca26ed1bfc095abf2de16bf97b57,88.0,3,1786591395240,2026-08-13T10:23:15.240,1,1
1146,588aca26ed1bfc095abf2de16bf97b57,89.0,3,1786591396239,2026-08-13T10:23:16.239,1,1
1147,588aca26ed1bfc095abf2de16bf97b57,89.0,3,1786591397239,2026-08-13T10:23:17.239,1,1
1148,588aca26ed1bfc095abf2de16bf97b57,89.0,3,1786591398239,2026-08-13T10:23:18.239,1,1
1149,588aca26ed1bfc095abf2de16bf97b57,89.0,3,1786591399239,2026-08-13T10:23:19.239,1,1
1150,588aca26ed1bfc095abf2de16bf97b57,89.0,3,1786591400239,2026-08-13T10:23:20.239,1,1
1151,588aca26ed1bfc095abf2de16bf97b57,88.0,3,1786591401240,2026-08-13T10:23:21.240,1,1
1152,588aca26ed1bfc095abf2de16bf97b57,88.0,3,1786591402247,2026-08-13T10:23:22.247,1,1
1153,588aca26ed1bfc095abf2de16bf97b57,88.0,3,1786591403240,2026-08-13T10:23:23.240,1,1
1154,588aca26ed1bfc095abf2de16bf97b57,88.0,3,1786591404245,2026-08-13T10:23:24.245,1,1
1155,588aca26ed1bfc095abf2de16bf97b57,88.0,3,1786591405245,2026-08-13T10:23:25.245,1,1
1156,588aca26ed1bfc095abf2de16bf97b57,88.0,3,1786591406255,2026-08-13T10:23:26.255,1,1
1157,588aca26ed1bfc095abf2de16bf97b57,88.0,3,1786591407244,2026-08-13T10:23:27.244,1,1
1158,588aca26ed1bfc095abf2de16bf97b57,88.0,3,1786591408244,2026-08-13T10:23:28.244,1,1
1159,588aca26ed1bfc095abf2de16bf97b57,88.0,3,1786591409239,2026-08-13T10:23:29.239,1,1
1160,588aca26ed1bfc095abf2de16bf97b57,88.0,3,1786591410251,2026-08-13T10:23:30.251,1,1
1161,588aca26ed1bfc095abf2de16bf97b57,88.0,3,1786591411240,2026-08-13T10:23:31.240,1,1
1162,588aca26ed1bfc095abf2de16bf97b57,88.0,3,1786591412239,2026-08-13T10:23:32.239,1,1
1163,588aca26ed1bfc095abf2de16bf97b57,88.0,3,1786591413240,2026-08-13T10:23:33.240,1,1
1164,588aca26ed1bfc095abf2de16bf97b57,88.0,3,1786591414239,2026-08-13T10:23:34.239,1,1
1165,588aca26ed1bfc095abf2de16bf97b57,88.0,3,1786591415240,2026-08-13T10:23:35.240,1,1
1166,588aca26ed1bfc095abf2de16bf97b57,87.0,3,1786591416240,2026-08-13T10:23:36.240,1,1
1167,588aca26ed1bfc095abf2de16bf97b57,87.0,3,1786591417240,2026-08-13T10:23:37.240,1,1
1168,588aca26ed1bfc095abf2de16bf97b57,87.0,3,1786591418239,2026-08-13T10:23:38.239,1,1
1169,588aca26ed1bfc095abf2de16bf97b57,88.0,3,1786591419239,2026-08-13T10:23:39.239,1,1
1170,588aca26ed1bfc095abf2de16bf97b57,88.0,3,1786591420241,2026-08-13T10:23:40.241,1,1
1171,588aca26ed1bfc095abf2de16bf97b57,88.0,3,1786591421240,2026-08-13T10:23:41.240,1,1
1172,588aca26ed1bfc095abf2de16bf97b57,89.0,3,1786591422241,2026-08-13T10:23:42.241,1,1
1173,588aca26ed1bfc095abf2de16bf97b57,88.0,3,1786591423239,2026-08-13T10:23:43.239,1,1
1174,588aca26ed1bfc095abf2de16bf97b57,88.0,3,1786591424243,2026-08-13T10:23:44.243,1,1
1175,588aca26ed1bfc095abf2de16bf97b57,88.0,3,1786591425240,2026-08-13T10:23:45.240,1,1
1176,588aca26ed1bfc095abf2de16bf97b57,89.0,3,1786591426243,2026-08-13T10:23:46.243,1,1
1177,588aca26ed1bfc095abf2de16bf97b57,89.0,3,1786591427240,2026-08-13T10:23:47.240,1,1
1178,588aca26ed1bfc095abf2de16bf97b57,89.0,3,1786591428241,2026-08-13T10:23:48.241,1,1
1179,588aca26ed1bfc095abf2de16bf97b57,90.0,3,1786591429239,2026-08-13T10:23:49.239,1,1
1180,588aca26ed1bfc095abf2de16bf97b57,90.0,3,1786591430240,2026-08-13T10:23:50.240,1,1
1181,588aca26ed1bfc095abf2de16bf97b57,90.0,3,1786591431240,2026-08-13T10:23:51.240,1,1
1182,588aca26ed1bfc095abf2de16bf97b57,90.0,3,1786591432240,2026-08-13T10:23:52.240,1,1
1183,588aca26ed1bfc095abf2de16bf97b57,89.0,3,1786591433239,2026-08-13T10:23:53.239,1,1
1184,588aca26ed1bfc095abf2de16bf97b57,89.0,3,1786591434240,2026-08-13T10:23:54.240,1,1
1185,588aca26ed1bfc095abf2de16bf97b57,89.0,3,1786591435239,2026-08-13T10:23:55.239,1,1
1186,588aca26ed1bfc095abf2de16bf97b57,89.0,3,1786591436240,2026-08-13T10:23:56.240,1,1
1187,588aca26ed1bfc095abf2de16bf97b57,89.0,3,1786591437240,2026-08-13T10:23:57.240,1,1
1188,588aca26ed1bfc095abf2de16bf97b57,88.0,3,1786591438239,2026-08-13T10:23:58.239,1,1
1189,588aca26ed1bfc095abf2de16bf97b57,88.0,3,1786591439241,2026-08-13T10:23:59.241,1,1
1190,588aca26ed1bfc095abf2de16bf97b57,88.0,3,1786591440240,2026-08-13T10:24:00.240,1,1
1191,588aca26ed1bfc095abf2de16bf97b57,88.0,3,1786591441239,2026-08-13T10:24:01.239,1,1
1192,588aca26ed1bfc095abf2de16bf97b57,88.0,3,1786591442239,2026-08-13T10:24:02.239,1,1
1193,588aca26ed1bfc095abf2de16bf97b57,88.0,3,1786591443239,2026-08-13T10:24:03.239,1,1
1194,588aca26ed1bfc095abf2de16bf97b57,88.0,3,1786591444239,2026-08-13T10:24:04.239,1,1
1195,588aca26ed1bfc095abf2de16bf97b57,88.0,3,1786591445239,2026-08-13T10:24:05.239,1,1
1196,588aca26ed1bfc095abf2de16bf97b57,88.0,3,1786591446239,2026-08-13T10:24:06.239,1,1
1197,588aca26ed1bfc095abf2de16bf97b57,88.0,3,1786591447239,2026-08-13T10:24:07.239,1,1
1198,588aca26ed1bfc095abf2de16bf97b57,89.0,3,1786591448240,2026-08-13T10:24:08.240,1,1
1199,588aca26ed1bfc095abf2de16bf97b57,90.0,3,1786591449239,2026-08-13T10:24:09.239,1,1
1200,588aca26ed1bfc095abf2de16bf97b57,91.0,3,1786591450239,2026-08-13T10:24:10.239,1,1
1201,588aca26ed1bfc095abf2de16bf97b57,91.0,3,1786591451239,2026-08-13T10:24:11.239,1,1
1202,588aca26ed1bfc095abf2de16bf97b57,92.0,3,1786591452240,2026-08-13T10:24:12.240,1,1
1203,588aca26ed1bfc095abf2de16bf97b57,93.0,3,1786591453247,2026-08-13T10:24:13.247,1,1
1204,588aca26ed1bfc095abf2de16bf97b57,92.0,3,1786591454249,2026-08-13T10:24:14.249,1,1
1205,588aca26ed1bfc095abf2de16bf97b57,92.0,3,1786591455248,2026-08-13T10:24:15.248,1,1
1206,588aca26ed1bfc095abf2de16bf97b57,91.0,3,1786591456247,2026-08-13T10:24:16.247,1,1
1207,588aca26ed1bfc095abf2de16bf97b57,91.0,3,1786591457247,2026-08-13T10:24:17.247,1,1
1208,588aca26ed1bfc095abf2de16bf97b57,91.0,3,1786591458247,2026-08-13T10:24:18.247,1,1
1209,588aca26ed1bfc095abf2de16bf97b57,91.0,3,1786591459246,2026-08-13T10:24:19.246,1,1
1210,588aca26ed1bfc095abf2de16bf97b57,90.0,3,1786591460246,2026-08-13T10:24:20.246,1,1
1211,588aca26ed1bfc095abf2de16bf97b57,90.0,3,1786591461245,2026-08-13T10:24:21.245,1,1
1212,588aca26ed1bfc095abf2de16bf97b57,89.0,3,1786591462247,2026-08-13T10:24:22.247,1,1
1213,588aca26ed1bfc095abf2de16bf97b57,89.0,3,1786591463245,2026-08-13T10:24:23.245,1,1
1214,588aca26ed1bfc095abf2de16bf97b57,89.0,3,1786591464245,2026-08-13T10:24:24.245,1,1
1215,588aca26ed1bfc095abf2de16bf97b57,89.0,3,1786591465245,2026-08-13T10:24:25.245,1,1
1216,588aca26ed1bfc095abf2de16bf97b57,89.0,3,1786591466245,2026-08-13T10:24:26.245,1,1
1217,588aca26ed1bfc095abf2de16bf97b57,90.0,3,1786591467242,2026-08-13T10:24:27.242,1,1
1218,588aca26ed1bfc095abf2de16bf97b57,90.0,3,1786591468243,2026-08-13T10:24:28.243,1,1
1219,588aca26ed1bfc095abf2de16bf97b57,90.0,3,1786591469242,2026-08-13T10:24:29.242,1,1
1220,588aca26ed1bfc095abf2de16bf97b57,90.0,3,1786591470242,2026-08-13T10:24:30.242,1,1
1221,588aca26ed1bfc095abf2de16bf97b57,90.0,3,1786591471239,2026-08-13T10:24:31.239,1,1
1222,588aca26ed1bfc095abf2de16bf97b57,90.0,3,1786591472246,2026-08-13T10:24:32.246,1,1
1223,588aca26ed1bfc095abf2de16bf97b57,90.0,3,1786591473240,2026-08-13T10:24:33.240,1,1
1224,588aca26ed1bfc095abf2de16bf97b57,90.0,3,1786591474240,2026-08-13T10:24:34.240,1,1
1225,588aca26ed1bfc095abf2de16bf97b57,91.0,3,1786591475240,2026-08-13T10:24:35.240,1,1
1226,588aca26ed1bfc095abf2de16bf97b57,91.0,3,1786591476241,2026-08-13T10:24:36.241,1,1
1227,588aca26ed1bfc095abf2de16bf97b57,90.0,3,1786591477239,2026-08-13T10:24:37.239,1,1
1228,588aca26ed1bfc095abf2de16bf97b57,90.0,3,1786591478239,2026-08-13T10:24:38.239,1,1
1229,588aca26ed1bfc095abf2de16bf97b57,90.0,3,1786591479239,2026-08-13T10:24:39.239,1,1
1230,588aca26ed1bfc095abf2de16bf97b57,90.0,3,1786591480240,2026-08-13T10:24:40.240,1,1
1231,588aca26ed1bfc095abf2de16bf97b57,90.0,3,1786591481240,2026-08-13T10:24:41.240,1,1
1232,588aca26ed1bfc095abf2de16bf97b57,90.0,3,1786591482239,2026-08-13T10:24:42.239,1,1
1233,588aca26ed1bfc095abf2de16bf97b57,90.0,3,1786591483247,2026-08-13T10:24:43.247,1,1
1234,588aca26ed1bfc095abf2de16bf97b57,90.0,3,1786591484239,2026-08-13T10:24:44.239,1,1
1235,588aca26ed1bfc095abf2de16bf97b57,90.0,3,1786591485240,2026-08-13T10:24:45.240,1,1
1236,588aca26ed1bfc095abf2de16bf97b57,89.0,3,1786591486239,2026-08-13T10:24:46.239,1,1
1237,588aca26ed1bfc095abf2de16bf97b57,89.0,3,1786591487240,2026-08-13T10:24:47.240,1,1
1238,588aca26ed1bfc095abf2de16bf97b57,89.0,3,1786591488252,2026-08-13T10:24:48.252,1,1
1239,588aca26ed1bfc095abf2de16bf97b57,88.0,3,1786591489241,2026-08-13T10:24:49.241,1,1
1240,588aca26ed1bfc095abf2de16bf97b57,87.0,3,1786591490242,2026-08-13T10:24:50.242,1,1
1241,588aca26ed1bfc095abf2de16bf97b57,87.0,3,1786591491240,2026-08-13T10:24:51.240,1,1
1242,588aca26ed1bfc095abf2de16bf97b57,87.0,3,1786591492240,2026-08-13T10:24:52.240,1,1
1243,588aca26ed1bfc095abf2de16bf97b57,87.0,3,1786591493239,2026-08-13T10:24:53.239,1,1
1244,588aca26ed1bfc095abf2de16bf97b57,86.0,3,1786591494240,2026-08-13T10:24:54.240,1,1
1245,588aca26ed1bfc095abf2de16bf97b57,86.0,3,1786591495240,2026-08-13T10:24:55.240,1,1
1246,588aca26ed1bfc095abf2de16bf97b57,86.0,3,1786591496239,2026-08-13T10:24:56.239,1,1
1247,588aca26ed1bfc095abf2de16bf97b57,86.0,3,1786591497239,2026-08-13T10:24:57.239,1,1
1248,588aca26ed1bfc095abf2de16bf97b57,86.0,3,1786591498241,2026-08-13T10:24:58.241,1,1
1249,588aca26ed1bfc095abf2de16bf97b57,87.0,3,1786591499239,2026-08-13T10:24:59.239,1,1
1250,588aca26ed1bfc095abf2de16bf97b57,88.0,3,1786591500239,2026-08-13T10:25:00.239,1,1
1251,588aca26ed1bfc095abf2de16bf97b57,88.0,3,1786591501239,2026-08-13T10:25:01.239,1,1
1252,588aca26ed1bfc095abf2de16bf97b57,88.0,3,1786591502247,2026-08-13T10:25:02.247,1,1
1253,588aca26ed1bfc095abf2de16bf97b57,89.0,3,1786591503248,2026-08-13T10:25:03.248,1,1
1254,588aca26ed1bfc095abf2de16bf97b57,88.0,3,1786591504248,2026-08-13T10:25:04.248,0,1
1255,588aca26ed1bfc095abf2de16bf97b57,88.0,3,1786591505250,2026-08-13T10:25:05.250,0,1
1256,588aca26ed1bfc095abf2de16bf97b57,88.0,3,1786591506245,2026-08-13T10:25:06.245,0,1
1257,588aca26ed1bfc095abf2de16bf97b57,88.0,3,1786591507252,2026-08-13T10:25:07.252,0,1
