id,device_id,record_id,bpm,accuracy,time_ms,time_iso
14480,588aca26ed1bfc095abf2de16bf97b57,10062,94.0,3,1786717187896,2026-08-14T21:19:47.896
14481,588aca26ed1bfc095abf2de16bf97b57,10063,95.0,3,1786717188895,2026-08-14T21:19:48.895
14482,588aca26ed1bfc095abf2de16bf97b57,10064,95.0,3,1786717189895,2026-08-14T21:19:49.895
14483,588aca26ed1bfc095abf2de16bf97b57,10065,94.0,3,1786717190893,2026-08-14T21:19:50.893
14484,588aca26ed1bfc095abf2de16bf97b57,10066,94.0,3,1786717191894,2026-08-14T21:19:51.894
14485,588aca26ed1bfc095abf2de16bf97b57,10067,94.0,3,1786717192893,2026-08-14T21:19:52.893
14486,588aca26ed1bfc095abf2de16bf97b57,10068,94.0,3,1786717193892,2026-08-14T21:19:53.892
14487,588aca26ed1bfc095abf2de16bf97b57,10069,95.0,3,1786717194892,2026-08-14T21:19:54.892
14488,588aca26ed1bfc095abf2de16bf97b57,10070,95.0,3,1786717195892,2026-08-14T21:19:55.892
14489,588aca26ed1bfc095abf2de16bf97b57,10071,96.0,3,1786717196893,2026-08-14T21:19:56.893
14490,588aca26ed1bfc095abf2de16bf97b57,10072,97.0,3,1786717197892,2026-08-14T21:19:57.892
14491,588aca26ed1bfc095abf2de16bf97b57,10073,97.0,3,1786717198893,2026-08-14T21:19:58.893
14492,588aca26ed1bfc095abf2de16bf97b57,10074,98.0,3,1786717199893,2026-08-14T21:19:59.893
14493,588aca26ed1bfc095abf2de16bf97b57,10075,98.0,3,1786717200893,2026-08-14T21:20:00.893
14494,588aca26ed1bfc095abf2de16bf97b57,10076,97.0,3,1786717201894,2026-08-14T21:20:01.894
14495,588aca26ed1bfc095abf2de16bf97b57,10077,96.0,3,1786717202893,2026-08-14T21:20:02.893
14496,588aca26ed1bfc095abf2de16bf97b57,10078,96.0,3,1786717203893,2026-08-14T21:20:03.893
14497,588aca26ed1bfc095abf2de16bf97b57,10079,95.0,3,1786717204898,2026-08-14T21:20:04.898
14498,588aca26ed1bfc095abf2de16bf97b57,10080,94.0,3,1786717205893,2026-08-14T21:20:05.893
14499,588aca26ed1bfc095abf2de16bf97b57,10081,94.0,3,1786717206892,2026-08-14T21:20:06.892
14500,588aca26ed1bfc095abf2de16bf97b57,10082,94.0,3,1786717207894,2026-08-14T21:20:07.894
14501,588aca26ed1bfc095abf2de16bf97b57,10083,95.0,3,1786717208892,2026-08-14T21:20:08.892
14502,588aca26ed1bfc095abf2de16bf97b57,10084,95.0,3,1786717209893,2026-08-14T21:20:09.893
14503,588aca26ed1bfc095abf2de16bf97b57,10085,95.0,3,1786717210893,2026-08-14T21:20:10.893
14504,588aca26ed1bfc095abf2de16bf97b57,10086,94.0,3,1786717211894,2026-08-14T21:20:11.894
14505,588aca26ed1bfc095abf2de16bf97b57,10087,95.0,3,1786717212893,2026-08-14T21:20:12.893
14506,588aca26ed1bfc095abf2de16bf97b57,10088,96.0,3,1786717213892,2026-08-14T21:20:13.892
14507,588aca26ed1bfc095abf2de16bf97b57,10089,96.0,3,1786717214905,2026-08-14T21:20:14.905
14508,588aca26ed1bfc095abf2de16bf97b57,10090,97.0,3,1786717215894,2026-08-14T21:20:15.894
14509,588aca26ed1bfc095abf2de16bf97b57,10091,97.0,3,1786717216896,2026-08-14T21:20:16.896
14510,588aca26ed1bfc095abf2de16bf97b57,10092,99.0,3,1786717217894,2026-08-14T21:20:17.894
14511,588aca26ed1bfc095abf2de16bf97b57,10093,99.0,3,1786717218894,2026-08-14T21:20:18.894
14512,588aca26ed1bfc095abf2de16bf97b57,10094,100.0,3,1786717219895,2026-08-14T21:20:19.895
14513,588aca26ed1bfc095abf2de16bf97b57,10095,102.0,3,1786717220892,2026-08-14T21:20:20.892
14514,588aca26ed1bfc095abf2de16bf97b57,10096,102.0,3,1786717221895,2026-08-14T21:20:21.895
14515,588aca26ed1bfc095abf2de16bf97b57,10097,102.0,3,1786717222898,2026-08-14T21:20:22.898
14516,588aca26ed1bfc095abf2de16bf97b57,10098,103.0,3,1786717223893,2026-08-14T21:20:23.893
14517,588aca26ed1bfc095abf2de16bf97b57,10099,103.0,3,1786717224895,2026-08-14T21:20:24.895
14518,588aca26ed1bfc095abf2de16bf97b57,10100,102.0,3,1786717225894,2026-08-14T21:20:25.894
14519,588aca26ed1bfc095abf2de16bf97b57,10101,104.0,3,1786717226893,2026-08-14T21:20:26.893
14520,588aca26ed1bfc095abf2de16bf97b57,10102,105.0,3,1786717227893,2026-08-14T21:20:27.893
14521,588aca26ed1bfc095abf2de16bf97b57,10103,104.0,3,1786717228893,2026-08-14T21:20:28.893
14522,588aca26ed1bfc095abf2de16bf97b57,10104,103.0,3,1786717229893,2026-08-14T21:20:29.893
14523,588aca26ed1bfc095abf2de16bf97b57,10105,103.0,3,1786717230892,2026-08-14T21:20:30.892
14524,588aca26ed1bfc095abf2de16bf97b57,10106,103.0,3,1786717231893,2026-08-14T21:20:31.893
14525,588aca26ed1bfc095abf2de16bf97b57,10107,103.0,3,1786717232893,2026-08-14T21:20:32.893
14526,588aca26ed1bfc095abf2de16bf97b57,10108,104.0,3,1786717233894,2026-08-14T21:20:33.894
14527,588aca26ed1bfc095abf2de16bf97b57,10109,103.0,3,1786717234894,2026-08-14T21:20:34.894
14528,588aca26ed1bfc095abf2de16bf97b57,10110,102.0,3,1786717235893,2026-08-14T21:20:35.893
14529,588aca26ed1bfc095abf2de16bf97b57,10111,102.0,3,1786717236893,2026-08-14T21:20:36.893
14530,588aca26ed1bfc095abf2de16bf97b57,10112,100.0,3,1786717237893,2026-08-14T21:20:37.893
14531,588aca26ed1bfc095abf2de16bf97b57,10113,99.0,3,1786717238892,2026-08-14T21:20:38.892
14532,588aca26ed1bfc095abf2de16bf97b57,10114,97.0,3,1786717239892,2026-08-14T21:20:39.892
14533,588aca26ed1bfc095abf2de16bf97b57,10115,96.0,3,1786717240893,2026-08-14T21:20:40.893
14534,588aca26ed1bfc095abf2de16bf97b57,10116,95.0,3,1786717241892,2026-08-14T21:20:41.892
14535,588aca26ed1bfc095abf2de16bf97b57,10117,93.0,3,1786717242893,2026-08-14T21:20:42.893
14536,588aca26ed1bfc095abf2de16bf97b57,10118,92.0,3,1786717243893,2026-08-14T21:20:43.893
14537,588aca26ed1bfc095abf2de16bf97b57,10119,91.0,3,1786717244892,2026-08-14T21:20:44.892
14538,588aca26ed1bfc095abf2de16bf97b57,10120,92.0,3,1786717245893,2026-08-14T21:20:45.893
14539,588aca26ed1bfc095abf2de16bf97b57,10121,93.0,3,1786717246893,2026-08-14T21:20:46.893
14540,588aca26ed1bfc095abf2de16bf97b57,10122,94.0,3,1786717247893,2026-08-14T21:20:47.893
14541,588aca26ed1bfc095abf2de16bf97b57,10123,95.0,3,1786717248892,2026-08-14T21:20:48.892
14542,588aca26ed1bfc095abf2de16bf97b57,10124,96.0,3,1786717249892,2026-08-14T21:20:49.892
14543,588aca26ed1bfc095abf2de16bf97b57,10125,97.0,3,1786717250893,2026-08-14T21:20:50.893
14544,588aca26ed1bfc095abf2de16bf97b57,10126,99.0,3,1786717251893,2026-08-14T21:20:51.893
14545,588aca26ed1bfc095abf2de16bf97b57,10127,100.0,3,1786717252900,2026-08-14T21:20:52.900
14546,588aca26ed1bfc095abf2de16bf97b57,10128,101.0,3,1786717253902,2026-08-14T21:20:53.902
14547,588aca26ed1bfc095abf2de16bf97b57,10129,102.0,3,1786717254902,2026-08-14T21:20:54.902
14548,588aca26ed1bfc095abf2de16bf97b57,10130,102.0,3,1786717255899,2026-08-14T21:20:55.899
14549,588aca26ed1bfc095abf2de16bf97b57,10131,101.0,3,1786717256900,2026-08-14T21:20:56.900
14550,588aca26ed1bfc095abf2de16bf97b57,10132,100.0,3,1786717257899,2026-08-14T21:20:57.899
14551,588aca26ed1bfc095abf2de16bf97b57,10133,99.0,3,1786717258897,2026-08-14T21:20:58.897
14552,588aca26ed1bfc095abf2de16bf97b57,10134,98.0,3,1786717259898,2026-08-14T21:20:59.898
14553,588aca26ed1bfc095abf2de16bf97b57,10135,96.0,3,1786717260896,2026-08-14T21:21:00.896
14554,588aca26ed1bfc095abf2de16bf97b57,10136,96.0,3,1786717261892,2026-08-14T21:21:01.892
14555,588aca26ed1bfc095abf2de16bf97b57,10137,95.0,3,1786717262895,2026-08-14T21:21:02.895
14556,588aca26ed1bfc095abf2de16bf97b57,10138,95.0,3,1786717263896,2026-08-14T21:21:03.896
14557,588aca26ed1bfc095abf2de16bf97b57,10139,94.0,3,1786717264895,2026-08-14T21:21:04.895
14558,588aca26ed1bfc095abf2de16bf97b57,10140,93.0,3,1786717265895,2026-08-14T21:21:05.895
14559,588aca26ed1bfc095abf2de16bf97b57,10141,93.0,3,1786717266894,2026-08-14T21:21:06.894
14560,588aca26ed1bfc095abf2de16bf97b57,10142,93.0,3,1786717267894,2026-08-14T21:21:07.894
14561,588aca26ed1bfc095abf2de16bf97b57,10143,94.0,3,1786717268894,2026-08-14T21:21:08.894
14562,588aca26ed1bfc095abf2de16bf97b57,10144,94.0,3,1786717269893,2026-08-14T21:21:09.893
14563,588aca26ed1bfc095abf2de16bf97b57,10145,95.0,3,1786717270893,2026-08-14T21:21:10.893
14564,588aca26ed1bfc095abf2de16bf97b57,10146,95.0,3,1786717271892,2026-08-14T21:21:11.892
14565,588aca26ed1bfc095abf2de16bf97b57,10147,95.0,3,1786717272892,2026-08-14T21:21:12.892
14566,588aca26ed1bfc095abf2de16bf97b57,10148,95.0,3,1786717273892,2026-08-14T21:21:13.892
14567,588aca26ed1bfc095abf2de16bf97b57,10149,95.0,3,1786717274893,2026-08-14T21:21:14.893
14568,588aca26ed1bfc095abf2de16bf97b57,10150,95.0,3,1786717275893,2026-08-14T21:21:15.893
14569,588aca26ed1bfc095abf2de16bf97b57,10151,94.0,3,1786717276893,2026-08-14T21:21:16.893
14570,588aca26ed1bfc095abf2de16bf97b57,10152,94.0,3,1786717277893,2026-08-14T21:21:17.893
14571,588aca26ed1bfc095abf2de16bf97b57,10153,93.0,3,1786717278894,2026-08-14T21:21:18.894
14572,588aca26ed1bfc095abf2de16bf97b57,10154,92.0,3,1786717279892,2026-08-14T21:21:19.892
14573,588aca26ed1bfc095abf2de16bf97b57,10155,92.0,3,1786717280895,2026-08-14T21:21:20.895
14574,588aca26ed1bfc095abf2de16bf97b57,10156,92.0,3,1786717281893,2026-08-14T21:21:21.893
14575,588aca26ed1bfc095abf2de16bf97b57,10157,93.0,3,1786717282893,2026-08-14T21:21:22.893
14576,588aca26ed1bfc095abf2de16bf97b57,10158,95.0,3,1786717283892,2026-08-14T21:21:23.892
14577,588aca26ed1bfc095abf2de16bf97b57,10159,96.0,3,1786717284892,2026-08-14T21:21:24.892
14578,588aca26ed1bfc095abf2de16bf97b57,10160,97.0,3,1786717285894,2026-08-14T21:21:25.894
14579,588aca26ed1bfc095abf2de16bf97b57,10161,97.0,3,1786717286893,2026-08-14T21:21:26.893
14580,588aca26ed1bfc095abf2de16bf97b57,10162,95.0,3,1786717287892,2026-08-14T21:21:27.892
14581,588aca26ed1bfc095abf2de16bf97b57,10163,94.0,3,1786717288893,2026-08-14T21:21:28.893
14582,588aca26ed1bfc095abf2de16bf97b57,10164,93.0,3,1786717289893,2026-08-14T21:21:29.893
14583,588aca26ed1bfc095abf2de16bf97b57,10165,92.0,3,1786717290893,2026-08-14T21:21:30.893
14584,588aca26ed1bfc095abf2de16bf97b57,10166,92.0,3,1786717291893,2026-08-14T21:21:31.893
14585,588aca26ed1bfc095abf2de16bf97b57,10167,92.0,3,1786717292894,2026-08-14T21:21:32.894
14586,588aca26ed1bfc095abf2de16bf97b57,10168,91.0,3,1786717293892,2026-08-14T21:21:33.892
14587,588aca26ed1bfc095abf2de16bf97b57,10169,93.0,3,1786717294892,2026-08-14T21:21:34.892
14588,588aca26ed1bfc095abf2de16bf97b57,10170,95.0,3,1786717295893,2026-08-14T21:21:35.893
14589,588aca26ed1bfc095abf2de16bf97b57,10171,95.0,3,1786717296900,2026-08-14T21:21:36.900
14590,588aca26ed1bfc095abf2de16bf97b57,10172,95.0,3,1786717297902,2026-08-14T21:21:37.902
14591,588aca26ed1bfc095abf2de16bf97b57,10173,95.0,3,1786717298894,2026-08-14T21:21:38.894
14592,588aca26ed1bfc095abf2de16bf97b57,10174,94.0,3,1786717299897,2026-08-14T21:21:39.897
14593,588aca26ed1bfc095abf2de16bf97b57,10175,93.0,3,1786717300893,2026-08-14T21:21:40.893
14594,588aca26ed1bfc095abf2de16bf97b57,10176,92.0,3,1786717301895,2026-08-14T21:21:41.895
14595,588aca26ed1bfc095abf2de16bf97b57,10177,91.0,3,1786717302895,2026-08-14T21:21:42.895
14596,588aca26ed1bfc095abf2de16bf97b57,10178,90.0,3,1786717303894,2026-08-14T21:21:43.894
14597,588aca26ed1bfc095abf2de16bf97b57,10179,89.0,3,1786717304895,2026-08-14T21:21:44.895
14598,588aca26ed1bfc095abf2de16bf97b57,10180,88.0,3,1786717305896,2026-08-14T21:21:45.896
14599,588aca26ed1bfc095abf2de16bf97b57,10181,87.0,3,1786717306895,2026-08-14T21:21:46.895
14600,588aca26ed1bfc095abf2de16bf97b57,10182,87.0,3,1786717307894,2026-08-14T21:21:47.894
14601,588aca26ed1bfc095abf2de16bf97b57,10183,86.0,3,1786717308894,2026-08-14T21:21:48.894
14602,588aca26ed1bfc095abf2de16bf97b57,10184,86.0,3,1786717309896,2026-08-14T21:21:49.896
14603,588aca26ed1bfc095abf2de16bf97b57,10185,86.0,3,1786717310895,2026-08-14T21:21:50.895
14604,588aca26ed1bfc095abf2de16bf97b57,10186,85.0,3,1786717311895,2026-08-14T21:21:51.895
14605,588aca26ed1bfc095abf2de16bf97b57,10187,85.0,3,1786717312895,2026-08-14T21:21:52.895
14606,588aca26ed1bfc095abf2de16bf97b57,10188,85.0,3,1786717313894,2026-08-14T21:21:53.894
14607,588aca26ed1bfc095abf2de16bf97b57,10189,85.0,3,1786717314895,2026-08-14T21:21:54.895
14608,588aca26ed1bfc095abf2de16bf97b57,10190,85.0,3,1786717315892,2026-08-14T21:21:55.892
14609,588aca26ed1bfc095abf2de16bf97b57,10191,86.0,3,1786717316893,2026-08-14T21:21:56.893
14610,588aca26ed1bfc095abf2de16bf97b57,10192,86.0,3,1786717317893,2026-08-14T21:21:57.893
14611,588aca26ed1bfc095abf2de16bf97b57,10193,87.0,3,1786717318893,2026-08-14T21:21:58.893
14612,588aca26ed1bfc095abf2de16bf97b57,10194,87.0,3,1786717319896,2026-08-14T21:21:59.896
14613,588aca26ed1bfc095abf2de16bf97b57,10195,88.0,3,1786717320893,2026-08-14T21:22:00.893
14614,588aca26ed1bfc095abf2de16bf97b57,10196,88.0,3,1786717321893,2026-08-14T21:22:01.893
14615,588aca26ed1bfc095abf2de16bf97b57,10197,88.0,3,1786717322894,2026-08-14T21:22:02.894
14616,588aca26ed1bfc095abf2de16bf97b57,10198,88.0,3,1786717323893,2026-08-14T21:22:03.893
14617,588aca26ed1bfc095abf2de16bf97b57,10199,88.0,3,1786717324892,2026-08-14T21:22:04.892
14618,588aca26ed1bfc095abf2de16bf97b57,10200,88.0,3,1786717325893,2026-08-14T21:22:05.893
14619,588aca26ed1bfc095abf2de16bf97b57,10201,88.0,3,1786717326893,2026-08-14T21:22:06.893
14620,588aca26ed1bfc095abf2de16bf97b57,10202,89.0,3,1786717327893,2026-08-14T21:22:07.893
14621,588aca26ed1bfc095abf2de16bf97b57,10203,89.0,3,1786717328893,2026-08-14T21:22:08.893
14622,588aca26ed1bfc095abf2de16bf97b57,10204,89.0,3,1786717329893,2026-08-14T21:22:09.893
14623,588aca26ed1bfc095abf2de16bf97b57,10205,89.0,3,1786717330892,2026-08-14T21:22:10.892
14624,588aca26ed1bfc095abf2de16bf97b57,10206,89.0,3,1786717331893,2026-08-14T21:22:11.893
14625,588aca26ed1bfc095abf2de16bf97b57,10207,90.0,3,1786717332893,2026-08-14T21:22:12.893
14626,588aca26ed1bfc095abf2de16bf97b57,10208,90.0,3,1786717333892,2026-08-14T21:22:13.892
14627,588aca26ed1bfc095abf2de16bf97b57,10209,91.0,3,1786717334893,2026-08-14T21:22:14.893
14628,588aca26ed1bfc095abf2de16bf97b57,10210,92.0,3,1786717335893,2026-08-14T21:22:15.893
14629,588aca26ed1bfc095abf2de16bf97b57,10211,92.0,3,1786717336902,2026-08-14T21:22:16.902
14630,588aca26ed1bfc095abf2de16bf97b57,10212,91.0,3,1786717337892,2026-08-14T21:22:17.892
14631,588aca26ed1bfc095abf2de16bf97b57,10213,91.0,3,1786717338893,2026-08-14T21:22:18.893
14632,588aca26ed1bfc095abf2de16bf97b57,10214,92.0,3,1786717339894,2026-08-14T21:22:19.894
14633,588aca26ed1bfc095abf2de16bf97b57,10215,92.0,3,1786717340895,2026-08-14T21:22:20.895
14634,588aca26ed1bfc095abf2de16bf97b57,10216,93.0,3,1786717341895,2026-08-14T21:22:21.895
14635,588aca26ed1bfc095abf2de16bf97b57,10217,93.0,3,1786717342895,2026-08-14T21:22:22.895
14636,588aca26ed1bfc095abf2de16bf97b57,10218,93.0,3,1786717343892,2026-08-14T21:22:23.892
14637,588aca26ed1bfc095abf2de16bf97b57,10219,93.0,3,1786717344893,2026-08-14T21:22:24.893
14638,588aca26ed1bfc095abf2de16bf97b57,10220,92.0,3,1786717345893,2026-08-14T21:22:25.893
14639,588aca26ed1bfc095abf2de16bf97b57,10221,91.0,3,1786717346892,2026-08-14T21:22:26.892
14640,588aca26ed1bfc095abf2de16bf97b57,10222,90.0,3,1786717347893,2026-08-14T21:22:27.893
14641,588aca26ed1bfc095abf2de16bf97b57,10223,89.0,3,1786717348892,2026-08-14T21:22:28.892
14642,588aca26ed1bfc095abf2de16bf97b57,10224,89.0,3,1786717349892,2026-08-14T21:22:29.892
14643,588aca26ed1bfc095abf2de16bf97b57,10225,87.0,3,1786717350892,2026-08-14T21:22:30.892
14644,588aca26ed1bfc095abf2de16bf97b57,10226,86.0,3,1786717351892,2026-08-14T21:22:31.892
14645,588aca26ed1bfc095abf2de16bf97b57,10227,87.0,3,1786717352893,2026-08-14T21:22:32.893
14646,588aca26ed1bfc095abf2de16bf97b57,10228,87.0,3,1786717353892,2026-08-14T21:22:33.892
14647,588aca26ed1bfc095abf2de16bf97b57,10229,86.0,3,1786717354892,2026-08-14T21:22:34.892
14648,588aca26ed1bfc095abf2de16bf97b57,10230,87.0,3,1786717355893,2026-08-14T21:22:35.893
14649,588aca26ed1bfc095abf2de16bf97b57,10231,86.0,3,1786717356900,2026-08-14T21:22:36.900
14650,588aca26ed1bfc095abf2de16bf97b57,10232,86.0,3,1786717357894,2026-08-14T21:22:37.894
14651,588aca26ed1bfc095abf2de16bf97b57,10233,87.0,3,1786717358898,2026-08-14T21:22:38.898
14652,588aca26ed1bfc095abf2de16bf97b57,10234,86.0,3,1786717359892,2026-08-14T21:22:39.892
14653,588aca26ed1bfc095abf2de16bf97b57,10235,86.0,3,1786717360893,2026-08-14T21:22:40.893
14654,588aca26ed1bfc095abf2de16bf97b57,10236,88.0,3,1786717361897,2026-08-14T21:22:41.897
14655,588aca26ed1bfc095abf2de16bf97b57,10237,88.0,3,1786717362895,2026-08-14T21:22:42.895
14656,588aca26ed1bfc095abf2de16bf97b57,10238,89.0,3,1786717363895,2026-08-14T21:22:43.895
14657,588aca26ed1bfc095abf2de16bf97b57,10239,91.0,3,1786717364912,2026-08-14T21:22:44.912
14658,588aca26ed1bfc095abf2de16bf97b57,10240,91.0,3,1786717365895,2026-08-14T21:22:45.895
14659,588aca26ed1bfc095abf2de16bf97b57,10241,92.0,3,1786717366893,2026-08-14T21:22:46.893
14660,588aca26ed1bfc095abf2de16bf97b57,10242,94.0,3,1786717367894,2026-08-14T21:22:47.894
14661,588aca26ed1bfc095abf2de16bf97b57,10243,95.0,3,1786717368894,2026-08-14T21:22:48.894
14662,588aca26ed1bfc095abf2de16bf97b57,10244,96.0,3,1786717369893,2026-08-14T21:22:49.893
14663,588aca26ed1bfc095abf2de16bf97b57,10245,97.0,3,1786717370893,2026-08-14T21:22:50.893
14664,588aca26ed1bfc095abf2de16bf97b57,10246,97.0,3,1786717371894,2026-08-14T21:22:51.894
14665,588aca26ed1bfc095abf2de16bf97b57,10247,96.0,3,1786717372893,2026-08-14T21:22:52.893
14666,588aca26ed1bfc095abf2de16bf97b57,10248,94.0,3,1786717373892,2026-08-14T21:22:53.892
14667,588aca26ed1bfc095abf2de16bf97b57,10249,93.0,3,1786717374893,2026-08-14T21:22:54.893
14668,588aca26ed1bfc095abf2de16bf97b57,10250,92.0,3,1786717375892,2026-08-14T21:22:55.892
14669,588aca26ed1bfc095abf2de16bf97b57,10251,93.0,3,1786717376892,2026-08-14T21:22:56.892
14670,588aca26ed1bfc095abf2de16bf97b57,10252,92.0,3,1786717377892,2026-08-14T21:22:57.892
14671,588aca26ed1bfc095abf2de16bf97b57,10253,93.0,3,1786717378893,2026-08-14T21:22:58.893
14672,588aca26ed1bfc095abf2de16bf97b57,10254,93.0,3,1786717379893,2026-08-14T21:22:59.893
14673,588aca26ed1bfc095abf2de16bf97b57,10255,93.0,3,1786717380892,2026-08-14T21:23:00.892
14674,588aca26ed1bfc095abf2de16bf97b57,10256,92.0,3,1786717381893,2026-08-14T21:23:01.893
14675,588aca26ed1bfc095abf2de16bf97b57,10257,93.0,3,1786717382894,2026-08-14T21:23:02.894
14676,588aca26ed1bfc095abf2de16bf97b57,10258,94.0,3,1786717383892,2026-08-14T21:23:03.892
14677,588aca26ed1bfc095abf2de16bf97b57,10259,93.0,3,1786717384892,2026-08-14T21:23:04.892
14678,588aca26ed1bfc095abf2de16bf97b57,10260,93.0,3,1786717385892,2026-08-14T21:23:05.892
14679,588aca26ed1bfc095abf2de16bf97b57,10261,93.0,3,1786717386892,2026-08-14T21:23:06.892
14680,588aca26ed1bfc095abf2de16bf97b57,10262,92.0,3,1786717387892,2026-08-14T21:23:07.892
14681,588aca26ed1bfc095abf2de16bf97b57,10263,92.0,3,1786717388893,2026-08-14T21:23:08.893
14682,588aca26ed1bfc095abf2de16bf97b57,10264,92.0,3,1786717389893,2026-08-14T21:23:09.893
14683,588aca26ed1bfc095abf2de16bf97b57,10265,93.0,3,1786717390893,2026-08-14T21:23:10.893
14684,588aca26ed1bfc095abf2de16bf97b57,10266,93.0,3,1786717391893,2026-08-14T21:23:11.893
14685,588aca26ed1bfc095abf2de16bf97b57,10267,93.0,3,1786717392893,2026-08-14T21:23:12.893
14686,588aca26ed1bfc095abf2de16bf97b57,10268,94.0,3,1786717393893,2026-08-14T21:23:13.893
14687,588aca26ed1bfc095abf2de16bf97b57,10269,95.0,3,1786717394893,2026-08-14T21:23:14.893
14688,588aca26ed1bfc095abf2de16bf97b57,10270,94.0,3,1786717395902,2026-08-14T21:23:15.902
14689,588aca26ed1bfc095abf2de16bf97b57,10271,94.0,3,1786717396901,2026-08-14T21:23:16.901
14690,588aca26ed1bfc095abf2de16bf97b57,10272,93.0,3,1786717397897,2026-08-14T21:23:17.897
14691,588aca26ed1bfc095abf2de16bf97b57,10273,93.0,3,1786717398898,2026-08-14T21:23:18.898
14692,588aca26ed1bfc095abf2de16bf97b57,10274,92.0,3,1786717399898,2026-08-14T21:23:19.898
14693,588aca26ed1bfc095abf2de16bf97b57,10275,92.0,3,1786717400896,2026-08-14T21:23:20.896
14694,588aca26ed1bfc095abf2de16bf97b57,10276,92.0,3,1786717401898,2026-08-14T21:23:21.898
14695,588aca26ed1bfc095abf2de16bf97b57,10277,92.0,3,1786717402896,2026-08-14T21:23:22.896
14696,588aca26ed1bfc095abf2de16bf97b57,10278,92.0,3,1786717403897,2026-08-14T21:23:23.897
14697,588aca26ed1bfc095abf2de16bf97b57,10279,92.0,3,1786717404896,2026-08-14T21:23:24.896
14698,588aca26ed1bfc095abf2de16bf97b57,10280,92.0,3,1786717405892,2026-08-14T21:23:25.892
14699,588aca26ed1bfc095abf2de16bf97b57,10281,93.0,3,1786717406893,2026-08-14T21:23:26.893
14700,588aca26ed1bfc095abf2de16bf97b57,10282,93.0,3,1786717407894,2026-08-14T21:23:27.894
14701,588aca26ed1bfc095abf2de16bf97b57,10283,93.0,3,1786717408892,2026-08-14T21:23:28.892
14702,588aca26ed1bfc095abf2de16bf97b57,10284,93.0,3,1786717409893,2026-08-14T21:23:29.893
14703,588aca26ed1bfc095abf2de16bf97b57,10285,92.0,3,1786717410893,2026-08-14T21:23:30.893
14704,588aca26ed1bfc095abf2de16bf97b57,10286,91.0,3,1786717411892,2026-08-14T21:23:31.892
14705,588aca26ed1bfc095abf2de16bf97b57,10287,92.0,3,1786717412893,2026-08-14T21:23:32.893
14706,588aca26ed1bfc095abf2de16bf97b57,10288,92.0,3,1786717413893,2026-08-14T21:23:33.893
14707,588aca26ed1bfc095abf2de16bf97b57,10289,93.0,3,1786717414893,2026-08-14T21:23:34.893
14708,588aca26ed1bfc095abf2de16bf97b57,10290,94.0,3,1786717415895,2026-08-14T21:23:35.895
14709,588aca26ed1bfc095abf2de16bf97b57,10291,95.0,3,1786717416893,2026-08-14T21:23:36.893
14710,588aca26ed1bfc095abf2de16bf97b57,10292,95.0,3,1786717417893,2026-08-14T21:23:37.893
14711,588aca26ed1bfc095abf2de16bf97b57,10293,96.0,3,1786717418893,2026-08-14T21:23:38.893
14712,588aca26ed1bfc095abf2de16bf97b57,10294,96.0,3,1786717419893,2026-08-14T21:23:39.893
14713,588aca26ed1bfc095abf2de16bf97b57,10295,95.0,3,1786717420892,2026-08-14T21:23:40.892
14714,588aca26ed1bfc095abf2de16bf97b57,10296,93.0,3,1786717421893,2026-08-14T21:23:41.893
14715,588aca26ed1bfc095abf2de16bf97b57,10297,92.0,3,1786717422893,2026-08-14T21:23:42.893
14716,588aca26ed1bfc095abf2de16bf97b57,10298,91.0,3,1786717423893,2026-08-14T21:23:43.893
14717,588aca26ed1bfc095abf2de16bf97b57,10299,90.0,3,1786717424892,2026-08-14T21:23:44.892
14718,588aca26ed1bfc095abf2de16bf97b57,10300,89.0,3,1786717425897,2026-08-14T21:23:45.897
14719,588aca26ed1bfc095abf2de16bf97b57,10301,88.0,3,1786717426893,2026-08-14T21:23:46.893
14720,588aca26ed1bfc095abf2de16bf97b57,10302,87.0,3,1786717427893,2026-08-14T21:23:47.893
14721,588aca26ed1bfc095abf2de16bf97b57,10303,87.0,3,1786717428893,2026-08-14T21:23:48.893
14722,588aca26ed1bfc095abf2de16bf97b57,10304,87.0,3,1786717429893,2026-08-14T21:23:49.893
14723,588aca26ed1bfc095abf2de16bf97b57,10305,88.0,3,1786717430895,2026-08-14T21:23:50.895
14724,588aca26ed1bfc095abf2de16bf97b57,10306,87.0,3,1786717431894,2026-08-14T21:23:51.894
14725,588aca26ed1bfc095abf2de16bf97b57,10307,87.0,3,1786717432895,2026-08-14T21:23:52.895
14726,588aca26ed1bfc095abf2de16bf97b57,10308,87.0,3,1786717433894,2026-08-14T21:23:53.894
14727,588aca26ed1bfc095abf2de16bf97b57,10309,86.0,3,1786717434893,2026-08-14T21:23:54.893
14728,588aca26ed1bfc095abf2de16bf97b57,10310,86.0,3,1786717435893,2026-08-14T21:23:55.893
14729,588aca26ed1bfc095abf2de16bf97b57,10311,85.0,3,1786717436892,2026-08-14T21:23:56.892
14730,588aca26ed1bfc095abf2de16bf97b57,10312,85.0,3,1786717437893,2026-08-14T21:23:57.893
14731,588aca26ed1bfc095abf2de16bf97b57,10313,84.0,3,1786717438893,2026-08-14T21:23:58.893
14732,588aca26ed1bfc095abf2de16bf97b57,10314,84.0,3,1786717439893,2026-08-14T21:23:59.893
14733,588aca26ed1bfc095abf2de16bf97b57,10315,84.0,3,1786717440893,2026-08-14T21:24:00.893
14734,588aca26ed1bfc095abf2de16bf97b57,10316,84.0,3,1786717441893,2026-08-14T21:24:01.893
14735,588aca26ed1bfc095abf2de16bf97b57,10317,84.0,3,1786717442892,2026-08-14T21:24:02.892
14736,588aca26ed1bfc095abf2de16bf97b57,10318,84.0,3,1786717443893,2026-08-14T21:24:03.893
14737,588aca26ed1bfc095abf2de16bf97b57,10319,83.0,3,1786717444893,2026-08-14T21:24:04.893
14738,588aca26ed1bfc095abf2de16bf97b57,10320,83.0,3,1786717445893,2026-08-14T21:24:05.893
14739,588aca26ed1bfc095abf2de16bf97b57,10321,83.0,3,1786717446893,2026-08-14T21:24:06.893
14740,588aca26ed1bfc095abf2de16bf97b57,10322,84.0,3,1786717447893,2026-08-14T21:24:07.893
14741,588aca26ed1bfc095abf2de16bf97b57,10323,84.0,3,1786717448893,2026-08-14T21:24:08.893
14742,588aca26ed1bfc095abf2de16bf97b57,10324,85.0,3,1786717449893,2026-08-14T21:24:09.893
14743,588aca26ed1bfc095abf2de16bf97b57,10325,85.0,3,1786717450897,2026-08-14T21:24:10.897
14744,588aca26ed1bfc095abf2de16bf97b57,10326,85.0,3,1786717451902,2026-08-14T21:24:11.902
14745,588aca26ed1bfc095abf2de16bf97b57,10327,85.0,3,1786717452902,2026-08-14T21:24:12.902
14746,588aca26ed1bfc095abf2de16bf97b57,10328,84.0,3,1786717453901,2026-08-14T21:24:13.901
14747,588aca26ed1bfc095abf2de16bf97b57,10329,84.0,3,1786717454898,2026-08-14T21:24:14.898
14748,588aca26ed1bfc095abf2de16bf97b57,10330,83.0,3,1786717455895,2026-08-14T21:24:15.895
14749,588aca26ed1bfc095abf2de16bf97b57,10331,84.0,3,1786717456893,2026-08-14T21:24:16.893
14750,588aca26ed1bfc095abf2de16bf97b57,10332,85.0,3,1786717457894,2026-08-14T21:24:17.894
14751,588aca26ed1bfc095abf2de16bf97b57,10333,85.0,3,1786717458892,2026-08-14T21:24:18.892
14752,588aca26ed1bfc095abf2de16bf97b57,10334,86.0,3,1786717459893,2026-08-14T21:24:19.893
14753,588aca26ed1bfc095abf2de16bf97b57,10335,86.0,3,1786717460893,2026-08-14T21:24:20.893
14754,588aca26ed1bfc095abf2de16bf97b57,10336,87.0,3,1786717461893,2026-08-14T21:24:21.893
14755,588aca26ed1bfc095abf2de16bf97b57,10337,88.0,3,1786717462894,2026-08-14T21:24:22.894
14756,588aca26ed1bfc095abf2de16bf97b57,10338,89.0,3,1786717463893,2026-08-14T21:24:23.893
14757,588aca26ed1bfc095abf2de16bf97b57,10339,90.0,3,1786717464893,2026-08-14T21:24:24.893
14758,588aca26ed1bfc095abf2de16bf97b57,10340,89.0,3,1786717465893,2026-08-14T21:24:25.893
14759,588aca26ed1bfc095abf2de16bf97b57,10341,88.0,3,1786717466893,2026-08-14T21:24:26.893
14760,588aca26ed1bfc095abf2de16bf97b57,10342,87.0,3,1786717467893,2026-08-14T21:24:27.893
14761,588aca26ed1bfc095abf2de16bf97b57,10343,86.0,3,1786717468896,2026-08-14T21:24:28.896
14762,588aca26ed1bfc095abf2de16bf97b57,10344,85.0,3,1786717469893,2026-08-14T21:24:29.893
14763,588aca26ed1bfc095abf2de16bf97b57,10345,85.0,3,1786717470893,2026-08-14T21:24:30.893
14764,588aca26ed1bfc095abf2de16bf97b57,10346,84.0,3,1786717471893,2026-08-14T21:24:31.893
14765,588aca26ed1bfc095abf2de16bf97b57,10347,84.0,3,1786717472893,2026-08-14T21:24:32.893
14766,588aca26ed1bfc095abf2de16bf97b57,10348,86.0,3,1786717473893,2026-08-14T21:24:33.893
14767,588aca26ed1bfc095abf2de16bf97b57,10349,87.0,3,1786717474893,2026-08-14T21:24:34.893
14768,588aca26ed1bfc095abf2de16bf97b57,10350,88.0,3,1786717475893,2026-08-14T21:24:35.893
14769,588aca26ed1bfc095abf2de16bf97b57,10351,88.0,3,1786717476902,2026-08-14T21:24:36.902
14770,588aca26ed1bfc095abf2de16bf97b57,10352,87.0,3,1786717477899,2026-08-14T21:24:37.899
14771,588aca26ed1bfc095abf2de16bf97b57,10353,86.0,3,1786717478900,2026-08-14T21:24:38.900
14772,588aca26ed1bfc095abf2de16bf97b57,10354,86.0,3,1786717479892,2026-08-14T21:24:39.892
14773,588aca26ed1bfc095abf2de16bf97b57,10355,85.0,3,1786717480893,2026-08-14T21:24:40.893
14774,588aca26ed1bfc095abf2de16bf97b57,10356,85.0,3,1786717481900,2026-08-14T21:24:41.900
14775,588aca26ed1bfc095abf2de16bf97b57,10357,85.0,3,1786717482896,2026-08-14T21:24:42.896
14776,588aca26ed1bfc095abf2de16bf97b57,10358,85.0,3,1786717483892,2026-08-14T21:24:43.892
14777,588aca26ed1bfc095abf2de16bf97b57,10359,85.0,3,1786717484893,2026-08-14T21:24:44.893
14778,588aca26ed1bfc095abf2de16bf97b57,10360,84.0,3,1786717485892,2026-08-14T21:24:45.892
14779,588aca26ed1bfc095abf2de16bf97b57,10361,84.0,3,1786717486893,2026-08-14T21:24:46.893
14780,588aca26ed1bfc095abf2de16bf97b57,10362,84.0,3,1786717487893,2026-08-14T21:24:47.893
14781,588aca26ed1bfc095abf2de16bf97b57,10363,85.0,3,1786717488893,2026-08-14T21:24:48.893
14782,588aca26ed1bfc095abf2de16bf97b57,10364,84.0,3,1786717489894,2026-08-14T21:24:49.894
14783,588aca26ed1bfc095abf2de16bf97b57,10365,84.0,3,1786717490892,2026-08-14T21:24:50.892
14784,588aca26ed1bfc095abf2de16bf97b57,10366,86.0,3,1786717491893,2026-08-14T21:24:51.893
14785,588aca26ed1bfc095abf2de16bf97b57,10367,86.0,3,1786717492893,2026-08-14T21:24:52.893
14786,588aca26ed1bfc095abf2de16bf97b57,10368,86.0,3,1786717493893,2026-08-14T21:24:53.893
14787,588aca26ed1bfc095abf2de16bf97b57,10369,87.0,3,1786717494893,2026-08-14T21:24:54.893
14788,588aca26ed1bfc095abf2de16bf97b57,10370,88.0,3,1786717495899,2026-08-14T21:24:55.899
14789,588aca26ed1bfc095abf2de16bf97b57,10371,88.0,3,1786717496900,2026-08-14T21:24:56.900
14790,588aca26ed1bfc095abf2de16bf97b57,10372,89.0,3,1786717497899,2026-08-14T21:24:57.899
14791,588aca26ed1bfc095abf2de16bf97b57,10373,90.0,3,1786717498900,2026-08-14T21:24:58.900
14792,588aca26ed1bfc095abf2de16bf97b57,10374,91.0,3,1786717499899,2026-08-14T21:24:59.899
14793,588aca26ed1bfc095abf2de16bf97b57,10375,92.0,3,1786717500898,2026-08-14T21:25:00.898
14794,588aca26ed1bfc095abf2de16bf97b57,10376,93.0,3,1786717501896,2026-08-14T21:25:01.896
14795,588aca26ed1bfc095abf2de16bf97b57,10377,94.0,3,1786717502895,2026-08-14T21:25:02.895
14796,588aca26ed1bfc095abf2de16bf97b57,10378,96.0,3,1786717503894,2026-08-14T21:25:03.894
14797,588aca26ed1bfc095abf2de16bf97b57,10379,97.0,3,1786717504902,2026-08-14T21:25:04.902
14798,588aca26ed1bfc095abf2de16bf97b57,10380,96.0,3,1786717505892,2026-08-14T21:25:05.892
14799,588aca26ed1bfc095abf2de16bf97b57,10381,95.0,3,1786717506893,2026-08-14T21:25:06.893
14800,588aca26ed1bfc095abf2de16bf97b57,10382,94.0,3,1786717507893,2026-08-14T21:25:07.893
14801,588aca26ed1bfc095abf2de16bf97b57,10383,93.0,3,1786717508894,2026-08-14T21:25:08.894
14802,588aca26ed1bfc095abf2de16bf97b57,10384,92.0,3,1786717509894,2026-08-14T21:25:09.894
14803,588aca26ed1bfc095abf2de16bf97b57,10385,90.0,3,1786717510893,2026-08-14T21:25:10.893
14804,588aca26ed1bfc095abf2de16bf97b57,10386,89.0,3,1786717511893,2026-08-14T21:25:11.893
14805,588aca26ed1bfc095abf2de16bf97b57,10387,89.0,3,1786717512893,2026-08-14T21:25:12.893
14806,588aca26ed1bfc095abf2de16bf97b57,10388,88.0,3,1786717513893,2026-08-14T21:25:13.893
14807,588aca26ed1bfc095abf2de16bf97b57,10389,87.0,3,1786717514893,2026-08-14T21:25:14.893
14808,588aca26ed1bfc095abf2de16bf97b57,10390,87.0,3,1786717515893,2026-08-14T21:25:15.893
14809,588aca26ed1bfc095abf2de16bf97b57,10391,88.0,3,1786717516893,2026-08-14T21:25:16.893
14810,588aca26ed1bfc095abf2de16bf97b57,10392,89.0,3,1786717517893,2026-08-14T21:25:17.893
14811,588aca26ed1bfc095abf2de16bf97b57,10393,90.0,3,1786717518893,2026-08-14T21:25:18.893
14812,588aca26ed1bfc095abf2de16bf97b57,10394,90.0,3,1786717519893,2026-08-14T21:25:19.893
14813,588aca26ed1bfc095abf2de16bf97b57,10395,90.0,3,1786717520892,2026-08-14T21:25:20.892
14814,588aca26ed1bfc095abf2de16bf97b57,10396,89.0,3,1786717521896,2026-08-14T21:25:21.896
14815,588aca26ed1bfc095abf2de16bf97b57,10397,88.0,3,1786717522895,2026-08-14T21:25:22.895
14816,588aca26ed1bfc095abf2de16bf97b57,10398,88.0,3,1786717523894,2026-08-14T21:25:23.894
14817,588aca26ed1bfc095abf2de16bf97b57,10399,88.0,3,1786717524894,2026-08-14T21:25:24.894
14818,588aca26ed1bfc095abf2de16bf97b57,10400,88.0,3,1786717525894,2026-08-14T21:25:25.894
14819,588aca26ed1bfc095abf2de16bf97b57,10401,88.0,3,1786717526893,2026-08-14T21:25:26.893
14820,588aca26ed1bfc095abf2de16bf97b57,10402,88.0,3,1786717527892,2026-08-14T21:25:27.892
14821,588aca26ed1bfc095abf2de16bf97b57,10403,88.0,3,1786717528892,2026-08-14T21:25:28.892
14822,588aca26ed1bfc095abf2de16bf97b57,10404,87.0,3,1786717529892,2026-08-14T21:25:29.892
14823,588aca26ed1bfc095abf2de16bf97b57,10405,87.0,3,1786717530892,2026-08-14T21:25:30.892
14824,588aca26ed1bfc095abf2de16bf97b57,10406,87.0,3,1786717531895,2026-08-14T21:25:31.895
14825,588aca26ed1bfc095abf2de16bf97b57,10407,88.0,3,1786717532893,2026-08-14T21:25:32.893
14826,588aca26ed1bfc095abf2de16bf97b57,10408,88.0,3,1786717533892,2026-08-14T21:25:33.892
14827,588aca26ed1bfc095abf2de16bf97b57,10409,87.0,3,1786717534893,2026-08-14T21:25:34.893
14828,588aca26ed1bfc095abf2de16bf97b57,10410,87.0,3,1786717535893,2026-08-14T21:25:35.893
14829,588aca26ed1bfc095abf2de16bf97b57,10411,87.0,3,1786717536892,2026-08-14T21:25:36.892
14830,588aca26ed1bfc095abf2de16bf97b57,10412,88.0,3,1786717537893,2026-08-14T21:25:37.893
14831,588aca26ed1bfc095abf2de16bf97b57,10413,88.0,3,1786717538893,2026-08-14T21:25:38.893
14832,588aca26ed1bfc095abf2de16bf97b57,10414,89.0,3,1786717539894,2026-08-14T21:25:39.894
14833,588aca26ed1bfc095abf2de16bf97b57,10415,89.0,3,1786717540892,2026-08-14T21:25:40.892
14834,588aca26ed1bfc095abf2de16bf97b57,10416,90.0,3,1786717541895,2026-08-14T21:25:41.895
14835,588aca26ed1bfc095abf2de16bf97b57,10417,90.0,3,1786717542894,2026-08-14T21:25:42.894
14836,588aca26ed1bfc095abf2de16bf97b57,10418,90.0,3,1786717543893,2026-08-14T21:25:43.893
14837,588aca26ed1bfc095abf2de16bf97b57,10419,92.0,3,1786717544893,2026-08-14T21:25:44.893
14838,588aca26ed1bfc095abf2de16bf97b57,10420,93.0,3,1786717545893,2026-08-14T21:25:45.893
14839,588aca26ed1bfc095abf2de16bf97b57,10421,93.0,3,1786717546900,2026-08-14T21:25:46.900
14840,588aca26ed1bfc095abf2de16bf97b57,10422,92.0,3,1786717547894,2026-08-14T21:25:47.894
14841,588aca26ed1bfc095abf2de16bf97b57,10423,91.0,3,1786717548892,2026-08-14T21:25:48.892
14842,588aca26ed1bfc095abf2de16bf97b57,10424,90.0,3,1786717549892,2026-08-14T21:25:49.892
14843,588aca26ed1bfc095abf2de16bf97b57,10425,89.0,3,1786717550892,2026-08-14T21:25:50.892
14844,588aca26ed1bfc095abf2de16bf97b57,10426,88.0,3,1786717551892,2026-08-14T21:25:51.892
14845,588aca26ed1bfc095abf2de16bf97b57,10427,87.0,3,1786717552892,2026-08-14T21:25:52.892
14846,588aca26ed1bfc095abf2de16bf97b57,10428,87.0,3,1786717553893,2026-08-14T21:25:53.893
14847,588aca26ed1bfc095abf2de16bf97b57,10429,86.0,3,1786717554893,2026-08-14T21:25:54.893
14848,588aca26ed1bfc095abf2de16bf97b57,10430,86.0,3,1786717555892,2026-08-14T21:25:55.892
14849,588aca26ed1bfc095abf2de16bf97b57,10431,86.0,3,1786717556892,2026-08-14T21:25:56.892
14850,588aca26ed1bfc095abf2de16bf97b57,10432,86.0,3,1786717557893,2026-08-14T21:25:57.893
14851,588aca26ed1bfc095abf2de16bf97b57,10433,87.0,3,1786717558893,2026-08-14T21:25:58.893
14852,588aca26ed1bfc095abf2de16bf97b57,10434,87.0,3,1786717559892,2026-08-14T21:25:59.892
14853,588aca26ed1bfc095abf2de16bf97b57,10435,89.0,3,1786717560892,2026-08-14T21:26:00.892
14854,588aca26ed1bfc095abf2de16bf97b57,10436,90.0,3,1786717561892,2026-08-14T21:26:01.892
14855,588aca26ed1bfc095abf2de16bf97b57,10437,91.0,3,1786717562893,2026-08-14T21:26:02.893
14856,588aca26ed1bfc095abf2de16bf97b57,10438,92.0,3,1786717563892,2026-08-14T21:26:03.892
14857,588aca26ed1bfc095abf2de16bf97b57,10439,93.0,3,1786717564892,2026-08-14T21:26:04.892
14858,588aca26ed1bfc095abf2de16bf97b57,10440,93.0,3,1786717565893,2026-08-14T21:26:05.893
14859,588aca26ed1bfc095abf2de16bf97b57,10441,93.0,3,1786717566892,2026-08-14T21:26:06.892
14860,588aca26ed1bfc095abf2de16bf97b57,10442,92.0,3,1786717567893,2026-08-14T21:26:07.893
14861,588aca26ed1bfc095abf2de16bf97b57,10443,91.0,3,1786717568893,2026-08-14T21:26:08.893
14862,588aca26ed1bfc095abf2de16bf97b57,10444,90.0,3,1786717569892,2026-08-14T21:26:09.892
14863,588aca26ed1bfc095abf2de16bf97b57,10445,89.0,3,1786717570893,2026-08-14T21:26:10.893
14864,588aca26ed1bfc095abf2de16bf97b57,10446,87.0,3,1786717571910,2026-08-14T21:26:11.910
14865,588aca26ed1bfc095abf2de16bf97b57,10447,86.0,3,1786717572894,2026-08-14T21:26:12.894
14866,588aca26ed1bfc095abf2de16bf97b57,10448,85.0,3,1786717573914,2026-08-14T21:26:13.914
14867,588aca26ed1bfc095abf2de16bf97b57,10449,85.0,3,1786717574901,2026-08-14T21:26:14.901
14868,588aca26ed1bfc095abf2de16bf97b57,10450,84.0,3,1786717575892,2026-08-14T21:26:15.892
14869,588aca26ed1bfc095abf2de16bf97b57,10451,85.0,3,1786717576892,2026-08-14T21:26:16.892
14870,588aca26ed1bfc095abf2de16bf97b57,10452,85.0,3,1786717577895,2026-08-14T21:26:17.895
14871,588aca26ed1bfc095abf2de16bf97b57,10453,85.0,3,1786717578895,2026-08-14T21:26:18.895
14872,588aca26ed1bfc095abf2de16bf97b57,10454,85.0,3,1786717579895,2026-08-14T21:26:19.895
14873,588aca26ed1bfc095abf2de16bf97b57,10455,85.0,3,1786717580895,2026-08-14T21:26:20.895
14874,588aca26ed1bfc095abf2de16bf97b57,10456,86.0,3,1786717581892,2026-08-14T21:26:21.892
14875,588aca26ed1bfc095abf2de16bf97b57,10457,85.0,3,1786717582894,2026-08-14T21:26:22.894
14876,588aca26ed1bfc095abf2de16bf97b57,10458,88.0,3,1786717583897,2026-08-14T21:26:23.897
14877,588aca26ed1bfc095abf2de16bf97b57,10459,90.0,3,1786717584894,2026-08-14T21:26:24.894
14878,588aca26ed1bfc095abf2de16bf97b57,10460,91.0,3,1786717585894,2026-08-14T21:26:25.894
14879,588aca26ed1bfc095abf2de16bf97b57,10461,94.0,3,1786717586895,2026-08-14T21:26:26.895
14880,588aca26ed1bfc095abf2de16bf97b57,10462,98.0,3,1786717587895,2026-08-14T21:26:27.895
14881,588aca26ed1bfc095abf2de16bf97b57,10463,101.0,3,1786717588895,2026-08-14T21:26:28.895
14882,588aca26ed1bfc095abf2de16bf97b57,10464,103.0,3,1786717589895,2026-08-14T21:26:29.895
14883,588aca26ed1bfc095abf2de16bf97b57,10465,105.0,3,1786717590895,2026-08-14T21:26:30.895
14884,588aca26ed1bfc095abf2de16bf97b57,10466,105.0,3,1786717591895,2026-08-14T21:26:31.895
14885,588aca26ed1bfc095abf2de16bf97b57,10467,104.0,3,1786717592893,2026-08-14T21:26:32.893
14886,588aca26ed1bfc095abf2de16bf97b57,10468,104.0,3,1786717593895,2026-08-14T21:26:33.895
14887,588aca26ed1bfc095abf2de16bf97b57,10469,103.0,3,1786717594895,2026-08-14T21:26:34.895
14888,588aca26ed1bfc095abf2de16bf97b57,10470,103.0,3,1786717595894,2026-08-14T21:26:35.894
14889,588aca26ed1bfc095abf2de16bf97b57,10471,103.0,3,1786717596894,2026-08-14T21:26:36.894
14890,588aca26ed1bfc095abf2de16bf97b57,10472,102.0,3,1786717597895,2026-08-14T21:26:37.895
14891,588aca26ed1bfc095abf2de16bf97b57,10473,102.0,3,1786717598895,2026-08-14T21:26:38.895
14892,588aca26ed1bfc095abf2de16bf97b57,10474,101.0,3,1786717599892,2026-08-14T21:26:39.892
14893,588aca26ed1bfc095abf2de16bf97b57,10475,101.0,3,1786717600894,2026-08-14T21:26:40.894
14894,588aca26ed1bfc095abf2de16bf97b57,10476,101.0,3,1786717601895,2026-08-14T21:26:41.895
14895,588aca26ed1bfc095abf2de16bf97b57,10477,100.0,3,1786717602895,2026-08-14T21:26:42.895
14896,588aca26ed1bfc095abf2de16bf97b57,10478,99.0,3,1786717603894,2026-08-14T21:26:43.894
14897,588aca26ed1bfc095abf2de16bf97b57,10479,100.0,3,1786717604894,2026-08-14T21:26:44.894
14898,588aca26ed1bfc095abf2de16bf97b57,10480,100.0,3,1786717605894,2026-08-14T21:26:45.894
14899,588aca26ed1bfc095abf2de16bf97b57,10481,100.0,3,1786717606894,2026-08-14T21:26:46.894
14900,588aca26ed1bfc095abf2de16bf97b57,10482,100.0,3,1786717607894,2026-08-14T21:26:47.894
14901,588aca26ed1bfc095abf2de16bf97b57,10483,100.0,3,1786717608892,2026-08-14T21:26:48.892
14902,588aca26ed1bfc095abf2de16bf97b57,10484,99.0,3,1786717609892,2026-08-14T21:26:49.892
14903,588aca26ed1bfc095abf2de16bf97b57,10485,101.0,3,1786717610892,2026-08-14T21:26:50.892
14904,588aca26ed1bfc095abf2de16bf97b57,10486,101.0,3,1786717611894,2026-08-14T21:26:51.894
14905,588aca26ed1bfc095abf2de16bf97b57,10487,100.0,3,1786717612893,2026-08-14T21:26:52.893
14906,588aca26ed1bfc095abf2de16bf97b57,10488,100.0,3,1786717613894,2026-08-14T21:26:53.894
14907,588aca26ed1bfc095abf2de16bf97b57,10489,99.0,3,1786717614894,2026-08-14T21:26:54.894
14908,588aca26ed1bfc095abf2de16bf97b57,10490,102.0,3,1786717615894,2026-08-14T21:26:55.894
14909,588aca26ed1bfc095abf2de16bf97b57,10491,101.0,3,1786717616895,2026-08-14T21:26:56.895
14910,588aca26ed1bfc095abf2de16bf97b57,10492,99.0,3,1786717617895,2026-08-14T21:26:57.895
14911,588aca26ed1bfc095abf2de16bf97b57,10493,98.0,3,1786717618894,2026-08-14T21:26:58.894
14912,588aca26ed1bfc095abf2de16bf97b57,10494,97.0,3,1786717619894,2026-08-14T21:26:59.894
14913,588aca26ed1bfc095abf2de16bf97b57,10495,96.0,3,1786717620892,2026-08-14T21:27:00.892
14914,588aca26ed1bfc095abf2de16bf97b57,10496,96.0,3,1786717621892,2026-08-14T21:27:01.892
14915,588aca26ed1bfc095abf2de16bf97b57,10497,96.0,3,1786717622895,2026-08-14T21:27:02.895
14916,588aca26ed1bfc095abf2de16bf97b57,10498,95.0,3,1786717623893,2026-08-14T21:27:03.893
14917,588aca26ed1bfc095abf2de16bf97b57,10499,95.0,3,1786717624896,2026-08-14T21:27:04.896
14918,588aca26ed1bfc095abf2de16bf97b57,10500,95.0,3,1786717625894,2026-08-14T21:27:05.894
14919,588aca26ed1bfc095abf2de16bf97b57,10501,94.0,3,1786717626897,2026-08-14T21:27:06.897
14920,588aca26ed1bfc095abf2de16bf97b57,10502,94.0,3,1786717627903,2026-08-14T21:27:07.903
14921,588aca26ed1bfc095abf2de16bf97b57,10503,95.0,3,1786717628893,2026-08-14T21:27:08.893
14922,588aca26ed1bfc095abf2de16bf97b57,10504,94.0,3,1786717629895,2026-08-14T21:27:09.895
14923,588aca26ed1bfc095abf2de16bf97b57,10505,93.0,3,1786717630893,2026-08-14T21:27:10.893
14924,588aca26ed1bfc095abf2de16bf97b57,10506,94.0,3,1786717631893,2026-08-14T21:27:11.893
14925,588aca26ed1bfc095abf2de16bf97b57,10507,95.0,3,1786717632893,2026-08-14T21:27:12.893
14926,588aca26ed1bfc095abf2de16bf97b57,10508,96.0,3,1786717633895,2026-08-14T21:27:13.895
14927,588aca26ed1bfc095abf2de16bf97b57,10509,96.0,3,1786717634893,2026-08-14T21:27:14.893
14928,588aca26ed1bfc095abf2de16bf97b57,10510,96.0,3,1786717635892,2026-08-14T21:27:15.892
14929,588aca26ed1bfc095abf2de16bf97b57,10511,96.0,3,1786717636893,2026-08-14T21:27:16.893
14930,588aca26ed1bfc095abf2de16bf97b57,10512,96.0,3,1786717637892,2026-08-14T21:27:17.892
14931,588aca26ed1bfc095abf2de16bf97b57,10513,96.0,3,1786717638896,2026-08-14T21:27:18.896
14932,588aca26ed1bfc095abf2de16bf97b57,10514,95.0,3,1786717639895,2026-08-14T21:27:19.895
14933,588aca26ed1bfc095abf2de16bf97b57,10515,96.0,3,1786717640892,2026-08-14T21:27:20.892
14934,588aca26ed1bfc095abf2de16bf97b57,10516,97.0,3,1786717641892,2026-08-14T21:27:21.892
14935,588aca26ed1bfc095abf2de16bf97b57,10517,98.0,3,1786717642894,2026-08-14T21:27:22.894
14936,588aca26ed1bfc095abf2de16bf97b57,10518,99.0,3,1786717643895,2026-08-14T21:27:23.895
14937,588aca26ed1bfc095abf2de16bf97b57,10519,100.0,3,1786717644895,2026-08-14T21:27:24.895
14938,588aca26ed1bfc095abf2de16bf97b57,10520,102.0,3,1786717645894,2026-08-14T21:27:25.894
14939,588aca26ed1bfc095abf2de16bf97b57,10521,103.0,3,1786717646895,2026-08-14T21:27:26.895
14940,588aca26ed1bfc095abf2de16bf97b57,10522,103.0,3,1786717647895,2026-08-14T21:27:27.895
14941,588aca26ed1bfc095abf2de16bf97b57,10523,103.0,3,1786717648896,2026-08-14T21:27:28.896
14942,588aca26ed1bfc095abf2de16bf97b57,10524,102.0,3,1786717649896,2026-08-14T21:27:29.896
14943,588aca26ed1bfc095abf2de16bf97b57,10525,102.0,3,1786717650895,2026-08-14T21:27:30.895
14944,588aca26ed1bfc095abf2de16bf97b57,10526,102.0,3,1786717651895,2026-08-14T21:27:31.895
14945,588aca26ed1bfc095abf2de16bf97b57,10527,103.0,3,1786717652895,2026-08-14T21:27:32.895
14946,588aca26ed1bfc095abf2de16bf97b57,10528,103.0,3,1786717653895,2026-08-14T21:27:33.895
14947,588aca26ed1bfc095abf2de16bf97b57,10529,104.0,3,1786717654895,2026-08-14T21:27:34.895
14948,588aca26ed1bfc095abf2de16bf97b57,10530,103.0,3,1786717655895,2026-08-14T21:27:35.895
14949,588aca26ed1bfc095abf2de16bf97b57,10531,103.0,3,1786717656895,2026-08-14T21:27:36.895
14950,588aca26ed1bfc095abf2de16bf97b57,10532,103.0,3,1786717657896,2026-08-14T21:27:37.896
14951,588aca26ed1bfc095abf2de16bf97b57,10533,104.0,3,1786717658895,2026-08-14T21:27:38.895
14952,588aca26ed1bfc095abf2de16bf97b57,10534,105.0,3,1786717659895,2026-08-14T21:27:39.895
14953,588aca26ed1bfc095abf2de16bf97b57,10535,105.0,3,1786717660895,2026-08-14T21:27:40.895
14954,588aca26ed1bfc095abf2de16bf97b57,10536,104.0,3,1786717661895,2026-08-14T21:27:41.895
14955,588aca26ed1bfc095abf2de16bf97b57,10537,104.0,3,1786717662895,2026-08-14T21:27:42.895
14956,588aca26ed1bfc095abf2de16bf97b57,10538,104.0,3,1786717663895,2026-08-14T21:27:43.895
14957,588aca26ed1bfc095abf2de16bf97b57,10539,105.0,3,1786717664895,2026-08-14T21:27:44.895
14958,588aca26ed1bfc095abf2de16bf97b57,10540,105.0,3,1786717665895,2026-08-14T21:27:45.895
14959,588aca26ed1bfc095abf2de16bf97b57,10541,105.0,3,1786717666895,2026-08-14T21:27:46.895
14960,588aca26ed1bfc095abf2de16bf97b57,10542,105.0,3,1786717667894,2026-08-14T21:27:47.894
14961,588aca26ed1bfc095abf2de16bf97b57,10543,104.0,3,1786717668895,2026-08-14T21:27:48.895
14962,588aca26ed1bfc095abf2de16bf97b57,10544,104.0,3,1786717669895,2026-08-14T21:27:49.895
14963,588aca26ed1bfc095abf2de16bf97b57,10545,104.0,3,1786717670895,2026-08-14T21:27:50.895
14964,588aca26ed1bfc095abf2de16bf97b57,10546,104.0,3,1786717671895,2026-08-14T21:27:51.895
14965,588aca26ed1bfc095abf2de16bf97b57,10547,104.0,3,1786717672895,2026-08-14T21:27:52.895
14966,588aca26ed1bfc095abf2de16bf97b57,10548,104.0,3,1786717673895,2026-08-14T21:27:53.895
14967,588aca26ed1bfc095abf2de16bf97b57,10549,104.0,3,1786717674892,2026-08-14T21:27:54.892
14968,588aca26ed1bfc095abf2de16bf97b57,10550,104.0,3,1786717675894,2026-08-14T21:27:55.894
14969,588aca26ed1bfc095abf2de16bf97b57,10551,105.0,3,1786717676896,2026-08-14T21:27:56.896
14970,588aca26ed1bfc095abf2de16bf97b57,10552,105.0,3,1786717677893,2026-08-14T21:27:57.893
14971,588aca26ed1bfc095abf2de16bf97b57,10553,106.0,3,1786717678900,2026-08-14T21:27:58.900
14972,588aca26ed1bfc095abf2de16bf97b57,10554,106.0,3,1786717679896,2026-08-14T21:27:59.896
14973,588aca26ed1bfc095abf2de16bf97b57,10555,106.0,3,1786717680893,2026-08-14T21:28:00.893
14974,588aca26ed1bfc095abf2de16bf97b57,10556,105.0,3,1786717681895,2026-08-14T21:28:01.895
14975,588aca26ed1bfc095abf2de16bf97b57,10557,104.0,3,1786717682892,2026-08-14T21:28:02.892
14976,588aca26ed1bfc095abf2de16bf97b57,10558,104.0,3,1786717683893,2026-08-14T21:28:03.893
14977,588aca26ed1bfc095abf2de16bf97b57,10559,104.0,3,1786717684893,2026-08-14T21:28:04.893
14978,588aca26ed1bfc095abf2de16bf97b57,10560,104.0,3,1786717685893,2026-08-14T21:28:05.893
14979,588aca26ed1bfc095abf2de16bf97b57,10561,103.0,3,1786717686893,2026-08-14T21:28:06.893
14980,588aca26ed1bfc095abf2de16bf97b57,10562,102.0,3,1786717687894,2026-08-14T21:28:07.894
14981,588aca26ed1bfc095abf2de16bf97b57,10563,101.0,3,1786717688892,2026-08-14T21:28:08.892
14982,588aca26ed1bfc095abf2de16bf97b57,10564,100.0,3,1786717689892,2026-08-14T21:28:09.892
14983,588aca26ed1bfc095abf2de16bf97b57,10565,99.0,3,1786717690892,2026-08-14T21:28:10.892
14984,588aca26ed1bfc095abf2de16bf97b57,10566,98.0,3,1786717691892,2026-08-14T21:28:11.892
14985,588aca26ed1bfc095abf2de16bf97b57,10567,97.0,3,1786717692892,2026-08-14T21:28:12.892
14986,588aca26ed1bfc095abf2de16bf97b57,10568,96.0,3,1786717693893,2026-08-14T21:28:13.893
14987,588aca26ed1bfc095abf2de16bf97b57,10569,95.0,3,1786717694893,2026-08-14T21:28:14.893
14988,588aca26ed1bfc095abf2de16bf97b57,10570,94.0,3,1786717695893,2026-08-14T21:28:15.893
14989,588aca26ed1bfc095abf2de16bf97b57,10571,92.0,3,1786717696892,2026-08-14T21:28:16.892
14990,588aca26ed1bfc095abf2de16bf97b57,10572,91.0,3,1786717697892,2026-08-14T21:28:17.892
14991,588aca26ed1bfc095abf2de16bf97b57,10573,89.0,3,1786717698895,2026-08-14T21:28:18.895
14992,588aca26ed1bfc095abf2de16bf97b57,10574,89.0,3,1786717699895,2026-08-14T21:28:19.895
14993,588aca26ed1bfc095abf2de16bf97b57,10575,90.0,3,1786717700893,2026-08-14T21:28:20.893
14994,588aca26ed1bfc095abf2de16bf97b57,10576,92.0,3,1786717701892,2026-08-14T21:28:21.892
14995,588aca26ed1bfc095abf2de16bf97b57,10577,92.0,3,1786717702893,2026-08-14T21:28:22.893
14996,588aca26ed1bfc095abf2de16bf97b57,10578,93.0,3,1786717703892,2026-08-14T21:28:23.892
14997,588aca26ed1bfc095abf2de16bf97b57,10579,93.0,3,1786717704892,2026-08-14T21:28:24.892
14998,588aca26ed1bfc095abf2de16bf97b57,10580,93.0,3,1786717705892,2026-08-14T21:28:25.892
14999,588aca26ed1bfc095abf2de16bf97b57,10581,94.0,3,1786717706893,2026-08-14T21:28:26.893
15000,588aca26ed1bfc095abf2de16bf97b57,10582,94.0,3,1786717707894,2026-08-14T21:28:27.894
15001,588aca26ed1bfc095abf2de16bf97b57,10583,94.0,3,1786717708892,2026-08-14T21:28:28.892
15002,588aca26ed1bfc095abf2de16bf97b57,10584,94.0,3,1786717709892,2026-08-14T21:28:29.892
15003,588aca26ed1bfc095abf2de16bf97b57,10585,94.0,3,1786717710892,2026-08-14T21:28:30.892
15004,588aca26ed1bfc095abf2de16bf97b57,10586,96.0,3,1786717711893,2026-08-14T21:28:31.893
15005,588aca26ed1bfc095abf2de16bf97b57,10587,97.0,3,1786717713931,2026-08-14T21:28:33.931
15006,588aca26ed1bfc095abf2de16bf97b57,10588,96.0,3,1786717714783,2026-08-14T21:28:34.783
15007,588aca26ed1bfc095abf2de16bf97b57,10589,95.0,3,1786717715782,2026-08-14T21:28:35.782
15008,588aca26ed1bfc095abf2de16bf97b57,10590,97.0,3,1786717716782,2026-08-14T21:28:36.782
15009,588aca26ed1bfc095abf2de16bf97b57,10591,100.0,3,1786717717783,2026-08-14T21:28:37.783
15010,588aca26ed1bfc095abf2de16bf97b57,10592,100.0,3,1786717718783,2026-08-14T21:28:38.783
15011,588aca26ed1bfc095abf2de16bf97b57,10593,101.0,3,1786717719784,2026-08-14T21:28:39.784
15012,588aca26ed1bfc095abf2de16bf97b57,10594,102.0,3,1786717720782,2026-08-14T21:28:40.782
15013,588aca26ed1bfc095abf2de16bf97b57,10595,103.0,3,1786717721783,2026-08-14T21:28:41.783
15014,588aca26ed1bfc095abf2de16bf97b57,10596,104.0,3,1786717722782,2026-08-14T21:28:42.782
15015,588aca26ed1bfc095abf2de16bf97b57,10597,105.0,3,1786717723783,2026-08-14T21:28:43.783
15016,588aca26ed1bfc095abf2de16bf97b57,10598,104.0,3,1786717724783,2026-08-14T21:28:44.783
15017,588aca26ed1bfc095abf2de16bf97b57,10599,103.0,3,1786717725783,2026-08-14T21:28:45.783
15018,588aca26ed1bfc095abf2de16bf97b57,10600,102.0,3,1786717726783,2026-08-14T21:28:46.783
15019,588aca26ed1bfc095abf2de16bf97b57,10601,102.0,3,1786717727783,2026-08-14T21:28:47.783
15020,588aca26ed1bfc095abf2de16bf97b57,10602,103.0,3,1786717728783,2026-08-14T21:28:48.783
15021,588aca26ed1bfc095abf2de16bf97b57,10603,103.0,3,1786717729783,2026-08-14T21:28:49.783
15022,588aca26ed1bfc095abf2de16bf97b57,10604,103.0,3,1786717730783,2026-08-14T21:28:50.783
15023,588aca26ed1bfc095abf2de16bf97b57,10605,102.0,3,1786717731783,2026-08-14T21:28:51.783
15024,588aca26ed1bfc095abf2de16bf97b57,10606,101.0,3,1786717732783,2026-08-14T21:28:52.783
15025,588aca26ed1bfc095abf2de16bf97b57,10607,100.0,3,1786717733782,2026-08-14T21:28:53.782
15026,588aca26ed1bfc095abf2de16bf97b57,10608,99.0,3,1786717734782,2026-08-14T21:28:54.782
15027,588aca26ed1bfc095abf2de16bf97b57,10609,98.0,3,1786717735782,2026-08-14T21:28:55.782
15028,588aca26ed1bfc095abf2de16bf97b57,10610,97.0,3,1786717736782,2026-08-14T21:28:56.782
15029,588aca26ed1bfc095abf2de16bf97b57,10611,96.0,3,1786717737783,2026-08-14T21:28:57.783
15030,588aca26ed1bfc095abf2de16bf97b57,10612,95.0,3,1786717739295,2026-08-14T21:28:59.295
15031,588aca26ed1bfc095abf2de16bf97b57,10613,93.0,3,1786717739785,2026-08-14T21:28:59.785
15032,588aca26ed1bfc095abf2de16bf97b57,10614,94.0,3,1786717740783,2026-08-14T21:29:00.783
15033,588aca26ed1bfc095abf2de16bf97b57,10615,93.0,3,1786717741783,2026-08-14T21:29:01.783
15034,588aca26ed1bfc095abf2de16bf97b57,10616,93.0,3,1786717742783,2026-08-14T21:29:02.783
15035,588aca26ed1bfc095abf2de16bf97b57,10617,92.0,3,1786717743784,2026-08-14T21:29:03.784
15036,588aca26ed1bfc095abf2de16bf97b57,10618,92.0,3,1786717744782,2026-08-14T21:29:04.782
15037,588aca26ed1bfc095abf2de16bf97b57,10619,93.0,3,1786717745783,2026-08-14T21:29:05.783
15038,588aca26ed1bfc095abf2de16bf97b57,10620,93.0,3,1786717746782,2026-08-14T21:29:06.782
15039,588aca26ed1bfc095abf2de16bf97b57,10621,92.0,3,1786717747782,2026-08-14T21:29:07.782
15040,588aca26ed1bfc095abf2de16bf97b57,10622,91.0,3,1786717748783,2026-08-14T21:29:08.783
15041,588aca26ed1bfc095abf2de16bf97b57,10623,91.0,3,1786717749783,2026-08-14T21:29:09.783
15042,588aca26ed1bfc095abf2de16bf97b57,10624,91.0,3,1786717750783,2026-08-14T21:29:10.783
15043,588aca26ed1bfc095abf2de16bf97b57,10625,91.0,3,1786717751783,2026-08-14T21:29:11.783
15044,588aca26ed1bfc095abf2de16bf97b57,10626,90.0,3,1786717752783,2026-08-14T21:29:12.783
15045,588aca26ed1bfc095abf2de16bf97b57,10627,90.0,3,1786717753806,2026-08-14T21:29:13.806
15046,588aca26ed1bfc095abf2de16bf97b57,10628,89.0,3,1786717754783,2026-08-14T21:29:14.783
15047,588aca26ed1bfc095abf2de16bf97b57,10629,88.0,3,1786717755786,2026-08-14T21:29:15.786
15048,588aca26ed1bfc095abf2de16bf97b57,10630,88.0,3,1786717756785,2026-08-14T21:29:16.785
15049,588aca26ed1bfc095abf2de16bf97b57,10631,88.0,3,1786717757786,2026-08-14T21:29:17.786
15050,588aca26ed1bfc095abf2de16bf97b57,10632,89.0,3,1786717758784,2026-08-14T21:29:18.784
15051,588aca26ed1bfc095abf2de16bf97b57,10633,89.0,3,1786717759783,2026-08-14T21:29:19.783
15052,588aca26ed1bfc095abf2de16bf97b57,10634,90.0,3,1786717760783,2026-08-14T21:29:20.783
15053,588aca26ed1bfc095abf2de16bf97b57,10635,90.0,3,1786717761783,2026-08-14T21:29:21.783
15054,588aca26ed1bfc095abf2de16bf97b57,10636,90.0,3,1786717762785,2026-08-14T21:29:22.785
15055,588aca26ed1bfc095abf2de16bf97b57,10637,90.0,3,1786717763783,2026-08-14T21:29:23.783
15056,588aca26ed1bfc095abf2de16bf97b57,10638,90.0,3,1786717764784,2026-08-14T21:29:24.784
15057,588aca26ed1bfc095abf2de16bf97b57,10639,89.0,3,1786717765783,2026-08-14T21:29:25.783
15058,588aca26ed1bfc095abf2de16bf97b57,10640,89.0,3,1786717766782,2026-08-14T21:29:26.782
15059,588aca26ed1bfc095abf2de16bf97b57,10641,89.0,-1,1786717767784,2026-08-14T21:29:27.784
15060,588aca26ed1bfc095abf2de16bf97b57,10642,87.0,3,1786717769004,2026-08-14T21:29:29.004
15061,588aca26ed1bfc095abf2de16bf97b57,10643,87.0,3,1786717769783,2026-08-14T21:29:29.783
15062,588aca26ed1bfc095abf2de16bf97b57,10644,88.0,3,1786717770783,2026-08-14T21:29:30.783
15063,588aca26ed1bfc095abf2de16bf97b57,10645,87.0,3,1786717771783,2026-08-14T21:29:31.783
15064,588aca26ed1bfc095abf2de16bf97b57,10646,87.0,3,1786717772782,2026-08-14T21:29:32.782
15065,588aca26ed1bfc095abf2de16bf97b57,10647,86.0,3,1786717773782,2026-08-14T21:29:33.782
15066,588aca26ed1bfc095abf2de16bf97b57,10648,85.0,3,1786717774783,2026-08-14T21:29:34.783
15067,588aca26ed1bfc095abf2de16bf97b57,10649,85.0,3,1786717775784,2026-08-14T21:29:35.784
15068,588aca26ed1bfc095abf2de16bf97b57,10650,86.0,3,1786717776782,2026-08-14T21:29:36.782
15069,588aca26ed1bfc095abf2de16bf97b57,10651,86.0,3,1786717777784,2026-08-14T21:29:37.784
15070,588aca26ed1bfc095abf2de16bf97b57,10652,87.0,3,1786717778783,2026-08-14T21:29:38.783
15071,588aca26ed1bfc095abf2de16bf97b57,10653,87.0,3,1786717779783,2026-08-14T21:29:39.783
15072,588aca26ed1bfc095abf2de16bf97b57,10654,88.0,3,1786717780783,2026-08-14T21:29:40.783
15073,588aca26ed1bfc095abf2de16bf97b57,10655,90.0,3,1786717781784,2026-08-14T21:29:41.784
15074,588aca26ed1bfc095abf2de16bf97b57,10656,90.0,3,1786717782782,2026-08-14T21:29:42.782
15075,588aca26ed1bfc095abf2de16bf97b57,10657,90.0,3,1786717783783,2026-08-14T21:29:43.783
15076,588aca26ed1bfc095abf2de16bf97b57,10658,89.0,3,1786717784782,2026-08-14T21:29:44.782
15077,588aca26ed1bfc095abf2de16bf97b57,10659,89.0,3,1786717785789,2026-08-14T21:29:45.789
15078,588aca26ed1bfc095abf2de16bf97b57,10660,89.0,3,1786717786787,2026-08-14T21:29:46.787
15079,588aca26ed1bfc095abf2de16bf97b57,10661,89.0,3,1786717787783,2026-08-14T21:29:47.783
15080,588aca26ed1bfc095abf2de16bf97b57,10662,89.0,3,1786717788788,2026-08-14T21:29:48.788
15081,588aca26ed1bfc095abf2de16bf97b57,10663,89.0,3,1786717789782,2026-08-14T21:29:49.782
15082,588aca26ed1bfc095abf2de16bf97b57,10664,89.0,3,1786717790787,2026-08-14T21:29:50.787
15083,588aca26ed1bfc095abf2de16bf97b57,10665,89.0,3,1786717791786,2026-08-14T21:29:51.786
15084,588aca26ed1bfc095abf2de16bf97b57,10666,89.0,3,1786717792783,2026-08-14T21:29:52.783
15085,588aca26ed1bfc095abf2de16bf97b57,10667,88.0,3,1786717793782,2026-08-14T21:29:53.782
15086,588aca26ed1bfc095abf2de16bf97b57,10668,88.0,3,1786717794784,2026-08-14T21:29:54.784
15087,588aca26ed1bfc095abf2de16bf97b57,10669,89.0,3,1786717795783,2026-08-14T21:29:55.783
15088,588aca26ed1bfc095abf2de16bf97b57,10670,90.0,3,1786717796783,2026-08-14T21:29:56.783
15089,588aca26ed1bfc095abf2de16bf97b57,10671,90.0,3,1786717797784,2026-08-14T21:29:57.784
15090,588aca26ed1bfc095abf2de16bf97b57,10672,92.0,3,1786717798787,2026-08-14T21:29:58.787
15091,588aca26ed1bfc095abf2de16bf97b57,10673,93.0,3,1786717799785,2026-08-14T21:29:59.785
15092,588aca26ed1bfc095abf2de16bf97b57,10674,94.0,3,1786717800783,2026-08-14T21:30:00.783
15093,588aca26ed1bfc095abf2de16bf97b57,10675,94.0,3,1786717801783,2026-08-14T21:30:01.783
15094,588aca26ed1bfc095abf2de16bf97b57,10676,93.0,3,1786717802783,2026-08-14T21:30:02.783
15095,588aca26ed1bfc095abf2de16bf97b57,10677,92.0,3,1786717803783,2026-08-14T21:30:03.783
15096,588aca26ed1bfc095abf2de16bf97b57,10678,91.0,3,1786717804784,2026-08-14T21:30:04.784
15097,588aca26ed1bfc095abf2de16bf97b57,10679,90.0,3,1786717805784,2026-08-14T21:30:05.784
15098,588aca26ed1bfc095abf2de16bf97b57,10680,89.0,3,1786717806783,2026-08-14T21:30:06.783
15099,588aca26ed1bfc095abf2de16bf97b57,10681,88.0,3,1786717807783,2026-08-14T21:30:07.783
15100,588aca26ed1bfc095abf2de16bf97b57,10682,87.0,3,1786717808787,2026-08-14T21:30:08.787
15101,588aca26ed1bfc095abf2de16bf97b57,10683,86.0,3,1786717809791,2026-08-14T21:30:09.791
15102,588aca26ed1bfc095abf2de16bf97b57,10684,86.0,3,1786717810791,2026-08-14T21:30:10.791
15103,588aca26ed1bfc095abf2de16bf97b57,10685,87.0,3,1786717811789,2026-08-14T21:30:11.789
15104,588aca26ed1bfc095abf2de16bf97b57,10686,88.0,3,1786717812782,2026-08-14T21:30:12.782
15105,588aca26ed1bfc095abf2de16bf97b57,10687,89.0,3,1786717813788,2026-08-14T21:30:13.788
15106,588aca26ed1bfc095abf2de16bf97b57,10688,90.0,3,1786717814785,2026-08-14T21:30:14.785
15107,588aca26ed1bfc095abf2de16bf97b57,10689,92.0,3,1786717815785,2026-08-14T21:30:15.785
15108,588aca26ed1bfc095abf2de16bf97b57,10690,92.0,3,1786717816785,2026-08-14T21:30:16.785
15109,588aca26ed1bfc095abf2de16bf97b57,10691,92.0,3,1786717817784,2026-08-14T21:30:17.784
15110,588aca26ed1bfc095abf2de16bf97b57,10692,91.0,3,1786717818783,2026-08-14T21:30:18.783
15111,588aca26ed1bfc095abf2de16bf97b57,10693,90.0,3,1786717819784,2026-08-14T21:30:19.784
15112,588aca26ed1bfc095abf2de16bf97b57,10694,90.0,3,1786717820783,2026-08-14T21:30:20.783
15113,588aca26ed1bfc095abf2de16bf97b57,10695,90.0,3,1786717821783,2026-08-14T21:30:21.783
15114,588aca26ed1bfc095abf2de16bf97b57,10696,90.0,3,1786717822784,2026-08-14T21:30:22.784
15115,588aca26ed1bfc095abf2de16bf97b57,10697,90.0,3,1786717823784,2026-08-14T21:30:23.784
15116,588aca26ed1bfc095abf2de16bf97b57,10698,90.0,3,1786717824784,2026-08-14T21:30:24.784
15117,588aca26ed1bfc095abf2de16bf97b57,10699,90.0,3,1786717825783,2026-08-14T21:30:25.783
15118,588aca26ed1bfc095abf2de16bf97b57,10700,91.0,3,1786717826783,2026-08-14T21:30:26.783
15119,588aca26ed1bfc095abf2de16bf97b57,10701,92.0,3,1786717827782,2026-08-14T21:30:27.782
15120,588aca26ed1bfc095abf2de16bf97b57,10702,92.0,3,1786717828786,2026-08-14T21:30:28.786
15121,588aca26ed1bfc095abf2de16bf97b57,10703,91.0,3,1786717829783,2026-08-14T21:30:29.783
15122,588aca26ed1bfc095abf2de16bf97b57,10704,90.0,3,1786717830785,2026-08-14T21:30:30.785
15123,588aca26ed1bfc095abf2de16bf97b57,10705,89.0,3,1786717831783,2026-08-14T21:30:31.783
15124,588aca26ed1bfc095abf2de16bf97b57,10706,88.0,3,1786717832784,2026-08-14T21:30:32.784
15125,588aca26ed1bfc095abf2de16bf97b57,10707,86.0,3,1786717833783,2026-08-14T21:30:33.783
15126,588aca26ed1bfc095abf2de16bf97b57,10708,85.0,3,1786717834783,2026-08-14T21:30:34.783
15127,588aca26ed1bfc095abf2de16bf97b57,10709,84.0,3,1786717835783,2026-08-14T21:30:35.783
15128,588aca26ed1bfc095abf2de16bf97b57,10710,83.0,3,1786717836787,2026-08-14T21:30:36.787
15129,588aca26ed1bfc095abf2de16bf97b57,10711,83.0,3,1786717837789,2026-08-14T21:30:37.789
15130,588aca26ed1bfc095abf2de16bf97b57,10712,83.0,3,1786717838792,2026-08-14T21:30:38.792
15131,588aca26ed1bfc095abf2de16bf97b57,10713,83.0,3,1786717839789,2026-08-14T21:30:39.789
15132,588aca26ed1bfc095abf2de16bf97b57,10714,83.0,3,1786717840786,2026-08-14T21:30:40.786
15133,588aca26ed1bfc095abf2de16bf97b57,10715,82.0,3,1786717841784,2026-08-14T21:30:41.784
15134,588aca26ed1bfc095abf2de16bf97b57,10716,82.0,3,1786717842787,2026-08-14T21:30:42.787
15135,588aca26ed1bfc095abf2de16bf97b57,10717,82.0,3,1786717843782,2026-08-14T21:30:43.782
15136,588aca26ed1bfc095abf2de16bf97b57,10718,83.0,3,1786717844782,2026-08-14T21:30:44.782
15137,588aca26ed1bfc095abf2de16bf97b57,10719,83.0,3,1786717845783,2026-08-14T21:30:45.783
15138,588aca26ed1bfc095abf2de16bf97b57,10720,83.0,3,1786717846782,2026-08-14T21:30:46.782
15139,588aca26ed1bfc095abf2de16bf97b57,10721,83.0,3,1786717847784,2026-08-14T21:30:47.784
15140,588aca26ed1bfc095abf2de16bf97b57,10722,83.0,3,1786717848783,2026-08-14T21:30:48.783
15141,588aca26ed1bfc095abf2de16bf97b57,10723,83.0,3,1786717849788,2026-08-14T21:30:49.788
15142,588aca26ed1bfc095abf2de16bf97b57,10724,83.0,3,1786717850784,2026-08-14T21:30:50.784
15143,588aca26ed1bfc095abf2de16bf97b57,10725,84.0,3,1786717851783,2026-08-14T21:30:51.783
15144,588aca26ed1bfc095abf2de16bf97b57,10726,85.0,3,1786717852783,2026-08-14T21:30:52.783
15145,588aca26ed1bfc095abf2de16bf97b57,10727,86.0,3,1786717853783,2026-08-14T21:30:53.783
15146,588aca26ed1bfc095abf2de16bf97b57,10728,87.0,3,1786717854783,2026-08-14T21:30:54.783
15147,588aca26ed1bfc095abf2de16bf97b57,10729,88.0,3,1786717855783,2026-08-14T21:30:55.783
15148,588aca26ed1bfc095abf2de16bf97b57,10730,89.0,3,1786717856783,2026-08-14T21:30:56.783
15149,588aca26ed1bfc095abf2de16bf97b57,10731,90.0,3,1786717857783,2026-08-14T21:30:57.783
15150,588aca26ed1bfc095abf2de16bf97b57,10732,89.0,3,1786717858783,2026-08-14T21:30:58.783
15151,588aca26ed1bfc095abf2de16bf97b57,10733,88.0,3,1786717859785,2026-08-14T21:30:59.785
15152,588aca26ed1bfc095abf2de16bf97b57,10734,89.0,3,1786717860783,2026-08-14T21:31:00.783
15153,588aca26ed1bfc095abf2de16bf97b57,10735,90.0,3,1786717861791,2026-08-14T21:31:01.791
15154,588aca26ed1bfc095abf2de16bf97b57,10736,91.0,3,1786717862791,2026-08-14T21:31:02.791
15155,588aca26ed1bfc095abf2de16bf97b57,10737,91.0,3,1786717863792,2026-08-14T21:31:03.792
15156,588aca26ed1bfc095abf2de16bf97b57,10738,91.0,3,1786717864782,2026-08-14T21:31:04.782
15157,588aca26ed1bfc095abf2de16bf97b57,10739,90.0,3,1786717865786,2026-08-14T21:31:05.786
15158,588aca26ed1bfc095abf2de16bf97b57,10740,90.0,3,1786717866783,2026-08-14T21:31:06.783
15159,588aca26ed1bfc095abf2de16bf97b57,10741,91.0,3,1786717867784,2026-08-14T21:31:07.784
15160,588aca26ed1bfc095abf2de16bf97b57,10742,91.0,3,1786717868783,2026-08-14T21:31:08.783
15161,588aca26ed1bfc095abf2de16bf97b57,10743,91.0,3,1786717869783,2026-08-14T21:31:09.783
15162,588aca26ed1bfc095abf2de16bf97b57,10744,90.0,3,1786717870783,2026-08-14T21:31:10.783
15163,588aca26ed1bfc095abf2de16bf97b57,10745,90.0,3,1786717871783,2026-08-14T21:31:11.783
15164,588aca26ed1bfc095abf2de16bf97b57,10746,89.0,3,1786717872783,2026-08-14T21:31:12.783
15165,588aca26ed1bfc095abf2de16bf97b57,10747,88.0,3,1786717873784,2026-08-14T21:31:13.784
15166,588aca26ed1bfc095abf2de16bf97b57,10748,87.0,3,1786717874783,2026-08-14T21:31:14.783
15167,588aca26ed1bfc095abf2de16bf97b57,10749,86.0,3,1786717875783,2026-08-14T21:31:15.783
15168,588aca26ed1bfc095abf2de16bf97b57,10750,86.0,3,1786717876784,2026-08-14T21:31:16.784
15169,588aca26ed1bfc095abf2de16bf97b57,10751,86.0,3,1786717877783,2026-08-14T21:31:17.783
15170,588aca26ed1bfc095abf2de16bf97b57,10752,85.0,3,1786717878783,2026-08-14T21:31:18.783
15171,588aca26ed1bfc095abf2de16bf97b57,10753,85.0,3,1786717879783,2026-08-14T21:31:19.783
15172,588aca26ed1bfc095abf2de16bf97b57,10754,85.0,3,1786717880783,2026-08-14T21:31:20.783
15173,588aca26ed1bfc095abf2de16bf97b57,10755,87.0,3,1786717881783,2026-08-14T21:31:21.783
15174,588aca26ed1bfc095abf2de16bf97b57,10756,89.0,3,1786717882783,2026-08-14T21:31:22.783
15175,588aca26ed1bfc095abf2de16bf97b57,10757,92.0,3,1786717883783,2026-08-14T21:31:23.783
15176,588aca26ed1bfc095abf2de16bf97b57,10758,94.0,3,1786717884793,2026-08-14T21:31:24.793
15177,588aca26ed1bfc095abf2de16bf97b57,10759,95.0,3,1786717885790,2026-08-14T21:31:25.790
15178,588aca26ed1bfc095abf2de16bf97b57,10760,95.0,3,1786717886788,2026-08-14T21:31:26.788
15179,588aca26ed1bfc095abf2de16bf97b57,10761,95.0,3,1786717887788,2026-08-14T21:31:27.788
15180,588aca26ed1bfc095abf2de16bf97b57,10762,94.0,3,1786717888794,2026-08-14T21:31:28.794
15181,588aca26ed1bfc095abf2de16bf97b57,10763,94.0,3,1786717889786,2026-08-14T21:31:29.786
15182,588aca26ed1bfc095abf2de16bf97b57,10764,94.0,3,1786717890785,2026-08-14T21:31:30.785
15183,588aca26ed1bfc095abf2de16bf97b57,10765,94.0,3,1786717891786,2026-08-14T21:31:31.786
15184,588aca26ed1bfc095abf2de16bf97b57,10766,94.0,3,1786717892783,2026-08-14T21:31:32.783
15185,588aca26ed1bfc095abf2de16bf97b57,10767,94.0,3,1786717893783,2026-08-14T21:31:33.783
15186,588aca26ed1bfc095abf2de16bf97b57,10768,93.0,3,1786717894783,2026-08-14T21:31:34.783
15187,588aca26ed1bfc095abf2de16bf97b57,10769,93.0,3,1786717895783,2026-08-14T21:31:35.783
15188,588aca26ed1bfc095abf2de16bf97b57,10770,92.0,3,1786717896783,2026-08-14T21:31:36.783
15189,588aca26ed1bfc095abf2de16bf97b57,10771,92.0,3,1786717897783,2026-08-14T21:31:37.783
15190,588aca26ed1bfc095abf2de16bf97b57,10772,92.0,3,1786717898783,2026-08-14T21:31:38.783
15191,588aca26ed1bfc095abf2de16bf97b57,10773,92.0,3,1786717899783,2026-08-14T21:31:39.783
15192,588aca26ed1bfc095abf2de16bf97b57,10774,92.0,3,1786717900786,2026-08-14T21:31:40.786
15193,588aca26ed1bfc095abf2de16bf97b57,10775,92.0,3,1786717901784,2026-08-14T21:31:41.784
15194,588aca26ed1bfc095abf2de16bf97b57,10776,91.0,3,1786717902784,2026-08-14T21:31:42.784
15195,588aca26ed1bfc095abf2de16bf97b57,10777,90.0,3,1786717903783,2026-08-14T21:31:43.783
15196,588aca26ed1bfc095abf2de16bf97b57,10778,89.0,3,1786717904783,2026-08-14T21:31:44.783
15197,588aca26ed1bfc095abf2de16bf97b57,10779,89.0,3,1786717905783,2026-08-14T21:31:45.783
15198,588aca26ed1bfc095abf2de16bf97b57,10780,89.0,3,1786717906783,2026-08-14T21:31:46.783
15199,588aca26ed1bfc095abf2de16bf97b57,10781,89.0,3,1786717907783,2026-08-14T21:31:47.783
15200,588aca26ed1bfc095abf2de16bf97b57,10782,89.0,3,1786717908783,2026-08-14T21:31:48.783
15201,588aca26ed1bfc095abf2de16bf97b57,10783,89.0,3,1786717909784,2026-08-14T21:31:49.784
15202,588aca26ed1bfc095abf2de16bf97b57,10784,89.0,3,1786717910783,2026-08-14T21:31:50.783
15203,588aca26ed1bfc095abf2de16bf97b57,10785,88.0,3,1786717911783,2026-08-14T21:31:51.783
15204,588aca26ed1bfc095abf2de16bf97b57,10786,88.0,3,1786717912788,2026-08-14T21:31:52.788
15205,588aca26ed1bfc095abf2de16bf97b57,10787,88.0,3,1786717913784,2026-08-14T21:31:53.784
15206,588aca26ed1bfc095abf2de16bf97b57,10788,89.0,3,1786717914783,2026-08-14T21:31:54.783
15207,588aca26ed1bfc095abf2de16bf97b57,10789,90.0,3,1786717915783,2026-08-14T21:31:55.783
15208,588aca26ed1bfc095abf2de16bf97b57,10790,91.0,3,1786717916783,2026-08-14T21:31:56.783
15209,588aca26ed1bfc095abf2de16bf97b57,10791,92.0,3,1786717917784,2026-08-14T21:31:57.784
15210,588aca26ed1bfc095abf2de16bf97b57,10792,92.0,3,1786717918789,2026-08-14T21:31:58.789
15211,588aca26ed1bfc095abf2de16bf97b57,10793,93.0,3,1786717919783,2026-08-14T21:31:59.783
15212,588aca26ed1bfc095abf2de16bf97b57,10794,94.0,3,1786717920791,2026-08-14T21:32:00.791
15213,588aca26ed1bfc095abf2de16bf97b57,10795,94.0,3,1786717921786,2026-08-14T21:32:01.786
15214,588aca26ed1bfc095abf2de16bf97b57,10796,95.0,3,1786717922788,2026-08-14T21:32:02.788
15215,588aca26ed1bfc095abf2de16bf97b57,10797,96.0,3,1786717923783,2026-08-14T21:32:03.783
15216,588aca26ed1bfc095abf2de16bf97b57,10798,95.0,3,1786717924785,2026-08-14T21:32:04.785
15217,588aca26ed1bfc095abf2de16bf97b57,10799,95.0,3,1786717925784,2026-08-14T21:32:05.784
15218,588aca26ed1bfc095abf2de16bf97b57,10800,97.0,3,1786717926783,2026-08-14T21:32:06.783
15219,588aca26ed1bfc095abf2de16bf97b57,10801,98.0,3,1786717927783,2026-08-14T21:32:07.783
15220,588aca26ed1bfc095abf2de16bf97b57,10802,97.0,3,1786717928783,2026-08-14T21:32:08.783
15221,588aca26ed1bfc095abf2de16bf97b57,10803,99.0,3,1786717929783,2026-08-14T21:32:09.783
15222,588aca26ed1bfc095abf2de16bf97b57,10804,99.0,3,1786717930783,2026-08-14T21:32:10.783
15223,588aca26ed1bfc095abf2de16bf97b57,10805,99.0,3,1786717931783,2026-08-14T21:32:11.783
15224,588aca26ed1bfc095abf2de16bf97b57,10806,100.0,3,1786717932784,2026-08-14T21:32:12.784
15225,588aca26ed1bfc095abf2de16bf97b57,10807,99.0,3,1786717933784,2026-08-14T21:32:13.784
15226,588aca26ed1bfc095abf2de16bf97b57,10808,99.0,3,1786717934785,2026-08-14T21:32:14.785
15227,588aca26ed1bfc095abf2de16bf97b57,10809,99.0,3,1786717935785,2026-08-14T21:32:15.785
15228,588aca26ed1bfc095abf2de16bf97b57,10810,99.0,3,1786717936784,2026-08-14T21:32:16.784
15229,588aca26ed1bfc095abf2de16bf97b57,10811,99.0,3,1786717937790,2026-08-14T21:32:17.790
15230,588aca26ed1bfc095abf2de16bf97b57,10812,99.0,3,1786717938786,2026-08-14T21:32:18.786
15231,588aca26ed1bfc095abf2de16bf97b57,10813,101.0,3,1786717939784,2026-08-14T21:32:19.784
15232,588aca26ed1bfc095abf2de16bf97b57,10814,102.0,3,1786717940785,2026-08-14T21:32:20.785
15233,588aca26ed1bfc095abf2de16bf97b57,10815,102.0,3,1786717941784,2026-08-14T21:32:21.784
15234,588aca26ed1bfc095abf2de16bf97b57,10816,103.0,3,1786717942786,2026-08-14T21:32:22.786
15235,588aca26ed1bfc095abf2de16bf97b57,10817,103.0,3,1786717943785,2026-08-14T21:32:23.785
15236,588aca26ed1bfc095abf2de16bf97b57,10818,103.0,3,1786717944785,2026-08-14T21:32:24.785
15237,588aca26ed1bfc095abf2de16bf97b57,10819,101.0,3,1786717945786,2026-08-14T21:32:25.786
15238,588aca26ed1bfc095abf2de16bf97b57,10820,102.0,3,1786717946785,2026-08-14T21:32:26.785
15239,588aca26ed1bfc095abf2de16bf97b57,10821,101.0,3,1786717947785,2026-08-14T21:32:27.785
15240,588aca26ed1bfc095abf2de16bf97b57,10822,103.0,3,1786717948785,2026-08-14T21:32:28.785
15241,588aca26ed1bfc095abf2de16bf97b57,10823,102.0,3,1786717949785,2026-08-14T21:32:29.785
15242,588aca26ed1bfc095abf2de16bf97b57,10824,102.0,3,1786717950784,2026-08-14T21:32:30.784
15243,588aca26ed1bfc095abf2de16bf97b57,10825,101.0,3,1786717951786,2026-08-14T21:32:31.786
15244,588aca26ed1bfc095abf2de16bf97b57,10826,100.0,3,1786717952785,2026-08-14T21:32:32.785
15245,588aca26ed1bfc095abf2de16bf97b57,10827,100.0,3,1786717953786,2026-08-14T21:32:33.786
15246,588aca26ed1bfc095abf2de16bf97b57,10828,99.0,3,1786717954786,2026-08-14T21:32:34.786
15247,588aca26ed1bfc095abf2de16bf97b57,10829,98.0,3,1786717955784,2026-08-14T21:32:35.784
15248,588aca26ed1bfc095abf2de16bf97b57,10830,98.0,3,1786717956785,2026-08-14T21:32:36.785
15249,588aca26ed1bfc095abf2de16bf97b57,10831,99.0,3,1786717957785,2026-08-14T21:32:37.785
15250,588aca26ed1bfc095abf2de16bf97b57,10832,100.0,3,1786717958784,2026-08-14T21:32:38.784
15251,588aca26ed1bfc095abf2de16bf97b57,10833,100.0,3,1786717959786,2026-08-14T21:32:39.786
15252,588aca26ed1bfc095abf2de16bf97b57,10834,100.0,3,1786717960784,2026-08-14T21:32:40.784
15253,588aca26ed1bfc095abf2de16bf97b57,10835,101.0,3,1786717961784,2026-08-14T21:32:41.784
15254,588aca26ed1bfc095abf2de16bf97b57,10836,100.0,3,1786717962785,2026-08-14T21:32:42.785
15255,588aca26ed1bfc095abf2de16bf97b57,10837,100.0,3,1786717963786,2026-08-14T21:32:43.786
15256,588aca26ed1bfc095abf2de16bf97b57,10838,99.0,3,1786717964786,2026-08-14T21:32:44.786
15257,588aca26ed1bfc095abf2de16bf97b57,10839,97.0,3,1786717965786,2026-08-14T21:32:45.786
15258,588aca26ed1bfc095abf2de16bf97b57,10840,99.0,3,1786717966784,2026-08-14T21:32:46.784
15259,588aca26ed1bfc095abf2de16bf97b57,10841,97.0,3,1786717967786,2026-08-14T21:32:47.786
15260,588aca26ed1bfc095abf2de16bf97b57,10842,97.0,3,1786717968786,2026-08-14T21:32:48.786
15261,588aca26ed1bfc095abf2de16bf97b57,10843,97.0,3,1786717969786,2026-08-14T21:32:49.786
15262,588aca26ed1bfc095abf2de16bf97b57,10844,96.0,3,1786717970786,2026-08-14T21:32:50.786
15263,588aca26ed1bfc095abf2de16bf97b57,10845,95.0,3,1786717971786,2026-08-14T21:32:51.786
15264,588aca26ed1bfc095abf2de16bf97b57,10846,96.0,3,1786717972786,2026-08-14T21:32:52.786
15265,588aca26ed1bfc095abf2de16bf97b57,10847,96.0,3,1786717973786,2026-08-14T21:32:53.786
15266,588aca26ed1bfc095abf2de16bf97b57,10848,97.0,3,1786717974785,2026-08-14T21:32:54.785
15267,588aca26ed1bfc095abf2de16bf97b57,10849,98.0,3,1786717975786,2026-08-14T21:32:55.786
15268,588aca26ed1bfc095abf2de16bf97b57,10850,98.0,3,1786717976786,2026-08-14T21:32:56.786
15269,588aca26ed1bfc095abf2de16bf97b57,10851,98.0,3,1786717977786,2026-08-14T21:32:57.786
15270,588aca26ed1bfc095abf2de16bf97b57,10852,97.0,3,1786717978784,2026-08-14T21:32:58.784
15271,588aca26ed1bfc095abf2de16bf97b57,10853,97.0,3,1786717979786,2026-08-14T21:32:59.786
15272,588aca26ed1bfc095abf2de16bf97b57,10854,97.0,3,1786717980784,2026-08-14T21:33:00.784
15273,588aca26ed1bfc095abf2de16bf97b57,10855,96.0,3,1786717981786,2026-08-14T21:33:01.786
15274,588aca26ed1bfc095abf2de16bf97b57,10856,96.0,3,1786717982785,2026-08-14T21:33:02.785
15275,588aca26ed1bfc095abf2de16bf97b57,10857,96.0,3,1786717983786,2026-08-14T21:33:03.786
15276,588aca26ed1bfc095abf2de16bf97b57,10858,96.0,3,1786717984786,2026-08-14T21:33:04.786
15277,588aca26ed1bfc095abf2de16bf97b57,10859,96.0,3,1786717985786,2026-08-14T21:33:05.786
15278,588aca26ed1bfc095abf2de16bf97b57,10860,97.0,3,1786717986784,2026-08-14T21:33:06.784
15279,588aca26ed1bfc095abf2de16bf97b57,10861,97.0,3,1786717987785,2026-08-14T21:33:07.785
15280,588aca26ed1bfc095abf2de16bf97b57,10862,98.0,3,1786717988784,2026-08-14T21:33:08.784
15281,588aca26ed1bfc095abf2de16bf97b57,10863,99.0,3,1786717989786,2026-08-14T21:33:09.786
15282,588aca26ed1bfc095abf2de16bf97b57,10864,99.0,3,1786717990786,2026-08-14T21:33:10.786
15283,588aca26ed1bfc095abf2de16bf97b57,10865,98.0,3,1786717991784,2026-08-14T21:33:11.784
15284,588aca26ed1bfc095abf2de16bf97b57,10866,98.0,3,1786717992785,2026-08-14T21:33:12.785
15285,588aca26ed1bfc095abf2de16bf97b57,10867,99.0,3,1786717993784,2026-08-14T21:33:13.784
15286,588aca26ed1bfc095abf2de16bf97b57,10868,101.0,3,1786717994786,2026-08-14T21:33:14.786
15287,588aca26ed1bfc095abf2de16bf97b57,10869,102.0,3,1786717995786,2026-08-14T21:33:15.786
15288,588aca26ed1bfc095abf2de16bf97b57,10870,103.0,3,1786717996786,2026-08-14T21:33:16.786
15289,588aca26ed1bfc095abf2de16bf97b57,10871,101.0,3,1786717997786,2026-08-14T21:33:17.786
15290,588aca26ed1bfc095abf2de16bf97b57,10872,102.0,3,1786717998786,2026-08-14T21:33:18.786
15291,588aca26ed1bfc095abf2de16bf97b57,10873,101.0,3,1786717999786,2026-08-14T21:33:19.786
15292,588aca26ed1bfc095abf2de16bf97b57,10874,102.0,3,1786718000786,2026-08-14T21:33:20.786
15293,588aca26ed1bfc095abf2de16bf97b57,10875,102.0,3,1786718001786,2026-08-14T21:33:21.786
15294,588aca26ed1bfc095abf2de16bf97b57,10876,101.0,3,1786718002786,2026-08-14T21:33:22.786
15295,588aca26ed1bfc095abf2de16bf97b57,10877,101.0,3,1786718003786,2026-08-14T21:33:23.786
15296,588aca26ed1bfc095abf2de16bf97b57,10878,100.0,3,1786718004786,2026-08-14T21:33:24.786
15297,588aca26ed1bfc095abf2de16bf97b57,10879,99.0,3,1786718005786,2026-08-14T21:33:25.786
15298,588aca26ed1bfc095abf2de16bf97b57,10880,98.0,3,1786718006786,2026-08-14T21:33:26.786
15299,588aca26ed1bfc095abf2de16bf97b57,10881,98.0,3,1786718007786,2026-08-14T21:33:27.786
15300,588aca26ed1bfc095abf2de16bf97b57,10882,97.0,3,1786718008784,2026-08-14T21:33:28.784
15301,588aca26ed1bfc095abf2de16bf97b57,10883,96.0,3,1786718009786,2026-08-14T21:33:29.786
15302,588aca26ed1bfc095abf2de16bf97b57,10884,95.0,3,1786718010786,2026-08-14T21:33:30.786
15303,588aca26ed1bfc095abf2de16bf97b57,10885,95.0,3,1786718011783,2026-08-14T21:33:31.783
15304,588aca26ed1bfc095abf2de16bf97b57,10886,96.0,3,1786718012783,2026-08-14T21:33:32.783
15305,588aca26ed1bfc095abf2de16bf97b57,10887,95.0,3,1786718013783,2026-08-14T21:33:33.783
15306,588aca26ed1bfc095abf2de16bf97b57,10888,95.0,3,1786718014783,2026-08-14T21:33:34.783
15307,588aca26ed1bfc095abf2de16bf97b57,10889,95.0,3,1786718015783,2026-08-14T21:33:35.783
15308,588aca26ed1bfc095abf2de16bf97b57,10890,95.0,3,1786718016783,2026-08-14T21:33:36.783
15309,588aca26ed1bfc095abf2de16bf97b57,10891,96.0,3,1786718017783,2026-08-14T21:33:37.783
15310,588aca26ed1bfc095abf2de16bf97b57,10892,97.0,3,1786718018783,2026-08-14T21:33:38.783
15311,588aca26ed1bfc095abf2de16bf97b57,10893,98.0,3,1786718019783,2026-08-14T21:33:39.783
15312,588aca26ed1bfc095abf2de16bf97b57,10894,98.0,3,1786718020784,2026-08-14T21:33:40.784
15313,588aca26ed1bfc095abf2de16bf97b57,10895,98.0,3,1786718021783,2026-08-14T21:33:41.783
15314,588aca26ed1bfc095abf2de16bf97b57,10896,98.0,3,1786718022783,2026-08-14T21:33:42.783
15315,588aca26ed1bfc095abf2de16bf97b57,10897,98.0,3,1786718023782,2026-08-14T21:33:43.782
15316,588aca26ed1bfc095abf2de16bf97b57,10898,99.0,3,1786718024784,2026-08-14T21:33:44.784
15317,588aca26ed1bfc095abf2de16bf97b57,10899,99.0,3,1786718025786,2026-08-14T21:33:45.786
15318,588aca26ed1bfc095abf2de16bf97b57,10900,99.0,3,1786718026784,2026-08-14T21:33:46.784
15319,588aca26ed1bfc095abf2de16bf97b57,10901,99.0,3,1786718027786,2026-08-14T21:33:47.786
15320,588aca26ed1bfc095abf2de16bf97b57,10902,100.0,3,1786718028785,2026-08-14T21:33:48.785
15321,588aca26ed1bfc095abf2de16bf97b57,10903,102.0,3,1786718029786,2026-08-14T21:33:49.786
15322,588aca26ed1bfc095abf2de16bf97b57,10904,102.0,3,1786718030784,2026-08-14T21:33:50.784
15323,588aca26ed1bfc095abf2de16bf97b57,10905,103.0,3,1786718031786,2026-08-14T21:33:51.786
15324,588aca26ed1bfc095abf2de16bf97b57,10906,101.0,3,1786718032786,2026-08-14T21:33:52.786
15325,588aca26ed1bfc095abf2de16bf97b57,10907,99.0,3,1786718033786,2026-08-14T21:33:53.786
15326,588aca26ed1bfc095abf2de16bf97b57,10908,98.0,3,1786718034786,2026-08-14T21:33:54.786
15327,588aca26ed1bfc095abf2de16bf97b57,10909,97.0,3,1786718035786,2026-08-14T21:33:55.786
15328,588aca26ed1bfc095abf2de16bf97b57,10910,96.0,3,1786718036786,2026-08-14T21:33:56.786
15329,588aca26ed1bfc095abf2de16bf97b57,10911,95.0,3,1786718037785,2026-08-14T21:33:57.785
15330,588aca26ed1bfc095abf2de16bf97b57,10912,95.0,3,1786718038785,2026-08-14T21:33:58.785
15331,588aca26ed1bfc095abf2de16bf97b57,10913,94.0,3,1786718039786,2026-08-14T21:33:59.786
15332,588aca26ed1bfc095abf2de16bf97b57,10914,94.0,3,1786718040786,2026-08-14T21:34:00.786
15333,588aca26ed1bfc095abf2de16bf97b57,10915,92.0,3,1786718041783,2026-08-14T21:34:01.783
15334,588aca26ed1bfc095abf2de16bf97b57,10916,91.0,3,1786718042783,2026-08-14T21:34:02.783
15335,588aca26ed1bfc095abf2de16bf97b57,10917,91.0,3,1786718043782,2026-08-14T21:34:03.782
15336,588aca26ed1bfc095abf2de16bf97b57,10918,91.0,3,1786718044783,2026-08-14T21:34:04.783
15337,588aca26ed1bfc095abf2de16bf97b57,10919,90.0,3,1786718045783,2026-08-14T21:34:05.783
15338,588aca26ed1bfc095abf2de16bf97b57,10920,90.0,3,1786718046783,2026-08-14T21:34:06.783
15339,588aca26ed1bfc095abf2de16bf97b57,10921,90.0,3,1786718047783,2026-08-14T21:34:07.783
15340,588aca26ed1bfc095abf2de16bf97b57,10922,90.0,3,1786718048783,2026-08-14T21:34:08.783
15341,588aca26ed1bfc095abf2de16bf97b57,10923,91.0,3,1786718049784,2026-08-14T21:34:09.784
15342,588aca26ed1bfc095abf2de16bf97b57,10924,92.0,3,1786718050783,2026-08-14T21:34:10.783
15343,588aca26ed1bfc095abf2de16bf97b57,10925,92.0,3,1786718051783,2026-08-14T21:34:11.783
15344,588aca26ed1bfc095abf2de16bf97b57,10926,92.0,3,1786718052783,2026-08-14T21:34:12.783
15345,588aca26ed1bfc095abf2de16bf97b57,10927,92.0,3,1786718053783,2026-08-14T21:34:13.783
15346,588aca26ed1bfc095abf2de16bf97b57,10928,92.0,3,1786718054783,2026-08-14T21:34:14.783
15347,588aca26ed1bfc095abf2de16bf97b57,10929,92.0,3,1786718055783,2026-08-14T21:34:15.783
15348,588aca26ed1bfc095abf2de16bf97b57,10930,93.0,3,1786718056783,2026-08-14T21:34:16.783
15349,588aca26ed1bfc095abf2de16bf97b57,10931,93.0,3,1786718057783,2026-08-14T21:34:17.783
15350,588aca26ed1bfc095abf2de16bf97b57,10932,94.0,3,1786718058791,2026-08-14T21:34:18.791
15351,588aca26ed1bfc095abf2de16bf97b57,10933,94.0,3,1786718059786,2026-08-14T21:34:19.786
15352,588aca26ed1bfc095abf2de16bf97b57,10934,94.0,3,1786718060789,2026-08-14T21:34:20.789
15353,588aca26ed1bfc095abf2de16bf97b57,10935,95.0,3,1786718061792,2026-08-14T21:34:21.792
15354,588aca26ed1bfc095abf2de16bf97b57,10936,96.0,3,1786718062791,2026-08-14T21:34:22.791
15355,588aca26ed1bfc095abf2de16bf97b57,10937,96.0,3,1786718063791,2026-08-14T21:34:23.791
15356,588aca26ed1bfc095abf2de16bf97b57,10938,96.0,3,1786718064783,2026-08-14T21:34:24.783
15357,588aca26ed1bfc095abf2de16bf97b57,10939,96.0,3,1786718065788,2026-08-14T21:34:25.788
15358,588aca26ed1bfc095abf2de16bf97b57,10940,96.0,3,1786718066789,2026-08-14T21:34:26.789
15359,588aca26ed1bfc095abf2de16bf97b57,10941,97.0,3,1786718067788,2026-08-14T21:34:27.788
15360,588aca26ed1bfc095abf2de16bf97b57,10942,97.0,3,1786718068782,2026-08-14T21:34:28.782
15361,588aca26ed1bfc095abf2de16bf97b57,10943,99.0,3,1786718069785,2026-08-14T21:34:29.785
15362,588aca26ed1bfc095abf2de16bf97b57,10944,100.0,3,1786718070783,2026-08-14T21:34:30.783
15363,588aca26ed1bfc095abf2de16bf97b57,10945,100.0,3,1786718071783,2026-08-14T21:34:31.783
15364,588aca26ed1bfc095abf2de16bf97b57,10946,100.0,3,1786718072783,2026-08-14T21:34:32.783
15365,588aca26ed1bfc095abf2de16bf97b57,10947,101.0,3,1786718073783,2026-08-14T21:34:33.783
15366,588aca26ed1bfc095abf2de16bf97b57,10948,100.0,3,1786718074783,2026-08-14T21:34:34.783
15367,588aca26ed1bfc095abf2de16bf97b57,10949,99.0,3,1786718075783,2026-08-14T21:34:35.783
15368,588aca26ed1bfc095abf2de16bf97b57,10950,97.0,3,1786718076783,2026-08-14T21:34:36.783
15369,588aca26ed1bfc095abf2de16bf97b57,10951,96.0,3,1786718077783,2026-08-14T21:34:37.783
15370,588aca26ed1bfc095abf2de16bf97b57,10952,94.0,3,1786718078783,2026-08-14T21:34:38.783
15371,588aca26ed1bfc095abf2de16bf97b57,10953,93.0,3,1786718079783,2026-08-14T21:34:39.783
15372,588aca26ed1bfc095abf2de16bf97b57,10954,92.0,3,1786718080783,2026-08-14T21:34:40.783
15373,588aca26ed1bfc095abf2de16bf97b57,10955,91.0,3,1786718081783,2026-08-14T21:34:41.783
15374,588aca26ed1bfc095abf2de16bf97b57,10956,89.0,3,1786718082783,2026-08-14T21:34:42.783
15375,588aca26ed1bfc095abf2de16bf97b57,10957,88.0,3,1786718083783,2026-08-14T21:34:43.783
15376,588aca26ed1bfc095abf2de16bf97b57,10958,88.0,3,1786718084783,2026-08-14T21:34:44.783
15377,588aca26ed1bfc095abf2de16bf97b57,10959,87.0,3,1786718085783,2026-08-14T21:34:45.783
15378,588aca26ed1bfc095abf2de16bf97b57,10960,87.0,3,1786718086783,2026-08-14T21:34:46.783
15379,588aca26ed1bfc095abf2de16bf97b57,10961,87.0,3,1786718087783,2026-08-14T21:34:47.783
15380,588aca26ed1bfc095abf2de16bf97b57,10962,86.0,3,1786718088783,2026-08-14T21:34:48.783
15381,588aca26ed1bfc095abf2de16bf97b57,10963,86.0,3,1786718089792,2026-08-14T21:34:49.792
15382,588aca26ed1bfc095abf2de16bf97b57,10964,85.0,3,1786718090790,2026-08-14T21:34:50.790
15383,588aca26ed1bfc095abf2de16bf97b57,10965,84.0,3,1786718091783,2026-08-14T21:34:51.783
15384,588aca26ed1bfc095abf2de16bf97b57,10966,84.0,3,1786718092787,2026-08-14T21:34:52.787
15385,588aca26ed1bfc095abf2de16bf97b57,10967,84.0,3,1786718093786,2026-08-14T21:34:53.786
15386,588aca26ed1bfc095abf2de16bf97b57,10968,85.0,3,1786718094786,2026-08-14T21:34:54.786
15387,588aca26ed1bfc095abf2de16bf97b57,10969,85.0,3,1786718095787,2026-08-14T21:34:55.787
15388,588aca26ed1bfc095abf2de16bf97b57,10970,86.0,3,1786718096787,2026-08-14T21:34:56.787
15389,588aca26ed1bfc095abf2de16bf97b57,10971,85.0,3,1786718097784,2026-08-14T21:34:57.784
15390,588aca26ed1bfc095abf2de16bf97b57,10972,85.0,3,1786718098786,2026-08-14T21:34:58.786
15391,588aca26ed1bfc095abf2de16bf97b57,10973,84.0,3,1786718099786,2026-08-14T21:34:59.786
15392,588aca26ed1bfc095abf2de16bf97b57,10974,84.0,3,1786718100788,2026-08-14T21:35:00.788
15393,588aca26ed1bfc095abf2de16bf97b57,10975,82.0,3,1786718101784,2026-08-14T21:35:01.784
15394,588aca26ed1bfc095abf2de16bf97b57,10976,84.0,3,1786718102785,2026-08-14T21:35:02.785
15395,588aca26ed1bfc095abf2de16bf97b57,10977,85.0,3,1786718103783,2026-08-14T21:35:03.783
15396,588aca26ed1bfc095abf2de16bf97b57,10978,87.0,3,1786718104783,2026-08-14T21:35:04.783
15397,588aca26ed1bfc095abf2de16bf97b57,10979,89.0,3,1786718105784,2026-08-14T21:35:05.784
15398,588aca26ed1bfc095abf2de16bf97b57,10980,89.0,3,1786718106783,2026-08-14T21:35:06.783
15399,588aca26ed1bfc095abf2de16bf97b57,10981,89.0,3,1786718107783,2026-08-14T21:35:07.783
15400,588aca26ed1bfc095abf2de16bf97b57,10982,88.0,3,1786718108783,2026-08-14T21:35:08.783
15401,588aca26ed1bfc095abf2de16bf97b57,10983,89.0,3,1786718109783,2026-08-14T21:35:09.783
15402,588aca26ed1bfc095abf2de16bf97b57,10984,90.0,3,1786718110783,2026-08-14T21:35:10.783
15403,588aca26ed1bfc095abf2de16bf97b57,10985,91.0,3,1786718111783,2026-08-14T21:35:11.783
15404,588aca26ed1bfc095abf2de16bf97b57,10986,93.0,3,1786718112783,2026-08-14T21:35:12.783
15405,588aca26ed1bfc095abf2de16bf97b57,10987,94.0,3,1786718113783,2026-08-14T21:35:13.783
15406,588aca26ed1bfc095abf2de16bf97b57,10988,94.0,3,1786718114783,2026-08-14T21:35:14.783
15407,588aca26ed1bfc095abf2de16bf97b57,10989,94.0,3,1786718115785,2026-08-14T21:35:15.785
15408,588aca26ed1bfc095abf2de16bf97b57,10990,93.0,3,1786718116782,2026-08-14T21:35:16.782
15409,588aca26ed1bfc095abf2de16bf97b57,10991,93.0,3,1786718117782,2026-08-14T21:35:17.782
15410,588aca26ed1bfc095abf2de16bf97b57,10992,92.0,3,1786718118783,2026-08-14T21:35:18.783
15411,588aca26ed1bfc095abf2de16bf97b57,10993,91.0,3,1786718119782,2026-08-14T21:35:19.782
15412,588aca26ed1bfc095abf2de16bf97b57,10994,93.0,3,1786718120783,2026-08-14T21:35:20.783
15413,588aca26ed1bfc095abf2de16bf97b57,10995,94.0,3,1786718121783,2026-08-14T21:35:21.783
15414,588aca26ed1bfc095abf2de16bf97b57,10996,96.0,3,1786718122783,2026-08-14T21:35:22.783
15415,588aca26ed1bfc095abf2de16bf97b57,10997,97.0,3,1786718123784,2026-08-14T21:35:23.784
15416,588aca26ed1bfc095abf2de16bf97b57,10998,97.0,3,1786718124783,2026-08-14T21:35:24.783
15417,588aca26ed1bfc095abf2de16bf97b57,10999,96.0,3,1786718125783,2026-08-14T21:35:25.783
15418,588aca26ed1bfc095abf2de16bf97b57,11000,95.0,3,1786718126783,2026-08-14T21:35:26.783
15419,588aca26ed1bfc095abf2de16bf97b57,11001,93.0,3,1786718127785,2026-08-14T21:35:27.785
15420,588aca26ed1bfc095abf2de16bf97b57,11002,91.0,3,1786718128784,2026-08-14T21:35:28.784
15421,588aca26ed1bfc095abf2de16bf97b57,11003,90.0,3,1786718129783,2026-08-14T21:35:29.783
15422,588aca26ed1bfc095abf2de16bf97b57,11004,88.0,3,1786718130783,2026-08-14T21:35:30.783
15423,588aca26ed1bfc095abf2de16bf97b57,11005,88.0,3,1786718131783,2026-08-14T21:35:31.783
15424,588aca26ed1bfc095abf2de16bf97b57,11006,89.0,3,1786718132783,2026-08-14T21:35:32.783
15425,588aca26ed1bfc095abf2de16bf97b57,11007,90.0,3,1786718133783,2026-08-14T21:35:33.783
15426,588aca26ed1bfc095abf2de16bf97b57,11008,90.0,3,1786718134783,2026-08-14T21:35:34.783
15427,588aca26ed1bfc095abf2de16bf97b57,11009,90.0,3,1786718135783,2026-08-14T21:35:35.783
15428,588aca26ed1bfc095abf2de16bf97b57,11010,89.0,3,1786718136783,2026-08-14T21:35:36.783
15429,588aca26ed1bfc095abf2de16bf97b57,11011,88.0,3,1786718137784,2026-08-14T21:35:37.784
15430,588aca26ed1bfc095abf2de16bf97b57,11012,87.0,3,1786718138784,2026-08-14T21:35:38.784
15431,588aca26ed1bfc095abf2de16bf97b57,11013,87.0,3,1786718139783,2026-08-14T21:35:39.783
15432,588aca26ed1bfc095abf2de16bf97b57,11014,86.0,3,1786718140784,2026-08-14T21:35:40.784
15433,588aca26ed1bfc095abf2de16bf97b57,11015,85.0,3,1786718141784,2026-08-14T21:35:41.784
15434,588aca26ed1bfc095abf2de16bf97b57,11016,86.0,3,1786718142792,2026-08-14T21:35:42.792
15435,588aca26ed1bfc095abf2de16bf97b57,11017,86.0,3,1786718143792,2026-08-14T21:35:43.792
15436,588aca26ed1bfc095abf2de16bf97b57,11018,86.0,3,1786718144792,2026-08-14T21:35:44.792
15437,588aca26ed1bfc095abf2de16bf97b57,11019,86.0,3,1786718145790,2026-08-14T21:35:45.790
15438,588aca26ed1bfc095abf2de16bf97b57,11020,85.0,3,1786718146789,2026-08-14T21:35:46.789
15439,588aca26ed1bfc095abf2de16bf97b57,11021,85.0,3,1786718147788,2026-08-14T21:35:47.788
15440,588aca26ed1bfc095abf2de16bf97b57,11022,85.0,3,1786718148787,2026-08-14T21:35:48.787
15441,588aca26ed1bfc095abf2de16bf97b57,11023,84.0,3,1786718149784,2026-08-14T21:35:49.784
15442,588aca26ed1bfc095abf2de16bf97b57,11024,83.0,3,1786718150783,2026-08-14T21:35:50.783
15443,588aca26ed1bfc095abf2de16bf97b57,11025,82.0,3,1786718151793,2026-08-14T21:35:51.793
15444,588aca26ed1bfc095abf2de16bf97b57,11026,82.0,3,1786718152783,2026-08-14T21:35:52.783
15445,588aca26ed1bfc095abf2de16bf97b57,11027,82.0,3,1786718153784,2026-08-14T21:35:53.784
15446,588aca26ed1bfc095abf2de16bf97b57,11028,82.0,3,1786718154786,2026-08-14T21:35:54.786
15447,588aca26ed1bfc095abf2de16bf97b57,11029,83.0,3,1786718155784,2026-08-14T21:35:55.784
15448,588aca26ed1bfc095abf2de16bf97b57,11030,84.0,3,1786718156784,2026-08-14T21:35:56.784
15449,588aca26ed1bfc095abf2de16bf97b57,11031,85.0,3,1786718157783,2026-08-14T21:35:57.783
15450,588aca26ed1bfc095abf2de16bf97b57,11032,85.0,3,1786718158783,2026-08-14T21:35:58.783
15451,588aca26ed1bfc095abf2de16bf97b57,11033,85.0,3,1786718159783,2026-08-14T21:35:59.783
15452,588aca26ed1bfc095abf2de16bf97b57,11034,85.0,3,1786718160783,2026-08-14T21:36:00.783
15453,588aca26ed1bfc095abf2de16bf97b57,11035,85.0,3,1786718161783,2026-08-14T21:36:01.783
15454,588aca26ed1bfc095abf2de16bf97b57,11036,85.0,3,1786718162783,2026-08-14T21:36:02.783
15455,588aca26ed1bfc095abf2de16bf97b57,11037,84.0,3,1786718163783,2026-08-14T21:36:03.783
15456,588aca26ed1bfc095abf2de16bf97b57,11038,84.0,3,1786718164784,2026-08-14T21:36:04.784
15457,588aca26ed1bfc095abf2de16bf97b57,11039,84.0,3,1786718165782,2026-08-14T21:36:05.782
15458,588aca26ed1bfc095abf2de16bf97b57,11040,84.0,3,1786718166786,2026-08-14T21:36:06.786
15459,588aca26ed1bfc095abf2de16bf97b57,11041,85.0,3,1786718167786,2026-08-14T21:36:07.786
15460,588aca26ed1bfc095abf2de16bf97b57,11042,86.0,3,1786718168786,2026-08-14T21:36:08.786
15461,588aca26ed1bfc095abf2de16bf97b57,11043,87.0,3,1786718169786,2026-08-14T21:36:09.786
15462,588aca26ed1bfc095abf2de16bf97b57,11044,88.0,3,1786718170784,2026-08-14T21:36:10.784
15463,588aca26ed1bfc095abf2de16bf97b57,11045,89.0,3,1786718171785,2026-08-14T21:36:11.785
15464,588aca26ed1bfc095abf2de16bf97b57,11046,89.0,3,1786718172782,2026-08-14T21:36:12.782
15465,588aca26ed1bfc095abf2de16bf97b57,11047,89.0,3,1786718173783,2026-08-14T21:36:13.783
15466,588aca26ed1bfc095abf2de16bf97b57,11048,89.0,3,1786718174789,2026-08-14T21:36:14.789
15467,588aca26ed1bfc095abf2de16bf97b57,11049,91.0,3,1786718175793,2026-08-14T21:36:15.793
15468,588aca26ed1bfc095abf2de16bf97b57,11050,92.0,3,1786718176792,2026-08-14T21:36:16.792
15469,588aca26ed1bfc095abf2de16bf97b57,11051,91.0,3,1786718177788,2026-08-14T21:36:17.788
15470,588aca26ed1bfc095abf2de16bf97b57,11052,90.0,3,1786718178787,2026-08-14T21:36:18.787
15471,588aca26ed1bfc095abf2de16bf97b57,11053,90.0,3,1786718179784,2026-08-14T21:36:19.784
15472,588aca26ed1bfc095abf2de16bf97b57,11054,90.0,3,1786718180784,2026-08-14T21:36:20.784
15473,588aca26ed1bfc095abf2de16bf97b57,11055,90.0,3,1786718181783,2026-08-14T21:36:21.783
15474,588aca26ed1bfc095abf2de16bf97b57,11056,89.0,3,1786718182783,2026-08-14T21:36:22.783
15475,588aca26ed1bfc095abf2de16bf97b57,11057,90.0,3,1786718183783,2026-08-14T21:36:23.783
15476,588aca26ed1bfc095abf2de16bf97b57,11058,91.0,3,1786718184783,2026-08-14T21:36:24.783
15477,588aca26ed1bfc095abf2de16bf97b57,11059,91.0,3,1786718185783,2026-08-14T21:36:25.783
15478,588aca26ed1bfc095abf2de16bf97b57,11060,92.0,3,1786718186787,2026-08-14T21:36:26.787
15479,588aca26ed1bfc095abf2de16bf97b57,11061,91.0,3,1786718187787,2026-08-14T21:36:27.787
15480,588aca26ed1bfc095abf2de16bf97b57,11062,90.0,3,1786718188789,2026-08-14T21:36:28.789
15481,588aca26ed1bfc095abf2de16bf97b57,11063,89.0,3,1786718189785,2026-08-14T21:36:29.785
15482,588aca26ed1bfc095abf2de16bf97b57,11064,88.0,3,1786718190786,2026-08-14T21:36:30.786
15483,588aca26ed1bfc095abf2de16bf97b57,11065,88.0,3,1786718191783,2026-08-14T21:36:31.783
15484,588aca26ed1bfc095abf2de16bf97b57,11066,88.0,3,1786718192783,2026-08-14T21:36:32.783
15485,588aca26ed1bfc095abf2de16bf97b57,11067,88.0,3,1786718193783,2026-08-14T21:36:33.783
15486,588aca26ed1bfc095abf2de16bf97b57,11068,88.0,3,1786718194783,2026-08-14T21:36:34.783
15487,588aca26ed1bfc095abf2de16bf97b57,11069,88.0,3,1786718195784,2026-08-14T21:36:35.784
15488,588aca26ed1bfc095abf2de16bf97b57,11070,87.0,3,1786718196783,2026-08-14T21:36:36.783
15489,588aca26ed1bfc095abf2de16bf97b57,11071,87.0,3,1786718197783,2026-08-14T21:36:37.783
15490,588aca26ed1bfc095abf2de16bf97b57,11072,86.0,3,1786718198783,2026-08-14T21:36:38.783
15491,588aca26ed1bfc095abf2de16bf97b57,11073,85.0,3,1786718199784,2026-08-14T21:36:39.784
15492,588aca26ed1bfc095abf2de16bf97b57,11074,84.0,3,1786718200784,2026-08-14T21:36:40.784
15493,588aca26ed1bfc095abf2de16bf97b57,11075,84.0,3,1786718201783,2026-08-14T21:36:41.783
15494,588aca26ed1bfc095abf2de16bf97b57,11076,84.0,3,1786718202783,2026-08-14T21:36:42.783
15495,588aca26ed1bfc095abf2de16bf97b57,11077,84.0,3,1786718203783,2026-08-14T21:36:43.783
15496,588aca26ed1bfc095abf2de16bf97b57,11078,85.0,3,1786718204783,2026-08-14T21:36:44.783
15497,588aca26ed1bfc095abf2de16bf97b57,11079,86.0,3,1786718205784,2026-08-14T21:36:45.784
15498,588aca26ed1bfc095abf2de16bf97b57,11080,87.0,3,1786718206794,2026-08-14T21:36:46.794
15499,588aca26ed1bfc095abf2de16bf97b57,11081,89.0,3,1786718207792,2026-08-14T21:36:47.792
15500,588aca26ed1bfc095abf2de16bf97b57,11082,90.0,3,1786718208792,2026-08-14T21:36:48.792
15501,588aca26ed1bfc095abf2de16bf97b57,11083,90.0,3,1786718209791,2026-08-14T21:36:49.791
15502,588aca26ed1bfc095abf2de16bf97b57,11084,91.0,3,1786718210801,2026-08-14T21:36:50.801
15503,588aca26ed1bfc095abf2de16bf97b57,11085,90.0,3,1786718211790,2026-08-14T21:36:51.790
15504,588aca26ed1bfc095abf2de16bf97b57,11086,88.0,3,1786718212788,2026-08-14T21:36:52.788
15505,588aca26ed1bfc095abf2de16bf97b57,11087,87.0,3,1786718213790,2026-08-14T21:36:53.790
15506,588aca26ed1bfc095abf2de16bf97b57,11088,86.0,3,1786718214789,2026-08-14T21:36:54.789
15507,588aca26ed1bfc095abf2de16bf97b57,11089,86.0,3,1786718215788,2026-08-14T21:36:55.788
15508,588aca26ed1bfc095abf2de16bf97b57,11090,87.0,3,1786718216789,2026-08-14T21:36:56.789
15509,588aca26ed1bfc095abf2de16bf97b57,11091,87.0,3,1786718217787,2026-08-14T21:36:57.787
15510,588aca26ed1bfc095abf2de16bf97b57,11092,86.0,3,1786718218783,2026-08-14T21:36:58.783
15511,588aca26ed1bfc095abf2de16bf97b57,11093,85.0,3,1786718219783,2026-08-14T21:36:59.783
15512,588aca26ed1bfc095abf2de16bf97b57,11094,85.0,3,1786718220787,2026-08-14T21:37:00.787
15513,588aca26ed1bfc095abf2de16bf97b57,11095,85.0,3,1786718221788,2026-08-14T21:37:01.788
15514,588aca26ed1bfc095abf2de16bf97b57,11096,84.0,3,1786718222786,2026-08-14T21:37:02.786
15515,588aca26ed1bfc095abf2de16bf97b57,11097,85.0,3,1786718223788,2026-08-14T21:37:03.788
15516,588aca26ed1bfc095abf2de16bf97b57,11098,86.0,3,1786718224796,2026-08-14T21:37:04.796
15517,588aca26ed1bfc095abf2de16bf97b57,11099,87.0,3,1786718225787,2026-08-14T21:37:05.787
15518,588aca26ed1bfc095abf2de16bf97b57,11100,89.0,3,1786718226786,2026-08-14T21:37:06.786
15519,588aca26ed1bfc095abf2de16bf97b57,11101,89.0,3,1786718227785,2026-08-14T21:37:07.785
15520,588aca26ed1bfc095abf2de16bf97b57,11102,89.0,3,1786718228783,2026-08-14T21:37:08.783
15521,588aca26ed1bfc095abf2de16bf97b57,11103,89.0,3,1786718229783,2026-08-14T21:37:09.783
15522,588aca26ed1bfc095abf2de16bf97b57,11104,88.0,3,1786718230783,2026-08-14T21:37:10.783
15523,588aca26ed1bfc095abf2de16bf97b57,11105,88.0,3,1786718231783,2026-08-14T21:37:11.783
15524,588aca26ed1bfc095abf2de16bf97b57,11106,87.0,3,1786718232783,2026-08-14T21:37:12.783
15525,588aca26ed1bfc095abf2de16bf97b57,11107,86.0,3,1786718233783,2026-08-14T21:37:13.783
15526,588aca26ed1bfc095abf2de16bf97b57,11108,85.0,3,1786718234783,2026-08-14T21:37:14.783
15527,588aca26ed1bfc095abf2de16bf97b57,11109,85.0,3,1786718235784,2026-08-14T21:37:15.784
15528,588aca26ed1bfc095abf2de16bf97b57,11110,84.0,3,1786718236787,2026-08-14T21:37:16.787
15529,588aca26ed1bfc095abf2de16bf97b57,11111,84.0,3,1786718237784,2026-08-14T21:37:17.784
15530,588aca26ed1bfc095abf2de16bf97b57,11112,84.0,3,1786718238784,2026-08-14T21:37:18.784
15531,588aca26ed1bfc095abf2de16bf97b57,11113,84.0,3,1786718239784,2026-08-14T21:37:19.784
15532,588aca26ed1bfc095abf2de16bf97b57,11114,84.0,3,1786718240787,2026-08-14T21:37:20.787
15533,588aca26ed1bfc095abf2de16bf97b57,11115,84.0,3,1786718241787,2026-08-14T21:37:21.787
15534,588aca26ed1bfc095abf2de16bf97b57,11116,84.0,3,1786718242785,2026-08-14T21:37:22.785
15535,588aca26ed1bfc095abf2de16bf97b57,11117,84.0,3,1786718243783,2026-08-14T21:37:23.783
15536,588aca26ed1bfc095abf2de16bf97b57,11118,85.0,3,1786718244786,2026-08-14T21:37:24.786
15537,588aca26ed1bfc095abf2de16bf97b57,11119,85.0,3,1786718245784,2026-08-14T21:37:25.784
15538,588aca26ed1bfc095abf2de16bf97b57,11120,84.0,3,1786718246786,2026-08-14T21:37:26.786
15539,588aca26ed1bfc095abf2de16bf97b57,11121,84.0,3,1786718247785,2026-08-14T21:37:27.785
15540,588aca26ed1bfc095abf2de16bf97b57,11122,83.0,3,1786718248784,2026-08-14T21:37:28.784
15541,588aca26ed1bfc095abf2de16bf97b57,11123,83.0,3,1786718249783,2026-08-14T21:37:29.783
15542,588aca26ed1bfc095abf2de16bf97b57,11124,83.0,3,1786718250784,2026-08-14T21:37:30.784
15543,588aca26ed1bfc095abf2de16bf97b57,11125,83.0,3,1786718251783,2026-08-14T21:37:31.783
15544,588aca26ed1bfc095abf2de16bf97b57,11126,83.0,3,1786718252783,2026-08-14T21:37:32.783
15545,588aca26ed1bfc095abf2de16bf97b57,11127,83.0,3,1786718253783,2026-08-14T21:37:33.783
15546,588aca26ed1bfc095abf2de16bf97b57,11128,83.0,3,1786718254783,2026-08-14T21:37:34.783
15547,588aca26ed1bfc095abf2de16bf97b57,11129,83.0,3,1786718255783,2026-08-14T21:37:35.783
15548,588aca26ed1bfc095abf2de16bf97b57,11130,83.0,3,1786718256783,2026-08-14T21:37:36.783
15549,588aca26ed1bfc095abf2de16bf97b57,11131,83.0,3,1786718257783,2026-08-14T21:37:37.783
15550,588aca26ed1bfc095abf2de16bf97b57,11132,84.0,3,1786718258783,2026-08-14T21:37:38.783
15551,588aca26ed1bfc095abf2de16bf97b57,11133,84.0,3,1786718259783,2026-08-14T21:37:39.783
15552,588aca26ed1bfc095abf2de16bf97b57,11134,84.0,3,1786718260783,2026-08-14T21:37:40.783
15553,588aca26ed1bfc095abf2de16bf97b57,11135,85.0,3,1786718261783,2026-08-14T21:37:41.783
15554,588aca26ed1bfc095abf2de16bf97b57,11136,86.0,3,1786718262794,2026-08-14T21:37:42.794
15555,588aca26ed1bfc095abf2de16bf97b57,11137,86.0,3,1786718263792,2026-08-14T21:37:43.792
15556,588aca26ed1bfc095abf2de16bf97b57,11138,86.0,3,1786718264790,2026-08-14T21:37:44.790
15557,588aca26ed1bfc095abf2de16bf97b57,11139,86.0,3,1786718265787,2026-08-14T21:37:45.787
15558,588aca26ed1bfc095abf2de16bf97b57,11140,86.0,3,1786718266787,2026-08-14T21:37:46.787
15559,588aca26ed1bfc095abf2de16bf97b57,11141,86.0,3,1786718267788,2026-08-14T21:37:47.788
15560,588aca26ed1bfc095abf2de16bf97b57,11142,86.0,3,1786718268791,2026-08-14T21:37:48.791
15561,588aca26ed1bfc095abf2de16bf97b57,11143,87.0,3,1786718269786,2026-08-14T21:37:49.786
15562,588aca26ed1bfc095abf2de16bf97b57,11144,88.0,3,1786718270788,2026-08-14T21:37:50.788
15563,588aca26ed1bfc095abf2de16bf97b57,11145,89.0,3,1786718271787,2026-08-14T21:37:51.787
15564,588aca26ed1bfc095abf2de16bf97b57,11146,89.0,3,1786718272786,2026-08-14T21:37:52.786
15565,588aca26ed1bfc095abf2de16bf97b57,11147,88.0,3,1786718273785,2026-08-14T21:37:53.785
15566,588aca26ed1bfc095abf2de16bf97b57,11148,87.0,3,1786718274785,2026-08-14T21:37:54.785
15567,588aca26ed1bfc095abf2de16bf97b57,11149,87.0,3,1786718275784,2026-08-14T21:37:55.784
15568,588aca26ed1bfc095abf2de16bf97b57,11150,86.0,3,1786718276794,2026-08-14T21:37:56.794
15569,588aca26ed1bfc095abf2de16bf97b57,11151,85.0,3,1786718277783,2026-08-14T21:37:57.783
15570,588aca26ed1bfc095abf2de16bf97b57,11152,84.0,3,1786718278783,2026-08-14T21:37:58.783
15571,588aca26ed1bfc095abf2de16bf97b57,11153,84.0,3,1786718279783,2026-08-14T21:37:59.783
15572,588aca26ed1bfc095abf2de16bf97b57,11154,84.0,3,1786718280783,2026-08-14T21:38:00.783
15573,588aca26ed1bfc095abf2de16bf97b57,11155,85.0,3,1786718281787,2026-08-14T21:38:01.787
15574,588aca26ed1bfc095abf2de16bf97b57,11156,85.0,3,1786718282783,2026-08-14T21:38:02.783
15575,588aca26ed1bfc095abf2de16bf97b57,11157,84.0,3,1786718283785,2026-08-14T21:38:03.785
15576,588aca26ed1bfc095abf2de16bf97b57,11158,84.0,3,1786718284786,2026-08-14T21:38:04.786
15577,588aca26ed1bfc095abf2de16bf97b57,11159,84.0,3,1786718285785,2026-08-14T21:38:05.785
15578,588aca26ed1bfc095abf2de16bf97b57,11160,84.0,3,1786718286785,2026-08-14T21:38:06.785
15579,588aca26ed1bfc095abf2de16bf97b57,11161,84.0,3,1786718287783,2026-08-14T21:38:07.783
15580,588aca26ed1bfc095abf2de16bf97b57,11162,84.0,3,1786718288786,2026-08-14T21:38:08.786
15581,588aca26ed1bfc095abf2de16bf97b57,11163,84.0,3,1786718289785,2026-08-14T21:38:09.785
15582,588aca26ed1bfc095abf2de16bf97b57,11164,83.0,3,1786718290783,2026-08-14T21:38:10.783
15583,588aca26ed1bfc095abf2de16bf97b57,11165,83.0,3,1786718291784,2026-08-14T21:38:11.784
15584,588aca26ed1bfc095abf2de16bf97b57,11166,83.0,3,1786718292783,2026-08-14T21:38:12.783
15585,588aca26ed1bfc095abf2de16bf97b57,11167,83.0,3,1786718293783,2026-08-14T21:38:13.783
15586,588aca26ed1bfc095abf2de16bf97b57,11168,82.0,3,1786718294783,2026-08-14T21:38:14.783
15587,588aca26ed1bfc095abf2de16bf97b57,11169,82.0,3,1786718295783,2026-08-14T21:38:15.783
15588,588aca26ed1bfc095abf2de16bf97b57,11170,82.0,3,1786718296783,2026-08-14T21:38:16.783
15589,588aca26ed1bfc095abf2de16bf97b57,11171,81.0,3,1786718297783,2026-08-14T21:38:17.783
15590,588aca26ed1bfc095abf2de16bf97b57,11172,81.0,3,1786718298783,2026-08-14T21:38:18.783
15591,588aca26ed1bfc095abf2de16bf97b57,11173,81.0,3,1786718299782,2026-08-14T21:38:19.782
15592,588aca26ed1bfc095abf2de16bf97b57,11174,81.0,3,1786718300783,2026-08-14T21:38:20.783
15593,588aca26ed1bfc095abf2de16bf97b57,11175,80.0,3,1786718301783,2026-08-14T21:38:21.783
15594,588aca26ed1bfc095abf2de16bf97b57,11176,80.0,3,1786718302783,2026-08-14T21:38:22.783
15595,588aca26ed1bfc095abf2de16bf97b57,11177,81.0,3,1786718303783,2026-08-14T21:38:23.783
15596,588aca26ed1bfc095abf2de16bf97b57,11178,81.0,3,1786718304789,2026-08-14T21:38:24.789
15597,588aca26ed1bfc095abf2de16bf97b57,11179,81.0,3,1786718305790,2026-08-14T21:38:25.790
15598,588aca26ed1bfc095abf2de16bf97b57,11180,81.0,3,1786718306789,2026-08-14T21:38:26.789
15599,588aca26ed1bfc095abf2de16bf97b57,11181,82.0,3,1786718307788,2026-08-14T21:38:27.788
15600,588aca26ed1bfc095abf2de16bf97b57,11182,83.0,3,1786718308786,2026-08-14T21:38:28.786
15601,588aca26ed1bfc095abf2de16bf97b57,11183,84.0,3,1786718309791,2026-08-14T21:38:29.791
15602,588aca26ed1bfc095abf2de16bf97b57,11184,85.0,3,1786718310784,2026-08-14T21:38:30.784
15603,588aca26ed1bfc095abf2de16bf97b57,11185,86.0,3,1786718311783,2026-08-14T21:38:31.783
15604,588aca26ed1bfc095abf2de16bf97b57,11186,86.0,3,1786718312783,2026-08-14T21:38:32.783
15605,588aca26ed1bfc095abf2de16bf97b57,11187,85.0,3,1786718313783,2026-08-14T21:38:33.783
15606,588aca26ed1bfc095abf2de16bf97b57,11188,85.0,3,1786718314783,2026-08-14T21:38:34.783
15607,588aca26ed1bfc095abf2de16bf97b57,11189,84.0,3,1786718315788,2026-08-14T21:38:35.788
15608,588aca26ed1bfc095abf2de16bf97b57,11190,83.0,3,1786718316783,2026-08-14T21:38:36.783
15609,588aca26ed1bfc095abf2de16bf97b57,11191,83.0,3,1786718317783,2026-08-14T21:38:37.783
15610,588aca26ed1bfc095abf2de16bf97b57,11192,82.0,3,1786718318783,2026-08-14T21:38:38.783
15611,588aca26ed1bfc095abf2de16bf97b57,11193,83.0,3,1786718319784,2026-08-14T21:38:39.784
15612,588aca26ed1bfc095abf2de16bf97b57,11194,83.0,3,1786718320784,2026-08-14T21:38:40.784
15613,588aca26ed1bfc095abf2de16bf97b57,11195,84.0,3,1786718321784,2026-08-14T21:38:41.784
15614,588aca26ed1bfc095abf2de16bf97b57,11196,85.0,3,1786718322783,2026-08-14T21:38:42.783
15615,588aca26ed1bfc095abf2de16bf97b57,11197,86.0,3,1786718323784,2026-08-14T21:38:43.784
15616,588aca26ed1bfc095abf2de16bf97b57,11198,85.0,3,1786718324783,2026-08-14T21:38:44.783
15617,588aca26ed1bfc095abf2de16bf97b57,11199,85.0,3,1786718325783,2026-08-14T21:38:45.783
15618,588aca26ed1bfc095abf2de16bf97b57,11200,84.0,3,1786718326783,2026-08-14T21:38:46.783
15619,588aca26ed1bfc095abf2de16bf97b57,11201,84.0,3,1786718327783,2026-08-14T21:38:47.783
15620,588aca26ed1bfc095abf2de16bf97b57,11202,84.0,3,1786718328782,2026-08-14T21:38:48.782
15621,588aca26ed1bfc095abf2de16bf97b57,11203,85.0,3,1786718329783,2026-08-14T21:38:49.783
15622,588aca26ed1bfc095abf2de16bf97b57,11204,86.0,3,1786718330784,2026-08-14T21:38:50.784
15623,588aca26ed1bfc095abf2de16bf97b57,11205,87.0,3,1786718331782,2026-08-14T21:38:51.782
15624,588aca26ed1bfc095abf2de16bf97b57,11206,87.0,3,1786718332783,2026-08-14T21:38:52.783
15625,588aca26ed1bfc095abf2de16bf97b57,11207,88.0,3,1786718333783,2026-08-14T21:38:53.783
15626,588aca26ed1bfc095abf2de16bf97b57,11208,88.0,3,1786718334786,2026-08-14T21:38:54.786
15627,588aca26ed1bfc095abf2de16bf97b57,11209,88.0,3,1786718335790,2026-08-14T21:38:55.790
15628,588aca26ed1bfc095abf2de16bf97b57,11210,89.0,3,1786718336789,2026-08-14T21:38:56.789
15629,588aca26ed1bfc095abf2de16bf97b57,11211,90.0,3,1786718337787,2026-08-14T21:38:57.787
15630,588aca26ed1bfc095abf2de16bf97b57,11212,89.0,3,1786718338789,2026-08-14T21:38:58.789
15631,588aca26ed1bfc095abf2de16bf97b57,11213,89.0,3,1786718339785,2026-08-14T21:38:59.785
15632,588aca26ed1bfc095abf2de16bf97b57,11214,88.0,3,1786718340788,2026-08-14T21:39:00.788
15633,588aca26ed1bfc095abf2de16bf97b57,11215,88.0,3,1786718341787,2026-08-14T21:39:01.787
15634,588aca26ed1bfc095abf2de16bf97b57,11216,87.0,3,1786718342783,2026-08-14T21:39:02.783
15635,588aca26ed1bfc095abf2de16bf97b57,11217,87.0,3,1786718343783,2026-08-14T21:39:03.783
15636,588aca26ed1bfc095abf2de16bf97b57,11218,86.0,3,1786718344784,2026-08-14T21:39:04.784
15637,588aca26ed1bfc095abf2de16bf97b57,11219,85.0,3,1786718345783,2026-08-14T21:39:05.783
15638,588aca26ed1bfc095abf2de16bf97b57,11220,85.0,3,1786718346783,2026-08-14T21:39:06.783
15639,588aca26ed1bfc095abf2de16bf97b57,11221,84.0,3,1786718347789,2026-08-14T21:39:07.789
15640,588aca26ed1bfc095abf2de16bf97b57,11222,85.0,3,1786718348783,2026-08-14T21:39:08.783
15641,588aca26ed1bfc095abf2de16bf97b57,11223,84.0,3,1786718349784,2026-08-14T21:39:09.784
15642,588aca26ed1bfc095abf2de16bf97b57,11224,85.0,3,1786718350784,2026-08-14T21:39:10.784
15643,588aca26ed1bfc095abf2de16bf97b57,11225,86.0,3,1786718351783,2026-08-14T21:39:11.783
15644,588aca26ed1bfc095abf2de16bf97b57,11226,87.0,3,1786718352783,2026-08-14T21:39:12.783
15645,588aca26ed1bfc095abf2de16bf97b57,11227,89.0,3,1786718353783,2026-08-14T21:39:13.783
15646,588aca26ed1bfc095abf2de16bf97b57,11228,90.0,3,1786718354784,2026-08-14T21:39:14.784
15647,588aca26ed1bfc095abf2de16bf97b57,11229,93.0,3,1786718355783,2026-08-14T21:39:15.783
15648,588aca26ed1bfc095abf2de16bf97b57,11230,94.0,3,1786718356783,2026-08-14T21:39:16.783
15649,588aca26ed1bfc095abf2de16bf97b57,11231,96.0,3,1786718357783,2026-08-14T21:39:17.783
15650,588aca26ed1bfc095abf2de16bf97b57,11232,97.0,3,1786718358783,2026-08-14T21:39:18.783
15651,588aca26ed1bfc095abf2de16bf97b57,11233,97.0,3,1786718359783,2026-08-14T21:39:19.783
15652,588aca26ed1bfc095abf2de16bf97b57,11234,96.0,3,1786718360784,2026-08-14T21:39:20.784
15653,588aca26ed1bfc095abf2de16bf97b57,11235,95.0,3,1786718361784,2026-08-14T21:39:21.784
15654,588aca26ed1bfc095abf2de16bf97b57,11236,94.0,3,1786718362789,2026-08-14T21:39:22.789
15655,588aca26ed1bfc095abf2de16bf97b57,11237,93.0,3,1786718363792,2026-08-14T21:39:23.792
15656,588aca26ed1bfc095abf2de16bf97b57,11238,92.0,3,1786718364791,2026-08-14T21:39:24.791
15657,588aca26ed1bfc095abf2de16bf97b57,11239,90.0,3,1786718365791,2026-08-14T21:39:25.791
15658,588aca26ed1bfc095abf2de16bf97b57,11240,90.0,3,1786718366790,2026-08-14T21:39:26.790
15659,588aca26ed1bfc095abf2de16bf97b57,11241,89.0,3,1786718367797,2026-08-14T21:39:27.797
15660,588aca26ed1bfc095abf2de16bf97b57,11242,88.0,3,1786718368788,2026-08-14T21:39:28.788
15661,588aca26ed1bfc095abf2de16bf97b57,11243,87.0,3,1786718369787,2026-08-14T21:39:29.787
15662,588aca26ed1bfc095abf2de16bf97b57,11244,86.0,3,1786718370787,2026-08-14T21:39:30.787
15663,588aca26ed1bfc095abf2de16bf97b57,11245,85.0,3,1786718371786,2026-08-14T21:39:31.786
15664,588aca26ed1bfc095abf2de16bf97b57,11246,84.0,3,1786718372784,2026-08-14T21:39:32.784
15665,588aca26ed1bfc095abf2de16bf97b57,11247,83.0,3,1786718373784,2026-08-14T21:39:33.784
15666,588aca26ed1bfc095abf2de16bf97b57,11248,83.0,3,1786718374783,2026-08-14T21:39:34.783
15667,588aca26ed1bfc095abf2de16bf97b57,11249,83.0,3,1786718375783,2026-08-14T21:39:35.783
15668,588aca26ed1bfc095abf2de16bf97b57,11250,84.0,3,1786718376785,2026-08-14T21:39:36.785
15669,588aca26ed1bfc095abf2de16bf97b57,11251,85.0,3,1786718377783,2026-08-14T21:39:37.783
15670,588aca26ed1bfc095abf2de16bf97b57,11252,86.0,3,1786718378783,2026-08-14T21:39:38.783
15671,588aca26ed1bfc095abf2de16bf97b57,11253,86.0,3,1786718379783,2026-08-14T21:39:39.783
15672,588aca26ed1bfc095abf2de16bf97b57,11254,86.0,3,1786718380783,2026-08-14T21:39:40.783
15673,588aca26ed1bfc095abf2de16bf97b57,11255,85.0,3,1786718381783,2026-08-14T21:39:41.783
15674,588aca26ed1bfc095abf2de16bf97b57,11256,85.0,3,1786718382786,2026-08-14T21:39:42.786
15675,588aca26ed1bfc095abf2de16bf97b57,11257,85.0,3,1786718383783,2026-08-14T21:39:43.783
15676,588aca26ed1bfc095abf2de16bf97b57,11258,84.0,3,1786718384785,2026-08-14T21:39:44.785
15677,588aca26ed1bfc095abf2de16bf97b57,11259,83.0,3,1786718385784,2026-08-14T21:39:45.784
15678,588aca26ed1bfc095abf2de16bf97b57,11260,82.0,3,1786718386783,2026-08-14T21:39:46.783
15679,588aca26ed1bfc095abf2de16bf97b57,11261,82.0,3,1786718387783,2026-08-14T21:39:47.783
15680,588aca26ed1bfc095abf2de16bf97b57,11262,82.0,3,1786718388783,2026-08-14T21:39:48.783
15681,588aca26ed1bfc095abf2de16bf97b57,11263,83.0,3,1786718389785,2026-08-14T21:39:49.785
15682,588aca26ed1bfc095abf2de16bf97b57,11264,83.0,3,1786718390783,2026-08-14T21:39:50.783
15683,588aca26ed1bfc095abf2de16bf97b57,11265,83.0,3,1786718391783,2026-08-14T21:39:51.783
15684,588aca26ed1bfc095abf2de16bf97b57,11266,84.0,3,1786718392784,2026-08-14T21:39:52.784
15685,588aca26ed1bfc095abf2de16bf97b57,11267,85.0,3,1786718393783,2026-08-14T21:39:53.783
15686,588aca26ed1bfc095abf2de16bf97b57,11268,85.0,3,1786718394784,2026-08-14T21:39:54.784
15687,588aca26ed1bfc095abf2de16bf97b57,11269,85.0,3,1786718395783,2026-08-14T21:39:55.783
15688,588aca26ed1bfc095abf2de16bf97b57,11270,85.0,3,1786718396783,2026-08-14T21:39:56.783
15689,588aca26ed1bfc095abf2de16bf97b57,11271,84.0,3,1786718397802,2026-08-14T21:39:57.802
15690,588aca26ed1bfc095abf2de16bf97b57,11272,84.0,3,1786718398802,2026-08-14T21:39:58.802
15691,588aca26ed1bfc095abf2de16bf97b57,11273,83.0,3,1786718399801,2026-08-14T21:39:59.801
15692,588aca26ed1bfc095abf2de16bf97b57,11274,83.0,3,1786718400794,2026-08-14T21:40:00.794
15693,588aca26ed1bfc095abf2de16bf97b57,11275,83.0,3,1786718401789,2026-08-14T21:40:01.789
15694,588aca26ed1bfc095abf2de16bf97b57,11276,82.0,3,1786718402789,2026-08-14T21:40:02.789
15695,588aca26ed1bfc095abf2de16bf97b57,11277,82.0,3,1786718403787,2026-08-14T21:40:03.787
15696,588aca26ed1bfc095abf2de16bf97b57,11278,82.0,3,1786718404785,2026-08-14T21:40:04.785
15697,588aca26ed1bfc095abf2de16bf97b57,11279,83.0,3,1786718405784,2026-08-14T21:40:05.784
15698,588aca26ed1bfc095abf2de16bf97b57,11280,83.0,3,1786718406784,2026-08-14T21:40:06.784
15699,588aca26ed1bfc095abf2de16bf97b57,11281,83.0,3,1786718407783,2026-08-14T21:40:07.783
15700,588aca26ed1bfc095abf2de16bf97b57,11282,83.0,3,1786718408783,2026-08-14T21:40:08.783
15701,588aca26ed1bfc095abf2de16bf97b57,11283,84.0,3,1786718409783,2026-08-14T21:40:09.783
15702,588aca26ed1bfc095abf2de16bf97b57,11284,85.0,3,1786718410784,2026-08-14T21:40:10.784
15703,588aca26ed1bfc095abf2de16bf97b57,11285,85.0,3,1786718411783,2026-08-14T21:40:11.783
15704,588aca26ed1bfc095abf2de16bf97b57,11286,85.0,3,1786718412783,2026-08-14T21:40:12.783
15705,588aca26ed1bfc095abf2de16bf97b57,11287,85.0,3,1786718413783,2026-08-14T21:40:13.783
15706,588aca26ed1bfc095abf2de16bf97b57,11288,85.0,3,1786718414784,2026-08-14T21:40:14.784
15707,588aca26ed1bfc095abf2de16bf97b57,11289,85.0,3,1786718415784,2026-08-14T21:40:15.784
15708,588aca26ed1bfc095abf2de16bf97b57,11290,85.0,3,1786718416785,2026-08-14T21:40:16.785
15709,588aca26ed1bfc095abf2de16bf97b57,11291,85.0,3,1786718417783,2026-08-14T21:40:17.783
15710,588aca26ed1bfc095abf2de16bf97b57,11292,85.0,3,1786718418783,2026-08-14T21:40:18.783
15711,588aca26ed1bfc095abf2de16bf97b57,11293,85.0,3,1786718419783,2026-08-14T21:40:19.783
15712,588aca26ed1bfc095abf2de16bf97b57,11294,85.0,3,1786718420784,2026-08-14T21:40:20.784
15713,588aca26ed1bfc095abf2de16bf97b57,11295,85.0,3,1786718421783,2026-08-14T21:40:21.783
15714,588aca26ed1bfc095abf2de16bf97b57,11296,84.0,3,1786718422783,2026-08-14T21:40:22.783
15715,588aca26ed1bfc095abf2de16bf97b57,11297,84.0,3,1786718423783,2026-08-14T21:40:23.783
15716,588aca26ed1bfc095abf2de16bf97b57,11298,83.0,3,1786718424783,2026-08-14T21:40:24.783
15717,588aca26ed1bfc095abf2de16bf97b57,11299,83.0,3,1786718425783,2026-08-14T21:40:25.783
15718,588aca26ed1bfc095abf2de16bf97b57,11300,83.0,3,1786718426783,2026-08-14T21:40:26.783
15719,588aca26ed1bfc095abf2de16bf97b57,11301,84.0,3,1786718427783,2026-08-14T21:40:27.783
