id,device_id,bpm,accuracy,time_ms,time_iso,synced,fresh
10044,588aca26ed1bfc095abf2de16bf97b57,91.0,3,1786717169893,2026-08-14T21:19:29.893,1,1
10045,588aca26ed1bfc095abf2de16bf97b57,91.0,-1,1786717170893,2026-08-14T21:19:30.893,1,0
10046,588aca26ed1bfc095abf2de16bf97b57,91.0,-1,1786717171893,2026-08-14T21:19:31.893,1,0
10047,588aca26ed1bfc095abf2de16bf97b57,91.0,-1,1786717172893,2026-08-14T21:19:32.893,1,0
10048,588aca26ed1bfc095abf2de16bf97b57,91.0,-1,1786717173893,2026-08-14T21:19:33.893,1,0
10049,588aca26ed1bfc095abf2de16bf97b57,91.0,-1,1786717174893,2026-08-14T21:19:34.893,1,0
10050,588aca26ed1bfc095abf2de16bf97b57,91.0,-1,1786717175893,2026-08-14T21:19:35.893,1,0
10051,588aca26ed1bfc095abf2de16bf97b57,91.0,-1,1786717176892,2026-08-14T21:19:36.892,1,0
10052,588aca26ed1bfc095abf2de16bf97b57,91.0,-1,1786717177895,2026-08-14T21:19:37.895,1,0
10053,588aca26ed1bfc095abf2de16bf97b57,95.0,3,1786717178893,2026-08-14T21:19:38.893,1,1
10054,588aca26ed1bfc095abf2de16bf97b57,95.0,3,1786717179892,2026-08-14T21:19:39.892,1,1
10055,588aca26ed1bfc095abf2de16bf97b57,95.0,3,1786717180892,2026-08-14T21:19:40.892,1,1
10056,588aca26ed1bfc095abf2de16bf97b57,94.0,3,1786717181893,2026-08-14T21:19:41.893,1,1
10057,588aca26ed1bfc095abf2de16bf97b57,93.0,3,1786717182892,2026-08-14T21:19:42.892,1,1
10058,588aca26ed1bfc095abf2de16bf97b57,93.0,3,1786717183892,2026-08-14T21:19:43.892,1,1
10059,588aca26ed1bfc095abf2de16bf97b57,93.0,3,1786717184893,2026-08-14T21:19:44.893,1,1
10060,588aca26ed1bfc095abf2de16bf97b57,93.0,3,1786717185893,2026-08-14T21:19:45.893,1,1
10061,588aca26ed1bfc095abf2de16bf97b57,93.0,3,1786717186902,2026-08-14T21:19:46.902,1,1
10062,588aca26ed1bfc095abf2de16bf97b57,94.0,3,1786717187896,2026-08-14T21:19:47.896,1,1
10063,588aca26ed1bfc095abf2de16bf97b57,95.0,3,1786717188895,2026-08-14T21:19:48.895,1,1
10064,588aca26ed1bfc095abf2de16bf97b57,95.0,3,1786717189895,2026-08-14T21:19:49.895,1,1
10065,588aca26ed1bfc095abf2de16bf97b57,94.0,3,1786717190893,2026-08-14T21:19:50.893,1,1
10066,588aca26ed1bfc095abf2de16bf97b57,94.0,3,1786717191894,2026-08-14T21:19:51.894,1,1
10067,588aca26ed1bfc095abf2de16bf97b57,94.0,3,1786717192893,2026-08-14T21:19:52.893,1,1
10068,588aca26ed1bfc095abf2de16bf97b57,94.0,3,1786717193892,2026-08-14T21:19:53.892,1,1
10069,588aca26ed1bfc095abf2de16bf97b57,95.0,3,1786717194892,2026-08-14T21:19:54.892,1,1
10070,588aca26ed1bfc095abf2de16bf97b57,95.0,3,1786717195892,2026-08-14T21:19:55.892,1,1
10071,588aca26ed1bfc095abf2de16bf97b57,96.0,3,1786717196893,2026-08-14T21:19:56.893,1,1
10072,588aca26ed1bfc095abf2de16bf97b57,97.0,3,1786717197892,2026-08-14T21:19:57.892,1,1
10073,588aca26ed1bfc095abf2de16bf97b57,97.0,3,1786717198893,2026-08-14T21:19:58.893,1,1
10074,588aca26ed1bfc095abf2de16bf97b57,98.0,3,1786717199893,2026-08-14T21:19:59.893,1,1
10075,588aca26ed1bfc095abf2de16bf97b57,98.0,3,1786717200893,2026-08-14T21:20:00.893,1,1
10076,588aca26ed1bfc095abf2de16bf97b57,97.0,3,1786717201894,2026-08-14T21:20:01.894,1,1
10077,588aca26ed1bfc095abf2de16bf97b57,96.0,3,1786717202893,2026-08-14T21:20:02.893,1,1
10078,588aca26ed1bfc095abf2de16bf97b57,96.0,3,1786717203893,2026-08-14T21:20:03.893,1,1
10079,588aca26ed1bfc095abf2de16bf97b57,95.0,3,1786717204898,2026-08-14T21:20:04.898,1,1
10080,588aca26ed1bfc095abf2de16bf97b57,94.0,3,1786717205893,2026-08-14T21:20:05.893,1,1
10081,588aca26ed1bfc095abf2de16bf97b57,94.0,3,1786717206892,2026-08-14T21:20:06.892,1,1
10082,588aca26ed1bfc095abf2de16bf97b57,94.0,3,1786717207894,2026-08-14T21:20:07.894,1,1
10083,588aca26ed1bfc095abf2de16bf97b57,95.0,3,1786717208892,2026-08-14T21:20:08.892,1,1
10084,588aca26ed1bfc095abf2de16bf97b57,95.0,3,1786717209893,2026-08-14T21:20:09.893,1,1
10085,588aca26ed1bfc095abf2de16bf97b57,95.0,3,1786717210893,2026-08-14T21:20:10.893,1,1
10086,588aca26ed1bfc095abf2de16bf97b57,94.0,3,1786717211894,2026-08-14T21:20:11.894,1,1
10087,588aca26ed1bfc095abf2de16bf97b57,95.0,3,1786717212893,2026-08-14T21:20:12.893,1,1
10088,588aca26ed1bfc095abf2de16bf97b57,96.0,3,1786717213892,2026-08-14T21:20:13.892,1,1
10089,588aca26ed1bfc095abf2de16bf97b57,96.0,3,1786717214905,2026-08-14T21:20:14.905,1,1
10090,588aca26ed1bfc095abf2de16bf97b57,97.0,3,1786717215894,2026-08-14T21:20:15.894,1,1
10091,588aca26ed1bfc095abf2de16bf97b57,97.0,3,1786717216896,2026-08-14T21:20:16.896,1,1
10092,588aca26ed1bfc095abf2de16bf97b57,99.0,3,1786717217894,2026-08-14T21:20:17.894,1,1
10093,588aca26ed1bfc095abf2de16bf97b57,99.0,3,1786717218894,2026-08-14T21:20:18.894,1,1
10094,588aca26ed1bfc095abf2de16bf97b57,100.0,3,1786717219895,2026-08-14T21:20:19.895,1,1
10095,588aca26ed1bfc095abf2de16bf97b57,102.0,3,1786717220892,2026-08-14T21:20:20.892,1,1
10096,588aca26ed1bfc095abf2de16bf97b57,102.0,3,1786717221895,2026-08-14T21:20:21.895,1,1
10097,588aca26ed1bfc095abf2de16bf97b57,102.0,3,1786717222898,2026-08-14T21:20:22.898,1,1
10098,588aca26ed1bfc095abf2de16bf97b57,103.0,3,1786717223893,2026-08-14T21:20:23.893,1,1
10099,588aca26ed1bfc095abf2de16bf97b57,103.0,3,1786717224895,2026-08-14T21:20:24.895,1,1
10100,588aca26ed1bfc095abf2de16bf97b57,102.0,3,1786717225894,2026-08-14T21:20:25.894,1,1
10101,588aca26ed1bfc095abf2de16bf97b57,104.0,3,1786717226893,2026-08-14T21:20:26.893,1,1
10102,588aca26ed1bfc095abf2de16bf97b57,105.0,3,1786717227893,2026-08-14T21:20:27.893,1,1
10103,588aca26ed1bfc095abf2de16bf97b57,104.0,3,1786717228893,2026-08-14T21:20:28.893,1,1
10104,588aca26ed1bfc095abf2de16bf97b57,103.0,3,1786717229893,2026-08-14T21:20:29.893,1,1
10105,588aca26ed1bfc095abf2de16bf97b57,103.0,3,1786717230892,2026-08-14T21:20:30.892,1,1
10106,588aca26ed1bfc095abf2de16bf97b57,103.0,3,1786717231893,2026-08-14T21:20:31.893,1,1
10107,588aca26ed1bfc095abf2de16bf97b57,103.0,3,1786717232893,2026-08-14T21:20:32.893,1,1
10108,588aca26ed1bfc095abf2de16bf97b57,104.0,3,1786717233894,2026-08-14T21:20:33.894,1,1
10109,588aca26ed1bfc095abf2de16bf97b57,103.0,3,1786717234894,2026-08-14T21:20:34.894,1,1
10110,588aca26ed1bfc095abf2de16bf97b57,102.0,3,1786717235893,2026-08-14T21:20:35.893,1,1
10111,588aca26ed1bfc095abf2de16bf97b57,102.0,3,1786717236893,2026-08-14T21:20:36.893,1,1
10112,588aca26ed1bfc095abf2de16bf97b57,100.0,3,1786717237893,2026-08-14T21:20:37.893,1,1
10113,588aca26ed1bfc095abf2de16bf97b57,99.0,3,1786717238892,2026-08-14T21:20:38.892,1,1
10114,588aca26ed1bfc095abf2de16bf97b57,97.0,3,1786717239892,2026-08-14T21:20:39.892,1,1
10115,588aca26ed1bfc095abf2de16bf97b57,96.0,3,1786717240893,2026-08-14T21:20:40.893,1,1
10116,588aca26ed1bfc095abf2de16bf97b57,95.0,3,1786717241892,2026-08-14T21:20:41.892,1,1
10117,588aca26ed1bfc095abf2de16bf97b57,93.0,3,1786717242893,2026-08-14T21:20:42.893,1,1
10118,588aca26ed1bfc095abf2de16bf97b57,92.0,3,1786717243893,2026-08-14T21:20:43.893,1,1
10119,588aca26ed1bfc095abf2de16bf97b57,91.0,3,1786717244892,2026-08-14T21:20:44.892,1,1
10120,588aca26ed1bfc095abf2de16bf97b57,92.0,3,1786717245893,2026-08-14T21:20:45.893,1,1
10121,588aca26ed1bfc095abf2de16bf97b57,93.0,3,1786717246893,2026-08-14T21:20:46.893,1,1
10122,588aca26ed1bfc095abf2de16bf97b57,94.0,3,1786717247893,2026-08-14T21:20:47.893,1,1
10123,588aca26ed1bfc095abf2de16bf97b57,95.0,3,1786717248892,2026-08-14T21:20:48.892,1,1
10124,588aca26ed1bfc095abf2de16bf97b57,96.0,3,1786717249892,2026-08-14T21:20:49.892,1,1
10125,588aca26ed1bfc095abf2de16bf97b57,97.0,3,1786717250893,2026-08-14T21:20:50.893,1,1
10126,588aca26ed1bfc095abf2de16bf97b57,99.0,3,1786717251893,2026-08-14T21:20:51.893,1,1
10127,588aca26ed1bfc095abf2de16bf97b57,100.0,3,1786717252900,2026-08-14T21:20:52.900,1,1
10128,588aca26ed1bfc095abf2de16bf97b57,101.0,3,1786717253902,2026-08-14T21:20:53.902,1,1
10129,588aca26ed1bfc095abf2de16bf97b57,102.0,3,1786717254902,2026-08-14T21:20:54.902,1,1
10130,588aca26ed1bfc095abf2de16bf97b57,102.0,3,1786717255899,2026-08-14T21:20:55.899,1,1
10131,588aca26ed1bfc095abf2de16bf97b57,101.0,3,1786717256900,2026-08-14T21:20:56.900,1,1
10132,588aca26ed1bfc095abf2de16bf97b57,100.0,3,1786717257899,2026-08-14T21:20:57.899,1,1
10133,588aca26ed1bfc095abf2de16bf97b57,99.0,3,1786717258897,2026-08-14T21:20:58.897,1,1
10134,588aca26ed1bfc095abf2de16bf97b57,98.0,3,1786717259898,2026-08-14T21:20:59.898,1,1
10135,588aca26ed1bfc095abf2de16bf97b57,96.0,3,1786717260896,2026-08-14T21:21:00.896,1,1
10136,588aca26ed1bfc095abf2de16bf97b57,96.0,3,1786717261892,2026-08-14T21:21:01.892,1,1
10137,588aca26ed1bfc095abf2de16bf97b57,95.0,3,1786717262895,2026-08-14T21:21:02.895,1,1
10138,588aca26ed1bfc095abf2de16bf97b57,95.0,3,1786717263896,2026-08-14T21:21:03.896,1,1
10139,588aca26ed1bfc095abf2de16bf97b57,94.0,3,1786717264895,2026-08-14T21:21:04.895,1,1
10140,588aca26ed1bfc095abf2de16bf97b57,93.0,3,1786717265895,2026-08-14T21:21:05.895,1,1
10141,588aca26ed1bfc095abf2de16bf97b57,93.0,3,1786717266894,2026-08-14T21:21:06.894,1,1
10142,588aca26ed1bfc095abf2de16bf97b57,93.0,3,1786717267894,2026-08-14T21:21:07.894,1,1
10143,588aca26ed1bfc095abf2de16bf97b57,94.0,3,1786717268894,2026-08-14T21:21:08.894,1,1
10144,588aca26ed1bfc095abf2de16bf97b57,94.0,3,1786717269893,2026-08-14T21:21:09.893,1,1
10145,588aca26ed1bfc095abf2de16bf97b57,95.0,3,1786717270893,2026-08-14T21:21:10.893,1,1
10146,588aca26ed1bfc095abf2de16bf97b57,95.0,3,1786717271892,2026-08-14T21:21:11.892,1,1
10147,588aca26ed1bfc095abf2de16bf97b57,95.0,3,1786717272892,2026-08-14T21:21:12.892,1,1
10148,588aca26ed1bfc095abf2de16bf97b57,95.0,3,1786717273892,2026-08-14T21:21:13.892,1,1
10149,588aca26ed1bfc095abf2de16bf97b57,95.0,3,1786717274893,2026-08-14T21:21:14.893,1,1
10150,588aca26ed1bfc095abf2de16bf97b57,95.0,3,1786717275893,2026-08-14T21:21:15.893,1,1
10151,588aca26ed1bfc095abf2de16bf97b57,94.0,3,1786717276893,2026-08-14T21:21:16.893,1,1
10152,588aca26ed1bfc095abf2de16bf97b57,94.0,3,1786717277893,2026-08-14T21:21:17.893,1,1
10153,588aca26ed1bfc095abf2de16bf97b57,93.0,3,1786717278894,2026-08-14T21:21:18.894,1,1
10154,588aca26ed1bfc095abf2de16bf97b57,92.0,3,1786717279892,2026-08-14T21:21:19.892,1,1
10155,588aca26ed1bfc095abf2de16bf97b57,92.0,3,1786717280895,2026-08-14T21:21:20.895,1,1
10156,588aca26ed1bfc095abf2de16bf97b57,92.0,3,1786717281893,2026-08-14T21:21:21.893,1,1
10157,588aca26ed1bfc095abf2de16bf97b57,93.0,3,1786717282893,2026-08-14T21:21:22.893,1,1
10158,588aca26ed1bfc095abf2de16bf97b57,95.0,3,1786717283892,2026-08-14T21:21:23.892,1,1
10159,588aca26ed1bfc095abf2de16bf97b57,96.0,3,1786717284892,2026-08-14T21:21:24.892,1,1
10160,588aca26ed1bfc095abf2de16bf97b57,97.0,3,1786717285894,2026-08-14T21:21:25.894,1,1
10161,588aca26ed1bfc095abf2de16bf97b57,97.0,3,1786717286893,2026-08-14T21:21:26.893,1,1
10162,588aca26ed1bfc095abf2de16bf97b57,95.0,3,1786717287892,2026-08-14T21:21:27.892,1,1
10163,588aca26ed1bfc095abf2de16bf97b57,94.0,3,1786717288893,2026-08-14T21:21:28.893,1,1
10164,588aca26ed1bfc095abf2de16bf97b57,93.0,3,1786717289893,2026-08-14T21:21:29.893,1,1
10165,588aca26ed1bfc095abf2de16bf97b57,92.0,3,1786717290893,2026-08-14T21:21:30.893,1,1
10166,588aca26ed1bfc095abf2de16bf97b57,92.0,3,1786717291893,2026-08-14T21:21:31.893,1,1
10167,588aca26ed1bfc095abf2de16bf97b57,92.0,3,1786717292894,2026-08-14T21:21:32.894,1,1
10168,588aca26ed1bfc095abf2de16bf97b57,91.0,3,1786717293892,2026-08-14T21:21:33.892,1,1
10169,588aca26ed1bfc095abf2de16bf97b57,93.0,3,1786717294892,2026-08-14T21:21:34.892,1,1
10170,588aca26ed1bfc095abf2de16bf97b57,95.0,3,1786717295893,2026-08-14T21:21:35.893,1,1
10171,588aca26ed1bfc095abf2de16bf97b57,95.0,3,1786717296900,2026-08-14T21:21:36.900,1,1
10172,588aca26ed1bfc095abf2de16bf97b57,95.0,3,1786717297902,2026-08-14T21:21:37.902,1,1
10173,588aca26ed1bfc095abf2de16bf97b57,95.0,3,1786717298894,2026-08-14T21:21:38.894,1,1
10174,588aca26ed1bfc095abf2de16bf97b57,94.0,3,1786717299897,2026-08-14T21:21:39.897,1,1
10175,588aca26ed1bfc095abf2de16bf97b57,93.0,3,1786717300893,2026-08-14T21:21:40.893,1,1
10176,588aca26ed1bfc095abf2de16bf97b57,92.0,3,1786717301895,2026-08-14T21:21:41.895,1,1
10177,588aca26ed1bfc095abf2de16bf97b57,91.0,3,1786717302895,2026-08-14T21:21:42.895,1,1
10178,588aca26ed1bfc095abf2de16bf97b57,90.0,3,1786717303894,2026-08-14T21:21:43.894,1,1
10179,588aca26ed1bfc095abf2de16bf97b57,89.0,3,1786717304895,2026-08-14T21:21:44.895,1,1
10180,588aca26ed1bfc095abf2de16bf97b57,88.0,3,1786717305896,2026-08-14T21:21:45.896,1,1
10181,588aca26ed1bfc095abf2de16bf97b57,87.0,3,1786717306895,2026-08-14T21:21:46.895,1,1
10182,588aca26ed1bfc095abf2de16bf97b57,87.0,3,1786717307894,2026-08-14T21:21:47.894,1,1
10183,588aca26ed1bfc095abf2de16bf97b57,86.0,3,1786717308894,2026-08-14T21:21:48.894,1,1
10184,588aca26ed1bfc095abf2de16bf97b57,86.0,3,1786717309896,2026-08-14T21:21:49.896,1,1
10185,588aca26ed1bfc095abf2de16bf97b57,86.0,3,1786717310895,2026-08-14T21:21:50.895,1,1
10186,588aca26ed1bfc095abf2de16bf97b57,85.0,3,1786717311895,2026-08-14T21:21:51.895,1,1
10187,588aca26ed1bfc095abf2de16bf97b57,85.0,3,1786717312895,2026-08-14T21:21:52.895,1,1
10188,588aca26ed1bfc095abf2de16bf97b57,85.0,3,1786717313894,2026-08-14T21:21:53.894,1,1
10189,588aca26ed1bfc095abf2de16bf97b57,85.0,3,1786717314895,2026-08-14T21:21:54.895,1,1
10190,588aca26ed1bfc095abf2de16bf97b57,85.0,3,1786717315892,2026-08-14T21:21:55.892,1,1
10191,588aca26ed1bfc095abf2de16bf97b57,86.0,3,1786717316893,2026-08-14T21:21:56.893,1,1
10192,588aca26ed1bfc095abf2de16bf97b57,86.0,3,1786717317893,2026-08-14T21:21:57.893,1,1
10193,588aca26ed1bfc095abf2de16bf97b57,87.0,3,1786717318893,2026-08-14T21:21:58.893,1,1
10194,588aca26ed1bfc095abf2de16bf97b57,87.0,3,1786717319896,2026-08-14T21:21:59.896,1,1
10195,588aca26ed1bfc095abf2de16bf97b57,88.0,3,1786717320893,2026-08-14T21:22:00.893,1,1
10196,588aca26ed1bfc095abf2de16bf97b57,88.0,3,1786717321893,2026-08-14T21:22:01.893,1,1
10197,588aca26ed1bfc095abf2de16bf97b57,88.0,3,1786717322894,2026-08-14T21:22:02.894,1,1
10198,588aca26ed1bfc095abf2de16bf97b57,88.0,3,1786717323893,2026-08-14T21:22:03.893,1,1
10199,588aca26ed1bfc095abf2de16bf97b57,88.0,3,1786717324892,2026-08-14T21:22:04.892,1,1
10200,588aca26ed1bfc095abf2de16bf97b57,88.0,3,1786717325893,2026-08-14T21:22:05.893,1,1
10201,588aca26ed1bfc095abf2de16bf97b57,88.0,3,1786717326893,2026-08-14T21:22:06.893,1,1
10202,588aca26ed1bfc095abf2de16bf97b57,89.0,3,1786717327893,2026-08-14T21:22:07.893,1,1
10203,588aca26ed1bfc095abf2de16bf97b57,89.0,3,1786717328893,2026-08-14T21:22:08.893,1,1
10204,588aca26ed1bfc095abf2de16bf97b57,89.0,3,1786717329893,2026-08-14T21:22:09.893,1,1
10205,588aca26ed1bfc095abf2de16bf97b57,89.0,3,1786717330892,2026-08-14T21:22:10.892,1,1
10206,588aca26ed1bfc095abf2de16bf97b57,89.0,3,1786717331893,2026-08-14T21:22:11.893,1,1
10207,588aca26ed1bfc095abf2de16bf97b57,90.0,3,1786717332893,2026-08-14T21:22:12.893,1,1
10208,588aca26ed1bfc095abf2de16bf97b57,90.0,3,1786717333892,2026-08-14T21:22:13.892,1,1
10209,588aca26ed1bfc095abf2de16bf97b57,91.0,3,1786717334893,2026-08-14T21:22:14.893,1,1
10210,588aca26ed1bfc095abf2de16bf97b57,92.0,3,1786717335893,2026-08-14T21:22:15.893,1,1
10211,588aca26ed1bfc095abf2de16bf97b57,92.0,3,1786717336902,2026-08-14T21:22:16.902,1,1
10212,588aca26ed1bfc095abf2de16bf97b57,91.0,3,1786717337892,2026-08-14T21:22:17.892,1,1
10213,588aca26ed1bfc095abf2de16bf97b57,91.0,3,1786717338893,2026-08-14T21:22:18.893,1,1
10214,588aca26ed1bfc095abf2de16bf97b57,92.0,3,1786717339894,2026-08-14T21:22:19.894,1,1
10215,588aca26ed1bfc095abf2de16bf97b57,92.0,3,1786717340895,2026-08-14T21:22:20.895,1,1
10216,588aca26ed1bfc095abf2de16bf97b57,93.0,3,1786717341895,2026-08-14T21:22:21.895,1,1
10217,588aca26ed1bfc095abf2de16bf97b57,93.0,3,1786717342895,2026-08-14T21:22:22.895,1,1
10218,588aca26ed1bfc095abf2de16bf97b57,93.0,3,1786717343892,2026-08-14T21:22:23.892,1,1
10219,588aca26ed1bfc095abf2de16bf97b57,93.0,3,1786717344893,2026-08-14T21:22:24.893,1,1
10220,588aca26ed1bfc095abf2de16bf97b57,92.0,3,1786717345893,2026-08-14T21:22:25.893,1,1
10221,588aca26ed1bfc095abf2de16bf97b57,91.0,3,1786717346892,2026-08-14T21:22:26.892,1,1
10222,588aca26ed1bfc095abf2de16bf97b57,90.0,3,1786717347893,2026-08-14T21:22:27.893,1,1
10223,588aca26ed1bfc095abf2de16bf97b57,89.0,3,1786717348892,2026-08-14T21:22:28.892,1,1
10224,588aca26ed1bfc095abf2de16bf97b57,89.0,3,1786717349892,2026-08-14T21:22:29.892,1,1
10225,588aca26ed1bfc095abf2de16bf97b57,87.0,3,1786717350892,2026-08-14T21:22:30.892,1,1
10226,588aca26ed1bfc095abf2de16bf97b57,86.0,3,1786717351892,2026-08-14T21:22:31.892,1,1
10227,588aca26ed1bfc095abf2de16bf97b57,87.0,3,1786717352893,2026-08-14T21:22:32.893,1,1
10228,588aca26ed1bfc095abf2de16bf97b57,87.0,3,1786717353892,2026-08-14T21:22:33.892,1,1
10229,588aca26ed1bfc095abf2de16bf97b57,86.0,3,1786717354892,2026-08-14T21:22:34.892,1,1
10230,588aca26ed1bfc095abf2de16bf97b57,87.0,3,1786717355893,2026-08-14T21:22:35.893,1,1
10231,588aca26ed1bfc095abf2de16bf97b57,86.0,3,1786717356900,2026-08-14T21:22:36.900,1,1
10232,588aca26ed1bfc095abf2de16bf97b57,86.0,3,1786717357894,2026-08-14T21:22:37.894,1,1
10233,588aca26ed1bfc095abf2de16bf97b57,87.0,3,1786717358898,2026-08-14T21:22:38.898,1,1
10234,588aca26ed1bfc095abf2de16bf97b57,86.0,3,1786717359892,2026-08-14T21:22:39.892,1,1
10235,588aca26ed1bfc095abf2de16bf97b57,86.0,3,1786717360893,2026-08-14T21:22:40.893,1,0
10236,588aca26ed1bfc095abf2de16bf97b57,88.0,3,1786717361897,2026-08-14T21:22:41.897,1,1
10237,588aca26ed1bfc095abf2de16bf97b57,88.0,3,1786717362895,2026-08-14T21:22:42.895,1,1
10238,588aca26ed1bfc095abf2de16bf97b57,89.0,3,1786717363895,2026-08-14T21:22:43.895,1,1
10239,588aca26ed1bfc095abf2de16bf97b57,91.0,3,1786717364912,2026-08-14T21:22:44.912,1,1
10240,588aca26ed1bfc095abf2de16bf97b57,91.0,3,1786717365895,2026-08-14T21:22:45.895,1,0
10241,588aca26ed1bfc095abf2de16bf97b57,92.0,3,1786717366893,2026-08-14T21:22:46.893,1,1
10242,588aca26ed1bfc095abf2de16bf97b57,94.0,3,1786717367894,2026-08-14T21:22:47.894,1,1
10243,588aca26ed1bfc095abf2de16bf97b57,95.0,3,1786717368894,2026-08-14T21:22:48.894,1,1
10244,588aca26ed1bfc095abf2de16bf97b57,96.0,3,1786717369893,2026-08-14T21:22:49.893,1,1
10245,588aca26ed1bfc095abf2de16bf97b57,97.0,3,1786717370893,2026-08-14T21:22:50.893,1,1
10246,588aca26ed1bfc095abf2de16bf97b57,97.0,3,1786717371894,2026-08-14T21:22:51.894,1,1
10247,588aca26ed1bfc095abf2de16bf97b57,96.0,3,1786717372893,2026-08-14T21:22:52.893,1,1
10248,588aca26ed1bfc095abf2de16bf97b57,94.0,3,1786717373892,2026-08-14T21:22:53.892,1,1
10249,588aca26ed1bfc095abf2de16bf97b57,93.0,3,1786717374893,2026-08-14T21:22:54.893,1,1
10250,588aca26ed1bfc095abf2de16bf97b57,92.0,3,1786717375892,2026-08-14T21:22:55.892,1,1
10251,588aca26ed1bfc095abf2de16bf97b57,93.0,3,1786717376892,2026-08-14T21:22:56.892,1,1
10252,588aca26ed1bfc095abf2de16bf97b57,92.0,3,1786717377892,2026-08-14T21:22:57.892,1,1
10253,588aca26ed1bfc095abf2de16bf97b57,93.0,3,1786717378893,2026-08-14T21:22:58.893,1,1
10254,588aca26ed1bfc095abf2de16bf97b57,93.0,3,1786717379893,2026-08-14T21:22:59.893,1,1
10255,588aca26ed1bfc095abf2de16bf97b57,93.0,3,1786717380892,2026-08-14T21:23:00.892,1,1
10256,588aca26ed1bfc095abf2de16bf97b57,92.0,3,1786717381893,2026-08-14T21:23:01.893,1,1
10257,588aca26ed1bfc095abf2de16bf97b57,93.0,3,1786717382894,2026-08-14T21:23:02.894,1,1
10258,588aca26ed1bfc095abf2de16bf97b57,94.0,3,1786717383892,2026-08-14T21:23:03.892,1,1
10259,588aca26ed1bfc095abf2de16bf97b57,93.0,3,1786717384892,2026-08-14T21:23:04.892,1,1
10260,588aca26ed1bfc095abf2de16bf97b57,93.0,3,1786717385892,2026-08-14T21:23:05.892,1,1
10261,588aca26ed1bfc095abf2de16bf97b57,93.0,3,1786717386892,2026-08-14T21:23:06.892,1,1
10262,588aca26ed1bfc095abf2de16bf97b57,92.0,3,1786717387892,2026-08-14T21:23:07.892,1,1
10263,588aca26ed1bfc095abf2de16bf97b57,92.0,3,1786717388893,2026-08-14T21:23:08.893,1,1
10264,588aca26ed1bfc095abf2de16bf97b57,92.0,3,1786717389893,2026-08-14T21:23:09.893,1,1
10265,588aca26ed1bfc095abf2de16bf97b57,93.0,3,1786717390893,2026-08-14T21:23:10.893,1,1
10266,588aca26ed1bfc095abf2de16bf97b57,93.0,3,1786717391893,2026-08-14T21:23:11.893,1,1
10267,588aca26ed1bfc095abf2de16bf97b57,93.0,3,1786717392893,2026-08-14T21:23:12.893,1,1
10268,588aca26ed1bfc095abf2de16bf97b57,94.0,3,1786717393893,2026-08-14T21:23:13.893,1,1
10269,588aca26ed1bfc095abf2de16bf97b57,95.0,3,1786717394893,2026-08-14T21:23:14.893,1,1
10270,588aca26ed1bfc095abf2de16bf97b57,94.0,3,1786717395902,2026-08-14T21:23:15.902,1,1
10271,588aca26ed1bfc095abf2de16bf97b57,94.0,3,1786717396901,2026-08-14T21:23:16.901,1,1
10272,588aca26ed1bfc095abf2de16bf97b57,93.0,3,1786717397897,2026-08-14T21:23:17.897,1,1
10273,588aca26ed1bfc095abf2de16bf97b57,93.0,3,1786717398898,2026-08-14T21:23:18.898,1,1
10274,588aca26ed1bfc095abf2de16bf97b57,92.0,3,1786717399898,2026-08-14T21:23:19.898,1,1
10275,588aca26ed1bfc095abf2de16bf97b57,92.0,3,1786717400896,2026-08-14T21:23:20.896,1,1
10276,588aca26ed1bfc095abf2de16bf97b57,92.0,3,1786717401898,2026-08-14T21:23:21.898,1,1
10277,588aca26ed1bfc095abf2de16bf97b57,92.0,3,1786717402896,2026-08-14T21:23:22.896,1,1
10278,588aca26ed1bfc095abf2de16bf97b57,92.0,3,1786717403897,2026-08-14T21:23:23.897,1,1
10279,588aca26ed1bfc095abf2de16bf97b57,92.0,3,1786717404896,2026-08-14T21:23:24.896,1,1
10280,588aca26ed1bfc095abf2de16bf97b57,92.0,3,1786717405892,2026-08-14T21:23:25.892,1,1
10281,588aca26ed1bfc095abf2de16bf97b57,93.0,3,1786717406893,2026-08-14T21:23:26.893,1,1
10282,588aca26ed1bfc095abf2de16bf97b57,93.0,3,1786717407894,2026-08-14T21:23:27.894,1,1
10283,588aca26ed1bfc095abf2de16bf97b57,93.0,3,1786717408892,2026-08-14T21:23:28.892,1,1
10284,588aca26ed1bfc095abf2de16bf97b57,93.0,3,1786717409893,2026-08-14T21:23:29.893,1,1
10285,588aca26ed1bfc095abf2de16bf97b57,92.0,3,1786717410893,2026-08-14T21:23:30.893,1,1
10286,588aca26ed1bfc095abf2de16bf97b57,91.0,3,1786717411892,2026-08-14T21:23:31.892,1,1
10287,588aca26ed1bfc095abf2de16bf97b57,92.0,3,1786717412893,2026-08-14T21:23:32.893,1,1
10288,588aca26ed1bfc095abf2de16bf97b57,92.0,3,1786717413893,2026-08-14T21:23:33.893,1,1
10289,588aca26ed1bfc095abf2de16bf97b57,93.0,3,1786717414893,2026-08-14T21:23:34.893,1,1
10290,588aca26ed1bfc095abf2de16bf97b57,94.0,3,1786717415895,2026-08-14T21:23:35.895,1,1
10291,588aca26ed1bfc095abf2de16bf97b57,95.0,3,1786717416893,2026-08-14T21:23:36.893,1,1
10292,588aca26ed1bfc095abf2de16bf97b57,95.0,3,1786717417893,2026-08-14T21:23:37.893,1,1
10293,588aca26ed1bfc095abf2de16bf97b57,96.0,3,1786717418893,2026-08-14T21:23:38.893,1,1
10294,588aca26ed1bfc095abf2de16bf97b57,96.0,3,1786717419893,2026-08-14T21:23:39.893,1,1
10295,588aca26ed1bfc095abf2de16bf97b57,95.0,3,1786717420892,2026-08-14T21:23:40.892,1,1
10296,588aca26ed1bfc095abf2de16bf97b57,93.0,3,1786717421893,2026-08-14T21:23:41.893,1,1
10297,588aca26ed1bfc095abf2de16bf97b57,92.0,3,1786717422893,2026-08-14T21:23:42.893,1,1
10298,588aca26ed1bfc095abf2de16bf97b57,91.0,3,1786717423893,2026-08-14T21:23:43.893,1,1
10299,588aca26ed1bfc095abf2de16bf97b57,90.0,3,1786717424892,2026-08-14T21:23:44.892,1,1
10300,588aca26ed1bfc095abf2de16bf97b57,89.0,3,1786717425897,2026-08-14T21:23:45.897,1,1
10301,588aca26ed1bfc095abf2de16bf97b57,88.0,3,1786717426893,2026-08-14T21:23:46.893,1,1
10302,588aca26ed1bfc095abf2de16bf97b57,87.0,3,1786717427893,2026-08-14T21:23:47.893,1,1
10303,588aca26ed1bfc095abf2de16bf97b57,87.0,3,1786717428893,2026-08-14T21:23:48.893,1,1
10304,588aca26ed1bfc095abf2de16bf97b57,87.0,3,1786717429893,2026-08-14T21:23:49.893,1,1
10305,588aca26ed1bfc095abf2de16bf97b57,88.0,3,1786717430895,2026-08-14T21:23:50.895,1,1
10306,588aca26ed1bfc095abf2de16bf97b57,87.0,3,1786717431894,2026-08-14T21:23:51.894,1,1
10307,588aca26ed1bfc095abf2de16bf97b57,87.0,3,1786717432895,2026-08-14T21:23:52.895,1,1
10308,588aca26ed1bfc095abf2de16bf97b57,87.0,3,1786717433894,2026-08-14T21:23:53.894,1,1
10309,588aca26ed1bfc095abf2de16bf97b57,86.0,3,1786717434893,2026-08-14T21:23:54.893,1,1
10310,588aca26ed1bfc095abf2de16bf97b57,86.0,3,1786717435893,2026-08-14T21:23:55.893,1,1
10311,588aca26ed1bfc095abf2de16bf97b57,85.0,3,1786717436892,2026-08-14T21:23:56.892,1,1
10312,588aca26ed1bfc095abf2de16bf97b57,85.0,3,1786717437893,2026-08-14T21:23:57.893,1,1
10313,588aca26ed1bfc095abf2de16bf97b57,84.0,3,1786717438893,2026-08-14T21:23:58.893,1,1
10314,588aca26ed1bfc095abf2de16bf97b57,84.0,3,1786717439893,2026-08-14T21:23:59.893,1,1
10315,588aca26ed1bfc095abf2de16bf97b57,84.0,3,1786717440893,2026-08-14T21:24:00.893,1,1
10316,588aca26ed1bfc095abf2de16bf97b57,84.0,3,1786717441893,2026-08-14T21:24:01.893,1,1
10317,588aca26ed1bfc095abf2de16bf97b57,84.0,3,1786717442892,2026-08-14T21:24:02.892,1,1
10318,588aca26ed1bfc095abf2de16bf97b57,84.0,3,1786717443893,2026-08-14T21:24:03.893,1,1
10319,588aca26ed1bfc095abf2de16bf97b57,83.0,3,1786717444893,2026-08-14T21:24:04.893,1,1
10320,588aca26ed1bfc095abf2de16bf97b57,83.0,3,1786717445893,2026-08-14T21:24:05.893,1,1
10321,588aca26ed1bfc095abf2de16bf97b57,83.0,3,1786717446893,2026-08-14T21:24:06.893,1,1
10322,588aca26ed1bfc095abf2de16bf97b57,84.0,3,1786717447893,2026-08-14T21:24:07.893,1,1
10323,588aca26ed1bfc095abf2de16bf97b57,84.0,3,1786717448893,2026-08-14T21:24:08.893,1,1
10324,588aca26ed1bfc095abf2de16bf97b57,85.0,3,1786717449893,2026-08-14T21:24:09.893,1,1
10325,588aca26ed1bfc095abf2de16bf97b57,85.0,3,1786717450897,2026-08-14T21:24:10.897,1,1
10326,588aca26ed1bfc095abf2de16bf97b57,85.0,3,1786717451902,2026-08-14T21:24:11.902,1,1
10327,588aca26ed1bfc095abf2de16bf97b57,85.0,3,1786717452902,2026-08-14T21:24:12.902,1,1
10328,588aca26ed1bfc095abf2de16bf97b57,84.0,3,1786717453901,2026-08-14T21:24:13.901,1,1
10329,588aca26ed1bfc095abf2de16bf97b57,84.0,3,1786717454898,2026-08-14T21:24:14.898,1,1
10330,588aca26ed1bfc095abf2de16bf97b57,83.0,3,1786717455895,2026-08-14T21:24:15.895,1,1
10331,588aca26ed1bfc095abf2de16bf97b57,84.0,3,1786717456893,2026-08-14T21:24:16.893,1,1
10332,588aca26ed1bfc095abf2de16bf97b57,85.0,3,1786717457894,2026-08-14T21:24:17.894,1,1
10333,588aca26ed1bfc095abf2de16bf97b57,85.0,3,1786717458892,2026-08-14T21:24:18.892,1,1
10334,588aca26ed1bfc095abf2de16bf97b57,86.0,3,1786717459893,2026-08-14T21:24:19.893,1,1
10335,588aca26ed1bfc095abf2de16bf97b57,86.0,3,1786717460893,2026-08-14T21:24:20.893,1,1
10336,588aca26ed1bfc095abf2de16bf97b57,87.0,3,1786717461893,2026-08-14T21:24:21.893,1,1
10337,588aca26ed1bfc095abf2de16bf97b57,88.0,3,1786717462894,2026-08-14T21:24:22.894,1,1
10338,588aca26ed1bfc095abf2de16bf97b57,89.0,3,1786717463893,2026-08-14T21:24:23.893,1,1
10339,588aca26ed1bfc095abf2de16bf97b57,90.0,3,1786717464893,2026-08-14T21:24:24.893,1,1
10340,588aca26ed1bfc095abf2de16bf97b57,89.0,3,1786717465893,2026-08-14T21:24:25.893,1,1
10341,588aca26ed1bfc095abf2de16bf97b57,88.0,3,1786717466893,2026-08-14T21:24:26.893,1,1
10342,588aca26ed1bfc095abf2de16bf97b57,87.0,3,1786717467893,2026-08-14T21:24:27.893,1,1
10343,588aca26ed1bfc095abf2de16bf97b57,86.0,3,1786717468896,2026-08-14T21:24:28.896,1,1
10344,588aca26ed1bfc095abf2de16bf97b57,85.0,3,1786717469893,2026-08-14T21:24:29.893,1,1
10345,588aca26ed1bfc095abf2de16bf97b57,85.0,3,1786717470893,2026-08-14T21:24:30.893,1,1
10346,588aca26ed1bfc095abf2de16bf97b57,84.0,3,1786717471893,2026-08-14T21:24:31.893,1,1
10347,588aca26ed1bfc095abf2de16bf97b57,84.0,3,1786717472893,2026-08-14T21:24:32.893,1,1
10348,588aca26ed1bfc095abf2de16bf97b57,86.0,3,1786717473893,2026-08-14T21:24:33.893,1,1
10349,588aca26ed1bfc095abf2de16bf97b57,87.0,3,1786717474893,2026-08-14T21:24:34.893,1,1
10350,588aca26ed1bfc095abf2de16bf97b57,88.0,3,1786717475893,2026-08-14T21:24:35.893,1,1
10351,588aca26ed1bfc095abf2de16bf97b57,88.0,3,1786717476902,2026-08-14T21:24:36.902,1,1
10352,588aca26ed1bfc095abf2de16bf97b57,87.0,3,1786717477899,2026-08-14T21:24:37.899,1,1
10353,588aca26ed1bfc095abf2de16bf97b57,86.0,3,1786717478900,2026-08-14T21:24:38.900,1,1
10354,588aca26ed1bfc095abf2de16bf97b57,86.0,3,1786717479892,2026-08-14T21:24:39.892,1,1
10355,588aca26ed1bfc095abf2de16bf97b57,85.0,3,1786717480893,2026-08-14T21:24:40.893,1,1
10356,588aca26ed1bfc095abf2de16bf97b57,85.0,3,1786717481900,2026-08-14T21:24:41.900,1,1
10357,588aca26ed1bfc095abf2de16bf97b57,85.0,3,1786717482896,2026-08-14T21:24:42.896,1,1
10358,588aca26ed1bfc095abf2de16bf97b57,85.0,3,1786717483892,2026-08-14T21:24:43.892,1,1
10359,588aca26ed1bfc095abf2de16bf97b57,85.0,3,1786717484893,2026-08-14T21:24:44.893,1,1
10360,588aca26ed1bfc095abf2de16bf97b57,84.0,3,1786717485892,2026-08-14T21:24:45.892,1,1
10361,588aca26ed1bfc095abf2de16bf97b57,84.0,3,1786717486893,2026-08-14T21:24:46.893,1,1
10362,588aca26ed1bfc095abf2de16bf97b57,84.0,3,1786717487893,2026-08-14T21:24:47.893,1,1
10363,588aca26ed1bfc095abf2de16bf97b57,85.0,3,1786717488893,2026-08-14T21:24:48.893,1,1
10364,588aca26ed1bfc095abf2de16bf97b57,84.0,3,1786717489894,2026-08-14T21:24:49.894,1,1
10365,588aca26ed1bfc095abf2de16bf97b57,84.0,3,1786717490892,2026-08-14T21:24:50.892,1,1
10366,588aca26ed1bfc095abf2de16bf97b57,86.0,3,1786717491893,2026-08-14T21:24:51.893,1,1
10367,588aca26ed1bfc095abf2de16bf97b57,86.0,3,1786717492893,2026-08-14T21:24:52.893,1,1
10368,588aca26ed1bfc095abf2de16bf97b57,86.0,3,1786717493893,2026-08-14T21:24:53.893,1,1
10369,588aca26ed1bfc095abf2de16bf97b57,87.0,3,1786717494893,2026-08-14T21:24:54.893,1,1
10370,588aca26ed1bfc095abf2de16bf97b57,88.0,3,1786717495899,2026-08-14T21:24:55.899,1,1
10371,588aca26ed1bfc095abf2de16bf97b57,88.0,3,1786717496900,2026-08-14T21:24:56.900,1,1
10372,588aca26ed1bfc095abf2de16bf97b57,89.0,3,1786717497899,2026-08-14T21:24:57.899,1,1
10373,588aca26ed1bfc095abf2de16bf97b57,90.0,3,1786717498900,2026-08-14T21:24:58.900,1,1
10374,588aca26ed1bfc095abf2de16bf97b57,91.0,3,1786717499899,2026-08-14T21:24:59.899,1,1
10375,588aca26ed1bfc095abf2de16bf97b57,92.0,3,1786717500898,2026-08-14T21:25:00.898,1,1
10376,588aca26ed1bfc095abf2de16bf97b57,93.0,3,1786717501896,2026-08-14T21:25:01.896,1,1
10377,588aca26ed1bfc095abf2de16bf97b57,94.0,3,1786717502895,2026-08-14T21:25:02.895,1,1
10378,588aca26ed1bfc095abf2de16bf97b57,96.0,3,1786717503894,2026-08-14T21:25:03.894,1,1
10379,588aca26ed1bfc095abf2de16bf97b57,97.0,3,1786717504902,2026-08-14T21:25:04.902,1,1
10380,588aca26ed1bfc095abf2de16bf97b57,96.0,3,1786717505892,2026-08-14T21:25:05.892,1,1
10381,588aca26ed1bfc095abf2de16bf97b57,95.0,3,1786717506893,2026-08-14T21:25:06.893,1,1
10382,588aca26ed1bfc095abf2de16bf97b57,94.0,3,1786717507893,2026-08-14T21:25:07.893,1,1
10383,588aca26ed1bfc095abf2de16bf97b57,93.0,3,1786717508894,2026-08-14T21:25:08.894,1,1
10384,588aca26ed1bfc095abf2de16bf97b57,92.0,3,1786717509894,2026-08-14T21:25:09.894,1,1
10385,588aca26ed1bfc095abf2de16bf97b57,90.0,3,1786717510893,2026-08-14T21:25:10.893,1,1
10386,588aca26ed1bfc095abf2de16bf97b57,89.0,3,1786717511893,2026-08-14T21:25:11.893,1,1
10387,588aca26ed1bfc095abf2de16bf97b57,89.0,3,1786717512893,2026-08-14T21:25:12.893,1,1
10388,588aca26ed1bfc095abf2de16bf97b57,88.0,3,1786717513893,2026-08-14T21:25:13.893,1,1
10389,588aca26ed1bfc095abf2de16bf97b57,87.0,3,1786717514893,2026-08-14T21:25:14.893,1,1
10390,588aca26ed1bfc095abf2de16bf97b57,87.0,3,1786717515893,2026-08-14T21:25:15.893,1,1
10391,588aca26ed1bfc095abf2de16bf97b57,88.0,3,1786717516893,2026-08-14T21:25:16.893,1,1
10392,588aca26ed1bfc095abf2de16bf97b57,89.0,3,1786717517893,2026-08-14T21:25:17.893,1,1
10393,588aca26ed1bfc095abf2de16bf97b57,90.0,3,1786717518893,2026-08-14T21:25:18.893,1,1
10394,588aca26ed1bfc095abf2de16bf97b57,90.0,3,1786717519893,2026-08-14T21:25:19.893,1,1
10395,588aca26ed1bfc095abf2de16bf97b57,90.0,3,1786717520892,2026-08-14T21:25:20.892,1,1
10396,588aca26ed1bfc095abf2de16bf97b57,89.0,3,1786717521896,2026-08-14T21:25:21.896,1,1
10397,588aca26ed1bfc095abf2de16bf97b57,88.0,3,1786717522895,2026-08-14T21:25:22.895,1,1
10398,588aca26ed1bfc095abf2de16bf97b57,88.0,3,1786717523894,2026-08-14T21:25:23.894,1,1
10399,588aca26ed1bfc095abf2de16bf97b57,88.0,3,1786717524894,2026-08-14T21:25:24.894,1,1
10400,588aca26ed1bfc095abf2de16bf97b57,88.0,3,1786717525894,2026-08-14T21:25:25.894,1,1
10401,588aca26ed1bfc095abf2de16bf97b57,88.0,3,1786717526893,2026-08-14T21:25:26.893,1,1
10402,588aca26ed1bfc095abf2de16bf97b57,88.0,3,1786717527892,2026-08-14T21:25:27.892,1,1
10403,588aca26ed1bfc095abf2de16bf97b57,88.0,3,1786717528892,2026-08-14T21:25:28.892,1,1
10404,588aca26ed1bfc095abf2de16bf97b57,87.0,3,1786717529892,2026-08-14T21:25:29.892,1,1
10405,588aca26ed1bfc095abf2de16bf97b57,87.0,3,1786717530892,2026-08-14T21:25:30.892,1,1
10406,588aca26ed1bfc095abf2de16bf97b57,87.0,3,1786717531895,2026-08-14T21:25:31.895,1,1
10407,588aca26ed1bfc095abf2de16bf97b57,88.0,3,1786717532893,2026-08-14T21:25:32.893,1,1
10408,588aca26ed1bfc095abf2de16bf97b57,88.0,3,1786717533892,2026-08-14T21:25:33.892,1,1
10409,588aca26ed1bfc095abf2de16bf97b57,87.0,3,1786717534893,2026-08-14T21:25:34.893,1,1
10410,588aca26ed1bfc095abf2de16bf97b57,87.0,3,1786717535893,2026-08-14T21:25:35.893,1,1
10411,588aca26ed1bfc095abf2de16bf97b57,87.0,3,1786717536892,2026-08-14T21:25:36.892,1,1
10412,588aca26ed1bfc095abf2de16bf97b57,88.0,3,1786717537893,2026-08-14T21:25:37.893,1,1
10413,588aca26ed1bfc095abf2de16bf97b57,88.0,3,1786717538893,2026-08-14T21:25:38.893,1,1
10414,588aca26ed1bfc095abf2de16bf97b57,89.0,3,1786717539894,2026-08-14T21:25:39.894,1,1
10415,588aca26ed1bfc095abf2de16bf97b57,89.0,3,1786717540892,2026-08-14T21:25:40.892,1,1
10416,588aca26ed1bfc095abf2de16bf97b57,90.0,3,1786717541895,2026-08-14T21:25:41.895,1,1
10417,588aca26ed1bfc095abf2de16bf97b57,90.0,3,1786717542894,2026-08-14T21:25:42.894,1,1
10418,588aca26ed1bfc095abf2de16bf97b57,90.0,3,1786717543893,2026-08-14T21:25:43.893,1,1
10419,588aca26ed1bfc095abf2de16bf97b57,92.0,3,1786717544893,2026-08-14T21:25:44.893,1,1
10420,588aca26ed1bfc095abf2de16bf97b57,93.0,3,1786717545893,2026-08-14T21:25:45.893,1,1
10421,588aca26ed1bfc095abf2de16bf97b57,93.0,3,1786717546900,2026-08-14T21:25:46.900,1,1
10422,588aca26ed1bfc095abf2de16bf97b57,92.0,3,1786717547894,2026-08-14T21:25:47.894,1,1
10423,588aca26ed1bfc095abf2de16bf97b57,91.0,3,1786717548892,2026-08-14T21:25:48.892,1,1
10424,588aca26ed1bfc095abf2de16bf97b57,90.0,3,1786717549892,2026-08-14T21:25:49.892,1,1
10425,588aca26ed1bfc095abf2de16bf97b57,89.0,3,1786717550892,2026-08-14T21:25:50.892,1,1
10426,588aca26ed1bfc095abf2de16bf97b57,88.0,3,1786717551892,2026-08-14T21:25:51.892,1,1
10427,588aca26ed1bfc095abf2de16bf97b57,87.0,3,1786717552892,2026-08-14T21:25:52.892,1,1
10428,588aca26ed1bfc095abf2de16bf97b57,87.0,3,1786717553893,2026-08-14T21:25:53.893,1,1
10429,588aca26ed1bfc095abf2de16bf97b57,86.0,3,1786717554893,2026-08-14T21:25:54.893,1,1
10430,588aca26ed1bfc095abf2de16bf97b57,86.0,3,1786717555892,2026-08-14T21:25:55.892,1,1
10431,588aca26ed1bfc095abf2de16bf97b57,86.0,3,1786717556892,2026-08-14T21:25:56.892,1,1
10432,588aca26ed1bfc095abf2de16bf97b57,86.0,3,1786717557893,2026-08-14T21:25:57.893,1,1
10433,588aca26ed1bfc095abf2de16bf97b57,87.0,3,1786717558893,2026-08-14T21:25:58.893,1,1
10434,588aca26ed1bfc095abf2de16bf97b57,87.0,3,1786717559892,2026-08-14T21:25:59.892,1,1
10435,588aca26ed1bfc095abf2de16bf97b57,89.0,3,1786717560892,2026-08-14T21:26:00.892,1,1
10436,588aca26ed1bfc095abf2de16bf97b57,90.0,3,1786717561892,2026-08-14T21:26:01.892,1,1
10437,588aca26ed1bfc095abf2de16bf97b57,91.0,3,1786717562893,2026-08-14T21:26:02.893,1,1
10438,588aca26ed1bfc095abf2de16bf97b57,92.0,3,1786717563892,2026-08-14T21:26:03.892,1,1
10439,588aca26ed1bfc095abf2de16bf97b57,93.0,3,1786717564892,2026-08-14T21:26:04.892,1,1
10440,588aca26ed1bfc095abf2de16bf97b57,93.0,3,1786717565893,2026-08-14T21:26:05.893,1,1
10441,588aca26ed1bfc095abf2de16bf97b57,93.0,3,1786717566892,2026-08-14T21:26:06.892,1,1
10442,588aca26ed1bfc095abf2de16bf97b57,92.0,3,1786717567893,2026-08-14T21:26:07.893,1,1
10443,588aca26ed1bfc095abf2de16bf97b57,91.0,3,1786717568893,2026-08-14T21:26:08.893,1,1
10444,588aca26ed1bfc095abf2de16bf97b57,90.0,3,1786717569892,2026-08-14T21:26:09.892,1,1
10445,588aca26ed1bfc095abf2de16bf97b57,89.0,3,1786717570893,2026-08-14T21:26:10.893,1,1
10446,588aca26ed1bfc095abf2de16bf97b57,87.0,3,1786717571910,2026-08-14T21:26:11.910,1,1
10447,588aca26ed1bfc095abf2de16bf97b57,86.0,3,1786717572894,2026-08-14T21:26:12.894,1,1
10448,588aca26ed1bfc095abf2de16bf97b57,85.0,3,1786717573914,2026-08-14T21:26:13.914,1,1
10449,588aca26ed1bfc095abf2de16bf97b57,85.0,3,1786717574901,2026-08-14T21:26:14.901,1,0
10450,588aca26ed1bfc095abf2de16bf97b57,84.0,3,1786717575892,2026-08-14T21:26:15.892,1,1
10451,588aca26ed1bfc095abf2de16bf97b57,85.0,3,1786717576892,2026-08-14T21:26:16.892,1,1
10452,588aca26ed1bfc095abf2de16bf97b57,85.0,3,1786717577895,2026-08-14T21:26:17.895,1,1
10453,588aca26ed1bfc095abf2de16bf97b57,85.0,3,1786717578895,2026-08-14T21:26:18.895,1,1
10454,588aca26ed1bfc095abf2de16bf97b57,85.0,3,1786717579895,2026-08-14T21:26:19.895,1,1
10455,588aca26ed1bfc095abf2de16bf97b57,85.0,3,1786717580895,2026-08-14T21:26:20.895,1,1
10456,588aca26ed1bfc095abf2de16bf97b57,86.0,3,1786717581892,2026-08-14T21:26:21.892,1,1
10457,588aca26ed1bfc095abf2de16bf97b57,85.0,3,1786717582894,2026-08-14T21:26:22.894,1,1
10458,588aca26ed1bfc095abf2de16bf97b57,88.0,3,1786717583897,2026-08-14T21:26:23.897,1,1
10459,588aca26ed1bfc095abf2de16bf97b57,90.0,3,1786717584894,2026-08-14T21:26:24.894,1,1
10460,588aca26ed1bfc095abf2de16bf97b57,91.0,3,1786717585894,2026-08-14T21:26:25.894,1,1
10461,588aca26ed1bfc095abf2de16bf97b57,94.0,3,1786717586895,2026-08-14T21:26:26.895,1,1
10462,588aca26ed1bfc095abf2de16bf97b57,98.0,3,1786717587895,2026-08-14T21:26:27.895,1,1
10463,588aca26ed1bfc095abf2de16bf97b57,101.0,3,1786717588895,2026-08-14T21:26:28.895,1,1
10464,588aca26ed1bfc095abf2de16bf97b57,103.0,3,1786717589895,2026-08-14T21:26:29.895,1,1
10465,588aca26ed1bfc095abf2de16bf97b57,105.0,3,1786717590895,2026-08-14T21:26:30.895,1,1
10466,588aca26ed1bfc095abf2de16bf97b57,105.0,3,1786717591895,2026-08-14T21:26:31.895,1,1
10467,588aca26ed1bfc095abf2de16bf97b57,104.0,3,1786717592893,2026-08-14T21:26:32.893,1,1
10468,588aca26ed1bfc095abf2de16bf97b57,104.0,3,1786717593895,2026-08-14T21:26:33.895,1,1
10469,588aca26ed1bfc095abf2de16bf97b57,103.0,3,1786717594895,2026-08-14T21:26:34.895,1,1
10470,588aca26ed1bfc095abf2de16bf97b57,103.0,3,1786717595894,2026-08-14T21:26:35.894,1,1
10471,588aca26ed1bfc095abf2de16bf97b57,103.0,3,1786717596894,2026-08-14T21:26:36.894,1,1
10472,588aca26ed1bfc095abf2de16bf97b57,102.0,3,1786717597895,2026-08-14T21:26:37.895,1,1
10473,588aca26ed1bfc095abf2de16bf97b57,102.0,3,1786717598895,2026-08-14T21:26:38.895,1,1
10474,588aca26ed1bfc095abf2de16bf97b57,101.0,3,1786717599892,2026-08-14T21:26:39.892,1,1
10475,588aca26ed1bfc095abf2de16bf97b57,101.0,3,1786717600894,2026-08-14T21:26:40.894,1,1
10476,588aca26ed1bfc095abf2de16bf97b57,101.0,3,1786717601895,2026-08-14T21:26:41.895,1,1
10477,588aca26ed1bfc095abf2de16bf97b57,100.0,3,1786717602895,2026-08-14T21:26:42.895,1,1
10478,588aca26ed1bfc095abf2de16bf97b57,99.0,3,1786717603894,2026-08-14T21:26:43.894,1,1
10479,588aca26ed1bfc095abf2de16bf97b57,100.0,3,1786717604894,2026-08-14T21:26:44.894,1,1
10480,588aca26ed1bfc095abf2de16bf97b57,100.0,3,1786717605894,2026-08-14T21:26:45.894,1,1
10481,588aca26ed1bfc095abf2de16bf97b57,100.0,3,1786717606894,2026-08-14T21:26:46.894,1,1
10482,588aca26ed1bfc095abf2de16bf97b57,100.0,3,1786717607894,2026-08-14T21:26:47.894,1,1
10483,588aca26ed1bfc095abf2de16bf97b57,100.0,3,1786717608892,2026-08-14T21:26:48.892,1,1
10484,588aca26ed1bfc095abf2de16bf97b57,99.0,3,1786717609892,2026-08-14T21:26:49.892,1,1
10485,588aca26ed1bfc095abf2de16bf97b57,101.0,3,1786717610892,2026-08-14T21:26:50.892,1,1
10486,588aca26ed1bfc095abf2de16bf97b57,101.0,3,1786717611894,2026-08-14T21:26:51.894,1,1
10487,588aca26ed1bfc095abf2de16bf97b57,100.0,3,1786717612893,2026-08-14T21:26:52.893,1,1
10488,588aca26ed1bfc095abf2de16bf97b57,100.0,3,1786717613894,2026-08-14T21:26:53.894,1,1
10489,588aca26ed1bfc095abf2de16bf97b57,99.0,3,1786717614894,2026-08-14T21:26:54.894,1,1
10490,588aca26ed1bfc095abf2de16bf97b57,102.0,3,1786717615894,2026-08-14T21:26:55.894,1,1
10491,588aca26ed1bfc095abf2de16bf97b57,101.0,3,1786717616895,2026-08-14T21:26:56.895,1,1
10492,588aca26ed1bfc095abf2de16bf97b57,99.0,3,1786717617895,2026-08-14T21:26:57.895,1,1
10493,588aca26ed1bfc095abf2de16bf97b57,98.0,3,1786717618894,2026-08-14T21:26:58.894,1,1
10494,588aca26ed1bfc095abf2de16bf97b57,97.0,3,1786717619894,2026-08-14T21:26:59.894,1,1
10495,588aca26ed1bfc095abf2de16bf97b57,96.0,3,1786717620892,2026-08-14T21:27:00.892,1,1
10496,588aca26ed1bfc095abf2de16bf97b57,96.0,3,1786717621892,2026-08-14T21:27:01.892,1,1
10497,588aca26ed1bfc095abf2de16bf97b57,96.0,3,1786717622895,2026-08-14T21:27:02.895,1,1
10498,588aca26ed1bfc095abf2de16bf97b57,95.0,3,1786717623893,2026-08-14T21:27:03.893,1,1
10499,588aca26ed1bfc095abf2de16bf97b57,95.0,3,1786717624896,2026-08-14T21:27:04.896,1,1
10500,588aca26ed1bfc095abf2de16bf97b57,95.0,3,1786717625894,2026-08-14T21:27:05.894,1,1
10501,588aca26ed1bfc095abf2de16bf97b57,94.0,3,1786717626897,2026-08-14T21:27:06.897,1,1
10502,588aca26ed1bfc095abf2de16bf97b57,94.0,3,1786717627903,2026-08-14T21:27:07.903,1,1
10503,588aca26ed1bfc095abf2de16bf97b57,95.0,3,1786717628893,2026-08-14T21:27:08.893,1,1
10504,588aca26ed1bfc095abf2de16bf97b57,94.0,3,1786717629895,2026-08-14T21:27:09.895,1,1
10505,588aca26ed1bfc095abf2de16bf97b57,93.0,3,1786717630893,2026-08-14T21:27:10.893,1,1
10506,588aca26ed1bfc095abf2de16bf97b57,94.0,3,1786717631893,2026-08-14T21:27:11.893,1,1
10507,588aca26ed1bfc095abf2de16bf97b57,95.0,3,1786717632893,2026-08-14T21:27:12.893,1,1
10508,588aca26ed1bfc095abf2de16bf97b57,96.0,3,1786717633895,2026-08-14T21:27:13.895,1,1
10509,588aca26ed1bfc095abf2de16bf97b57,96.0,3,1786717634893,2026-08-14T21:27:14.893,1,1
10510,588aca26ed1bfc095abf2de16bf97b57,96.0,3,1786717635892,2026-08-14T21:27:15.892,1,1
10511,588aca26ed1bfc095abf2de16bf97b57,96.0,3,1786717636893,2026-08-14T21:27:16.893,1,1
10512,588aca26ed1bfc095abf2de16bf97b57,96.0,3,1786717637892,2026-08-14T21:27:17.892,1,1
10513,588aca26ed1bfc095abf2de16bf97b57,96.0,3,1786717638896,2026-08-14T21:27:18.896,1,1
10514,588aca26ed1bfc095abf2de16bf97b57,95.0,3,1786717639895,2026-08-14T21:27:19.895,1,1
10515,588aca26ed1bfc095abf2de16bf97b57,96.0,3,1786717640892,2026-08-14T21:27:20.892,1,1
10516,588aca26ed1bfc095abf2de16bf97b57,97.0,3,1786717641892,2026-08-14T21:27:21.892,1,1
10517,588aca26ed1bfc095abf2de16bf97b57,98.0,3,1786717642894,2026-08-14T21:27:22.894,1,1
10518,588aca26ed1bfc095abf2de16bf97b57,99.0,3,1786717643895,2026-08-14T21:27:23.895,1,1
10519,588aca26ed1bfc095abf2de16bf97b57,100.0,3,1786717644895,2026-08-14T21:27:24.895,1,1
10520,588aca26ed1bfc095abf2de16bf97b57,102.0,3,1786717645894,2026-08-14T21:27:25.894,1,1
10521,588aca26ed1bfc095abf2de16bf97b57,103.0,3,1786717646895,2026-08-14T21:27:26.895,1,1
10522,588aca26ed1bfc095abf2de16bf97b57,103.0,3,1786717647895,2026-08-14T21:27:27.895,1,1
10523,588aca26ed1bfc095abf2de16bf97b57,103.0,3,1786717648896,2026-08-14T21:27:28.896,1,1
10524,588aca26ed1bfc095abf2de16bf97b57,102.0,3,1786717649896,2026-08-14T21:27:29.896,1,1
10525,588aca26ed1bfc095abf2de16bf97b57,102.0,3,1786717650895,2026-08-14T21:27:30.895,1,1
10526,588aca26ed1bfc095abf2de16bf97b57,102.0,3,1786717651895,2026-08-14T21:27:31.895,1,1
10527,588aca26ed1bfc095abf2de16bf97b57,103.0,3,1786717652895,2026-08-14T21:27:32.895,1,1
10528,588aca26ed1bfc095abf2de16bf97b57,103.0,3,1786717653895,2026-08-14T21:27:33.895,1,1
10529,588aca26ed1bfc095abf2de16bf97b57,104.0,3,1786717654895,2026-08-14T21:27:34.895,1,1
10530,588aca26ed1bfc095abf2de16bf97b57,103.0,3,1786717655895,2026-08-14T21:27:35.895,1,1
10531,588aca26ed1bfc095abf2de16bf97b57,103.0,3,1786717656895,2026-08-14T21:27:36.895,1,1
10532,588aca26ed1bfc095abf2de16bf97b57,103.0,3,1786717657896,2026-08-14T21:27:37.896,1,1
10533,588aca26ed1bfc095abf2de16bf97b57,104.0,3,1786717658895,2026-08-14T21:27:38.895,1,1
10534,588aca26ed1bfc095abf2de16bf97b57,105.0,3,1786717659895,2026-08-14T21:27:39.895,1,1
10535,588aca26ed1bfc095abf2de16bf97b57,105.0,3,1786717660895,2026-08-14T21:27:40.895,1,1
10536,588aca26ed1bfc095abf2de16bf97b57,104.0,3,1786717661895,2026-08-14T21:27:41.895,1,1
10537,588aca26ed1bfc095abf2de16bf97b57,104.0,3,1786717662895,2026-08-14T21:27:42.895,1,1
10538,588aca26ed1bfc095abf2de16bf97b57,104.0,3,1786717663895,2026-08-14T21:27:43.895,1,1
10539,588aca26ed1bfc095abf2de16bf97b57,105.0,3,1786717664895,2026-08-14T21:27:44.895,1,1
10540,588aca26ed1bfc095abf2de16bf97b57,105.0,3,1786717665895,2026-08-14T21:27:45.895,1,1
10541,588aca26ed1bfc095abf2de16bf97b57,105.0,3,1786717666895,2026-08-14T21:27:46.895,1,1
10542,588aca26ed1bfc095abf2de16bf97b57,105.0,3,1786717667894,2026-08-14T21:27:47.894,1,1
10543,588aca26ed1bfc095abf2de16bf97b57,104.0,3,1786717668895,2026-08-14T21:27:48.895,1,1
10544,588aca26ed1bfc095abf2de16bf97b57,104.0,3,1786717669895,2026-08-14T21:27:49.895,1,1
10545,588aca26ed1bfc095abf2de16bf97b57,104.0,3,1786717670895,2026-08-14T21:27:50.895,1,1
10546,588aca26ed1bfc095abf2de16bf97b57,104.0,3,1786717671895,2026-08-14T21:27:51.895,1,1
10547,588aca26ed1bfc095abf2de16bf97b57,104.0,3,1786717672895,2026-08-14T21:27:52.895,1,1
10548,588aca26ed1bfc095abf2de16bf97b57,104.0,3,1786717673895,2026-08-14T21:27:53.895,1,1
10549,588aca26ed1bfc095abf2de16bf97b57,104.0,3,1786717674892,2026-08-14T21:27:54.892,1,1
10550,588aca26ed1bfc095abf2de16bf97b57,104.0,3,1786717675894,2026-08-14T21:27:55.894,1,1
10551,588aca26ed1bfc095abf2de16bf97b57,105.0,3,1786717676896,2026-08-14T21:27:56.896,1,1
10552,588aca26ed1bfc095abf2de16bf97b57,105.0,3,1786717677893,2026-08-14T21:27:57.893,1,1
10553,588aca26ed1bfc095abf2de16bf97b57,106.0,3,1786717678900,2026-08-14T21:27:58.900,1,1
10554,588aca26ed1bfc095abf2de16bf97b57,106.0,3,1786717679896,2026-08-14T21:27:59.896,1,1
10555,588aca26ed1bfc095abf2de16bf97b57,106.0,3,1786717680893,2026-08-14T21:28:00.893,1,1
10556,588aca26ed1bfc095abf2de16bf97b57,105.0,3,1786717681895,2026-08-14T21:28:01.895,1,1
10557,588aca26ed1bfc095abf2de16bf97b57,104.0,3,1786717682892,2026-08-14T21:28:02.892,1,1
10558,588aca26ed1bfc095abf2de16bf97b57,104.0,3,1786717683893,2026-08-14T21:28:03.893,1,1
10559,588aca26ed1bfc095abf2de16bf97b57,104.0,3,1786717684893,2026-08-14T21:28:04.893,1,1
10560,588aca26ed1bfc095abf2de16bf97b57,104.0,3,1786717685893,2026-08-14T21:28:05.893,1,1
10561,588aca26ed1bfc095abf2de16bf97b57,103.0,3,1786717686893,2026-08-14T21:28:06.893,1,1
10562,588aca26ed1bfc095abf2de16bf97b57,102.0,3,1786717687894,2026-08-14T21:28:07.894,1,1
10563,588aca26ed1bfc095abf2de16bf97b57,101.0,3,1786717688892,2026-08-14T21:28:08.892,1,1
10564,588aca26ed1bfc095abf2de16bf97b57,100.0,3,1786717689892,2026-08-14T21:28:09.892,1,1
10565,588aca26ed1bfc095abf2de16bf97b57,99.0,3,1786717690892,2026-08-14T21:28:10.892,1,1
10566,588aca26ed1bfc095abf2de16bf97b57,98.0,3,1786717691892,2026-08-14T21:28:11.892,1,1
10567,588aca26ed1bfc095abf2de16bf97b57,97.0,3,1786717692892,2026-08-14T21:28:12.892,1,1
10568,588aca26ed1bfc095abf2de16bf97b57,96.0,3,1786717693893,2026-08-14T21:28:13.893,1,1
10569,588aca26ed1bfc095abf2de16bf97b57,95.0,3,1786717694893,2026-08-14T21:28:14.893,1,1
10570,588aca26ed1bfc095abf2de16bf97b57,94.0,3,1786717695893,2026-08-14T21:28:15.893,1,1
10571,588aca26ed1bfc095abf2de16bf97b57,92.0,3,1786717696892,2026-08-14T21:28:16.892,1,1
10572,588aca26ed1bfc095abf2de16bf97b57,91.0,3,1786717697892,2026-08-14T21:28:17.892,1,1
10573,588aca26ed1bfc095abf2de16bf97b57,89.0,3,1786717698895,2026-08-14T21:28:18.895,1,1
10574,588aca26ed1bfc095abf2de16bf97b57,89.0,3,1786717699895,2026-08-14T21:28:19.895,1,1
10575,588aca26ed1bfc095abf2de16bf97b57,90.0,3,1786717700893,2026-08-14T21:28:20.893,1,1
10576,588aca26ed1bfc095abf2de16bf97b57,92.0,3,1786717701892,2026-08-14T21:28:21.892,1,1
10577,588aca26ed1bfc095abf2de16bf97b57,92.0,3,1786717702893,2026-08-14T21:28:22.893,1,1
10578,588aca26ed1bfc095abf2de16bf97b57,93.0,3,1786717703892,2026-08-14T21:28:23.892,1,1
10579,588aca26ed1bfc095abf2de16bf97b57,93.0,3,1786717704892,2026-08-14T21:28:24.892,1,1
10580,588aca26ed1bfc095abf2de16bf97b57,93.0,3,1786717705892,2026-08-14T21:28:25.892,1,1
10581,588aca26ed1bfc095abf2de16bf97b57,94.0,3,1786717706893,2026-08-14T21:28:26.893,1,1
10582,588aca26ed1bfc095abf2de16bf97b57,94.0,3,1786717707894,2026-08-14T21:28:27.894,1,1
10583,588aca26ed1bfc095abf2de16bf97b57,94.0,3,1786717708892,2026-08-14T21:28:28.892,1,1
10584,588aca26ed1bfc095abf2de16bf97b57,94.0,3,1786717709892,2026-08-14T21:28:29.892,1,1
10585,588aca26ed1bfc095abf2de16bf97b57,94.0,3,1786717710892,2026-08-14T21:28:30.892,1,1
10586,588aca26ed1bfc095abf2de16bf97b57,96.0,3,1786717711893,2026-08-14T21:28:31.893,1,1
10587,588aca26ed1bfc095abf2de16bf97b57,97.0,3,1786717713931,2026-08-14T21:28:33.931,1,1
10588,588aca26ed1bfc095abf2de16bf97b57,96.0,3,1786717714783,2026-08-14T21:28:34.783,1,1
10589,588aca26ed1bfc095abf2de16bf97b57,95.0,3,1786717715782,2026-08-14T21:28:35.782,1,1
10590,588aca26ed1bfc095abf2de16bf97b57,97.0,3,1786717716782,2026-08-14T21:28:36.782,1,1
10591,588aca26ed1bfc095abf2de16bf97b57,100.0,3,1786717717783,2026-08-14T21:28:37.783,1,1
10592,588aca26ed1bfc095abf2de16bf97b57,100.0,3,1786717718783,2026-08-14T21:28:38.783,1,1
10593,588aca26ed1bfc095abf2de16bf97b57,101.0,3,1786717719784,2026-08-14T21:28:39.784,1,1
10594,588aca26ed1bfc095abf2de16bf97b57,102.0,3,1786717720782,2026-08-14T21:28:40.782,1,1
10595,588aca26ed1bfc095abf2de16bf97b57,103.0,3,1786717721783,2026-08-14T21:28:41.783,1,1
10596,588aca26ed1bfc095abf2de16bf97b57,104.0,3,1786717722782,2026-08-14T21:28:42.782,1,1
10597,588aca26ed1bfc095abf2de16bf97b57,105.0,3,1786717723783,2026-08-14T21:28:43.783,1,1
10598,588aca26ed1bfc095abf2de16bf97b57,104.0,3,1786717724783,2026-08-14T21:28:44.783,1,1
10599,588aca26ed1bfc095abf2de16bf97b57,103.0,3,1786717725783,2026-08-14T21:28:45.783,1,1
10600,588aca26ed1bfc095abf2de16bf97b57,102.0,3,1786717726783,2026-08-14T21:28:46.783,1,1
10601,588aca26ed1bfc095abf2de16bf97b57,102.0,3,1786717727783,2026-08-14T21:28:47.783,1,1
10602,588aca26ed1bfc095abf2de16bf97b57,103.0,3,1786717728783,2026-08-14T21:28:48.783,1,1
10603,588aca26ed1bfc095abf2de16bf97b57,103.0,3,1786717729783,2026-08-14T21:28:49.783,1,1
10604,588aca26ed1bfc095abf2de16bf97b57,103.0,3,1786717730783,2026-08-14T21:28:50.783,1,1
10605,588aca26ed1bfc095abf2de16bf97b57,102.0,3,1786717731783,2026-08-14T21:28:51.783,1,1
10606,588aca26ed1bfc095abf2de16bf97b57,101.0,3,1786717732783,2026-08-14T21:28:52.783,1,1
10607,588aca26ed1bfc095abf2de16bf97b57,100.0,3,1786717733782,2026-08-14T21:28:53.782,1,1
10608,588aca26ed1bfc095abf2de16bf97b57,99.0,3,1786717734782,2026-08-14T21:28:54.782,1,1
10609,588aca26ed1bfc095abf2de16bf97b57,98.0,3,1786717735782,2026-08-14T21:28:55.782,1,1
10610,588aca26ed1bfc095abf2de16bf97b57,97.0,3,1786717736782,2026-08-14T21:28:56.782,1,1
10611,588aca26ed1bfc095abf2de16bf97b57,96.0,3,1786717737783,2026-08-14T21:28:57.783,1,1
10612,588aca26ed1bfc095abf2de16bf97b57,95.0,3,1786717739295,2026-08-14T21:28:59.295,1,1
10613,588aca26ed1bfc095abf2de16bf97b57,93.0,3,1786717739785,2026-08-14T21:28:59.785,1,1
10614,588aca26ed1bfc095abf2de16bf97b57,94.0,3,1786717740783,2026-08-14T21:29:00.783,1,1
10615,588aca26ed1bfc095abf2de16bf97b57,93.0,3,1786717741783,2026-08-14T21:29:01.783,1,1
10616,588aca26ed1bfc095abf2de16bf97b57,93.0,3,1786717742783,2026-08-14T21:29:02.783,1,1
10617,588aca26ed1bfc095abf2de16bf97b57,92.0,3,1786717743784,2026-08-14T21:29:03.784,1,1
10618,588aca26ed1bfc095abf2de16bf97b57,92.0,3,1786717744782,2026-08-14T21:29:04.782,1,1
10619,588aca26ed1bfc095abf2de16bf97b57,93.0,3,1786717745783,2026-08-14T21:29:05.783,1,1
10620,588aca26ed1bfc095abf2de16bf97b57,93.0,3,1786717746782,2026-08-14T21:29:06.782,1,1
10621,588aca26ed1bfc095abf2de16bf97b57,92.0,3,1786717747782,2026-08-14T21:29:07.782,1,1
10622,588aca26ed1bfc095abf2de16bf97b57,91.0,3,1786717748783,2026-08-14T21:29:08.783,1,1
10623,588aca26ed1bfc095abf2de16bf97b57,91.0,3,1786717749783,2026-08-14T21:29:09.783,1,1
10624,588aca26ed1bfc095abf2de16bf97b57,91.0,3,1786717750783,2026-08-14T21:29:10.783,1,1
10625,588aca26ed1bfc095abf2de16bf97b57,91.0,3,1786717751783,2026-08-14T21:29:11.783,1,1
10626,588aca26ed1bfc095abf2de16bf97b57,90.0,3,1786717752783,2026-08-14T21:29:12.783,1,1
10627,588aca26ed1bfc095abf2de16bf97b57,90.0,3,1786717753806,2026-08-14T21:29:13.806,1,1
10628,588aca26ed1bfc095abf2de16bf97b57,89.0,3,1786717754783,2026-08-14T21:29:14.783,1,1
10629,588aca26ed1bfc095abf2de16bf97b57,88.0,3,1786717755786,2026-08-14T21:29:15.786,1,1
10630,588aca26ed1bfc095abf2de16bf97b57,88.0,3,1786717756785,2026-08-14T21:29:16.785,1,1
10631,588aca26ed1bfc095abf2de16bf97b57,88.0,3,1786717757786,2026-08-14T21:29:17.786,1,1
10632,588aca26ed1bfc095abf2de16bf97b57,89.0,3,1786717758784,2026-08-14T21:29:18.784,1,1
10633,588aca26ed1bfc095abf2de16bf97b57,89.0,3,1786717759783,2026-08-14T21:29:19.783,1,1
10634,588aca26ed1bfc095abf2de16bf97b57,90.0,3,1786717760783,2026-08-14T21:29:20.783,1,1
10635,588aca26ed1bfc095abf2de16bf97b57,90.0,3,1786717761783,2026-08-14T21:29:21.783,1,1
10636,588aca26ed1bfc095abf2de16bf97b57,90.0,3,1786717762785,2026-08-14T21:29:22.785,1,1
10637,588aca26ed1bfc095abf2de16bf97b57,90.0,3,1786717763783,2026-08-14T21:29:23.783,1,1
10638,588aca26ed1bfc095abf2de16bf97b57,90.0,3,1786717764784,2026-08-14T21:29:24.784,1,1
10639,588aca26ed1bfc095abf2de16bf97b57,89.0,3,1786717765783,2026-08-14T21:29:25.783,1,1
10640,588aca26ed1bfc095abf2de16bf97b57,89.0,3,1786717766782,2026-08-14T21:29:26.782,1,1
10641,588aca26ed1bfc095abf2de16bf97b57,89.0,-1,1786717767784,2026-08-14T21:29:27.784,1,0
10642,588aca26ed1bfc095abf2de16bf97b57,87.0,3,1786717769004,2026-08-14T21:29:29.004,1,1
10643,588aca26ed1bfc095abf2de16bf97b57,87.0,3,1786717769783,2026-08-14T21:29:29.783,1,1
10644,588aca26ed1bfc095abf2de16bf97b57,88.0,3,1786717770783,2026-08-14T21:29:30.783,1,1
10645,588aca26ed1bfc095abf2de16bf97b57,87.0,3,1786717771783,2026-08-14T21:29:31.783,1,1
10646,588aca26ed1bfc095abf2de16bf97b57,87.0,3,1786717772782,2026-08-14T21:29:32.782,1,1
10647,588aca26ed1bfc095abf2de16bf97b57,86.0,3,1786717773782,2026-08-14T21:29:33.782,1,1
10648,588aca26ed1bfc095abf2de16bf97b57,85.0,3,1786717774783,2026-08-14T21:29:34.783,1,1
10649,588aca26ed1bfc095abf2de16bf97b57,85.0,3,1786717775784,2026-08-14T21:29:35.784,1,1
10650,588aca26ed1bfc095abf2de16bf97b57,86.0,3,1786717776782,2026-08-14T21:29:36.782,1,1
10651,588aca26ed1bfc095abf2de16bf97b57,86.0,3,1786717777784,2026-08-14T21:29:37.784,1,1
10652,588aca26ed1bfc095abf2de16bf97b57,87.0,3,1786717778783,2026-08-14T21:29:38.783,1,1
10653,588aca26ed1bfc095abf2de16bf97b57,87.0,3,1786717779783,2026-08-14T21:29:39.783,1,1
10654,588aca26ed1bfc095abf2de16bf97b57,88.0,3,1786717780783,2026-08-14T21:29:40.783,1,1
10655,588aca26ed1bfc095abf2de16bf97b57,90.0,3,1786717781784,2026-08-14T21:29:41.784,1,1
10656,588aca26ed1bfc095abf2de16bf97b57,90.0,3,1786717782782,2026-08-14T21:29:42.782,1,1
10657,588aca26ed1bfc095abf2de16bf97b57,90.0,3,1786717783783,2026-08-14T21:29:43.783,1,1
10658,588aca26ed1bfc095abf2de16bf97b57,89.0,3,1786717784782,2026-08-14T21:29:44.782,1,1
10659,588aca26ed1bfc095abf2de16bf97b57,89.0,3,1786717785789,2026-08-14T21:29:45.789,1,1
10660,588aca26ed1bfc095abf2de16bf97b57,89.0,3,1786717786787,2026-08-14T21:29:46.787,1,1
10661,588aca26ed1bfc095abf2de16bf97b57,89.0,3,1786717787783,2026-08-14T21:29:47.783,1,0
10662,588aca26ed1bfc095abf2de16bf97b57,89.0,3,1786717788788,2026-08-14T21:29:48.788,1,1
10663,588aca26ed1bfc095abf2de16bf97b57,89.0,3,1786717789782,2026-08-14T21:29:49.782,1,1
10664,588aca26ed1bfc095abf2de16bf97b57,89.0,3,1786717790787,2026-08-14T21:29:50.787,1,1
10665,588aca26ed1bfc095abf2de16bf97b57,89.0,3,1786717791786,2026-08-14T21:29:51.786,1,1
10666,588aca26ed1bfc095abf2de16bf97b57,89.0,3,1786717792783,2026-08-14T21:29:52.783,1,1
10667,588aca26ed1bfc095abf2de16bf97b57,88.0,3,1786717793782,2026-08-14T21:29:53.782,1,1
10668,588aca26ed1bfc095abf2de16bf97b57,88.0,3,1786717794784,2026-08-14T21:29:54.784,1,1
10669,588aca26ed1bfc095abf2de16bf97b57,89.0,3,1786717795783,2026-08-14T21:29:55.783,1,1
10670,588aca26ed1bfc095abf2de16bf97b57,90.0,3,1786717796783,2026-08-14T21:29:56.783,1,1
10671,588aca26ed1bfc095abf2de16bf97b57,90.0,3,1786717797784,2026-08-14T21:29:57.784,1,1
10672,588aca26ed1bfc095abf2de16bf97b57,92.0,3,1786717798787,2026-08-14T21:29:58.787,1,1
10673,588aca26ed1bfc095abf2de16bf97b57,93.0,3,1786717799785,2026-08-14T21:29:59.785,1,1
10674,588aca26ed1bfc095abf2de16bf97b57,94.0,3,1786717800783,2026-08-14T21:30:00.783,1,1
10675,588aca26ed1bfc095abf2de16bf97b57,94.0,3,1786717801783,2026-08-14T21:30:01.783,1,1
10676,588aca26ed1bfc095abf2de16bf97b57,93.0,3,1786717802783,2026-08-14T21:30:02.783,1,1
10677,588aca26ed1bfc095abf2de16bf97b57,92.0,3,1786717803783,2026-08-14T21:30:03.783,1,1
10678,588aca26ed1bfc095abf2de16bf97b57,91.0,3,1786717804784,2026-08-14T21:30:04.784,1,1
10679,588aca26ed1bfc095abf2de16bf97b57,90.0,3,1786717805784,2026-08-14T21:30:05.784,1,1
10680,588aca26ed1bfc095abf2de16bf97b57,89.0,3,1786717806783,2026-08-14T21:30:06.783,1,1
10681,588aca26ed1bfc095abf2de16bf97b57,88.0,3,1786717807783,2026-08-14T21:30:07.783,1,1
10682,588aca26ed1bfc095abf2de16bf97b57,87.0,3,1786717808787,2026-08-14T21:30:08.787,1,1
10683,588aca26ed1bfc095abf2de16bf97b57,86.0,3,1786717809791,2026-08-14T21:30:09.791,1,1
10684,588aca26ed1bfc095abf2de16bf97b57,86.0,3,1786717810791,2026-08-14T21:30:10.791,1,1
10685,588aca26ed1bfc095abf2de16bf97b57,87.0,3,1786717811789,2026-08-14T21:30:11.789,1,1
10686,588aca26ed1bfc095abf2de16bf97b57,88.0,3,1786717812782,2026-08-14T21:30:12.782,1,1
10687,588aca26ed1bfc095abf2de16bf97b57,89.0,3,1786717813788,2026-08-14T21:30:13.788,1,1
10688,588aca26ed1bfc095abf2de16bf97b57,90.0,3,1786717814785,2026-08-14T21:30:14.785,1,1
10689,588aca26ed1bfc095abf2de16bf97b57,92.0,3,1786717815785,2026-08-14T21:30:15.785,1,1
10690,588aca26ed1bfc095abf2de16bf97b57,92.0,3,1786717816785,2026-08-14T21:30:16.785,1,1
10691,588aca26ed1bfc095abf2de16bf97b57,92.0,3,1786717817784,2026-08-14T21:30:17.784,1,1
10692,588aca26ed1bfc095abf2de16bf97b57,91.0,3,1786717818783,2026-08-14T21:30:18.783,1,1
10693,588aca26ed1bfc095abf2de16bf97b57,90.0,3,1786717819784,2026-08-14T21:30:19.784,1,1
10694,588aca26ed1bfc095abf2de16bf97b57,90.0,3,1786717820783,2026-08-14T21:30:20.783,1,1
10695,588aca26ed1bfc095abf2de16bf97b57,90.0,3,1786717821783,2026-08-14T21:30:21.783,1,1
10696,588aca26ed1bfc095abf2de16bf97b57,90.0,3,1786717822784,2026-08-14T21:30:22.784,1,1
10697,588aca26ed1bfc095abf2de16bf97b57,90.0,3,1786717823784,2026-08-14T21:30:23.784,1,1
10698,588aca26ed1bfc095abf2de16bf97b57,90.0,3,1786717824784,2026-08-14T21:30:24.784,1,1
10699,588aca26ed1bfc095abf2de16bf97b57,90.0,3,1786717825783,2026-08-14T21:30:25.783,1,1
10700,588aca26ed1bfc095abf2de16bf97b57,91.0,3,1786717826783,2026-08-14T21:30:26.783,1,1
10701,588aca26ed1bfc095abf2de16bf97b57,92.0,3,1786717827782,2026-08-14T21:30:27.782,1,1
10702,588aca26ed1bfc095abf2de16bf97b57,92.0,3,1786717828786,2026-08-14T21:30:28.786,1,1
10703,588aca26ed1bfc095abf2de16bf97b57,91.0,3,1786717829783,2026-08-14T21:30:29.783,1,1
10704,588aca26ed1bfc095abf2de16bf97b57,90.0,3,1786717830785,2026-08-14T21:30:30.785,1,1
10705,588aca26ed1bfc095abf2de16bf97b57,89.0,3,1786717831783,2026-08-14T21:30:31.783,1,1
10706,588aca26ed1bfc095abf2de16bf97b57,88.0,3,1786717832784,2026-08-14T21:30:32.784,1,1
10707,588aca26ed1bfc095abf2de16bf97b57,86.0,3,1786717833783,2026-08-14T21:30:33.783,1,1
10708,588aca26ed1bfc095abf2de16bf97b57,85.0,3,1786717834783,2026-08-14T21:30:34.783,1,1
10709,588aca26ed1bfc095abf2de16bf97b57,84.0,3,1786717835783,2026-08-14T21:30:35.783,1,1
10710,588aca26ed1bfc095abf2de16bf97b57,83.0,3,1786717836787,2026-08-14T21:30:36.787,1,1
10711,588aca26ed1bfc095abf2de16bf97b57,83.0,3,1786717837789,2026-08-14T21:30:37.789,1,1
10712,588aca26ed1bfc095abf2de16bf97b57,83.0,3,1786717838792,2026-08-14T21:30:38.792,1,1
10713,588aca26ed1bfc095abf2de16bf97b57,83.0,3,1786717839789,2026-08-14T21:30:39.789,1,1
10714,588aca26ed1bfc095abf2de16bf97b57,83.0,3,1786717840786,2026-08-14T21:30:40.786,1,1
10715,588aca26ed1bfc095abf2de16bf97b57,82.0,3,1786717841784,2026-08-14T21:30:41.784,1,1
10716,588aca26ed1bfc095abf2de16bf97b57,82.0,3,1786717842787,2026-08-14T21:30:42.787,1,1
10717,588aca26ed1bfc095abf2de16bf97b57,82.0,3,1786717843782,2026-08-14T21:30:43.782,1,1
10718,588aca26ed1bfc095abf2de16bf97b57,83.0,3,1786717844782,2026-08-14T21:30:44.782,1,1
10719,588aca26ed1bfc095abf2de16bf97b57,83.0,3,1786717845783,2026-08-14T21:30:45.783,1,1
10720,588aca26ed1bfc095abf2de16bf97b57,83.0,3,1786717846782,2026-08-14T21:30:46.782,1,1
10721,588aca26ed1bfc095abf2de16bf97b57,83.0,3,1786717847784,2026-08-14T21:30:47.784,1,1
10722,588aca26ed1bfc095abf2de16bf97b57,83.0,3,1786717848783,2026-08-14T21:30:48.783,1,1
10723,588aca26ed1bfc095abf2de16bf97b57,83.0,3,1786717849788,2026-08-14T21:30:49.788,1,1
10724,588aca26ed1bfc095abf2de16bf97b57,83.0,3,1786717850784,2026-08-14T21:30:50.784,1,1
10725,588aca26ed1bfc095abf2de16bf97b57,84.0,3,1786717851783,2026-08-14T21:30:51.783,1,1
10726,588aca26ed1bfc095abf2de16bf97b57,85.0,3,1786717852783,2026-08-14T21:30:52.783,1,1
10727,588aca26ed1bfc095abf2de16bf97b57,86.0,3,1786717853783,2026-08-14T21:30:53.783,1,1
10728,588aca26ed1bfc095abf2de16bf97b57,87.0,3,1786717854783,2026-08-14T21:30:54.783,1,1
10729,588aca26ed1bfc095abf2de16bf97b57,88.0,3,1786717855783,2026-08-14T21:30:55.783,1,1
10730,588aca26ed1bfc095abf2de16bf97b57,89.0,3,1786717856783,2026-08-14T21:30:56.783,1,1
10731,588aca26ed1bfc095abf2de16bf97b57,90.0,3,1786717857783,2026-08-14T21:30:57.783,1,1
10732,588aca26ed1bfc095abf2de16bf97b57,89.0,3,1786717858783,2026-08-14T21:30:58.783,1,1
10733,588aca26ed1bfc095abf2de16bf97b57,88.0,3,1786717859785,2026-08-14T21:30:59.785,1,1
10734,588aca26ed1bfc095abf2de16bf97b57,89.0,3,1786717860783,2026-08-14T21:31:00.783,1,1
10735,588aca26ed1bfc095abf2de16bf97b57,90.0,3,1786717861791,2026-08-14T21:31:01.791,1,1
10736,588aca26ed1bfc095abf2de16bf97b57,91.0,3,1786717862791,2026-08-14T21:31:02.791,1,1
10737,588aca26ed1bfc095abf2de16bf97b57,91.0,3,1786717863792,2026-08-14T21:31:03.792,1,1
10738,588aca26ed1bfc095abf2de16bf97b57,91.0,3,1786717864782,2026-08-14T21:31:04.782,1,1
10739,588aca26ed1bfc095abf2de16bf97b57,90.0,3,1786717865786,2026-08-14T21:31:05.786,1,1
10740,588aca26ed1bfc095abf2de16bf97b57,90.0,3,1786717866783,2026-08-14T21:31:06.783,1,1
10741,588aca26ed1bfc095abf2de16bf97b57,91.0,3,1786717867784,2026-08-14T21:31:07.784,1,1
10742,588aca26ed1bfc095abf2de16bf97b57,91.0,3,1786717868783,2026-08-14T21:31:08.783,1,1
10743,588aca26ed1bfc095abf2de16bf97b57,91.0,3,1786717869783,2026-08-14T21:31:09.783,1,1
10744,588aca26ed1bfc095abf2de16bf97b57,90.0,3,1786717870783,2026-08-14T21:31:10.783,1,1
10745,588aca26ed1bfc095abf2de16bf97b57,90.0,3,1786717871783,2026-08-14T21:31:11.783,1,1
10746,588aca26ed1bfc095abf2de16bf97b57,89.0,3,1786717872783,2026-08-14T21:31:12.783,1,1
10747,588aca26ed1bfc095abf2de16bf97b57,88.0,3,1786717873784,2026-08-14T21:31:13.784,1,1
10748,588aca26ed1bfc095abf2de16bf97b57,87.0,3,1786717874783,2026-08-14T21:31:14.783,1,1
10749,588aca26ed1bfc095abf2de16bf97b57,86.0,3,1786717875783,2026-08-14T21:31:15.783,1,1
10750,588aca26ed1bfc095abf2de16bf97b57,86.0,3,1786717876784,2026-08-14T21:31:16.784,1,1
10751,588aca26ed1bfc095abf2de16bf97b57,86.0,3,1786717877783,2026-08-14T21:31:17.783,1,1
10752,588aca26ed1bfc095abf2de16bf97b57,85.0,3,1786717878783,2026-08-14T21:31:18.783,1,1
10753,588aca26ed1bfc095abf2de16bf97b57,85.0,3,1786717879783,2026-08-14T21:31:19.783,1,1
10754,588aca26ed1bfc095abf2de16bf97b57,85.0,3,1786717880783,2026-08-14T21:31:20.783,1,1
10755,588aca26ed1bfc095abf2de16bf97b57,87.0,3,1786717881783,2026-08-14T21:31:21.783,1,1
10756,588aca26ed1bfc095abf2de16bf97b57,89.0,3,1786717882783,2026-08-14T21:31:22.783,1,1
10757,588aca26ed1bfc095abf2de16bf97b57,92.0,3,1786717883783,2026-08-14T21:31:23.783,1,1
10758,588aca26ed1bfc095abf2de16bf97b57,94.0,3,1786717884793,2026-08-14T21:31:24.793,1,1
10759,588aca26ed1bfc095abf2de16bf97b57,95.0,3,1786717885790,2026-08-14T21:31:25.790,1,1
10760,588aca26ed1bfc095abf2de16bf97b57,95.0,3,1786717886788,2026-08-14T21:31:26.788,1,1
10761,588aca26ed1bfc095abf2de16bf97b57,95.0,3,1786717887788,2026-08-14T21:31:27.788,1,1
10762,588aca26ed1bfc095abf2de16bf97b57,94.0,3,1786717888794,2026-08-14T21:31:28.794,1,1
10763,588aca26ed1bfc095abf2de16bf97b57,94.0,3,1786717889786,2026-08-14T21:31:29.786,1,1
10764,588aca26ed1bfc095abf2de16bf97b57,94.0,3,1786717890785,2026-08-14T21:31:30.785,1,1
10765,588aca26ed1bfc095abf2de16bf97b57,94.0,3,1786717891786,2026-08-14T21:31:31.786,1,1
10766,588aca26ed1bfc095abf2de16bf97b57,94.0,3,1786717892783,2026-08-14T21:31:32.783,1,1
10767,588aca26ed1bfc095abf2de16bf97b57,94.0,3,1786717893783,2026-08-14T21:31:33.783,1,1
10768,588aca26ed1bfc095abf2de16bf97b57,93.0,3,1786717894783,2026-08-14T21:31:34.783,1,1
10769,588aca26ed1bfc095abf2de16bf97b57,93.0,3,1786717895783,2026-08-14T21:31:35.783,1,1
10770,588aca26ed1bfc095abf2de16bf97b57,92.0,3,1786717896783,2026-08-14T21:31:36.783,1,1
10771,588aca26ed1bfc095abf2de16bf97b57,92.0,3,1786717897783,2026-08-14T21:31:37.783,1,1
10772,588aca26ed1bfc095abf2de16bf97b57,92.0,3,1786717898783,2026-08-14T21:31:38.783,1,1
10773,588aca26ed1bfc095abf2de16bf97b57,92.0,3,1786717899783,2026-08-14T21:31:39.783,1,1
10774,588aca26ed1bfc095abf2de16bf97b57,92.0,3,1786717900786,2026-08-14T21:31:40.786,1,1
10775,588aca26ed1bfc095abf2de16bf97b57,92.0,3,1786717901784,2026-08-14T21:31:41.784,1,1
10776,588aca26ed1bfc095abf2de16bf97b57,91.0,3,1786717902784,2026-08-14T21:31:42.784,1,1
10777,588aca26ed1bfc095abf2de16bf97b57,90.0,3,1786717903783,2026-08-14T21:31:43.783,1,1
10778,588aca26ed1bfc095abf2de16bf97b57,89.0,3,1786717904783,2026-08-14T21:31:44.783,1,1
10779,588aca26ed1bfc095abf2de16bf97b57,89.0,3,1786717905783,2026-08-14T21:31:45.783,1,1
10780,588aca26ed1bfc095abf2de16bf97b57,89.0,3,1786717906783,2026-08-14T21:31:46.783,1,1
10781,588aca26ed1bfc095abf2de16bf97b57,89.0,3,1786717907783,2026-08-14T21:31:47.783,1,1
10782,588aca26ed1bfc095abf2de16bf97b57,89.0,3,1786717908783,2026-08-14T21:31:48.783,1,1
10783,588aca26ed1bfc095abf2de16bf97b57,89.0,3,1786717909784,2026-08-14T21:31:49.784,1,1
10784,588aca26ed1bfc095abf2de16bf97b57,89.0,3,1786717910783,2026-08-14T21:31:50.783,1,1
10785,588aca26ed1bfc095abf2de16bf97b57,88.0,3,1786717911783,2026-08-14T21:31:51.783,1,1
10786,588aca26ed1bfc095abf2de16bf97b57,88.0,3,1786717912788,2026-08-14T21:31:52.788,1,1
10787,588aca26ed1bfc095abf2de16bf97b57,88.0,3,1786717913784,2026-08-14T21:31:53.784,1,1
10788,588aca26ed1bfc095abf2de16bf97b57,89.0,3,1786717914783,2026-08-14T21:31:54.783,1,1
10789,588aca26ed1bfc095abf2de16bf97b57,90.0,3,1786717915783,2026-08-14T21:31:55.783,1,1
10790,588aca26ed1bfc095abf2de16bf97b57,91.0,3,1786717916783,2026-08-14T21:31:56.783,1,1
10791,588aca26ed1bfc095abf2de16bf97b57,92.0,3,1786717917784,2026-08-14T21:31:57.784,1,1
10792,588aca26ed1bfc095abf2de16bf97b57,92.0,3,1786717918789,2026-08-14T21:31:58.789,1,1
10793,588aca26ed1bfc095abf2de16bf97b57,93.0,3,1786717919783,2026-08-14T21:31:59.783,1,1
10794,588aca26ed1bfc095abf2de16bf97b57,94.0,3,1786717920791,2026-08-14T21:32:00.791,1,1
10795,588aca26ed1bfc095abf2de16bf97b57,94.0,3,1786717921786,2026-08-14T21:32:01.786,1,1
10796,588aca26ed1bfc095abf2de16bf97b57,95.0,3,1786717922788,2026-08-14T21:32:02.788,1,1
10797,588aca26ed1bfc095abf2de16bf97b57,96.0,3,1786717923783,2026-08-14T21:32:03.783,1,1
10798,588aca26ed1bfc095abf2de16bf97b57,95.0,3,1786717924785,2026-08-14T21:32:04.785,1,1
10799,588aca26ed1bfc095abf2de16bf97b57,95.0,3,1786717925784,2026-08-14T21:32:05.784,1,1
10800,588aca26ed1bfc095abf2de16bf97b57,97.0,3,1786717926783,2026-08-14T21:32:06.783,1,1
10801,588aca26ed1bfc095abf2de16bf97b57,98.0,3,1786717927783,2026-08-14T21:32:07.783,1,1
10802,588aca26ed1bfc095abf2de16bf97b57,97.0,3,1786717928783,2026-08-14T21:32:08.783,1,1
10803,588aca26ed1bfc095abf2de16bf97b57,99.0,3,1786717929783,2026-08-14T21:32:09.783,1,1
10804,588aca26ed1bfc095abf2de16bf97b57,99.0,3,1786717930783,2026-08-14T21:32:10.783,1,1
10805,588aca26ed1bfc095abf2de16bf97b57,99.0,3,1786717931783,2026-08-14T21:32:11.783,1,1
10806,588aca26ed1bfc095abf2de16bf97b57,100.0,3,1786717932784,2026-08-14T21:32:12.784,1,1
10807,588aca26ed1bfc095abf2de16bf97b57,99.0,3,1786717933784,2026-08-14T21:32:13.784,1,1
10808,588aca26ed1bfc095abf2de16bf97b57,99.0,3,1786717934785,2026-08-14T21:32:14.785,1,1
10809,588aca26ed1bfc095abf2de16bf97b57,99.0,3,1786717935785,2026-08-14T21:32:15.785,1,1
10810,588aca26ed1bfc095abf2de16bf97b57,99.0,3,1786717936784,2026-08-14T21:32:16.784,1,1
10811,588aca26ed1bfc095abf2de16bf97b57,99.0,3,1786717937790,2026-08-14T21:32:17.790,1,1
10812,588aca26ed1bfc095abf2de16bf97b57,99.0,3,1786717938786,2026-08-14T21:32:18.786,1,1
10813,588aca26ed1bfc095abf2de16bf97b57,101.0,3,1786717939784,2026-08-14T21:32:19.784,1,1
10814,588aca26ed1bfc095abf2de16bf97b57,102.0,3,1786717940785,2026-08-14T21:32:20.785,1,1
10815,588aca26ed1bfc095abf2de16bf97b57,102.0,3,1786717941784,2026-08-14T21:32:21.784,1,1
10816,588aca26ed1bfc095abf2de16bf97b57,103.0,3,1786717942786,2026-08-14T21:32:22.786,1,1
10817,588aca26ed1bfc095abf2de16bf97b57,103.0,3,1786717943785,2026-08-14T21:32:23.785,1,1
10818,588aca26ed1bfc095abf2de16bf97b57,103.0,3,1786717944785,2026-08-14T21:32:24.785,1,1
10819,588aca26ed1bfc095abf2de16bf97b57,101.0,3,1786717945786,2026-08-14T21:32:25.786,1,1
10820,588aca26ed1bfc095abf2de16bf97b57,102.0,3,1786717946785,2026-08-14T21:32:26.785,1,1
10821,588aca26ed1bfc095abf2de16bf97b57,101.0,3,1786717947785,2026-08-14T21:32:27.785,1,1
10822,588aca26ed1bfc095abf2de16bf97b57,103.0,3,1786717948785,2026-08-14T21:32:28.785,1,1
10823,588aca26ed1bfc095abf2de16bf97b57,102.0,3,1786717949785,2026-08-14T21:32:29.785,1,1
10824,588aca26ed1bfc095abf2de16bf97b57,102.0,3,1786717950784,2026-08-14T21:32:30.784,1,1
10825,588aca26ed1bfc095abf2de16bf97b57,101.0,3,1786717951786,2026-08-14T21:32:31.786,1,1
10826,588aca26ed1bfc095abf2de16bf97b57,100.0,3,1786717952785,2026-08-14T21:32:32.785,1,1
10827,588aca26ed1bfc095abf2de16bf97b57,100.0,3,1786717953786,2026-08-14T21:32:33.786,1,1
10828,588aca26ed1bfc095abf2de16bf97b57,99.0,3,1786717954786,2026-08-14T21:32:34.786,1,1
10829,588aca26ed1bfc095abf2de16bf97b57,98.0,3,1786717955784,2026-08-14T21:32:35.784,1,1
10830,588aca26ed1bfc095abf2de16bf97b57,98.0,3,1786717956785,2026-08-14T21:32:36.785,1,1
10831,588aca26ed1bfc095abf2de16bf97b57,99.0,3,1786717957785,2026-08-14T21:32:37.785,1,1
10832,588aca26ed1bfc095abf2de16bf97b57,100.0,3,1786717958784,2026-08-14T21:32:38.784,1,1
10833,588aca26ed1bfc095abf2de16bf97b57,100.0,3,1786717959786,2026-08-14T21:32:39.786,1,1
10834,588aca26ed1bfc095abf2de16bf97b57,100.0,3,1786717960784,2026-08-14T21:32:40.784,1,1
10835,588aca26ed1bfc095abf2de16bf97b57,101.0,3,1786717961784,2026-08-14T21:32:41.784,1,1
10836,588aca26ed1bfc095abf2de16bf97b57,100.0,3,1786717962785,2026-08-14T21:32:42.785,1,1
10837,588aca26ed1bfc095abf2de16bf97b57,100.0,3,1786717963786,2026-08-14T21:32:43.786,1,1
10838,588aca26ed1bfc095abf2de16bf97b57,99.0,3,1786717964786,2026-08-14T21:32:44.786,1,1
10839,588aca26ed1bfc095abf2de16bf97b57,97.0,3,1786717965786,2026-08-14T21:32:45.786,1,1
10840,588aca26ed1bfc095abf2de16bf97b57,99.0,3,1786717966784,2026-08-14T21:32:46.784,1,1
10841,588aca26ed1bfc095abf2de16bf97b57,97.0,3,1786717967786,2026-08-14T21:32:47.786,1,1
10842,588aca26ed1bfc095abf2de16bf97b57,97.0,3,1786717968786,2026-08-14T21:32:48.786,1,1
10843,588aca26ed1bfc095abf2de16bf97b57,97.0,3,1786717969786,2026-08-14T21:32:49.786,1,1
10844,588aca26ed1bfc095abf2de16bf97b57,96.0,3,1786717970786,2026-08-14T21:32:50.786,1,1
10845,588aca26ed1bfc095abf2de16bf97b57,95.0,3,1786717971786,2026-08-14T21:32:51.786,1,1
10846,588aca26ed1bfc095abf2de16bf97b57,96.0,3,1786717972786,2026-08-14T21:32:52.786,1,1
10847,588aca26ed1bfc095abf2de16bf97b57,96.0,3,1786717973786,2026-08-14T21:32:53.786,1,1
10848,588aca26ed1bfc095abf2de16bf97b57,97.0,3,1786717974785,2026-08-14T21:32:54.785,1,1
10849,588aca26ed1bfc095abf2de16bf97b57,98.0,3,1786717975786,2026-08-14T21:32:55.786,1,1
10850,588aca26ed1bfc095abf2de16bf97b57,98.0,3,1786717976786,2026-08-14T21:32:56.786,1,1
10851,588aca26ed1bfc095abf2de16bf97b57,98.0,3,1786717977786,2026-08-14T21:32:57.786,1,1
10852,588aca26ed1bfc095abf2de16bf97b57,97.0,3,1786717978784,2026-08-14T21:32:58.784,1,1
10853,588aca26ed1bfc095abf2de16bf97b57,97.0,3,1786717979786,2026-08-14T21:32:59.786,1,1
10854,588aca26ed1bfc095abf2de16bf97b57,97.0,3,1786717980784,2026-08-14T21:33:00.784,1,1
10855,588aca26ed1bfc095abf2de16bf97b57,96.0,3,1786717981786,2026-08-14T21:33:01.786,1,1
10856,588aca26ed1bfc095abf2de16bf97b57,96.0,3,1786717982785,2026-08-14T21:33:02.785,1,1
10857,588aca26ed1bfc095abf2de16bf97b57,96.0,3,1786717983786,2026-08-14T21:33:03.786,1,1
10858,588aca26ed1bfc095abf2de16bf97b57,96.0,3,1786717984786,2026-08-14T21:33:04.786,1,1
10859,588aca26ed1bfc095abf2de16bf97b57,96.0,3,1786717985786,2026-08-14T21:33:05.786,1,1
10860,588aca26ed1bfc095abf2de16bf97b57,97.0,3,1786717986784,2026-08-14T21:33:06.784,1,1
10861,588aca26ed1bfc095abf2de16bf97b57,97.0,3,1786717987785,2026-08-14T21:33:07.785,1,1
10862,588aca26ed1bfc095abf2de16bf97b57,98.0,3,1786717988784,2026-08-14T21:33:08.784,1,1
10863,588aca26ed1bfc095abf2de16bf97b57,99.0,3,1786717989786,2026-08-14T21:33:09.786,1,1
10864,588aca26ed1bfc095abf2de16bf97b57,99.0,3,1786717990786,2026-08-14T21:33:10.786,1,1
10865,588aca26ed1bfc095abf2de16bf97b57,98.0,3,1786717991784,2026-08-14T21:33:11.784,1,1
10866,588aca26ed1bfc095abf2de16bf97b57,98.0,3,1786717992785,2026-08-14T21:33:12.785,1,0
10867,588aca26ed1bfc095abf2de16bf97b57,99.0,3,1786717993784,2026-08-14T21:33:13.784,1,1
10868,588aca26ed1bfc095abf2de16bf97b57,101.0,3,1786717994786,2026-08-14T21:33:14.786,1,1
10869,588aca26ed1bfc095abf2de16bf97b57,102.0,3,1786717995786,2026-08-14T21:33:15.786,1,1
10870,588aca26ed1bfc095abf2de16bf97b57,103.0,3,1786717996786,2026-08-14T21:33:16.786,1,1
10871,588aca26ed1bfc095abf2de16bf97b57,101.0,3,1786717997786,2026-08-14T21:33:17.786,1,1
10872,588aca26ed1bfc095abf2de16bf97b57,102.0,3,1786717998786,2026-08-14T21:33:18.786,1,1
10873,588aca26ed1bfc095abf2de16bf97b57,101.0,3,1786717999786,2026-08-14T21:33:19.786,1,1
10874,588aca26ed1bfc095abf2de16bf97b57,102.0,3,1786718000786,2026-08-14T21:33:20.786,1,1
10875,588aca26ed1bfc095abf2de16bf97b57,102.0,3,1786718001786,2026-08-14T21:33:21.786,1,1
10876,588aca26ed1bfc095abf2de16bf97b57,101.0,3,1786718002786,2026-08-14T21:33:22.786,1,1
10877,588aca26ed1bfc095abf2de16bf97b57,101.0,3,1786718003786,2026-08-14T21:33:23.786,1,1
10878,588aca26ed1bfc095abf2de16bf97b57,100.0,3,1786718004786,2026-08-14T21:33:24.786,1,1
10879,588aca26ed1bfc095abf2de16bf97b57,99.0,3,1786718005786,2026-08-14T21:33:25.786,1,1
10880,588aca26ed1bfc095abf2de16bf97b57,98.0,3,1786718006786,2026-08-14T21:33:26.786,1,1
10881,588aca26ed1bfc095abf2de16bf97b57,98.0,3,1786718007786,2026-08-14T21:33:27.786,1,1
10882,588aca26ed1bfc095abf2de16bf97b57,97.0,3,1786718008784,2026-08-14T21:33:28.784,1,1
10883,588aca26ed1bfc095abf2de16bf97b57,96.0,3,1786718009786,2026-08-14T21:33:29.786,1,1
10884,588aca26ed1bfc095abf2de16bf97b57,95.0,3,1786718010786,2026-08-14T21:33:30.786,1,1
10885,588aca26ed1bfc095abf2de16bf97b57,95.0,3,1786718011783,2026-08-14T21:33:31.783,1,1
10886,588aca26ed1bfc095abf2de16bf97b57,96.0,3,1786718012783,2026-08-14T21:33:32.783,1,1
10887,588aca26ed1bfc095abf2de16bf97b57,95.0,3,1786718013783,2026-08-14T21:33:33.783,1,1
10888,588aca26ed1bfc095abf2de16bf97b57,95.0,3,1786718014783,2026-08-14T21:33:34.783,1,1
10889,588aca26ed1bfc095abf2de16bf97b57,95.0,3,1786718015783,2026-08-14T21:33:35.783,1,1
10890,588aca26ed1bfc095abf2de16bf97b57,95.0,3,1786718016783,2026-08-14T21:33:36.783,1,1
10891,588aca26ed1bfc095abf2de16bf97b57,96.0,3,1786718017783,2026-08-14T21:33:37.783,1,1
10892,588aca26ed1bfc095abf2de16bf97b57,97.0,3,1786718018783,2026-08-14T21:33:38.783,1,1
10893,588aca26ed1bfc095abf2de16bf97b57,98.0,3,1786718019783,2026-08-14T21:33:39.783,1,1
10894,588aca26ed1bfc095abf2de16bf97b57,98.0,3,1786718020784,2026-08-14T21:33:40.784,1,1
10895,588aca26ed1bfc095abf2de16bf97b57,98.0,3,1786718021783,2026-08-14T21:33:41.783,1,1
10896,588aca26ed1bfc095abf2de16bf97b57,98.0,3,1786718022783,2026-08-14T21:33:42.783,1,1
10897,588aca26ed1bfc095abf2de16bf97b57,98.0,3,1786718023782,2026-08-14T21:33:43.782,1,1
10898,588aca26ed1bfc095abf2de16bf97b57,99.0,3,1786718024784,2026-08-14T21:33:44.784,1,1
10899,588aca26ed1bfc095abf2de16bf97b57,99.0,3,1786718025786,2026-08-14T21:33:45.786,1,1
10900,588aca26ed1bfc095abf2de16bf97b57,99.0,3,1786718026784,2026-08-14T21:33:46.784,1,1
10901,588aca26ed1bfc095abf2de16bf97b57,99.0,3,1786718027786,2026-08-14T21:33:47.786,1,1
10902,588aca26ed1bfc095abf2de16bf97b57,100.0,3,1786718028785,2026-08-14T21:33:48.785,1,1
10903,588aca26ed1bfc095abf2de16bf97b57,102.0,3,1786718029786,2026-08-14T21:33:49.786,1,1
10904,588aca26ed1bfc095abf2de16bf97b57,102.0,3,1786718030784,2026-08-14T21:33:50.784,1,1
10905,588aca26ed1bfc095abf2de16bf97b57,103.0,3,1786718031786,2026-08-14T21:33:51.786,1,1
10906,588aca26ed1bfc095abf2de16bf97b57,101.0,3,1786718032786,2026-08-14T21:33:52.786,1,1
10907,588aca26ed1bfc095abf2de16bf97b57,99.0,3,1786718033786,2026-08-14T21:33:53.786,1,1
10908,588aca26ed1bfc095abf2de16bf97b57,98.0,3,1786718034786,2026-08-14T21:33:54.786,1,1
10909,588aca26ed1bfc095abf2de16bf97b57,97.0,3,1786718035786,2026-08-14T21:33:55.786,1,1
10910,588aca26ed1bfc095abf2de16bf97b57,96.0,3,1786718036786,2026-08-14T21:33:56.786,1,1
10911,588aca26ed1bfc095abf2de16bf97b57,95.0,3,1786718037785,2026-08-14T21:33:57.785,1,1
10912,588aca26ed1bfc095abf2de16bf97b57,95.0,3,1786718038785,2026-08-14T21:33:58.785,1,1
10913,588aca26ed1bfc095abf2de16bf97b57,94.0,3,1786718039786,2026-08-14T21:33:59.786,1,1
10914,588aca26ed1bfc095abf2de16bf97b57,94.0,3,1786718040786,2026-08-14T21:34:00.786,1,1
10915,588aca26ed1bfc095abf2de16bf97b57,92.0,3,1786718041783,2026-08-14T21:34:01.783,1,1
10916,588aca26ed1bfc095abf2de16bf97b57,91.0,3,1786718042783,2026-08-14T21:34:02.783,1,1
10917,588aca26ed1bfc095abf2de16bf97b57,91.0,3,1786718043782,2026-08-14T21:34:03.782,1,1
10918,588aca26ed1bfc095abf2de16bf97b57,91.0,3,1786718044783,2026-08-14T21:34:04.783,1,1
10919,588aca26ed1bfc095abf2de16bf97b57,90.0,3,1786718045783,2026-08-14T21:34:05.783,1,1
10920,588aca26ed1bfc095abf2de16bf97b57,90.0,3,1786718046783,2026-08-14T21:34:06.783,1,1
10921,588aca26ed1bfc095abf2de16bf97b57,90.0,3,1786718047783,2026-08-14T21:34:07.783,1,1
10922,588aca26ed1bfc095abf2de16bf97b57,90.0,3,1786718048783,2026-08-14T21:34:08.783,1,1
10923,588aca26ed1bfc095abf2de16bf97b57,91.0,3,1786718049784,2026-08-14T21:34:09.784,1,1
10924,588aca26ed1bfc095abf2de16bf97b57,92.0,3,1786718050783,2026-08-14T21:34:10.783,1,1
10925,588aca26ed1bfc095abf2de16bf97b57,92.0,3,1786718051783,2026-08-14T21:34:11.783,1,1
10926,588aca26ed1bfc095abf2de16bf97b57,92.0,3,1786718052783,2026-08-14T21:34:12.783,1,1
10927,588aca26ed1bfc095abf2de16bf97b57,92.0,3,1786718053783,2026-08-14T21:34:13.783,1,1
10928,588aca26ed1bfc095abf2de16bf97b57,92.0,3,1786718054783,2026-08-14T21:34:14.783,1,1
10929,588aca26ed1bfc095abf2de16bf97b57,92.0,3,1786718055783,2026-08-14T21:34:15.783,1,1
10930,588aca26ed1bfc095abf2de16bf97b57,93.0,3,1786718056783,2026-08-14T21:34:16.783,1,1
10931,588aca26ed1bfc095abf2de16bf97b57,93.0,3,1786718057783,2026-08-14T21:34:17.783,1,1
10932,588aca26ed1bfc095abf2de16bf97b57,94.0,3,1786718058791,2026-08-14T21:34:18.791,1,1
10933,588aca26ed1bfc095abf2de16bf97b57,94.0,3,1786718059786,2026-08-14T21:34:19.786,1,1
10934,588aca26ed1bfc095abf2de16bf97b57,94.0,3,1786718060789,2026-08-14T21:34:20.789,1,1
10935,588aca26ed1bfc095abf2de16bf97b57,95.0,3,1786718061792,2026-08-14T21:34:21.792,1,1
10936,588aca26ed1bfc095abf2de16bf97b57,96.0,3,1786718062791,2026-08-14T21:34:22.791,1,1
10937,588aca26ed1bfc095abf2de16bf97b57,96.0,3,1786718063791,2026-08-14T21:34:23.791,1,1
10938,588aca26ed1bfc095abf2de16bf97b57,96.0,3,1786718064783,2026-08-14T21:34:24.783,1,1
10939,588aca26ed1bfc095abf2de16bf97b57,96.0,3,1786718065788,2026-08-14T21:34:25.788,1,1
10940,588aca26ed1bfc095abf2de16bf97b57,96.0,3,1786718066789,2026-08-14T21:34:26.789,1,1
10941,588aca26ed1bfc095abf2de16bf97b57,97.0,3,1786718067788,2026-08-14T21:34:27.788,1,1
10942,588aca26ed1bfc095abf2de16bf97b57,97.0,3,1786718068782,2026-08-14T21:34:28.782,1,1
10943,588aca26ed1bfc095abf2de16bf97b57,99.0,3,1786718069785,2026-08-14T21:34:29.785,1,1
10944,588aca26ed1bfc095abf2de16bf97b57,100.0,3,1786718070783,2026-08-14T21:34:30.783,1,1
10945,588aca26ed1bfc095abf2de16bf97b57,100.0,3,1786718071783,2026-08-14T21:34:31.783,1,1
10946,588aca26ed1bfc095abf2de16bf97b57,100.0,3,1786718072783,2026-08-14T21:34:32.783,1,1
10947,588aca26ed1bfc095abf2de16bf97b57,101.0,3,1786718073783,2026-08-14T21:34:33.783,1,1
10948,588aca26ed1bfc095abf2de16bf97b57,100.0,3,1786718074783,2026-08-14T21:34:34.783,1,1
10949,588aca26ed1bfc095abf2de16bf97b57,99.0,3,1786718075783,2026-08-14T21:34:35.783,1,1
10950,588aca26ed1bfc095abf2de16bf97b57,97.0,3,1786718076783,2026-08-14T21:34:36.783,1,1
10951,588aca26ed1bfc095abf2de16bf97b57,96.0,3,1786718077783,2026-08-14T21:34:37.783,1,1
10952,588aca26ed1bfc095abf2de16bf97b57,94.0,3,1786718078783,2026-08-14T21:34:38.783,1,1
10953,588aca26ed1bfc095abf2de16bf97b57,93.0,3,1786718079783,2026-08-14T21:34:39.783,1,1
10954,588aca26ed1bfc095abf2de16bf97b57,92.0,3,1786718080783,2026-08-14T21:34:40.783,1,1
10955,588aca26ed1bfc095abf2de16bf97b57,91.0,3,1786718081783,2026-08-14T21:34:41.783,1,1
10956,588aca26ed1bfc095abf2de16bf97b57,89.0,3,1786718082783,2026-08-14T21:34:42.783,1,1
10957,588aca26ed1bfc095abf2de16bf97b57,88.0,3,1786718083783,2026-08-14T21:34:43.783,1,1
10958,588aca26ed1bfc095abf2de16bf97b57,88.0,3,1786718084783,2026-08-14T21:34:44.783,1,1
10959,588aca26ed1bfc095abf2de16bf97b57,87.0,3,1786718085783,2026-08-14T21:34:45.783,1,1
10960,588aca26ed1bfc095abf2de16bf97b57,87.0,3,1786718086783,2026-08-14T21:34:46.783,1,1
10961,588aca26ed1bfc095abf2de16bf97b57,87.0,3,1786718087783,2026-08-14T21:34:47.783,1,1
10962,588aca26ed1bfc095abf2de16bf97b57,86.0,3,1786718088783,2026-08-14T21:34:48.783,1,1
10963,588aca26ed1bfc095abf2de16bf97b57,86.0,3,1786718089792,2026-08-14T21:34:49.792,1,1
10964,588aca26ed1bfc095abf2de16bf97b57,85.0,3,1786718090790,2026-08-14T21:34:50.790,1,1
10965,588aca26ed1bfc095abf2de16bf97b57,84.0,3,1786718091783,2026-08-14T21:34:51.783,1,1
10966,588aca26ed1bfc095abf2de16bf97b57,84.0,3,1786718092787,2026-08-14T21:34:52.787,1,1
10967,588aca26ed1bfc095abf2de16bf97b57,84.0,3,1786718093786,2026-08-14T21:34:53.786,1,1
10968,588aca26ed1bfc095abf2de16bf97b57,85.0,3,1786718094786,2026-08-14T21:34:54.786,1,1
10969,588aca26ed1bfc095abf2de16bf97b57,85.0,3,1786718095787,2026-08-14T21:34:55.787,1,1
10970,588aca26ed1bfc095abf2de16bf97b57,86.0,3,1786718096787,2026-08-14T21:34:56.787,1,1
10971,588aca26ed1bfc095abf2de16bf97b57,85.0,3,1786718097784,2026-08-14T21:34:57.784,1,1
10972,588aca26ed1bfc095abf2de16bf97b57,85.0,3,1786718098786,2026-08-14T21:34:58.786,1,1
10973,588aca26ed1bfc095abf2de16bf97b57,84.0,3,1786718099786,2026-08-14T21:34:59.786,1,1
10974,588aca26ed1bfc095abf2de16bf97b57,84.0,3,1786718100788,2026-08-14T21:35:00.788,1,1
10975,588aca26ed1bfc095abf2de16bf97b57,82.0,3,1786718101784,2026-08-14T21:35:01.784,1,1
10976,588aca26ed1bfc095abf2de16bf97b57,84.0,3,1786718102785,2026-08-14T21:35:02.785,1,1
10977,588aca26ed1bfc095abf2de16bf97b57,85.0,3,1786718103783,2026-08-14T21:35:03.783,1,1
10978,588aca26ed1bfc095abf2de16bf97b57,87.0,3,1786718104783,2026-08-14T21:35:04.783,1,1
10979,588aca26ed1bfc095abf2de16bf97b57,89.0,3,1786718105784,2026-08-14T21:35:05.784,1,1
10980,588aca26ed1bfc095abf2de16bf97b57,89.0,3,1786718106783,2026-08-14T21:35:06.783,1,1
10981,588aca26ed1bfc095abf2de16bf97b57,89.0,3,1786718107783,2026-08-14T21:35:07.783,1,1
10982,588aca26ed1bfc095abf2de16bf97b57,88.0,3,1786718108783,2026-08-14T21:35:08.783,1,1
10983,588aca26ed1bfc095abf2de16bf97b57,89.0,3,1786718109783,2026-08-14T21:35:09.783,1,1
10984,588aca26ed1bfc095abf2de16bf97b57,90.0,3,1786718110783,2026-08-14T21:35:10.783,1,1
10985,588aca26ed1bfc095abf2de16bf97b57,91.0,3,1786718111783,2026-08-14T21:35:11.783,1,1
10986,588aca26ed1bfc095abf2de16bf97b57,93.0,3,1786718112783,2026-08-14T21:35:12.783,1,1
10987,588aca26ed1bfc095abf2de16bf97b57,94.0,3,1786718113783,2026-08-14T21:35:13.783,1,1
10988,588aca26ed1bfc095abf2de16bf97b57,94.0,3,1786718114783,2026-08-14T21:35:14.783,1,1
10989,588aca26ed1bfc095abf2de16bf97b57,94.0,3,1786718115785,2026-08-14T21:35:15.785,1,1
10990,588aca26ed1bfc095abf2de16bf97b57,93.0,3,1786718116782,2026-08-14T21:35:16.782,1,1
10991,588aca26ed1bfc095abf2de16bf97b57,93.0,3,1786718117782,2026-08-14T21:35:17.782,1,1
10992,588aca26ed1bfc095abf2de16bf97b57,92.0,3,1786718118783,2026-08-14T21:35:18.783,1,1
10993,588aca26ed1bfc095abf2de16bf97b57,91.0,3,1786718119782,2026-08-14T21:35:19.782,1,1
10994,588aca26ed1bfc095abf2de16bf97b57,93.0,3,1786718120783,2026-08-14T21:35:20.783,1,1
10995,588aca26ed1bfc095abf2de16bf97b57,94.0,3,1786718121783,2026-08-14T21:35:21.783,1,1
10996,588aca26ed1bfc095abf2de16bf97b57,96.0,3,1786718122783,2026-08-14T21:35:22.783,1,1
10997,588aca26ed1bfc095abf2de16bf97b57,97.0,3,1786718123784,2026-08-14T21:35:23.784,1,1
10998,588aca26ed1bfc095abf2de16bf97b57,97.0,3,1786718124783,2026-08-14T21:35:24.783,1,1
10999,588aca26ed1bfc095abf2de16bf97b57,96.0,3,1786718125783,2026-08-14T21:35:25.783,1,1
11000,588aca26ed1bfc095abf2de16bf97b57,95.0,3,1786718126783,2026-08-14T21:35:26.783,1,1
11001,588aca26ed1bfc095abf2de16bf97b57,93.0,3,1786718127785,2026-08-14T21:35:27.785,1,1
11002,588aca26ed1bfc095abf2de16bf97b57,91.0,3,1786718128784,2026-08-14T21:35:28.784,1,1
11003,588aca26ed1bfc095abf2de16bf97b57,90.0,3,1786718129783,2026-08-14T21:35:29.783,1,1
11004,588aca26ed1bfc095abf2de16bf97b57,88.0,3,1786718130783,2026-08-14T21:35:30.783,1,1
11005,588aca26ed1bfc095abf2de16bf97b57,88.0,3,1786718131783,2026-08-14T21:35:31.783,1,1
11006,588aca26ed1bfc095abf2de16bf97b57,89.0,3,1786718132783,2026-08-14T21:35:32.783,1,1
11007,588aca26ed1bfc095abf2de16bf97b57,90.0,3,1786718133783,2026-08-14T21:35:33.783,1,1
11008,588aca26ed1bfc095abf2de16bf97b57,90.0,3,1786718134783,2026-08-14T21:35:34.783,1,1
11009,588aca26ed1bfc095abf2de16bf97b57,90.0,3,1786718135783,2026-08-14T21:35:35.783,1,1
11010,588aca26ed1bfc095abf2de16bf97b57,89.0,3,1786718136783,2026-08-14T21:35:36.783,1,1
11011,588aca26ed1bfc095abf2de16bf97b57,88.0,3,1786718137784,2026-08-14T21:35:37.784,1,1
11012,588aca26ed1bfc095abf2de16bf97b57,87.0,3,1786718138784,2026-08-14T21:35:38.784,1,1
11013,588aca26ed1bfc095abf2de16bf97b57,87.0,3,1786718139783,2026-08-14T21:35:39.783,1,1
11014,588aca26ed1bfc095abf2de16bf97b57,86.0,3,1786718140784,2026-08-14T21:35:40.784,1,1
11015,588aca26ed1bfc095abf2de16bf97b57,85.0,3,1786718141784,2026-08-14T21:35:41.784,1,1
11016,588aca26ed1bfc095abf2de16bf97b57,86.0,3,1786718142792,2026-08-14T21:35:42.792,1,1
11017,588aca26ed1bfc095abf2de16bf97b57,86.0,3,1786718143792,2026-08-14T21:35:43.792,1,1
11018,588aca26ed1bfc095abf2de16bf97b57,86.0,3,1786718144792,2026-08-14T21:35:44.792,1,1
11019,588aca26ed1bfc095abf2de16bf97b57,86.0,3,1786718145790,2026-08-14T21:35:45.790,1,1
11020,588aca26ed1bfc095abf2de16bf97b57,85.0,3,1786718146789,2026-08-14T21:35:46.789,1,1
11021,588aca26ed1bfc095abf2de16bf97b57,85.0,3,1786718147788,2026-08-14T21:35:47.788,1,1
11022,588aca26ed1bfc095abf2de16bf97b57,85.0,3,1786718148787,2026-08-14T21:35:48.787,1,1
11023,588aca26ed1bfc095abf2de16bf97b57,84.0,3,1786718149784,2026-08-14T21:35:49.784,1,1
11024,588aca26ed1bfc095abf2de16bf97b57,83.0,3,1786718150783,2026-08-14T21:35:50.783,1,1
11025,588aca26ed1bfc095abf2de16bf97b57,82.0,3,1786718151793,2026-08-14T21:35:51.793,1,1
11026,588aca26ed1bfc095abf2de16bf97b57,82.0,3,1786718152783,2026-08-14T21:35:52.783,1,1
11027,588aca26ed1bfc095abf2de16bf97b57,82.0,3,1786718153784,2026-08-14T21:35:53.784,1,1
11028,588aca26ed1bfc095abf2de16bf97b57,82.0,3,1786718154786,2026-08-14T21:35:54.786,1,1
11029,588aca26ed1bfc095abf2de16bf97b57,83.0,3,1786718155784,2026-08-14T21:35:55.784,1,1
11030,588aca26ed1bfc095abf2de16bf97b57,84.0,3,1786718156784,2026-08-14T21:35:56.784,1,1
11031,588aca26ed1bfc095abf2de16bf97b57,85.0,3,1786718157783,2026-08-14T21:35:57.783,1,1
11032,588aca26ed1bfc095abf2de16bf97b57,85.0,3,1786718158783,2026-08-14T21:35:58.783,1,1
11033,588aca26ed1bfc095abf2de16bf97b57,85.0,3,1786718159783,2026-08-14T21:35:59.783,1,1
11034,588aca26ed1bfc095abf2de16bf97b57,85.0,3,1786718160783,2026-08-14T21:36:00.783,1,1
11035,588aca26ed1bfc095abf2de16bf97b57,85.0,3,1786718161783,2026-08-14T21:36:01.783,1,1
11036,588aca26ed1bfc095abf2de16bf97b57,85.0,3,1786718162783,2026-08-14T21:36:02.783,1,1
11037,588aca26ed1bfc095abf2de16bf97b57,84.0,3,1786718163783,2026-08-14T21:36:03.783,1,1
11038,588aca26ed1bfc095abf2de16bf97b57,84.0,3,1786718164784,2026-08-14T21:36:04.784,1,1
11039,588aca26ed1bfc095abf2de16bf97b57,84.0,3,1786718165782,2026-08-14T21:36:05.782,1,1
11040,588aca26ed1bfc095abf2de16bf97b57,84.0,3,1786718166786,2026-08-14T21:36:06.786,1,1
11041,588aca26ed1bfc095abf2de16bf97b57,85.0,3,1786718167786,2026-08-14T21:36:07.786,1,1
11042,588aca26ed1bfc095abf2de16bf97b57,86.0,3,1786718168786,2026-08-14T21:36:08.786,1,1
11043,588aca26ed1bfc095abf2de16bf97b57,87.0,3,1786718169786,2026-08-14T21:36:09.786,1,1
11044,588aca26ed1bfc095abf2de16bf97b57,88.0,3,1786718170784,2026-08-14T21:36:10.784,1,1
11045,588aca26ed1bfc095abf2de16bf97b57,89.0,3,1786718171785,2026-08-14T21:36:11.785,1,1
11046,588aca26ed1bfc095abf2de16bf97b57,89.0,3,1786718172782,2026-08-14T21:36:12.782,1,1
11047,588aca26ed1bfc095abf2de16bf97b57,89.0,3,1786718173783,2026-08-14T21:36:13.783,1,1
11048,588aca26ed1bfc095abf2de16bf97b57,89.0,3,1786718174789,2026-08-14T21:36:14.789,1,1
11049,588aca26ed1bfc095abf2de16bf97b57,91.0,3,1786718175793,2026-08-14T21:36:15.793,1,1
11050,588aca26ed1bfc095abf2de16bf97b57,92.0,3,1786718176792,2026-08-14T21:36:16.792,1,1
11051,588aca26ed1bfc095abf2de16bf97b57,91.0,3,1786718177788,2026-08-14T21:36:17.788,1,1
11052,588aca26ed1bfc095abf2de16bf97b57,90.0,3,1786718178787,2026-08-14T21:36:18.787,1,1
11053,588aca26ed1bfc095abf2de16bf97b57,90.0,3,1786718179784,2026-08-14T21:36:19.784,1,1
11054,588aca26ed1bfc095abf2de16bf97b57,90.0,3,1786718180784,2026-08-14T21:36:20.784,1,1
11055,588aca26ed1bfc095abf2de16bf97b57,90.0,3,1786718181783,2026-08-14T21:36:21.783,1,1
11056,588aca26ed1bfc095abf2de16bf97b57,89.0,3,1786718182783,2026-08-14T21:36:22.783,1,1
11057,588aca26ed1bfc095abf2de16bf97b57,90.0,3,1786718183783,2026-08-14T21:36:23.783,1,1
11058,588aca26ed1bfc095abf2de16bf97b57,91.0,3,1786718184783,2026-08-14T21:36:24.783,1,1
11059,588aca26ed1bfc095abf2de16bf97b57,91.0,3,1786718185783,2026-08-14T21:36:25.783,1,1
11060,588aca26ed1bfc095abf2de16bf97b57,92.0,3,1786718186787,2026-08-14T21:36:26.787,1,1
11061,588aca26ed1bfc095abf2de16bf97b57,91.0,3,1786718187787,2026-08-14T21:36:27.787,1,1
11062,588aca26ed1bfc095abf2de16bf97b57,90.0,3,1786718188789,2026-08-14T21:36:28.789,1,1
11063,588aca26ed1bfc095abf2de16bf97b57,89.0,3,1786718189785,2026-08-14T21:36:29.785,1,1
11064,588aca26ed1bfc095abf2de16bf97b57,88.0,3,1786718190786,2026-08-14T21:36:30.786,1,1
11065,588aca26ed1bfc095abf2de16bf97b57,88.0,3,1786718191783,2026-08-14T21:36:31.783,1,1
11066,588aca26ed1bfc095abf2de16bf97b57,88.0,3,1786718192783,2026-08-14T21:36:32.783,1,1
11067,588aca26ed1bfc095abf2de16bf97b57,88.0,3,1786718193783,2026-08-14T21:36:33.783,1,1
11068,588aca26ed1bfc095abf2de16bf97b57,88.0,3,1786718194783,2026-08-14T21:36:34.783,1,1
11069,588aca26ed1bfc095abf2de16bf97b57,88.0,3,1786718195784,2026-08-14T21:36:35.784,1,0
11070,588aca26ed1bfc095abf2de16bf97b57,87.0,3,1786718196783,2026-08-14T21:36:36.783,1,1
11071,588aca26ed1bfc095abf2de16bf97b57,87.0,3,1786718197783,2026-08-14T21:36:37.783,1,1
11072,588aca26ed1bfc095abf2de16bf97b57,86.0,3,1786718198783,2026-08-14T21:36:38.783,1,1
11073,588aca26ed1bfc095abf2de16bf97b57,85.0,3,1786718199784,2026-08-14T21:36:39.784,1,1
11074,588aca26ed1bfc095abf2de16bf97b57,84.0,3,1786718200784,2026-08-14T21:36:40.784,1,1
11075,588aca26ed1bfc095abf2de16bf97b57,84.0,3,1786718201783,2026-08-14T21:36:41.783,1,1
11076,588aca26ed1bfc095abf2de16bf97b57,84.0,3,1786718202783,2026-08-14T21:36:42.783,1,1
11077,588aca26ed1bfc095abf2de16bf97b57,84.0,3,1786718203783,2026-08-14T21:36:43.783,1,1
11078,588aca26ed1bfc095abf2de16bf97b57,85.0,3,1786718204783,2026-08-14T21:36:44.783,1,1
11079,588aca26ed1bfc095abf2de16bf97b57,86.0,3,1786718205784,2026-08-14T21:36:45.784,1,1
11080,588aca26ed1bfc095abf2de16bf97b57,87.0,3,1786718206794,2026-08-14T21:36:46.794,1,1
11081,588aca26ed1bfc095abf2de16bf97b57,89.0,3,1786718207792,2026-08-14T21:36:47.792,1,1
11082,588aca26ed1bfc095abf2de16bf97b57,90.0,3,1786718208792,2026-08-14T21:36:48.792,1,1
11083,588aca26ed1bfc095abf2de16bf97b57,90.0,3,1786718209791,2026-08-14T21:36:49.791,1,1
11084,588aca26ed1bfc095abf2de16bf97b57,91.0,3,1786718210801,2026-08-14T21:36:50.801,1,1
11085,588aca26ed1bfc095abf2de16bf97b57,90.0,3,1786718211790,2026-08-14T21:36:51.790,1,1
11086,588aca26ed1bfc095abf2de16bf97b57,88.0,3,1786718212788,2026-08-14T21:36:52.788,1,1
11087,588aca26ed1bfc095abf2de16bf97b57,87.0,3,1786718213790,2026-08-14T21:36:53.790,1,1
11088,588aca26ed1bfc095abf2de16bf97b57,86.0,3,1786718214789,2026-08-14T21:36:54.789,1,1
11089,588aca26ed1bfc095abf2de16bf97b57,86.0,3,1786718215788,2026-08-14T21:36:55.788,1,1
11090,588aca26ed1bfc095abf2de16bf97b57,87.0,3,1786718216789,2026-08-14T21:36:56.789,1,1
11091,588aca26ed1bfc095abf2de16bf97b57,87.0,3,1786718217787,2026-08-14T21:36:57.787,1,1
11092,588aca26ed1bfc095abf2de16bf97b57,86.0,3,1786718218783,2026-08-14T21:36:58.783,1,1
11093,588aca26ed1bfc095abf2de16bf97b57,85.0,3,1786718219783,2026-08-14T21:36:59.783,1,1
11094,588aca26ed1bfc095abf2de16bf97b57,85.0,3,1786718220787,2026-08-14T21:37:00.787,1,1
11095,588aca26ed1bfc095abf2de16bf97b57,85.0,3,1786718221788,2026-08-14T21:37:01.788,1,1
11096,588aca26ed1bfc095abf2de16bf97b57,84.0,3,1786718222786,2026-08-14T21:37:02.786,1,1
11097,588aca26ed1bfc095abf2de16bf97b57,85.0,3,1786718223788,2026-08-14T21:37:03.788,1,1
11098,588aca26ed1bfc095abf2de16bf97b57,86.0,3,1786718224796,2026-08-14T21:37:04.796,1,1
11099,588aca26ed1bfc095abf2de16bf97b57,87.0,3,1786718225787,2026-08-14T21:37:05.787,1,1
11100,588aca26ed1bfc095abf2de16bf97b57,89.0,3,1786718226786,2026-08-14T21:37:06.786,1,1
11101,588aca26ed1bfc095abf2de16bf97b57,89.0,3,1786718227785,2026-08-14T21:37:07.785,1,1
11102,588aca26ed1bfc095abf2de16bf97b57,89.0,3,1786718228783,2026-08-14T21:37:08.783,1,1
11103,588aca26ed1bfc095abf2de16bf97b57,89.0,3,1786718229783,2026-08-14T21:37:09.783,1,1
11104,588aca26ed1bfc095abf2de16bf97b57,88.0,3,1786718230783,2026-08-14T21:37:10.783,1,1
11105,588aca26ed1bfc095abf2de16bf97b57,88.0,3,1786718231783,2026-08-14T21:37:11.783,1,1
11106,588aca26ed1bfc095abf2de16bf97b57,87.0,3,1786718232783,2026-08-14T21:37:12.783,1,1
11107,588aca26ed1bfc095abf2de16bf97b57,86.0,3,1786718233783,2026-08-14T21:37:13.783,1,1
11108,588aca26ed1bfc095abf2de16bf97b57,85.0,3,1786718234783,2026-08-14T21:37:14.783,1,1
11109,588aca26ed1bfc095abf2de16bf97b57,85.0,3,1786718235784,2026-08-14T21:37:15.784,1,1
11110,588aca26ed1bfc095abf2de16bf97b57,84.0,3,1786718236787,2026-08-14T21:37:16.787,1,1
11111,588aca26ed1bfc095abf2de16bf97b57,84.0,3,1786718237784,2026-08-14T21:37:17.784,1,1
11112,588aca26ed1bfc095abf2de16bf97b57,84.0,3,1786718238784,2026-08-14T21:37:18.784,1,1
11113,588aca26ed1bfc095abf2de16bf97b57,84.0,3,1786718239784,2026-08-14T21:37:19.784,1,1
11114,588aca26ed1bfc095abf2de16bf97b57,84.0,3,1786718240787,2026-08-14T21:37:20.787,1,1
11115,588aca26ed1bfc095abf2de16bf97b57,84.0,3,1786718241787,2026-08-14T21:37:21.787,1,1
11116,588aca26ed1bfc095abf2de16bf97b57,84.0,3,1786718242785,2026-08-14T21:37:22.785,1,1
11117,588aca26ed1bfc095abf2de16bf97b57,84.0,3,1786718243783,2026-08-14T21:37:23.783,1,1
11118,588aca26ed1bfc095abf2de16bf97b57,85.0,3,1786718244786,2026-08-14T21:37:24.786,1,1
11119,588aca26ed1bfc095abf2de16bf97b57,85.0,3,1786718245784,2026-08-14T21:37:25.784,1,1
11120,588aca26ed1bfc095abf2de16bf97b57,84.0,3,1786718246786,2026-08-14T21:37:26.786,1,1
11121,588aca26ed1bfc095abf2de16bf97b57,84.0,3,1786718247785,2026-08-14T21:37:27.785,1,1
11122,588aca26ed1bfc095abf2de16bf97b57,83.0,3,1786718248784,2026-08-14T21:37:28.784,1,1
11123,588aca26ed1bfc095abf2de16bf97b57,83.0,3,1786718249783,2026-08-14T21:37:29.783,1,1
11124,588aca26ed1bfc095abf2de16bf97b57,83.0,3,1786718250784,2026-08-14T21:37:30.784,1,1
11125,588aca26ed1bfc095abf2de16bf97b57,83.0,3,1786718251783,2026-08-14T21:37:31.783,1,1
11126,588aca26ed1bfc095abf2de16bf97b57,83.0,3,1786718252783,2026-08-14T21:37:32.783,1,1
11127,588aca26ed1bfc095abf2de16bf97b57,83.0,3,1786718253783,2026-08-14T21:37:33.783,1,1
11128,588aca26ed1bfc095abf2de16bf97b57,83.0,3,1786718254783,2026-08-14T21:37:34.783,1,1
11129,588aca26ed1bfc095abf2de16bf97b57,83.0,3,1786718255783,2026-08-14T21:37:35.783,1,1
11130,588aca26ed1bfc095abf2de16bf97b57,83.0,3,1786718256783,2026-08-14T21:37:36.783,1,1
11131,588aca26ed1bfc095abf2de16bf97b57,83.0,3,1786718257783,2026-08-14T21:37:37.783,1,1
11132,588aca26ed1bfc095abf2de16bf97b57,84.0,3,1786718258783,2026-08-14T21:37:38.783,1,1
11133,588aca26ed1bfc095abf2de16bf97b57,84.0,3,1786718259783,2026-08-14T21:37:39.783,1,1
11134,588aca26ed1bfc095abf2de16bf97b57,84.0,3,1786718260783,2026-08-14T21:37:40.783,1,1
11135,588aca26ed1bfc095abf2de16bf97b57,85.0,3,1786718261783,2026-08-14T21:37:41.783,1,1
11136,588aca26ed1bfc095abf2de16bf97b57,86.0,3,1786718262794,2026-08-14T21:37:42.794,1,1
11137,588aca26ed1bfc095abf2de16bf97b57,86.0,3,1786718263792,2026-08-14T21:37:43.792,1,1
11138,588aca26ed1bfc095abf2de16bf97b57,86.0,3,1786718264790,2026-08-14T21:37:44.790,1,1
11139,588aca26ed1bfc095abf2de16bf97b57,86.0,3,1786718265787,2026-08-14T21:37:45.787,1,1
11140,588aca26ed1bfc095abf2de16bf97b57,86.0,3,1786718266787,2026-08-14T21:37:46.787,1,1
11141,588aca26ed1bfc095abf2de16bf97b57,86.0,3,1786718267788,2026-08-14T21:37:47.788,1,1
11142,588aca26ed1bfc095abf2de16bf97b57,86.0,3,1786718268791,2026-08-14T21:37:48.791,1,1
11143,588aca26ed1bfc095abf2de16bf97b57,87.0,3,1786718269786,2026-08-14T21:37:49.786,1,1
11144,588aca26ed1bfc095abf2de16bf97b57,88.0,3,1786718270788,2026-08-14T21:37:50.788,1,1
11145,588aca26ed1bfc095abf2de16bf97b57,89.0,3,1786718271787,2026-08-14T21:37:51.787,1,1
11146,588aca26ed1bfc095abf2de16bf97b57,89.0,3,1786718272786,2026-08-14T21:37:52.786,1,1
11147,588aca26ed1bfc095abf2de16bf97b57,88.0,3,1786718273785,2026-08-14T21:37:53.785,1,1
11148,588aca26ed1bfc095abf2de16bf97b57,87.0,3,1786718274785,2026-08-14T21:37:54.785,1,1
11149,588aca26ed1bfc095abf2de16bf97b57,87.0,3,1786718275784,2026-08-14T21:37:55.784,1,1
11150,588aca26ed1bfc095abf2de16bf97b57,86.0,3,1786718276794,2026-08-14T21:37:56.794,1,1
11151,588aca26ed1bfc095abf2de16bf97b57,85.0,3,1786718277783,2026-08-14T21:37:57.783,1,1
11152,588aca26ed1bfc095abf2de16bf97b57,84.0,3,1786718278783,2026-08-14T21:37:58.783,1,1
11153,588aca26ed1bfc095abf2de16bf97b57,84.0,3,1786718279783,2026-08-14T21:37:59.783,1,1
11154,588aca26ed1bfc095abf2de16bf97b57,84.0,3,1786718280783,2026-08-14T21:38:00.783,1,1
11155,588aca26ed1bfc095abf2de16bf97b57,85.0,3,1786718281787,2026-08-14T21:38:01.787,1,1
11156,588aca26ed1bfc095abf2de16bf97b57,85.0,3,1786718282783,2026-08-14T21:38:02.783,1,1
11157,588aca26ed1bfc095abf2de16bf97b57,84.0,3,1786718283785,2026-08-14T21:38:03.785,1,1
11158,588aca26ed1bfc095abf2de16bf97b57,84.0,3,1786718284786,2026-08-14T21:38:04.786,1,1
11159,588aca26ed1bfc095abf2de16bf97b57,84.0,3,1786718285785,2026-08-14T21:38:05.785,1,1
11160,588aca26ed1bfc095abf2de16bf97b57,84.0,3,1786718286785,2026-08-14T21:38:06.785,1,1
11161,588aca26ed1bfc095abf2de16bf97b57,84.0,3,1786718287783,2026-08-14T21:38:07.783,1,1
11162,588aca26ed1bfc095abf2de16bf97b57,84.0,3,1786718288786,2026-08-14T21:38:08.786,1,1
11163,588aca26ed1bfc095abf2de16bf97b57,84.0,3,1786718289785,2026-08-14T21:38:09.785,1,1
11164,588aca26ed1bfc095abf2de16bf97b57,83.0,3,1786718290783,2026-08-14T21:38:10.783,1,1
11165,588aca26ed1bfc095abf2de16bf97b57,83.0,3,1786718291784,2026-08-14T21:38:11.784,1,1
11166,588aca26ed1bfc095abf2de16bf97b57,83.0,3,1786718292783,2026-08-14T21:38:12.783,1,1
11167,588aca26ed1bfc095abf2de16bf97b57,83.0,3,1786718293783,2026-08-14T21:38:13.783,1,1
11168,588aca26ed1bfc095abf2de16bf97b57,82.0,3,1786718294783,2026-08-14T21:38:14.783,1,1
11169,588aca26ed1bfc095abf2de16bf97b57,82.0,3,1786718295783,2026-08-14T21:38:15.783,1,1
11170,588aca26ed1bfc095abf2de16bf97b57,82.0,3,1786718296783,2026-08-14T21:38:16.783,1,1
11171,588aca26ed1bfc095abf2de16bf97b57,81.0,3,1786718297783,2026-08-14T21:38:17.783,1,1
11172,588aca26ed1bfc095abf2de16bf97b57,81.0,3,1786718298783,2026-08-14T21:38:18.783,1,1
11173,588aca26ed1bfc095abf2de16bf97b57,81.0,3,1786718299782,2026-08-14T21:38:19.782,1,1
11174,588aca26ed1bfc095abf2de16bf97b57,81.0,3,1786718300783,2026-08-14T21:38:20.783,1,1
11175,588aca26ed1bfc095abf2de16bf97b57,80.0,3,1786718301783,2026-08-14T21:38:21.783,1,1
11176,588aca26ed1bfc095abf2de16bf97b57,80.0,3,1786718302783,2026-08-14T21:38:22.783,1,1
11177,588aca26ed1bfc095abf2de16bf97b57,81.0,3,1786718303783,2026-08-14T21:38:23.783,1,1
11178,588aca26ed1bfc095abf2de16bf97b57,81.0,3,1786718304789,2026-08-14T21:38:24.789,1,1
11179,588aca26ed1bfc095abf2de16bf97b57,81.0,3,1786718305790,2026-08-14T21:38:25.790,1,1
11180,588aca26ed1bfc095abf2de16bf97b57,81.0,3,1786718306789,2026-08-14T21:38:26.789,1,1
11181,588aca26ed1bfc095abf2de16bf97b57,82.0,3,1786718307788,2026-08-14T21:38:27.788,1,1
11182,588aca26ed1bfc095abf2de16bf97b57,83.0,3,1786718308786,2026-08-14T21:38:28.786,1,1
11183,588aca26ed1bfc095abf2de16bf97b57,84.0,3,1786718309791,2026-08-14T21:38:29.791,1,1
11184,588aca26ed1bfc095abf2de16bf97b57,85.0,3,1786718310784,2026-08-14T21:38:30.784,1,1
11185,588aca26ed1bfc095abf2de16bf97b57,86.0,3,1786718311783,2026-08-14T21:38:31.783,1,1
11186,588aca26ed1bfc095abf2de16bf97b57,86.0,3,1786718312783,2026-08-14T21:38:32.783,1,1
11187,588aca26ed1bfc095abf2de16bf97b57,85.0,3,1786718313783,2026-08-14T21:38:33.783,1,1
11188,588aca26ed1bfc095abf2de16bf97b57,85.0,3,1786718314783,2026-08-14T21:38:34.783,1,1
11189,588aca26ed1bfc095abf2de16bf97b57,84.0,3,1786718315788,2026-08-14T21:38:35.788,1,1
11190,588aca26ed1bfc095abf2de16bf97b57,83.0,3,1786718316783,2026-08-14T21:38:36.783,1,1
11191,588aca26ed1bfc095abf2de16bf97b57,83.0,3,1786718317783,2026-08-14T21:38:37.783,1,1
11192,588aca26ed1bfc095abf2de16bf97b57,82.0,3,1786718318783,2026-08-14T21:38:38.783,1,1
11193,588aca26ed1bfc095abf2de16bf97b57,83.0,3,1786718319784,2026-08-14T21:38:39.784,1,1
11194,588aca26ed1bfc095abf2de16bf97b57,83.0,3,1786718320784,2026-08-14T21:38:40.784,1,1
11195,588aca26ed1bfc095abf2de16bf97b57,84.0,3,1786718321784,2026-08-14T21:38:41.784,1,1
11196,588aca26ed1bfc095abf2de16bf97b57,85.0,3,1786718322783,2026-08-14T21:38:42.783,1,1
11197,588aca26ed1bfc095abf2de16bf97b57,86.0,3,1786718323784,2026-08-14T21:38:43.784,1,1
11198,588aca26ed1bfc095abf2de16bf97b57,85.0,3,1786718324783,2026-08-14T21:38:44.783,1,1
11199,588aca26ed1bfc095abf2de16bf97b57,85.0,3,1786718325783,2026-08-14T21:38:45.783,1,1
11200,588aca26ed1bfc095abf2de16bf97b57,84.0,3,1786718326783,2026-08-14T21:38:46.783,1,1
11201,588aca26ed1bfc095abf2de16bf97b57,84.0,3,1786718327783,2026-08-14T21:38:47.783,1,1
11202,588aca26ed1bfc095abf2de16bf97b57,84.0,3,1786718328782,2026-08-14T21:38:48.782,1,1
11203,588aca26ed1bfc095abf2de16bf97b57,85.0,3,1786718329783,2026-08-14T21:38:49.783,1,1
11204,588aca26ed1bfc095abf2de16bf97b57,86.0,3,1786718330784,2026-08-14T21:38:50.784,1,1
11205,588aca26ed1bfc095abf2de16bf97b57,87.0,3,1786718331782,2026-08-14T21:38:51.782,1,1
11206,588aca26ed1bfc095abf2de16bf97b57,87.0,3,1786718332783,2026-08-14T21:38:52.783,1,1
11207,588aca26ed1bfc095abf2de16bf97b57,88.0,3,1786718333783,2026-08-14T21:38:53.783,1,1
11208,588aca26ed1bfc095abf2de16bf97b57,88.0,3,1786718334786,2026-08-14T21:38:54.786,1,1
11209,588aca26ed1bfc095abf2de16bf97b57,88.0,3,1786718335790,2026-08-14T21:38:55.790,1,1
11210,588aca26ed1bfc095abf2de16bf97b57,89.0,3,1786718336789,2026-08-14T21:38:56.789,1,1
11211,588aca26ed1bfc095abf2de16bf97b57,90.0,3,1786718337787,2026-08-14T21:38:57.787,1,1
11212,588aca26ed1bfc095abf2de16bf97b57,89.0,3,1786718338789,2026-08-14T21:38:58.789,1,1
11213,588aca26ed1bfc095abf2de16bf97b57,89.0,3,1786718339785,2026-08-14T21:38:59.785,1,1
11214,588aca26ed1bfc095abf2de16bf97b57,88.0,3,1786718340788,2026-08-14T21:39:00.788,1,1
11215,588aca26ed1bfc095abf2de16bf97b57,88.0,3,1786718341787,2026-08-14T21:39:01.787,1,1
11216,588aca26ed1bfc095abf2de16bf97b57,87.0,3,1786718342783,2026-08-14T21:39:02.783,1,1
11217,588aca26ed1bfc095abf2de16bf97b57,87.0,3,1786718343783,2026-08-14T21:39:03.783,1,1
11218,588aca26ed1bfc095abf2de16bf97b57,86.0,3,1786718344784,2026-08-14T21:39:04.784,1,1
11219,588aca26ed1bfc095abf2de16bf97b57,85.0,3,1786718345783,2026-08-14T21:39:05.783,1,1
11220,588aca26ed1bfc095abf2de16bf97b57,85.0,3,1786718346783,2026-08-14T21:39:06.783,1,1
11221,588aca26ed1bfc095abf2de16bf97b57,84.0,3,1786718347789,2026-08-14T21:39:07.789,1,1
11222,588aca26ed1bfc095abf2de16bf97b57,85.0,3,1786718348783,2026-08-14T21:39:08.783,1,1
11223,588aca26ed1bfc095abf2de16bf97b57,84.0,3,1786718349784,2026-08-14T21:39:09.784,1,1
11224,588aca26ed1bfc095abf2de16bf97b57,85.0,3,1786718350784,2026-08-14T21:39:10.784,1,1
11225,588aca26ed1bfc095abf2de16bf97b57,86.0,3,1786718351783,2026-08-14T21:39:11.783,1,1
11226,588aca26ed1bfc095abf2de16bf97b57,87.0,3,1786718352783,2026-08-14T21:39:12.783,1,1
11227,588aca26ed1bfc095abf2de16bf97b57,89.0,3,1786718353783,2026-08-14T21:39:13.783,1,1
11228,588aca26ed1bfc095abf2de16bf97b57,90.0,3,1786718354784,2026-08-14T21:39:14.784,1,1
11229,588aca26ed1bfc095abf2de16bf97b57,93.0,3,1786718355783,2026-08-14T21:39:15.783,1,1
11230,588aca26ed1bfc095abf2de16bf97b57,94.0,3,1786718356783,2026-08-14T21:39:16.783,1,1
11231,588aca26ed1bfc095abf2de16bf97b57,96.0,3,1786718357783,2026-08-14T21:39:17.783,1,1
11232,588aca26ed1bfc095abf2de16bf97b57,97.0,3,1786718358783,2026-08-14T21:39:18.783,1,1
11233,588aca26ed1bfc095abf2de16bf97b57,97.0,3,1786718359783,2026-08-14T21:39:19.783,1,1
11234,588aca26ed1bfc095abf2de16bf97b57,96.0,3,1786718360784,2026-08-14T21:39:20.784,1,1
11235,588aca26ed1bfc095abf2de16bf97b57,95.0,3,1786718361784,2026-08-14T21:39:21.784,1,1
11236,588aca26ed1bfc095abf2de16bf97b57,94.0,3,1786718362789,2026-08-14T21:39:22.789,1,1
11237,588aca26ed1bfc095abf2de16bf97b57,93.0,3,1786718363792,2026-08-14T21:39:23.792,1,1
11238,588aca26ed1bfc095abf2de16bf97b57,92.0,3,1786718364791,2026-08-14T21:39:24.791,1,1
11239,588aca26ed1bfc095abf2de16bf97b57,90.0,3,1786718365791,2026-08-14T21:39:25.791,1,1
11240,588aca26ed1bfc095abf2de16bf97b57,90.0,3,1786718366790,2026-08-14T21:39:26.790,1,1
11241,588aca26ed1bfc095abf2de16bf97b57,89.0,3,1786718367797,2026-08-14T21:39:27.797,1,1
11242,588aca26ed1bfc095abf2de16bf97b57,88.0,3,1786718368788,2026-08-14T21:39:28.788,1,1
11243,588aca26ed1bfc095abf2de16bf97b57,87.0,3,1786718369787,2026-08-14T21:39:29.787,1,1
11244,588aca26ed1bfc095abf2de16bf97b57,86.0,3,1786718370787,2026-08-14T21:39:30.787,1,1
11245,588aca26ed1bfc095abf2de16bf97b57,85.0,3,1786718371786,2026-08-14T21:39:31.786,1,1
11246,588aca26ed1bfc095abf2de16bf97b57,84.0,3,1786718372784,2026-08-14T21:39:32.784,1,1
11247,588aca26ed1bfc095abf2de16bf97b57,83.0,3,1786718373784,2026-08-14T21:39:33.784,1,1
11248,588aca26ed1bfc095abf2de16bf97b57,83.0,3,1786718374783,2026-08-14T21:39:34.783,1,1
11249,588aca26ed1bfc095abf2de16bf97b57,83.0,3,1786718375783,2026-08-14T21:39:35.783,1,1
11250,588aca26ed1bfc095abf2de16bf97b57,84.0,3,1786718376785,2026-08-14T21:39:36.785,1,1
11251,588aca26ed1bfc095abf2de16bf97b57,85.0,3,1786718377783,2026-08-14T21:39:37.783,1,1
11252,588aca26ed1bfc095abf2de16bf97b57,86.0,3,1786718378783,2026-08-14T21:39:38.783,1,1
11253,588aca26ed1bfc095abf2de16bf97b57,86.0,3,1786718379783,2026-08-14T21:39:39.783,1,1
11254,588aca26ed1bfc095abf2de16bf97b57,86.0,3,1786718380783,2026-08-14T21:39:40.783,1,1
11255,588aca26ed1bfc095abf2de16bf97b57,85.0,3,1786718381783,2026-08-14T21:39:41.783,1,1
11256,588aca26ed1bfc095abf2de16bf97b57,85.0,3,1786718382786,2026-08-14T21:39:42.786,1,1
11257,588aca26ed1bfc095abf2de16bf97b57,85.0,3,1786718383783,2026-08-14T21:39:43.783,1,1
11258,588aca26ed1bfc095abf2de16bf97b57,84.0,3,1786718384785,2026-08-14T21:39:44.785,1,1
11259,588aca26ed1bfc095abf2de16bf97b57,83.0,3,1786718385784,2026-08-14T21:39:45.784,1,1
11260,588aca26ed1bfc095abf2de16bf97b57,82.0,3,1786718386783,2026-08-14T21:39:46.783,1,1
11261,588aca26ed1bfc095abf2de16bf97b57,82.0,3,1786718387783,2026-08-14T21:39:47.783,1,1
11262,588aca26ed1bfc095abf2de16bf97b57,82.0,3,1786718388783,2026-08-14T21:39:48.783,1,1
11263,588aca26ed1bfc095abf2de16bf97b57,83.0,3,1786718389785,2026-08-14T21:39:49.785,1,1
11264,588aca26ed1bfc095abf2de16bf97b57,83.0,3,1786718390783,2026-08-14T21:39:50.783,1,1
11265,588aca26ed1bfc095abf2de16bf97b57,83.0,3,1786718391783,2026-08-14T21:39:51.783,1,1
11266,588aca26ed1bfc095abf2de16bf97b57,84.0,3,1786718392784,2026-08-14T21:39:52.784,1,1
11267,588aca26ed1bfc095abf2de16bf97b57,85.0,3,1786718393783,2026-08-14T21:39:53.783,1,1
11268,588aca26ed1bfc095abf2de16bf97b57,85.0,3,1786718394784,2026-08-14T21:39:54.784,1,1
11269,588aca26ed1bfc095abf2de16bf97b57,85.0,3,1786718395783,2026-08-14T21:39:55.783,1,1
11270,588aca26ed1bfc095abf2de16bf97b57,85.0,3,1786718396783,2026-08-14T21:39:56.783,1,1
11271,588aca26ed1bfc095abf2de16bf97b57,84.0,3,1786718397802,2026-08-14T21:39:57.802,1,1
11272,588aca26ed1bfc095abf2de16bf97b57,84.0,3,1786718398802,2026-08-14T21:39:58.802,1,1
11273,588aca26ed1bfc095abf2de16bf97b57,83.0,3,1786718399801,2026-08-14T21:39:59.801,1,1
11274,588aca26ed1bfc095abf2de16bf97b57,83.0,3,1786718400794,2026-08-14T21:40:00.794,1,0
11275,588aca26ed1bfc095abf2de16bf97b57,83.0,3,1786718401789,2026-08-14T21:40:01.789,1,1
11276,588aca26ed1bfc095abf2de16bf97b57,82.0,3,1786718402789,2026-08-14T21:40:02.789,1,1
11277,588aca26ed1bfc095abf2de16bf97b57,82.0,3,1786718403787,2026-08-14T21:40:03.787,1,1
11278,588aca26ed1bfc095abf2de16bf97b57,82.0,3,1786718404785,2026-08-14T21:40:04.785,1,1
11279,588aca26ed1bfc095abf2de16bf97b57,83.0,3,1786718405784,2026-08-14T21:40:05.784,1,1
11280,588aca26ed1bfc095abf2de16bf97b57,83.0,3,1786718406784,2026-08-14T21:40:06.784,1,1
11281,588aca26ed1bfc095abf2de16bf97b57,83.0,3,1786718407783,2026-08-14T21:40:07.783,1,1
11282,588aca26ed1bfc095abf2de16bf97b57,83.0,3,1786718408783,2026-08-14T21:40:08.783,1,1
11283,588aca26ed1bfc095abf2de16bf97b57,84.0,3,1786718409783,2026-08-14T21:40:09.783,1,1
11284,588aca26ed1bfc095abf2de16bf97b57,85.0,3,1786718410784,2026-08-14T21:40:10.784,1,1
11285,588aca26ed1bfc095abf2de16bf97b57,85.0,3,1786718411783,2026-08-14T21:40:11.783,1,1
11286,588aca26ed1bfc095abf2de16bf97b57,85.0,3,1786718412783,2026-08-14T21:40:12.783,1,1
11287,588aca26ed1bfc095abf2de16bf97b57,85.0,3,1786718413783,2026-08-14T21:40:13.783,1,1
11288,588aca26ed1bfc095abf2de16bf97b57,85.0,3,1786718414784,2026-08-14T21:40:14.784,1,1
11289,588aca26ed1bfc095abf2de16bf97b57,85.0,3,1786718415784,2026-08-14T21:40:15.784,1,1
11290,588aca26ed1bfc095abf2de16bf97b57,85.0,3,1786718416785,2026-08-14T21:40:16.785,1,1
11291,588aca26ed1bfc095abf2de16bf97b57,85.0,3,1786718417783,2026-08-14T21:40:17.783,1,1
11292,588aca26ed1bfc095abf2de16bf97b57,85.0,3,1786718418783,2026-08-14T21:40:18.783,1,1
11293,588aca26ed1bfc095abf2de16bf97b57,85.0,3,1786718419783,2026-08-14T21:40:19.783,1,1
11294,588aca26ed1bfc095abf2de16bf97b57,85.0,3,1786718420784,2026-08-14T21:40:20.784,1,1
11295,588aca26ed1bfc095abf2de16bf97b57,85.0,3,1786718421783,2026-08-14T21:40:21.783,1,1
11296,588aca26ed1bfc095abf2de16bf97b57,84.0,3,1786718422783,2026-08-14T21:40:22.783,1,1
11297,588aca26ed1bfc095abf2de16bf97b57,84.0,3,1786718423783,2026-08-14T21:40:23.783,1,1
11298,588aca26ed1bfc095abf2de16bf97b57,83.0,3,1786718424783,2026-08-14T21:40:24.783,1,1
11299,588aca26ed1bfc095abf2de16bf97b57,83.0,3,1786718425783,2026-08-14T21:40:25.783,1,1
11300,588aca26ed1bfc095abf2de16bf97b57,83.0,3,1786718426783,2026-08-14T21:40:26.783,1,1
11301,588aca26ed1bfc095abf2de16bf97b57,84.0,3,1786718427783,2026-08-14T21:40:27.783,1,1
11302,588aca26ed1bfc095abf2de16bf97b57,85.0,3,1786718428783,2026-08-14T21:40:28.783,0,1
11303,588aca26ed1bfc095abf2de16bf97b57,86.0,3,1786718429791,2026-08-14T21:40:29.791,0,1
11304,588aca26ed1bfc095abf2de16bf97b57,86.0,3,1786718430791,2026-08-14T21:40:30.791,0,1
11305,588aca26ed1bfc095abf2de16bf97b57,86.0,3,1786718431787,2026-08-14T21:40:31.787,0,1
11306,588aca26ed1bfc095abf2de16bf97b57,85.0,3,1786718432787,2026-08-14T21:40:32.787,0,1
