id,device_id,record_id,bpm,accuracy,time_ms,time_iso
10897,588aca26ed1bfc095abf2de16bf97b57,6314,98.0,-1,1786605491724,2026-08-13T14:18:11.724
10898,588aca26ed1bfc095abf2de16bf97b57,6315,98.0,-1,1786605492724,2026-08-13T14:18:12.724
10899,588aca26ed1bfc095abf2de16bf97b57,6316,98.0,-1,1786605493725,2026-08-13T14:18:13.725
10900,588aca26ed1bfc095abf2de16bf97b57,6317,98.0,-1,1786605494723,2026-08-13T14:18:14.723
10901,588aca26ed1bfc095abf2de16bf97b57,6318,98.0,-1,1786605495724,2026-08-13T14:18:15.724
10902,588aca26ed1bfc095abf2de16bf97b57,6319,104.0,3,1786605496724,2026-08-13T14:18:16.724
10903,588aca26ed1bfc095abf2de16bf97b57,6320,103.0,3,1786605497724,2026-08-13T14:18:17.724
10904,588aca26ed1bfc095abf2de16bf97b57,6321,101.0,3,1786605498724,2026-08-13T14:18:18.724
10905,588aca26ed1bfc095abf2de16bf97b57,6322,100.0,3,1786605499724,2026-08-13T14:18:19.724
10906,588aca26ed1bfc095abf2de16bf97b57,6323,100.0,3,1786605500732,2026-08-13T14:18:20.732
10907,588aca26ed1bfc095abf2de16bf97b57,6324,100.0,3,1786605501731,2026-08-13T14:18:21.731
10908,588aca26ed1bfc095abf2de16bf97b57,6325,100.0,3,1786605502730,2026-08-13T14:18:22.730
10909,588aca26ed1bfc095abf2de16bf97b57,6326,100.0,3,1786605503728,2026-08-13T14:18:23.728
10910,588aca26ed1bfc095abf2de16bf97b57,6327,99.0,3,1786605504726,2026-08-13T14:18:24.726
10911,588aca26ed1bfc095abf2de16bf97b57,6328,98.0,3,1786605505725,2026-08-13T14:18:25.725
10912,588aca26ed1bfc095abf2de16bf97b57,6329,98.0,3,1786605506724,2026-08-13T14:18:26.724
10913,588aca26ed1bfc095abf2de16bf97b57,6330,96.0,3,1786605507724,2026-08-13T14:18:27.724
10914,588aca26ed1bfc095abf2de16bf97b57,6331,97.0,3,1786605508724,2026-08-13T14:18:28.724
10915,588aca26ed1bfc095abf2de16bf97b57,6332,98.0,3,1786605509724,2026-08-13T14:18:29.724
10916,588aca26ed1bfc095abf2de16bf97b57,6333,99.0,3,1786605510736,2026-08-13T14:18:30.736
10917,588aca26ed1bfc095abf2de16bf97b57,6334,99.0,3,1786605511724,2026-08-13T14:18:31.724
10918,588aca26ed1bfc095abf2de16bf97b57,6335,98.0,3,1786605512723,2026-08-13T14:18:32.723
10919,588aca26ed1bfc095abf2de16bf97b57,6336,97.0,3,1786605513723,2026-08-13T14:18:33.723
10920,588aca26ed1bfc095abf2de16bf97b57,6337,96.0,3,1786605514724,2026-08-13T14:18:34.724
10921,588aca26ed1bfc095abf2de16bf97b57,6338,95.0,3,1786605515726,2026-08-13T14:18:35.726
10922,588aca26ed1bfc095abf2de16bf97b57,6339,96.0,3,1786605516724,2026-08-13T14:18:36.724
10923,588aca26ed1bfc095abf2de16bf97b57,6340,96.0,3,1786605517725,2026-08-13T14:18:37.725
10924,588aca26ed1bfc095abf2de16bf97b57,6341,97.0,3,1786605518724,2026-08-13T14:18:38.724
10925,588aca26ed1bfc095abf2de16bf97b57,6342,96.0,3,1786605519724,2026-08-13T14:18:39.724
10926,588aca26ed1bfc095abf2de16bf97b57,6343,96.0,3,1786605520724,2026-08-13T14:18:40.724
10927,588aca26ed1bfc095abf2de16bf97b57,6344,96.0,3,1786605521724,2026-08-13T14:18:41.724
10928,588aca26ed1bfc095abf2de16bf97b57,6345,95.0,3,1786605522724,2026-08-13T14:18:42.724
10929,588aca26ed1bfc095abf2de16bf97b57,6346,96.0,3,1786605523732,2026-08-13T14:18:43.732
10930,588aca26ed1bfc095abf2de16bf97b57,6347,97.0,3,1786605524732,2026-08-13T14:18:44.732
10931,588aca26ed1bfc095abf2de16bf97b57,6348,98.0,3,1786605525731,2026-08-13T14:18:45.731
10932,588aca26ed1bfc095abf2de16bf97b57,6349,98.0,3,1786605526731,2026-08-13T14:18:46.731
10933,588aca26ed1bfc095abf2de16bf97b57,6350,99.0,3,1786605527727,2026-08-13T14:18:47.727
10934,588aca26ed1bfc095abf2de16bf97b57,6351,98.0,3,1786605528728,2026-08-13T14:18:48.728
10935,588aca26ed1bfc095abf2de16bf97b57,6352,98.0,3,1786605529727,2026-08-13T14:18:49.727
10936,588aca26ed1bfc095abf2de16bf97b57,6353,98.0,3,1786605530726,2026-08-13T14:18:50.726
10937,588aca26ed1bfc095abf2de16bf97b57,6354,98.0,3,1786605531724,2026-08-13T14:18:51.724
10938,588aca26ed1bfc095abf2de16bf97b57,6355,98.0,3,1786605532723,2026-08-13T14:18:52.723
10939,588aca26ed1bfc095abf2de16bf97b57,6356,98.0,3,1786605533724,2026-08-13T14:18:53.724
10940,588aca26ed1bfc095abf2de16bf97b57,6357,97.0,3,1786605534724,2026-08-13T14:18:54.724
10941,588aca26ed1bfc095abf2de16bf97b57,6358,97.0,3,1786605535724,2026-08-13T14:18:55.724
10942,588aca26ed1bfc095abf2de16bf97b57,6359,96.0,3,1786605536724,2026-08-13T14:18:56.724
10943,588aca26ed1bfc095abf2de16bf97b57,6360,95.0,3,1786605537724,2026-08-13T14:18:57.724
10944,588aca26ed1bfc095abf2de16bf97b57,6361,95.0,3,1786605538725,2026-08-13T14:18:58.725
10945,588aca26ed1bfc095abf2de16bf97b57,6362,95.0,3,1786605539725,2026-08-13T14:18:59.725
10946,588aca26ed1bfc095abf2de16bf97b57,6363,96.0,3,1786605540724,2026-08-13T14:19:00.724
10947,588aca26ed1bfc095abf2de16bf97b57,6364,96.0,3,1786605541724,2026-08-13T14:19:01.724
10948,588aca26ed1bfc095abf2de16bf97b57,6365,95.0,3,1786605542723,2026-08-13T14:19:02.723
10949,588aca26ed1bfc095abf2de16bf97b57,6366,94.0,3,1786605543724,2026-08-13T14:19:03.724
10950,588aca26ed1bfc095abf2de16bf97b57,6367,94.0,3,1786605544724,2026-08-13T14:19:04.724
10951,588aca26ed1bfc095abf2de16bf97b57,6368,94.0,3,1786605545724,2026-08-13T14:19:05.724
10952,588aca26ed1bfc095abf2de16bf97b57,6369,94.0,3,1786605546724,2026-08-13T14:19:06.724
10953,588aca26ed1bfc095abf2de16bf97b57,6370,94.0,3,1786605547724,2026-08-13T14:19:07.724
10954,588aca26ed1bfc095abf2de16bf97b57,6371,94.0,3,1786605548725,2026-08-13T14:19:08.725
10955,588aca26ed1bfc095abf2de16bf97b57,6372,94.0,3,1786605549724,2026-08-13T14:19:09.724
10956,588aca26ed1bfc095abf2de16bf97b57,6373,94.0,3,1786605550724,2026-08-13T14:19:10.724
10957,588aca26ed1bfc095abf2de16bf97b57,6374,93.0,3,1786605551725,2026-08-13T14:19:11.725
10958,588aca26ed1bfc095abf2de16bf97b57,6375,93.0,3,1786605552724,2026-08-13T14:19:12.724
10959,588aca26ed1bfc095abf2de16bf97b57,6376,93.0,3,1786605553724,2026-08-13T14:19:13.724
10960,588aca26ed1bfc095abf2de16bf97b57,6377,93.0,3,1786605554724,2026-08-13T14:19:14.724
10961,588aca26ed1bfc095abf2de16bf97b57,6378,93.0,3,1786605555731,2026-08-13T14:19:15.731
10962,588aca26ed1bfc095abf2de16bf97b57,6379,93.0,3,1786605556730,2026-08-13T14:19:16.730
10963,588aca26ed1bfc095abf2de16bf97b57,6380,93.0,3,1786605557729,2026-08-13T14:19:17.729
10964,588aca26ed1bfc095abf2de16bf97b57,6381,94.0,3,1786605558725,2026-08-13T14:19:18.725
10965,588aca26ed1bfc095abf2de16bf97b57,6382,94.0,3,1786605559726,2026-08-13T14:19:19.726
10966,588aca26ed1bfc095abf2de16bf97b57,6383,94.0,3,1786605560725,2026-08-13T14:19:20.725
10967,588aca26ed1bfc095abf2de16bf97b57,6384,94.0,3,1786605561724,2026-08-13T14:19:21.724
10968,588aca26ed1bfc095abf2de16bf97b57,6385,94.0,3,1786605562724,2026-08-13T14:19:22.724
10969,588aca26ed1bfc095abf2de16bf97b57,6386,95.0,3,1786605563724,2026-08-13T14:19:23.724
10970,588aca26ed1bfc095abf2de16bf97b57,6387,95.0,3,1786605564724,2026-08-13T14:19:24.724
10971,588aca26ed1bfc095abf2de16bf97b57,6388,95.0,3,1786605565724,2026-08-13T14:19:25.724
10972,588aca26ed1bfc095abf2de16bf97b57,6389,96.0,3,1786605566726,2026-08-13T14:19:26.726
10973,588aca26ed1bfc095abf2de16bf97b57,6390,97.0,3,1786605567724,2026-08-13T14:19:27.724
10974,588aca26ed1bfc095abf2de16bf97b57,6391,97.0,3,1786605568724,2026-08-13T14:19:28.724
10975,588aca26ed1bfc095abf2de16bf97b57,6392,98.0,3,1786605569724,2026-08-13T14:19:29.724
10976,588aca26ed1bfc095abf2de16bf97b57,6393,98.0,3,1786605570724,2026-08-13T14:19:30.724
10977,588aca26ed1bfc095abf2de16bf97b57,6394,98.0,3,1786605571724,2026-08-13T14:19:31.724
10978,588aca26ed1bfc095abf2de16bf97b57,6395,99.0,3,1786605572725,2026-08-13T14:19:32.725
10979,588aca26ed1bfc095abf2de16bf97b57,6396,99.0,3,1786605573724,2026-08-13T14:19:33.724
10980,588aca26ed1bfc095abf2de16bf97b57,6397,98.0,3,1786605574723,2026-08-13T14:19:34.723
10981,588aca26ed1bfc095abf2de16bf97b57,6398,98.0,3,1786605575724,2026-08-13T14:19:35.724
10982,588aca26ed1bfc095abf2de16bf97b57,6399,99.0,3,1786605576725,2026-08-13T14:19:36.725
10983,588aca26ed1bfc095abf2de16bf97b57,6400,99.0,3,1786605577731,2026-08-13T14:19:37.731
10984,588aca26ed1bfc095abf2de16bf97b57,6401,98.0,3,1786605578732,2026-08-13T14:19:38.732
10985,588aca26ed1bfc095abf2de16bf97b57,6402,98.0,3,1786605579731,2026-08-13T14:19:39.731
10986,588aca26ed1bfc095abf2de16bf97b57,6403,98.0,3,1786605580738,2026-08-13T14:19:40.738
10987,588aca26ed1bfc095abf2de16bf97b57,6404,97.0,3,1786605581728,2026-08-13T14:19:41.728
10988,588aca26ed1bfc095abf2de16bf97b57,6405,96.0,3,1786605582727,2026-08-13T14:19:42.727
10989,588aca26ed1bfc095abf2de16bf97b57,6406,96.0,3,1786605583726,2026-08-13T14:19:43.726
10990,588aca26ed1bfc095abf2de16bf97b57,6407,96.0,3,1786605584725,2026-08-13T14:19:44.725
10991,588aca26ed1bfc095abf2de16bf97b57,6408,95.0,3,1786605585724,2026-08-13T14:19:45.724
10992,588aca26ed1bfc095abf2de16bf97b57,6409,97.0,3,1786605586724,2026-08-13T14:19:46.724
10993,588aca26ed1bfc095abf2de16bf97b57,6410,98.0,3,1786605587724,2026-08-13T14:19:47.724
10994,588aca26ed1bfc095abf2de16bf97b57,6411,98.0,3,1786605588724,2026-08-13T14:19:48.724
10995,588aca26ed1bfc095abf2de16bf97b57,6412,99.0,3,1786605589728,2026-08-13T14:19:49.728
10996,588aca26ed1bfc095abf2de16bf97b57,6413,99.0,3,1786605590725,2026-08-13T14:19:50.725
10997,588aca26ed1bfc095abf2de16bf97b57,6414,100.0,3,1786605591725,2026-08-13T14:19:51.725
10998,588aca26ed1bfc095abf2de16bf97b57,6415,100.0,3,1786605592723,2026-08-13T14:19:52.723
10999,588aca26ed1bfc095abf2de16bf97b57,6416,99.0,3,1786605593724,2026-08-13T14:19:53.724
11000,588aca26ed1bfc095abf2de16bf97b57,6417,98.0,3,1786605594724,2026-08-13T14:19:54.724
11001,588aca26ed1bfc095abf2de16bf97b57,6418,97.0,3,1786605595725,2026-08-13T14:19:55.725
11002,588aca26ed1bfc095abf2de16bf97b57,6419,96.0,3,1786605596724,2026-08-13T14:19:56.724
11003,588aca26ed1bfc095abf2de16bf97b57,6420,97.0,3,1786605597724,2026-08-13T14:19:57.724
11004,588aca26ed1bfc095abf2de16bf97b57,6421,96.0,3,1786605598724,2026-08-13T14:19:58.724
11005,588aca26ed1bfc095abf2de16bf97b57,6422,95.0,3,1786605599723,2026-08-13T14:19:59.723
11006,588aca26ed1bfc095abf2de16bf97b57,6423,94.0,3,1786605600731,2026-08-13T14:20:00.731
11007,588aca26ed1bfc095abf2de16bf97b57,6424,94.0,3,1786605601732,2026-08-13T14:20:01.732
11008,588aca26ed1bfc095abf2de16bf97b57,6425,94.0,3,1786605602730,2026-08-13T14:20:02.730
11009,588aca26ed1bfc095abf2de16bf97b57,6426,94.0,3,1786605603729,2026-08-13T14:20:03.729
11010,588aca26ed1bfc095abf2de16bf97b57,6427,94.0,3,1786605604724,2026-08-13T14:20:04.724
11011,588aca26ed1bfc095abf2de16bf97b57,6428,94.0,3,1786605605725,2026-08-13T14:20:05.725
11012,588aca26ed1bfc095abf2de16bf97b57,6429,95.0,3,1786605606724,2026-08-13T14:20:06.724
11013,588aca26ed1bfc095abf2de16bf97b57,6430,95.0,3,1786605607724,2026-08-13T14:20:07.724
11014,588aca26ed1bfc095abf2de16bf97b57,6431,95.0,3,1786605608723,2026-08-13T14:20:08.723
11015,588aca26ed1bfc095abf2de16bf97b57,6432,96.0,3,1786605609725,2026-08-13T14:20:09.725
11016,588aca26ed1bfc095abf2de16bf97b57,6433,96.0,3,1786605610725,2026-08-13T14:20:10.725
11017,588aca26ed1bfc095abf2de16bf97b57,6434,95.0,3,1786605611725,2026-08-13T14:20:11.725
11018,588aca26ed1bfc095abf2de16bf97b57,6435,94.0,3,1786605612724,2026-08-13T14:20:12.724
11019,588aca26ed1bfc095abf2de16bf97b57,6436,94.0,3,1786605613724,2026-08-13T14:20:13.724
11020,588aca26ed1bfc095abf2de16bf97b57,6437,95.0,3,1786605614724,2026-08-13T14:20:14.724
11021,588aca26ed1bfc095abf2de16bf97b57,6438,95.0,3,1786605615724,2026-08-13T14:20:15.724
11022,588aca26ed1bfc095abf2de16bf97b57,6439,94.0,3,1786605616725,2026-08-13T14:20:16.725
11023,588aca26ed1bfc095abf2de16bf97b57,6440,93.0,3,1786605617724,2026-08-13T14:20:17.724
11024,588aca26ed1bfc095abf2de16bf97b57,6441,95.0,3,1786605618724,2026-08-13T14:20:18.724
11025,588aca26ed1bfc095abf2de16bf97b57,6442,96.0,3,1786605619724,2026-08-13T14:20:19.724
11026,588aca26ed1bfc095abf2de16bf97b57,6443,97.0,3,1786605620724,2026-08-13T14:20:20.724
11027,588aca26ed1bfc095abf2de16bf97b57,6444,98.0,3,1786605621725,2026-08-13T14:20:21.725
11028,588aca26ed1bfc095abf2de16bf97b57,6445,99.0,3,1786605622735,2026-08-13T14:20:22.735
11029,588aca26ed1bfc095abf2de16bf97b57,6446,99.0,3,1786605623732,2026-08-13T14:20:23.732
11030,588aca26ed1bfc095abf2de16bf97b57,6447,99.0,3,1786605624731,2026-08-13T14:20:24.731
11031,588aca26ed1bfc095abf2de16bf97b57,6448,99.0,3,1786605625729,2026-08-13T14:20:25.729
11032,588aca26ed1bfc095abf2de16bf97b57,6449,99.0,3,1786605626725,2026-08-13T14:20:26.725
11033,588aca26ed1bfc095abf2de16bf97b57,6450,98.0,3,1786605627725,2026-08-13T14:20:27.725
11034,588aca26ed1bfc095abf2de16bf97b57,6451,98.0,3,1786605628724,2026-08-13T14:20:28.724
11035,588aca26ed1bfc095abf2de16bf97b57,6452,97.0,3,1786605629724,2026-08-13T14:20:29.724
11036,588aca26ed1bfc095abf2de16bf97b57,6453,97.0,3,1786605630723,2026-08-13T14:20:30.723
11037,588aca26ed1bfc095abf2de16bf97b57,6454,96.0,3,1786605631724,2026-08-13T14:20:31.724
11038,588aca26ed1bfc095abf2de16bf97b57,6455,96.0,3,1786605632727,2026-08-13T14:20:32.727
11039,588aca26ed1bfc095abf2de16bf97b57,6456,96.0,3,1786605633724,2026-08-13T14:20:33.724
11040,588aca26ed1bfc095abf2de16bf97b57,6457,96.0,3,1786605634724,2026-08-13T14:20:34.724
11041,588aca26ed1bfc095abf2de16bf97b57,6458,96.0,3,1786605635723,2026-08-13T14:20:35.723
11042,588aca26ed1bfc095abf2de16bf97b57,6459,95.0,3,1786605636724,2026-08-13T14:20:36.724
11043,588aca26ed1bfc095abf2de16bf97b57,6460,96.0,3,1786605637724,2026-08-13T14:20:37.724
11044,588aca26ed1bfc095abf2de16bf97b57,6461,96.0,3,1786605638724,2026-08-13T14:20:38.724
11045,588aca26ed1bfc095abf2de16bf97b57,6462,96.0,3,1786605639724,2026-08-13T14:20:39.724
11046,588aca26ed1bfc095abf2de16bf97b57,6463,96.0,3,1786605640724,2026-08-13T14:20:40.724
11047,588aca26ed1bfc095abf2de16bf97b57,6464,96.0,3,1786605641724,2026-08-13T14:20:41.724
11048,588aca26ed1bfc095abf2de16bf97b57,6465,96.0,3,1786605642724,2026-08-13T14:20:42.724
11049,588aca26ed1bfc095abf2de16bf97b57,6466,96.0,3,1786605643724,2026-08-13T14:20:43.724
11050,588aca26ed1bfc095abf2de16bf97b57,6467,96.0,3,1786605644725,2026-08-13T14:20:44.725
11051,588aca26ed1bfc095abf2de16bf97b57,6468,96.0,3,1786605645733,2026-08-13T14:20:45.733
11052,588aca26ed1bfc095abf2de16bf97b57,6469,96.0,3,1786605646731,2026-08-13T14:20:46.731
11053,588aca26ed1bfc095abf2de16bf97b57,6470,95.0,3,1786605647732,2026-08-13T14:20:47.732
11054,588aca26ed1bfc095abf2de16bf97b57,6471,94.0,3,1786605648730,2026-08-13T14:20:48.730
11055,588aca26ed1bfc095abf2de16bf97b57,6472,94.0,3,1786605649724,2026-08-13T14:20:49.724
11056,588aca26ed1bfc095abf2de16bf97b57,6473,93.0,3,1786605650725,2026-08-13T14:20:50.725
11057,588aca26ed1bfc095abf2de16bf97b57,6474,94.0,3,1786605651727,2026-08-13T14:20:51.727
11058,588aca26ed1bfc095abf2de16bf97b57,6475,95.0,3,1786605652726,2026-08-13T14:20:52.726
11059,588aca26ed1bfc095abf2de16bf97b57,6476,95.0,3,1786605653725,2026-08-13T14:20:53.725
11060,588aca26ed1bfc095abf2de16bf97b57,6477,95.0,3,1786605654724,2026-08-13T14:20:54.724
11061,588aca26ed1bfc095abf2de16bf97b57,6478,95.0,3,1786605655724,2026-08-13T14:20:55.724
11062,588aca26ed1bfc095abf2de16bf97b57,6479,96.0,3,1786605656724,2026-08-13T14:20:56.724
11063,588aca26ed1bfc095abf2de16bf97b57,6480,97.0,3,1786605657724,2026-08-13T14:20:57.724
11064,588aca26ed1bfc095abf2de16bf97b57,6481,98.0,3,1786605658723,2026-08-13T14:20:58.723
11065,588aca26ed1bfc095abf2de16bf97b57,6482,99.0,3,1786605659726,2026-08-13T14:20:59.726
11066,588aca26ed1bfc095abf2de16bf97b57,6483,99.0,3,1786605660724,2026-08-13T14:21:00.724
11067,588aca26ed1bfc095abf2de16bf97b57,6484,99.0,3,1786605661726,2026-08-13T14:21:01.726
11068,588aca26ed1bfc095abf2de16bf97b57,6485,98.0,3,1786605662726,2026-08-13T14:21:02.726
11069,588aca26ed1bfc095abf2de16bf97b57,6486,97.0,3,1786605663725,2026-08-13T14:21:03.725
11070,588aca26ed1bfc095abf2de16bf97b57,6487,98.0,3,1786605664724,2026-08-13T14:21:04.724
11071,588aca26ed1bfc095abf2de16bf97b57,6488,97.0,3,1786605665723,2026-08-13T14:21:05.723
11072,588aca26ed1bfc095abf2de16bf97b57,6489,97.0,3,1786605666726,2026-08-13T14:21:06.726
11073,588aca26ed1bfc095abf2de16bf97b57,6490,97.0,3,1786605667723,2026-08-13T14:21:07.723
11074,588aca26ed1bfc095abf2de16bf97b57,6491,97.0,3,1786605668723,2026-08-13T14:21:08.723
11075,588aca26ed1bfc095abf2de16bf97b57,6492,96.0,3,1786605669723,2026-08-13T14:21:09.723
11076,588aca26ed1bfc095abf2de16bf97b57,6493,95.0,3,1786605670723,2026-08-13T14:21:10.723
11077,588aca26ed1bfc095abf2de16bf97b57,6494,94.0,3,1786605671724,2026-08-13T14:21:11.724
11078,588aca26ed1bfc095abf2de16bf97b57,6495,93.0,3,1786605672723,2026-08-13T14:21:12.723
11079,588aca26ed1bfc095abf2de16bf97b57,6496,92.0,3,1786605673724,2026-08-13T14:21:13.724
11080,588aca26ed1bfc095abf2de16bf97b57,6497,92.0,3,1786605674724,2026-08-13T14:21:14.724
11081,588aca26ed1bfc095abf2de16bf97b57,6498,92.0,3,1786605675724,2026-08-13T14:21:15.724
11082,588aca26ed1bfc095abf2de16bf97b57,6499,92.0,3,1786605676724,2026-08-13T14:21:16.724
11083,588aca26ed1bfc095abf2de16bf97b57,6500,93.0,3,1786605677724,2026-08-13T14:21:17.724
11084,588aca26ed1bfc095abf2de16bf97b57,6501,93.0,3,1786605678725,2026-08-13T14:21:18.725
11085,588aca26ed1bfc095abf2de16bf97b57,6502,93.0,3,1786605679724,2026-08-13T14:21:19.724
11086,588aca26ed1bfc095abf2de16bf97b57,6503,94.0,3,1786605680732,2026-08-13T14:21:20.732
11087,588aca26ed1bfc095abf2de16bf97b57,6504,94.0,3,1786605681726,2026-08-13T14:21:21.726
11088,588aca26ed1bfc095abf2de16bf97b57,6505,94.0,3,1786605682726,2026-08-13T14:21:22.726
11089,588aca26ed1bfc095abf2de16bf97b57,6506,95.0,3,1786605683725,2026-08-13T14:21:23.725
11090,588aca26ed1bfc095abf2de16bf97b57,6507,95.0,3,1786605684731,2026-08-13T14:21:24.731
11091,588aca26ed1bfc095abf2de16bf97b57,6508,95.0,3,1786605685730,2026-08-13T14:21:25.730
11092,588aca26ed1bfc095abf2de16bf97b57,6509,94.0,3,1786605686730,2026-08-13T14:21:26.730
11093,588aca26ed1bfc095abf2de16bf97b57,6510,94.0,3,1786605687729,2026-08-13T14:21:27.729
11094,588aca26ed1bfc095abf2de16bf97b57,6511,94.0,3,1786605688727,2026-08-13T14:21:28.727
11095,588aca26ed1bfc095abf2de16bf97b57,6512,94.0,3,1786605689729,2026-08-13T14:21:29.729
11096,588aca26ed1bfc095abf2de16bf97b57,6513,94.0,3,1786605690723,2026-08-13T14:21:30.723
11097,588aca26ed1bfc095abf2de16bf97b57,6514,94.0,3,1786605691724,2026-08-13T14:21:31.724
11098,588aca26ed1bfc095abf2de16bf97b57,6515,94.0,3,1786605692728,2026-08-13T14:21:32.728
11099,588aca26ed1bfc095abf2de16bf97b57,6516,95.0,3,1786605693734,2026-08-13T14:21:33.734
11100,588aca26ed1bfc095abf2de16bf97b57,6517,96.0,3,1786605694735,2026-08-13T14:21:34.735
11101,588aca26ed1bfc095abf2de16bf97b57,6518,96.0,3,1786605695725,2026-08-13T14:21:35.725
11102,588aca26ed1bfc095abf2de16bf97b57,6519,97.0,3,1786605696731,2026-08-13T14:21:36.731
11103,588aca26ed1bfc095abf2de16bf97b57,6520,98.0,3,1786605697729,2026-08-13T14:21:37.729
11104,588aca26ed1bfc095abf2de16bf97b57,6521,98.0,3,1786605698724,2026-08-13T14:21:38.724
11105,588aca26ed1bfc095abf2de16bf97b57,6522,97.0,3,1786605699724,2026-08-13T14:21:39.724
11106,588aca26ed1bfc095abf2de16bf97b57,6523,96.0,3,1786605700726,2026-08-13T14:21:40.726
11107,588aca26ed1bfc095abf2de16bf97b57,6524,96.0,3,1786605701724,2026-08-13T14:21:41.724
11108,588aca26ed1bfc095abf2de16bf97b57,6525,95.0,3,1786605702724,2026-08-13T14:21:42.724
11109,588aca26ed1bfc095abf2de16bf97b57,6526,94.0,3,1786605703724,2026-08-13T14:21:43.724
11110,588aca26ed1bfc095abf2de16bf97b57,6527,94.0,3,1786605704724,2026-08-13T14:21:44.724
11111,588aca26ed1bfc095abf2de16bf97b57,6528,95.0,3,1786605705724,2026-08-13T14:21:45.724
11112,588aca26ed1bfc095abf2de16bf97b57,6529,93.0,3,1786605706724,2026-08-13T14:21:46.724
11113,588aca26ed1bfc095abf2de16bf97b57,6530,93.0,3,1786605707724,2026-08-13T14:21:47.724
11114,588aca26ed1bfc095abf2de16bf97b57,6531,93.0,3,1786605708724,2026-08-13T14:21:48.724
11115,588aca26ed1bfc095abf2de16bf97b57,6532,92.0,3,1786605709724,2026-08-13T14:21:49.724
11116,588aca26ed1bfc095abf2de16bf97b57,6533,93.0,3,1786605710724,2026-08-13T14:21:50.724
11117,588aca26ed1bfc095abf2de16bf97b57,6534,93.0,3,1786605711724,2026-08-13T14:21:51.724
11118,588aca26ed1bfc095abf2de16bf97b57,6535,93.0,3,1786605712724,2026-08-13T14:21:52.724
11119,588aca26ed1bfc095abf2de16bf97b57,6536,94.0,3,1786605713725,2026-08-13T14:21:53.725
11120,588aca26ed1bfc095abf2de16bf97b57,6537,95.0,3,1786605714734,2026-08-13T14:21:54.734
11121,588aca26ed1bfc095abf2de16bf97b57,6538,95.0,3,1786605715732,2026-08-13T14:21:55.732
11122,588aca26ed1bfc095abf2de16bf97b57,6539,95.0,3,1786605716730,2026-08-13T14:21:56.730
11123,588aca26ed1bfc095abf2de16bf97b57,6540,96.0,3,1786605717728,2026-08-13T14:21:57.728
11124,588aca26ed1bfc095abf2de16bf97b57,6541,96.0,3,1786605718724,2026-08-13T14:21:58.724
11125,588aca26ed1bfc095abf2de16bf97b57,6542,96.0,3,1786605719724,2026-08-13T14:21:59.724
11126,588aca26ed1bfc095abf2de16bf97b57,6543,95.0,3,1786605720725,2026-08-13T14:22:00.725
11127,588aca26ed1bfc095abf2de16bf97b57,6544,95.0,3,1786605721726,2026-08-13T14:22:01.726
11128,588aca26ed1bfc095abf2de16bf97b57,6545,95.0,3,1786605722725,2026-08-13T14:22:02.725
11129,588aca26ed1bfc095abf2de16bf97b57,6546,95.0,3,1786605723724,2026-08-13T14:22:03.724
11130,588aca26ed1bfc095abf2de16bf97b57,6547,95.0,3,1786605724724,2026-08-13T14:22:04.724
11131,588aca26ed1bfc095abf2de16bf97b57,6548,94.0,3,1786605725724,2026-08-13T14:22:05.724
11132,588aca26ed1bfc095abf2de16bf97b57,6549,94.0,3,1786605726723,2026-08-13T14:22:06.723
11133,588aca26ed1bfc095abf2de16bf97b57,6550,94.0,3,1786605727724,2026-08-13T14:22:07.724
11134,588aca26ed1bfc095abf2de16bf97b57,6551,95.0,3,1786605728724,2026-08-13T14:22:08.724
11135,588aca26ed1bfc095abf2de16bf97b57,6552,96.0,3,1786605729724,2026-08-13T14:22:09.724
11136,588aca26ed1bfc095abf2de16bf97b57,6553,97.0,3,1786605730727,2026-08-13T14:22:10.727
11137,588aca26ed1bfc095abf2de16bf97b57,6554,98.0,3,1786605731725,2026-08-13T14:22:11.725
11138,588aca26ed1bfc095abf2de16bf97b57,6555,98.0,3,1786605732724,2026-08-13T14:22:12.724
11139,588aca26ed1bfc095abf2de16bf97b57,6556,99.0,3,1786605733724,2026-08-13T14:22:13.724
11140,588aca26ed1bfc095abf2de16bf97b57,6557,99.0,3,1786605734724,2026-08-13T14:22:14.724
11141,588aca26ed1bfc095abf2de16bf97b57,6558,100.0,3,1786605735723,2026-08-13T14:22:15.723
11142,588aca26ed1bfc095abf2de16bf97b57,6559,101.0,3,1786605736724,2026-08-13T14:22:16.724
11143,588aca26ed1bfc095abf2de16bf97b57,6560,101.0,3,1786605737724,2026-08-13T14:22:17.724
11144,588aca26ed1bfc095abf2de16bf97b57,6561,100.0,3,1786605738723,2026-08-13T14:22:18.723
11145,588aca26ed1bfc095abf2de16bf97b57,6562,101.0,3,1786605739725,2026-08-13T14:22:19.725
11146,588aca26ed1bfc095abf2de16bf97b57,6563,101.0,3,1786605740723,2026-08-13T14:22:20.723
11147,588aca26ed1bfc095abf2de16bf97b57,6564,101.0,3,1786605741724,2026-08-13T14:22:21.724
11148,588aca26ed1bfc095abf2de16bf97b57,6565,101.0,3,1786605742724,2026-08-13T14:22:22.724
11149,588aca26ed1bfc095abf2de16bf97b57,6566,101.0,3,1786605743724,2026-08-13T14:22:23.724
11150,588aca26ed1bfc095abf2de16bf97b57,6567,101.0,3,1786605744724,2026-08-13T14:22:24.724
11151,588aca26ed1bfc095abf2de16bf97b57,6568,100.0,3,1786605745723,2026-08-13T14:22:25.723
11152,588aca26ed1bfc095abf2de16bf97b57,6569,100.0,3,1786605746723,2026-08-13T14:22:26.723
11153,588aca26ed1bfc095abf2de16bf97b57,6570,100.0,3,1786605747725,2026-08-13T14:22:27.725
11154,588aca26ed1bfc095abf2de16bf97b57,6571,100.0,3,1786605748731,2026-08-13T14:22:28.731
11155,588aca26ed1bfc095abf2de16bf97b57,6572,99.0,3,1786605749731,2026-08-13T14:22:29.731
11156,588aca26ed1bfc095abf2de16bf97b57,6573,98.0,3,1786605750729,2026-08-13T14:22:30.729
11157,588aca26ed1bfc095abf2de16bf97b57,6574,97.0,3,1786605751730,2026-08-13T14:22:31.730
11158,588aca26ed1bfc095abf2de16bf97b57,6575,96.0,3,1786605752729,2026-08-13T14:22:32.729
11159,588aca26ed1bfc095abf2de16bf97b57,6576,96.0,3,1786605753729,2026-08-13T14:22:33.729
11160,588aca26ed1bfc095abf2de16bf97b57,6577,96.0,3,1786605754727,2026-08-13T14:22:34.727
11161,588aca26ed1bfc095abf2de16bf97b57,6578,96.0,3,1786605755726,2026-08-13T14:22:35.726
11162,588aca26ed1bfc095abf2de16bf97b57,6579,96.0,3,1786605756725,2026-08-13T14:22:36.725
11163,588aca26ed1bfc095abf2de16bf97b57,6580,96.0,3,1786605757724,2026-08-13T14:22:37.724
11164,588aca26ed1bfc095abf2de16bf97b57,6581,96.0,3,1786605758723,2026-08-13T14:22:38.723
11165,588aca26ed1bfc095abf2de16bf97b57,6582,97.0,3,1786605759724,2026-08-13T14:22:39.724
11166,588aca26ed1bfc095abf2de16bf97b57,6583,97.0,3,1786605760724,2026-08-13T14:22:40.724
11167,588aca26ed1bfc095abf2de16bf97b57,6584,97.0,3,1786605761724,2026-08-13T14:22:41.724
11168,588aca26ed1bfc095abf2de16bf97b57,6585,97.0,3,1786605762724,2026-08-13T14:22:42.724
11169,588aca26ed1bfc095abf2de16bf97b57,6586,97.0,3,1786605763724,2026-08-13T14:22:43.724
11170,588aca26ed1bfc095abf2de16bf97b57,6587,96.0,3,1786605764726,2026-08-13T14:22:44.726
11171,588aca26ed1bfc095abf2de16bf97b57,6588,96.0,3,1786605765725,2026-08-13T14:22:45.725
11172,588aca26ed1bfc095abf2de16bf97b57,6589,96.0,3,1786605766723,2026-08-13T14:22:46.723
11173,588aca26ed1bfc095abf2de16bf97b57,6590,96.0,3,1786605767723,2026-08-13T14:22:47.723
11174,588aca26ed1bfc095abf2de16bf97b57,6591,95.0,3,1786605768724,2026-08-13T14:22:48.724
11175,588aca26ed1bfc095abf2de16bf97b57,6592,96.0,3,1786605769724,2026-08-13T14:22:49.724
11176,588aca26ed1bfc095abf2de16bf97b57,6593,95.0,3,1786605770724,2026-08-13T14:22:50.724
11177,588aca26ed1bfc095abf2de16bf97b57,6594,95.0,3,1786605771723,2026-08-13T14:22:51.723
11178,588aca26ed1bfc095abf2de16bf97b57,6595,94.0,3,1786605772724,2026-08-13T14:22:52.724
11179,588aca26ed1bfc095abf2de16bf97b57,6596,95.0,3,1786605773723,2026-08-13T14:22:53.723
11180,588aca26ed1bfc095abf2de16bf97b57,6597,95.0,3,1786605774724,2026-08-13T14:22:54.724
11181,588aca26ed1bfc095abf2de16bf97b57,6598,94.0,3,1786605775725,2026-08-13T14:22:55.725
11182,588aca26ed1bfc095abf2de16bf97b57,6599,95.0,3,1786605776733,2026-08-13T14:22:56.733
11183,588aca26ed1bfc095abf2de16bf97b57,6600,95.0,3,1786605777731,2026-08-13T14:22:57.731
11184,588aca26ed1bfc095abf2de16bf97b57,6601,95.0,3,1786605778728,2026-08-13T14:22:58.728
11185,588aca26ed1bfc095abf2de16bf97b57,6602,95.0,3,1786605779725,2026-08-13T14:22:59.725
11186,588aca26ed1bfc095abf2de16bf97b57,6603,95.0,3,1786605780724,2026-08-13T14:23:00.724
11187,588aca26ed1bfc095abf2de16bf97b57,6604,95.0,3,1786605781727,2026-08-13T14:23:01.727
11188,588aca26ed1bfc095abf2de16bf97b57,6605,96.0,3,1786605782726,2026-08-13T14:23:02.726
11189,588aca26ed1bfc095abf2de16bf97b57,6606,96.0,3,1786605783725,2026-08-13T14:23:03.725
11190,588aca26ed1bfc095abf2de16bf97b57,6607,96.0,3,1786605784724,2026-08-13T14:23:04.724
11191,588aca26ed1bfc095abf2de16bf97b57,6608,96.0,3,1786605785724,2026-08-13T14:23:05.724
11192,588aca26ed1bfc095abf2de16bf97b57,6609,95.0,3,1786605786724,2026-08-13T14:23:06.724
11193,588aca26ed1bfc095abf2de16bf97b57,6610,96.0,3,1786605787724,2026-08-13T14:23:07.724
11194,588aca26ed1bfc095abf2de16bf97b57,6611,96.0,3,1786605788724,2026-08-13T14:23:08.724
11195,588aca26ed1bfc095abf2de16bf97b57,6612,95.0,3,1786605789734,2026-08-13T14:23:09.734
11196,588aca26ed1bfc095abf2de16bf97b57,6613,95.0,3,1786605790724,2026-08-13T14:23:10.724
11197,588aca26ed1bfc095abf2de16bf97b57,6614,95.0,3,1786605791724,2026-08-13T14:23:11.724
11198,588aca26ed1bfc095abf2de16bf97b57,6615,94.0,3,1786605792724,2026-08-13T14:23:12.724
11199,588aca26ed1bfc095abf2de16bf97b57,6616,96.0,3,1786605793724,2026-08-13T14:23:13.724
11200,588aca26ed1bfc095abf2de16bf97b57,6617,97.0,3,1786605794724,2026-08-13T14:23:14.724
11201,588aca26ed1bfc095abf2de16bf97b57,6618,97.0,3,1786605795724,2026-08-13T14:23:15.724
11202,588aca26ed1bfc095abf2de16bf97b57,6619,97.0,3,1786605796724,2026-08-13T14:23:16.724
11203,588aca26ed1bfc095abf2de16bf97b57,6620,98.0,3,1786605797724,2026-08-13T14:23:17.724
11204,588aca26ed1bfc095abf2de16bf97b57,6621,98.0,3,1786605798725,2026-08-13T14:23:18.725
11205,588aca26ed1bfc095abf2de16bf97b57,6622,98.0,3,1786605799724,2026-08-13T14:23:19.724
11206,588aca26ed1bfc095abf2de16bf97b57,6623,98.0,3,1786605800724,2026-08-13T14:23:20.724
11207,588aca26ed1bfc095abf2de16bf97b57,6624,97.0,3,1786605801723,2026-08-13T14:23:21.723
11208,588aca26ed1bfc095abf2de16bf97b57,6625,97.0,3,1786605802723,2026-08-13T14:23:22.723
11209,588aca26ed1bfc095abf2de16bf97b57,6626,96.0,3,1786605803723,2026-08-13T14:23:23.723
11210,588aca26ed1bfc095abf2de16bf97b57,6627,96.0,3,1786605804725,2026-08-13T14:23:24.725
11211,588aca26ed1bfc095abf2de16bf97b57,6628,95.0,3,1786605805726,2026-08-13T14:23:25.726
11212,588aca26ed1bfc095abf2de16bf97b57,6629,94.0,3,1786605806732,2026-08-13T14:23:26.732
11213,588aca26ed1bfc095abf2de16bf97b57,6630,93.0,3,1786605807733,2026-08-13T14:23:27.733
11214,588aca26ed1bfc095abf2de16bf97b57,6631,92.0,3,1786605808729,2026-08-13T14:23:28.729
11215,588aca26ed1bfc095abf2de16bf97b57,6632,91.0,3,1786605809728,2026-08-13T14:23:29.728
11216,588aca26ed1bfc095abf2de16bf97b57,6633,90.0,3,1786605810727,2026-08-13T14:23:30.727
11217,588aca26ed1bfc095abf2de16bf97b57,6634,90.0,3,1786605811727,2026-08-13T14:23:31.727
11218,588aca26ed1bfc095abf2de16bf97b57,6635,89.0,3,1786605812726,2026-08-13T14:23:32.726
11219,588aca26ed1bfc095abf2de16bf97b57,6636,89.0,3,1786605813724,2026-08-13T14:23:33.724
11220,588aca26ed1bfc095abf2de16bf97b57,6637,91.0,3,1786605814723,2026-08-13T14:23:34.723
11221,588aca26ed1bfc095abf2de16bf97b57,6638,92.0,3,1786605815724,2026-08-13T14:23:35.724
11222,588aca26ed1bfc095abf2de16bf97b57,6639,94.0,3,1786605816724,2026-08-13T14:23:36.724
11223,588aca26ed1bfc095abf2de16bf97b57,6640,94.0,3,1786605817724,2026-08-13T14:23:37.724
11224,588aca26ed1bfc095abf2de16bf97b57,6641,94.0,3,1786605818724,2026-08-13T14:23:38.724
11225,588aca26ed1bfc095abf2de16bf97b57,6642,93.0,3,1786605819724,2026-08-13T14:23:39.724
11226,588aca26ed1bfc095abf2de16bf97b57,6643,94.0,3,1786605820725,2026-08-13T14:23:40.725
11227,588aca26ed1bfc095abf2de16bf97b57,6644,94.0,3,1786605821726,2026-08-13T14:23:41.726
11228,588aca26ed1bfc095abf2de16bf97b57,6645,94.0,3,1786605822725,2026-08-13T14:23:42.725
11229,588aca26ed1bfc095abf2de16bf97b57,6646,94.0,3,1786605823724,2026-08-13T14:23:43.724
11230,588aca26ed1bfc095abf2de16bf97b57,6647,95.0,3,1786605824724,2026-08-13T14:23:44.724
11231,588aca26ed1bfc095abf2de16bf97b57,6648,96.0,3,1786605825725,2026-08-13T14:23:45.725
11232,588aca26ed1bfc095abf2de16bf97b57,6649,97.0,3,1786605826723,2026-08-13T14:23:46.723
11233,588aca26ed1bfc095abf2de16bf97b57,6650,97.0,3,1786605827723,2026-08-13T14:23:47.723
11234,588aca26ed1bfc095abf2de16bf97b57,6651,98.0,3,1786605828724,2026-08-13T14:23:48.724
11235,588aca26ed1bfc095abf2de16bf97b57,6652,98.0,3,1786605829724,2026-08-13T14:23:49.724
11236,588aca26ed1bfc095abf2de16bf97b57,6653,97.0,3,1786605830726,2026-08-13T14:23:50.726
11237,588aca26ed1bfc095abf2de16bf97b57,6654,96.0,3,1786605831724,2026-08-13T14:23:51.724
11238,588aca26ed1bfc095abf2de16bf97b57,6655,95.0,3,1786605832724,2026-08-13T14:23:52.724
11239,588aca26ed1bfc095abf2de16bf97b57,6656,94.0,3,1786605833725,2026-08-13T14:23:53.725
11240,588aca26ed1bfc095abf2de16bf97b57,6657,94.0,3,1786605834724,2026-08-13T14:23:54.724
11241,588aca26ed1bfc095abf2de16bf97b57,6658,94.0,3,1786605835724,2026-08-13T14:23:55.724
11242,588aca26ed1bfc095abf2de16bf97b57,6659,95.0,3,1786605836724,2026-08-13T14:23:56.724
11243,588aca26ed1bfc095abf2de16bf97b57,6660,95.0,3,1786605837723,2026-08-13T14:23:57.723
11244,588aca26ed1bfc095abf2de16bf97b57,6661,95.0,3,1786605838724,2026-08-13T14:23:58.724
11245,588aca26ed1bfc095abf2de16bf97b57,6662,96.0,3,1786605839724,2026-08-13T14:23:59.724
11246,588aca26ed1bfc095abf2de16bf97b57,6663,97.0,3,1786605840724,2026-08-13T14:24:00.724
11247,588aca26ed1bfc095abf2de16bf97b57,6664,97.0,3,1786605841723,2026-08-13T14:24:01.723
11248,588aca26ed1bfc095abf2de16bf97b57,6665,96.0,3,1786605842725,2026-08-13T14:24:02.725
11249,588aca26ed1bfc095abf2de16bf97b57,6666,96.0,3,1786605843734,2026-08-13T14:24:03.734
11250,588aca26ed1bfc095abf2de16bf97b57,6667,97.0,3,1786605844732,2026-08-13T14:24:04.732
11251,588aca26ed1bfc095abf2de16bf97b57,6668,98.0,3,1786605845731,2026-08-13T14:24:05.731
11252,588aca26ed1bfc095abf2de16bf97b57,6669,98.0,3,1786605846731,2026-08-13T14:24:06.731
11253,588aca26ed1bfc095abf2de16bf97b57,6670,99.0,3,1786605847731,2026-08-13T14:24:07.731
11254,588aca26ed1bfc095abf2de16bf97b57,6671,100.0,3,1786605848730,2026-08-13T14:24:08.730
11255,588aca26ed1bfc095abf2de16bf97b57,6672,100.0,3,1786605849732,2026-08-13T14:24:09.732
11256,588aca26ed1bfc095abf2de16bf97b57,6673,99.0,3,1786605850730,2026-08-13T14:24:10.730
11257,588aca26ed1bfc095abf2de16bf97b57,6674,99.0,3,1786605851729,2026-08-13T14:24:11.729
11258,588aca26ed1bfc095abf2de16bf97b57,6675,99.0,3,1786605852730,2026-08-13T14:24:12.730
11259,588aca26ed1bfc095abf2de16bf97b57,6676,98.0,3,1786605853729,2026-08-13T14:24:13.729
11260,588aca26ed1bfc095abf2de16bf97b57,6677,99.0,3,1786605854728,2026-08-13T14:24:14.728
11261,588aca26ed1bfc095abf2de16bf97b57,6678,100.0,3,1786605855735,2026-08-13T14:24:15.735
11262,588aca26ed1bfc095abf2de16bf97b57,6679,101.0,3,1786605856727,2026-08-13T14:24:16.727
11263,588aca26ed1bfc095abf2de16bf97b57,6680,101.0,3,1786605857727,2026-08-13T14:24:17.727
11264,588aca26ed1bfc095abf2de16bf97b57,6681,100.0,3,1786605858723,2026-08-13T14:24:18.723
11265,588aca26ed1bfc095abf2de16bf97b57,6682,98.0,3,1786605859727,2026-08-13T14:24:19.727
11266,588aca26ed1bfc095abf2de16bf97b57,6683,97.0,3,1786605860735,2026-08-13T14:24:20.735
11267,588aca26ed1bfc095abf2de16bf97b57,6684,96.0,3,1786605861724,2026-08-13T14:24:21.724
11268,588aca26ed1bfc095abf2de16bf97b57,6685,96.0,3,1786605862725,2026-08-13T14:24:22.725
11269,588aca26ed1bfc095abf2de16bf97b57,6686,96.0,3,1786605863725,2026-08-13T14:24:23.725
11270,588aca26ed1bfc095abf2de16bf97b57,6687,96.0,3,1786605864724,2026-08-13T14:24:24.724
11271,588aca26ed1bfc095abf2de16bf97b57,6688,96.0,3,1786605865724,2026-08-13T14:24:25.724
11272,588aca26ed1bfc095abf2de16bf97b57,6689,96.0,3,1786605866725,2026-08-13T14:24:26.725
11273,588aca26ed1bfc095abf2de16bf97b57,6690,96.0,3,1786605867724,2026-08-13T14:24:27.724
11274,588aca26ed1bfc095abf2de16bf97b57,6691,96.0,3,1786605868723,2026-08-13T14:24:28.723
11275,588aca26ed1bfc095abf2de16bf97b57,6692,96.0,3,1786605869724,2026-08-13T14:24:29.724
11276,588aca26ed1bfc095abf2de16bf97b57,6693,97.0,3,1786605870726,2026-08-13T14:24:30.726
11277,588aca26ed1bfc095abf2de16bf97b57,6694,98.0,3,1786605871725,2026-08-13T14:24:31.725
11278,588aca26ed1bfc095abf2de16bf97b57,6695,98.0,3,1786605872724,2026-08-13T14:24:32.724
11279,588aca26ed1bfc095abf2de16bf97b57,6696,99.0,3,1786605873723,2026-08-13T14:24:33.723
11280,588aca26ed1bfc095abf2de16bf97b57,6697,99.0,3,1786605874724,2026-08-13T14:24:34.724
11281,588aca26ed1bfc095abf2de16bf97b57,6698,98.0,3,1786605875723,2026-08-13T14:24:35.723
11282,588aca26ed1bfc095abf2de16bf97b57,6699,98.0,3,1786605876724,2026-08-13T14:24:36.724
11283,588aca26ed1bfc095abf2de16bf97b57,6700,97.0,3,1786605877723,2026-08-13T14:24:37.723
11284,588aca26ed1bfc095abf2de16bf97b57,6701,98.0,3,1786605878724,2026-08-13T14:24:38.724
11285,588aca26ed1bfc095abf2de16bf97b57,6702,98.0,3,1786605879728,2026-08-13T14:24:39.728
11286,588aca26ed1bfc095abf2de16bf97b57,6703,98.0,3,1786605880724,2026-08-13T14:24:40.724
11287,588aca26ed1bfc095abf2de16bf97b57,6704,98.0,3,1786605881724,2026-08-13T14:24:41.724
11288,588aca26ed1bfc095abf2de16bf97b57,6705,98.0,3,1786605882724,2026-08-13T14:24:42.724
11289,588aca26ed1bfc095abf2de16bf97b57,6706,97.0,3,1786605883723,2026-08-13T14:24:43.723
11290,588aca26ed1bfc095abf2de16bf97b57,6707,97.0,3,1786605884725,2026-08-13T14:24:44.725
11291,588aca26ed1bfc095abf2de16bf97b57,6708,98.0,3,1786605885725,2026-08-13T14:24:45.725
11292,588aca26ed1bfc095abf2de16bf97b57,6709,98.0,3,1786605886724,2026-08-13T14:24:46.724
11293,588aca26ed1bfc095abf2de16bf97b57,6710,99.0,3,1786605887723,2026-08-13T14:24:47.723
11294,588aca26ed1bfc095abf2de16bf97b57,6711,99.0,3,1786605888724,2026-08-13T14:24:48.724
11295,588aca26ed1bfc095abf2de16bf97b57,6712,100.0,3,1786605889725,2026-08-13T14:24:49.725
11296,588aca26ed1bfc095abf2de16bf97b57,6713,100.0,3,1786605890724,2026-08-13T14:24:50.724
11297,588aca26ed1bfc095abf2de16bf97b57,6714,99.0,3,1786605891724,2026-08-13T14:24:51.724
11298,588aca26ed1bfc095abf2de16bf97b57,6715,99.0,3,1786605892724,2026-08-13T14:24:52.724
11299,588aca26ed1bfc095abf2de16bf97b57,6716,98.0,3,1786605893729,2026-08-13T14:24:53.729
11300,588aca26ed1bfc095abf2de16bf97b57,6717,98.0,3,1786605894724,2026-08-13T14:24:54.724
11301,588aca26ed1bfc095abf2de16bf97b57,6718,98.0,3,1786605895725,2026-08-13T14:24:55.725
11302,588aca26ed1bfc095abf2de16bf97b57,6719,98.0,3,1786605896725,2026-08-13T14:24:56.725
11303,588aca26ed1bfc095abf2de16bf97b57,6720,98.0,3,1786605897725,2026-08-13T14:24:57.725
11304,588aca26ed1bfc095abf2de16bf97b57,6721,97.0,3,1786605898725,2026-08-13T14:24:58.725
11305,588aca26ed1bfc095abf2de16bf97b57,6722,97.0,3,1786605899724,2026-08-13T14:24:59.724
11306,588aca26ed1bfc095abf2de16bf97b57,6723,98.0,3,1786605900725,2026-08-13T14:25:00.725
11307,588aca26ed1bfc095abf2de16bf97b57,6724,98.0,3,1786605901724,2026-08-13T14:25:01.724
11308,588aca26ed1bfc095abf2de16bf97b57,6725,99.0,3,1786605902724,2026-08-13T14:25:02.724
11309,588aca26ed1bfc095abf2de16bf97b57,6726,99.0,3,1786605903723,2026-08-13T14:25:03.723
11310,588aca26ed1bfc095abf2de16bf97b57,6727,100.0,3,1786605904724,2026-08-13T14:25:04.724
11311,588aca26ed1bfc095abf2de16bf97b57,6728,99.0,3,1786605905724,2026-08-13T14:25:05.724
11312,588aca26ed1bfc095abf2de16bf97b57,6729,99.0,3,1786605906723,2026-08-13T14:25:06.723
11313,588aca26ed1bfc095abf2de16bf97b57,6730,98.0,3,1786605907724,2026-08-13T14:25:07.724
11314,588aca26ed1bfc095abf2de16bf97b57,6731,96.0,3,1786605908724,2026-08-13T14:25:08.724
11315,588aca26ed1bfc095abf2de16bf97b57,6732,96.0,3,1786605909724,2026-08-13T14:25:09.724
11316,588aca26ed1bfc095abf2de16bf97b57,6733,96.0,3,1786605910724,2026-08-13T14:25:10.724
11317,588aca26ed1bfc095abf2de16bf97b57,6734,96.0,3,1786605911723,2026-08-13T14:25:11.723
11318,588aca26ed1bfc095abf2de16bf97b57,6735,97.0,3,1786605912724,2026-08-13T14:25:12.724
11319,588aca26ed1bfc095abf2de16bf97b57,6736,97.0,3,1786605913724,2026-08-13T14:25:13.724
11320,588aca26ed1bfc095abf2de16bf97b57,6737,97.0,3,1786605914723,2026-08-13T14:25:14.723
11321,588aca26ed1bfc095abf2de16bf97b57,6738,97.0,3,1786605915724,2026-08-13T14:25:15.724
11322,588aca26ed1bfc095abf2de16bf97b57,6739,97.0,3,1786605916725,2026-08-13T14:25:16.725
11323,588aca26ed1bfc095abf2de16bf97b57,6740,97.0,3,1786605917731,2026-08-13T14:25:17.731
11324,588aca26ed1bfc095abf2de16bf97b57,6741,96.0,3,1786605918730,2026-08-13T14:25:18.730
11325,588aca26ed1bfc095abf2de16bf97b57,6742,96.0,3,1786605919727,2026-08-13T14:25:19.727
11326,588aca26ed1bfc095abf2de16bf97b57,6743,95.0,3,1786605920726,2026-08-13T14:25:20.726
11327,588aca26ed1bfc095abf2de16bf97b57,6744,96.0,3,1786605921727,2026-08-13T14:25:21.727
11328,588aca26ed1bfc095abf2de16bf97b57,6745,96.0,3,1786605922724,2026-08-13T14:25:22.724
11329,588aca26ed1bfc095abf2de16bf97b57,6746,96.0,3,1786605923725,2026-08-13T14:25:23.725
11330,588aca26ed1bfc095abf2de16bf97b57,6747,96.0,3,1786605924734,2026-08-13T14:25:24.734
11331,588aca26ed1bfc095abf2de16bf97b57,6748,96.0,3,1786605925732,2026-08-13T14:25:25.732
11332,588aca26ed1bfc095abf2de16bf97b57,6749,96.0,3,1786605926730,2026-08-13T14:25:26.730
11333,588aca26ed1bfc095abf2de16bf97b57,6750,97.0,3,1786605927728,2026-08-13T14:25:27.728
11334,588aca26ed1bfc095abf2de16bf97b57,6751,97.0,3,1786605928724,2026-08-13T14:25:28.724
11335,588aca26ed1bfc095abf2de16bf97b57,6752,97.0,3,1786605929724,2026-08-13T14:25:29.724
11336,588aca26ed1bfc095abf2de16bf97b57,6753,97.0,3,1786605930723,2026-08-13T14:25:30.723
11337,588aca26ed1bfc095abf2de16bf97b57,6754,97.0,3,1786605931724,2026-08-13T14:25:31.724
11338,588aca26ed1bfc095abf2de16bf97b57,6755,97.0,3,1786605932727,2026-08-13T14:25:32.727
11339,588aca26ed1bfc095abf2de16bf97b57,6756,97.0,3,1786605933725,2026-08-13T14:25:33.725
11340,588aca26ed1bfc095abf2de16bf97b57,6757,97.0,3,1786605934727,2026-08-13T14:25:34.727
11341,588aca26ed1bfc095abf2de16bf97b57,6758,98.0,3,1786605935724,2026-08-13T14:25:35.724
11342,588aca26ed1bfc095abf2de16bf97b57,6759,97.0,3,1786605936724,2026-08-13T14:25:36.724
11343,588aca26ed1bfc095abf2de16bf97b57,6760,97.0,3,1786605937724,2026-08-13T14:25:37.724
11344,588aca26ed1bfc095abf2de16bf97b57,6761,100.0,3,1786605938724,2026-08-13T14:25:38.724
11345,588aca26ed1bfc095abf2de16bf97b57,6762,101.0,3,1786605939724,2026-08-13T14:25:39.724
11346,588aca26ed1bfc095abf2de16bf97b57,6763,103.0,3,1786605940724,2026-08-13T14:25:40.724
11347,588aca26ed1bfc095abf2de16bf97b57,6764,103.0,3,1786605941724,2026-08-13T14:25:41.724
11348,588aca26ed1bfc095abf2de16bf97b57,6765,104.0,3,1786605942724,2026-08-13T14:25:42.724
11349,588aca26ed1bfc095abf2de16bf97b57,6766,103.0,3,1786605943723,2026-08-13T14:25:43.723
11350,588aca26ed1bfc095abf2de16bf97b57,6767,102.0,3,1786605944724,2026-08-13T14:25:44.724
11351,588aca26ed1bfc095abf2de16bf97b57,6768,101.0,3,1786605945724,2026-08-13T14:25:45.724
11352,588aca26ed1bfc095abf2de16bf97b57,6769,100.0,3,1786605946723,2026-08-13T14:25:46.723
11353,588aca26ed1bfc095abf2de16bf97b57,6770,100.0,3,1786605947724,2026-08-13T14:25:47.724
11354,588aca26ed1bfc095abf2de16bf97b57,6771,100.0,3,1786605948724,2026-08-13T14:25:48.724
11355,588aca26ed1bfc095abf2de16bf97b57,6772,99.0,3,1786605949723,2026-08-13T14:25:49.723
11356,588aca26ed1bfc095abf2de16bf97b57,6773,98.0,3,1786605950724,2026-08-13T14:25:50.724
11357,588aca26ed1bfc095abf2de16bf97b57,6774,97.0,3,1786605951724,2026-08-13T14:25:51.724
11358,588aca26ed1bfc095abf2de16bf97b57,6775,96.0,3,1786605952724,2026-08-13T14:25:52.724
11359,588aca26ed1bfc095abf2de16bf97b57,6776,95.0,3,1786605953724,2026-08-13T14:25:53.724
11360,588aca26ed1bfc095abf2de16bf97b57,6777,94.0,3,1786605954724,2026-08-13T14:25:54.724
11361,588aca26ed1bfc095abf2de16bf97b57,6778,93.0,3,1786605955734,2026-08-13T14:25:55.734
11362,588aca26ed1bfc095abf2de16bf97b57,6779,94.0,3,1786605956731,2026-08-13T14:25:56.731
11363,588aca26ed1bfc095abf2de16bf97b57,6780,94.0,3,1786605957730,2026-08-13T14:25:57.730
11364,588aca26ed1bfc095abf2de16bf97b57,6781,94.0,3,1786605958731,2026-08-13T14:25:58.731
11365,588aca26ed1bfc095abf2de16bf97b57,6782,93.0,3,1786605959740,2026-08-13T14:25:59.740
11366,588aca26ed1bfc095abf2de16bf97b57,6783,92.0,3,1786605960730,2026-08-13T14:26:00.730
11367,588aca26ed1bfc095abf2de16bf97b57,6784,92.0,3,1786605961725,2026-08-13T14:26:01.725
11368,588aca26ed1bfc095abf2de16bf97b57,6785,93.0,3,1786605962727,2026-08-13T14:26:02.727
11369,588aca26ed1bfc095abf2de16bf97b57,6786,93.0,3,1786605963728,2026-08-13T14:26:03.728
11370,588aca26ed1bfc095abf2de16bf97b57,6787,94.0,3,1786605964726,2026-08-13T14:26:04.726
11371,588aca26ed1bfc095abf2de16bf97b57,6788,93.0,3,1786605965734,2026-08-13T14:26:05.734
11372,588aca26ed1bfc095abf2de16bf97b57,6789,93.0,3,1786605966728,2026-08-13T14:26:06.728
11373,588aca26ed1bfc095abf2de16bf97b57,6790,93.0,3,1786605967728,2026-08-13T14:26:07.728
11374,588aca26ed1bfc095abf2de16bf97b57,6791,94.0,3,1786605968729,2026-08-13T14:26:08.729
11375,588aca26ed1bfc095abf2de16bf97b57,6792,95.0,3,1786605969728,2026-08-13T14:26:09.728
11376,588aca26ed1bfc095abf2de16bf97b57,6793,96.0,3,1786605970726,2026-08-13T14:26:10.726
11377,588aca26ed1bfc095abf2de16bf97b57,6794,96.0,3,1786605971726,2026-08-13T14:26:11.726
11378,588aca26ed1bfc095abf2de16bf97b57,6795,95.0,3,1786605972727,2026-08-13T14:26:12.727
11379,588aca26ed1bfc095abf2de16bf97b57,6796,94.0,3,1786605973727,2026-08-13T14:26:13.727
11380,588aca26ed1bfc095abf2de16bf97b57,6797,93.0,3,1786605974728,2026-08-13T14:26:14.728
11381,588aca26ed1bfc095abf2de16bf97b57,6798,92.0,3,1786605975726,2026-08-13T14:26:15.726
11382,588aca26ed1bfc095abf2de16bf97b57,6799,91.0,3,1786605976723,2026-08-13T14:26:16.723
11383,588aca26ed1bfc095abf2de16bf97b57,6800,92.0,3,1786605977726,2026-08-13T14:26:17.726
11384,588aca26ed1bfc095abf2de16bf97b57,6801,92.0,3,1786605978726,2026-08-13T14:26:18.726
11385,588aca26ed1bfc095abf2de16bf97b57,6802,93.0,3,1786605979725,2026-08-13T14:26:19.725
11386,588aca26ed1bfc095abf2de16bf97b57,6803,94.0,3,1786605980725,2026-08-13T14:26:20.725
11387,588aca26ed1bfc095abf2de16bf97b57,6804,94.0,3,1786605981724,2026-08-13T14:26:21.724
11388,588aca26ed1bfc095abf2de16bf97b57,6805,94.0,3,1786605982724,2026-08-13T14:26:22.724
11389,588aca26ed1bfc095abf2de16bf97b57,6806,94.0,3,1786605983723,2026-08-13T14:26:23.723
11390,588aca26ed1bfc095abf2de16bf97b57,6807,95.0,3,1786605984724,2026-08-13T14:26:24.724
11391,588aca26ed1bfc095abf2de16bf97b57,6808,94.0,3,1786605985724,2026-08-13T14:26:25.724
11392,588aca26ed1bfc095abf2de16bf97b57,6809,94.0,3,1786605986725,2026-08-13T14:26:26.725
11393,588aca26ed1bfc095abf2de16bf97b57,6810,93.0,3,1786605987726,2026-08-13T14:26:27.726
11394,588aca26ed1bfc095abf2de16bf97b57,6811,92.0,3,1786605988724,2026-08-13T14:26:28.724
11395,588aca26ed1bfc095abf2de16bf97b57,6812,94.0,3,1786605989725,2026-08-13T14:26:29.725
11396,588aca26ed1bfc095abf2de16bf97b57,6813,95.0,3,1786605990726,2026-08-13T14:26:30.726
11397,588aca26ed1bfc095abf2de16bf97b57,6814,96.0,3,1786605991725,2026-08-13T14:26:31.725
11398,588aca26ed1bfc095abf2de16bf97b57,6815,96.0,3,1786605992727,2026-08-13T14:26:32.727
11399,588aca26ed1bfc095abf2de16bf97b57,6816,96.0,3,1786605993723,2026-08-13T14:26:33.723
11400,588aca26ed1bfc095abf2de16bf97b57,6817,96.0,3,1786605994724,2026-08-13T14:26:34.724
11401,588aca26ed1bfc095abf2de16bf97b57,6818,96.0,3,1786605995723,2026-08-13T14:26:35.723
11402,588aca26ed1bfc095abf2de16bf97b57,6819,97.0,3,1786605996723,2026-08-13T14:26:36.723
11403,588aca26ed1bfc095abf2de16bf97b57,6820,98.0,3,1786605997724,2026-08-13T14:26:37.724
11404,588aca26ed1bfc095abf2de16bf97b57,6821,98.0,3,1786605998724,2026-08-13T14:26:38.724
11405,588aca26ed1bfc095abf2de16bf97b57,6822,99.0,3,1786605999724,2026-08-13T14:26:39.724
11406,588aca26ed1bfc095abf2de16bf97b57,6823,98.0,3,1786606000724,2026-08-13T14:26:40.724
11407,588aca26ed1bfc095abf2de16bf97b57,6824,99.0,3,1786606001724,2026-08-13T14:26:41.724
11408,588aca26ed1bfc095abf2de16bf97b57,6825,99.0,3,1786606002724,2026-08-13T14:26:42.724
11409,588aca26ed1bfc095abf2de16bf97b57,6826,99.0,3,1786606003724,2026-08-13T14:26:43.724
11410,588aca26ed1bfc095abf2de16bf97b57,6827,98.0,3,1786606004724,2026-08-13T14:26:44.724
11411,588aca26ed1bfc095abf2de16bf97b57,6828,97.0,3,1786606005724,2026-08-13T14:26:45.724
11412,588aca26ed1bfc095abf2de16bf97b57,6829,96.0,3,1786606006724,2026-08-13T14:26:46.724
11413,588aca26ed1bfc095abf2de16bf97b57,6830,96.0,3,1786606007724,2026-08-13T14:26:47.724
11414,588aca26ed1bfc095abf2de16bf97b57,6831,96.0,3,1786606008724,2026-08-13T14:26:48.724
11415,588aca26ed1bfc095abf2de16bf97b57,6832,95.0,3,1786606009725,2026-08-13T14:26:49.725
11416,588aca26ed1bfc095abf2de16bf97b57,6833,95.0,3,1786606010724,2026-08-13T14:26:50.724
11417,588aca26ed1bfc095abf2de16bf97b57,6834,94.0,3,1786606011734,2026-08-13T14:26:51.734
11418,588aca26ed1bfc095abf2de16bf97b57,6835,93.0,3,1786606012734,2026-08-13T14:26:52.734
11419,588aca26ed1bfc095abf2de16bf97b57,6836,92.0,3,1786606013733,2026-08-13T14:26:53.733
11420,588aca26ed1bfc095abf2de16bf97b57,6837,91.0,3,1786606014732,2026-08-13T14:26:54.732
11421,588aca26ed1bfc095abf2de16bf97b57,6838,91.0,3,1786606015733,2026-08-13T14:26:55.733
11422,588aca26ed1bfc095abf2de16bf97b57,6839,90.0,3,1786606016734,2026-08-13T14:26:56.734
11423,588aca26ed1bfc095abf2de16bf97b57,6840,90.0,3,1786606017733,2026-08-13T14:26:57.733
11424,588aca26ed1bfc095abf2de16bf97b57,6841,90.0,3,1786606018729,2026-08-13T14:26:58.729
11425,588aca26ed1bfc095abf2de16bf97b57,6842,90.0,3,1786606019731,2026-08-13T14:26:59.731
11426,588aca26ed1bfc095abf2de16bf97b57,6843,90.0,3,1786606020727,2026-08-13T14:27:00.727
11427,588aca26ed1bfc095abf2de16bf97b57,6844,90.0,3,1786606021731,2026-08-13T14:27:01.731
11428,588aca26ed1bfc095abf2de16bf97b57,6845,90.0,3,1786606022728,2026-08-13T14:27:02.728
11429,588aca26ed1bfc095abf2de16bf97b57,6846,90.0,3,1786606023724,2026-08-13T14:27:03.724
11430,588aca26ed1bfc095abf2de16bf97b57,6847,91.0,3,1786606024726,2026-08-13T14:27:04.726
11431,588aca26ed1bfc095abf2de16bf97b57,6848,91.0,3,1786606025724,2026-08-13T14:27:05.724
11432,588aca26ed1bfc095abf2de16bf97b57,6849,91.0,3,1786606026724,2026-08-13T14:27:06.724
11433,588aca26ed1bfc095abf2de16bf97b57,6850,91.0,3,1786606027724,2026-08-13T14:27:07.724
11434,588aca26ed1bfc095abf2de16bf97b57,6851,91.0,3,1786606028724,2026-08-13T14:27:08.724
11435,588aca26ed1bfc095abf2de16bf97b57,6852,91.0,3,1786606029724,2026-08-13T14:27:09.724
11436,588aca26ed1bfc095abf2de16bf97b57,6853,91.0,3,1786606030724,2026-08-13T14:27:10.724
11437,588aca26ed1bfc095abf2de16bf97b57,6854,91.0,3,1786606031724,2026-08-13T14:27:11.724
11438,588aca26ed1bfc095abf2de16bf97b57,6855,91.0,3,1786606032724,2026-08-13T14:27:12.724
11439,588aca26ed1bfc095abf2de16bf97b57,6856,90.0,3,1786606033724,2026-08-13T14:27:13.724
11440,588aca26ed1bfc095abf2de16bf97b57,6857,91.0,3,1786606034724,2026-08-13T14:27:14.724
11441,588aca26ed1bfc095abf2de16bf97b57,6858,91.0,3,1786606035724,2026-08-13T14:27:15.724
11442,588aca26ed1bfc095abf2de16bf97b57,6859,91.0,3,1786606036724,2026-08-13T14:27:16.724
11443,588aca26ed1bfc095abf2de16bf97b57,6860,91.0,3,1786606037724,2026-08-13T14:27:17.724
11444,588aca26ed1bfc095abf2de16bf97b57,6861,92.0,3,1786606038725,2026-08-13T14:27:18.725
11445,588aca26ed1bfc095abf2de16bf97b57,6862,92.0,3,1786606039726,2026-08-13T14:27:19.726
11446,588aca26ed1bfc095abf2de16bf97b57,6863,91.0,3,1786606040725,2026-08-13T14:27:20.725
11447,588aca26ed1bfc095abf2de16bf97b57,6864,91.0,3,1786606041725,2026-08-13T14:27:21.725
11448,588aca26ed1bfc095abf2de16bf97b57,6865,92.0,3,1786606042724,2026-08-13T14:27:22.724
11449,588aca26ed1bfc095abf2de16bf97b57,6866,93.0,3,1786606043723,2026-08-13T14:27:23.723
11450,588aca26ed1bfc095abf2de16bf97b57,6867,93.0,3,1786606044724,2026-08-13T14:27:24.724
11451,588aca26ed1bfc095abf2de16bf97b57,6868,93.0,3,1786606045724,2026-08-13T14:27:25.724
11452,588aca26ed1bfc095abf2de16bf97b57,6869,93.0,3,1786606046724,2026-08-13T14:27:26.724
11453,588aca26ed1bfc095abf2de16bf97b57,6870,94.0,3,1786606047724,2026-08-13T14:27:27.724
11454,588aca26ed1bfc095abf2de16bf97b57,6871,95.0,3,1786606048723,2026-08-13T14:27:28.723
11455,588aca26ed1bfc095abf2de16bf97b57,6872,95.0,3,1786606049724,2026-08-13T14:27:29.724
11456,588aca26ed1bfc095abf2de16bf97b57,6873,94.0,3,1786606050724,2026-08-13T14:27:30.724
11457,588aca26ed1bfc095abf2de16bf97b57,6874,93.0,3,1786606051724,2026-08-13T14:27:31.724
11458,588aca26ed1bfc095abf2de16bf97b57,6875,93.0,3,1786606052724,2026-08-13T14:27:32.724
11459,588aca26ed1bfc095abf2de16bf97b57,6876,94.0,3,1786606053724,2026-08-13T14:27:33.724
11460,588aca26ed1bfc095abf2de16bf97b57,6877,95.0,3,1786606054724,2026-08-13T14:27:34.724
11461,588aca26ed1bfc095abf2de16bf97b57,6878,96.0,3,1786606055724,2026-08-13T14:27:35.724
11462,588aca26ed1bfc095abf2de16bf97b57,6879,96.0,3,1786606056724,2026-08-13T14:27:36.724
11463,588aca26ed1bfc095abf2de16bf97b57,6880,96.0,3,1786606057724,2026-08-13T14:27:37.724
11464,588aca26ed1bfc095abf2de16bf97b57,6881,95.0,3,1786606058724,2026-08-13T14:27:38.724
11465,588aca26ed1bfc095abf2de16bf97b57,6882,95.0,3,1786606059724,2026-08-13T14:27:39.724
11466,588aca26ed1bfc095abf2de16bf97b57,6883,94.0,3,1786606060724,2026-08-13T14:27:40.724
11467,588aca26ed1bfc095abf2de16bf97b57,6884,94.0,3,1786606061724,2026-08-13T14:27:41.724
11468,588aca26ed1bfc095abf2de16bf97b57,6885,94.0,3,1786606062733,2026-08-13T14:27:42.733
11469,588aca26ed1bfc095abf2de16bf97b57,6886,94.0,3,1786606063731,2026-08-13T14:27:43.731
11470,588aca26ed1bfc095abf2de16bf97b57,6887,94.0,3,1786606064730,2026-08-13T14:27:44.730
11471,588aca26ed1bfc095abf2de16bf97b57,6888,94.0,3,1786606065729,2026-08-13T14:27:45.729
11472,588aca26ed1bfc095abf2de16bf97b57,6889,94.0,3,1786606066726,2026-08-13T14:27:46.726
11473,588aca26ed1bfc095abf2de16bf97b57,6890,94.0,3,1786606067726,2026-08-13T14:27:47.726
11474,588aca26ed1bfc095abf2de16bf97b57,6891,93.0,3,1786606068726,2026-08-13T14:27:48.726
11475,588aca26ed1bfc095abf2de16bf97b57,6892,93.0,3,1786606069724,2026-08-13T14:27:49.724
11476,588aca26ed1bfc095abf2de16bf97b57,6893,94.0,3,1786606070724,2026-08-13T14:27:50.724
11477,588aca26ed1bfc095abf2de16bf97b57,6894,94.0,3,1786606071724,2026-08-13T14:27:51.724
11478,588aca26ed1bfc095abf2de16bf97b57,6895,93.0,3,1786606072726,2026-08-13T14:27:52.726
11479,588aca26ed1bfc095abf2de16bf97b57,6896,94.0,3,1786606073725,2026-08-13T14:27:53.725
11480,588aca26ed1bfc095abf2de16bf97b57,6897,93.0,3,1786606074724,2026-08-13T14:27:54.724
11481,588aca26ed1bfc095abf2de16bf97b57,6898,93.0,3,1786606075725,2026-08-13T14:27:55.725
11482,588aca26ed1bfc095abf2de16bf97b57,6899,95.0,3,1786606076724,2026-08-13T14:27:56.724
11483,588aca26ed1bfc095abf2de16bf97b57,6900,95.0,3,1786606077724,2026-08-13T14:27:57.724
11484,588aca26ed1bfc095abf2de16bf97b57,6901,95.0,3,1786606078723,2026-08-13T14:27:58.723
11485,588aca26ed1bfc095abf2de16bf97b57,6902,96.0,3,1786606079723,2026-08-13T14:27:59.723
11486,588aca26ed1bfc095abf2de16bf97b57,6903,97.0,3,1786606080724,2026-08-13T14:28:00.724
11487,588aca26ed1bfc095abf2de16bf97b57,6904,99.0,3,1786606081724,2026-08-13T14:28:01.724
11488,588aca26ed1bfc095abf2de16bf97b57,6905,99.0,3,1786606082724,2026-08-13T14:28:02.724
11489,588aca26ed1bfc095abf2de16bf97b57,6906,98.0,3,1786606083724,2026-08-13T14:28:03.724
11490,588aca26ed1bfc095abf2de16bf97b57,6907,99.0,3,1786606084724,2026-08-13T14:28:04.724
11491,588aca26ed1bfc095abf2de16bf97b57,6908,99.0,3,1786606085724,2026-08-13T14:28:05.724
11492,588aca26ed1bfc095abf2de16bf97b57,6909,100.0,3,1786606086733,2026-08-13T14:28:06.733
11493,588aca26ed1bfc095abf2de16bf97b57,6910,101.0,3,1786606087727,2026-08-13T14:28:07.727
11494,588aca26ed1bfc095abf2de16bf97b57,6911,101.0,3,1786606088730,2026-08-13T14:28:08.730
11495,588aca26ed1bfc095abf2de16bf97b57,6912,101.0,3,1786606089724,2026-08-13T14:28:09.724
11496,588aca26ed1bfc095abf2de16bf97b57,6913,100.0,3,1786606090724,2026-08-13T14:28:10.724
11497,588aca26ed1bfc095abf2de16bf97b57,6914,100.0,3,1786606091724,2026-08-13T14:28:11.724
11498,588aca26ed1bfc095abf2de16bf97b57,6915,99.0,3,1786606092724,2026-08-13T14:28:12.724
11499,588aca26ed1bfc095abf2de16bf97b57,6916,98.0,3,1786606093725,2026-08-13T14:28:13.725
11500,588aca26ed1bfc095abf2de16bf97b57,6917,97.0,3,1786606094723,2026-08-13T14:28:14.723
11501,588aca26ed1bfc095abf2de16bf97b57,6918,96.0,3,1786606095724,2026-08-13T14:28:15.724
11502,588aca26ed1bfc095abf2de16bf97b57,6919,95.0,3,1786606096724,2026-08-13T14:28:16.724
11503,588aca26ed1bfc095abf2de16bf97b57,6920,93.0,3,1786606097726,2026-08-13T14:28:17.726
11504,588aca26ed1bfc095abf2de16bf97b57,6921,91.0,3,1786606098724,2026-08-13T14:28:18.724
11505,588aca26ed1bfc095abf2de16bf97b57,6922,89.0,3,1786606099724,2026-08-13T14:28:19.724
11506,588aca26ed1bfc095abf2de16bf97b57,6923,89.0,3,1786606100732,2026-08-13T14:28:20.732
11507,588aca26ed1bfc095abf2de16bf97b57,6924,90.0,3,1786606101732,2026-08-13T14:28:21.732
11508,588aca26ed1bfc095abf2de16bf97b57,6925,91.0,3,1786606102729,2026-08-13T14:28:22.729
11509,588aca26ed1bfc095abf2de16bf97b57,6926,91.0,3,1786606103725,2026-08-13T14:28:23.725
11510,588aca26ed1bfc095abf2de16bf97b57,6927,91.0,3,1786606104725,2026-08-13T14:28:24.725
11511,588aca26ed1bfc095abf2de16bf97b57,6928,90.0,3,1786606105724,2026-08-13T14:28:25.724
11512,588aca26ed1bfc095abf2de16bf97b57,6929,90.0,3,1786606106724,2026-08-13T14:28:26.724
11513,588aca26ed1bfc095abf2de16bf97b57,6930,89.0,3,1786606107725,2026-08-13T14:28:27.725
11514,588aca26ed1bfc095abf2de16bf97b57,6931,88.0,3,1786606108724,2026-08-13T14:28:28.724
11515,588aca26ed1bfc095abf2de16bf97b57,6932,88.0,3,1786606109725,2026-08-13T14:28:29.725
11516,588aca26ed1bfc095abf2de16bf97b57,6933,89.0,3,1786606110723,2026-08-13T14:28:30.723
11517,588aca26ed1bfc095abf2de16bf97b57,6934,89.0,3,1786606111724,2026-08-13T14:28:31.724
11518,588aca26ed1bfc095abf2de16bf97b57,6935,90.0,3,1786606112723,2026-08-13T14:28:32.723
11519,588aca26ed1bfc095abf2de16bf97b57,6936,90.0,3,1786606113724,2026-08-13T14:28:33.724
11520,588aca26ed1bfc095abf2de16bf97b57,6937,91.0,3,1786606114723,2026-08-13T14:28:34.723
11521,588aca26ed1bfc095abf2de16bf97b57,6938,91.0,3,1786606115724,2026-08-13T14:28:35.724
11522,588aca26ed1bfc095abf2de16bf97b57,6939,91.0,3,1786606116724,2026-08-13T14:28:36.724
11523,588aca26ed1bfc095abf2de16bf97b57,6940,91.0,3,1786606117723,2026-08-13T14:28:37.723
11524,588aca26ed1bfc095abf2de16bf97b57,6941,90.0,3,1786606118733,2026-08-13T14:28:38.733
11525,588aca26ed1bfc095abf2de16bf97b57,6942,90.0,3,1786606119732,2026-08-13T14:28:39.732
11526,588aca26ed1bfc095abf2de16bf97b57,6943,89.0,3,1786606120730,2026-08-13T14:28:40.730
11527,588aca26ed1bfc095abf2de16bf97b57,6944,89.0,3,1786606121727,2026-08-13T14:28:41.727
11528,588aca26ed1bfc095abf2de16bf97b57,6945,88.0,3,1786606122735,2026-08-13T14:28:42.735
11529,588aca26ed1bfc095abf2de16bf97b57,6946,88.0,3,1786606123725,2026-08-13T14:28:43.725
11530,588aca26ed1bfc095abf2de16bf97b57,6947,88.0,3,1786606124724,2026-08-13T14:28:44.724
11531,588aca26ed1bfc095abf2de16bf97b57,6948,89.0,3,1786606125726,2026-08-13T14:28:45.726
11532,588aca26ed1bfc095abf2de16bf97b57,6949,90.0,3,1786606126724,2026-08-13T14:28:46.724
11533,588aca26ed1bfc095abf2de16bf97b57,6950,91.0,3,1786606127724,2026-08-13T14:28:47.724
11534,588aca26ed1bfc095abf2de16bf97b57,6951,91.0,3,1786606128724,2026-08-13T14:28:48.724
11535,588aca26ed1bfc095abf2de16bf97b57,6952,91.0,3,1786606129724,2026-08-13T14:28:49.724
11536,588aca26ed1bfc095abf2de16bf97b57,6953,91.0,3,1786606130724,2026-08-13T14:28:50.724
11537,588aca26ed1bfc095abf2de16bf97b57,6954,91.0,3,1786606131724,2026-08-13T14:28:51.724
11538,588aca26ed1bfc095abf2de16bf97b57,6955,91.0,3,1786606132725,2026-08-13T14:28:52.725
11539,588aca26ed1bfc095abf2de16bf97b57,6956,92.0,3,1786606133724,2026-08-13T14:28:53.724
11540,588aca26ed1bfc095abf2de16bf97b57,6957,92.0,3,1786606134724,2026-08-13T14:28:54.724
11541,588aca26ed1bfc095abf2de16bf97b57,6958,93.0,3,1786606135724,2026-08-13T14:28:55.724
11542,588aca26ed1bfc095abf2de16bf97b57,6959,94.0,3,1786606136724,2026-08-13T14:28:56.724
11543,588aca26ed1bfc095abf2de16bf97b57,6960,94.0,3,1786606137723,2026-08-13T14:28:57.723
11544,588aca26ed1bfc095abf2de16bf97b57,6961,94.0,3,1786606138724,2026-08-13T14:28:58.724
11545,588aca26ed1bfc095abf2de16bf97b57,6962,94.0,3,1786606139724,2026-08-13T14:28:59.724
11546,588aca26ed1bfc095abf2de16bf97b57,6963,95.0,3,1786606140724,2026-08-13T14:29:00.724
11547,588aca26ed1bfc095abf2de16bf97b57,6964,96.0,3,1786606141723,2026-08-13T14:29:01.723
11548,588aca26ed1bfc095abf2de16bf97b57,6965,95.0,3,1786606142723,2026-08-13T14:29:02.723
11549,588aca26ed1bfc095abf2de16bf97b57,6966,95.0,3,1786606143723,2026-08-13T14:29:03.723
11550,588aca26ed1bfc095abf2de16bf97b57,6967,96.0,3,1786606144724,2026-08-13T14:29:04.724
11551,588aca26ed1bfc095abf2de16bf97b57,6968,97.0,3,1786606145724,2026-08-13T14:29:05.724
11552,588aca26ed1bfc095abf2de16bf97b57,6969,99.0,3,1786606146724,2026-08-13T14:29:06.724
11553,588aca26ed1bfc095abf2de16bf97b57,6970,98.0,3,1786606147724,2026-08-13T14:29:07.724
11554,588aca26ed1bfc095abf2de16bf97b57,6971,98.0,3,1786606148742,2026-08-13T14:29:08.742
11555,588aca26ed1bfc095abf2de16bf97b57,6972,96.0,3,1786606149744,2026-08-13T14:29:09.744
11556,588aca26ed1bfc095abf2de16bf97b57,6973,96.0,3,1786606150741,2026-08-13T14:29:10.741
11557,588aca26ed1bfc095abf2de16bf97b57,6974,95.0,3,1786606151742,2026-08-13T14:29:11.742
11558,588aca26ed1bfc095abf2de16bf97b57,6975,95.0,3,1786606152728,2026-08-13T14:29:12.728
11559,588aca26ed1bfc095abf2de16bf97b57,6976,95.0,3,1786606153729,2026-08-13T14:29:13.729
11560,588aca26ed1bfc095abf2de16bf97b57,6977,95.0,3,1786606154729,2026-08-13T14:29:14.729
11561,588aca26ed1bfc095abf2de16bf97b57,6978,96.0,3,1786606155723,2026-08-13T14:29:15.723
11562,588aca26ed1bfc095abf2de16bf97b57,6979,95.0,3,1786606156723,2026-08-13T14:29:16.723
11563,588aca26ed1bfc095abf2de16bf97b57,6980,95.0,3,1786606157724,2026-08-13T14:29:17.724
11564,588aca26ed1bfc095abf2de16bf97b57,6981,94.0,3,1786606158724,2026-08-13T14:29:18.724
11565,588aca26ed1bfc095abf2de16bf97b57,6982,94.0,3,1786606159725,2026-08-13T14:29:19.725
11566,588aca26ed1bfc095abf2de16bf97b57,6983,95.0,3,1786606160724,2026-08-13T14:29:20.724
11567,588aca26ed1bfc095abf2de16bf97b57,6984,95.0,3,1786606161726,2026-08-13T14:29:21.726
11568,588aca26ed1bfc095abf2de16bf97b57,6985,95.0,3,1786606162725,2026-08-13T14:29:22.725
11569,588aca26ed1bfc095abf2de16bf97b57,6986,95.0,3,1786606163725,2026-08-13T14:29:23.725
11570,588aca26ed1bfc095abf2de16bf97b57,6987,94.0,3,1786606164725,2026-08-13T14:29:24.725
11571,588aca26ed1bfc095abf2de16bf97b57,6988,93.0,3,1786606165724,2026-08-13T14:29:25.724
11572,588aca26ed1bfc095abf2de16bf97b57,6989,92.0,3,1786606166724,2026-08-13T14:29:26.724
11573,588aca26ed1bfc095abf2de16bf97b57,6990,91.0,3,1786606167723,2026-08-13T14:29:27.723
11574,588aca26ed1bfc095abf2de16bf97b57,6991,91.0,3,1786606168723,2026-08-13T14:29:28.723
11575,588aca26ed1bfc095abf2de16bf97b57,6992,92.0,3,1786606169724,2026-08-13T14:29:29.724
11576,588aca26ed1bfc095abf2de16bf97b57,6993,92.0,3,1786606170724,2026-08-13T14:29:30.724
11577,588aca26ed1bfc095abf2de16bf97b57,6994,92.0,3,1786606171724,2026-08-13T14:29:31.724
11578,588aca26ed1bfc095abf2de16bf97b57,6995,92.0,3,1786606172724,2026-08-13T14:29:32.724
11579,588aca26ed1bfc095abf2de16bf97b57,6996,91.0,3,1786606173724,2026-08-13T14:29:33.724
11580,588aca26ed1bfc095abf2de16bf97b57,6997,91.0,3,1786606174723,2026-08-13T14:29:34.723
11581,588aca26ed1bfc095abf2de16bf97b57,6998,91.0,3,1786606175723,2026-08-13T14:29:35.723
11582,588aca26ed1bfc095abf2de16bf97b57,6999,91.0,3,1786606176723,2026-08-13T14:29:36.723
11583,588aca26ed1bfc095abf2de16bf97b57,7000,91.0,3,1786606177724,2026-08-13T14:29:37.724
11584,588aca26ed1bfc095abf2de16bf97b57,7001,90.0,3,1786606178724,2026-08-13T14:29:38.724
11585,588aca26ed1bfc095abf2de16bf97b57,7002,90.0,3,1786606179723,2026-08-13T14:29:39.723
11586,588aca26ed1bfc095abf2de16bf97b57,7003,90.0,3,1786606180724,2026-08-13T14:29:40.724
11587,588aca26ed1bfc095abf2de16bf97b57,7004,90.0,3,1786606181724,2026-08-13T14:29:41.724
11588,588aca26ed1bfc095abf2de16bf97b57,7005,91.0,3,1786606182733,2026-08-13T14:29:42.733
11589,588aca26ed1bfc095abf2de16bf97b57,7006,92.0,3,1786606183733,2026-08-13T14:29:43.733
11590,588aca26ed1bfc095abf2de16bf97b57,7007,92.0,3,1786606184731,2026-08-13T14:29:44.731
11591,588aca26ed1bfc095abf2de16bf97b57,7008,93.0,3,1786606185729,2026-08-13T14:29:45.729
11592,588aca26ed1bfc095abf2de16bf97b57,7009,93.0,3,1786606186730,2026-08-13T14:29:46.730
11593,588aca26ed1bfc095abf2de16bf97b57,7010,93.0,3,1786606187730,2026-08-13T14:29:47.730
11594,588aca26ed1bfc095abf2de16bf97b57,7011,92.0,3,1786606188727,2026-08-13T14:29:48.727
11595,588aca26ed1bfc095abf2de16bf97b57,7012,92.0,3,1786606189727,2026-08-13T14:29:49.727
11596,588aca26ed1bfc095abf2de16bf97b57,7013,91.0,3,1786606190728,2026-08-13T14:29:50.728
11597,588aca26ed1bfc095abf2de16bf97b57,7014,91.0,3,1786606191727,2026-08-13T14:29:51.727
11598,588aca26ed1bfc095abf2de16bf97b57,7015,90.0,3,1786606192726,2026-08-13T14:29:52.726
11599,588aca26ed1bfc095abf2de16bf97b57,7016,90.0,3,1786606193725,2026-08-13T14:29:53.725
11600,588aca26ed1bfc095abf2de16bf97b57,7017,91.0,3,1786606194724,2026-08-13T14:29:54.724
11601,588aca26ed1bfc095abf2de16bf97b57,7018,92.0,3,1786606195724,2026-08-13T14:29:55.724
11602,588aca26ed1bfc095abf2de16bf97b57,7019,93.0,3,1786606196723,2026-08-13T14:29:56.723
11603,588aca26ed1bfc095abf2de16bf97b57,7020,94.0,3,1786606197724,2026-08-13T14:29:57.724
11604,588aca26ed1bfc095abf2de16bf97b57,7021,95.0,3,1786606198723,2026-08-13T14:29:58.723
11605,588aca26ed1bfc095abf2de16bf97b57,7022,96.0,3,1786606199726,2026-08-13T14:29:59.726
11606,588aca26ed1bfc095abf2de16bf97b57,7023,95.0,3,1786606200725,2026-08-13T14:30:00.725
11607,588aca26ed1bfc095abf2de16bf97b57,7024,95.0,3,1786606201724,2026-08-13T14:30:01.724
11608,588aca26ed1bfc095abf2de16bf97b57,7025,95.0,3,1786606202724,2026-08-13T14:30:02.724
11609,588aca26ed1bfc095abf2de16bf97b57,7026,95.0,3,1786606203724,2026-08-13T14:30:03.724
11610,588aca26ed1bfc095abf2de16bf97b57,7027,96.0,3,1786606204723,2026-08-13T14:30:04.723
11611,588aca26ed1bfc095abf2de16bf97b57,7028,97.0,3,1786606205724,2026-08-13T14:30:05.724
11612,588aca26ed1bfc095abf2de16bf97b57,7029,98.0,3,1786606206724,2026-08-13T14:30:06.724
11613,588aca26ed1bfc095abf2de16bf97b57,7030,99.0,3,1786606207724,2026-08-13T14:30:07.724
11614,588aca26ed1bfc095abf2de16bf97b57,7031,100.0,3,1786606208724,2026-08-13T14:30:08.724
11615,588aca26ed1bfc095abf2de16bf97b57,7032,102.0,3,1786606209724,2026-08-13T14:30:09.724
11616,588aca26ed1bfc095abf2de16bf97b57,7033,103.0,3,1786606210724,2026-08-13T14:30:10.724
11617,588aca26ed1bfc095abf2de16bf97b57,7034,103.0,3,1786606211732,2026-08-13T14:30:11.732
11618,588aca26ed1bfc095abf2de16bf97b57,7035,103.0,3,1786606212731,2026-08-13T14:30:12.731
11619,588aca26ed1bfc095abf2de16bf97b57,7036,104.0,3,1786606213731,2026-08-13T14:30:13.731
11620,588aca26ed1bfc095abf2de16bf97b57,7037,104.0,3,1786606214727,2026-08-13T14:30:14.727
11621,588aca26ed1bfc095abf2de16bf97b57,7038,104.0,3,1786606215725,2026-08-13T14:30:15.725
11622,588aca26ed1bfc095abf2de16bf97b57,7039,104.0,3,1786606216724,2026-08-13T14:30:16.724
11623,588aca26ed1bfc095abf2de16bf97b57,7040,103.0,3,1786606217724,2026-08-13T14:30:17.724
11624,588aca26ed1bfc095abf2de16bf97b57,7041,104.0,3,1786606218723,2026-08-13T14:30:18.723
11625,588aca26ed1bfc095abf2de16bf97b57,7042,103.0,3,1786606219724,2026-08-13T14:30:19.724
11626,588aca26ed1bfc095abf2de16bf97b57,7043,103.0,3,1786606220724,2026-08-13T14:30:20.724
11627,588aca26ed1bfc095abf2de16bf97b57,7044,102.0,3,1786606221726,2026-08-13T14:30:21.726
11628,588aca26ed1bfc095abf2de16bf97b57,7045,102.0,3,1786606222726,2026-08-13T14:30:22.726
11629,588aca26ed1bfc095abf2de16bf97b57,7046,101.0,3,1786606223726,2026-08-13T14:30:23.726
11630,588aca26ed1bfc095abf2de16bf97b57,7047,101.0,3,1786606224724,2026-08-13T14:30:24.724
11631,588aca26ed1bfc095abf2de16bf97b57,7048,100.0,3,1786606225724,2026-08-13T14:30:25.724
11632,588aca26ed1bfc095abf2de16bf97b57,7049,99.0,3,1786606226724,2026-08-13T14:30:26.724
11633,588aca26ed1bfc095abf2de16bf97b57,7050,98.0,3,1786606227724,2026-08-13T14:30:27.724
11634,588aca26ed1bfc095abf2de16bf97b57,7051,98.0,3,1786606228725,2026-08-13T14:30:28.725
11635,588aca26ed1bfc095abf2de16bf97b57,7052,97.0,3,1786606229724,2026-08-13T14:30:29.724
11636,588aca26ed1bfc095abf2de16bf97b57,7053,97.0,3,1786606230724,2026-08-13T14:30:30.724
11637,588aca26ed1bfc095abf2de16bf97b57,7054,97.0,3,1786606231724,2026-08-13T14:30:31.724
11638,588aca26ed1bfc095abf2de16bf97b57,7055,97.0,3,1786606232723,2026-08-13T14:30:32.723
11639,588aca26ed1bfc095abf2de16bf97b57,7056,96.0,3,1786606233724,2026-08-13T14:30:33.724
11640,588aca26ed1bfc095abf2de16bf97b57,7057,96.0,3,1786606234732,2026-08-13T14:30:34.732
11641,588aca26ed1bfc095abf2de16bf97b57,7058,96.0,3,1786606235730,2026-08-13T14:30:35.730
11642,588aca26ed1bfc095abf2de16bf97b57,7059,96.0,3,1786606236729,2026-08-13T14:30:36.729
11643,588aca26ed1bfc095abf2de16bf97b57,7060,96.0,3,1786606237723,2026-08-13T14:30:37.723
11644,588aca26ed1bfc095abf2de16bf97b57,7061,96.0,3,1786606238725,2026-08-13T14:30:38.725
11645,588aca26ed1bfc095abf2de16bf97b57,7062,96.0,3,1786606239726,2026-08-13T14:30:39.726
11646,588aca26ed1bfc095abf2de16bf97b57,7063,96.0,3,1786606240723,2026-08-13T14:30:40.723
11647,588aca26ed1bfc095abf2de16bf97b57,7064,96.0,3,1786606241724,2026-08-13T14:30:41.724
11648,588aca26ed1bfc095abf2de16bf97b57,7065,96.0,3,1786606242724,2026-08-13T14:30:42.724
11649,588aca26ed1bfc095abf2de16bf97b57,7066,96.0,3,1786606243724,2026-08-13T14:30:43.724
11650,588aca26ed1bfc095abf2de16bf97b57,7067,96.0,3,1786606244724,2026-08-13T14:30:44.724
11651,588aca26ed1bfc095abf2de16bf97b57,7068,97.0,3,1786606245724,2026-08-13T14:30:45.724
11652,588aca26ed1bfc095abf2de16bf97b57,7069,97.0,3,1786606246724,2026-08-13T14:30:46.724
11653,588aca26ed1bfc095abf2de16bf97b57,7070,98.0,3,1786606247724,2026-08-13T14:30:47.724
11654,588aca26ed1bfc095abf2de16bf97b57,7071,99.0,3,1786606248724,2026-08-13T14:30:48.724
11655,588aca26ed1bfc095abf2de16bf97b57,7072,99.0,3,1786606249724,2026-08-13T14:30:49.724
11656,588aca26ed1bfc095abf2de16bf97b57,7073,100.0,3,1786606250724,2026-08-13T14:30:50.724
11657,588aca26ed1bfc095abf2de16bf97b57,7074,102.0,3,1786606251723,2026-08-13T14:30:51.723
11658,588aca26ed1bfc095abf2de16bf97b57,7075,102.0,3,1786606252724,2026-08-13T14:30:52.724
11659,588aca26ed1bfc095abf2de16bf97b57,7076,102.0,3,1786606253724,2026-08-13T14:30:53.724
11660,588aca26ed1bfc095abf2de16bf97b57,7077,102.0,3,1786606254724,2026-08-13T14:30:54.724
11661,588aca26ed1bfc095abf2de16bf97b57,7078,103.0,3,1786606255724,2026-08-13T14:30:55.724
11662,588aca26ed1bfc095abf2de16bf97b57,7079,103.0,3,1786606256724,2026-08-13T14:30:56.724
11663,588aca26ed1bfc095abf2de16bf97b57,7080,103.0,3,1786606257725,2026-08-13T14:30:57.725
11664,588aca26ed1bfc095abf2de16bf97b57,7081,103.0,3,1786606258732,2026-08-13T14:30:58.732
11665,588aca26ed1bfc095abf2de16bf97b57,7082,102.0,3,1786606259732,2026-08-13T14:30:59.732
11666,588aca26ed1bfc095abf2de16bf97b57,7083,101.0,3,1786606260730,2026-08-13T14:31:00.730
11667,588aca26ed1bfc095abf2de16bf97b57,7084,101.0,3,1786606261727,2026-08-13T14:31:01.727
11668,588aca26ed1bfc095abf2de16bf97b57,7085,100.0,3,1786606262727,2026-08-13T14:31:02.727
11669,588aca26ed1bfc095abf2de16bf97b57,7086,98.0,3,1786606263725,2026-08-13T14:31:03.725
11670,588aca26ed1bfc095abf2de16bf97b57,7087,96.0,3,1786606264726,2026-08-13T14:31:04.726
11671,588aca26ed1bfc095abf2de16bf97b57,7088,94.0,3,1786606265723,2026-08-13T14:31:05.723
11672,588aca26ed1bfc095abf2de16bf97b57,7089,93.0,3,1786606266724,2026-08-13T14:31:06.724
11673,588aca26ed1bfc095abf2de16bf97b57,7090,92.0,3,1786606267724,2026-08-13T14:31:07.724
11674,588aca26ed1bfc095abf2de16bf97b57,7091,91.0,3,1786606268724,2026-08-13T14:31:08.724
11675,588aca26ed1bfc095abf2de16bf97b57,7092,91.0,3,1786606269724,2026-08-13T14:31:09.724
11676,588aca26ed1bfc095abf2de16bf97b57,7093,92.0,3,1786606270724,2026-08-13T14:31:10.724
11677,588aca26ed1bfc095abf2de16bf97b57,7094,93.0,3,1786606271724,2026-08-13T14:31:11.724
11678,588aca26ed1bfc095abf2de16bf97b57,7095,95.0,3,1786606272725,2026-08-13T14:31:12.725
11679,588aca26ed1bfc095abf2de16bf97b57,7096,96.0,3,1786606273724,2026-08-13T14:31:13.724
11680,588aca26ed1bfc095abf2de16bf97b57,7097,97.0,3,1786606274723,2026-08-13T14:31:14.723
11681,588aca26ed1bfc095abf2de16bf97b57,7098,98.0,3,1786606275723,2026-08-13T14:31:15.723
11682,588aca26ed1bfc095abf2de16bf97b57,7099,98.0,3,1786606276724,2026-08-13T14:31:16.724
11683,588aca26ed1bfc095abf2de16bf97b57,7100,98.0,3,1786606277724,2026-08-13T14:31:17.724
11684,588aca26ed1bfc095abf2de16bf97b57,7101,97.0,3,1786606278724,2026-08-13T14:31:18.724
11685,588aca26ed1bfc095abf2de16bf97b57,7102,97.0,3,1786606279724,2026-08-13T14:31:19.724
11686,588aca26ed1bfc095abf2de16bf97b57,7103,97.0,3,1786606280724,2026-08-13T14:31:20.724
11687,588aca26ed1bfc095abf2de16bf97b57,7104,96.0,3,1786606281724,2026-08-13T14:31:21.724
11688,588aca26ed1bfc095abf2de16bf97b57,7105,96.0,3,1786606282724,2026-08-13T14:31:22.724
11689,588aca26ed1bfc095abf2de16bf97b57,7106,95.0,3,1786606283724,2026-08-13T14:31:23.724
11690,588aca26ed1bfc095abf2de16bf97b57,7107,95.0,3,1786606284724,2026-08-13T14:31:24.724
11691,588aca26ed1bfc095abf2de16bf97b57,7108,94.0,3,1786606285733,2026-08-13T14:31:25.733
11692,588aca26ed1bfc095abf2de16bf97b57,7109,94.0,3,1786606286732,2026-08-13T14:31:26.732
11693,588aca26ed1bfc095abf2de16bf97b57,7110,93.0,3,1786606287730,2026-08-13T14:31:27.730
11694,588aca26ed1bfc095abf2de16bf97b57,7111,92.0,3,1786606288732,2026-08-13T14:31:28.732
11695,588aca26ed1bfc095abf2de16bf97b57,7112,91.0,3,1786606289730,2026-08-13T14:31:29.730
11696,588aca26ed1bfc095abf2de16bf97b57,7113,91.0,3,1786606290727,2026-08-13T14:31:30.727
11697,588aca26ed1bfc095abf2de16bf97b57,7114,91.0,3,1786606291726,2026-08-13T14:31:31.726
11698,588aca26ed1bfc095abf2de16bf97b57,7115,91.0,3,1786606292725,2026-08-13T14:31:32.725
11699,588aca26ed1bfc095abf2de16bf97b57,7116,93.0,3,1786606293724,2026-08-13T14:31:33.724
11700,588aca26ed1bfc095abf2de16bf97b57,7117,92.0,3,1786606294724,2026-08-13T14:31:34.724
11701,588aca26ed1bfc095abf2de16bf97b57,7118,93.0,3,1786606295724,2026-08-13T14:31:35.724
11702,588aca26ed1bfc095abf2de16bf97b57,7119,94.0,3,1786606296724,2026-08-13T14:31:36.724
11703,588aca26ed1bfc095abf2de16bf97b57,7120,95.0,3,1786606297724,2026-08-13T14:31:37.724
11704,588aca26ed1bfc095abf2de16bf97b57,7121,96.0,3,1786606298726,2026-08-13T14:31:38.726
11705,588aca26ed1bfc095abf2de16bf97b57,7122,96.0,3,1786606299724,2026-08-13T14:31:39.724
11706,588aca26ed1bfc095abf2de16bf97b57,7123,95.0,3,1786606300724,2026-08-13T14:31:40.724
11707,588aca26ed1bfc095abf2de16bf97b57,7124,95.0,3,1786606301724,2026-08-13T14:31:41.724
11708,588aca26ed1bfc095abf2de16bf97b57,7125,96.0,3,1786606302724,2026-08-13T14:31:42.724
11709,588aca26ed1bfc095abf2de16bf97b57,7126,96.0,3,1786606303723,2026-08-13T14:31:43.723
11710,588aca26ed1bfc095abf2de16bf97b57,7127,96.0,3,1786606304724,2026-08-13T14:31:44.724
11711,588aca26ed1bfc095abf2de16bf97b57,7128,96.0,3,1786606305724,2026-08-13T14:31:45.724
11712,588aca26ed1bfc095abf2de16bf97b57,7129,95.0,3,1786606306724,2026-08-13T14:31:46.724
11713,588aca26ed1bfc095abf2de16bf97b57,7130,94.0,3,1786606307724,2026-08-13T14:31:47.724
11714,588aca26ed1bfc095abf2de16bf97b57,7131,94.0,3,1786606308723,2026-08-13T14:31:48.723
11715,588aca26ed1bfc095abf2de16bf97b57,7132,95.0,3,1786606309724,2026-08-13T14:31:49.724
11716,588aca26ed1bfc095abf2de16bf97b57,7133,94.0,3,1786606310725,2026-08-13T14:31:50.725
11717,588aca26ed1bfc095abf2de16bf97b57,7134,96.0,3,1786606311733,2026-08-13T14:31:51.733
11718,588aca26ed1bfc095abf2de16bf97b57,7135,97.0,3,1786606312732,2026-08-13T14:31:52.732
11719,588aca26ed1bfc095abf2de16bf97b57,7136,98.0,3,1786606313731,2026-08-13T14:31:53.731
11720,588aca26ed1bfc095abf2de16bf97b57,7137,98.0,3,1786606314728,2026-08-13T14:31:54.728
11721,588aca26ed1bfc095abf2de16bf97b57,7138,98.0,3,1786606315724,2026-08-13T14:31:55.724
11722,588aca26ed1bfc095abf2de16bf97b57,7139,98.0,3,1786606316724,2026-08-13T14:31:56.724
11723,588aca26ed1bfc095abf2de16bf97b57,7140,98.0,3,1786606317724,2026-08-13T14:31:57.724
11724,588aca26ed1bfc095abf2de16bf97b57,7141,99.0,3,1786606318725,2026-08-13T14:31:58.725
11725,588aca26ed1bfc095abf2de16bf97b57,7142,99.0,3,1786606319724,2026-08-13T14:31:59.724
11726,588aca26ed1bfc095abf2de16bf97b57,7143,99.0,3,1786606320723,2026-08-13T14:32:00.723
11727,588aca26ed1bfc095abf2de16bf97b57,7144,100.0,3,1786606321724,2026-08-13T14:32:01.724
11728,588aca26ed1bfc095abf2de16bf97b57,7145,100.0,3,1786606322724,2026-08-13T14:32:02.724
11729,588aca26ed1bfc095abf2de16bf97b57,7146,100.0,3,1786606323724,2026-08-13T14:32:03.724
11730,588aca26ed1bfc095abf2de16bf97b57,7147,100.0,3,1786606324733,2026-08-13T14:32:04.733
11731,588aca26ed1bfc095abf2de16bf97b57,7148,99.0,3,1786606325731,2026-08-13T14:32:05.731
11732,588aca26ed1bfc095abf2de16bf97b57,7149,99.0,3,1786606326729,2026-08-13T14:32:06.729
11733,588aca26ed1bfc095abf2de16bf97b57,7150,99.0,3,1786606327727,2026-08-13T14:32:07.727
11734,588aca26ed1bfc095abf2de16bf97b57,7151,98.0,3,1786606328727,2026-08-13T14:32:08.727
11735,588aca26ed1bfc095abf2de16bf97b57,7152,99.0,3,1786606329726,2026-08-13T14:32:09.726
11736,588aca26ed1bfc095abf2de16bf97b57,7153,97.0,3,1786606330725,2026-08-13T14:32:10.725
11737,588aca26ed1bfc095abf2de16bf97b57,7154,96.0,3,1786606331724,2026-08-13T14:32:11.724
11738,588aca26ed1bfc095abf2de16bf97b57,7155,97.0,3,1786606332724,2026-08-13T14:32:12.724
11739,588aca26ed1bfc095abf2de16bf97b57,7156,98.0,3,1786606333724,2026-08-13T14:32:13.724
11740,588aca26ed1bfc095abf2de16bf97b57,7157,99.0,3,1786606334724,2026-08-13T14:32:14.724
11741,588aca26ed1bfc095abf2de16bf97b57,7158,99.0,3,1786606335727,2026-08-13T14:32:15.727
11742,588aca26ed1bfc095abf2de16bf97b57,7159,100.0,3,1786606336724,2026-08-13T14:32:16.724
11743,588aca26ed1bfc095abf2de16bf97b57,7160,102.0,3,1786606337725,2026-08-13T14:32:17.725
11744,588aca26ed1bfc095abf2de16bf97b57,7161,101.0,3,1786606338724,2026-08-13T14:32:18.724
11745,588aca26ed1bfc095abf2de16bf97b57,7162,101.0,3,1786606339723,2026-08-13T14:32:19.723
11746,588aca26ed1bfc095abf2de16bf97b57,7163,101.0,3,1786606340724,2026-08-13T14:32:20.724
11747,588aca26ed1bfc095abf2de16bf97b57,7164,102.0,3,1786606341724,2026-08-13T14:32:21.724
11748,588aca26ed1bfc095abf2de16bf97b57,7165,102.0,3,1786606342726,2026-08-13T14:32:22.726
11749,588aca26ed1bfc095abf2de16bf97b57,7166,103.0,3,1786606343724,2026-08-13T14:32:23.724
11750,588aca26ed1bfc095abf2de16bf97b57,7167,104.0,3,1786606344724,2026-08-13T14:32:24.724
11751,588aca26ed1bfc095abf2de16bf97b57,7168,104.0,3,1786606345724,2026-08-13T14:32:25.724
11752,588aca26ed1bfc095abf2de16bf97b57,7169,104.0,3,1786606346724,2026-08-13T14:32:26.724
11753,588aca26ed1bfc095abf2de16bf97b57,7170,103.0,3,1786606347733,2026-08-13T14:32:27.733
11754,588aca26ed1bfc095abf2de16bf97b57,7171,103.0,3,1786606348730,2026-08-13T14:32:28.730
11755,588aca26ed1bfc095abf2de16bf97b57,7172,103.0,3,1786606349731,2026-08-13T14:32:29.731
11756,588aca26ed1bfc095abf2de16bf97b57,7173,102.0,3,1786606350729,2026-08-13T14:32:30.729
11757,588aca26ed1bfc095abf2de16bf97b57,7174,102.0,3,1786606351732,2026-08-13T14:32:31.732
11758,588aca26ed1bfc095abf2de16bf97b57,7175,101.0,3,1786606352729,2026-08-13T14:32:32.729
11759,588aca26ed1bfc095abf2de16bf97b57,7176,101.0,3,1786606353730,2026-08-13T14:32:33.730
11760,588aca26ed1bfc095abf2de16bf97b57,7177,101.0,3,1786606354727,2026-08-13T14:32:34.727
11761,588aca26ed1bfc095abf2de16bf97b57,7178,101.0,3,1786606355726,2026-08-13T14:32:35.726
11762,588aca26ed1bfc095abf2de16bf97b57,7179,101.0,3,1786606356726,2026-08-13T14:32:36.726
11763,588aca26ed1bfc095abf2de16bf97b57,7180,100.0,3,1786606357727,2026-08-13T14:32:37.727
11764,588aca26ed1bfc095abf2de16bf97b57,7181,101.0,3,1786606358734,2026-08-13T14:32:38.734
11765,588aca26ed1bfc095abf2de16bf97b57,7182,100.0,3,1786606359724,2026-08-13T14:32:39.724
11766,588aca26ed1bfc095abf2de16bf97b57,7183,101.0,3,1786606360723,2026-08-13T14:32:40.723
11767,588aca26ed1bfc095abf2de16bf97b57,7184,101.0,3,1786606361724,2026-08-13T14:32:41.724
11768,588aca26ed1bfc095abf2de16bf97b57,7185,101.0,3,1786606362723,2026-08-13T14:32:42.723
11769,588aca26ed1bfc095abf2de16bf97b57,7186,102.0,3,1786606363724,2026-08-13T14:32:43.724
11770,588aca26ed1bfc095abf2de16bf97b57,7187,102.0,3,1786606364723,2026-08-13T14:32:44.723
11771,588aca26ed1bfc095abf2de16bf97b57,7188,103.0,3,1786606365724,2026-08-13T14:32:45.724
11772,588aca26ed1bfc095abf2de16bf97b57,7189,102.0,3,1786606366731,2026-08-13T14:32:46.731
11773,588aca26ed1bfc095abf2de16bf97b57,7190,102.0,3,1786606367723,2026-08-13T14:32:47.723
11774,588aca26ed1bfc095abf2de16bf97b57,7191,102.0,3,1786606368724,2026-08-13T14:32:48.724
11775,588aca26ed1bfc095abf2de16bf97b57,7192,102.0,3,1786606369725,2026-08-13T14:32:49.725
11776,588aca26ed1bfc095abf2de16bf97b57,7193,102.0,3,1786606370726,2026-08-13T14:32:50.726
11777,588aca26ed1bfc095abf2de16bf97b57,7194,101.0,3,1786606371730,2026-08-13T14:32:51.730
11778,588aca26ed1bfc095abf2de16bf97b57,7195,102.0,3,1786606372723,2026-08-13T14:32:52.723
11779,588aca26ed1bfc095abf2de16bf97b57,7196,102.0,3,1786606373728,2026-08-13T14:32:53.728
11780,588aca26ed1bfc095abf2de16bf97b57,7197,102.0,3,1786606374724,2026-08-13T14:32:54.724
11781,588aca26ed1bfc095abf2de16bf97b57,7198,103.0,3,1786606375724,2026-08-13T14:32:55.724
11782,588aca26ed1bfc095abf2de16bf97b57,7199,104.0,3,1786606376724,2026-08-13T14:32:56.724
11783,588aca26ed1bfc095abf2de16bf97b57,7200,106.0,3,1786606377724,2026-08-13T14:32:57.724
11784,588aca26ed1bfc095abf2de16bf97b57,7201,105.0,3,1786606378724,2026-08-13T14:32:58.724
11785,588aca26ed1bfc095abf2de16bf97b57,7202,106.0,3,1786606379724,2026-08-13T14:32:59.724
11786,588aca26ed1bfc095abf2de16bf97b57,7203,106.0,3,1786606380724,2026-08-13T14:33:00.724
11787,588aca26ed1bfc095abf2de16bf97b57,7204,105.0,3,1786606381724,2026-08-13T14:33:01.724
11788,588aca26ed1bfc095abf2de16bf97b57,7205,104.0,3,1786606382724,2026-08-13T14:33:02.724
11789,588aca26ed1bfc095abf2de16bf97b57,7206,103.0,3,1786606383725,2026-08-13T14:33:03.725
11790,588aca26ed1bfc095abf2de16bf97b57,7207,102.0,3,1786606384724,2026-08-13T14:33:04.724
11791,588aca26ed1bfc095abf2de16bf97b57,7208,103.0,3,1786606385724,2026-08-13T14:33:05.724
11792,588aca26ed1bfc095abf2de16bf97b57,7209,103.0,3,1786606386724,2026-08-13T14:33:06.724
11793,588aca26ed1bfc095abf2de16bf97b57,7210,103.0,3,1786606387724,2026-08-13T14:33:07.724
11794,588aca26ed1bfc095abf2de16bf97b57,7211,104.0,3,1786606388724,2026-08-13T14:33:08.724
11795,588aca26ed1bfc095abf2de16bf97b57,7212,105.0,3,1786606389725,2026-08-13T14:33:09.725
11796,588aca26ed1bfc095abf2de16bf97b57,7213,107.0,3,1786606390725,2026-08-13T14:33:10.725
11797,588aca26ed1bfc095abf2de16bf97b57,7214,107.0,3,1786606391732,2026-08-13T14:33:11.732
11798,588aca26ed1bfc095abf2de16bf97b57,7215,107.0,3,1786606392732,2026-08-13T14:33:12.732
11799,588aca26ed1bfc095abf2de16bf97b57,7216,108.0,3,1786606393726,2026-08-13T14:33:13.726
11800,588aca26ed1bfc095abf2de16bf97b57,7217,109.0,3,1786606394726,2026-08-13T14:33:14.726
11801,588aca26ed1bfc095abf2de16bf97b57,7218,110.0,3,1786606395725,2026-08-13T14:33:15.725
11802,588aca26ed1bfc095abf2de16bf97b57,7219,109.0,3,1786606396726,2026-08-13T14:33:16.726
11803,588aca26ed1bfc095abf2de16bf97b57,7220,108.0,3,1786606397724,2026-08-13T14:33:17.724
11804,588aca26ed1bfc095abf2de16bf97b57,7221,108.0,3,1786606398725,2026-08-13T14:33:18.725
11805,588aca26ed1bfc095abf2de16bf97b57,7222,111.0,3,1786606399724,2026-08-13T14:33:19.724
11806,588aca26ed1bfc095abf2de16bf97b57,7223,113.0,3,1786606400724,2026-08-13T14:33:20.724
11807,588aca26ed1bfc095abf2de16bf97b57,7224,112.0,3,1786606401724,2026-08-13T14:33:21.724
11808,588aca26ed1bfc095abf2de16bf97b57,7225,113.0,3,1786606402724,2026-08-13T14:33:22.724
11809,588aca26ed1bfc095abf2de16bf97b57,7226,111.0,3,1786606403730,2026-08-13T14:33:23.730
11810,588aca26ed1bfc095abf2de16bf97b57,7227,110.0,3,1786606404726,2026-08-13T14:33:24.726
11811,588aca26ed1bfc095abf2de16bf97b57,7228,109.0,3,1786606405731,2026-08-13T14:33:25.731
11812,588aca26ed1bfc095abf2de16bf97b57,7229,109.0,3,1786606406728,2026-08-13T14:33:26.728
11813,588aca26ed1bfc095abf2de16bf97b57,7230,111.0,3,1786606407725,2026-08-13T14:33:27.725
11814,588aca26ed1bfc095abf2de16bf97b57,7231,111.0,3,1786606408724,2026-08-13T14:33:28.724
11815,588aca26ed1bfc095abf2de16bf97b57,7232,110.0,3,1786606409724,2026-08-13T14:33:29.724
11816,588aca26ed1bfc095abf2de16bf97b57,7233,109.0,3,1786606410724,2026-08-13T14:33:30.724
11817,588aca26ed1bfc095abf2de16bf97b57,7234,108.0,3,1786606411724,2026-08-13T14:33:31.724
11818,588aca26ed1bfc095abf2de16bf97b57,7235,108.0,3,1786606412725,2026-08-13T14:33:32.725
11819,588aca26ed1bfc095abf2de16bf97b57,7236,108.0,3,1786606413724,2026-08-13T14:33:33.724
11820,588aca26ed1bfc095abf2de16bf97b57,7237,107.0,3,1786606414723,2026-08-13T14:33:34.723
11821,588aca26ed1bfc095abf2de16bf97b57,7238,107.0,3,1786606415725,2026-08-13T14:33:35.725
11822,588aca26ed1bfc095abf2de16bf97b57,7239,107.0,3,1786606416730,2026-08-13T14:33:36.730
11823,588aca26ed1bfc095abf2de16bf97b57,7240,108.0,3,1786606417730,2026-08-13T14:33:37.730
11824,588aca26ed1bfc095abf2de16bf97b57,7241,108.0,3,1786606418727,2026-08-13T14:33:38.727
11825,588aca26ed1bfc095abf2de16bf97b57,7242,108.0,3,1786606419726,2026-08-13T14:33:39.726
11826,588aca26ed1bfc095abf2de16bf97b57,7243,108.0,3,1786606420723,2026-08-13T14:33:40.723
11827,588aca26ed1bfc095abf2de16bf97b57,7244,108.0,3,1786606421724,2026-08-13T14:33:41.724
11828,588aca26ed1bfc095abf2de16bf97b57,7245,107.0,3,1786606422730,2026-08-13T14:33:42.730
11829,588aca26ed1bfc095abf2de16bf97b57,7246,106.0,3,1786606423724,2026-08-13T14:33:43.724
11830,588aca26ed1bfc095abf2de16bf97b57,7247,105.0,3,1786606424724,2026-08-13T14:33:44.724
11831,588aca26ed1bfc095abf2de16bf97b57,7248,105.0,3,1786606425725,2026-08-13T14:33:45.725
11832,588aca26ed1bfc095abf2de16bf97b57,7249,105.0,3,1786606426725,2026-08-13T14:33:46.725
11833,588aca26ed1bfc095abf2de16bf97b57,7250,104.0,3,1786606427724,2026-08-13T14:33:47.724
11834,588aca26ed1bfc095abf2de16bf97b57,7251,105.0,3,1786606428723,2026-08-13T14:33:48.723
11835,588aca26ed1bfc095abf2de16bf97b57,7252,105.0,3,1786606429724,2026-08-13T14:33:49.724
11836,588aca26ed1bfc095abf2de16bf97b57,7253,106.0,3,1786606430723,2026-08-13T14:33:50.723
11837,588aca26ed1bfc095abf2de16bf97b57,7254,106.0,3,1786606431725,2026-08-13T14:33:51.725
11838,588aca26ed1bfc095abf2de16bf97b57,7255,107.0,3,1786606432726,2026-08-13T14:33:52.726
11839,588aca26ed1bfc095abf2de16bf97b57,7256,107.0,3,1786606433726,2026-08-13T14:33:53.726
11840,588aca26ed1bfc095abf2de16bf97b57,7257,109.0,3,1786606434726,2026-08-13T14:33:54.726
11841,588aca26ed1bfc095abf2de16bf97b57,7258,109.0,3,1786606435723,2026-08-13T14:33:55.723
11842,588aca26ed1bfc095abf2de16bf97b57,7259,110.0,3,1786606436723,2026-08-13T14:33:56.723
11843,588aca26ed1bfc095abf2de16bf97b57,7260,111.0,3,1786606437723,2026-08-13T14:33:57.723
11844,588aca26ed1bfc095abf2de16bf97b57,7261,110.0,3,1786606438725,2026-08-13T14:33:58.725
11845,588aca26ed1bfc095abf2de16bf97b57,7262,111.0,3,1786606439725,2026-08-13T14:33:59.725
11846,588aca26ed1bfc095abf2de16bf97b57,7263,111.0,3,1786606440724,2026-08-13T14:34:00.724
11847,588aca26ed1bfc095abf2de16bf97b57,7264,113.0,3,1786606441726,2026-08-13T14:34:01.726
11848,588aca26ed1bfc095abf2de16bf97b57,7265,113.0,3,1786606442730,2026-08-13T14:34:02.730
11849,588aca26ed1bfc095abf2de16bf97b57,7266,114.0,3,1786606443732,2026-08-13T14:34:03.732
11850,588aca26ed1bfc095abf2de16bf97b57,7267,113.0,3,1786606444726,2026-08-13T14:34:04.726
11851,588aca26ed1bfc095abf2de16bf97b57,7268,113.0,3,1786606445727,2026-08-13T14:34:05.727
11852,588aca26ed1bfc095abf2de16bf97b57,7269,112.0,3,1786606446725,2026-08-13T14:34:06.725
11853,588aca26ed1bfc095abf2de16bf97b57,7270,111.0,3,1786606447724,2026-08-13T14:34:07.724
11854,588aca26ed1bfc095abf2de16bf97b57,7271,111.0,3,1786606448726,2026-08-13T14:34:08.726
11855,588aca26ed1bfc095abf2de16bf97b57,7272,111.0,3,1786606449726,2026-08-13T14:34:09.726
11856,588aca26ed1bfc095abf2de16bf97b57,7273,113.0,3,1786606450726,2026-08-13T14:34:10.726
11857,588aca26ed1bfc095abf2de16bf97b57,7274,113.0,3,1786606451726,2026-08-13T14:34:11.726
11858,588aca26ed1bfc095abf2de16bf97b57,7275,112.0,3,1786606452724,2026-08-13T14:34:12.724
11859,588aca26ed1bfc095abf2de16bf97b57,7276,111.0,3,1786606453735,2026-08-13T14:34:13.735
11860,588aca26ed1bfc095abf2de16bf97b57,7277,110.0,3,1786606454724,2026-08-13T14:34:14.724
11861,588aca26ed1bfc095abf2de16bf97b57,7278,108.0,3,1786606455724,2026-08-13T14:34:15.724
11862,588aca26ed1bfc095abf2de16bf97b57,7279,108.0,3,1786606456724,2026-08-13T14:34:16.724
11863,588aca26ed1bfc095abf2de16bf97b57,7280,107.0,3,1786606457724,2026-08-13T14:34:17.724
11864,588aca26ed1bfc095abf2de16bf97b57,7281,106.0,3,1786606458724,2026-08-13T14:34:18.724
11865,588aca26ed1bfc095abf2de16bf97b57,7282,105.0,3,1786606459724,2026-08-13T14:34:19.724
11866,588aca26ed1bfc095abf2de16bf97b57,7283,104.0,3,1786606460724,2026-08-13T14:34:20.724
11867,588aca26ed1bfc095abf2de16bf97b57,7284,103.0,3,1786606461725,2026-08-13T14:34:21.725
11868,588aca26ed1bfc095abf2de16bf97b57,7285,101.0,3,1786606462724,2026-08-13T14:34:22.724
11869,588aca26ed1bfc095abf2de16bf97b57,7286,100.0,3,1786606463727,2026-08-13T14:34:23.727
11870,588aca26ed1bfc095abf2de16bf97b57,7287,99.0,3,1786606464724,2026-08-13T14:34:24.724
11871,588aca26ed1bfc095abf2de16bf97b57,7288,98.0,3,1786606465724,2026-08-13T14:34:25.724
11872,588aca26ed1bfc095abf2de16bf97b57,7289,98.0,3,1786606466725,2026-08-13T14:34:26.725
11873,588aca26ed1bfc095abf2de16bf97b57,7290,99.0,3,1786606467725,2026-08-13T14:34:27.725
11874,588aca26ed1bfc095abf2de16bf97b57,7291,99.0,3,1786606468723,2026-08-13T14:34:28.723
11875,588aca26ed1bfc095abf2de16bf97b57,7292,99.0,3,1786606469725,2026-08-13T14:34:29.725
11876,588aca26ed1bfc095abf2de16bf97b57,7293,99.0,3,1786606470724,2026-08-13T14:34:30.724
11877,588aca26ed1bfc095abf2de16bf97b57,7294,99.0,3,1786606471723,2026-08-13T14:34:31.723
11878,588aca26ed1bfc095abf2de16bf97b57,7295,99.0,3,1786606472723,2026-08-13T14:34:32.723
11879,588aca26ed1bfc095abf2de16bf97b57,7296,99.0,3,1786606473724,2026-08-13T14:34:33.724
11880,588aca26ed1bfc095abf2de16bf97b57,7297,98.0,3,1786606474724,2026-08-13T14:34:34.724
11881,588aca26ed1bfc095abf2de16bf97b57,7298,98.0,3,1786606475724,2026-08-13T14:34:35.724
11882,588aca26ed1bfc095abf2de16bf97b57,7299,99.0,3,1786606476724,2026-08-13T14:34:36.724
11883,588aca26ed1bfc095abf2de16bf97b57,7300,99.0,3,1786606477724,2026-08-13T14:34:37.724
11884,588aca26ed1bfc095abf2de16bf97b57,7301,99.0,3,1786606478724,2026-08-13T14:34:38.724
11885,588aca26ed1bfc095abf2de16bf97b57,7302,99.0,3,1786606479724,2026-08-13T14:34:39.724
11886,588aca26ed1bfc095abf2de16bf97b57,7303,100.0,3,1786606480742,2026-08-13T14:34:40.742
11887,588aca26ed1bfc095abf2de16bf97b57,7304,100.0,3,1786606481725,2026-08-13T14:34:41.725
11888,588aca26ed1bfc095abf2de16bf97b57,7305,101.0,3,1786606482725,2026-08-13T14:34:42.725
11889,588aca26ed1bfc095abf2de16bf97b57,7306,103.0,3,1786606483723,2026-08-13T14:34:43.723
11890,588aca26ed1bfc095abf2de16bf97b57,7307,104.0,3,1786606484725,2026-08-13T14:34:44.725
11891,588aca26ed1bfc095abf2de16bf97b57,7308,103.0,3,1786606485725,2026-08-13T14:34:45.725
11892,588aca26ed1bfc095abf2de16bf97b57,7309,104.0,3,1786606486726,2026-08-13T14:34:46.726
11893,588aca26ed1bfc095abf2de16bf97b57,7310,105.0,3,1786606487726,2026-08-13T14:34:47.726
11894,588aca26ed1bfc095abf2de16bf97b57,7311,105.0,3,1786606488724,2026-08-13T14:34:48.724
11895,588aca26ed1bfc095abf2de16bf97b57,7312,108.0,3,1786606489724,2026-08-13T14:34:49.724
11896,588aca26ed1bfc095abf2de16bf97b57,7313,110.0,3,1786606490724,2026-08-13T14:34:50.724
11897,588aca26ed1bfc095abf2de16bf97b57,7314,110.0,3,1786606491724,2026-08-13T14:34:51.724
11898,588aca26ed1bfc095abf2de16bf97b57,7315,108.0,3,1786606492723,2026-08-13T14:34:52.723
11899,588aca26ed1bfc095abf2de16bf97b57,7316,109.0,3,1786606493724,2026-08-13T14:34:53.724
11900,588aca26ed1bfc095abf2de16bf97b57,7317,111.0,3,1786606494724,2026-08-13T14:34:54.724
11901,588aca26ed1bfc095abf2de16bf97b57,7318,112.0,3,1786606495724,2026-08-13T14:34:55.724
11902,588aca26ed1bfc095abf2de16bf97b57,7319,111.0,3,1786606496723,2026-08-13T14:34:56.723
11903,588aca26ed1bfc095abf2de16bf97b57,7320,111.0,3,1786606497724,2026-08-13T14:34:57.724
11904,588aca26ed1bfc095abf2de16bf97b57,7321,112.0,3,1786606498724,2026-08-13T14:34:58.724
11905,588aca26ed1bfc095abf2de16bf97b57,7322,112.0,3,1786606499730,2026-08-13T14:34:59.730
11906,588aca26ed1bfc095abf2de16bf97b57,7323,113.0,3,1786606500724,2026-08-13T14:35:00.724
11907,588aca26ed1bfc095abf2de16bf97b57,7324,114.0,3,1786606501724,2026-08-13T14:35:01.724
11908,588aca26ed1bfc095abf2de16bf97b57,7325,115.0,3,1786606502727,2026-08-13T14:35:02.727
11909,588aca26ed1bfc095abf2de16bf97b57,7326,114.0,3,1786606503725,2026-08-13T14:35:03.725
11910,588aca26ed1bfc095abf2de16bf97b57,7327,113.0,3,1786606504724,2026-08-13T14:35:04.724
11911,588aca26ed1bfc095abf2de16bf97b57,7328,113.0,3,1786606505724,2026-08-13T14:35:05.724
11912,588aca26ed1bfc095abf2de16bf97b57,7329,113.0,3,1786606506725,2026-08-13T14:35:06.725
11913,588aca26ed1bfc095abf2de16bf97b57,7330,111.0,3,1786606507726,2026-08-13T14:35:07.726
11914,588aca26ed1bfc095abf2de16bf97b57,7331,109.0,3,1786606508724,2026-08-13T14:35:08.724
11915,588aca26ed1bfc095abf2de16bf97b57,7332,109.0,3,1786606509724,2026-08-13T14:35:09.724
11916,588aca26ed1bfc095abf2de16bf97b57,7333,110.0,3,1786606510724,2026-08-13T14:35:10.724
11917,588aca26ed1bfc095abf2de16bf97b57,7334,112.0,3,1786606511724,2026-08-13T14:35:11.724
11918,588aca26ed1bfc095abf2de16bf97b57,7335,114.0,3,1786606512724,2026-08-13T14:35:12.724
11919,588aca26ed1bfc095abf2de16bf97b57,7336,114.0,3,1786606513724,2026-08-13T14:35:13.724
11920,588aca26ed1bfc095abf2de16bf97b57,7337,112.0,3,1786606514724,2026-08-13T14:35:14.724
11921,588aca26ed1bfc095abf2de16bf97b57,7338,111.0,3,1786606515727,2026-08-13T14:35:15.727
11922,588aca26ed1bfc095abf2de16bf97b57,7339,109.0,3,1786606516724,2026-08-13T14:35:16.724
11923,588aca26ed1bfc095abf2de16bf97b57,7340,107.0,3,1786606517723,2026-08-13T14:35:17.723
11924,588aca26ed1bfc095abf2de16bf97b57,7341,106.0,3,1786606518724,2026-08-13T14:35:18.724
11925,588aca26ed1bfc095abf2de16bf97b57,7342,104.0,3,1786606519723,2026-08-13T14:35:19.723
11926,588aca26ed1bfc095abf2de16bf97b57,7343,103.0,3,1786606520723,2026-08-13T14:35:20.723
11927,588aca26ed1bfc095abf2de16bf97b57,7344,104.0,3,1786606521724,2026-08-13T14:35:21.724
11928,588aca26ed1bfc095abf2de16bf97b57,7345,105.0,3,1786606522724,2026-08-13T14:35:22.724
11929,588aca26ed1bfc095abf2de16bf97b57,7346,105.0,3,1786606523734,2026-08-13T14:35:23.734
11930,588aca26ed1bfc095abf2de16bf97b57,7347,104.0,3,1786606524730,2026-08-13T14:35:24.730
11931,588aca26ed1bfc095abf2de16bf97b57,7348,103.0,3,1786606525732,2026-08-13T14:35:25.732
11932,588aca26ed1bfc095abf2de16bf97b57,7349,102.0,3,1786606526728,2026-08-13T14:35:26.728
11933,588aca26ed1bfc095abf2de16bf97b57,7350,101.0,3,1786606527730,2026-08-13T14:35:27.730
11934,588aca26ed1bfc095abf2de16bf97b57,7351,99.0,3,1786606528726,2026-08-13T14:35:28.726
11935,588aca26ed1bfc095abf2de16bf97b57,7352,99.0,3,1786606529727,2026-08-13T14:35:29.727
11936,588aca26ed1bfc095abf2de16bf97b57,7353,99.0,3,1786606530736,2026-08-13T14:35:30.736
11937,588aca26ed1bfc095abf2de16bf97b57,7354,97.0,3,1786606531726,2026-08-13T14:35:31.726
11938,588aca26ed1bfc095abf2de16bf97b57,7355,97.0,3,1786606532725,2026-08-13T14:35:32.725
11939,588aca26ed1bfc095abf2de16bf97b57,7356,97.0,3,1786606533724,2026-08-13T14:35:33.724
11940,588aca26ed1bfc095abf2de16bf97b57,7357,98.0,3,1786606534724,2026-08-13T14:35:34.724
11941,588aca26ed1bfc095abf2de16bf97b57,7358,99.0,3,1786606535724,2026-08-13T14:35:35.724
11942,588aca26ed1bfc095abf2de16bf97b57,7359,99.0,3,1786606536724,2026-08-13T14:35:36.724
11943,588aca26ed1bfc095abf2de16bf97b57,7360,100.0,3,1786606537724,2026-08-13T14:35:37.724
11944,588aca26ed1bfc095abf2de16bf97b57,7361,101.0,3,1786606538724,2026-08-13T14:35:38.724
11945,588aca26ed1bfc095abf2de16bf97b57,7362,102.0,3,1786606539724,2026-08-13T14:35:39.724
11946,588aca26ed1bfc095abf2de16bf97b57,7363,103.0,3,1786606540724,2026-08-13T14:35:40.724
11947,588aca26ed1bfc095abf2de16bf97b57,7364,102.0,3,1786606541724,2026-08-13T14:35:41.724
11948,588aca26ed1bfc095abf2de16bf97b57,7365,101.0,3,1786606542725,2026-08-13T14:35:42.725
11949,588aca26ed1bfc095abf2de16bf97b57,7366,100.0,3,1786606543725,2026-08-13T14:35:43.725
11950,588aca26ed1bfc095abf2de16bf97b57,7367,100.0,3,1786606544724,2026-08-13T14:35:44.724
11951,588aca26ed1bfc095abf2de16bf97b57,7368,101.0,3,1786606545724,2026-08-13T14:35:45.724
11952,588aca26ed1bfc095abf2de16bf97b57,7369,103.0,3,1786606546724,2026-08-13T14:35:46.724
11953,588aca26ed1bfc095abf2de16bf97b57,7370,105.0,3,1786606547723,2026-08-13T14:35:47.723
11954,588aca26ed1bfc095abf2de16bf97b57,7371,106.0,3,1786606548723,2026-08-13T14:35:48.723
11955,588aca26ed1bfc095abf2de16bf97b57,7372,107.0,3,1786606549724,2026-08-13T14:35:49.724
11956,588aca26ed1bfc095abf2de16bf97b57,7373,107.0,3,1786606550724,2026-08-13T14:35:50.724
11957,588aca26ed1bfc095abf2de16bf97b57,7374,105.0,3,1786606551725,2026-08-13T14:35:51.725
11958,588aca26ed1bfc095abf2de16bf97b57,7375,106.0,3,1786606552725,2026-08-13T14:35:52.725
11959,588aca26ed1bfc095abf2de16bf97b57,7376,106.0,3,1786606553729,2026-08-13T14:35:53.729
11960,588aca26ed1bfc095abf2de16bf97b57,7377,107.0,3,1786606554724,2026-08-13T14:35:54.724
11961,588aca26ed1bfc095abf2de16bf97b57,7378,108.0,3,1786606555726,2026-08-13T14:35:55.726
11962,588aca26ed1bfc095abf2de16bf97b57,7379,107.0,3,1786606556725,2026-08-13T14:35:56.725
11963,588aca26ed1bfc095abf2de16bf97b57,7380,106.0,3,1786606557724,2026-08-13T14:35:57.724
11964,588aca26ed1bfc095abf2de16bf97b57,7381,106.0,3,1786606558724,2026-08-13T14:35:58.724
11965,588aca26ed1bfc095abf2de16bf97b57,7382,105.0,3,1786606559724,2026-08-13T14:35:59.724
11966,588aca26ed1bfc095abf2de16bf97b57,7383,103.0,3,1786606560725,2026-08-13T14:36:00.725
11967,588aca26ed1bfc095abf2de16bf97b57,7384,103.0,3,1786606561723,2026-08-13T14:36:01.723
11968,588aca26ed1bfc095abf2de16bf97b57,7385,103.0,3,1786606562724,2026-08-13T14:36:02.724
11969,588aca26ed1bfc095abf2de16bf97b57,7386,103.0,3,1786606563724,2026-08-13T14:36:03.724
11970,588aca26ed1bfc095abf2de16bf97b57,7387,102.0,3,1786606564724,2026-08-13T14:36:04.724
11971,588aca26ed1bfc095abf2de16bf97b57,7388,101.0,3,1786606565724,2026-08-13T14:36:05.724
11972,588aca26ed1bfc095abf2de16bf97b57,7389,100.0,3,1786606566724,2026-08-13T14:36:06.724
11973,588aca26ed1bfc095abf2de16bf97b57,7390,99.0,3,1786606567724,2026-08-13T14:36:07.724
11974,588aca26ed1bfc095abf2de16bf97b57,7391,99.0,3,1786606568724,2026-08-13T14:36:08.724
11975,588aca26ed1bfc095abf2de16bf97b57,7392,98.0,3,1786606569724,2026-08-13T14:36:09.724
11976,588aca26ed1bfc095abf2de16bf97b57,7393,97.0,3,1786606570724,2026-08-13T14:36:10.724
11977,588aca26ed1bfc095abf2de16bf97b57,7394,97.0,3,1786606571724,2026-08-13T14:36:11.724
11978,588aca26ed1bfc095abf2de16bf97b57,7395,98.0,3,1786606572724,2026-08-13T14:36:12.724
11979,588aca26ed1bfc095abf2de16bf97b57,7396,99.0,3,1786606573724,2026-08-13T14:36:13.724
11980,588aca26ed1bfc095abf2de16bf97b57,7397,100.0,3,1786606574724,2026-08-13T14:36:14.724
11981,588aca26ed1bfc095abf2de16bf97b57,7398,100.0,3,1786606575724,2026-08-13T14:36:15.724
11982,588aca26ed1bfc095abf2de16bf97b57,7399,99.0,3,1786606576724,2026-08-13T14:36:16.724
11983,588aca26ed1bfc095abf2de16bf97b57,7400,98.0,3,1786606577724,2026-08-13T14:36:17.724
11984,588aca26ed1bfc095abf2de16bf97b57,7401,96.0,3,1786606578733,2026-08-13T14:36:18.733
11985,588aca26ed1bfc095abf2de16bf97b57,7402,96.0,3,1786606579734,2026-08-13T14:36:19.734
11986,588aca26ed1bfc095abf2de16bf97b57,7403,95.0,3,1786606580731,2026-08-13T14:36:20.731
11987,588aca26ed1bfc095abf2de16bf97b57,7404,94.0,3,1786606581729,2026-08-13T14:36:21.729
11988,588aca26ed1bfc095abf2de16bf97b57,7405,94.0,3,1786606582728,2026-08-13T14:36:22.728
11989,588aca26ed1bfc095abf2de16bf97b57,7406,95.0,3,1786606583731,2026-08-13T14:36:23.731
11990,588aca26ed1bfc095abf2de16bf97b57,7407,95.0,3,1786606584732,2026-08-13T14:36:24.732
11991,588aca26ed1bfc095abf2de16bf97b57,7408,95.0,3,1786606585735,2026-08-13T14:36:25.735
11992,588aca26ed1bfc095abf2de16bf97b57,7409,94.0,3,1786606586736,2026-08-13T14:36:26.736
11993,588aca26ed1bfc095abf2de16bf97b57,7410,93.0,3,1786606587737,2026-08-13T14:36:27.737
11994,588aca26ed1bfc095abf2de16bf97b57,7411,96.0,3,1786606588735,2026-08-13T14:36:28.735
11995,588aca26ed1bfc095abf2de16bf97b57,7412,97.0,3,1786606589734,2026-08-13T14:36:29.734
11996,588aca26ed1bfc095abf2de16bf97b57,7413,96.0,3,1786606590727,2026-08-13T14:36:30.727
11997,588aca26ed1bfc095abf2de16bf97b57,7414,96.0,3,1786606591725,2026-08-13T14:36:31.725
11998,588aca26ed1bfc095abf2de16bf97b57,7415,97.0,3,1786606592724,2026-08-13T14:36:32.724
11999,588aca26ed1bfc095abf2de16bf97b57,7416,97.0,3,1786606593725,2026-08-13T14:36:33.725
12000,588aca26ed1bfc095abf2de16bf97b57,7417,97.0,3,1786606594725,2026-08-13T14:36:34.725
12001,588aca26ed1bfc095abf2de16bf97b57,7418,98.0,3,1786606595727,2026-08-13T14:36:35.727
12002,588aca26ed1bfc095abf2de16bf97b57,7419,98.0,3,1786606596724,2026-08-13T14:36:36.724
12003,588aca26ed1bfc095abf2de16bf97b57,7420,99.0,3,1786606597724,2026-08-13T14:36:37.724
12004,588aca26ed1bfc095abf2de16bf97b57,7421,99.0,3,1786606598724,2026-08-13T14:36:38.724
12005,588aca26ed1bfc095abf2de16bf97b57,7422,98.0,3,1786606599723,2026-08-13T14:36:39.723
12006,588aca26ed1bfc095abf2de16bf97b57,7423,98.0,3,1786606600723,2026-08-13T14:36:40.723
12007,588aca26ed1bfc095abf2de16bf97b57,7424,97.0,3,1786606601724,2026-08-13T14:36:41.724
12008,588aca26ed1bfc095abf2de16bf97b57,7425,97.0,3,1786606602724,2026-08-13T14:36:42.724
12009,588aca26ed1bfc095abf2de16bf97b57,7426,97.0,3,1786606603724,2026-08-13T14:36:43.724
12010,588aca26ed1bfc095abf2de16bf97b57,7427,96.0,3,1786606604724,2026-08-13T14:36:44.724
12011,588aca26ed1bfc095abf2de16bf97b57,7428,97.0,3,1786606605724,2026-08-13T14:36:45.724
12012,588aca26ed1bfc095abf2de16bf97b57,7429,97.0,3,1786606606724,2026-08-13T14:36:46.724
12013,588aca26ed1bfc095abf2de16bf97b57,7430,96.0,3,1786606607724,2026-08-13T14:36:47.724
12014,588aca26ed1bfc095abf2de16bf97b57,7431,95.0,3,1786606608724,2026-08-13T14:36:48.724
12015,588aca26ed1bfc095abf2de16bf97b57,7432,95.0,3,1786606609723,2026-08-13T14:36:49.723
12016,588aca26ed1bfc095abf2de16bf97b57,7433,96.0,3,1786606610724,2026-08-13T14:36:50.724
12017,588aca26ed1bfc095abf2de16bf97b57,7434,97.0,3,1786606611724,2026-08-13T14:36:51.724
12018,588aca26ed1bfc095abf2de16bf97b57,7435,98.0,3,1786606612725,2026-08-13T14:36:52.725
12019,588aca26ed1bfc095abf2de16bf97b57,7436,99.0,3,1786606613731,2026-08-13T14:36:53.731
12020,588aca26ed1bfc095abf2de16bf97b57,7437,100.0,3,1786606614732,2026-08-13T14:36:54.732
12021,588aca26ed1bfc095abf2de16bf97b57,7438,100.0,3,1786606615731,2026-08-13T14:36:55.731
12022,588aca26ed1bfc095abf2de16bf97b57,7439,99.0,3,1786606616725,2026-08-13T14:36:56.725
12023,588aca26ed1bfc095abf2de16bf97b57,7440,99.0,3,1786606617727,2026-08-13T14:36:57.727
12024,588aca26ed1bfc095abf2de16bf97b57,7441,100.0,3,1786606618728,2026-08-13T14:36:58.728
12025,588aca26ed1bfc095abf2de16bf97b57,7442,100.0,3,1786606619726,2026-08-13T14:36:59.726
12026,588aca26ed1bfc095abf2de16bf97b57,7443,102.0,3,1786606620725,2026-08-13T14:37:00.725
12027,588aca26ed1bfc095abf2de16bf97b57,7444,103.0,3,1786606621723,2026-08-13T14:37:01.723
12028,588aca26ed1bfc095abf2de16bf97b57,7445,103.0,3,1786606622724,2026-08-13T14:37:02.724
12029,588aca26ed1bfc095abf2de16bf97b57,7446,104.0,3,1786606623724,2026-08-13T14:37:03.724
12030,588aca26ed1bfc095abf2de16bf97b57,7447,104.0,3,1786606624723,2026-08-13T14:37:04.723
12031,588aca26ed1bfc095abf2de16bf97b57,7448,104.0,3,1786606625724,2026-08-13T14:37:05.724
12032,588aca26ed1bfc095abf2de16bf97b57,7449,104.0,3,1786606626724,2026-08-13T14:37:06.724
12033,588aca26ed1bfc095abf2de16bf97b57,7450,104.0,3,1786606627724,2026-08-13T14:37:07.724
12034,588aca26ed1bfc095abf2de16bf97b57,7451,105.0,3,1786606628724,2026-08-13T14:37:08.724
12035,588aca26ed1bfc095abf2de16bf97b57,7452,105.0,3,1786606629724,2026-08-13T14:37:09.724
12036,588aca26ed1bfc095abf2de16bf97b57,7453,105.0,3,1786606630724,2026-08-13T14:37:10.724
12037,588aca26ed1bfc095abf2de16bf97b57,7454,105.0,3,1786606631726,2026-08-13T14:37:11.726
12038,588aca26ed1bfc095abf2de16bf97b57,7455,105.0,3,1786606632725,2026-08-13T14:37:12.725
12039,588aca26ed1bfc095abf2de16bf97b57,7456,106.0,3,1786606633725,2026-08-13T14:37:13.725
12040,588aca26ed1bfc095abf2de16bf97b57,7457,106.0,3,1786606634723,2026-08-13T14:37:14.723
12041,588aca26ed1bfc095abf2de16bf97b57,7458,106.0,3,1786606635723,2026-08-13T14:37:15.723
12042,588aca26ed1bfc095abf2de16bf97b57,7459,105.0,3,1786606636724,2026-08-13T14:37:16.724
12043,588aca26ed1bfc095abf2de16bf97b57,7460,105.0,3,1786606637723,2026-08-13T14:37:17.723
12044,588aca26ed1bfc095abf2de16bf97b57,7461,104.0,3,1786606638724,2026-08-13T14:37:18.724
12045,588aca26ed1bfc095abf2de16bf97b57,7462,103.0,3,1786606639724,2026-08-13T14:37:19.724
12046,588aca26ed1bfc095abf2de16bf97b57,7463,102.0,3,1786606640723,2026-08-13T14:37:20.723
12047,588aca26ed1bfc095abf2de16bf97b57,7464,102.0,3,1786606641724,2026-08-13T14:37:21.724
12048,588aca26ed1bfc095abf2de16bf97b57,7465,101.0,3,1786606642724,2026-08-13T14:37:22.724
12049,588aca26ed1bfc095abf2de16bf97b57,7466,101.0,3,1786606643724,2026-08-13T14:37:23.724
12050,588aca26ed1bfc095abf2de16bf97b57,7467,100.0,3,1786606644724,2026-08-13T14:37:24.724
12051,588aca26ed1bfc095abf2de16bf97b57,7468,100.0,3,1786606645725,2026-08-13T14:37:25.725
12052,588aca26ed1bfc095abf2de16bf97b57,7469,101.0,3,1786606646724,2026-08-13T14:37:26.724
12053,588aca26ed1bfc095abf2de16bf97b57,7470,101.0,3,1786606647724,2026-08-13T14:37:27.724
12054,588aca26ed1bfc095abf2de16bf97b57,7471,101.0,3,1786606648724,2026-08-13T14:37:28.724
12055,588aca26ed1bfc095abf2de16bf97b57,7472,101.0,3,1786606649724,2026-08-13T14:37:29.724
12056,588aca26ed1bfc095abf2de16bf97b57,7473,101.0,3,1786606650724,2026-08-13T14:37:30.724
12057,588aca26ed1bfc095abf2de16bf97b57,7474,101.0,3,1786606651724,2026-08-13T14:37:31.724
12058,588aca26ed1bfc095abf2de16bf97b57,7475,102.0,3,1786606652723,2026-08-13T14:37:32.723
12059,588aca26ed1bfc095abf2de16bf97b57,7476,103.0,3,1786606653724,2026-08-13T14:37:33.724
12060,588aca26ed1bfc095abf2de16bf97b57,7477,104.0,3,1786606654725,2026-08-13T14:37:34.725
12061,588aca26ed1bfc095abf2de16bf97b57,7478,104.0,3,1786606655724,2026-08-13T14:37:35.724
12062,588aca26ed1bfc095abf2de16bf97b57,7479,104.0,3,1786606656734,2026-08-13T14:37:36.734
12063,588aca26ed1bfc095abf2de16bf97b57,7480,103.0,3,1786606657732,2026-08-13T14:37:37.732
12064,588aca26ed1bfc095abf2de16bf97b57,7481,102.0,3,1786606658731,2026-08-13T14:37:38.731
12065,588aca26ed1bfc095abf2de16bf97b57,7482,102.0,3,1786606659731,2026-08-13T14:37:39.731
12066,588aca26ed1bfc095abf2de16bf97b57,7483,101.0,3,1786606660724,2026-08-13T14:37:40.724
12067,588aca26ed1bfc095abf2de16bf97b57,7484,102.0,3,1786606661728,2026-08-13T14:37:41.728
12068,588aca26ed1bfc095abf2de16bf97b57,7485,103.0,3,1786606662730,2026-08-13T14:37:42.730
12069,588aca26ed1bfc095abf2de16bf97b57,7486,105.0,3,1786606663728,2026-08-13T14:37:43.728
12070,588aca26ed1bfc095abf2de16bf97b57,7487,106.0,3,1786606664730,2026-08-13T14:37:44.730
12071,588aca26ed1bfc095abf2de16bf97b57,7488,106.0,3,1786606665729,2026-08-13T14:37:45.729
12072,588aca26ed1bfc095abf2de16bf97b57,7489,104.0,3,1786606666730,2026-08-13T14:37:46.730
12073,588aca26ed1bfc095abf2de16bf97b57,7490,103.0,3,1786606667724,2026-08-13T14:37:47.724
12074,588aca26ed1bfc095abf2de16bf97b57,7491,102.0,3,1786606668726,2026-08-13T14:37:48.726
12075,588aca26ed1bfc095abf2de16bf97b57,7492,103.0,3,1786606669727,2026-08-13T14:37:49.727
12076,588aca26ed1bfc095abf2de16bf97b57,7493,103.0,3,1786606670726,2026-08-13T14:37:50.726
12077,588aca26ed1bfc095abf2de16bf97b57,7494,102.0,3,1786606671724,2026-08-13T14:37:51.724
12078,588aca26ed1bfc095abf2de16bf97b57,7495,102.0,3,1786606672724,2026-08-13T14:37:52.724
12079,588aca26ed1bfc095abf2de16bf97b57,7496,102.0,3,1786606673724,2026-08-13T14:37:53.724
12080,588aca26ed1bfc095abf2de16bf97b57,7497,101.0,3,1786606674724,2026-08-13T14:37:54.724
12081,588aca26ed1bfc095abf2de16bf97b57,7498,101.0,3,1786606675724,2026-08-13T14:37:55.724
12082,588aca26ed1bfc095abf2de16bf97b57,7499,101.0,3,1786606676724,2026-08-13T14:37:56.724
12083,588aca26ed1bfc095abf2de16bf97b57,7500,101.0,3,1786606677724,2026-08-13T14:37:57.724
12084,588aca26ed1bfc095abf2de16bf97b57,7501,101.0,3,1786606678724,2026-08-13T14:37:58.724
12085,588aca26ed1bfc095abf2de16bf97b57,7502,100.0,3,1786606679724,2026-08-13T14:37:59.724
12086,588aca26ed1bfc095abf2de16bf97b57,7503,100.0,3,1786606680723,2026-08-13T14:38:00.723
12087,588aca26ed1bfc095abf2de16bf97b57,7504,99.0,3,1786606681724,2026-08-13T14:38:01.724
12088,588aca26ed1bfc095abf2de16bf97b57,7505,98.0,3,1786606682724,2026-08-13T14:38:02.724
12089,588aca26ed1bfc095abf2de16bf97b57,7506,98.0,3,1786606683724,2026-08-13T14:38:03.724
12090,588aca26ed1bfc095abf2de16bf97b57,7507,98.0,3,1786606684725,2026-08-13T14:38:04.725
12091,588aca26ed1bfc095abf2de16bf97b57,7508,97.0,3,1786606685731,2026-08-13T14:38:05.731
12092,588aca26ed1bfc095abf2de16bf97b57,7509,97.0,3,1786606686724,2026-08-13T14:38:06.724
12093,588aca26ed1bfc095abf2de16bf97b57,7510,98.0,3,1786606687723,2026-08-13T14:38:07.723
12094,588aca26ed1bfc095abf2de16bf97b57,7511,98.0,3,1786606688723,2026-08-13T14:38:08.723
12095,588aca26ed1bfc095abf2de16bf97b57,7512,97.0,3,1786606689724,2026-08-13T14:38:09.724
12096,588aca26ed1bfc095abf2de16bf97b57,7513,97.0,3,1786606690724,2026-08-13T14:38:10.724
12097,588aca26ed1bfc095abf2de16bf97b57,7514,96.0,3,1786606691724,2026-08-13T14:38:11.724
12098,588aca26ed1bfc095abf2de16bf97b57,7515,95.0,3,1786606692727,2026-08-13T14:38:12.727
12099,588aca26ed1bfc095abf2de16bf97b57,7516,94.0,3,1786606693724,2026-08-13T14:38:13.724
12100,588aca26ed1bfc095abf2de16bf97b57,7517,93.0,3,1786606694724,2026-08-13T14:38:14.724
12101,588aca26ed1bfc095abf2de16bf97b57,7518,92.0,3,1786606695724,2026-08-13T14:38:15.724
12102,588aca26ed1bfc095abf2de16bf97b57,7519,92.0,3,1786606696725,2026-08-13T14:38:16.725
12103,588aca26ed1bfc095abf2de16bf97b57,7520,91.0,3,1786606697724,2026-08-13T14:38:17.724
12104,588aca26ed1bfc095abf2de16bf97b57,7521,92.0,3,1786606698724,2026-08-13T14:38:18.724
12105,588aca26ed1bfc095abf2de16bf97b57,7522,92.0,3,1786606699725,2026-08-13T14:38:19.725
12106,588aca26ed1bfc095abf2de16bf97b57,7523,93.0,3,1786606700744,2026-08-13T14:38:20.744
12107,588aca26ed1bfc095abf2de16bf97b57,7524,94.0,3,1786606701735,2026-08-13T14:38:21.735
12108,588aca26ed1bfc095abf2de16bf97b57,7525,94.0,3,1786606702731,2026-08-13T14:38:22.731
12109,588aca26ed1bfc095abf2de16bf97b57,7526,93.0,3,1786606703729,2026-08-13T14:38:23.729
12110,588aca26ed1bfc095abf2de16bf97b57,7527,94.0,3,1786606704723,2026-08-13T14:38:24.723
12111,588aca26ed1bfc095abf2de16bf97b57,7528,95.0,3,1786606705724,2026-08-13T14:38:25.724
12112,588aca26ed1bfc095abf2de16bf97b57,7529,94.0,3,1786606706723,2026-08-13T14:38:26.723
12113,588aca26ed1bfc095abf2de16bf97b57,7530,94.0,3,1786606707726,2026-08-13T14:38:27.726
12114,588aca26ed1bfc095abf2de16bf97b57,7531,95.0,3,1786606708723,2026-08-13T14:38:28.723
12115,588aca26ed1bfc095abf2de16bf97b57,7532,96.0,3,1786606709724,2026-08-13T14:38:29.724
12116,588aca26ed1bfc095abf2de16bf97b57,7533,97.0,3,1786606710727,2026-08-13T14:38:30.727
12117,588aca26ed1bfc095abf2de16bf97b57,7534,98.0,3,1786606711724,2026-08-13T14:38:31.724
12118,588aca26ed1bfc095abf2de16bf97b57,7535,99.0,3,1786606712724,2026-08-13T14:38:32.724
12119,588aca26ed1bfc095abf2de16bf97b57,7536,100.0,3,1786606713724,2026-08-13T14:38:33.724
12120,588aca26ed1bfc095abf2de16bf97b57,7537,101.0,3,1786606714723,2026-08-13T14:38:34.723
12121,588aca26ed1bfc095abf2de16bf97b57,7538,100.0,3,1786606715724,2026-08-13T14:38:35.724
12122,588aca26ed1bfc095abf2de16bf97b57,7539,101.0,3,1786606716724,2026-08-13T14:38:36.724
12123,588aca26ed1bfc095abf2de16bf97b57,7540,102.0,3,1786606717725,2026-08-13T14:38:37.725
12124,588aca26ed1bfc095abf2de16bf97b57,7541,102.0,3,1786606718724,2026-08-13T14:38:38.724
12125,588aca26ed1bfc095abf2de16bf97b57,7542,101.0,3,1786606719724,2026-08-13T14:38:39.724
12126,588aca26ed1bfc095abf2de16bf97b57,7543,100.0,3,1786606720723,2026-08-13T14:38:40.723
12127,588aca26ed1bfc095abf2de16bf97b57,7544,100.0,3,1786606721726,2026-08-13T14:38:41.726
12128,588aca26ed1bfc095abf2de16bf97b57,7545,100.0,3,1786606722724,2026-08-13T14:38:42.724
12129,588aca26ed1bfc095abf2de16bf97b57,7546,100.0,3,1786606723723,2026-08-13T14:38:43.723
12130,588aca26ed1bfc095abf2de16bf97b57,7547,100.0,3,1786606724723,2026-08-13T14:38:44.723
12131,588aca26ed1bfc095abf2de16bf97b57,7548,101.0,3,1786606725723,2026-08-13T14:38:45.723
12132,588aca26ed1bfc095abf2de16bf97b57,7549,102.0,3,1786606726725,2026-08-13T14:38:46.725
12133,588aca26ed1bfc095abf2de16bf97b57,7550,102.0,3,1786606727724,2026-08-13T14:38:47.724
12134,588aca26ed1bfc095abf2de16bf97b57,7551,102.0,3,1786606728724,2026-08-13T14:38:48.724
12135,588aca26ed1bfc095abf2de16bf97b57,7552,102.0,3,1786606729723,2026-08-13T14:38:49.723
12136,588aca26ed1bfc095abf2de16bf97b57,7553,101.0,3,1786606730724,2026-08-13T14:38:50.724
12137,588aca26ed1bfc095abf2de16bf97b57,7554,100.0,3,1786606731724,2026-08-13T14:38:51.724
12138,588aca26ed1bfc095abf2de16bf97b57,7555,99.0,3,1786606732724,2026-08-13T14:38:52.724
12139,588aca26ed1bfc095abf2de16bf97b57,7556,98.0,3,1786606733731,2026-08-13T14:38:53.731
12140,588aca26ed1bfc095abf2de16bf97b57,7557,97.0,3,1786606734732,2026-08-13T14:38:54.732
12141,588aca26ed1bfc095abf2de16bf97b57,7558,97.0,3,1786606735729,2026-08-13T14:38:55.729
12142,588aca26ed1bfc095abf2de16bf97b57,7559,96.0,3,1786606736735,2026-08-13T14:38:56.735
12143,588aca26ed1bfc095abf2de16bf97b57,7560,95.0,3,1786606737727,2026-08-13T14:38:57.727
12144,588aca26ed1bfc095abf2de16bf97b57,7561,95.0,3,1786606738725,2026-08-13T14:38:58.725
12145,588aca26ed1bfc095abf2de16bf97b57,7562,95.0,3,1786606739724,2026-08-13T14:38:59.724
12146,588aca26ed1bfc095abf2de16bf97b57,7563,95.0,3,1786606740732,2026-08-13T14:39:00.732
12147,588aca26ed1bfc095abf2de16bf97b57,7564,96.0,3,1786606741724,2026-08-13T14:39:01.724
12148,588aca26ed1bfc095abf2de16bf97b57,7565,96.0,3,1786606742724,2026-08-13T14:39:02.724
12149,588aca26ed1bfc095abf2de16bf97b57,7566,96.0,3,1786606743724,2026-08-13T14:39:03.724
12150,588aca26ed1bfc095abf2de16bf97b57,7567,95.0,3,1786606744724,2026-08-13T14:39:04.724
12151,588aca26ed1bfc095abf2de16bf97b57,7568,94.0,3,1786606745725,2026-08-13T14:39:05.725
