id,device_id,bpm,accuracy,time_ms,time_iso,synced,fresh
6311,588aca26ed1bfc095abf2de16bf97b57,98.0,3,1786605488730,2026-08-13T14:18:08.730,1,1
6312,588aca26ed1bfc095abf2de16bf97b57,98.0,-1,1786605489725,2026-08-13T14:18:09.725,1,0
6313,588aca26ed1bfc095abf2de16bf97b57,98.0,-1,1786605490724,2026-08-13T14:18:10.724,1,0
6314,588aca26ed1bfc095abf2de16bf97b57,98.0,-1,1786605491724,2026-08-13T14:18:11.724,1,0
6315,588aca26ed1bfc095abf2de16bf97b57,98.0,-1,1786605492724,2026-08-13T14:18:12.724,1,0
6316,588aca26ed1bfc095abf2de16bf97b57,98.0,-1,1786605493725,2026-08-13T14:18:13.725,1,0
6317,588aca26ed1bfc095abf2de16bf97b57,98.0,-1,1786605494723,2026-08-13T14:18:14.723,1,0
6318,588aca26ed1bfc095abf2de16bf97b57,98.0,-1,1786605495724,2026-08-13T14:18:15.724,1,0
6319,588aca26ed1bfc095abf2de16bf97b57,104.0,3,1786605496724,2026-08-13T14:18:16.724,1,1
6320,588aca26ed1bfc095abf2de16bf97b57,103.0,3,1786605497724,2026-08-13T14:18:17.724,1,1
6321,588aca26ed1bfc095abf2de16bf97b57,101.0,3,1786605498724,2026-08-13T14:18:18.724,1,1
6322,588aca26ed1bfc095abf2de16bf97b57,100.0,3,1786605499724,2026-08-13T14:18:19.724,1,1
6323,588aca26ed1bfc095abf2de16bf97b57,100.0,3,1786605500732,2026-08-13T14:18:20.732,1,1
6324,588aca26ed1bfc095abf2de16bf97b57,100.0,3,1786605501731,2026-08-13T14:18:21.731,1,1
6325,588aca26ed1bfc095abf2de16bf97b57,100.0,3,1786605502730,2026-08-13T14:18:22.730,1,1
6326,588aca26ed1bfc095abf2de16bf97b57,100.0,3,1786605503728,2026-08-13T14:18:23.728,1,1
6327,588aca26ed1bfc095abf2de16bf97b57,99.0,3,1786605504726,2026-08-13T14:18:24.726,1,1
6328,588aca26ed1bfc095abf2de16bf97b57,98.0,3,1786605505725,2026-08-13T14:18:25.725,1,1
6329,588aca26ed1bfc095abf2de16bf97b57,98.0,3,1786605506724,2026-08-13T14:18:26.724,1,1
6330,588aca26ed1bfc095abf2de16bf97b57,96.0,3,1786605507724,2026-08-13T14:18:27.724,1,1
6331,588aca26ed1bfc095abf2de16bf97b57,97.0,3,1786605508724,2026-08-13T14:18:28.724,1,1
6332,588aca26ed1bfc095abf2de16bf97b57,98.0,3,1786605509724,2026-08-13T14:18:29.724,1,1
6333,588aca26ed1bfc095abf2de16bf97b57,99.0,3,1786605510736,2026-08-13T14:18:30.736,1,1
6334,588aca26ed1bfc095abf2de16bf97b57,99.0,3,1786605511724,2026-08-13T14:18:31.724,1,1
6335,588aca26ed1bfc095abf2de16bf97b57,98.0,3,1786605512723,2026-08-13T14:18:32.723,1,1
6336,588aca26ed1bfc095abf2de16bf97b57,97.0,3,1786605513723,2026-08-13T14:18:33.723,1,1
6337,588aca26ed1bfc095abf2de16bf97b57,96.0,3,1786605514724,2026-08-13T14:18:34.724,1,1
6338,588aca26ed1bfc095abf2de16bf97b57,95.0,3,1786605515726,2026-08-13T14:18:35.726,1,1
6339,588aca26ed1bfc095abf2de16bf97b57,96.0,3,1786605516724,2026-08-13T14:18:36.724,1,1
6340,588aca26ed1bfc095abf2de16bf97b57,96.0,3,1786605517725,2026-08-13T14:18:37.725,1,1
6341,588aca26ed1bfc095abf2de16bf97b57,97.0,3,1786605518724,2026-08-13T14:18:38.724,1,1
6342,588aca26ed1bfc095abf2de16bf97b57,96.0,3,1786605519724,2026-08-13T14:18:39.724,1,1
6343,588aca26ed1bfc095abf2de16bf97b57,96.0,3,1786605520724,2026-08-13T14:18:40.724,1,1
6344,588aca26ed1bfc095abf2de16bf97b57,96.0,3,1786605521724,2026-08-13T14:18:41.724,1,1
6345,588aca26ed1bfc095abf2de16bf97b57,95.0,3,1786605522724,2026-08-13T14:18:42.724,1,1
6346,588aca26ed1bfc095abf2de16bf97b57,96.0,3,1786605523732,2026-08-13T14:18:43.732,1,1
6347,588aca26ed1bfc095abf2de16bf97b57,97.0,3,1786605524732,2026-08-13T14:18:44.732,1,1
6348,588aca26ed1bfc095abf2de16bf97b57,98.0,3,1786605525731,2026-08-13T14:18:45.731,1,1
6349,588aca26ed1bfc095abf2de16bf97b57,98.0,3,1786605526731,2026-08-13T14:18:46.731,1,1
6350,588aca26ed1bfc095abf2de16bf97b57,99.0,3,1786605527727,2026-08-13T14:18:47.727,1,1
6351,588aca26ed1bfc095abf2de16bf97b57,98.0,3,1786605528728,2026-08-13T14:18:48.728,1,1
6352,588aca26ed1bfc095abf2de16bf97b57,98.0,3,1786605529727,2026-08-13T14:18:49.727,1,1
6353,588aca26ed1bfc095abf2de16bf97b57,98.0,3,1786605530726,2026-08-13T14:18:50.726,1,1
6354,588aca26ed1bfc095abf2de16bf97b57,98.0,3,1786605531724,2026-08-13T14:18:51.724,1,1
6355,588aca26ed1bfc095abf2de16bf97b57,98.0,3,1786605532723,2026-08-13T14:18:52.723,1,1
6356,588aca26ed1bfc095abf2de16bf97b57,98.0,3,1786605533724,2026-08-13T14:18:53.724,1,1
6357,588aca26ed1bfc095abf2de16bf97b57,97.0,3,1786605534724,2026-08-13T14:18:54.724,1,1
6358,588aca26ed1bfc095abf2de16bf97b57,97.0,3,1786605535724,2026-08-13T14:18:55.724,1,1
6359,588aca26ed1bfc095abf2de16bf97b57,96.0,3,1786605536724,2026-08-13T14:18:56.724,1,1
6360,588aca26ed1bfc095abf2de16bf97b57,95.0,3,1786605537724,2026-08-13T14:18:57.724,1,1
6361,588aca26ed1bfc095abf2de16bf97b57,95.0,3,1786605538725,2026-08-13T14:18:58.725,1,1
6362,588aca26ed1bfc095abf2de16bf97b57,95.0,3,1786605539725,2026-08-13T14:18:59.725,1,1
6363,588aca26ed1bfc095abf2de16bf97b57,96.0,3,1786605540724,2026-08-13T14:19:00.724,1,1
6364,588aca26ed1bfc095abf2de16bf97b57,96.0,3,1786605541724,2026-08-13T14:19:01.724,1,1
6365,588aca26ed1bfc095abf2de16bf97b57,95.0,3,1786605542723,2026-08-13T14:19:02.723,1,1
6366,588aca26ed1bfc095abf2de16bf97b57,94.0,3,1786605543724,2026-08-13T14:19:03.724,1,1
6367,588aca26ed1bfc095abf2de16bf97b57,94.0,3,1786605544724,2026-08-13T14:19:04.724,1,1
6368,588aca26ed1bfc095abf2de16bf97b57,94.0,3,1786605545724,2026-08-13T14:19:05.724,1,1
6369,588aca26ed1bfc095abf2de16bf97b57,94.0,3,1786605546724,2026-08-13T14:19:06.724,1,1
6370,588aca26ed1bfc095abf2de16bf97b57,94.0,3,1786605547724,2026-08-13T14:19:07.724,1,1
6371,588aca26ed1bfc095abf2de16bf97b57,94.0,3,1786605548725,2026-08-13T14:19:08.725,1,1
6372,588aca26ed1bfc095abf2de16bf97b57,94.0,3,1786605549724,2026-08-13T14:19:09.724,1,1
6373,588aca26ed1bfc095abf2de16bf97b57,94.0,3,1786605550724,2026-08-13T14:19:10.724,1,1
6374,588aca26ed1bfc095abf2de16bf97b57,93.0,3,1786605551725,2026-08-13T14:19:11.725,1,1
6375,588aca26ed1bfc095abf2de16bf97b57,93.0,3,1786605552724,2026-08-13T14:19:12.724,1,1
6376,588aca26ed1bfc095abf2de16bf97b57,93.0,3,1786605553724,2026-08-13T14:19:13.724,1,1
6377,588aca26ed1bfc095abf2de16bf97b57,93.0,3,1786605554724,2026-08-13T14:19:14.724,1,1
6378,588aca26ed1bfc095abf2de16bf97b57,93.0,3,1786605555731,2026-08-13T14:19:15.731,1,1
6379,588aca26ed1bfc095abf2de16bf97b57,93.0,3,1786605556730,2026-08-13T14:19:16.730,1,1
6380,588aca26ed1bfc095abf2de16bf97b57,93.0,3,1786605557729,2026-08-13T14:19:17.729,1,1
6381,588aca26ed1bfc095abf2de16bf97b57,94.0,3,1786605558725,2026-08-13T14:19:18.725,1,1
6382,588aca26ed1bfc095abf2de16bf97b57,94.0,3,1786605559726,2026-08-13T14:19:19.726,1,1
6383,588aca26ed1bfc095abf2de16bf97b57,94.0,3,1786605560725,2026-08-13T14:19:20.725,1,1
6384,588aca26ed1bfc095abf2de16bf97b57,94.0,3,1786605561724,2026-08-13T14:19:21.724,1,1
6385,588aca26ed1bfc095abf2de16bf97b57,94.0,3,1786605562724,2026-08-13T14:19:22.724,1,1
6386,588aca26ed1bfc095abf2de16bf97b57,95.0,3,1786605563724,2026-08-13T14:19:23.724,1,1
6387,588aca26ed1bfc095abf2de16bf97b57,95.0,3,1786605564724,2026-08-13T14:19:24.724,1,1
6388,588aca26ed1bfc095abf2de16bf97b57,95.0,3,1786605565724,2026-08-13T14:19:25.724,1,1
6389,588aca26ed1bfc095abf2de16bf97b57,96.0,3,1786605566726,2026-08-13T14:19:26.726,1,1
6390,588aca26ed1bfc095abf2de16bf97b57,97.0,3,1786605567724,2026-08-13T14:19:27.724,1,1
6391,588aca26ed1bfc095abf2de16bf97b57,97.0,3,1786605568724,2026-08-13T14:19:28.724,1,1
6392,588aca26ed1bfc095abf2de16bf97b57,98.0,3,1786605569724,2026-08-13T14:19:29.724,1,1
6393,588aca26ed1bfc095abf2de16bf97b57,98.0,3,1786605570724,2026-08-13T14:19:30.724,1,1
6394,588aca26ed1bfc095abf2de16bf97b57,98.0,3,1786605571724,2026-08-13T14:19:31.724,1,1
6395,588aca26ed1bfc095abf2de16bf97b57,99.0,3,1786605572725,2026-08-13T14:19:32.725,1,1
6396,588aca26ed1bfc095abf2de16bf97b57,99.0,3,1786605573724,2026-08-13T14:19:33.724,1,1
6397,588aca26ed1bfc095abf2de16bf97b57,98.0,3,1786605574723,2026-08-13T14:19:34.723,1,1
6398,588aca26ed1bfc095abf2de16bf97b57,98.0,3,1786605575724,2026-08-13T14:19:35.724,1,1
6399,588aca26ed1bfc095abf2de16bf97b57,99.0,3,1786605576725,2026-08-13T14:19:36.725,1,1
6400,588aca26ed1bfc095abf2de16bf97b57,99.0,3,1786605577731,2026-08-13T14:19:37.731,1,1
6401,588aca26ed1bfc095abf2de16bf97b57,98.0,3,1786605578732,2026-08-13T14:19:38.732,1,1
6402,588aca26ed1bfc095abf2de16bf97b57,98.0,3,1786605579731,2026-08-13T14:19:39.731,1,1
6403,588aca26ed1bfc095abf2de16bf97b57,98.0,3,1786605580738,2026-08-13T14:19:40.738,1,1
6404,588aca26ed1bfc095abf2de16bf97b57,97.0,3,1786605581728,2026-08-13T14:19:41.728,1,1
6405,588aca26ed1bfc095abf2de16bf97b57,96.0,3,1786605582727,2026-08-13T14:19:42.727,1,1
6406,588aca26ed1bfc095abf2de16bf97b57,96.0,3,1786605583726,2026-08-13T14:19:43.726,1,1
6407,588aca26ed1bfc095abf2de16bf97b57,96.0,3,1786605584725,2026-08-13T14:19:44.725,1,1
6408,588aca26ed1bfc095abf2de16bf97b57,95.0,3,1786605585724,2026-08-13T14:19:45.724,1,1
6409,588aca26ed1bfc095abf2de16bf97b57,97.0,3,1786605586724,2026-08-13T14:19:46.724,1,1
6410,588aca26ed1bfc095abf2de16bf97b57,98.0,3,1786605587724,2026-08-13T14:19:47.724,1,1
6411,588aca26ed1bfc095abf2de16bf97b57,98.0,3,1786605588724,2026-08-13T14:19:48.724,1,1
6412,588aca26ed1bfc095abf2de16bf97b57,99.0,3,1786605589728,2026-08-13T14:19:49.728,1,1
6413,588aca26ed1bfc095abf2de16bf97b57,99.0,3,1786605590725,2026-08-13T14:19:50.725,1,1
6414,588aca26ed1bfc095abf2de16bf97b57,100.0,3,1786605591725,2026-08-13T14:19:51.725,1,1
6415,588aca26ed1bfc095abf2de16bf97b57,100.0,3,1786605592723,2026-08-13T14:19:52.723,1,1
6416,588aca26ed1bfc095abf2de16bf97b57,99.0,3,1786605593724,2026-08-13T14:19:53.724,1,1
6417,588aca26ed1bfc095abf2de16bf97b57,98.0,3,1786605594724,2026-08-13T14:19:54.724,1,1
6418,588aca26ed1bfc095abf2de16bf97b57,97.0,3,1786605595725,2026-08-13T14:19:55.725,1,1
6419,588aca26ed1bfc095abf2de16bf97b57,96.0,3,1786605596724,2026-08-13T14:19:56.724,1,1
6420,588aca26ed1bfc095abf2de16bf97b57,97.0,3,1786605597724,2026-08-13T14:19:57.724,1,1
6421,588aca26ed1bfc095abf2de16bf97b57,96.0,3,1786605598724,2026-08-13T14:19:58.724,1,1
6422,588aca26ed1bfc095abf2de16bf97b57,95.0,3,1786605599723,2026-08-13T14:19:59.723,1,1
6423,588aca26ed1bfc095abf2de16bf97b57,94.0,3,1786605600731,2026-08-13T14:20:00.731,1,1
6424,588aca26ed1bfc095abf2de16bf97b57,94.0,3,1786605601732,2026-08-13T14:20:01.732,1,1
6425,588aca26ed1bfc095abf2de16bf97b57,94.0,3,1786605602730,2026-08-13T14:20:02.730,1,1
6426,588aca26ed1bfc095abf2de16bf97b57,94.0,3,1786605603729,2026-08-13T14:20:03.729,1,1
6427,588aca26ed1bfc095abf2de16bf97b57,94.0,3,1786605604724,2026-08-13T14:20:04.724,1,1
6428,588aca26ed1bfc095abf2de16bf97b57,94.0,3,1786605605725,2026-08-13T14:20:05.725,1,1
6429,588aca26ed1bfc095abf2de16bf97b57,95.0,3,1786605606724,2026-08-13T14:20:06.724,1,1
6430,588aca26ed1bfc095abf2de16bf97b57,95.0,3,1786605607724,2026-08-13T14:20:07.724,1,1
6431,588aca26ed1bfc095abf2de16bf97b57,95.0,3,1786605608723,2026-08-13T14:20:08.723,1,1
6432,588aca26ed1bfc095abf2de16bf97b57,96.0,3,1786605609725,2026-08-13T14:20:09.725,1,1
6433,588aca26ed1bfc095abf2de16bf97b57,96.0,3,1786605610725,2026-08-13T14:20:10.725,1,1
6434,588aca26ed1bfc095abf2de16bf97b57,95.0,3,1786605611725,2026-08-13T14:20:11.725,1,1
6435,588aca26ed1bfc095abf2de16bf97b57,94.0,3,1786605612724,2026-08-13T14:20:12.724,1,1
6436,588aca26ed1bfc095abf2de16bf97b57,94.0,3,1786605613724,2026-08-13T14:20:13.724,1,1
6437,588aca26ed1bfc095abf2de16bf97b57,95.0,3,1786605614724,2026-08-13T14:20:14.724,1,1
6438,588aca26ed1bfc095abf2de16bf97b57,95.0,3,1786605615724,2026-08-13T14:20:15.724,1,1
6439,588aca26ed1bfc095abf2de16bf97b57,94.0,3,1786605616725,2026-08-13T14:20:16.725,1,1
6440,588aca26ed1bfc095abf2de16bf97b57,93.0,3,1786605617724,2026-08-13T14:20:17.724,1,1
6441,588aca26ed1bfc095abf2de16bf97b57,95.0,3,1786605618724,2026-08-13T14:20:18.724,1,1
6442,588aca26ed1bfc095abf2de16bf97b57,96.0,3,1786605619724,2026-08-13T14:20:19.724,1,1
6443,588aca26ed1bfc095abf2de16bf97b57,97.0,3,1786605620724,2026-08-13T14:20:20.724,1,1
6444,588aca26ed1bfc095abf2de16bf97b57,98.0,3,1786605621725,2026-08-13T14:20:21.725,1,1
6445,588aca26ed1bfc095abf2de16bf97b57,99.0,3,1786605622735,2026-08-13T14:20:22.735,1,1
6446,588aca26ed1bfc095abf2de16bf97b57,99.0,3,1786605623732,2026-08-13T14:20:23.732,1,1
6447,588aca26ed1bfc095abf2de16bf97b57,99.0,3,1786605624731,2026-08-13T14:20:24.731,1,1
6448,588aca26ed1bfc095abf2de16bf97b57,99.0,3,1786605625729,2026-08-13T14:20:25.729,1,1
6449,588aca26ed1bfc095abf2de16bf97b57,99.0,3,1786605626725,2026-08-13T14:20:26.725,1,1
6450,588aca26ed1bfc095abf2de16bf97b57,98.0,3,1786605627725,2026-08-13T14:20:27.725,1,1
6451,588aca26ed1bfc095abf2de16bf97b57,98.0,3,1786605628724,2026-08-13T14:20:28.724,1,1
6452,588aca26ed1bfc095abf2de16bf97b57,97.0,3,1786605629724,2026-08-13T14:20:29.724,1,1
6453,588aca26ed1bfc095abf2de16bf97b57,97.0,3,1786605630723,2026-08-13T14:20:30.723,1,1
6454,588aca26ed1bfc095abf2de16bf97b57,96.0,3,1786605631724,2026-08-13T14:20:31.724,1,1
6455,588aca26ed1bfc095abf2de16bf97b57,96.0,3,1786605632727,2026-08-13T14:20:32.727,1,1
6456,588aca26ed1bfc095abf2de16bf97b57,96.0,3,1786605633724,2026-08-13T14:20:33.724,1,1
6457,588aca26ed1bfc095abf2de16bf97b57,96.0,3,1786605634724,2026-08-13T14:20:34.724,1,1
6458,588aca26ed1bfc095abf2de16bf97b57,96.0,3,1786605635723,2026-08-13T14:20:35.723,1,1
6459,588aca26ed1bfc095abf2de16bf97b57,95.0,3,1786605636724,2026-08-13T14:20:36.724,1,1
6460,588aca26ed1bfc095abf2de16bf97b57,96.0,3,1786605637724,2026-08-13T14:20:37.724,1,1
6461,588aca26ed1bfc095abf2de16bf97b57,96.0,3,1786605638724,2026-08-13T14:20:38.724,1,1
6462,588aca26ed1bfc095abf2de16bf97b57,96.0,3,1786605639724,2026-08-13T14:20:39.724,1,1
6463,588aca26ed1bfc095abf2de16bf97b57,96.0,3,1786605640724,2026-08-13T14:20:40.724,1,1
6464,588aca26ed1bfc095abf2de16bf97b57,96.0,3,1786605641724,2026-08-13T14:20:41.724,1,1
6465,588aca26ed1bfc095abf2de16bf97b57,96.0,3,1786605642724,2026-08-13T14:20:42.724,1,1
6466,588aca26ed1bfc095abf2de16bf97b57,96.0,3,1786605643724,2026-08-13T14:20:43.724,1,1
6467,588aca26ed1bfc095abf2de16bf97b57,96.0,3,1786605644725,2026-08-13T14:20:44.725,1,1
6468,588aca26ed1bfc095abf2de16bf97b57,96.0,3,1786605645733,2026-08-13T14:20:45.733,1,1
6469,588aca26ed1bfc095abf2de16bf97b57,96.0,3,1786605646731,2026-08-13T14:20:46.731,1,1
6470,588aca26ed1bfc095abf2de16bf97b57,95.0,3,1786605647732,2026-08-13T14:20:47.732,1,1
6471,588aca26ed1bfc095abf2de16bf97b57,94.0,3,1786605648730,2026-08-13T14:20:48.730,1,1
6472,588aca26ed1bfc095abf2de16bf97b57,94.0,3,1786605649724,2026-08-13T14:20:49.724,1,1
6473,588aca26ed1bfc095abf2de16bf97b57,93.0,3,1786605650725,2026-08-13T14:20:50.725,1,1
6474,588aca26ed1bfc095abf2de16bf97b57,94.0,3,1786605651727,2026-08-13T14:20:51.727,1,1
6475,588aca26ed1bfc095abf2de16bf97b57,95.0,3,1786605652726,2026-08-13T14:20:52.726,1,1
6476,588aca26ed1bfc095abf2de16bf97b57,95.0,3,1786605653725,2026-08-13T14:20:53.725,1,1
6477,588aca26ed1bfc095abf2de16bf97b57,95.0,3,1786605654724,2026-08-13T14:20:54.724,1,1
6478,588aca26ed1bfc095abf2de16bf97b57,95.0,3,1786605655724,2026-08-13T14:20:55.724,1,1
6479,588aca26ed1bfc095abf2de16bf97b57,96.0,3,1786605656724,2026-08-13T14:20:56.724,1,1
6480,588aca26ed1bfc095abf2de16bf97b57,97.0,3,1786605657724,2026-08-13T14:20:57.724,1,1
6481,588aca26ed1bfc095abf2de16bf97b57,98.0,3,1786605658723,2026-08-13T14:20:58.723,1,1
6482,588aca26ed1bfc095abf2de16bf97b57,99.0,3,1786605659726,2026-08-13T14:20:59.726,1,1
6483,588aca26ed1bfc095abf2de16bf97b57,99.0,3,1786605660724,2026-08-13T14:21:00.724,1,1
6484,588aca26ed1bfc095abf2de16bf97b57,99.0,3,1786605661726,2026-08-13T14:21:01.726,1,1
6485,588aca26ed1bfc095abf2de16bf97b57,98.0,3,1786605662726,2026-08-13T14:21:02.726,1,1
6486,588aca26ed1bfc095abf2de16bf97b57,97.0,3,1786605663725,2026-08-13T14:21:03.725,1,1
6487,588aca26ed1bfc095abf2de16bf97b57,98.0,3,1786605664724,2026-08-13T14:21:04.724,1,1
6488,588aca26ed1bfc095abf2de16bf97b57,97.0,3,1786605665723,2026-08-13T14:21:05.723,1,1
6489,588aca26ed1bfc095abf2de16bf97b57,97.0,3,1786605666726,2026-08-13T14:21:06.726,1,1
6490,588aca26ed1bfc095abf2de16bf97b57,97.0,3,1786605667723,2026-08-13T14:21:07.723,1,1
6491,588aca26ed1bfc095abf2de16bf97b57,97.0,3,1786605668723,2026-08-13T14:21:08.723,1,1
6492,588aca26ed1bfc095abf2de16bf97b57,96.0,3,1786605669723,2026-08-13T14:21:09.723,1,1
6493,588aca26ed1bfc095abf2de16bf97b57,95.0,3,1786605670723,2026-08-13T14:21:10.723,1,1
6494,588aca26ed1bfc095abf2de16bf97b57,94.0,3,1786605671724,2026-08-13T14:21:11.724,1,1
6495,588aca26ed1bfc095abf2de16bf97b57,93.0,3,1786605672723,2026-08-13T14:21:12.723,1,1
6496,588aca26ed1bfc095abf2de16bf97b57,92.0,3,1786605673724,2026-08-13T14:21:13.724,1,1
6497,588aca26ed1bfc095abf2de16bf97b57,92.0,3,1786605674724,2026-08-13T14:21:14.724,1,1
6498,588aca26ed1bfc095abf2de16bf97b57,92.0,3,1786605675724,2026-08-13T14:21:15.724,1,1
6499,588aca26ed1bfc095abf2de16bf97b57,92.0,3,1786605676724,2026-08-13T14:21:16.724,1,1
6500,588aca26ed1bfc095abf2de16bf97b57,93.0,3,1786605677724,2026-08-13T14:21:17.724,1,1
6501,588aca26ed1bfc095abf2de16bf97b57,93.0,3,1786605678725,2026-08-13T14:21:18.725,1,1
6502,588aca26ed1bfc095abf2de16bf97b57,93.0,3,1786605679724,2026-08-13T14:21:19.724,1,1
6503,588aca26ed1bfc095abf2de16bf97b57,94.0,3,1786605680732,2026-08-13T14:21:20.732,1,1
6504,588aca26ed1bfc095abf2de16bf97b57,94.0,3,1786605681726,2026-08-13T14:21:21.726,1,1
6505,588aca26ed1bfc095abf2de16bf97b57,94.0,3,1786605682726,2026-08-13T14:21:22.726,1,1
6506,588aca26ed1bfc095abf2de16bf97b57,95.0,3,1786605683725,2026-08-13T14:21:23.725,1,1
6507,588aca26ed1bfc095abf2de16bf97b57,95.0,3,1786605684731,2026-08-13T14:21:24.731,1,1
6508,588aca26ed1bfc095abf2de16bf97b57,95.0,3,1786605685730,2026-08-13T14:21:25.730,1,1
6509,588aca26ed1bfc095abf2de16bf97b57,94.0,3,1786605686730,2026-08-13T14:21:26.730,1,1
6510,588aca26ed1bfc095abf2de16bf97b57,94.0,3,1786605687729,2026-08-13T14:21:27.729,1,1
6511,588aca26ed1bfc095abf2de16bf97b57,94.0,3,1786605688727,2026-08-13T14:21:28.727,1,1
6512,588aca26ed1bfc095abf2de16bf97b57,94.0,3,1786605689729,2026-08-13T14:21:29.729,1,1
6513,588aca26ed1bfc095abf2de16bf97b57,94.0,3,1786605690723,2026-08-13T14:21:30.723,1,1
6514,588aca26ed1bfc095abf2de16bf97b57,94.0,3,1786605691724,2026-08-13T14:21:31.724,1,1
6515,588aca26ed1bfc095abf2de16bf97b57,94.0,3,1786605692728,2026-08-13T14:21:32.728,1,1
6516,588aca26ed1bfc095abf2de16bf97b57,95.0,3,1786605693734,2026-08-13T14:21:33.734,1,1
6517,588aca26ed1bfc095abf2de16bf97b57,96.0,3,1786605694735,2026-08-13T14:21:34.735,1,1
6518,588aca26ed1bfc095abf2de16bf97b57,96.0,3,1786605695725,2026-08-13T14:21:35.725,1,1
6519,588aca26ed1bfc095abf2de16bf97b57,97.0,3,1786605696731,2026-08-13T14:21:36.731,1,1
6520,588aca26ed1bfc095abf2de16bf97b57,98.0,3,1786605697729,2026-08-13T14:21:37.729,1,1
6521,588aca26ed1bfc095abf2de16bf97b57,98.0,3,1786605698724,2026-08-13T14:21:38.724,1,1
6522,588aca26ed1bfc095abf2de16bf97b57,97.0,3,1786605699724,2026-08-13T14:21:39.724,1,1
6523,588aca26ed1bfc095abf2de16bf97b57,96.0,3,1786605700726,2026-08-13T14:21:40.726,1,1
6524,588aca26ed1bfc095abf2de16bf97b57,96.0,3,1786605701724,2026-08-13T14:21:41.724,1,0
6525,588aca26ed1bfc095abf2de16bf97b57,95.0,3,1786605702724,2026-08-13T14:21:42.724,1,1
6526,588aca26ed1bfc095abf2de16bf97b57,94.0,3,1786605703724,2026-08-13T14:21:43.724,1,1
6527,588aca26ed1bfc095abf2de16bf97b57,94.0,3,1786605704724,2026-08-13T14:21:44.724,1,1
6528,588aca26ed1bfc095abf2de16bf97b57,95.0,3,1786605705724,2026-08-13T14:21:45.724,1,1
6529,588aca26ed1bfc095abf2de16bf97b57,93.0,3,1786605706724,2026-08-13T14:21:46.724,1,1
6530,588aca26ed1bfc095abf2de16bf97b57,93.0,3,1786605707724,2026-08-13T14:21:47.724,1,1
6531,588aca26ed1bfc095abf2de16bf97b57,93.0,3,1786605708724,2026-08-13T14:21:48.724,1,1
6532,588aca26ed1bfc095abf2de16bf97b57,92.0,3,1786605709724,2026-08-13T14:21:49.724,1,1
6533,588aca26ed1bfc095abf2de16bf97b57,93.0,3,1786605710724,2026-08-13T14:21:50.724,1,1
6534,588aca26ed1bfc095abf2de16bf97b57,93.0,3,1786605711724,2026-08-13T14:21:51.724,1,1
6535,588aca26ed1bfc095abf2de16bf97b57,93.0,3,1786605712724,2026-08-13T14:21:52.724,1,1
6536,588aca26ed1bfc095abf2de16bf97b57,94.0,3,1786605713725,2026-08-13T14:21:53.725,1,1
6537,588aca26ed1bfc095abf2de16bf97b57,95.0,3,1786605714734,2026-08-13T14:21:54.734,1,1
6538,588aca26ed1bfc095abf2de16bf97b57,95.0,3,1786605715732,2026-08-13T14:21:55.732,1,1
6539,588aca26ed1bfc095abf2de16bf97b57,95.0,3,1786605716730,2026-08-13T14:21:56.730,1,1
6540,588aca26ed1bfc095abf2de16bf97b57,96.0,3,1786605717728,2026-08-13T14:21:57.728,1,1
6541,588aca26ed1bfc095abf2de16bf97b57,96.0,3,1786605718724,2026-08-13T14:21:58.724,1,1
6542,588aca26ed1bfc095abf2de16bf97b57,96.0,3,1786605719724,2026-08-13T14:21:59.724,1,1
6543,588aca26ed1bfc095abf2de16bf97b57,95.0,3,1786605720725,2026-08-13T14:22:00.725,1,1
6544,588aca26ed1bfc095abf2de16bf97b57,95.0,3,1786605721726,2026-08-13T14:22:01.726,1,1
6545,588aca26ed1bfc095abf2de16bf97b57,95.0,3,1786605722725,2026-08-13T14:22:02.725,1,1
6546,588aca26ed1bfc095abf2de16bf97b57,95.0,3,1786605723724,2026-08-13T14:22:03.724,1,1
6547,588aca26ed1bfc095abf2de16bf97b57,95.0,3,1786605724724,2026-08-13T14:22:04.724,1,1
6548,588aca26ed1bfc095abf2de16bf97b57,94.0,3,1786605725724,2026-08-13T14:22:05.724,1,1
6549,588aca26ed1bfc095abf2de16bf97b57,94.0,3,1786605726723,2026-08-13T14:22:06.723,1,1
6550,588aca26ed1bfc095abf2de16bf97b57,94.0,3,1786605727724,2026-08-13T14:22:07.724,1,1
6551,588aca26ed1bfc095abf2de16bf97b57,95.0,3,1786605728724,2026-08-13T14:22:08.724,1,1
6552,588aca26ed1bfc095abf2de16bf97b57,96.0,3,1786605729724,2026-08-13T14:22:09.724,1,1
6553,588aca26ed1bfc095abf2de16bf97b57,97.0,3,1786605730727,2026-08-13T14:22:10.727,1,1
6554,588aca26ed1bfc095abf2de16bf97b57,98.0,3,1786605731725,2026-08-13T14:22:11.725,1,1
6555,588aca26ed1bfc095abf2de16bf97b57,98.0,3,1786605732724,2026-08-13T14:22:12.724,1,1
6556,588aca26ed1bfc095abf2de16bf97b57,99.0,3,1786605733724,2026-08-13T14:22:13.724,1,1
6557,588aca26ed1bfc095abf2de16bf97b57,99.0,3,1786605734724,2026-08-13T14:22:14.724,1,1
6558,588aca26ed1bfc095abf2de16bf97b57,100.0,3,1786605735723,2026-08-13T14:22:15.723,1,1
6559,588aca26ed1bfc095abf2de16bf97b57,101.0,3,1786605736724,2026-08-13T14:22:16.724,1,1
6560,588aca26ed1bfc095abf2de16bf97b57,101.0,3,1786605737724,2026-08-13T14:22:17.724,1,1
6561,588aca26ed1bfc095abf2de16bf97b57,100.0,3,1786605738723,2026-08-13T14:22:18.723,1,1
6562,588aca26ed1bfc095abf2de16bf97b57,101.0,3,1786605739725,2026-08-13T14:22:19.725,1,1
6563,588aca26ed1bfc095abf2de16bf97b57,101.0,3,1786605740723,2026-08-13T14:22:20.723,1,1
6564,588aca26ed1bfc095abf2de16bf97b57,101.0,3,1786605741724,2026-08-13T14:22:21.724,1,1
6565,588aca26ed1bfc095abf2de16bf97b57,101.0,3,1786605742724,2026-08-13T14:22:22.724,1,1
6566,588aca26ed1bfc095abf2de16bf97b57,101.0,3,1786605743724,2026-08-13T14:22:23.724,1,1
6567,588aca26ed1bfc095abf2de16bf97b57,101.0,3,1786605744724,2026-08-13T14:22:24.724,1,1
6568,588aca26ed1bfc095abf2de16bf97b57,100.0,3,1786605745723,2026-08-13T14:22:25.723,1,1
6569,588aca26ed1bfc095abf2de16bf97b57,100.0,3,1786605746723,2026-08-13T14:22:26.723,1,1
6570,588aca26ed1bfc095abf2de16bf97b57,100.0,3,1786605747725,2026-08-13T14:22:27.725,1,1
6571,588aca26ed1bfc095abf2de16bf97b57,100.0,3,1786605748731,2026-08-13T14:22:28.731,1,1
6572,588aca26ed1bfc095abf2de16bf97b57,99.0,3,1786605749731,2026-08-13T14:22:29.731,1,1
6573,588aca26ed1bfc095abf2de16bf97b57,98.0,3,1786605750729,2026-08-13T14:22:30.729,1,1
6574,588aca26ed1bfc095abf2de16bf97b57,97.0,3,1786605751730,2026-08-13T14:22:31.730,1,1
6575,588aca26ed1bfc095abf2de16bf97b57,96.0,3,1786605752729,2026-08-13T14:22:32.729,1,1
6576,588aca26ed1bfc095abf2de16bf97b57,96.0,3,1786605753729,2026-08-13T14:22:33.729,1,1
6577,588aca26ed1bfc095abf2de16bf97b57,96.0,3,1786605754727,2026-08-13T14:22:34.727,1,1
6578,588aca26ed1bfc095abf2de16bf97b57,96.0,3,1786605755726,2026-08-13T14:22:35.726,1,1
6579,588aca26ed1bfc095abf2de16bf97b57,96.0,3,1786605756725,2026-08-13T14:22:36.725,1,1
6580,588aca26ed1bfc095abf2de16bf97b57,96.0,3,1786605757724,2026-08-13T14:22:37.724,1,1
6581,588aca26ed1bfc095abf2de16bf97b57,96.0,3,1786605758723,2026-08-13T14:22:38.723,1,1
6582,588aca26ed1bfc095abf2de16bf97b57,97.0,3,1786605759724,2026-08-13T14:22:39.724,1,1
6583,588aca26ed1bfc095abf2de16bf97b57,97.0,3,1786605760724,2026-08-13T14:22:40.724,1,1
6584,588aca26ed1bfc095abf2de16bf97b57,97.0,3,1786605761724,2026-08-13T14:22:41.724,1,1
6585,588aca26ed1bfc095abf2de16bf97b57,97.0,3,1786605762724,2026-08-13T14:22:42.724,1,1
6586,588aca26ed1bfc095abf2de16bf97b57,97.0,3,1786605763724,2026-08-13T14:22:43.724,1,1
6587,588aca26ed1bfc095abf2de16bf97b57,96.0,3,1786605764726,2026-08-13T14:22:44.726,1,1
6588,588aca26ed1bfc095abf2de16bf97b57,96.0,3,1786605765725,2026-08-13T14:22:45.725,1,1
6589,588aca26ed1bfc095abf2de16bf97b57,96.0,3,1786605766723,2026-08-13T14:22:46.723,1,1
6590,588aca26ed1bfc095abf2de16bf97b57,96.0,3,1786605767723,2026-08-13T14:22:47.723,1,1
6591,588aca26ed1bfc095abf2de16bf97b57,95.0,3,1786605768724,2026-08-13T14:22:48.724,1,1
6592,588aca26ed1bfc095abf2de16bf97b57,96.0,3,1786605769724,2026-08-13T14:22:49.724,1,1
6593,588aca26ed1bfc095abf2de16bf97b57,95.0,3,1786605770724,2026-08-13T14:22:50.724,1,1
6594,588aca26ed1bfc095abf2de16bf97b57,95.0,3,1786605771723,2026-08-13T14:22:51.723,1,1
6595,588aca26ed1bfc095abf2de16bf97b57,94.0,3,1786605772724,2026-08-13T14:22:52.724,1,1
6596,588aca26ed1bfc095abf2de16bf97b57,95.0,3,1786605773723,2026-08-13T14:22:53.723,1,1
6597,588aca26ed1bfc095abf2de16bf97b57,95.0,3,1786605774724,2026-08-13T14:22:54.724,1,1
6598,588aca26ed1bfc095abf2de16bf97b57,94.0,3,1786605775725,2026-08-13T14:22:55.725,1,1
6599,588aca26ed1bfc095abf2de16bf97b57,95.0,3,1786605776733,2026-08-13T14:22:56.733,1,1
6600,588aca26ed1bfc095abf2de16bf97b57,95.0,3,1786605777731,2026-08-13T14:22:57.731,1,1
6601,588aca26ed1bfc095abf2de16bf97b57,95.0,3,1786605778728,2026-08-13T14:22:58.728,1,1
6602,588aca26ed1bfc095abf2de16bf97b57,95.0,3,1786605779725,2026-08-13T14:22:59.725,1,1
6603,588aca26ed1bfc095abf2de16bf97b57,95.0,3,1786605780724,2026-08-13T14:23:00.724,1,1
6604,588aca26ed1bfc095abf2de16bf97b57,95.0,3,1786605781727,2026-08-13T14:23:01.727,1,1
6605,588aca26ed1bfc095abf2de16bf97b57,96.0,3,1786605782726,2026-08-13T14:23:02.726,1,1
6606,588aca26ed1bfc095abf2de16bf97b57,96.0,3,1786605783725,2026-08-13T14:23:03.725,1,1
6607,588aca26ed1bfc095abf2de16bf97b57,96.0,3,1786605784724,2026-08-13T14:23:04.724,1,1
6608,588aca26ed1bfc095abf2de16bf97b57,96.0,3,1786605785724,2026-08-13T14:23:05.724,1,1
6609,588aca26ed1bfc095abf2de16bf97b57,95.0,3,1786605786724,2026-08-13T14:23:06.724,1,1
6610,588aca26ed1bfc095abf2de16bf97b57,96.0,3,1786605787724,2026-08-13T14:23:07.724,1,1
6611,588aca26ed1bfc095abf2de16bf97b57,96.0,3,1786605788724,2026-08-13T14:23:08.724,1,1
6612,588aca26ed1bfc095abf2de16bf97b57,95.0,3,1786605789734,2026-08-13T14:23:09.734,1,1
6613,588aca26ed1bfc095abf2de16bf97b57,95.0,3,1786605790724,2026-08-13T14:23:10.724,1,1
6614,588aca26ed1bfc095abf2de16bf97b57,95.0,3,1786605791724,2026-08-13T14:23:11.724,1,1
6615,588aca26ed1bfc095abf2de16bf97b57,94.0,3,1786605792724,2026-08-13T14:23:12.724,1,1
6616,588aca26ed1bfc095abf2de16bf97b57,96.0,3,1786605793724,2026-08-13T14:23:13.724,1,1
6617,588aca26ed1bfc095abf2de16bf97b57,97.0,3,1786605794724,2026-08-13T14:23:14.724,1,1
6618,588aca26ed1bfc095abf2de16bf97b57,97.0,3,1786605795724,2026-08-13T14:23:15.724,1,1
6619,588aca26ed1bfc095abf2de16bf97b57,97.0,3,1786605796724,2026-08-13T14:23:16.724,1,1
6620,588aca26ed1bfc095abf2de16bf97b57,98.0,3,1786605797724,2026-08-13T14:23:17.724,1,1
6621,588aca26ed1bfc095abf2de16bf97b57,98.0,3,1786605798725,2026-08-13T14:23:18.725,1,1
6622,588aca26ed1bfc095abf2de16bf97b57,98.0,3,1786605799724,2026-08-13T14:23:19.724,1,1
6623,588aca26ed1bfc095abf2de16bf97b57,98.0,3,1786605800724,2026-08-13T14:23:20.724,1,1
6624,588aca26ed1bfc095abf2de16bf97b57,97.0,3,1786605801723,2026-08-13T14:23:21.723,1,1
6625,588aca26ed1bfc095abf2de16bf97b57,97.0,3,1786605802723,2026-08-13T14:23:22.723,1,1
6626,588aca26ed1bfc095abf2de16bf97b57,96.0,3,1786605803723,2026-08-13T14:23:23.723,1,1
6627,588aca26ed1bfc095abf2de16bf97b57,96.0,3,1786605804725,2026-08-13T14:23:24.725,1,1
6628,588aca26ed1bfc095abf2de16bf97b57,95.0,3,1786605805726,2026-08-13T14:23:25.726,1,1
6629,588aca26ed1bfc095abf2de16bf97b57,94.0,3,1786605806732,2026-08-13T14:23:26.732,1,1
6630,588aca26ed1bfc095abf2de16bf97b57,93.0,3,1786605807733,2026-08-13T14:23:27.733,1,1
6631,588aca26ed1bfc095abf2de16bf97b57,92.0,3,1786605808729,2026-08-13T14:23:28.729,1,1
6632,588aca26ed1bfc095abf2de16bf97b57,91.0,3,1786605809728,2026-08-13T14:23:29.728,1,1
6633,588aca26ed1bfc095abf2de16bf97b57,90.0,3,1786605810727,2026-08-13T14:23:30.727,1,1
6634,588aca26ed1bfc095abf2de16bf97b57,90.0,3,1786605811727,2026-08-13T14:23:31.727,1,1
6635,588aca26ed1bfc095abf2de16bf97b57,89.0,3,1786605812726,2026-08-13T14:23:32.726,1,1
6636,588aca26ed1bfc095abf2de16bf97b57,89.0,3,1786605813724,2026-08-13T14:23:33.724,1,1
6637,588aca26ed1bfc095abf2de16bf97b57,91.0,3,1786605814723,2026-08-13T14:23:34.723,1,1
6638,588aca26ed1bfc095abf2de16bf97b57,92.0,3,1786605815724,2026-08-13T14:23:35.724,1,1
6639,588aca26ed1bfc095abf2de16bf97b57,94.0,3,1786605816724,2026-08-13T14:23:36.724,1,1
6640,588aca26ed1bfc095abf2de16bf97b57,94.0,3,1786605817724,2026-08-13T14:23:37.724,1,1
6641,588aca26ed1bfc095abf2de16bf97b57,94.0,3,1786605818724,2026-08-13T14:23:38.724,1,1
6642,588aca26ed1bfc095abf2de16bf97b57,93.0,3,1786605819724,2026-08-13T14:23:39.724,1,1
6643,588aca26ed1bfc095abf2de16bf97b57,94.0,3,1786605820725,2026-08-13T14:23:40.725,1,1
6644,588aca26ed1bfc095abf2de16bf97b57,94.0,3,1786605821726,2026-08-13T14:23:41.726,1,1
6645,588aca26ed1bfc095abf2de16bf97b57,94.0,3,1786605822725,2026-08-13T14:23:42.725,1,1
6646,588aca26ed1bfc095abf2de16bf97b57,94.0,3,1786605823724,2026-08-13T14:23:43.724,1,1
6647,588aca26ed1bfc095abf2de16bf97b57,95.0,3,1786605824724,2026-08-13T14:23:44.724,1,1
6648,588aca26ed1bfc095abf2de16bf97b57,96.0,3,1786605825725,2026-08-13T14:23:45.725,1,1
6649,588aca26ed1bfc095abf2de16bf97b57,97.0,3,1786605826723,2026-08-13T14:23:46.723,1,1
6650,588aca26ed1bfc095abf2de16bf97b57,97.0,3,1786605827723,2026-08-13T14:23:47.723,1,1
6651,588aca26ed1bfc095abf2de16bf97b57,98.0,3,1786605828724,2026-08-13T14:23:48.724,1,1
6652,588aca26ed1bfc095abf2de16bf97b57,98.0,3,1786605829724,2026-08-13T14:23:49.724,1,1
6653,588aca26ed1bfc095abf2de16bf97b57,97.0,3,1786605830726,2026-08-13T14:23:50.726,1,1
6654,588aca26ed1bfc095abf2de16bf97b57,96.0,3,1786605831724,2026-08-13T14:23:51.724,1,1
6655,588aca26ed1bfc095abf2de16bf97b57,95.0,3,1786605832724,2026-08-13T14:23:52.724,1,1
6656,588aca26ed1bfc095abf2de16bf97b57,94.0,3,1786605833725,2026-08-13T14:23:53.725,1,1
6657,588aca26ed1bfc095abf2de16bf97b57,94.0,3,1786605834724,2026-08-13T14:23:54.724,1,1
6658,588aca26ed1bfc095abf2de16bf97b57,94.0,3,1786605835724,2026-08-13T14:23:55.724,1,1
6659,588aca26ed1bfc095abf2de16bf97b57,95.0,3,1786605836724,2026-08-13T14:23:56.724,1,1
6660,588aca26ed1bfc095abf2de16bf97b57,95.0,3,1786605837723,2026-08-13T14:23:57.723,1,1
6661,588aca26ed1bfc095abf2de16bf97b57,95.0,3,1786605838724,2026-08-13T14:23:58.724,1,1
6662,588aca26ed1bfc095abf2de16bf97b57,96.0,3,1786605839724,2026-08-13T14:23:59.724,1,1
6663,588aca26ed1bfc095abf2de16bf97b57,97.0,3,1786605840724,2026-08-13T14:24:00.724,1,1
6664,588aca26ed1bfc095abf2de16bf97b57,97.0,3,1786605841723,2026-08-13T14:24:01.723,1,1
6665,588aca26ed1bfc095abf2de16bf97b57,96.0,3,1786605842725,2026-08-13T14:24:02.725,1,1
6666,588aca26ed1bfc095abf2de16bf97b57,96.0,3,1786605843734,2026-08-13T14:24:03.734,1,1
6667,588aca26ed1bfc095abf2de16bf97b57,97.0,3,1786605844732,2026-08-13T14:24:04.732,1,1
6668,588aca26ed1bfc095abf2de16bf97b57,98.0,3,1786605845731,2026-08-13T14:24:05.731,1,1
6669,588aca26ed1bfc095abf2de16bf97b57,98.0,3,1786605846731,2026-08-13T14:24:06.731,1,1
6670,588aca26ed1bfc095abf2de16bf97b57,99.0,3,1786605847731,2026-08-13T14:24:07.731,1,1
6671,588aca26ed1bfc095abf2de16bf97b57,100.0,3,1786605848730,2026-08-13T14:24:08.730,1,1
6672,588aca26ed1bfc095abf2de16bf97b57,100.0,3,1786605849732,2026-08-13T14:24:09.732,1,1
6673,588aca26ed1bfc095abf2de16bf97b57,99.0,3,1786605850730,2026-08-13T14:24:10.730,1,1
6674,588aca26ed1bfc095abf2de16bf97b57,99.0,3,1786605851729,2026-08-13T14:24:11.729,1,1
6675,588aca26ed1bfc095abf2de16bf97b57,99.0,3,1786605852730,2026-08-13T14:24:12.730,1,1
6676,588aca26ed1bfc095abf2de16bf97b57,98.0,3,1786605853729,2026-08-13T14:24:13.729,1,1
6677,588aca26ed1bfc095abf2de16bf97b57,99.0,3,1786605854728,2026-08-13T14:24:14.728,1,1
6678,588aca26ed1bfc095abf2de16bf97b57,100.0,3,1786605855735,2026-08-13T14:24:15.735,1,1
6679,588aca26ed1bfc095abf2de16bf97b57,101.0,3,1786605856727,2026-08-13T14:24:16.727,1,1
6680,588aca26ed1bfc095abf2de16bf97b57,101.0,3,1786605857727,2026-08-13T14:24:17.727,1,1
6681,588aca26ed1bfc095abf2de16bf97b57,100.0,3,1786605858723,2026-08-13T14:24:18.723,1,1
6682,588aca26ed1bfc095abf2de16bf97b57,98.0,3,1786605859727,2026-08-13T14:24:19.727,1,1
6683,588aca26ed1bfc095abf2de16bf97b57,97.0,3,1786605860735,2026-08-13T14:24:20.735,1,1
6684,588aca26ed1bfc095abf2de16bf97b57,96.0,3,1786605861724,2026-08-13T14:24:21.724,1,1
6685,588aca26ed1bfc095abf2de16bf97b57,96.0,3,1786605862725,2026-08-13T14:24:22.725,1,1
6686,588aca26ed1bfc095abf2de16bf97b57,96.0,3,1786605863725,2026-08-13T14:24:23.725,1,1
6687,588aca26ed1bfc095abf2de16bf97b57,96.0,3,1786605864724,2026-08-13T14:24:24.724,1,1
6688,588aca26ed1bfc095abf2de16bf97b57,96.0,3,1786605865724,2026-08-13T14:24:25.724,1,1
6689,588aca26ed1bfc095abf2de16bf97b57,96.0,3,1786605866725,2026-08-13T14:24:26.725,1,1
6690,588aca26ed1bfc095abf2de16bf97b57,96.0,3,1786605867724,2026-08-13T14:24:27.724,1,1
6691,588aca26ed1bfc095abf2de16bf97b57,96.0,3,1786605868723,2026-08-13T14:24:28.723,1,1
6692,588aca26ed1bfc095abf2de16bf97b57,96.0,3,1786605869724,2026-08-13T14:24:29.724,1,1
6693,588aca26ed1bfc095abf2de16bf97b57,97.0,3,1786605870726,2026-08-13T14:24:30.726,1,1
6694,588aca26ed1bfc095abf2de16bf97b57,98.0,3,1786605871725,2026-08-13T14:24:31.725,1,1
6695,588aca26ed1bfc095abf2de16bf97b57,98.0,3,1786605872724,2026-08-13T14:24:32.724,1,1
6696,588aca26ed1bfc095abf2de16bf97b57,99.0,3,1786605873723,2026-08-13T14:24:33.723,1,1
6697,588aca26ed1bfc095abf2de16bf97b57,99.0,3,1786605874724,2026-08-13T14:24:34.724,1,1
6698,588aca26ed1bfc095abf2de16bf97b57,98.0,3,1786605875723,2026-08-13T14:24:35.723,1,1
6699,588aca26ed1bfc095abf2de16bf97b57,98.0,3,1786605876724,2026-08-13T14:24:36.724,1,1
6700,588aca26ed1bfc095abf2de16bf97b57,97.0,3,1786605877723,2026-08-13T14:24:37.723,1,1
6701,588aca26ed1bfc095abf2de16bf97b57,98.0,3,1786605878724,2026-08-13T14:24:38.724,1,1
6702,588aca26ed1bfc095abf2de16bf97b57,98.0,3,1786605879728,2026-08-13T14:24:39.728,1,1
6703,588aca26ed1bfc095abf2de16bf97b57,98.0,3,1786605880724,2026-08-13T14:24:40.724,1,1
6704,588aca26ed1bfc095abf2de16bf97b57,98.0,3,1786605881724,2026-08-13T14:24:41.724,1,1
6705,588aca26ed1bfc095abf2de16bf97b57,98.0,3,1786605882724,2026-08-13T14:24:42.724,1,1
6706,588aca26ed1bfc095abf2de16bf97b57,97.0,3,1786605883723,2026-08-13T14:24:43.723,1,1
6707,588aca26ed1bfc095abf2de16bf97b57,97.0,3,1786605884725,2026-08-13T14:24:44.725,1,1
6708,588aca26ed1bfc095abf2de16bf97b57,98.0,3,1786605885725,2026-08-13T14:24:45.725,1,1
6709,588aca26ed1bfc095abf2de16bf97b57,98.0,3,1786605886724,2026-08-13T14:24:46.724,1,1
6710,588aca26ed1bfc095abf2de16bf97b57,99.0,3,1786605887723,2026-08-13T14:24:47.723,1,1
6711,588aca26ed1bfc095abf2de16bf97b57,99.0,3,1786605888724,2026-08-13T14:24:48.724,1,1
6712,588aca26ed1bfc095abf2de16bf97b57,100.0,3,1786605889725,2026-08-13T14:24:49.725,1,1
6713,588aca26ed1bfc095abf2de16bf97b57,100.0,3,1786605890724,2026-08-13T14:24:50.724,1,1
6714,588aca26ed1bfc095abf2de16bf97b57,99.0,3,1786605891724,2026-08-13T14:24:51.724,1,1
6715,588aca26ed1bfc095abf2de16bf97b57,99.0,3,1786605892724,2026-08-13T14:24:52.724,1,1
6716,588aca26ed1bfc095abf2de16bf97b57,98.0,3,1786605893729,2026-08-13T14:24:53.729,1,1
6717,588aca26ed1bfc095abf2de16bf97b57,98.0,3,1786605894724,2026-08-13T14:24:54.724,1,1
6718,588aca26ed1bfc095abf2de16bf97b57,98.0,3,1786605895725,2026-08-13T14:24:55.725,1,1
6719,588aca26ed1bfc095abf2de16bf97b57,98.0,3,1786605896725,2026-08-13T14:24:56.725,1,1
6720,588aca26ed1bfc095abf2de16bf97b57,98.0,3,1786605897725,2026-08-13T14:24:57.725,1,1
6721,588aca26ed1bfc095abf2de16bf97b57,97.0,3,1786605898725,2026-08-13T14:24:58.725,1,1
6722,588aca26ed1bfc095abf2de16bf97b57,97.0,3,1786605899724,2026-08-13T14:24:59.724,1,1
6723,588aca26ed1bfc095abf2de16bf97b57,98.0,3,1786605900725,2026-08-13T14:25:00.725,1,1
6724,588aca26ed1bfc095abf2de16bf97b57,98.0,3,1786605901724,2026-08-13T14:25:01.724,1,1
6725,588aca26ed1bfc095abf2de16bf97b57,99.0,3,1786605902724,2026-08-13T14:25:02.724,1,1
6726,588aca26ed1bfc095abf2de16bf97b57,99.0,3,1786605903723,2026-08-13T14:25:03.723,1,1
6727,588aca26ed1bfc095abf2de16bf97b57,100.0,3,1786605904724,2026-08-13T14:25:04.724,1,1
6728,588aca26ed1bfc095abf2de16bf97b57,99.0,3,1786605905724,2026-08-13T14:25:05.724,1,1
6729,588aca26ed1bfc095abf2de16bf97b57,99.0,3,1786605906723,2026-08-13T14:25:06.723,1,1
6730,588aca26ed1bfc095abf2de16bf97b57,98.0,3,1786605907724,2026-08-13T14:25:07.724,1,1
6731,588aca26ed1bfc095abf2de16bf97b57,96.0,3,1786605908724,2026-08-13T14:25:08.724,1,1
6732,588aca26ed1bfc095abf2de16bf97b57,96.0,3,1786605909724,2026-08-13T14:25:09.724,1,1
6733,588aca26ed1bfc095abf2de16bf97b57,96.0,3,1786605910724,2026-08-13T14:25:10.724,1,1
6734,588aca26ed1bfc095abf2de16bf97b57,96.0,3,1786605911723,2026-08-13T14:25:11.723,1,1
6735,588aca26ed1bfc095abf2de16bf97b57,97.0,3,1786605912724,2026-08-13T14:25:12.724,1,1
6736,588aca26ed1bfc095abf2de16bf97b57,97.0,3,1786605913724,2026-08-13T14:25:13.724,1,1
6737,588aca26ed1bfc095abf2de16bf97b57,97.0,3,1786605914723,2026-08-13T14:25:14.723,1,1
6738,588aca26ed1bfc095abf2de16bf97b57,97.0,3,1786605915724,2026-08-13T14:25:15.724,1,1
6739,588aca26ed1bfc095abf2de16bf97b57,97.0,3,1786605916725,2026-08-13T14:25:16.725,1,1
6740,588aca26ed1bfc095abf2de16bf97b57,97.0,3,1786605917731,2026-08-13T14:25:17.731,1,1
6741,588aca26ed1bfc095abf2de16bf97b57,96.0,3,1786605918730,2026-08-13T14:25:18.730,1,1
6742,588aca26ed1bfc095abf2de16bf97b57,96.0,3,1786605919727,2026-08-13T14:25:19.727,1,1
6743,588aca26ed1bfc095abf2de16bf97b57,95.0,3,1786605920726,2026-08-13T14:25:20.726,1,1
6744,588aca26ed1bfc095abf2de16bf97b57,96.0,3,1786605921727,2026-08-13T14:25:21.727,1,1
6745,588aca26ed1bfc095abf2de16bf97b57,96.0,3,1786605922724,2026-08-13T14:25:22.724,1,1
6746,588aca26ed1bfc095abf2de16bf97b57,96.0,3,1786605923725,2026-08-13T14:25:23.725,1,1
6747,588aca26ed1bfc095abf2de16bf97b57,96.0,3,1786605924734,2026-08-13T14:25:24.734,1,1
6748,588aca26ed1bfc095abf2de16bf97b57,96.0,3,1786605925732,2026-08-13T14:25:25.732,1,1
6749,588aca26ed1bfc095abf2de16bf97b57,96.0,3,1786605926730,2026-08-13T14:25:26.730,1,1
6750,588aca26ed1bfc095abf2de16bf97b57,97.0,3,1786605927728,2026-08-13T14:25:27.728,1,1
6751,588aca26ed1bfc095abf2de16bf97b57,97.0,3,1786605928724,2026-08-13T14:25:28.724,1,1
6752,588aca26ed1bfc095abf2de16bf97b57,97.0,3,1786605929724,2026-08-13T14:25:29.724,1,1
6753,588aca26ed1bfc095abf2de16bf97b57,97.0,3,1786605930723,2026-08-13T14:25:30.723,1,1
6754,588aca26ed1bfc095abf2de16bf97b57,97.0,3,1786605931724,2026-08-13T14:25:31.724,1,1
6755,588aca26ed1bfc095abf2de16bf97b57,97.0,3,1786605932727,2026-08-13T14:25:32.727,1,1
6756,588aca26ed1bfc095abf2de16bf97b57,97.0,3,1786605933725,2026-08-13T14:25:33.725,1,1
6757,588aca26ed1bfc095abf2de16bf97b57,97.0,3,1786605934727,2026-08-13T14:25:34.727,1,0
6758,588aca26ed1bfc095abf2de16bf97b57,98.0,3,1786605935724,2026-08-13T14:25:35.724,1,1
6759,588aca26ed1bfc095abf2de16bf97b57,97.0,3,1786605936724,2026-08-13T14:25:36.724,1,1
6760,588aca26ed1bfc095abf2de16bf97b57,97.0,3,1786605937724,2026-08-13T14:25:37.724,1,1
6761,588aca26ed1bfc095abf2de16bf97b57,100.0,3,1786605938724,2026-08-13T14:25:38.724,1,1
6762,588aca26ed1bfc095abf2de16bf97b57,101.0,3,1786605939724,2026-08-13T14:25:39.724,1,1
6763,588aca26ed1bfc095abf2de16bf97b57,103.0,3,1786605940724,2026-08-13T14:25:40.724,1,1
6764,588aca26ed1bfc095abf2de16bf97b57,103.0,3,1786605941724,2026-08-13T14:25:41.724,1,1
6765,588aca26ed1bfc095abf2de16bf97b57,104.0,3,1786605942724,2026-08-13T14:25:42.724,1,1
6766,588aca26ed1bfc095abf2de16bf97b57,103.0,3,1786605943723,2026-08-13T14:25:43.723,1,1
6767,588aca26ed1bfc095abf2de16bf97b57,102.0,3,1786605944724,2026-08-13T14:25:44.724,1,1
6768,588aca26ed1bfc095abf2de16bf97b57,101.0,3,1786605945724,2026-08-13T14:25:45.724,1,1
6769,588aca26ed1bfc095abf2de16bf97b57,100.0,3,1786605946723,2026-08-13T14:25:46.723,1,1
6770,588aca26ed1bfc095abf2de16bf97b57,100.0,3,1786605947724,2026-08-13T14:25:47.724,1,1
6771,588aca26ed1bfc095abf2de16bf97b57,100.0,3,1786605948724,2026-08-13T14:25:48.724,1,1
6772,588aca26ed1bfc095abf2de16bf97b57,99.0,3,1786605949723,2026-08-13T14:25:49.723,1,1
6773,588aca26ed1bfc095abf2de16bf97b57,98.0,3,1786605950724,2026-08-13T14:25:50.724,1,1
6774,588aca26ed1bfc095abf2de16bf97b57,97.0,3,1786605951724,2026-08-13T14:25:51.724,1,1
6775,588aca26ed1bfc095abf2de16bf97b57,96.0,3,1786605952724,2026-08-13T14:25:52.724,1,1
6776,588aca26ed1bfc095abf2de16bf97b57,95.0,3,1786605953724,2026-08-13T14:25:53.724,1,1
6777,588aca26ed1bfc095abf2de16bf97b57,94.0,3,1786605954724,2026-08-13T14:25:54.724,1,1
6778,588aca26ed1bfc095abf2de16bf97b57,93.0,3,1786605955734,2026-08-13T14:25:55.734,1,1
6779,588aca26ed1bfc095abf2de16bf97b57,94.0,3,1786605956731,2026-08-13T14:25:56.731,1,1
6780,588aca26ed1bfc095abf2de16bf97b57,94.0,3,1786605957730,2026-08-13T14:25:57.730,1,1
6781,588aca26ed1bfc095abf2de16bf97b57,94.0,3,1786605958731,2026-08-13T14:25:58.731,1,1
6782,588aca26ed1bfc095abf2de16bf97b57,93.0,3,1786605959740,2026-08-13T14:25:59.740,1,1
6783,588aca26ed1bfc095abf2de16bf97b57,92.0,3,1786605960730,2026-08-13T14:26:00.730,1,1
6784,588aca26ed1bfc095abf2de16bf97b57,92.0,3,1786605961725,2026-08-13T14:26:01.725,1,1
6785,588aca26ed1bfc095abf2de16bf97b57,93.0,3,1786605962727,2026-08-13T14:26:02.727,1,1
6786,588aca26ed1bfc095abf2de16bf97b57,93.0,3,1786605963728,2026-08-13T14:26:03.728,1,1
6787,588aca26ed1bfc095abf2de16bf97b57,94.0,3,1786605964726,2026-08-13T14:26:04.726,1,1
6788,588aca26ed1bfc095abf2de16bf97b57,93.0,3,1786605965734,2026-08-13T14:26:05.734,1,1
6789,588aca26ed1bfc095abf2de16bf97b57,93.0,3,1786605966728,2026-08-13T14:26:06.728,1,1
6790,588aca26ed1bfc095abf2de16bf97b57,93.0,3,1786605967728,2026-08-13T14:26:07.728,1,1
6791,588aca26ed1bfc095abf2de16bf97b57,94.0,3,1786605968729,2026-08-13T14:26:08.729,1,1
6792,588aca26ed1bfc095abf2de16bf97b57,95.0,3,1786605969728,2026-08-13T14:26:09.728,1,1
6793,588aca26ed1bfc095abf2de16bf97b57,96.0,3,1786605970726,2026-08-13T14:26:10.726,1,1
6794,588aca26ed1bfc095abf2de16bf97b57,96.0,3,1786605971726,2026-08-13T14:26:11.726,1,1
6795,588aca26ed1bfc095abf2de16bf97b57,95.0,3,1786605972727,2026-08-13T14:26:12.727,1,1
6796,588aca26ed1bfc095abf2de16bf97b57,94.0,3,1786605973727,2026-08-13T14:26:13.727,1,1
6797,588aca26ed1bfc095abf2de16bf97b57,93.0,3,1786605974728,2026-08-13T14:26:14.728,1,1
6798,588aca26ed1bfc095abf2de16bf97b57,92.0,3,1786605975726,2026-08-13T14:26:15.726,1,1
6799,588aca26ed1bfc095abf2de16bf97b57,91.0,3,1786605976723,2026-08-13T14:26:16.723,1,1
6800,588aca26ed1bfc095abf2de16bf97b57,92.0,3,1786605977726,2026-08-13T14:26:17.726,1,1
6801,588aca26ed1bfc095abf2de16bf97b57,92.0,3,1786605978726,2026-08-13T14:26:18.726,1,1
6802,588aca26ed1bfc095abf2de16bf97b57,93.0,3,1786605979725,2026-08-13T14:26:19.725,1,1
6803,588aca26ed1bfc095abf2de16bf97b57,94.0,3,1786605980725,2026-08-13T14:26:20.725,1,1
6804,588aca26ed1bfc095abf2de16bf97b57,94.0,3,1786605981724,2026-08-13T14:26:21.724,1,1
6805,588aca26ed1bfc095abf2de16bf97b57,94.0,3,1786605982724,2026-08-13T14:26:22.724,1,1
6806,588aca26ed1bfc095abf2de16bf97b57,94.0,3,1786605983723,2026-08-13T14:26:23.723,1,1
6807,588aca26ed1bfc095abf2de16bf97b57,95.0,3,1786605984724,2026-08-13T14:26:24.724,1,1
6808,588aca26ed1bfc095abf2de16bf97b57,94.0,3,1786605985724,2026-08-13T14:26:25.724,1,1
6809,588aca26ed1bfc095abf2de16bf97b57,94.0,3,1786605986725,2026-08-13T14:26:26.725,1,1
6810,588aca26ed1bfc095abf2de16bf97b57,93.0,3,1786605987726,2026-08-13T14:26:27.726,1,1
6811,588aca26ed1bfc095abf2de16bf97b57,92.0,3,1786605988724,2026-08-13T14:26:28.724,1,1
6812,588aca26ed1bfc095abf2de16bf97b57,94.0,3,1786605989725,2026-08-13T14:26:29.725,1,1
6813,588aca26ed1bfc095abf2de16bf97b57,95.0,3,1786605990726,2026-08-13T14:26:30.726,1,1
6814,588aca26ed1bfc095abf2de16bf97b57,96.0,3,1786605991725,2026-08-13T14:26:31.725,1,1
6815,588aca26ed1bfc095abf2de16bf97b57,96.0,3,1786605992727,2026-08-13T14:26:32.727,1,1
6816,588aca26ed1bfc095abf2de16bf97b57,96.0,3,1786605993723,2026-08-13T14:26:33.723,1,1
6817,588aca26ed1bfc095abf2de16bf97b57,96.0,3,1786605994724,2026-08-13T14:26:34.724,1,1
6818,588aca26ed1bfc095abf2de16bf97b57,96.0,3,1786605995723,2026-08-13T14:26:35.723,1,1
6819,588aca26ed1bfc095abf2de16bf97b57,97.0,3,1786605996723,2026-08-13T14:26:36.723,1,1
6820,588aca26ed1bfc095abf2de16bf97b57,98.0,3,1786605997724,2026-08-13T14:26:37.724,1,1
6821,588aca26ed1bfc095abf2de16bf97b57,98.0,3,1786605998724,2026-08-13T14:26:38.724,1,1
6822,588aca26ed1bfc095abf2de16bf97b57,99.0,3,1786605999724,2026-08-13T14:26:39.724,1,1
6823,588aca26ed1bfc095abf2de16bf97b57,98.0,3,1786606000724,2026-08-13T14:26:40.724,1,1
6824,588aca26ed1bfc095abf2de16bf97b57,99.0,3,1786606001724,2026-08-13T14:26:41.724,1,1
6825,588aca26ed1bfc095abf2de16bf97b57,99.0,3,1786606002724,2026-08-13T14:26:42.724,1,1
6826,588aca26ed1bfc095abf2de16bf97b57,99.0,3,1786606003724,2026-08-13T14:26:43.724,1,1
6827,588aca26ed1bfc095abf2de16bf97b57,98.0,3,1786606004724,2026-08-13T14:26:44.724,1,1
6828,588aca26ed1bfc095abf2de16bf97b57,97.0,3,1786606005724,2026-08-13T14:26:45.724,1,1
6829,588aca26ed1bfc095abf2de16bf97b57,96.0,3,1786606006724,2026-08-13T14:26:46.724,1,1
6830,588aca26ed1bfc095abf2de16bf97b57,96.0,3,1786606007724,2026-08-13T14:26:47.724,1,1
6831,588aca26ed1bfc095abf2de16bf97b57,96.0,3,1786606008724,2026-08-13T14:26:48.724,1,1
6832,588aca26ed1bfc095abf2de16bf97b57,95.0,3,1786606009725,2026-08-13T14:26:49.725,1,1
6833,588aca26ed1bfc095abf2de16bf97b57,95.0,3,1786606010724,2026-08-13T14:26:50.724,1,1
6834,588aca26ed1bfc095abf2de16bf97b57,94.0,3,1786606011734,2026-08-13T14:26:51.734,1,1
6835,588aca26ed1bfc095abf2de16bf97b57,93.0,3,1786606012734,2026-08-13T14:26:52.734,1,1
6836,588aca26ed1bfc095abf2de16bf97b57,92.0,3,1786606013733,2026-08-13T14:26:53.733,1,1
6837,588aca26ed1bfc095abf2de16bf97b57,91.0,3,1786606014732,2026-08-13T14:26:54.732,1,1
6838,588aca26ed1bfc095abf2de16bf97b57,91.0,3,1786606015733,2026-08-13T14:26:55.733,1,1
6839,588aca26ed1bfc095abf2de16bf97b57,90.0,3,1786606016734,2026-08-13T14:26:56.734,1,1
6840,588aca26ed1bfc095abf2de16bf97b57,90.0,3,1786606017733,2026-08-13T14:26:57.733,1,1
6841,588aca26ed1bfc095abf2de16bf97b57,90.0,3,1786606018729,2026-08-13T14:26:58.729,1,1
6842,588aca26ed1bfc095abf2de16bf97b57,90.0,3,1786606019731,2026-08-13T14:26:59.731,1,1
6843,588aca26ed1bfc095abf2de16bf97b57,90.0,3,1786606020727,2026-08-13T14:27:00.727,1,1
6844,588aca26ed1bfc095abf2de16bf97b57,90.0,3,1786606021731,2026-08-13T14:27:01.731,1,1
6845,588aca26ed1bfc095abf2de16bf97b57,90.0,3,1786606022728,2026-08-13T14:27:02.728,1,1
6846,588aca26ed1bfc095abf2de16bf97b57,90.0,3,1786606023724,2026-08-13T14:27:03.724,1,1
6847,588aca26ed1bfc095abf2de16bf97b57,91.0,3,1786606024726,2026-08-13T14:27:04.726,1,1
6848,588aca26ed1bfc095abf2de16bf97b57,91.0,3,1786606025724,2026-08-13T14:27:05.724,1,1
6849,588aca26ed1bfc095abf2de16bf97b57,91.0,3,1786606026724,2026-08-13T14:27:06.724,1,1
6850,588aca26ed1bfc095abf2de16bf97b57,91.0,3,1786606027724,2026-08-13T14:27:07.724,1,1
6851,588aca26ed1bfc095abf2de16bf97b57,91.0,3,1786606028724,2026-08-13T14:27:08.724,1,1
6852,588aca26ed1bfc095abf2de16bf97b57,91.0,3,1786606029724,2026-08-13T14:27:09.724,1,1
6853,588aca26ed1bfc095abf2de16bf97b57,91.0,3,1786606030724,2026-08-13T14:27:10.724,1,1
6854,588aca26ed1bfc095abf2de16bf97b57,91.0,3,1786606031724,2026-08-13T14:27:11.724,1,1
6855,588aca26ed1bfc095abf2de16bf97b57,91.0,3,1786606032724,2026-08-13T14:27:12.724,1,1
6856,588aca26ed1bfc095abf2de16bf97b57,90.0,3,1786606033724,2026-08-13T14:27:13.724,1,1
6857,588aca26ed1bfc095abf2de16bf97b57,91.0,3,1786606034724,2026-08-13T14:27:14.724,1,1
6858,588aca26ed1bfc095abf2de16bf97b57,91.0,3,1786606035724,2026-08-13T14:27:15.724,1,1
6859,588aca26ed1bfc095abf2de16bf97b57,91.0,3,1786606036724,2026-08-13T14:27:16.724,1,1
6860,588aca26ed1bfc095abf2de16bf97b57,91.0,3,1786606037724,2026-08-13T14:27:17.724,1,1
6861,588aca26ed1bfc095abf2de16bf97b57,92.0,3,1786606038725,2026-08-13T14:27:18.725,1,1
6862,588aca26ed1bfc095abf2de16bf97b57,92.0,3,1786606039726,2026-08-13T14:27:19.726,1,1
6863,588aca26ed1bfc095abf2de16bf97b57,91.0,3,1786606040725,2026-08-13T14:27:20.725,1,1
6864,588aca26ed1bfc095abf2de16bf97b57,91.0,3,1786606041725,2026-08-13T14:27:21.725,1,1
6865,588aca26ed1bfc095abf2de16bf97b57,92.0,3,1786606042724,2026-08-13T14:27:22.724,1,1
6866,588aca26ed1bfc095abf2de16bf97b57,93.0,3,1786606043723,2026-08-13T14:27:23.723,1,1
6867,588aca26ed1bfc095abf2de16bf97b57,93.0,3,1786606044724,2026-08-13T14:27:24.724,1,1
6868,588aca26ed1bfc095abf2de16bf97b57,93.0,3,1786606045724,2026-08-13T14:27:25.724,1,1
6869,588aca26ed1bfc095abf2de16bf97b57,93.0,3,1786606046724,2026-08-13T14:27:26.724,1,1
6870,588aca26ed1bfc095abf2de16bf97b57,94.0,3,1786606047724,2026-08-13T14:27:27.724,1,1
6871,588aca26ed1bfc095abf2de16bf97b57,95.0,3,1786606048723,2026-08-13T14:27:28.723,1,1
6872,588aca26ed1bfc095abf2de16bf97b57,95.0,3,1786606049724,2026-08-13T14:27:29.724,1,1
6873,588aca26ed1bfc095abf2de16bf97b57,94.0,3,1786606050724,2026-08-13T14:27:30.724,1,1
6874,588aca26ed1bfc095abf2de16bf97b57,93.0,3,1786606051724,2026-08-13T14:27:31.724,1,1
6875,588aca26ed1bfc095abf2de16bf97b57,93.0,3,1786606052724,2026-08-13T14:27:32.724,1,1
6876,588aca26ed1bfc095abf2de16bf97b57,94.0,3,1786606053724,2026-08-13T14:27:33.724,1,1
6877,588aca26ed1bfc095abf2de16bf97b57,95.0,3,1786606054724,2026-08-13T14:27:34.724,1,1
6878,588aca26ed1bfc095abf2de16bf97b57,96.0,3,1786606055724,2026-08-13T14:27:35.724,1,1
6879,588aca26ed1bfc095abf2de16bf97b57,96.0,3,1786606056724,2026-08-13T14:27:36.724,1,1
6880,588aca26ed1bfc095abf2de16bf97b57,96.0,3,1786606057724,2026-08-13T14:27:37.724,1,1
6881,588aca26ed1bfc095abf2de16bf97b57,95.0,3,1786606058724,2026-08-13T14:27:38.724,1,1
6882,588aca26ed1bfc095abf2de16bf97b57,95.0,3,1786606059724,2026-08-13T14:27:39.724,1,1
6883,588aca26ed1bfc095abf2de16bf97b57,94.0,3,1786606060724,2026-08-13T14:27:40.724,1,1
6884,588aca26ed1bfc095abf2de16bf97b57,94.0,3,1786606061724,2026-08-13T14:27:41.724,1,1
6885,588aca26ed1bfc095abf2de16bf97b57,94.0,3,1786606062733,2026-08-13T14:27:42.733,1,1
6886,588aca26ed1bfc095abf2de16bf97b57,94.0,3,1786606063731,2026-08-13T14:27:43.731,1,1
6887,588aca26ed1bfc095abf2de16bf97b57,94.0,3,1786606064730,2026-08-13T14:27:44.730,1,1
6888,588aca26ed1bfc095abf2de16bf97b57,94.0,3,1786606065729,2026-08-13T14:27:45.729,1,1
6889,588aca26ed1bfc095abf2de16bf97b57,94.0,3,1786606066726,2026-08-13T14:27:46.726,1,1
6890,588aca26ed1bfc095abf2de16bf97b57,94.0,3,1786606067726,2026-08-13T14:27:47.726,1,1
6891,588aca26ed1bfc095abf2de16bf97b57,93.0,3,1786606068726,2026-08-13T14:27:48.726,1,1
6892,588aca26ed1bfc095abf2de16bf97b57,93.0,3,1786606069724,2026-08-13T14:27:49.724,1,1
6893,588aca26ed1bfc095abf2de16bf97b57,94.0,3,1786606070724,2026-08-13T14:27:50.724,1,1
6894,588aca26ed1bfc095abf2de16bf97b57,94.0,3,1786606071724,2026-08-13T14:27:51.724,1,1
6895,588aca26ed1bfc095abf2de16bf97b57,93.0,3,1786606072726,2026-08-13T14:27:52.726,1,1
6896,588aca26ed1bfc095abf2de16bf97b57,94.0,3,1786606073725,2026-08-13T14:27:53.725,1,1
6897,588aca26ed1bfc095abf2de16bf97b57,93.0,3,1786606074724,2026-08-13T14:27:54.724,1,1
6898,588aca26ed1bfc095abf2de16bf97b57,93.0,3,1786606075725,2026-08-13T14:27:55.725,1,1
6899,588aca26ed1bfc095abf2de16bf97b57,95.0,3,1786606076724,2026-08-13T14:27:56.724,1,1
6900,588aca26ed1bfc095abf2de16bf97b57,95.0,3,1786606077724,2026-08-13T14:27:57.724,1,1
6901,588aca26ed1bfc095abf2de16bf97b57,95.0,3,1786606078723,2026-08-13T14:27:58.723,1,1
6902,588aca26ed1bfc095abf2de16bf97b57,96.0,3,1786606079723,2026-08-13T14:27:59.723,1,1
6903,588aca26ed1bfc095abf2de16bf97b57,97.0,3,1786606080724,2026-08-13T14:28:00.724,1,1
6904,588aca26ed1bfc095abf2de16bf97b57,99.0,3,1786606081724,2026-08-13T14:28:01.724,1,1
6905,588aca26ed1bfc095abf2de16bf97b57,99.0,3,1786606082724,2026-08-13T14:28:02.724,1,1
6906,588aca26ed1bfc095abf2de16bf97b57,98.0,3,1786606083724,2026-08-13T14:28:03.724,1,1
6907,588aca26ed1bfc095abf2de16bf97b57,99.0,3,1786606084724,2026-08-13T14:28:04.724,1,1
6908,588aca26ed1bfc095abf2de16bf97b57,99.0,3,1786606085724,2026-08-13T14:28:05.724,1,1
6909,588aca26ed1bfc095abf2de16bf97b57,100.0,3,1786606086733,2026-08-13T14:28:06.733,1,1
6910,588aca26ed1bfc095abf2de16bf97b57,101.0,3,1786606087727,2026-08-13T14:28:07.727,1,1
6911,588aca26ed1bfc095abf2de16bf97b57,101.0,3,1786606088730,2026-08-13T14:28:08.730,1,1
6912,588aca26ed1bfc095abf2de16bf97b57,101.0,3,1786606089724,2026-08-13T14:28:09.724,1,1
6913,588aca26ed1bfc095abf2de16bf97b57,100.0,3,1786606090724,2026-08-13T14:28:10.724,1,1
6914,588aca26ed1bfc095abf2de16bf97b57,100.0,3,1786606091724,2026-08-13T14:28:11.724,1,1
6915,588aca26ed1bfc095abf2de16bf97b57,99.0,3,1786606092724,2026-08-13T14:28:12.724,1,1
6916,588aca26ed1bfc095abf2de16bf97b57,98.0,3,1786606093725,2026-08-13T14:28:13.725,1,1
6917,588aca26ed1bfc095abf2de16bf97b57,97.0,3,1786606094723,2026-08-13T14:28:14.723,1,1
6918,588aca26ed1bfc095abf2de16bf97b57,96.0,3,1786606095724,2026-08-13T14:28:15.724,1,1
6919,588aca26ed1bfc095abf2de16bf97b57,95.0,3,1786606096724,2026-08-13T14:28:16.724,1,1
6920,588aca26ed1bfc095abf2de16bf97b57,93.0,3,1786606097726,2026-08-13T14:28:17.726,1,1
6921,588aca26ed1bfc095abf2de16bf97b57,91.0,3,1786606098724,2026-08-13T14:28:18.724,1,1
6922,588aca26ed1bfc095abf2de16bf97b57,89.0,3,1786606099724,2026-08-13T14:28:19.724,1,1
6923,588aca26ed1bfc095abf2de16bf97b57,89.0,3,1786606100732,2026-08-13T14:28:20.732,1,1
6924,588aca26ed1bfc095abf2de16bf97b57,90.0,3,1786606101732,2026-08-13T14:28:21.732,1,1
6925,588aca26ed1bfc095abf2de16bf97b57,91.0,3,1786606102729,2026-08-13T14:28:22.729,1,1
6926,588aca26ed1bfc095abf2de16bf97b57,91.0,3,1786606103725,2026-08-13T14:28:23.725,1,1
6927,588aca26ed1bfc095abf2de16bf97b57,91.0,3,1786606104725,2026-08-13T14:28:24.725,1,1
6928,588aca26ed1bfc095abf2de16bf97b57,90.0,3,1786606105724,2026-08-13T14:28:25.724,1,1
6929,588aca26ed1bfc095abf2de16bf97b57,90.0,3,1786606106724,2026-08-13T14:28:26.724,1,1
6930,588aca26ed1bfc095abf2de16bf97b57,89.0,3,1786606107725,2026-08-13T14:28:27.725,1,1
6931,588aca26ed1bfc095abf2de16bf97b57,88.0,3,1786606108724,2026-08-13T14:28:28.724,1,1
6932,588aca26ed1bfc095abf2de16bf97b57,88.0,3,1786606109725,2026-08-13T14:28:29.725,1,1
6933,588aca26ed1bfc095abf2de16bf97b57,89.0,3,1786606110723,2026-08-13T14:28:30.723,1,1
6934,588aca26ed1bfc095abf2de16bf97b57,89.0,3,1786606111724,2026-08-13T14:28:31.724,1,1
6935,588aca26ed1bfc095abf2de16bf97b57,90.0,3,1786606112723,2026-08-13T14:28:32.723,1,1
6936,588aca26ed1bfc095abf2de16bf97b57,90.0,3,1786606113724,2026-08-13T14:28:33.724,1,1
6937,588aca26ed1bfc095abf2de16bf97b57,91.0,3,1786606114723,2026-08-13T14:28:34.723,1,1
6938,588aca26ed1bfc095abf2de16bf97b57,91.0,3,1786606115724,2026-08-13T14:28:35.724,1,1
6939,588aca26ed1bfc095abf2de16bf97b57,91.0,3,1786606116724,2026-08-13T14:28:36.724,1,1
6940,588aca26ed1bfc095abf2de16bf97b57,91.0,3,1786606117723,2026-08-13T14:28:37.723,1,1
6941,588aca26ed1bfc095abf2de16bf97b57,90.0,3,1786606118733,2026-08-13T14:28:38.733,1,1
6942,588aca26ed1bfc095abf2de16bf97b57,90.0,3,1786606119732,2026-08-13T14:28:39.732,1,1
6943,588aca26ed1bfc095abf2de16bf97b57,89.0,3,1786606120730,2026-08-13T14:28:40.730,1,1
6944,588aca26ed1bfc095abf2de16bf97b57,89.0,3,1786606121727,2026-08-13T14:28:41.727,1,1
6945,588aca26ed1bfc095abf2de16bf97b57,88.0,3,1786606122735,2026-08-13T14:28:42.735,1,1
6946,588aca26ed1bfc095abf2de16bf97b57,88.0,3,1786606123725,2026-08-13T14:28:43.725,1,1
6947,588aca26ed1bfc095abf2de16bf97b57,88.0,3,1786606124724,2026-08-13T14:28:44.724,1,1
6948,588aca26ed1bfc095abf2de16bf97b57,89.0,3,1786606125726,2026-08-13T14:28:45.726,1,1
6949,588aca26ed1bfc095abf2de16bf97b57,90.0,3,1786606126724,2026-08-13T14:28:46.724,1,1
6950,588aca26ed1bfc095abf2de16bf97b57,91.0,3,1786606127724,2026-08-13T14:28:47.724,1,1
6951,588aca26ed1bfc095abf2de16bf97b57,91.0,3,1786606128724,2026-08-13T14:28:48.724,1,1
6952,588aca26ed1bfc095abf2de16bf97b57,91.0,3,1786606129724,2026-08-13T14:28:49.724,1,1
6953,588aca26ed1bfc095abf2de16bf97b57,91.0,3,1786606130724,2026-08-13T14:28:50.724,1,1
6954,588aca26ed1bfc095abf2de16bf97b57,91.0,3,1786606131724,2026-08-13T14:28:51.724,1,1
6955,588aca26ed1bfc095abf2de16bf97b57,91.0,3,1786606132725,2026-08-13T14:28:52.725,1,1
6956,588aca26ed1bfc095abf2de16bf97b57,92.0,3,1786606133724,2026-08-13T14:28:53.724,1,1
6957,588aca26ed1bfc095abf2de16bf97b57,92.0,3,1786606134724,2026-08-13T14:28:54.724,1,1
6958,588aca26ed1bfc095abf2de16bf97b57,93.0,3,1786606135724,2026-08-13T14:28:55.724,1,1
6959,588aca26ed1bfc095abf2de16bf97b57,94.0,3,1786606136724,2026-08-13T14:28:56.724,1,1
6960,588aca26ed1bfc095abf2de16bf97b57,94.0,3,1786606137723,2026-08-13T14:28:57.723,1,1
6961,588aca26ed1bfc095abf2de16bf97b57,94.0,3,1786606138724,2026-08-13T14:28:58.724,1,1
6962,588aca26ed1bfc095abf2de16bf97b57,94.0,3,1786606139724,2026-08-13T14:28:59.724,1,1
6963,588aca26ed1bfc095abf2de16bf97b57,95.0,3,1786606140724,2026-08-13T14:29:00.724,1,1
6964,588aca26ed1bfc095abf2de16bf97b57,96.0,3,1786606141723,2026-08-13T14:29:01.723,1,1
6965,588aca26ed1bfc095abf2de16bf97b57,95.0,3,1786606142723,2026-08-13T14:29:02.723,1,1
6966,588aca26ed1bfc095abf2de16bf97b57,95.0,3,1786606143723,2026-08-13T14:29:03.723,1,1
6967,588aca26ed1bfc095abf2de16bf97b57,96.0,3,1786606144724,2026-08-13T14:29:04.724,1,1
6968,588aca26ed1bfc095abf2de16bf97b57,97.0,3,1786606145724,2026-08-13T14:29:05.724,1,1
6969,588aca26ed1bfc095abf2de16bf97b57,99.0,3,1786606146724,2026-08-13T14:29:06.724,1,1
6970,588aca26ed1bfc095abf2de16bf97b57,98.0,3,1786606147724,2026-08-13T14:29:07.724,1,1
6971,588aca26ed1bfc095abf2de16bf97b57,98.0,3,1786606148742,2026-08-13T14:29:08.742,1,1
6972,588aca26ed1bfc095abf2de16bf97b57,96.0,3,1786606149744,2026-08-13T14:29:09.744,1,1
6973,588aca26ed1bfc095abf2de16bf97b57,96.0,3,1786606150741,2026-08-13T14:29:10.741,1,1
6974,588aca26ed1bfc095abf2de16bf97b57,95.0,3,1786606151742,2026-08-13T14:29:11.742,1,1
6975,588aca26ed1bfc095abf2de16bf97b57,95.0,3,1786606152728,2026-08-13T14:29:12.728,1,1
6976,588aca26ed1bfc095abf2de16bf97b57,95.0,3,1786606153729,2026-08-13T14:29:13.729,1,0
6977,588aca26ed1bfc095abf2de16bf97b57,95.0,3,1786606154729,2026-08-13T14:29:14.729,1,1
6978,588aca26ed1bfc095abf2de16bf97b57,96.0,3,1786606155723,2026-08-13T14:29:15.723,1,1
6979,588aca26ed1bfc095abf2de16bf97b57,95.0,3,1786606156723,2026-08-13T14:29:16.723,1,1
6980,588aca26ed1bfc095abf2de16bf97b57,95.0,3,1786606157724,2026-08-13T14:29:17.724,1,1
6981,588aca26ed1bfc095abf2de16bf97b57,94.0,3,1786606158724,2026-08-13T14:29:18.724,1,1
6982,588aca26ed1bfc095abf2de16bf97b57,94.0,3,1786606159725,2026-08-13T14:29:19.725,1,1
6983,588aca26ed1bfc095abf2de16bf97b57,95.0,3,1786606160724,2026-08-13T14:29:20.724,1,1
6984,588aca26ed1bfc095abf2de16bf97b57,95.0,3,1786606161726,2026-08-13T14:29:21.726,1,1
6985,588aca26ed1bfc095abf2de16bf97b57,95.0,3,1786606162725,2026-08-13T14:29:22.725,1,1
6986,588aca26ed1bfc095abf2de16bf97b57,95.0,3,1786606163725,2026-08-13T14:29:23.725,1,1
6987,588aca26ed1bfc095abf2de16bf97b57,94.0,3,1786606164725,2026-08-13T14:29:24.725,1,1
6988,588aca26ed1bfc095abf2de16bf97b57,93.0,3,1786606165724,2026-08-13T14:29:25.724,1,1
6989,588aca26ed1bfc095abf2de16bf97b57,92.0,3,1786606166724,2026-08-13T14:29:26.724,1,1
6990,588aca26ed1bfc095abf2de16bf97b57,91.0,3,1786606167723,2026-08-13T14:29:27.723,1,1
6991,588aca26ed1bfc095abf2de16bf97b57,91.0,3,1786606168723,2026-08-13T14:29:28.723,1,1
6992,588aca26ed1bfc095abf2de16bf97b57,92.0,3,1786606169724,2026-08-13T14:29:29.724,1,1
6993,588aca26ed1bfc095abf2de16bf97b57,92.0,3,1786606170724,2026-08-13T14:29:30.724,1,1
6994,588aca26ed1bfc095abf2de16bf97b57,92.0,3,1786606171724,2026-08-13T14:29:31.724,1,1
6995,588aca26ed1bfc095abf2de16bf97b57,92.0,3,1786606172724,2026-08-13T14:29:32.724,1,1
6996,588aca26ed1bfc095abf2de16bf97b57,91.0,3,1786606173724,2026-08-13T14:29:33.724,1,1
6997,588aca26ed1bfc095abf2de16bf97b57,91.0,3,1786606174723,2026-08-13T14:29:34.723,1,1
6998,588aca26ed1bfc095abf2de16bf97b57,91.0,3,1786606175723,2026-08-13T14:29:35.723,1,1
6999,588aca26ed1bfc095abf2de16bf97b57,91.0,3,1786606176723,2026-08-13T14:29:36.723,1,1
7000,588aca26ed1bfc095abf2de16bf97b57,91.0,3,1786606177724,2026-08-13T14:29:37.724,1,1
7001,588aca26ed1bfc095abf2de16bf97b57,90.0,3,1786606178724,2026-08-13T14:29:38.724,1,1
7002,588aca26ed1bfc095abf2de16bf97b57,90.0,3,1786606179723,2026-08-13T14:29:39.723,1,1
7003,588aca26ed1bfc095abf2de16bf97b57,90.0,3,1786606180724,2026-08-13T14:29:40.724,1,1
7004,588aca26ed1bfc095abf2de16bf97b57,90.0,3,1786606181724,2026-08-13T14:29:41.724,1,1
7005,588aca26ed1bfc095abf2de16bf97b57,91.0,3,1786606182733,2026-08-13T14:29:42.733,1,1
7006,588aca26ed1bfc095abf2de16bf97b57,92.0,3,1786606183733,2026-08-13T14:29:43.733,1,1
7007,588aca26ed1bfc095abf2de16bf97b57,92.0,3,1786606184731,2026-08-13T14:29:44.731,1,1
7008,588aca26ed1bfc095abf2de16bf97b57,93.0,3,1786606185729,2026-08-13T14:29:45.729,1,1
7009,588aca26ed1bfc095abf2de16bf97b57,93.0,3,1786606186730,2026-08-13T14:29:46.730,1,1
7010,588aca26ed1bfc095abf2de16bf97b57,93.0,3,1786606187730,2026-08-13T14:29:47.730,1,1
7011,588aca26ed1bfc095abf2de16bf97b57,92.0,3,1786606188727,2026-08-13T14:29:48.727,1,1
7012,588aca26ed1bfc095abf2de16bf97b57,92.0,3,1786606189727,2026-08-13T14:29:49.727,1,1
7013,588aca26ed1bfc095abf2de16bf97b57,91.0,3,1786606190728,2026-08-13T14:29:50.728,1,1
7014,588aca26ed1bfc095abf2de16bf97b57,91.0,3,1786606191727,2026-08-13T14:29:51.727,1,1
7015,588aca26ed1bfc095abf2de16bf97b57,90.0,3,1786606192726,2026-08-13T14:29:52.726,1,1
7016,588aca26ed1bfc095abf2de16bf97b57,90.0,3,1786606193725,2026-08-13T14:29:53.725,1,1
7017,588aca26ed1bfc095abf2de16bf97b57,91.0,3,1786606194724,2026-08-13T14:29:54.724,1,1
7018,588aca26ed1bfc095abf2de16bf97b57,92.0,3,1786606195724,2026-08-13T14:29:55.724,1,1
7019,588aca26ed1bfc095abf2de16bf97b57,93.0,3,1786606196723,2026-08-13T14:29:56.723,1,1
7020,588aca26ed1bfc095abf2de16bf97b57,94.0,3,1786606197724,2026-08-13T14:29:57.724,1,1
7021,588aca26ed1bfc095abf2de16bf97b57,95.0,3,1786606198723,2026-08-13T14:29:58.723,1,1
7022,588aca26ed1bfc095abf2de16bf97b57,96.0,3,1786606199726,2026-08-13T14:29:59.726,1,1
7023,588aca26ed1bfc095abf2de16bf97b57,95.0,3,1786606200725,2026-08-13T14:30:00.725,1,1
7024,588aca26ed1bfc095abf2de16bf97b57,95.0,3,1786606201724,2026-08-13T14:30:01.724,1,1
7025,588aca26ed1bfc095abf2de16bf97b57,95.0,3,1786606202724,2026-08-13T14:30:02.724,1,1
7026,588aca26ed1bfc095abf2de16bf97b57,95.0,3,1786606203724,2026-08-13T14:30:03.724,1,1
7027,588aca26ed1bfc095abf2de16bf97b57,96.0,3,1786606204723,2026-08-13T14:30:04.723,1,1
7028,588aca26ed1bfc095abf2de16bf97b57,97.0,3,1786606205724,2026-08-13T14:30:05.724,1,1
7029,588aca26ed1bfc095abf2de16bf97b57,98.0,3,1786606206724,2026-08-13T14:30:06.724,1,1
7030,588aca26ed1bfc095abf2de16bf97b57,99.0,3,1786606207724,2026-08-13T14:30:07.724,1,1
7031,588aca26ed1bfc095abf2de16bf97b57,100.0,3,1786606208724,2026-08-13T14:30:08.724,1,1
7032,588aca26ed1bfc095abf2de16bf97b57,102.0,3,1786606209724,2026-08-13T14:30:09.724,1,1
7033,588aca26ed1bfc095abf2de16bf97b57,103.0,3,1786606210724,2026-08-13T14:30:10.724,1,1
7034,588aca26ed1bfc095abf2de16bf97b57,103.0,3,1786606211732,2026-08-13T14:30:11.732,1,1
7035,588aca26ed1bfc095abf2de16bf97b57,103.0,3,1786606212731,2026-08-13T14:30:12.731,1,1
7036,588aca26ed1bfc095abf2de16bf97b57,104.0,3,1786606213731,2026-08-13T14:30:13.731,1,1
7037,588aca26ed1bfc095abf2de16bf97b57,104.0,3,1786606214727,2026-08-13T14:30:14.727,1,1
7038,588aca26ed1bfc095abf2de16bf97b57,104.0,3,1786606215725,2026-08-13T14:30:15.725,1,1
7039,588aca26ed1bfc095abf2de16bf97b57,104.0,3,1786606216724,2026-08-13T14:30:16.724,1,1
7040,588aca26ed1bfc095abf2de16bf97b57,103.0,3,1786606217724,2026-08-13T14:30:17.724,1,1
7041,588aca26ed1bfc095abf2de16bf97b57,104.0,3,1786606218723,2026-08-13T14:30:18.723,1,1
7042,588aca26ed1bfc095abf2de16bf97b57,103.0,3,1786606219724,2026-08-13T14:30:19.724,1,1
7043,588aca26ed1bfc095abf2de16bf97b57,103.0,3,1786606220724,2026-08-13T14:30:20.724,1,1
7044,588aca26ed1bfc095abf2de16bf97b57,102.0,3,1786606221726,2026-08-13T14:30:21.726,1,1
7045,588aca26ed1bfc095abf2de16bf97b57,102.0,3,1786606222726,2026-08-13T14:30:22.726,1,1
7046,588aca26ed1bfc095abf2de16bf97b57,101.0,3,1786606223726,2026-08-13T14:30:23.726,1,1
7047,588aca26ed1bfc095abf2de16bf97b57,101.0,3,1786606224724,2026-08-13T14:30:24.724,1,1
7048,588aca26ed1bfc095abf2de16bf97b57,100.0,3,1786606225724,2026-08-13T14:30:25.724,1,1
7049,588aca26ed1bfc095abf2de16bf97b57,99.0,3,1786606226724,2026-08-13T14:30:26.724,1,1
7050,588aca26ed1bfc095abf2de16bf97b57,98.0,3,1786606227724,2026-08-13T14:30:27.724,1,1
7051,588aca26ed1bfc095abf2de16bf97b57,98.0,3,1786606228725,2026-08-13T14:30:28.725,1,1
7052,588aca26ed1bfc095abf2de16bf97b57,97.0,3,1786606229724,2026-08-13T14:30:29.724,1,1
7053,588aca26ed1bfc095abf2de16bf97b57,97.0,3,1786606230724,2026-08-13T14:30:30.724,1,1
7054,588aca26ed1bfc095abf2de16bf97b57,97.0,3,1786606231724,2026-08-13T14:30:31.724,1,1
7055,588aca26ed1bfc095abf2de16bf97b57,97.0,3,1786606232723,2026-08-13T14:30:32.723,1,1
7056,588aca26ed1bfc095abf2de16bf97b57,96.0,3,1786606233724,2026-08-13T14:30:33.724,1,1
7057,588aca26ed1bfc095abf2de16bf97b57,96.0,3,1786606234732,2026-08-13T14:30:34.732,1,1
7058,588aca26ed1bfc095abf2de16bf97b57,96.0,3,1786606235730,2026-08-13T14:30:35.730,1,1
7059,588aca26ed1bfc095abf2de16bf97b57,96.0,3,1786606236729,2026-08-13T14:30:36.729,1,1
7060,588aca26ed1bfc095abf2de16bf97b57,96.0,3,1786606237723,2026-08-13T14:30:37.723,1,1
7061,588aca26ed1bfc095abf2de16bf97b57,96.0,3,1786606238725,2026-08-13T14:30:38.725,1,1
7062,588aca26ed1bfc095abf2de16bf97b57,96.0,3,1786606239726,2026-08-13T14:30:39.726,1,1
7063,588aca26ed1bfc095abf2de16bf97b57,96.0,3,1786606240723,2026-08-13T14:30:40.723,1,1
7064,588aca26ed1bfc095abf2de16bf97b57,96.0,3,1786606241724,2026-08-13T14:30:41.724,1,1
7065,588aca26ed1bfc095abf2de16bf97b57,96.0,3,1786606242724,2026-08-13T14:30:42.724,1,1
7066,588aca26ed1bfc095abf2de16bf97b57,96.0,3,1786606243724,2026-08-13T14:30:43.724,1,1
7067,588aca26ed1bfc095abf2de16bf97b57,96.0,3,1786606244724,2026-08-13T14:30:44.724,1,1
7068,588aca26ed1bfc095abf2de16bf97b57,97.0,3,1786606245724,2026-08-13T14:30:45.724,1,1
7069,588aca26ed1bfc095abf2de16bf97b57,97.0,3,1786606246724,2026-08-13T14:30:46.724,1,1
7070,588aca26ed1bfc095abf2de16bf97b57,98.0,3,1786606247724,2026-08-13T14:30:47.724,1,1
7071,588aca26ed1bfc095abf2de16bf97b57,99.0,3,1786606248724,2026-08-13T14:30:48.724,1,1
7072,588aca26ed1bfc095abf2de16bf97b57,99.0,3,1786606249724,2026-08-13T14:30:49.724,1,1
7073,588aca26ed1bfc095abf2de16bf97b57,100.0,3,1786606250724,2026-08-13T14:30:50.724,1,1
7074,588aca26ed1bfc095abf2de16bf97b57,102.0,3,1786606251723,2026-08-13T14:30:51.723,1,1
7075,588aca26ed1bfc095abf2de16bf97b57,102.0,3,1786606252724,2026-08-13T14:30:52.724,1,1
7076,588aca26ed1bfc095abf2de16bf97b57,102.0,3,1786606253724,2026-08-13T14:30:53.724,1,1
7077,588aca26ed1bfc095abf2de16bf97b57,102.0,3,1786606254724,2026-08-13T14:30:54.724,1,1
7078,588aca26ed1bfc095abf2de16bf97b57,103.0,3,1786606255724,2026-08-13T14:30:55.724,1,1
7079,588aca26ed1bfc095abf2de16bf97b57,103.0,3,1786606256724,2026-08-13T14:30:56.724,1,1
7080,588aca26ed1bfc095abf2de16bf97b57,103.0,3,1786606257725,2026-08-13T14:30:57.725,1,1
7081,588aca26ed1bfc095abf2de16bf97b57,103.0,3,1786606258732,2026-08-13T14:30:58.732,1,1
7082,588aca26ed1bfc095abf2de16bf97b57,102.0,3,1786606259732,2026-08-13T14:30:59.732,1,1
7083,588aca26ed1bfc095abf2de16bf97b57,101.0,3,1786606260730,2026-08-13T14:31:00.730,1,1
7084,588aca26ed1bfc095abf2de16bf97b57,101.0,3,1786606261727,2026-08-13T14:31:01.727,1,1
7085,588aca26ed1bfc095abf2de16bf97b57,100.0,3,1786606262727,2026-08-13T14:31:02.727,1,1
7086,588aca26ed1bfc095abf2de16bf97b57,98.0,3,1786606263725,2026-08-13T14:31:03.725,1,1
7087,588aca26ed1bfc095abf2de16bf97b57,96.0,3,1786606264726,2026-08-13T14:31:04.726,1,1
7088,588aca26ed1bfc095abf2de16bf97b57,94.0,3,1786606265723,2026-08-13T14:31:05.723,1,1
7089,588aca26ed1bfc095abf2de16bf97b57,93.0,3,1786606266724,2026-08-13T14:31:06.724,1,1
7090,588aca26ed1bfc095abf2de16bf97b57,92.0,3,1786606267724,2026-08-13T14:31:07.724,1,1
7091,588aca26ed1bfc095abf2de16bf97b57,91.0,3,1786606268724,2026-08-13T14:31:08.724,1,1
7092,588aca26ed1bfc095abf2de16bf97b57,91.0,3,1786606269724,2026-08-13T14:31:09.724,1,1
7093,588aca26ed1bfc095abf2de16bf97b57,92.0,3,1786606270724,2026-08-13T14:31:10.724,1,1
7094,588aca26ed1bfc095abf2de16bf97b57,93.0,3,1786606271724,2026-08-13T14:31:11.724,1,1
7095,588aca26ed1bfc095abf2de16bf97b57,95.0,3,1786606272725,2026-08-13T14:31:12.725,1,1
7096,588aca26ed1bfc095abf2de16bf97b57,96.0,3,1786606273724,2026-08-13T14:31:13.724,1,1
7097,588aca26ed1bfc095abf2de16bf97b57,97.0,3,1786606274723,2026-08-13T14:31:14.723,1,1
7098,588aca26ed1bfc095abf2de16bf97b57,98.0,3,1786606275723,2026-08-13T14:31:15.723,1,1
7099,588aca26ed1bfc095abf2de16bf97b57,98.0,3,1786606276724,2026-08-13T14:31:16.724,1,1
7100,588aca26ed1bfc095abf2de16bf97b57,98.0,3,1786606277724,2026-08-13T14:31:17.724,1,1
7101,588aca26ed1bfc095abf2de16bf97b57,97.0,3,1786606278724,2026-08-13T14:31:18.724,1,1
7102,588aca26ed1bfc095abf2de16bf97b57,97.0,3,1786606279724,2026-08-13T14:31:19.724,1,1
7103,588aca26ed1bfc095abf2de16bf97b57,97.0,3,1786606280724,2026-08-13T14:31:20.724,1,1
7104,588aca26ed1bfc095abf2de16bf97b57,96.0,3,1786606281724,2026-08-13T14:31:21.724,1,1
7105,588aca26ed1bfc095abf2de16bf97b57,96.0,3,1786606282724,2026-08-13T14:31:22.724,1,1
7106,588aca26ed1bfc095abf2de16bf97b57,95.0,3,1786606283724,2026-08-13T14:31:23.724,1,1
7107,588aca26ed1bfc095abf2de16bf97b57,95.0,3,1786606284724,2026-08-13T14:31:24.724,1,1
7108,588aca26ed1bfc095abf2de16bf97b57,94.0,3,1786606285733,2026-08-13T14:31:25.733,1,1
7109,588aca26ed1bfc095abf2de16bf97b57,94.0,3,1786606286732,2026-08-13T14:31:26.732,1,1
7110,588aca26ed1bfc095abf2de16bf97b57,93.0,3,1786606287730,2026-08-13T14:31:27.730,1,1
7111,588aca26ed1bfc095abf2de16bf97b57,92.0,3,1786606288732,2026-08-13T14:31:28.732,1,1
7112,588aca26ed1bfc095abf2de16bf97b57,91.0,3,1786606289730,2026-08-13T14:31:29.730,1,1
7113,588aca26ed1bfc095abf2de16bf97b57,91.0,3,1786606290727,2026-08-13T14:31:30.727,1,1
7114,588aca26ed1bfc095abf2de16bf97b57,91.0,3,1786606291726,2026-08-13T14:31:31.726,1,1
7115,588aca26ed1bfc095abf2de16bf97b57,91.0,3,1786606292725,2026-08-13T14:31:32.725,1,1
7116,588aca26ed1bfc095abf2de16bf97b57,93.0,3,1786606293724,2026-08-13T14:31:33.724,1,1
7117,588aca26ed1bfc095abf2de16bf97b57,92.0,3,1786606294724,2026-08-13T14:31:34.724,1,1
7118,588aca26ed1bfc095abf2de16bf97b57,93.0,3,1786606295724,2026-08-13T14:31:35.724,1,1
7119,588aca26ed1bfc095abf2de16bf97b57,94.0,3,1786606296724,2026-08-13T14:31:36.724,1,1
7120,588aca26ed1bfc095abf2de16bf97b57,95.0,3,1786606297724,2026-08-13T14:31:37.724,1,1
7121,588aca26ed1bfc095abf2de16bf97b57,96.0,3,1786606298726,2026-08-13T14:31:38.726,1,1
7122,588aca26ed1bfc095abf2de16bf97b57,96.0,3,1786606299724,2026-08-13T14:31:39.724,1,1
7123,588aca26ed1bfc095abf2de16bf97b57,95.0,3,1786606300724,2026-08-13T14:31:40.724,1,1
7124,588aca26ed1bfc095abf2de16bf97b57,95.0,3,1786606301724,2026-08-13T14:31:41.724,1,1
7125,588aca26ed1bfc095abf2de16bf97b57,96.0,3,1786606302724,2026-08-13T14:31:42.724,1,1
7126,588aca26ed1bfc095abf2de16bf97b57,96.0,3,1786606303723,2026-08-13T14:31:43.723,1,1
7127,588aca26ed1bfc095abf2de16bf97b57,96.0,3,1786606304724,2026-08-13T14:31:44.724,1,1
7128,588aca26ed1bfc095abf2de16bf97b57,96.0,3,1786606305724,2026-08-13T14:31:45.724,1,1
7129,588aca26ed1bfc095abf2de16bf97b57,95.0,3,1786606306724,2026-08-13T14:31:46.724,1,1
7130,588aca26ed1bfc095abf2de16bf97b57,94.0,3,1786606307724,2026-08-13T14:31:47.724,1,1
7131,588aca26ed1bfc095abf2de16bf97b57,94.0,3,1786606308723,2026-08-13T14:31:48.723,1,1
7132,588aca26ed1bfc095abf2de16bf97b57,95.0,3,1786606309724,2026-08-13T14:31:49.724,1,1
7133,588aca26ed1bfc095abf2de16bf97b57,94.0,3,1786606310725,2026-08-13T14:31:50.725,1,1
7134,588aca26ed1bfc095abf2de16bf97b57,96.0,3,1786606311733,2026-08-13T14:31:51.733,1,1
7135,588aca26ed1bfc095abf2de16bf97b57,97.0,3,1786606312732,2026-08-13T14:31:52.732,1,1
7136,588aca26ed1bfc095abf2de16bf97b57,98.0,3,1786606313731,2026-08-13T14:31:53.731,1,1
7137,588aca26ed1bfc095abf2de16bf97b57,98.0,3,1786606314728,2026-08-13T14:31:54.728,1,1
7138,588aca26ed1bfc095abf2de16bf97b57,98.0,3,1786606315724,2026-08-13T14:31:55.724,1,1
7139,588aca26ed1bfc095abf2de16bf97b57,98.0,3,1786606316724,2026-08-13T14:31:56.724,1,1
7140,588aca26ed1bfc095abf2de16bf97b57,98.0,3,1786606317724,2026-08-13T14:31:57.724,1,1
7141,588aca26ed1bfc095abf2de16bf97b57,99.0,3,1786606318725,2026-08-13T14:31:58.725,1,1
7142,588aca26ed1bfc095abf2de16bf97b57,99.0,3,1786606319724,2026-08-13T14:31:59.724,1,1
7143,588aca26ed1bfc095abf2de16bf97b57,99.0,3,1786606320723,2026-08-13T14:32:00.723,1,1
7144,588aca26ed1bfc095abf2de16bf97b57,100.0,3,1786606321724,2026-08-13T14:32:01.724,1,1
7145,588aca26ed1bfc095abf2de16bf97b57,100.0,3,1786606322724,2026-08-13T14:32:02.724,1,1
7146,588aca26ed1bfc095abf2de16bf97b57,100.0,3,1786606323724,2026-08-13T14:32:03.724,1,1
7147,588aca26ed1bfc095abf2de16bf97b57,100.0,3,1786606324733,2026-08-13T14:32:04.733,1,1
7148,588aca26ed1bfc095abf2de16bf97b57,99.0,3,1786606325731,2026-08-13T14:32:05.731,1,1
7149,588aca26ed1bfc095abf2de16bf97b57,99.0,3,1786606326729,2026-08-13T14:32:06.729,1,1
7150,588aca26ed1bfc095abf2de16bf97b57,99.0,3,1786606327727,2026-08-13T14:32:07.727,1,1
7151,588aca26ed1bfc095abf2de16bf97b57,98.0,3,1786606328727,2026-08-13T14:32:08.727,1,1
7152,588aca26ed1bfc095abf2de16bf97b57,99.0,3,1786606329726,2026-08-13T14:32:09.726,1,1
7153,588aca26ed1bfc095abf2de16bf97b57,97.0,3,1786606330725,2026-08-13T14:32:10.725,1,1
7154,588aca26ed1bfc095abf2de16bf97b57,96.0,3,1786606331724,2026-08-13T14:32:11.724,1,1
7155,588aca26ed1bfc095abf2de16bf97b57,97.0,3,1786606332724,2026-08-13T14:32:12.724,1,1
7156,588aca26ed1bfc095abf2de16bf97b57,98.0,3,1786606333724,2026-08-13T14:32:13.724,1,1
7157,588aca26ed1bfc095abf2de16bf97b57,99.0,3,1786606334724,2026-08-13T14:32:14.724,1,1
7158,588aca26ed1bfc095abf2de16bf97b57,99.0,3,1786606335727,2026-08-13T14:32:15.727,1,1
7159,588aca26ed1bfc095abf2de16bf97b57,100.0,3,1786606336724,2026-08-13T14:32:16.724,1,1
7160,588aca26ed1bfc095abf2de16bf97b57,102.0,3,1786606337725,2026-08-13T14:32:17.725,1,1
7161,588aca26ed1bfc095abf2de16bf97b57,101.0,3,1786606338724,2026-08-13T14:32:18.724,1,1
7162,588aca26ed1bfc095abf2de16bf97b57,101.0,3,1786606339723,2026-08-13T14:32:19.723,1,1
7163,588aca26ed1bfc095abf2de16bf97b57,101.0,3,1786606340724,2026-08-13T14:32:20.724,1,1
7164,588aca26ed1bfc095abf2de16bf97b57,102.0,3,1786606341724,2026-08-13T14:32:21.724,1,1
7165,588aca26ed1bfc095abf2de16bf97b57,102.0,3,1786606342726,2026-08-13T14:32:22.726,1,1
7166,588aca26ed1bfc095abf2de16bf97b57,103.0,3,1786606343724,2026-08-13T14:32:23.724,1,1
7167,588aca26ed1bfc095abf2de16bf97b57,104.0,3,1786606344724,2026-08-13T14:32:24.724,1,1
7168,588aca26ed1bfc095abf2de16bf97b57,104.0,3,1786606345724,2026-08-13T14:32:25.724,1,1
7169,588aca26ed1bfc095abf2de16bf97b57,104.0,3,1786606346724,2026-08-13T14:32:26.724,1,1
7170,588aca26ed1bfc095abf2de16bf97b57,103.0,3,1786606347733,2026-08-13T14:32:27.733,1,1
7171,588aca26ed1bfc095abf2de16bf97b57,103.0,3,1786606348730,2026-08-13T14:32:28.730,1,1
7172,588aca26ed1bfc095abf2de16bf97b57,103.0,3,1786606349731,2026-08-13T14:32:29.731,1,1
7173,588aca26ed1bfc095abf2de16bf97b57,102.0,3,1786606350729,2026-08-13T14:32:30.729,1,1
7174,588aca26ed1bfc095abf2de16bf97b57,102.0,3,1786606351732,2026-08-13T14:32:31.732,1,1
7175,588aca26ed1bfc095abf2de16bf97b57,101.0,3,1786606352729,2026-08-13T14:32:32.729,1,1
7176,588aca26ed1bfc095abf2de16bf97b57,101.0,3,1786606353730,2026-08-13T14:32:33.730,1,1
7177,588aca26ed1bfc095abf2de16bf97b57,101.0,3,1786606354727,2026-08-13T14:32:34.727,1,1
7178,588aca26ed1bfc095abf2de16bf97b57,101.0,3,1786606355726,2026-08-13T14:32:35.726,1,1
7179,588aca26ed1bfc095abf2de16bf97b57,101.0,3,1786606356726,2026-08-13T14:32:36.726,1,1
7180,588aca26ed1bfc095abf2de16bf97b57,100.0,3,1786606357727,2026-08-13T14:32:37.727,1,1
7181,588aca26ed1bfc095abf2de16bf97b57,101.0,3,1786606358734,2026-08-13T14:32:38.734,1,1
7182,588aca26ed1bfc095abf2de16bf97b57,100.0,3,1786606359724,2026-08-13T14:32:39.724,1,1
7183,588aca26ed1bfc095abf2de16bf97b57,101.0,3,1786606360723,2026-08-13T14:32:40.723,1,1
7184,588aca26ed1bfc095abf2de16bf97b57,101.0,3,1786606361724,2026-08-13T14:32:41.724,1,1
7185,588aca26ed1bfc095abf2de16bf97b57,101.0,3,1786606362723,2026-08-13T14:32:42.723,1,1
7186,588aca26ed1bfc095abf2de16bf97b57,102.0,3,1786606363724,2026-08-13T14:32:43.724,1,1
7187,588aca26ed1bfc095abf2de16bf97b57,102.0,3,1786606364723,2026-08-13T14:32:44.723,1,1
7188,588aca26ed1bfc095abf2de16bf97b57,103.0,3,1786606365724,2026-08-13T14:32:45.724,1,1
7189,588aca26ed1bfc095abf2de16bf97b57,102.0,3,1786606366731,2026-08-13T14:32:46.731,1,1
7190,588aca26ed1bfc095abf2de16bf97b57,102.0,3,1786606367723,2026-08-13T14:32:47.723,1,1
7191,588aca26ed1bfc095abf2de16bf97b57,102.0,3,1786606368724,2026-08-13T14:32:48.724,1,1
7192,588aca26ed1bfc095abf2de16bf97b57,102.0,3,1786606369725,2026-08-13T14:32:49.725,1,1
7193,588aca26ed1bfc095abf2de16bf97b57,102.0,3,1786606370726,2026-08-13T14:32:50.726,1,1
7194,588aca26ed1bfc095abf2de16bf97b57,101.0,3,1786606371730,2026-08-13T14:32:51.730,1,1
7195,588aca26ed1bfc095abf2de16bf97b57,102.0,3,1786606372723,2026-08-13T14:32:52.723,1,1
7196,588aca26ed1bfc095abf2de16bf97b57,102.0,3,1786606373728,2026-08-13T14:32:53.728,1,1
7197,588aca26ed1bfc095abf2de16bf97b57,102.0,3,1786606374724,2026-08-13T14:32:54.724,1,0
7198,588aca26ed1bfc095abf2de16bf97b57,103.0,3,1786606375724,2026-08-13T14:32:55.724,1,1
7199,588aca26ed1bfc095abf2de16bf97b57,104.0,3,1786606376724,2026-08-13T14:32:56.724,1,1
7200,588aca26ed1bfc095abf2de16bf97b57,106.0,3,1786606377724,2026-08-13T14:32:57.724,1,1
7201,588aca26ed1bfc095abf2de16bf97b57,105.0,3,1786606378724,2026-08-13T14:32:58.724,1,1
7202,588aca26ed1bfc095abf2de16bf97b57,106.0,3,1786606379724,2026-08-13T14:32:59.724,1,1
7203,588aca26ed1bfc095abf2de16bf97b57,106.0,3,1786606380724,2026-08-13T14:33:00.724,1,1
7204,588aca26ed1bfc095abf2de16bf97b57,105.0,3,1786606381724,2026-08-13T14:33:01.724,1,1
7205,588aca26ed1bfc095abf2de16bf97b57,104.0,3,1786606382724,2026-08-13T14:33:02.724,1,1
7206,588aca26ed1bfc095abf2de16bf97b57,103.0,3,1786606383725,2026-08-13T14:33:03.725,1,1
7207,588aca26ed1bfc095abf2de16bf97b57,102.0,3,1786606384724,2026-08-13T14:33:04.724,1,1
7208,588aca26ed1bfc095abf2de16bf97b57,103.0,3,1786606385724,2026-08-13T14:33:05.724,1,1
7209,588aca26ed1bfc095abf2de16bf97b57,103.0,3,1786606386724,2026-08-13T14:33:06.724,1,1
7210,588aca26ed1bfc095abf2de16bf97b57,103.0,3,1786606387724,2026-08-13T14:33:07.724,1,1
7211,588aca26ed1bfc095abf2de16bf97b57,104.0,3,1786606388724,2026-08-13T14:33:08.724,1,1
7212,588aca26ed1bfc095abf2de16bf97b57,105.0,3,1786606389725,2026-08-13T14:33:09.725,1,1
7213,588aca26ed1bfc095abf2de16bf97b57,107.0,3,1786606390725,2026-08-13T14:33:10.725,1,1
7214,588aca26ed1bfc095abf2de16bf97b57,107.0,3,1786606391732,2026-08-13T14:33:11.732,1,1
7215,588aca26ed1bfc095abf2de16bf97b57,107.0,3,1786606392732,2026-08-13T14:33:12.732,1,1
7216,588aca26ed1bfc095abf2de16bf97b57,108.0,3,1786606393726,2026-08-13T14:33:13.726,1,1
7217,588aca26ed1bfc095abf2de16bf97b57,109.0,3,1786606394726,2026-08-13T14:33:14.726,1,1
7218,588aca26ed1bfc095abf2de16bf97b57,110.0,3,1786606395725,2026-08-13T14:33:15.725,1,1
7219,588aca26ed1bfc095abf2de16bf97b57,109.0,3,1786606396726,2026-08-13T14:33:16.726,1,1
7220,588aca26ed1bfc095abf2de16bf97b57,108.0,3,1786606397724,2026-08-13T14:33:17.724,1,1
7221,588aca26ed1bfc095abf2de16bf97b57,108.0,3,1786606398725,2026-08-13T14:33:18.725,1,1
7222,588aca26ed1bfc095abf2de16bf97b57,111.0,3,1786606399724,2026-08-13T14:33:19.724,1,1
7223,588aca26ed1bfc095abf2de16bf97b57,113.0,3,1786606400724,2026-08-13T14:33:20.724,1,1
7224,588aca26ed1bfc095abf2de16bf97b57,112.0,3,1786606401724,2026-08-13T14:33:21.724,1,1
7225,588aca26ed1bfc095abf2de16bf97b57,113.0,3,1786606402724,2026-08-13T14:33:22.724,1,1
7226,588aca26ed1bfc095abf2de16bf97b57,111.0,3,1786606403730,2026-08-13T14:33:23.730,1,1
7227,588aca26ed1bfc095abf2de16bf97b57,110.0,3,1786606404726,2026-08-13T14:33:24.726,1,1
7228,588aca26ed1bfc095abf2de16bf97b57,109.0,3,1786606405731,2026-08-13T14:33:25.731,1,1
7229,588aca26ed1bfc095abf2de16bf97b57,109.0,3,1786606406728,2026-08-13T14:33:26.728,1,1
7230,588aca26ed1bfc095abf2de16bf97b57,111.0,3,1786606407725,2026-08-13T14:33:27.725,1,1
7231,588aca26ed1bfc095abf2de16bf97b57,111.0,3,1786606408724,2026-08-13T14:33:28.724,1,1
7232,588aca26ed1bfc095abf2de16bf97b57,110.0,3,1786606409724,2026-08-13T14:33:29.724,1,1
7233,588aca26ed1bfc095abf2de16bf97b57,109.0,3,1786606410724,2026-08-13T14:33:30.724,1,1
7234,588aca26ed1bfc095abf2de16bf97b57,108.0,3,1786606411724,2026-08-13T14:33:31.724,1,1
7235,588aca26ed1bfc095abf2de16bf97b57,108.0,3,1786606412725,2026-08-13T14:33:32.725,1,1
7236,588aca26ed1bfc095abf2de16bf97b57,108.0,3,1786606413724,2026-08-13T14:33:33.724,1,1
7237,588aca26ed1bfc095abf2de16bf97b57,107.0,3,1786606414723,2026-08-13T14:33:34.723,1,1
7238,588aca26ed1bfc095abf2de16bf97b57,107.0,3,1786606415725,2026-08-13T14:33:35.725,1,1
7239,588aca26ed1bfc095abf2de16bf97b57,107.0,3,1786606416730,2026-08-13T14:33:36.730,1,1
7240,588aca26ed1bfc095abf2de16bf97b57,108.0,3,1786606417730,2026-08-13T14:33:37.730,1,1
7241,588aca26ed1bfc095abf2de16bf97b57,108.0,3,1786606418727,2026-08-13T14:33:38.727,1,1
7242,588aca26ed1bfc095abf2de16bf97b57,108.0,3,1786606419726,2026-08-13T14:33:39.726,1,1
7243,588aca26ed1bfc095abf2de16bf97b57,108.0,3,1786606420723,2026-08-13T14:33:40.723,1,1
7244,588aca26ed1bfc095abf2de16bf97b57,108.0,3,1786606421724,2026-08-13T14:33:41.724,1,1
7245,588aca26ed1bfc095abf2de16bf97b57,107.0,3,1786606422730,2026-08-13T14:33:42.730,1,1
7246,588aca26ed1bfc095abf2de16bf97b57,106.0,3,1786606423724,2026-08-13T14:33:43.724,1,1
7247,588aca26ed1bfc095abf2de16bf97b57,105.0,3,1786606424724,2026-08-13T14:33:44.724,1,1
7248,588aca26ed1bfc095abf2de16bf97b57,105.0,3,1786606425725,2026-08-13T14:33:45.725,1,1
7249,588aca26ed1bfc095abf2de16bf97b57,105.0,3,1786606426725,2026-08-13T14:33:46.725,1,1
7250,588aca26ed1bfc095abf2de16bf97b57,104.0,3,1786606427724,2026-08-13T14:33:47.724,1,1
7251,588aca26ed1bfc095abf2de16bf97b57,105.0,3,1786606428723,2026-08-13T14:33:48.723,1,1
7252,588aca26ed1bfc095abf2de16bf97b57,105.0,3,1786606429724,2026-08-13T14:33:49.724,1,1
7253,588aca26ed1bfc095abf2de16bf97b57,106.0,3,1786606430723,2026-08-13T14:33:50.723,1,1
7254,588aca26ed1bfc095abf2de16bf97b57,106.0,3,1786606431725,2026-08-13T14:33:51.725,1,1
7255,588aca26ed1bfc095abf2de16bf97b57,107.0,3,1786606432726,2026-08-13T14:33:52.726,1,1
7256,588aca26ed1bfc095abf2de16bf97b57,107.0,3,1786606433726,2026-08-13T14:33:53.726,1,1
7257,588aca26ed1bfc095abf2de16bf97b57,109.0,3,1786606434726,2026-08-13T14:33:54.726,1,1
7258,588aca26ed1bfc095abf2de16bf97b57,109.0,3,1786606435723,2026-08-13T14:33:55.723,1,1
7259,588aca26ed1bfc095abf2de16bf97b57,110.0,3,1786606436723,2026-08-13T14:33:56.723,1,1
7260,588aca26ed1bfc095abf2de16bf97b57,111.0,3,1786606437723,2026-08-13T14:33:57.723,1,1
7261,588aca26ed1bfc095abf2de16bf97b57,110.0,3,1786606438725,2026-08-13T14:33:58.725,1,1
7262,588aca26ed1bfc095abf2de16bf97b57,111.0,3,1786606439725,2026-08-13T14:33:59.725,1,1
7263,588aca26ed1bfc095abf2de16bf97b57,111.0,3,1786606440724,2026-08-13T14:34:00.724,1,1
7264,588aca26ed1bfc095abf2de16bf97b57,113.0,3,1786606441726,2026-08-13T14:34:01.726,1,1
7265,588aca26ed1bfc095abf2de16bf97b57,113.0,3,1786606442730,2026-08-13T14:34:02.730,1,1
7266,588aca26ed1bfc095abf2de16bf97b57,114.0,3,1786606443732,2026-08-13T14:34:03.732,1,1
7267,588aca26ed1bfc095abf2de16bf97b57,113.0,3,1786606444726,2026-08-13T14:34:04.726,1,1
7268,588aca26ed1bfc095abf2de16bf97b57,113.0,3,1786606445727,2026-08-13T14:34:05.727,1,1
7269,588aca26ed1bfc095abf2de16bf97b57,112.0,3,1786606446725,2026-08-13T14:34:06.725,1,1
7270,588aca26ed1bfc095abf2de16bf97b57,111.0,3,1786606447724,2026-08-13T14:34:07.724,1,1
7271,588aca26ed1bfc095abf2de16bf97b57,111.0,3,1786606448726,2026-08-13T14:34:08.726,1,1
7272,588aca26ed1bfc095abf2de16bf97b57,111.0,3,1786606449726,2026-08-13T14:34:09.726,1,1
7273,588aca26ed1bfc095abf2de16bf97b57,113.0,3,1786606450726,2026-08-13T14:34:10.726,1,1
7274,588aca26ed1bfc095abf2de16bf97b57,113.0,3,1786606451726,2026-08-13T14:34:11.726,1,1
7275,588aca26ed1bfc095abf2de16bf97b57,112.0,3,1786606452724,2026-08-13T14:34:12.724,1,1
7276,588aca26ed1bfc095abf2de16bf97b57,111.0,3,1786606453735,2026-08-13T14:34:13.735,1,1
7277,588aca26ed1bfc095abf2de16bf97b57,110.0,3,1786606454724,2026-08-13T14:34:14.724,1,1
7278,588aca26ed1bfc095abf2de16bf97b57,108.0,3,1786606455724,2026-08-13T14:34:15.724,1,1
7279,588aca26ed1bfc095abf2de16bf97b57,108.0,3,1786606456724,2026-08-13T14:34:16.724,1,1
7280,588aca26ed1bfc095abf2de16bf97b57,107.0,3,1786606457724,2026-08-13T14:34:17.724,1,1
7281,588aca26ed1bfc095abf2de16bf97b57,106.0,3,1786606458724,2026-08-13T14:34:18.724,1,1
7282,588aca26ed1bfc095abf2de16bf97b57,105.0,3,1786606459724,2026-08-13T14:34:19.724,1,1
7283,588aca26ed1bfc095abf2de16bf97b57,104.0,3,1786606460724,2026-08-13T14:34:20.724,1,1
7284,588aca26ed1bfc095abf2de16bf97b57,103.0,3,1786606461725,2026-08-13T14:34:21.725,1,1
7285,588aca26ed1bfc095abf2de16bf97b57,101.0,3,1786606462724,2026-08-13T14:34:22.724,1,1
7286,588aca26ed1bfc095abf2de16bf97b57,100.0,3,1786606463727,2026-08-13T14:34:23.727,1,1
7287,588aca26ed1bfc095abf2de16bf97b57,99.0,3,1786606464724,2026-08-13T14:34:24.724,1,1
7288,588aca26ed1bfc095abf2de16bf97b57,98.0,3,1786606465724,2026-08-13T14:34:25.724,1,1
7289,588aca26ed1bfc095abf2de16bf97b57,98.0,3,1786606466725,2026-08-13T14:34:26.725,1,1
7290,588aca26ed1bfc095abf2de16bf97b57,99.0,3,1786606467725,2026-08-13T14:34:27.725,1,1
7291,588aca26ed1bfc095abf2de16bf97b57,99.0,3,1786606468723,2026-08-13T14:34:28.723,1,1
7292,588aca26ed1bfc095abf2de16bf97b57,99.0,3,1786606469725,2026-08-13T14:34:29.725,1,1
7293,588aca26ed1bfc095abf2de16bf97b57,99.0,3,1786606470724,2026-08-13T14:34:30.724,1,1
7294,588aca26ed1bfc095abf2de16bf97b57,99.0,3,1786606471723,2026-08-13T14:34:31.723,1,1
7295,588aca26ed1bfc095abf2de16bf97b57,99.0,3,1786606472723,2026-08-13T14:34:32.723,1,1
7296,588aca26ed1bfc095abf2de16bf97b57,99.0,3,1786606473724,2026-08-13T14:34:33.724,1,1
7297,588aca26ed1bfc095abf2de16bf97b57,98.0,3,1786606474724,2026-08-13T14:34:34.724,1,1
7298,588aca26ed1bfc095abf2de16bf97b57,98.0,3,1786606475724,2026-08-13T14:34:35.724,1,1
7299,588aca26ed1bfc095abf2de16bf97b57,99.0,3,1786606476724,2026-08-13T14:34:36.724,1,1
7300,588aca26ed1bfc095abf2de16bf97b57,99.0,3,1786606477724,2026-08-13T14:34:37.724,1,1
7301,588aca26ed1bfc095abf2de16bf97b57,99.0,3,1786606478724,2026-08-13T14:34:38.724,1,1
7302,588aca26ed1bfc095abf2de16bf97b57,99.0,3,1786606479724,2026-08-13T14:34:39.724,1,1
7303,588aca26ed1bfc095abf2de16bf97b57,100.0,3,1786606480742,2026-08-13T14:34:40.742,1,1
7304,588aca26ed1bfc095abf2de16bf97b57,100.0,3,1786606481725,2026-08-13T14:34:41.725,1,1
7305,588aca26ed1bfc095abf2de16bf97b57,101.0,3,1786606482725,2026-08-13T14:34:42.725,1,1
7306,588aca26ed1bfc095abf2de16bf97b57,103.0,3,1786606483723,2026-08-13T14:34:43.723,1,1
7307,588aca26ed1bfc095abf2de16bf97b57,104.0,3,1786606484725,2026-08-13T14:34:44.725,1,1
7308,588aca26ed1bfc095abf2de16bf97b57,103.0,3,1786606485725,2026-08-13T14:34:45.725,1,1
7309,588aca26ed1bfc095abf2de16bf97b57,104.0,3,1786606486726,2026-08-13T14:34:46.726,1,1
7310,588aca26ed1bfc095abf2de16bf97b57,105.0,3,1786606487726,2026-08-13T14:34:47.726,1,1
7311,588aca26ed1bfc095abf2de16bf97b57,105.0,3,1786606488724,2026-08-13T14:34:48.724,1,1
7312,588aca26ed1bfc095abf2de16bf97b57,108.0,3,1786606489724,2026-08-13T14:34:49.724,1,1
7313,588aca26ed1bfc095abf2de16bf97b57,110.0,3,1786606490724,2026-08-13T14:34:50.724,1,1
7314,588aca26ed1bfc095abf2de16bf97b57,110.0,3,1786606491724,2026-08-13T14:34:51.724,1,1
7315,588aca26ed1bfc095abf2de16bf97b57,108.0,3,1786606492723,2026-08-13T14:34:52.723,1,1
7316,588aca26ed1bfc095abf2de16bf97b57,109.0,3,1786606493724,2026-08-13T14:34:53.724,1,1
7317,588aca26ed1bfc095abf2de16bf97b57,111.0,3,1786606494724,2026-08-13T14:34:54.724,1,1
7318,588aca26ed1bfc095abf2de16bf97b57,112.0,3,1786606495724,2026-08-13T14:34:55.724,1,1
7319,588aca26ed1bfc095abf2de16bf97b57,111.0,3,1786606496723,2026-08-13T14:34:56.723,1,1
7320,588aca26ed1bfc095abf2de16bf97b57,111.0,3,1786606497724,2026-08-13T14:34:57.724,1,1
7321,588aca26ed1bfc095abf2de16bf97b57,112.0,3,1786606498724,2026-08-13T14:34:58.724,1,1
7322,588aca26ed1bfc095abf2de16bf97b57,112.0,3,1786606499730,2026-08-13T14:34:59.730,1,1
7323,588aca26ed1bfc095abf2de16bf97b57,113.0,3,1786606500724,2026-08-13T14:35:00.724,1,1
7324,588aca26ed1bfc095abf2de16bf97b57,114.0,3,1786606501724,2026-08-13T14:35:01.724,1,1
7325,588aca26ed1bfc095abf2de16bf97b57,115.0,3,1786606502727,2026-08-13T14:35:02.727,1,1
7326,588aca26ed1bfc095abf2de16bf97b57,114.0,3,1786606503725,2026-08-13T14:35:03.725,1,1
7327,588aca26ed1bfc095abf2de16bf97b57,113.0,3,1786606504724,2026-08-13T14:35:04.724,1,1
7328,588aca26ed1bfc095abf2de16bf97b57,113.0,3,1786606505724,2026-08-13T14:35:05.724,1,1
7329,588aca26ed1bfc095abf2de16bf97b57,113.0,3,1786606506725,2026-08-13T14:35:06.725,1,1
7330,588aca26ed1bfc095abf2de16bf97b57,111.0,3,1786606507726,2026-08-13T14:35:07.726,1,1
7331,588aca26ed1bfc095abf2de16bf97b57,109.0,3,1786606508724,2026-08-13T14:35:08.724,1,1
7332,588aca26ed1bfc095abf2de16bf97b57,109.0,3,1786606509724,2026-08-13T14:35:09.724,1,1
7333,588aca26ed1bfc095abf2de16bf97b57,110.0,3,1786606510724,2026-08-13T14:35:10.724,1,1
7334,588aca26ed1bfc095abf2de16bf97b57,112.0,3,1786606511724,2026-08-13T14:35:11.724,1,1
7335,588aca26ed1bfc095abf2de16bf97b57,114.0,3,1786606512724,2026-08-13T14:35:12.724,1,1
7336,588aca26ed1bfc095abf2de16bf97b57,114.0,3,1786606513724,2026-08-13T14:35:13.724,1,1
7337,588aca26ed1bfc095abf2de16bf97b57,112.0,3,1786606514724,2026-08-13T14:35:14.724,1,1
7338,588aca26ed1bfc095abf2de16bf97b57,111.0,3,1786606515727,2026-08-13T14:35:15.727,1,1
7339,588aca26ed1bfc095abf2de16bf97b57,109.0,3,1786606516724,2026-08-13T14:35:16.724,1,1
7340,588aca26ed1bfc095abf2de16bf97b57,107.0,3,1786606517723,2026-08-13T14:35:17.723,1,1
7341,588aca26ed1bfc095abf2de16bf97b57,106.0,3,1786606518724,2026-08-13T14:35:18.724,1,1
7342,588aca26ed1bfc095abf2de16bf97b57,104.0,3,1786606519723,2026-08-13T14:35:19.723,1,1
7343,588aca26ed1bfc095abf2de16bf97b57,103.0,3,1786606520723,2026-08-13T14:35:20.723,1,1
7344,588aca26ed1bfc095abf2de16bf97b57,104.0,3,1786606521724,2026-08-13T14:35:21.724,1,1
7345,588aca26ed1bfc095abf2de16bf97b57,105.0,3,1786606522724,2026-08-13T14:35:22.724,1,1
7346,588aca26ed1bfc095abf2de16bf97b57,105.0,3,1786606523734,2026-08-13T14:35:23.734,1,1
7347,588aca26ed1bfc095abf2de16bf97b57,104.0,3,1786606524730,2026-08-13T14:35:24.730,1,1
7348,588aca26ed1bfc095abf2de16bf97b57,103.0,3,1786606525732,2026-08-13T14:35:25.732,1,1
7349,588aca26ed1bfc095abf2de16bf97b57,102.0,3,1786606526728,2026-08-13T14:35:26.728,1,1
7350,588aca26ed1bfc095abf2de16bf97b57,101.0,3,1786606527730,2026-08-13T14:35:27.730,1,1
7351,588aca26ed1bfc095abf2de16bf97b57,99.0,3,1786606528726,2026-08-13T14:35:28.726,1,1
7352,588aca26ed1bfc095abf2de16bf97b57,99.0,3,1786606529727,2026-08-13T14:35:29.727,1,1
7353,588aca26ed1bfc095abf2de16bf97b57,99.0,3,1786606530736,2026-08-13T14:35:30.736,1,1
7354,588aca26ed1bfc095abf2de16bf97b57,97.0,3,1786606531726,2026-08-13T14:35:31.726,1,1
7355,588aca26ed1bfc095abf2de16bf97b57,97.0,3,1786606532725,2026-08-13T14:35:32.725,1,1
7356,588aca26ed1bfc095abf2de16bf97b57,97.0,3,1786606533724,2026-08-13T14:35:33.724,1,1
7357,588aca26ed1bfc095abf2de16bf97b57,98.0,3,1786606534724,2026-08-13T14:35:34.724,1,1
7358,588aca26ed1bfc095abf2de16bf97b57,99.0,3,1786606535724,2026-08-13T14:35:35.724,1,1
7359,588aca26ed1bfc095abf2de16bf97b57,99.0,3,1786606536724,2026-08-13T14:35:36.724,1,1
7360,588aca26ed1bfc095abf2de16bf97b57,100.0,3,1786606537724,2026-08-13T14:35:37.724,1,1
7361,588aca26ed1bfc095abf2de16bf97b57,101.0,3,1786606538724,2026-08-13T14:35:38.724,1,1
7362,588aca26ed1bfc095abf2de16bf97b57,102.0,3,1786606539724,2026-08-13T14:35:39.724,1,1
7363,588aca26ed1bfc095abf2de16bf97b57,103.0,3,1786606540724,2026-08-13T14:35:40.724,1,1
7364,588aca26ed1bfc095abf2de16bf97b57,102.0,3,1786606541724,2026-08-13T14:35:41.724,1,1
7365,588aca26ed1bfc095abf2de16bf97b57,101.0,3,1786606542725,2026-08-13T14:35:42.725,1,1
7366,588aca26ed1bfc095abf2de16bf97b57,100.0,3,1786606543725,2026-08-13T14:35:43.725,1,1
7367,588aca26ed1bfc095abf2de16bf97b57,100.0,3,1786606544724,2026-08-13T14:35:44.724,1,1
7368,588aca26ed1bfc095abf2de16bf97b57,101.0,3,1786606545724,2026-08-13T14:35:45.724,1,1
7369,588aca26ed1bfc095abf2de16bf97b57,103.0,3,1786606546724,2026-08-13T14:35:46.724,1,1
7370,588aca26ed1bfc095abf2de16bf97b57,105.0,3,1786606547723,2026-08-13T14:35:47.723,1,1
7371,588aca26ed1bfc095abf2de16bf97b57,106.0,3,1786606548723,2026-08-13T14:35:48.723,1,1
7372,588aca26ed1bfc095abf2de16bf97b57,107.0,3,1786606549724,2026-08-13T14:35:49.724,1,1
7373,588aca26ed1bfc095abf2de16bf97b57,107.0,3,1786606550724,2026-08-13T14:35:50.724,1,1
7374,588aca26ed1bfc095abf2de16bf97b57,105.0,3,1786606551725,2026-08-13T14:35:51.725,1,1
7375,588aca26ed1bfc095abf2de16bf97b57,106.0,3,1786606552725,2026-08-13T14:35:52.725,1,1
7376,588aca26ed1bfc095abf2de16bf97b57,106.0,3,1786606553729,2026-08-13T14:35:53.729,1,1
7377,588aca26ed1bfc095abf2de16bf97b57,107.0,3,1786606554724,2026-08-13T14:35:54.724,1,1
7378,588aca26ed1bfc095abf2de16bf97b57,108.0,3,1786606555726,2026-08-13T14:35:55.726,1,1
7379,588aca26ed1bfc095abf2de16bf97b57,107.0,3,1786606556725,2026-08-13T14:35:56.725,1,1
7380,588aca26ed1bfc095abf2de16bf97b57,106.0,3,1786606557724,2026-08-13T14:35:57.724,1,1
7381,588aca26ed1bfc095abf2de16bf97b57,106.0,3,1786606558724,2026-08-13T14:35:58.724,1,1
7382,588aca26ed1bfc095abf2de16bf97b57,105.0,3,1786606559724,2026-08-13T14:35:59.724,1,1
7383,588aca26ed1bfc095abf2de16bf97b57,103.0,3,1786606560725,2026-08-13T14:36:00.725,1,1
7384,588aca26ed1bfc095abf2de16bf97b57,103.0,3,1786606561723,2026-08-13T14:36:01.723,1,1
7385,588aca26ed1bfc095abf2de16bf97b57,103.0,3,1786606562724,2026-08-13T14:36:02.724,1,1
7386,588aca26ed1bfc095abf2de16bf97b57,103.0,3,1786606563724,2026-08-13T14:36:03.724,1,1
7387,588aca26ed1bfc095abf2de16bf97b57,102.0,3,1786606564724,2026-08-13T14:36:04.724,1,1
7388,588aca26ed1bfc095abf2de16bf97b57,101.0,3,1786606565724,2026-08-13T14:36:05.724,1,1
7389,588aca26ed1bfc095abf2de16bf97b57,100.0,3,1786606566724,2026-08-13T14:36:06.724,1,1
7390,588aca26ed1bfc095abf2de16bf97b57,99.0,3,1786606567724,2026-08-13T14:36:07.724,1,1
7391,588aca26ed1bfc095abf2de16bf97b57,99.0,3,1786606568724,2026-08-13T14:36:08.724,1,1
7392,588aca26ed1bfc095abf2de16bf97b57,98.0,3,1786606569724,2026-08-13T14:36:09.724,1,1
7393,588aca26ed1bfc095abf2de16bf97b57,97.0,3,1786606570724,2026-08-13T14:36:10.724,1,1
7394,588aca26ed1bfc095abf2de16bf97b57,97.0,3,1786606571724,2026-08-13T14:36:11.724,1,1
7395,588aca26ed1bfc095abf2de16bf97b57,98.0,3,1786606572724,2026-08-13T14:36:12.724,1,1
7396,588aca26ed1bfc095abf2de16bf97b57,99.0,3,1786606573724,2026-08-13T14:36:13.724,1,1
7397,588aca26ed1bfc095abf2de16bf97b57,100.0,3,1786606574724,2026-08-13T14:36:14.724,1,1
7398,588aca26ed1bfc095abf2de16bf97b57,100.0,3,1786606575724,2026-08-13T14:36:15.724,1,1
7399,588aca26ed1bfc095abf2de16bf97b57,99.0,3,1786606576724,2026-08-13T14:36:16.724,1,1
7400,588aca26ed1bfc095abf2de16bf97b57,98.0,3,1786606577724,2026-08-13T14:36:17.724,1,1
7401,588aca26ed1bfc095abf2de16bf97b57,96.0,3,1786606578733,2026-08-13T14:36:18.733,1,1
7402,588aca26ed1bfc095abf2de16bf97b57,96.0,3,1786606579734,2026-08-13T14:36:19.734,1,1
7403,588aca26ed1bfc095abf2de16bf97b57,95.0,3,1786606580731,2026-08-13T14:36:20.731,1,1
7404,588aca26ed1bfc095abf2de16bf97b57,94.0,3,1786606581729,2026-08-13T14:36:21.729,1,1
7405,588aca26ed1bfc095abf2de16bf97b57,94.0,3,1786606582728,2026-08-13T14:36:22.728,1,1
7406,588aca26ed1bfc095abf2de16bf97b57,95.0,3,1786606583731,2026-08-13T14:36:23.731,1,1
7407,588aca26ed1bfc095abf2de16bf97b57,95.0,3,1786606584732,2026-08-13T14:36:24.732,1,1
7408,588aca26ed1bfc095abf2de16bf97b57,95.0,3,1786606585735,2026-08-13T14:36:25.735,1,1
7409,588aca26ed1bfc095abf2de16bf97b57,94.0,3,1786606586736,2026-08-13T14:36:26.736,1,1
7410,588aca26ed1bfc095abf2de16bf97b57,93.0,3,1786606587737,2026-08-13T14:36:27.737,1,1
7411,588aca26ed1bfc095abf2de16bf97b57,96.0,3,1786606588735,2026-08-13T14:36:28.735,1,1
7412,588aca26ed1bfc095abf2de16bf97b57,97.0,3,1786606589734,2026-08-13T14:36:29.734,1,1
7413,588aca26ed1bfc095abf2de16bf97b57,96.0,3,1786606590727,2026-08-13T14:36:30.727,1,1
7414,588aca26ed1bfc095abf2de16bf97b57,96.0,3,1786606591725,2026-08-13T14:36:31.725,1,0
7415,588aca26ed1bfc095abf2de16bf97b57,97.0,3,1786606592724,2026-08-13T14:36:32.724,1,1
7416,588aca26ed1bfc095abf2de16bf97b57,97.0,3,1786606593725,2026-08-13T14:36:33.725,1,0
7417,588aca26ed1bfc095abf2de16bf97b57,97.0,3,1786606594725,2026-08-13T14:36:34.725,1,1
7418,588aca26ed1bfc095abf2de16bf97b57,98.0,3,1786606595727,2026-08-13T14:36:35.727,1,1
7419,588aca26ed1bfc095abf2de16bf97b57,98.0,3,1786606596724,2026-08-13T14:36:36.724,1,1
7420,588aca26ed1bfc095abf2de16bf97b57,99.0,3,1786606597724,2026-08-13T14:36:37.724,1,1
7421,588aca26ed1bfc095abf2de16bf97b57,99.0,3,1786606598724,2026-08-13T14:36:38.724,1,1
7422,588aca26ed1bfc095abf2de16bf97b57,98.0,3,1786606599723,2026-08-13T14:36:39.723,1,1
7423,588aca26ed1bfc095abf2de16bf97b57,98.0,3,1786606600723,2026-08-13T14:36:40.723,1,1
7424,588aca26ed1bfc095abf2de16bf97b57,97.0,3,1786606601724,2026-08-13T14:36:41.724,1,1
7425,588aca26ed1bfc095abf2de16bf97b57,97.0,3,1786606602724,2026-08-13T14:36:42.724,1,1
7426,588aca26ed1bfc095abf2de16bf97b57,97.0,3,1786606603724,2026-08-13T14:36:43.724,1,1
7427,588aca26ed1bfc095abf2de16bf97b57,96.0,3,1786606604724,2026-08-13T14:36:44.724,1,1
7428,588aca26ed1bfc095abf2de16bf97b57,97.0,3,1786606605724,2026-08-13T14:36:45.724,1,1
7429,588aca26ed1bfc095abf2de16bf97b57,97.0,3,1786606606724,2026-08-13T14:36:46.724,1,1
7430,588aca26ed1bfc095abf2de16bf97b57,96.0,3,1786606607724,2026-08-13T14:36:47.724,1,1
7431,588aca26ed1bfc095abf2de16bf97b57,95.0,3,1786606608724,2026-08-13T14:36:48.724,1,1
7432,588aca26ed1bfc095abf2de16bf97b57,95.0,3,1786606609723,2026-08-13T14:36:49.723,1,1
7433,588aca26ed1bfc095abf2de16bf97b57,96.0,3,1786606610724,2026-08-13T14:36:50.724,1,1
7434,588aca26ed1bfc095abf2de16bf97b57,97.0,3,1786606611724,2026-08-13T14:36:51.724,1,1
7435,588aca26ed1bfc095abf2de16bf97b57,98.0,3,1786606612725,2026-08-13T14:36:52.725,1,1
7436,588aca26ed1bfc095abf2de16bf97b57,99.0,3,1786606613731,2026-08-13T14:36:53.731,1,1
7437,588aca26ed1bfc095abf2de16bf97b57,100.0,3,1786606614732,2026-08-13T14:36:54.732,1,1
7438,588aca26ed1bfc095abf2de16bf97b57,100.0,3,1786606615731,2026-08-13T14:36:55.731,1,1
7439,588aca26ed1bfc095abf2de16bf97b57,99.0,3,1786606616725,2026-08-13T14:36:56.725,1,1
7440,588aca26ed1bfc095abf2de16bf97b57,99.0,3,1786606617727,2026-08-13T14:36:57.727,1,1
7441,588aca26ed1bfc095abf2de16bf97b57,100.0,3,1786606618728,2026-08-13T14:36:58.728,1,1
7442,588aca26ed1bfc095abf2de16bf97b57,100.0,3,1786606619726,2026-08-13T14:36:59.726,1,1
7443,588aca26ed1bfc095abf2de16bf97b57,102.0,3,1786606620725,2026-08-13T14:37:00.725,1,1
7444,588aca26ed1bfc095abf2de16bf97b57,103.0,3,1786606621723,2026-08-13T14:37:01.723,1,1
7445,588aca26ed1bfc095abf2de16bf97b57,103.0,3,1786606622724,2026-08-13T14:37:02.724,1,1
7446,588aca26ed1bfc095abf2de16bf97b57,104.0,3,1786606623724,2026-08-13T14:37:03.724,1,1
7447,588aca26ed1bfc095abf2de16bf97b57,104.0,3,1786606624723,2026-08-13T14:37:04.723,1,1
7448,588aca26ed1bfc095abf2de16bf97b57,104.0,3,1786606625724,2026-08-13T14:37:05.724,1,1
7449,588aca26ed1bfc095abf2de16bf97b57,104.0,3,1786606626724,2026-08-13T14:37:06.724,1,1
7450,588aca26ed1bfc095abf2de16bf97b57,104.0,3,1786606627724,2026-08-13T14:37:07.724,1,1
7451,588aca26ed1bfc095abf2de16bf97b57,105.0,3,1786606628724,2026-08-13T14:37:08.724,1,1
7452,588aca26ed1bfc095abf2de16bf97b57,105.0,3,1786606629724,2026-08-13T14:37:09.724,1,1
7453,588aca26ed1bfc095abf2de16bf97b57,105.0,3,1786606630724,2026-08-13T14:37:10.724,1,1
7454,588aca26ed1bfc095abf2de16bf97b57,105.0,3,1786606631726,2026-08-13T14:37:11.726,1,1
7455,588aca26ed1bfc095abf2de16bf97b57,105.0,3,1786606632725,2026-08-13T14:37:12.725,1,1
7456,588aca26ed1bfc095abf2de16bf97b57,106.0,3,1786606633725,2026-08-13T14:37:13.725,1,1
7457,588aca26ed1bfc095abf2de16bf97b57,106.0,3,1786606634723,2026-08-13T14:37:14.723,1,1
7458,588aca26ed1bfc095abf2de16bf97b57,106.0,3,1786606635723,2026-08-13T14:37:15.723,1,1
7459,588aca26ed1bfc095abf2de16bf97b57,105.0,3,1786606636724,2026-08-13T14:37:16.724,1,1
7460,588aca26ed1bfc095abf2de16bf97b57,105.0,3,1786606637723,2026-08-13T14:37:17.723,1,1
7461,588aca26ed1bfc095abf2de16bf97b57,104.0,3,1786606638724,2026-08-13T14:37:18.724,1,1
7462,588aca26ed1bfc095abf2de16bf97b57,103.0,3,1786606639724,2026-08-13T14:37:19.724,1,1
7463,588aca26ed1bfc095abf2de16bf97b57,102.0,3,1786606640723,2026-08-13T14:37:20.723,1,1
7464,588aca26ed1bfc095abf2de16bf97b57,102.0,3,1786606641724,2026-08-13T14:37:21.724,1,1
7465,588aca26ed1bfc095abf2de16bf97b57,101.0,3,1786606642724,2026-08-13T14:37:22.724,1,1
7466,588aca26ed1bfc095abf2de16bf97b57,101.0,3,1786606643724,2026-08-13T14:37:23.724,1,1
7467,588aca26ed1bfc095abf2de16bf97b57,100.0,3,1786606644724,2026-08-13T14:37:24.724,1,1
7468,588aca26ed1bfc095abf2de16bf97b57,100.0,3,1786606645725,2026-08-13T14:37:25.725,1,1
7469,588aca26ed1bfc095abf2de16bf97b57,101.0,3,1786606646724,2026-08-13T14:37:26.724,1,1
7470,588aca26ed1bfc095abf2de16bf97b57,101.0,3,1786606647724,2026-08-13T14:37:27.724,1,1
7471,588aca26ed1bfc095abf2de16bf97b57,101.0,3,1786606648724,2026-08-13T14:37:28.724,1,1
7472,588aca26ed1bfc095abf2de16bf97b57,101.0,3,1786606649724,2026-08-13T14:37:29.724,1,1
7473,588aca26ed1bfc095abf2de16bf97b57,101.0,3,1786606650724,2026-08-13T14:37:30.724,1,1
7474,588aca26ed1bfc095abf2de16bf97b57,101.0,3,1786606651724,2026-08-13T14:37:31.724,1,1
7475,588aca26ed1bfc095abf2de16bf97b57,102.0,3,1786606652723,2026-08-13T14:37:32.723,1,1
7476,588aca26ed1bfc095abf2de16bf97b57,103.0,3,1786606653724,2026-08-13T14:37:33.724,1,1
7477,588aca26ed1bfc095abf2de16bf97b57,104.0,3,1786606654725,2026-08-13T14:37:34.725,1,1
7478,588aca26ed1bfc095abf2de16bf97b57,104.0,3,1786606655724,2026-08-13T14:37:35.724,1,1
7479,588aca26ed1bfc095abf2de16bf97b57,104.0,3,1786606656734,2026-08-13T14:37:36.734,1,1
7480,588aca26ed1bfc095abf2de16bf97b57,103.0,3,1786606657732,2026-08-13T14:37:37.732,1,1
7481,588aca26ed1bfc095abf2de16bf97b57,102.0,3,1786606658731,2026-08-13T14:37:38.731,1,1
7482,588aca26ed1bfc095abf2de16bf97b57,102.0,3,1786606659731,2026-08-13T14:37:39.731,1,1
7483,588aca26ed1bfc095abf2de16bf97b57,101.0,3,1786606660724,2026-08-13T14:37:40.724,1,1
7484,588aca26ed1bfc095abf2de16bf97b57,102.0,3,1786606661728,2026-08-13T14:37:41.728,1,1
7485,588aca26ed1bfc095abf2de16bf97b57,103.0,3,1786606662730,2026-08-13T14:37:42.730,1,1
7486,588aca26ed1bfc095abf2de16bf97b57,105.0,3,1786606663728,2026-08-13T14:37:43.728,1,1
7487,588aca26ed1bfc095abf2de16bf97b57,106.0,3,1786606664730,2026-08-13T14:37:44.730,1,1
7488,588aca26ed1bfc095abf2de16bf97b57,106.0,3,1786606665729,2026-08-13T14:37:45.729,1,1
7489,588aca26ed1bfc095abf2de16bf97b57,104.0,3,1786606666730,2026-08-13T14:37:46.730,1,1
7490,588aca26ed1bfc095abf2de16bf97b57,103.0,3,1786606667724,2026-08-13T14:37:47.724,1,1
7491,588aca26ed1bfc095abf2de16bf97b57,102.0,3,1786606668726,2026-08-13T14:37:48.726,1,1
7492,588aca26ed1bfc095abf2de16bf97b57,103.0,3,1786606669727,2026-08-13T14:37:49.727,1,1
7493,588aca26ed1bfc095abf2de16bf97b57,103.0,3,1786606670726,2026-08-13T14:37:50.726,1,1
7494,588aca26ed1bfc095abf2de16bf97b57,102.0,3,1786606671724,2026-08-13T14:37:51.724,1,1
7495,588aca26ed1bfc095abf2de16bf97b57,102.0,3,1786606672724,2026-08-13T14:37:52.724,1,1
7496,588aca26ed1bfc095abf2de16bf97b57,102.0,3,1786606673724,2026-08-13T14:37:53.724,1,1
7497,588aca26ed1bfc095abf2de16bf97b57,101.0,3,1786606674724,2026-08-13T14:37:54.724,1,1
7498,588aca26ed1bfc095abf2de16bf97b57,101.0,3,1786606675724,2026-08-13T14:37:55.724,1,1
7499,588aca26ed1bfc095abf2de16bf97b57,101.0,3,1786606676724,2026-08-13T14:37:56.724,1,1
7500,588aca26ed1bfc095abf2de16bf97b57,101.0,3,1786606677724,2026-08-13T14:37:57.724,1,1
7501,588aca26ed1bfc095abf2de16bf97b57,101.0,3,1786606678724,2026-08-13T14:37:58.724,1,1
7502,588aca26ed1bfc095abf2de16bf97b57,100.0,3,1786606679724,2026-08-13T14:37:59.724,1,1
7503,588aca26ed1bfc095abf2de16bf97b57,100.0,3,1786606680723,2026-08-13T14:38:00.723,1,1
7504,588aca26ed1bfc095abf2de16bf97b57,99.0,3,1786606681724,2026-08-13T14:38:01.724,1,1
7505,588aca26ed1bfc095abf2de16bf97b57,98.0,3,1786606682724,2026-08-13T14:38:02.724,1,1
7506,588aca26ed1bfc095abf2de16bf97b57,98.0,3,1786606683724,2026-08-13T14:38:03.724,1,1
7507,588aca26ed1bfc095abf2de16bf97b57,98.0,3,1786606684725,2026-08-13T14:38:04.725,1,1
7508,588aca26ed1bfc095abf2de16bf97b57,97.0,3,1786606685731,2026-08-13T14:38:05.731,1,1
7509,588aca26ed1bfc095abf2de16bf97b57,97.0,3,1786606686724,2026-08-13T14:38:06.724,1,1
7510,588aca26ed1bfc095abf2de16bf97b57,98.0,3,1786606687723,2026-08-13T14:38:07.723,1,1
7511,588aca26ed1bfc095abf2de16bf97b57,98.0,3,1786606688723,2026-08-13T14:38:08.723,1,1
7512,588aca26ed1bfc095abf2de16bf97b57,97.0,3,1786606689724,2026-08-13T14:38:09.724,1,1
7513,588aca26ed1bfc095abf2de16bf97b57,97.0,3,1786606690724,2026-08-13T14:38:10.724,1,1
7514,588aca26ed1bfc095abf2de16bf97b57,96.0,3,1786606691724,2026-08-13T14:38:11.724,1,1
7515,588aca26ed1bfc095abf2de16bf97b57,95.0,3,1786606692727,2026-08-13T14:38:12.727,1,1
7516,588aca26ed1bfc095abf2de16bf97b57,94.0,3,1786606693724,2026-08-13T14:38:13.724,1,1
7517,588aca26ed1bfc095abf2de16bf97b57,93.0,3,1786606694724,2026-08-13T14:38:14.724,1,1
7518,588aca26ed1bfc095abf2de16bf97b57,92.0,3,1786606695724,2026-08-13T14:38:15.724,1,1
7519,588aca26ed1bfc095abf2de16bf97b57,92.0,3,1786606696725,2026-08-13T14:38:16.725,1,1
7520,588aca26ed1bfc095abf2de16bf97b57,91.0,3,1786606697724,2026-08-13T14:38:17.724,1,1
7521,588aca26ed1bfc095abf2de16bf97b57,92.0,3,1786606698724,2026-08-13T14:38:18.724,1,1
7522,588aca26ed1bfc095abf2de16bf97b57,92.0,3,1786606699725,2026-08-13T14:38:19.725,1,1
7523,588aca26ed1bfc095abf2de16bf97b57,93.0,3,1786606700744,2026-08-13T14:38:20.744,1,1
7524,588aca26ed1bfc095abf2de16bf97b57,94.0,3,1786606701735,2026-08-13T14:38:21.735,1,1
7525,588aca26ed1bfc095abf2de16bf97b57,94.0,3,1786606702731,2026-08-13T14:38:22.731,1,1
7526,588aca26ed1bfc095abf2de16bf97b57,93.0,3,1786606703729,2026-08-13T14:38:23.729,1,1
7527,588aca26ed1bfc095abf2de16bf97b57,94.0,3,1786606704723,2026-08-13T14:38:24.723,1,1
7528,588aca26ed1bfc095abf2de16bf97b57,95.0,3,1786606705724,2026-08-13T14:38:25.724,1,1
7529,588aca26ed1bfc095abf2de16bf97b57,94.0,3,1786606706723,2026-08-13T14:38:26.723,1,1
7530,588aca26ed1bfc095abf2de16bf97b57,94.0,3,1786606707726,2026-08-13T14:38:27.726,1,1
7531,588aca26ed1bfc095abf2de16bf97b57,95.0,3,1786606708723,2026-08-13T14:38:28.723,1,1
7532,588aca26ed1bfc095abf2de16bf97b57,96.0,3,1786606709724,2026-08-13T14:38:29.724,1,1
7533,588aca26ed1bfc095abf2de16bf97b57,97.0,3,1786606710727,2026-08-13T14:38:30.727,1,1
7534,588aca26ed1bfc095abf2de16bf97b57,98.0,3,1786606711724,2026-08-13T14:38:31.724,1,1
7535,588aca26ed1bfc095abf2de16bf97b57,99.0,3,1786606712724,2026-08-13T14:38:32.724,1,1
7536,588aca26ed1bfc095abf2de16bf97b57,100.0,3,1786606713724,2026-08-13T14:38:33.724,1,1
7537,588aca26ed1bfc095abf2de16bf97b57,101.0,3,1786606714723,2026-08-13T14:38:34.723,1,1
7538,588aca26ed1bfc095abf2de16bf97b57,100.0,3,1786606715724,2026-08-13T14:38:35.724,1,1
7539,588aca26ed1bfc095abf2de16bf97b57,101.0,3,1786606716724,2026-08-13T14:38:36.724,1,1
7540,588aca26ed1bfc095abf2de16bf97b57,102.0,3,1786606717725,2026-08-13T14:38:37.725,1,1
7541,588aca26ed1bfc095abf2de16bf97b57,102.0,3,1786606718724,2026-08-13T14:38:38.724,1,1
7542,588aca26ed1bfc095abf2de16bf97b57,101.0,3,1786606719724,2026-08-13T14:38:39.724,1,1
7543,588aca26ed1bfc095abf2de16bf97b57,100.0,3,1786606720723,2026-08-13T14:38:40.723,1,1
7544,588aca26ed1bfc095abf2de16bf97b57,100.0,3,1786606721726,2026-08-13T14:38:41.726,1,1
7545,588aca26ed1bfc095abf2de16bf97b57,100.0,3,1786606722724,2026-08-13T14:38:42.724,1,1
7546,588aca26ed1bfc095abf2de16bf97b57,100.0,3,1786606723723,2026-08-13T14:38:43.723,1,1
7547,588aca26ed1bfc095abf2de16bf97b57,100.0,3,1786606724723,2026-08-13T14:38:44.723,1,1
7548,588aca26ed1bfc095abf2de16bf97b57,101.0,3,1786606725723,2026-08-13T14:38:45.723,1,1
7549,588aca26ed1bfc095abf2de16bf97b57,102.0,3,1786606726725,2026-08-13T14:38:46.725,1,1
7550,588aca26ed1bfc095abf2de16bf97b57,102.0,3,1786606727724,2026-08-13T14:38:47.724,1,1
7551,588aca26ed1bfc095abf2de16bf97b57,102.0,3,1786606728724,2026-08-13T14:38:48.724,1,1
7552,588aca26ed1bfc095abf2de16bf97b57,102.0,3,1786606729723,2026-08-13T14:38:49.723,1,1
7553,588aca26ed1bfc095abf2de16bf97b57,101.0,3,1786606730724,2026-08-13T14:38:50.724,1,1
7554,588aca26ed1bfc095abf2de16bf97b57,100.0,3,1786606731724,2026-08-13T14:38:51.724,1,1
7555,588aca26ed1bfc095abf2de16bf97b57,99.0,3,1786606732724,2026-08-13T14:38:52.724,1,1
7556,588aca26ed1bfc095abf2de16bf97b57,98.0,3,1786606733731,2026-08-13T14:38:53.731,1,1
7557,588aca26ed1bfc095abf2de16bf97b57,97.0,3,1786606734732,2026-08-13T14:38:54.732,1,1
7558,588aca26ed1bfc095abf2de16bf97b57,97.0,3,1786606735729,2026-08-13T14:38:55.729,1,1
7559,588aca26ed1bfc095abf2de16bf97b57,96.0,3,1786606736735,2026-08-13T14:38:56.735,1,1
7560,588aca26ed1bfc095abf2de16bf97b57,95.0,3,1786606737727,2026-08-13T14:38:57.727,1,1
7561,588aca26ed1bfc095abf2de16bf97b57,95.0,3,1786606738725,2026-08-13T14:38:58.725,1,1
7562,588aca26ed1bfc095abf2de16bf97b57,95.0,3,1786606739724,2026-08-13T14:38:59.724,1,1
7563,588aca26ed1bfc095abf2de16bf97b57,95.0,3,1786606740732,2026-08-13T14:39:00.732,1,1
7564,588aca26ed1bfc095abf2de16bf97b57,96.0,3,1786606741724,2026-08-13T14:39:01.724,1,1
7565,588aca26ed1bfc095abf2de16bf97b57,96.0,3,1786606742724,2026-08-13T14:39:02.724,1,1
7566,588aca26ed1bfc095abf2de16bf97b57,96.0,3,1786606743724,2026-08-13T14:39:03.724,1,1
7567,588aca26ed1bfc095abf2de16bf97b57,95.0,3,1786606744724,2026-08-13T14:39:04.724,1,1
7568,588aca26ed1bfc095abf2de16bf97b57,94.0,3,1786606745725,2026-08-13T14:39:05.725,1,1
7569,588aca26ed1bfc095abf2de16bf97b57,94.0,3,1786606746724,2026-08-13T14:39:06.724,0,1
7570,588aca26ed1bfc095abf2de16bf97b57,93.0,3,1786606747724,2026-08-13T14:39:07.724,0,1
7571,588aca26ed1bfc095abf2de16bf97b57,93.0,3,1786606748724,2026-08-13T14:39:08.724,0,1
