id,device_id,record_id,bpm,accuracy,time_ms,time_iso
18,bc2c14bd2bf7551f5633c01663847239,18,90.0,3,1786545425500,2026-08-12T21:37:05.500
19,bc2c14bd2bf7551f5633c01663847239,19,90.0,3,1786545426501,2026-08-12T21:37:06.501
20,bc2c14bd2bf7551f5633c01663847239,20,91.0,3,1786545427500,2026-08-12T21:37:07.500
21,bc2c14bd2bf7551f5633c01663847239,21,90.0,3,1786545428501,2026-08-12T21:37:08.501
22,bc2c14bd2bf7551f5633c01663847239,22,90.0,3,1786545429500,2026-08-12T21:37:09.500
23,bc2c14bd2bf7551f5633c01663847239,23,91.0,3,1786545430500,2026-08-12T21:37:10.500
24,bc2c14bd2bf7551f5633c01663847239,24,92.0,3,1786545431500,2026-08-12T21:37:11.500
25,bc2c14bd2bf7551f5633c01663847239,25,93.0,3,1786545432500,2026-08-12T21:37:12.500
26,bc2c14bd2bf7551f5633c01663847239,26,94.0,3,1786545433500,2026-08-12T21:37:13.500
27,bc2c14bd2bf7551f5633c01663847239,27,94.0,3,1786545434500,2026-08-12T21:37:14.500
28,bc2c14bd2bf7551f5633c01663847239,28,94.0,3,1786545435500,2026-08-12T21:37:15.500
29,bc2c14bd2bf7551f5633c01663847239,29,95.0,3,1786545436500,2026-08-12T21:37:16.500
30,bc2c14bd2bf7551f5633c01663847239,30,95.0,3,1786545437510,2026-08-12T21:37:17.510
31,bc2c14bd2bf7551f5633c01663847239,31,95.0,3,1786545438502,2026-08-12T21:37:18.502
32,bc2c14bd2bf7551f5633c01663847239,32,96.0,3,1786545439505,2026-08-12T21:37:19.505
33,bc2c14bd2bf7551f5633c01663847239,33,95.0,3,1786545440501,2026-08-12T21:37:20.501
34,bc2c14bd2bf7551f5633c01663847239,34,95.0,3,1786545441504,2026-08-12T21:37:21.504
35,bc2c14bd2bf7551f5633c01663847239,35,96.0,3,1786545442500,2026-08-12T21:37:22.500
36,bc2c14bd2bf7551f5633c01663847239,36,96.0,3,1786545443501,2026-08-12T21:37:23.501
37,bc2c14bd2bf7551f5633c01663847239,37,96.0,3,1786545444500,2026-08-12T21:37:24.500
38,bc2c14bd2bf7551f5633c01663847239,38,96.0,3,1786545445500,2026-08-12T21:37:25.500
39,bc2c14bd2bf7551f5633c01663847239,39,95.0,3,1786545446502,2026-08-12T21:37:26.502
40,bc2c14bd2bf7551f5633c01663847239,40,96.0,3,1786545447501,2026-08-12T21:37:27.501
41,bc2c14bd2bf7551f5633c01663847239,41,96.0,3,1786545448500,2026-08-12T21:37:28.500
42,bc2c14bd2bf7551f5633c01663847239,42,97.0,3,1786545449500,2026-08-12T21:37:29.500
43,bc2c14bd2bf7551f5633c01663847239,43,97.0,3,1786545450500,2026-08-12T21:37:30.500
44,bc2c14bd2bf7551f5633c01663847239,44,98.0,3,1786545451500,2026-08-12T21:37:31.500
45,bc2c14bd2bf7551f5633c01663847239,45,99.0,3,1786545452500,2026-08-12T21:37:32.500
46,bc2c14bd2bf7551f5633c01663847239,46,98.0,3,1786545453501,2026-08-12T21:37:33.501
47,bc2c14bd2bf7551f5633c01663847239,47,97.0,3,1786545454500,2026-08-12T21:37:34.500
48,bc2c14bd2bf7551f5633c01663847239,48,96.0,3,1786545455500,2026-08-12T21:37:35.500
49,bc2c14bd2bf7551f5633c01663847239,49,96.0,3,1786545456504,2026-08-12T21:37:36.504
50,bc2c14bd2bf7551f5633c01663847239,50,96.0,3,1786545457503,2026-08-12T21:37:37.503
51,bc2c14bd2bf7551f5633c01663847239,51,96.0,3,1786545458510,2026-08-12T21:37:38.510
52,bc2c14bd2bf7551f5633c01663847239,52,98.0,3,1786545459510,2026-08-12T21:37:39.510
53,bc2c14bd2bf7551f5633c01663847239,53,98.0,3,1786545460505,2026-08-12T21:37:40.505
54,bc2c14bd2bf7551f5633c01663847239,54,97.0,3,1786545461506,2026-08-12T21:37:41.506
55,bc2c14bd2bf7551f5633c01663847239,55,97.0,3,1786545462500,2026-08-12T21:37:42.500
56,bc2c14bd2bf7551f5633c01663847239,56,97.0,3,1786545463502,2026-08-12T21:37:43.502
57,bc2c14bd2bf7551f5633c01663847239,57,96.0,3,1786545464502,2026-08-12T21:37:44.502
58,bc2c14bd2bf7551f5633c01663847239,58,96.0,3,1786545465502,2026-08-12T21:37:45.502
59,bc2c14bd2bf7551f5633c01663847239,59,96.0,3,1786545466503,2026-08-12T21:37:46.503
60,bc2c14bd2bf7551f5633c01663847239,60,96.0,3,1786545467503,2026-08-12T21:37:47.503
61,bc2c14bd2bf7551f5633c01663847239,61,96.0,3,1786545468503,2026-08-12T21:37:48.503
62,bc2c14bd2bf7551f5633c01663847239,62,95.0,3,1786545469503,2026-08-12T21:37:49.503
63,bc2c14bd2bf7551f5633c01663847239,63,95.0,3,1786545470503,2026-08-12T21:37:50.503
64,bc2c14bd2bf7551f5633c01663847239,64,95.0,3,1786545471502,2026-08-12T21:37:51.502
65,bc2c14bd2bf7551f5633c01663847239,65,94.0,3,1786545472502,2026-08-12T21:37:52.502
66,bc2c14bd2bf7551f5633c01663847239,66,93.0,3,1786545473500,2026-08-12T21:37:53.500
67,bc2c14bd2bf7551f5633c01663847239,67,92.0,3,1786545474500,2026-08-12T21:37:54.500
68,bc2c14bd2bf7551f5633c01663847239,68,92.0,3,1786545475500,2026-08-12T21:37:55.500
69,bc2c14bd2bf7551f5633c01663847239,69,93.0,3,1786545476504,2026-08-12T21:37:56.504
70,bc2c14bd2bf7551f5633c01663847239,70,92.0,3,1786545477503,2026-08-12T21:37:57.503
71,bc2c14bd2bf7551f5633c01663847239,71,92.0,3,1786545478501,2026-08-12T21:37:58.501
72,bc2c14bd2bf7551f5633c01663847239,72,92.0,3,1786545479506,2026-08-12T21:37:59.506
73,bc2c14bd2bf7551f5633c01663847239,73,93.0,3,1786545480506,2026-08-12T21:38:00.506
74,bc2c14bd2bf7551f5633c01663847239,74,93.0,3,1786545481504,2026-08-12T21:38:01.504
75,bc2c14bd2bf7551f5633c01663847239,75,93.0,3,1786545482502,2026-08-12T21:38:02.502
76,bc2c14bd2bf7551f5633c01663847239,76,93.0,3,1786545483501,2026-08-12T21:38:03.501
77,bc2c14bd2bf7551f5633c01663847239,77,92.0,3,1786545484500,2026-08-12T21:38:04.500
78,bc2c14bd2bf7551f5633c01663847239,78,91.0,3,1786545485500,2026-08-12T21:38:05.500
79,bc2c14bd2bf7551f5633c01663847239,79,91.0,3,1786545486500,2026-08-12T21:38:06.500
80,bc2c14bd2bf7551f5633c01663847239,80,91.0,3,1786545487500,2026-08-12T21:38:07.500
81,bc2c14bd2bf7551f5633c01663847239,81,91.0,3,1786545488501,2026-08-12T21:38:08.501
82,bc2c14bd2bf7551f5633c01663847239,82,91.0,3,1786545489501,2026-08-12T21:38:09.501
83,bc2c14bd2bf7551f5633c01663847239,83,91.0,3,1786545490503,2026-08-12T21:38:10.503
84,bc2c14bd2bf7551f5633c01663847239,84,90.0,3,1786545491502,2026-08-12T21:38:11.502
85,bc2c14bd2bf7551f5633c01663847239,85,90.0,3,1786545492502,2026-08-12T21:38:12.502
86,bc2c14bd2bf7551f5633c01663847239,86,89.0,3,1786545493500,2026-08-12T21:38:13.500
87,bc2c14bd2bf7551f5633c01663847239,87,89.0,3,1786545494501,2026-08-12T21:38:14.501
88,bc2c14bd2bf7551f5633c01663847239,88,89.0,3,1786545495500,2026-08-12T21:38:15.500
89,bc2c14bd2bf7551f5633c01663847239,89,89.0,3,1786545496501,2026-08-12T21:38:16.501
90,bc2c14bd2bf7551f5633c01663847239,90,89.0,3,1786545497500,2026-08-12T21:38:17.500
91,bc2c14bd2bf7551f5633c01663847239,91,90.0,3,1786545498504,2026-08-12T21:38:18.504
92,bc2c14bd2bf7551f5633c01663847239,92,89.0,3,1786545499500,2026-08-12T21:38:19.500
93,bc2c14bd2bf7551f5633c01663847239,93,89.0,3,1786545500500,2026-08-12T21:38:20.500
94,bc2c14bd2bf7551f5633c01663847239,94,90.0,3,1786545501511,2026-08-12T21:38:21.511
95,bc2c14bd2bf7551f5633c01663847239,95,91.0,3,1786545502508,2026-08-12T21:38:22.508
96,bc2c14bd2bf7551f5633c01663847239,96,92.0,3,1786545503507,2026-08-12T21:38:23.507
97,bc2c14bd2bf7551f5633c01663847239,97,93.0,3,1786545504504,2026-08-12T21:38:24.504
98,bc2c14bd2bf7551f5633c01663847239,98,94.0,3,1786545505505,2026-08-12T21:38:25.505
99,bc2c14bd2bf7551f5633c01663847239,99,95.0,3,1786545506503,2026-08-12T21:38:26.503
100,bc2c14bd2bf7551f5633c01663847239,100,96.0,3,1786545507500,2026-08-12T21:38:27.500
101,bc2c14bd2bf7551f5633c01663847239,101,94.0,3,1786545508500,2026-08-12T21:38:28.500
102,bc2c14bd2bf7551f5633c01663847239,102,93.0,3,1786545509501,2026-08-12T21:38:29.501
103,bc2c14bd2bf7551f5633c01663847239,103,93.0,3,1786545510500,2026-08-12T21:38:30.500
104,bc2c14bd2bf7551f5633c01663847239,104,93.0,3,1786545511500,2026-08-12T21:38:31.500
105,bc2c14bd2bf7551f5633c01663847239,105,93.0,3,1786545512502,2026-08-12T21:38:32.502
106,bc2c14bd2bf7551f5633c01663847239,106,93.0,3,1786545513501,2026-08-12T21:38:33.501
107,bc2c14bd2bf7551f5633c01663847239,107,94.0,3,1786545514500,2026-08-12T21:38:34.500
108,bc2c14bd2bf7551f5633c01663847239,108,94.0,3,1786545515502,2026-08-12T21:38:35.502
109,bc2c14bd2bf7551f5633c01663847239,109,94.0,3,1786545516500,2026-08-12T21:38:36.500
110,bc2c14bd2bf7551f5633c01663847239,110,94.0,3,1786545517503,2026-08-12T21:38:37.503
111,bc2c14bd2bf7551f5633c01663847239,111,94.0,3,1786545518500,2026-08-12T21:38:38.500
112,bc2c14bd2bf7551f5633c01663847239,112,94.0,3,1786545519500,2026-08-12T21:38:39.500
113,bc2c14bd2bf7551f5633c01663847239,113,94.0,3,1786545520507,2026-08-12T21:38:40.507
114,bc2c14bd2bf7551f5633c01663847239,114,95.0,3,1786545521506,2026-08-12T21:38:41.506
115,bc2c14bd2bf7551f5633c01663847239,115,95.0,3,1786545522504,2026-08-12T21:38:42.504
116,bc2c14bd2bf7551f5633c01663847239,116,95.0,3,1786545523502,2026-08-12T21:38:43.502
117,bc2c14bd2bf7551f5633c01663847239,117,95.0,3,1786545524503,2026-08-12T21:38:44.503
118,bc2c14bd2bf7551f5633c01663847239,118,95.0,3,1786545525501,2026-08-12T21:38:45.501
119,bc2c14bd2bf7551f5633c01663847239,119,96.0,3,1786545526500,2026-08-12T21:38:46.500
120,bc2c14bd2bf7551f5633c01663847239,120,96.0,3,1786545527500,2026-08-12T21:38:47.500
121,bc2c14bd2bf7551f5633c01663847239,121,97.0,3,1786545528500,2026-08-12T21:38:48.500
122,bc2c14bd2bf7551f5633c01663847239,122,98.0,3,1786545529500,2026-08-12T21:38:49.500
123,bc2c14bd2bf7551f5633c01663847239,123,99.0,3,1786545530501,2026-08-12T21:38:50.501
124,bc2c14bd2bf7551f5633c01663847239,124,98.0,3,1786545531500,2026-08-12T21:38:51.500
125,bc2c14bd2bf7551f5633c01663847239,125,97.0,3,1786545532501,2026-08-12T21:38:52.501
126,bc2c14bd2bf7551f5633c01663847239,126,96.0,3,1786545533500,2026-08-12T21:38:53.500
127,bc2c14bd2bf7551f5633c01663847239,127,95.0,3,1786545534505,2026-08-12T21:38:54.505
128,bc2c14bd2bf7551f5633c01663847239,128,95.0,3,1786545535503,2026-08-12T21:38:55.503
129,bc2c14bd2bf7551f5633c01663847239,129,95.0,3,1786545536503,2026-08-12T21:38:56.503
130,bc2c14bd2bf7551f5633c01663847239,130,94.0,3,1786545537503,2026-08-12T21:38:57.503
131,bc2c14bd2bf7551f5633c01663847239,131,94.0,3,1786545538502,2026-08-12T21:38:58.502
132,bc2c14bd2bf7551f5633c01663847239,132,94.0,3,1786545539502,2026-08-12T21:38:59.502
133,bc2c14bd2bf7551f5633c01663847239,133,94.0,3,1786545540502,2026-08-12T21:39:00.502
134,bc2c14bd2bf7551f5633c01663847239,134,93.0,3,1786545541503,2026-08-12T21:39:01.503
135,bc2c14bd2bf7551f5633c01663847239,135,92.0,3,1786545542503,2026-08-12T21:39:02.503
136,bc2c14bd2bf7551f5633c01663847239,136,92.0,3,1786545543502,2026-08-12T21:39:03.502
137,bc2c14bd2bf7551f5633c01663847239,137,91.0,3,1786545544503,2026-08-12T21:39:04.503
138,bc2c14bd2bf7551f5633c01663847239,138,91.0,3,1786545545503,2026-08-12T21:39:05.503
139,bc2c14bd2bf7551f5633c01663847239,139,91.0,3,1786545546503,2026-08-12T21:39:06.503
140,bc2c14bd2bf7551f5633c01663847239,140,91.0,3,1786545547503,2026-08-12T21:39:07.503
141,bc2c14bd2bf7551f5633c01663847239,141,91.0,3,1786545548503,2026-08-12T21:39:08.503
142,bc2c14bd2bf7551f5633c01663847239,142,91.0,3,1786545549503,2026-08-12T21:39:09.503
143,bc2c14bd2bf7551f5633c01663847239,143,91.0,3,1786545550503,2026-08-12T21:39:10.503
144,bc2c14bd2bf7551f5633c01663847239,144,91.0,3,1786545551503,2026-08-12T21:39:11.503
145,bc2c14bd2bf7551f5633c01663847239,145,92.0,3,1786545552503,2026-08-12T21:39:12.503
146,bc2c14bd2bf7551f5633c01663847239,146,91.0,3,1786545553502,2026-08-12T21:39:13.502
147,bc2c14bd2bf7551f5633c01663847239,147,92.0,3,1786545554503,2026-08-12T21:39:14.503
148,bc2c14bd2bf7551f5633c01663847239,148,93.0,3,1786545555500,2026-08-12T21:39:15.500
149,bc2c14bd2bf7551f5633c01663847239,149,93.0,3,1786545556504,2026-08-12T21:39:16.504
150,bc2c14bd2bf7551f5633c01663847239,150,94.0,3,1786545557502,2026-08-12T21:39:17.502
151,bc2c14bd2bf7551f5633c01663847239,151,95.0,3,1786545558504,2026-08-12T21:39:18.504
152,bc2c14bd2bf7551f5633c01663847239,152,96.0,3,1786545559504,2026-08-12T21:39:19.504
153,bc2c14bd2bf7551f5633c01663847239,153,96.0,3,1786545560506,2026-08-12T21:39:20.506
154,bc2c14bd2bf7551f5633c01663847239,154,97.0,3,1786545561504,2026-08-12T21:39:21.504
155,bc2c14bd2bf7551f5633c01663847239,155,98.0,3,1786545562504,2026-08-12T21:39:22.504
156,bc2c14bd2bf7551f5633c01663847239,156,99.0,3,1786545563502,2026-08-12T21:39:23.502
157,bc2c14bd2bf7551f5633c01663847239,157,99.0,3,1786545564500,2026-08-12T21:39:24.500
158,bc2c14bd2bf7551f5633c01663847239,158,99.0,3,1786545565500,2026-08-12T21:39:25.500
159,bc2c14bd2bf7551f5633c01663847239,159,98.0,3,1786545566500,2026-08-12T21:39:26.500
160,bc2c14bd2bf7551f5633c01663847239,160,98.0,3,1786545567500,2026-08-12T21:39:27.500
161,bc2c14bd2bf7551f5633c01663847239,161,97.0,3,1786545568500,2026-08-12T21:39:28.500
162,bc2c14bd2bf7551f5633c01663847239,162,97.0,3,1786545569501,2026-08-12T21:39:29.501
163,bc2c14bd2bf7551f5633c01663847239,163,96.0,3,1786545570500,2026-08-12T21:39:30.500
164,bc2c14bd2bf7551f5633c01663847239,164,96.0,3,1786545571500,2026-08-12T21:39:31.500
165,bc2c14bd2bf7551f5633c01663847239,165,96.0,3,1786545572502,2026-08-12T21:39:32.502
166,bc2c14bd2bf7551f5633c01663847239,166,96.0,3,1786545573500,2026-08-12T21:39:33.500
167,bc2c14bd2bf7551f5633c01663847239,167,96.0,3,1786545574500,2026-08-12T21:39:34.500
168,bc2c14bd2bf7551f5633c01663847239,168,96.0,3,1786545575501,2026-08-12T21:39:35.501
169,bc2c14bd2bf7551f5633c01663847239,169,96.0,3,1786545576500,2026-08-12T21:39:36.500
170,bc2c14bd2bf7551f5633c01663847239,170,96.0,3,1786545577500,2026-08-12T21:39:37.500
171,bc2c14bd2bf7551f5633c01663847239,171,97.0,3,1786545578500,2026-08-12T21:39:38.500
172,bc2c14bd2bf7551f5633c01663847239,172,97.0,3,1786545579500,2026-08-12T21:39:39.500
173,bc2c14bd2bf7551f5633c01663847239,173,98.0,3,1786545580500,2026-08-12T21:39:40.500
174,bc2c14bd2bf7551f5633c01663847239,174,97.0,3,1786545581500,2026-08-12T21:39:41.500
175,bc2c14bd2bf7551f5633c01663847239,175,97.0,3,1786545582501,2026-08-12T21:39:42.501
176,bc2c14bd2bf7551f5633c01663847239,176,96.0,3,1786545583500,2026-08-12T21:39:43.500
177,bc2c14bd2bf7551f5633c01663847239,177,95.0,3,1786545584500,2026-08-12T21:39:44.500
178,bc2c14bd2bf7551f5633c01663847239,178,95.0,3,1786545585500,2026-08-12T21:39:45.500
179,bc2c14bd2bf7551f5633c01663847239,179,95.0,3,1786545586500,2026-08-12T21:39:46.500
180,bc2c14bd2bf7551f5633c01663847239,180,94.0,3,1786545587502,2026-08-12T21:39:47.502
181,bc2c14bd2bf7551f5633c01663847239,181,94.0,3,1786545588503,2026-08-12T21:39:48.503
182,bc2c14bd2bf7551f5633c01663847239,182,94.0,3,1786545589503,2026-08-12T21:39:49.503
183,bc2c14bd2bf7551f5633c01663847239,183,94.0,3,1786545590508,2026-08-12T21:39:50.508
184,bc2c14bd2bf7551f5633c01663847239,184,94.0,3,1786545591509,2026-08-12T21:39:51.509
185,bc2c14bd2bf7551f5633c01663847239,185,94.0,3,1786545592505,2026-08-12T21:39:52.505
186,bc2c14bd2bf7551f5633c01663847239,186,95.0,3,1786545593500,2026-08-12T21:39:53.500
187,bc2c14bd2bf7551f5633c01663847239,187,95.0,3,1786545594507,2026-08-12T21:39:54.507
188,bc2c14bd2bf7551f5633c01663847239,188,96.0,3,1786545595506,2026-08-12T21:39:55.506
189,bc2c14bd2bf7551f5633c01663847239,189,97.0,3,1786545596505,2026-08-12T21:39:56.505
190,bc2c14bd2bf7551f5633c01663847239,190,97.0,3,1786545597504,2026-08-12T21:39:57.504
191,bc2c14bd2bf7551f5633c01663847239,191,98.0,3,1786545598500,2026-08-12T21:39:58.500
192,bc2c14bd2bf7551f5633c01663847239,192,98.0,3,1786545599500,2026-08-12T21:39:59.500
193,bc2c14bd2bf7551f5633c01663847239,193,98.0,3,1786545600502,2026-08-12T21:40:00.502
194,bc2c14bd2bf7551f5633c01663847239,194,98.0,3,1786545601501,2026-08-12T21:40:01.501
195,bc2c14bd2bf7551f5633c01663847239,195,97.0,3,1786545602501,2026-08-12T21:40:02.501
196,bc2c14bd2bf7551f5633c01663847239,196,97.0,3,1786545603500,2026-08-12T21:40:03.500
197,bc2c14bd2bf7551f5633c01663847239,197,96.0,3,1786545604500,2026-08-12T21:40:04.500
198,bc2c14bd2bf7551f5633c01663847239,198,95.0,3,1786545605500,2026-08-12T21:40:05.500
199,bc2c14bd2bf7551f5633c01663847239,199,94.0,3,1786545606501,2026-08-12T21:40:06.501
200,bc2c14bd2bf7551f5633c01663847239,200,94.0,3,1786545607501,2026-08-12T21:40:07.501
201,bc2c14bd2bf7551f5633c01663847239,201,93.0,3,1786545608502,2026-08-12T21:40:08.502
202,bc2c14bd2bf7551f5633c01663847239,202,92.0,3,1786545609503,2026-08-12T21:40:09.503
203,bc2c14bd2bf7551f5633c01663847239,203,92.0,3,1786545610503,2026-08-12T21:40:10.503
204,bc2c14bd2bf7551f5633c01663847239,204,91.0,3,1786545611503,2026-08-12T21:40:11.503
205,bc2c14bd2bf7551f5633c01663847239,205,92.0,3,1786545612505,2026-08-12T21:40:12.505
206,bc2c14bd2bf7551f5633c01663847239,206,93.0,3,1786545613502,2026-08-12T21:40:13.502
207,bc2c14bd2bf7551f5633c01663847239,207,94.0,3,1786545614501,2026-08-12T21:40:14.501
208,bc2c14bd2bf7551f5633c01663847239,208,96.0,3,1786545615501,2026-08-12T21:40:15.501
209,bc2c14bd2bf7551f5633c01663847239,209,98.0,3,1786545616501,2026-08-12T21:40:16.501
210,bc2c14bd2bf7551f5633c01663847239,210,99.0,3,1786545617500,2026-08-12T21:40:17.500
211,bc2c14bd2bf7551f5633c01663847239,211,101.0,3,1786545618500,2026-08-12T21:40:18.500
212,bc2c14bd2bf7551f5633c01663847239,212,102.0,3,1786545619501,2026-08-12T21:40:19.501
213,bc2c14bd2bf7551f5633c01663847239,213,103.0,3,1786545620503,2026-08-12T21:40:20.503
214,bc2c14bd2bf7551f5633c01663847239,214,104.0,3,1786545621502,2026-08-12T21:40:21.502
215,bc2c14bd2bf7551f5633c01663847239,215,104.0,3,1786545622503,2026-08-12T21:40:22.503
216,bc2c14bd2bf7551f5633c01663847239,216,103.0,3,1786545623503,2026-08-12T21:40:23.503
217,bc2c14bd2bf7551f5633c01663847239,217,103.0,3,1786545624502,2026-08-12T21:40:24.502
218,bc2c14bd2bf7551f5633c01663847239,218,102.0,3,1786545625503,2026-08-12T21:40:25.503
219,bc2c14bd2bf7551f5633c01663847239,219,101.0,3,1786545626502,2026-08-12T21:40:26.502
220,bc2c14bd2bf7551f5633c01663847239,220,100.0,3,1786545627502,2026-08-12T21:40:27.502
221,bc2c14bd2bf7551f5633c01663847239,221,99.0,3,1786545628502,2026-08-12T21:40:28.502
222,bc2c14bd2bf7551f5633c01663847239,222,97.0,3,1786545629502,2026-08-12T21:40:29.502
223,bc2c14bd2bf7551f5633c01663847239,223,95.0,3,1786545630502,2026-08-12T21:40:30.502
224,bc2c14bd2bf7551f5633c01663847239,224,95.0,3,1786545631503,2026-08-12T21:40:31.503
225,bc2c14bd2bf7551f5633c01663847239,225,95.0,3,1786545632503,2026-08-12T21:40:32.503
226,bc2c14bd2bf7551f5633c01663847239,226,95.0,3,1786545633503,2026-08-12T21:40:33.503
227,bc2c14bd2bf7551f5633c01663847239,227,95.0,3,1786545634503,2026-08-12T21:40:34.503
228,bc2c14bd2bf7551f5633c01663847239,228,94.0,3,1786545635502,2026-08-12T21:40:35.502
229,bc2c14bd2bf7551f5633c01663847239,229,93.0,3,1786545636503,2026-08-12T21:40:36.503
230,bc2c14bd2bf7551f5633c01663847239,230,93.0,3,1786545637502,2026-08-12T21:40:37.502
231,bc2c14bd2bf7551f5633c01663847239,231,93.0,3,1786545638503,2026-08-12T21:40:38.503
232,bc2c14bd2bf7551f5633c01663847239,232,94.0,3,1786545639504,2026-08-12T21:40:39.504
233,bc2c14bd2bf7551f5633c01663847239,233,95.0,3,1786545640503,2026-08-12T21:40:40.503
234,bc2c14bd2bf7551f5633c01663847239,234,95.0,3,1786545641503,2026-08-12T21:40:41.503
235,bc2c14bd2bf7551f5633c01663847239,235,95.0,3,1786545642503,2026-08-12T21:40:42.503
236,bc2c14bd2bf7551f5633c01663847239,236,95.0,3,1786545643503,2026-08-12T21:40:43.503
237,bc2c14bd2bf7551f5633c01663847239,237,94.0,3,1786545644503,2026-08-12T21:40:44.503
238,bc2c14bd2bf7551f5633c01663847239,238,94.0,3,1786545645503,2026-08-12T21:40:45.503
239,bc2c14bd2bf7551f5633c01663847239,239,94.0,3,1786545646503,2026-08-12T21:40:46.503
240,bc2c14bd2bf7551f5633c01663847239,240,94.0,3,1786545647503,2026-08-12T21:40:47.503
241,bc2c14bd2bf7551f5633c01663847239,241,94.0,3,1786545648503,2026-08-12T21:40:48.503
242,bc2c14bd2bf7551f5633c01663847239,242,94.0,3,1786545649609,2026-08-12T21:40:49.609
243,bc2c14bd2bf7551f5633c01663847239,243,95.0,3,1786545650511,2026-08-12T21:40:50.511
244,bc2c14bd2bf7551f5633c01663847239,244,94.0,3,1786545651500,2026-08-12T21:40:51.500
245,bc2c14bd2bf7551f5633c01663847239,245,93.0,3,1786545652505,2026-08-12T21:40:52.505
246,bc2c14bd2bf7551f5633c01663847239,246,93.0,3,1786545653500,2026-08-12T21:40:53.500
247,bc2c14bd2bf7551f5633c01663847239,247,93.0,3,1786545654506,2026-08-12T21:40:54.506
248,bc2c14bd2bf7551f5633c01663847239,248,93.0,3,1786545655502,2026-08-12T21:40:55.502
249,bc2c14bd2bf7551f5633c01663847239,249,94.0,3,1786545656510,2026-08-12T21:40:56.510
250,bc2c14bd2bf7551f5633c01663847239,250,95.0,3,1786545657506,2026-08-12T21:40:57.506
251,bc2c14bd2bf7551f5633c01663847239,251,95.0,3,1786545658504,2026-08-12T21:40:58.504
252,bc2c14bd2bf7551f5633c01663847239,252,96.0,3,1786545659502,2026-08-12T21:40:59.502
253,bc2c14bd2bf7551f5633c01663847239,253,96.0,3,1786545660500,2026-08-12T21:41:00.500
254,bc2c14bd2bf7551f5633c01663847239,254,96.0,3,1786545661500,2026-08-12T21:41:01.500
255,bc2c14bd2bf7551f5633c01663847239,255,96.0,3,1786545662500,2026-08-12T21:41:02.500
256,bc2c14bd2bf7551f5633c01663847239,256,95.0,3,1786545663500,2026-08-12T21:41:03.500
257,bc2c14bd2bf7551f5633c01663847239,257,94.0,3,1786545664500,2026-08-12T21:41:04.500
258,bc2c14bd2bf7551f5633c01663847239,258,93.0,3,1786545665500,2026-08-12T21:41:05.500
259,bc2c14bd2bf7551f5633c01663847239,259,93.0,3,1786545666500,2026-08-12T21:41:06.500
260,bc2c14bd2bf7551f5633c01663847239,260,93.0,3,1786545667500,2026-08-12T21:41:07.500
261,bc2c14bd2bf7551f5633c01663847239,261,94.0,3,1786545668501,2026-08-12T21:41:08.501
262,bc2c14bd2bf7551f5633c01663847239,262,93.0,3,1786545669501,2026-08-12T21:41:09.501
263,bc2c14bd2bf7551f5633c01663847239,263,93.0,3,1786545670503,2026-08-12T21:41:10.503
264,bc2c14bd2bf7551f5633c01663847239,264,92.0,3,1786545671513,2026-08-12T21:41:11.513
265,bc2c14bd2bf7551f5633c01663847239,265,91.0,3,1786545672502,2026-08-12T21:41:12.502
266,bc2c14bd2bf7551f5633c01663847239,266,90.0,3,1786545673501,2026-08-12T21:41:13.501
267,bc2c14bd2bf7551f5633c01663847239,267,89.0,3,1786545674501,2026-08-12T21:41:14.501
268,bc2c14bd2bf7551f5633c01663847239,268,89.0,3,1786545675500,2026-08-12T21:41:15.500
269,bc2c14bd2bf7551f5633c01663847239,269,90.0,3,1786545676502,2026-08-12T21:41:16.502
270,bc2c14bd2bf7551f5633c01663847239,270,90.0,3,1786545677501,2026-08-12T21:41:17.501
271,bc2c14bd2bf7551f5633c01663847239,271,90.0,3,1786545678500,2026-08-12T21:41:18.500
272,bc2c14bd2bf7551f5633c01663847239,272,90.0,3,1786545679500,2026-08-12T21:41:19.500
273,bc2c14bd2bf7551f5633c01663847239,273,91.0,3,1786545680500,2026-08-12T21:41:20.500
274,bc2c14bd2bf7551f5633c01663847239,274,92.0,3,1786545681500,2026-08-12T21:41:21.500
275,bc2c14bd2bf7551f5633c01663847239,275,92.0,3,1786545682500,2026-08-12T21:41:22.500
276,bc2c14bd2bf7551f5633c01663847239,276,93.0,3,1786545683500,2026-08-12T21:41:23.500
277,bc2c14bd2bf7551f5633c01663847239,277,93.0,3,1786545684500,2026-08-12T21:41:24.500
278,bc2c14bd2bf7551f5633c01663847239,278,94.0,3,1786545685500,2026-08-12T21:41:25.500
279,bc2c14bd2bf7551f5633c01663847239,279,94.0,3,1786545686500,2026-08-12T21:41:26.500
280,bc2c14bd2bf7551f5633c01663847239,280,94.0,3,1786545687500,2026-08-12T21:41:27.500
281,bc2c14bd2bf7551f5633c01663847239,281,94.0,3,1786545688500,2026-08-12T21:41:28.500
282,bc2c14bd2bf7551f5633c01663847239,282,94.0,3,1786545689510,2026-08-12T21:41:29.510
283,bc2c14bd2bf7551f5633c01663847239,283,93.0,3,1786545690509,2026-08-12T21:41:30.509
284,bc2c14bd2bf7551f5633c01663847239,284,93.0,3,1786545691508,2026-08-12T21:41:31.508
285,bc2c14bd2bf7551f5633c01663847239,285,93.0,3,1786545692504,2026-08-12T21:41:32.504
286,bc2c14bd2bf7551f5633c01663847239,286,93.0,3,1786545693506,2026-08-12T21:41:33.506
287,bc2c14bd2bf7551f5633c01663847239,287,92.0,3,1786545694503,2026-08-12T21:41:34.503
288,bc2c14bd2bf7551f5633c01663847239,288,92.0,3,1786545695501,2026-08-12T21:41:35.501
289,bc2c14bd2bf7551f5633c01663847239,289,92.0,3,1786545696500,2026-08-12T21:41:36.500
290,bc2c14bd2bf7551f5633c01663847239,290,91.0,3,1786545697500,2026-08-12T21:41:37.500
291,bc2c14bd2bf7551f5633c01663847239,291,91.0,3,1786545698501,2026-08-12T21:41:38.501
292,bc2c14bd2bf7551f5633c01663847239,292,90.0,3,1786545699501,2026-08-12T21:41:39.501
293,bc2c14bd2bf7551f5633c01663847239,293,91.0,3,1786545700501,2026-08-12T21:41:40.501
294,bc2c14bd2bf7551f5633c01663847239,294,92.0,3,1786545701502,2026-08-12T21:41:41.502
295,bc2c14bd2bf7551f5633c01663847239,295,93.0,3,1786545702500,2026-08-12T21:41:42.500
296,bc2c14bd2bf7551f5633c01663847239,296,93.0,3,1786545703500,2026-08-12T21:41:43.500
297,bc2c14bd2bf7551f5633c01663847239,297,94.0,3,1786545704501,2026-08-12T21:41:44.501
298,bc2c14bd2bf7551f5633c01663847239,298,93.0,3,1786545705500,2026-08-12T21:41:45.500
299,bc2c14bd2bf7551f5633c01663847239,299,92.0,3,1786545706501,2026-08-12T21:41:46.501
300,bc2c14bd2bf7551f5633c01663847239,300,92.0,3,1786545707500,2026-08-12T21:41:47.500
301,bc2c14bd2bf7551f5633c01663847239,301,92.0,3,1786545708500,2026-08-12T21:41:48.500
302,bc2c14bd2bf7551f5633c01663847239,302,91.0,3,1786545709500,2026-08-12T21:41:49.500
303,bc2c14bd2bf7551f5633c01663847239,303,91.0,3,1786545710500,2026-08-12T21:41:50.500
304,bc2c14bd2bf7551f5633c01663847239,304,92.0,3,1786545711501,2026-08-12T21:41:51.501
305,bc2c14bd2bf7551f5633c01663847239,305,92.0,3,1786545712501,2026-08-12T21:41:52.501
306,bc2c14bd2bf7551f5633c01663847239,306,91.0,3,1786545713514,2026-08-12T21:41:53.514
307,bc2c14bd2bf7551f5633c01663847239,307,92.0,3,1786545714501,2026-08-12T21:41:54.501
308,bc2c14bd2bf7551f5633c01663847239,308,93.0,3,1786545715500,2026-08-12T21:41:55.500
309,bc2c14bd2bf7551f5633c01663847239,309,94.0,3,1786545716502,2026-08-12T21:41:56.502
310,bc2c14bd2bf7551f5633c01663847239,310,94.0,3,1786545717502,2026-08-12T21:41:57.502
311,bc2c14bd2bf7551f5633c01663847239,311,95.0,3,1786545718502,2026-08-12T21:41:58.502
312,bc2c14bd2bf7551f5633c01663847239,312,95.0,3,1786545719500,2026-08-12T21:41:59.500
313,bc2c14bd2bf7551f5633c01663847239,313,96.0,3,1786545720501,2026-08-12T21:42:00.501
314,bc2c14bd2bf7551f5633c01663847239,314,97.0,3,1786545721500,2026-08-12T21:42:01.500
315,bc2c14bd2bf7551f5633c01663847239,315,98.0,3,1786545722500,2026-08-12T21:42:02.500
316,bc2c14bd2bf7551f5633c01663847239,316,99.0,3,1786545723502,2026-08-12T21:42:03.502
317,bc2c14bd2bf7551f5633c01663847239,317,98.0,3,1786545724502,2026-08-12T21:42:04.502
318,bc2c14bd2bf7551f5633c01663847239,318,96.0,3,1786545725502,2026-08-12T21:42:05.502
319,bc2c14bd2bf7551f5633c01663847239,319,94.0,3,1786545726503,2026-08-12T21:42:06.503
320,bc2c14bd2bf7551f5633c01663847239,320,93.0,3,1786545727503,2026-08-12T21:42:07.503
321,bc2c14bd2bf7551f5633c01663847239,321,93.0,3,1786545728504,2026-08-12T21:42:08.504
322,bc2c14bd2bf7551f5633c01663847239,322,94.0,3,1786545729511,2026-08-12T21:42:09.511
323,bc2c14bd2bf7551f5633c01663847239,323,93.0,3,1786545730500,2026-08-12T21:42:10.500
324,bc2c14bd2bf7551f5633c01663847239,324,92.0,3,1786545731500,2026-08-12T21:42:11.500
325,bc2c14bd2bf7551f5633c01663847239,325,93.0,3,1786545732500,2026-08-12T21:42:12.500
326,bc2c14bd2bf7551f5633c01663847239,326,94.0,3,1786545733501,2026-08-12T21:42:13.501
327,bc2c14bd2bf7551f5633c01663847239,327,94.0,3,1786545734500,2026-08-12T21:42:14.500
328,bc2c14bd2bf7551f5633c01663847239,328,95.0,3,1786545735500,2026-08-12T21:42:15.500
329,bc2c14bd2bf7551f5633c01663847239,329,96.0,3,1786545736503,2026-08-12T21:42:16.503
330,bc2c14bd2bf7551f5633c01663847239,330,96.0,3,1786545737502,2026-08-12T21:42:17.502
331,bc2c14bd2bf7551f5633c01663847239,331,96.0,3,1786545738503,2026-08-12T21:42:18.503
332,bc2c14bd2bf7551f5633c01663847239,332,97.0,3,1786545739500,2026-08-12T21:42:19.500
333,bc2c14bd2bf7551f5633c01663847239,333,98.0,3,1786545740500,2026-08-12T21:42:20.500
334,bc2c14bd2bf7551f5633c01663847239,334,98.0,3,1786545741500,2026-08-12T21:42:21.500
335,bc2c14bd2bf7551f5633c01663847239,335,98.0,3,1786545742501,2026-08-12T21:42:22.501
336,bc2c14bd2bf7551f5633c01663847239,336,99.0,3,1786545743500,2026-08-12T21:42:23.500
337,bc2c14bd2bf7551f5633c01663847239,337,98.0,3,1786545744500,2026-08-12T21:42:24.500
338,bc2c14bd2bf7551f5633c01663847239,338,97.0,3,1786545745500,2026-08-12T21:42:25.500
339,bc2c14bd2bf7551f5633c01663847239,339,96.0,3,1786545746500,2026-08-12T21:42:26.500
340,bc2c14bd2bf7551f5633c01663847239,340,95.0,3,1786545747501,2026-08-12T21:42:27.501
341,bc2c14bd2bf7551f5633c01663847239,341,95.0,3,1786545748500,2026-08-12T21:42:28.500
342,bc2c14bd2bf7551f5633c01663847239,342,95.0,3,1786545749501,2026-08-12T21:42:29.501
343,bc2c14bd2bf7551f5633c01663847239,343,95.0,3,1786545750511,2026-08-12T21:42:30.511
344,bc2c14bd2bf7551f5633c01663847239,344,95.0,3,1786545751508,2026-08-12T21:42:31.508
345,bc2c14bd2bf7551f5633c01663847239,345,94.0,3,1786545752507,2026-08-12T21:42:32.507
346,bc2c14bd2bf7551f5633c01663847239,346,94.0,3,1786545753506,2026-08-12T21:42:33.506
347,bc2c14bd2bf7551f5633c01663847239,347,93.0,3,1786545754508,2026-08-12T21:42:34.508
348,bc2c14bd2bf7551f5633c01663847239,348,93.0,3,1786545755508,2026-08-12T21:42:35.508
349,bc2c14bd2bf7551f5633c01663847239,349,94.0,3,1786545756508,2026-08-12T21:42:36.508
350,bc2c14bd2bf7551f5633c01663847239,350,96.0,3,1786545757504,2026-08-12T21:42:37.504
351,bc2c14bd2bf7551f5633c01663847239,351,97.0,3,1786545758506,2026-08-12T21:42:38.506
352,bc2c14bd2bf7551f5633c01663847239,352,98.0,3,1786545759500,2026-08-12T21:42:39.500
353,bc2c14bd2bf7551f5633c01663847239,353,98.0,3,1786545760505,2026-08-12T21:42:40.505
354,bc2c14bd2bf7551f5633c01663847239,354,98.0,3,1786545761506,2026-08-12T21:42:41.506
355,bc2c14bd2bf7551f5633c01663847239,355,100.0,3,1786545762502,2026-08-12T21:42:42.502
356,bc2c14bd2bf7551f5633c01663847239,356,101.0,3,1786545763502,2026-08-12T21:42:43.502
357,bc2c14bd2bf7551f5633c01663847239,357,103.0,3,1786545764503,2026-08-12T21:42:44.503
358,bc2c14bd2bf7551f5633c01663847239,358,105.0,3,1786545765504,2026-08-12T21:42:45.504
359,bc2c14bd2bf7551f5633c01663847239,359,106.0,3,1786545766501,2026-08-12T21:42:46.501
360,bc2c14bd2bf7551f5633c01663847239,360,107.0,3,1786545767502,2026-08-12T21:42:47.502
361,bc2c14bd2bf7551f5633c01663847239,361,109.0,3,1786545768500,2026-08-12T21:42:48.500
362,bc2c14bd2bf7551f5633c01663847239,362,111.0,3,1786545769502,2026-08-12T21:42:49.502
363,bc2c14bd2bf7551f5633c01663847239,363,113.0,3,1786545770503,2026-08-12T21:42:50.503
364,bc2c14bd2bf7551f5633c01663847239,364,116.0,3,1786545771500,2026-08-12T21:42:51.500
365,bc2c14bd2bf7551f5633c01663847239,365,117.0,3,1786545772516,2026-08-12T21:42:52.516
366,bc2c14bd2bf7551f5633c01663847239,366,116.0,3,1786545773516,2026-08-12T21:42:53.516
367,bc2c14bd2bf7551f5633c01663847239,367,113.0,3,1786545774513,2026-08-12T21:42:54.513
368,bc2c14bd2bf7551f5633c01663847239,368,112.0,3,1786545775517,2026-08-12T21:42:55.517
369,bc2c14bd2bf7551f5633c01663847239,369,112.0,3,1786545776512,2026-08-12T21:42:56.512
370,bc2c14bd2bf7551f5633c01663847239,370,110.0,3,1786545777520,2026-08-12T21:42:57.520
371,bc2c14bd2bf7551f5633c01663847239,371,109.0,3,1786545778514,2026-08-12T21:42:58.514
372,bc2c14bd2bf7551f5633c01663847239,372,109.0,3,1786545779509,2026-08-12T21:42:59.509
373,bc2c14bd2bf7551f5633c01663847239,373,107.0,3,1786545780503,2026-08-12T21:43:00.503
374,bc2c14bd2bf7551f5633c01663847239,374,106.0,3,1786545781504,2026-08-12T21:43:01.504
375,bc2c14bd2bf7551f5633c01663847239,375,106.0,3,1786545782504,2026-08-12T21:43:02.504
376,bc2c14bd2bf7551f5633c01663847239,376,107.0,3,1786545783506,2026-08-12T21:43:03.506
377,bc2c14bd2bf7551f5633c01663847239,377,106.0,3,1786545784505,2026-08-12T21:43:04.505
378,bc2c14bd2bf7551f5633c01663847239,378,105.0,3,1786545785505,2026-08-12T21:43:05.505
379,bc2c14bd2bf7551f5633c01663847239,379,104.0,3,1786545786501,2026-08-12T21:43:06.501
380,bc2c14bd2bf7551f5633c01663847239,380,102.0,3,1786545787501,2026-08-12T21:43:07.501
381,bc2c14bd2bf7551f5633c01663847239,381,100.0,3,1786545788501,2026-08-12T21:43:08.501
382,bc2c14bd2bf7551f5633c01663847239,382,98.0,3,1786545789502,2026-08-12T21:43:09.502
383,bc2c14bd2bf7551f5633c01663847239,383,97.0,3,1786545790500,2026-08-12T21:43:10.500
384,bc2c14bd2bf7551f5633c01663847239,384,97.0,3,1786545791500,2026-08-12T21:43:11.500
385,bc2c14bd2bf7551f5633c01663847239,385,98.0,3,1786545792500,2026-08-12T21:43:12.500
386,bc2c14bd2bf7551f5633c01663847239,386,99.0,3,1786545793501,2026-08-12T21:43:13.501
387,bc2c14bd2bf7551f5633c01663847239,387,100.0,3,1786545794501,2026-08-12T21:43:14.501
388,bc2c14bd2bf7551f5633c01663847239,388,100.0,3,1786545795501,2026-08-12T21:43:15.501
389,bc2c14bd2bf7551f5633c01663847239,389,100.0,3,1786545796501,2026-08-12T21:43:16.501
390,bc2c14bd2bf7551f5633c01663847239,390,101.0,3,1786545797500,2026-08-12T21:43:17.500
391,bc2c14bd2bf7551f5633c01663847239,391,102.0,3,1786545798500,2026-08-12T21:43:18.500
392,bc2c14bd2bf7551f5633c01663847239,392,102.0,3,1786545799500,2026-08-12T21:43:19.500
393,bc2c14bd2bf7551f5633c01663847239,393,103.0,3,1786545800501,2026-08-12T21:43:20.501
394,bc2c14bd2bf7551f5633c01663847239,394,104.0,3,1786545801502,2026-08-12T21:43:21.502
395,bc2c14bd2bf7551f5633c01663847239,395,105.0,3,1786545802501,2026-08-12T21:43:22.501
396,bc2c14bd2bf7551f5633c01663847239,396,106.0,3,1786545803502,2026-08-12T21:43:23.502
397,bc2c14bd2bf7551f5633c01663847239,397,107.0,3,1786545804500,2026-08-12T21:43:24.500
398,bc2c14bd2bf7551f5633c01663847239,398,108.0,3,1786545805500,2026-08-12T21:43:25.500
399,bc2c14bd2bf7551f5633c01663847239,399,108.0,3,1786545806502,2026-08-12T21:43:26.502
400,bc2c14bd2bf7551f5633c01663847239,400,108.0,3,1786545807501,2026-08-12T21:43:27.501
401,bc2c14bd2bf7551f5633c01663847239,401,108.0,3,1786545808501,2026-08-12T21:43:28.501
402,bc2c14bd2bf7551f5633c01663847239,402,106.0,3,1786545809500,2026-08-12T21:43:29.500
403,bc2c14bd2bf7551f5633c01663847239,403,106.0,3,1786545810501,2026-08-12T21:43:30.501
404,bc2c14bd2bf7551f5633c01663847239,404,104.0,3,1786545811501,2026-08-12T21:43:31.501
405,bc2c14bd2bf7551f5633c01663847239,405,103.0,3,1786545812502,2026-08-12T21:43:32.502
406,bc2c14bd2bf7551f5633c01663847239,406,103.0,3,1786545813501,2026-08-12T21:43:33.501
407,bc2c14bd2bf7551f5633c01663847239,407,103.0,3,1786545814500,2026-08-12T21:43:34.500
408,bc2c14bd2bf7551f5633c01663847239,408,103.0,3,1786545815501,2026-08-12T21:43:35.501
409,bc2c14bd2bf7551f5633c01663847239,409,104.0,3,1786545816500,2026-08-12T21:43:36.500
410,bc2c14bd2bf7551f5633c01663847239,410,105.0,3,1786545817501,2026-08-12T21:43:37.501
411,bc2c14bd2bf7551f5633c01663847239,411,106.0,3,1786545818500,2026-08-12T21:43:38.500
412,bc2c14bd2bf7551f5633c01663847239,412,106.0,3,1786545819501,2026-08-12T21:43:39.501
413,bc2c14bd2bf7551f5633c01663847239,413,107.0,3,1786545820501,2026-08-12T21:43:40.501
414,bc2c14bd2bf7551f5633c01663847239,414,108.0,3,1786545821500,2026-08-12T21:43:41.500
415,bc2c14bd2bf7551f5633c01663847239,415,108.0,3,1786545822500,2026-08-12T21:43:42.500
416,bc2c14bd2bf7551f5633c01663847239,416,108.0,3,1786545823500,2026-08-12T21:43:43.500
417,bc2c14bd2bf7551f5633c01663847239,417,108.0,3,1786545824501,2026-08-12T21:43:44.501
418,bc2c14bd2bf7551f5633c01663847239,418,108.0,3,1786545825500,2026-08-12T21:43:45.500
419,bc2c14bd2bf7551f5633c01663847239,419,107.0,3,1786545826501,2026-08-12T21:43:46.501
420,bc2c14bd2bf7551f5633c01663847239,420,106.0,3,1786545827500,2026-08-12T21:43:47.500
421,bc2c14bd2bf7551f5633c01663847239,421,105.0,3,1786545828500,2026-08-12T21:43:48.500
422,bc2c14bd2bf7551f5633c01663847239,422,104.0,3,1786545829500,2026-08-12T21:43:49.500
423,bc2c14bd2bf7551f5633c01663847239,423,103.0,3,1786545830500,2026-08-12T21:43:50.500
424,bc2c14bd2bf7551f5633c01663847239,424,103.0,3,1786545831500,2026-08-12T21:43:51.500
425,bc2c14bd2bf7551f5633c01663847239,425,103.0,3,1786545832502,2026-08-12T21:43:52.502
426,bc2c14bd2bf7551f5633c01663847239,426,103.0,3,1786545833503,2026-08-12T21:43:53.503
427,bc2c14bd2bf7551f5633c01663847239,427,103.0,3,1786545834502,2026-08-12T21:43:54.502
428,bc2c14bd2bf7551f5633c01663847239,428,103.0,3,1786545835501,2026-08-12T21:43:55.501
429,bc2c14bd2bf7551f5633c01663847239,429,103.0,3,1786545836502,2026-08-12T21:43:56.502
430,bc2c14bd2bf7551f5633c01663847239,430,102.0,3,1786545837503,2026-08-12T21:43:57.503
431,bc2c14bd2bf7551f5633c01663847239,431,101.0,3,1786545838503,2026-08-12T21:43:58.503
432,bc2c14bd2bf7551f5633c01663847239,432,100.0,3,1786545839502,2026-08-12T21:43:59.502
433,bc2c14bd2bf7551f5633c01663847239,433,100.0,3,1786545840502,2026-08-12T21:44:00.502
434,bc2c14bd2bf7551f5633c01663847239,434,100.0,3,1786545841503,2026-08-12T21:44:01.503
435,bc2c14bd2bf7551f5633c01663847239,435,98.0,3,1786545842502,2026-08-12T21:44:02.502
436,bc2c14bd2bf7551f5633c01663847239,436,97.0,3,1786545843501,2026-08-12T21:44:03.501
437,bc2c14bd2bf7551f5633c01663847239,437,96.0,3,1786545844501,2026-08-12T21:44:04.501
438,bc2c14bd2bf7551f5633c01663847239,438,95.0,3,1786545845504,2026-08-12T21:44:05.504
439,bc2c14bd2bf7551f5633c01663847239,439,94.0,3,1786545846503,2026-08-12T21:44:06.503
440,bc2c14bd2bf7551f5633c01663847239,440,95.0,3,1786545847507,2026-08-12T21:44:07.507
441,bc2c14bd2bf7551f5633c01663847239,441,96.0,3,1786545848508,2026-08-12T21:44:08.508
442,bc2c14bd2bf7551f5633c01663847239,442,98.0,3,1786545849504,2026-08-12T21:44:09.504
443,bc2c14bd2bf7551f5633c01663847239,443,98.0,3,1786545850506,2026-08-12T21:44:10.506
444,bc2c14bd2bf7551f5633c01663847239,444,100.0,3,1786545851505,2026-08-12T21:44:11.505
445,bc2c14bd2bf7551f5633c01663847239,445,101.0,3,1786545852500,2026-08-12T21:44:12.500
446,bc2c14bd2bf7551f5633c01663847239,446,102.0,3,1786545853502,2026-08-12T21:44:13.502
447,bc2c14bd2bf7551f5633c01663847239,447,102.0,3,1786545854502,2026-08-12T21:44:14.502
448,bc2c14bd2bf7551f5633c01663847239,448,103.0,3,1786545855502,2026-08-12T21:44:15.502
449,bc2c14bd2bf7551f5633c01663847239,449,104.0,3,1786545856501,2026-08-12T21:44:16.501
450,bc2c14bd2bf7551f5633c01663847239,450,105.0,3,1786545857501,2026-08-12T21:44:17.501
451,bc2c14bd2bf7551f5633c01663847239,451,104.0,3,1786545858501,2026-08-12T21:44:18.501
452,bc2c14bd2bf7551f5633c01663847239,452,104.0,3,1786545859500,2026-08-12T21:44:19.500
453,bc2c14bd2bf7551f5633c01663847239,453,104.0,3,1786545860500,2026-08-12T21:44:20.500
454,bc2c14bd2bf7551f5633c01663847239,454,105.0,3,1786545861500,2026-08-12T21:44:21.500
455,bc2c14bd2bf7551f5633c01663847239,455,106.0,3,1786545862500,2026-08-12T21:44:22.500
456,bc2c14bd2bf7551f5633c01663847239,456,106.0,3,1786545863501,2026-08-12T21:44:23.501
457,bc2c14bd2bf7551f5633c01663847239,457,106.0,3,1786545864502,2026-08-12T21:44:24.502
458,bc2c14bd2bf7551f5633c01663847239,458,106.0,3,1786545865501,2026-08-12T21:44:25.501
459,bc2c14bd2bf7551f5633c01663847239,459,106.0,3,1786545866501,2026-08-12T21:44:26.501
460,bc2c14bd2bf7551f5633c01663847239,460,107.0,3,1786545867501,2026-08-12T21:44:27.501
461,bc2c14bd2bf7551f5633c01663847239,461,108.0,3,1786545868501,2026-08-12T21:44:28.501
462,bc2c14bd2bf7551f5633c01663847239,462,107.0,3,1786545869503,2026-08-12T21:44:29.503
463,bc2c14bd2bf7551f5633c01663847239,463,109.0,3,1786545870500,2026-08-12T21:44:30.500
464,bc2c14bd2bf7551f5633c01663847239,464,108.0,3,1786545871500,2026-08-12T21:44:31.500
465,bc2c14bd2bf7551f5633c01663847239,465,107.0,3,1786545872502,2026-08-12T21:44:32.502
466,bc2c14bd2bf7551f5633c01663847239,466,107.0,3,1786545873500,2026-08-12T21:44:33.500
467,bc2c14bd2bf7551f5633c01663847239,467,108.0,3,1786545874500,2026-08-12T21:44:34.500
468,bc2c14bd2bf7551f5633c01663847239,468,109.0,3,1786545875501,2026-08-12T21:44:35.501
469,bc2c14bd2bf7551f5633c01663847239,469,109.0,3,1786545876510,2026-08-12T21:44:36.510
470,bc2c14bd2bf7551f5633c01663847239,470,109.0,3,1786545877504,2026-08-12T21:44:37.504
471,bc2c14bd2bf7551f5633c01663847239,471,108.0,3,1786545878506,2026-08-12T21:44:38.506
472,bc2c14bd2bf7551f5633c01663847239,472,107.0,3,1786545879504,2026-08-12T21:44:39.504
473,bc2c14bd2bf7551f5633c01663847239,473,106.0,3,1786545880501,2026-08-12T21:44:40.501
474,bc2c14bd2bf7551f5633c01663847239,474,104.0,3,1786545881508,2026-08-12T21:44:41.508
475,bc2c14bd2bf7551f5633c01663847239,475,103.0,3,1786545882500,2026-08-12T21:44:42.500
476,bc2c14bd2bf7551f5633c01663847239,476,101.0,3,1786545883500,2026-08-12T21:44:43.500
477,bc2c14bd2bf7551f5633c01663847239,477,100.0,3,1786545884502,2026-08-12T21:44:44.502
478,bc2c14bd2bf7551f5633c01663847239,478,100.0,3,1786545885501,2026-08-12T21:44:45.501
479,bc2c14bd2bf7551f5633c01663847239,479,100.0,3,1786545886510,2026-08-12T21:44:46.510
480,bc2c14bd2bf7551f5633c01663847239,480,101.0,3,1786545887500,2026-08-12T21:44:47.500
481,bc2c14bd2bf7551f5633c01663847239,481,101.0,3,1786545888500,2026-08-12T21:44:48.500
482,bc2c14bd2bf7551f5633c01663847239,482,102.0,3,1786545889500,2026-08-12T21:44:49.500
483,bc2c14bd2bf7551f5633c01663847239,483,101.0,3,1786545890500,2026-08-12T21:44:50.500
484,bc2c14bd2bf7551f5633c01663847239,484,100.0,3,1786545891502,2026-08-12T21:44:51.502
485,bc2c14bd2bf7551f5633c01663847239,485,99.0,3,1786545892501,2026-08-12T21:44:52.501
486,bc2c14bd2bf7551f5633c01663847239,486,98.0,3,1786545893500,2026-08-12T21:44:53.500
487,bc2c14bd2bf7551f5633c01663847239,487,98.0,3,1786545894501,2026-08-12T21:44:54.501
488,bc2c14bd2bf7551f5633c01663847239,488,99.0,3,1786545895500,2026-08-12T21:44:55.500
489,bc2c14bd2bf7551f5633c01663847239,489,99.0,3,1786545896501,2026-08-12T21:44:56.501
490,bc2c14bd2bf7551f5633c01663847239,490,99.0,3,1786545897501,2026-08-12T21:44:57.501
491,bc2c14bd2bf7551f5633c01663847239,491,99.0,3,1786545898502,2026-08-12T21:44:58.502
492,bc2c14bd2bf7551f5633c01663847239,492,100.0,3,1786545899501,2026-08-12T21:44:59.501
493,bc2c14bd2bf7551f5633c01663847239,493,100.0,3,1786545900501,2026-08-12T21:45:00.501
494,bc2c14bd2bf7551f5633c01663847239,494,100.0,3,1786545901500,2026-08-12T21:45:01.500
495,bc2c14bd2bf7551f5633c01663847239,495,101.0,3,1786545902500,2026-08-12T21:45:02.500
496,bc2c14bd2bf7551f5633c01663847239,496,101.0,3,1786545903500,2026-08-12T21:45:03.500
497,bc2c14bd2bf7551f5633c01663847239,497,99.0,3,1786545904500,2026-08-12T21:45:04.500
498,bc2c14bd2bf7551f5633c01663847239,498,99.0,3,1786545905500,2026-08-12T21:45:05.500
499,bc2c14bd2bf7551f5633c01663847239,499,99.0,3,1786545906500,2026-08-12T21:45:06.500
500,bc2c14bd2bf7551f5633c01663847239,500,99.0,3,1786545907506,2026-08-12T21:45:07.506
501,bc2c14bd2bf7551f5633c01663847239,501,99.0,3,1786545908505,2026-08-12T21:45:08.505
502,bc2c14bd2bf7551f5633c01663847239,502,98.0,3,1786545909505,2026-08-12T21:45:09.505
503,bc2c14bd2bf7551f5633c01663847239,503,98.0,3,1786545910508,2026-08-12T21:45:10.508
504,bc2c14bd2bf7551f5633c01663847239,504,98.0,3,1786545911507,2026-08-12T21:45:11.507
505,bc2c14bd2bf7551f5633c01663847239,505,98.0,3,1786545912506,2026-08-12T21:45:12.506
506,bc2c14bd2bf7551f5633c01663847239,506,97.0,3,1786545913505,2026-08-12T21:45:13.505
507,bc2c14bd2bf7551f5633c01663847239,507,97.0,3,1786545914504,2026-08-12T21:45:14.504
508,bc2c14bd2bf7551f5633c01663847239,508,98.0,3,1786545915503,2026-08-12T21:45:15.503
509,bc2c14bd2bf7551f5633c01663847239,509,99.0,3,1786545916501,2026-08-12T21:45:16.501
510,bc2c14bd2bf7551f5633c01663847239,510,100.0,3,1786545917501,2026-08-12T21:45:17.501
511,bc2c14bd2bf7551f5633c01663847239,511,100.0,3,1786545918500,2026-08-12T21:45:18.500
512,bc2c14bd2bf7551f5633c01663847239,512,100.0,3,1786545919500,2026-08-12T21:45:19.500
513,bc2c14bd2bf7551f5633c01663847239,513,99.0,3,1786545920500,2026-08-12T21:45:20.500
514,bc2c14bd2bf7551f5633c01663847239,514,98.0,3,1786545921500,2026-08-12T21:45:21.500
515,bc2c14bd2bf7551f5633c01663847239,515,98.0,3,1786545922503,2026-08-12T21:45:22.503
516,bc2c14bd2bf7551f5633c01663847239,516,97.0,3,1786545923502,2026-08-12T21:45:23.502
517,bc2c14bd2bf7551f5633c01663847239,517,96.0,3,1786545924500,2026-08-12T21:45:24.500
518,bc2c14bd2bf7551f5633c01663847239,518,96.0,3,1786545925500,2026-08-12T21:45:25.500
519,bc2c14bd2bf7551f5633c01663847239,519,96.0,3,1786545926500,2026-08-12T21:45:26.500
520,bc2c14bd2bf7551f5633c01663847239,520,96.0,3,1786545927500,2026-08-12T21:45:27.500
521,bc2c14bd2bf7551f5633c01663847239,521,95.0,3,1786545928502,2026-08-12T21:45:28.502
522,bc2c14bd2bf7551f5633c01663847239,522,95.0,3,1786545929501,2026-08-12T21:45:29.501
523,bc2c14bd2bf7551f5633c01663847239,523,96.0,3,1786545930500,2026-08-12T21:45:30.500
524,bc2c14bd2bf7551f5633c01663847239,524,96.0,3,1786545931500,2026-08-12T21:45:31.500
525,bc2c14bd2bf7551f5633c01663847239,525,97.0,3,1786545932500,2026-08-12T21:45:32.500
526,bc2c14bd2bf7551f5633c01663847239,526,97.0,3,1786545933500,2026-08-12T21:45:33.500
527,bc2c14bd2bf7551f5633c01663847239,527,98.0,3,1786545934502,2026-08-12T21:45:34.502
528,bc2c14bd2bf7551f5633c01663847239,528,98.0,3,1786545935501,2026-08-12T21:45:35.501
529,bc2c14bd2bf7551f5633c01663847239,529,98.0,3,1786545936509,2026-08-12T21:45:36.509
530,bc2c14bd2bf7551f5633c01663847239,530,98.0,3,1786545937506,2026-08-12T21:45:37.506
531,bc2c14bd2bf7551f5633c01663847239,531,98.0,3,1786545938508,2026-08-12T21:45:38.508
532,bc2c14bd2bf7551f5633c01663847239,532,99.0,3,1786545939501,2026-08-12T21:45:39.501
533,bc2c14bd2bf7551f5633c01663847239,533,99.0,3,1786545940503,2026-08-12T21:45:40.503
534,bc2c14bd2bf7551f5633c01663847239,534,99.0,3,1786545941503,2026-08-12T21:45:41.503
535,bc2c14bd2bf7551f5633c01663847239,535,98.0,3,1786545942504,2026-08-12T21:45:42.504
536,bc2c14bd2bf7551f5633c01663847239,536,97.0,3,1786545943511,2026-08-12T21:45:43.511
537,bc2c14bd2bf7551f5633c01663847239,537,96.0,3,1786545944500,2026-08-12T21:45:44.500
538,bc2c14bd2bf7551f5633c01663847239,538,95.0,3,1786545945500,2026-08-12T21:45:45.500
539,bc2c14bd2bf7551f5633c01663847239,539,94.0,3,1786545946500,2026-08-12T21:45:46.500
540,bc2c14bd2bf7551f5633c01663847239,540,94.0,3,1786545947501,2026-08-12T21:45:47.501
541,bc2c14bd2bf7551f5633c01663847239,541,94.0,3,1786545948500,2026-08-12T21:45:48.500
542,bc2c14bd2bf7551f5633c01663847239,542,93.0,3,1786545949500,2026-08-12T21:45:49.500
543,bc2c14bd2bf7551f5633c01663847239,543,93.0,3,1786545950500,2026-08-12T21:45:50.500
544,bc2c14bd2bf7551f5633c01663847239,544,94.0,3,1786545951500,2026-08-12T21:45:51.500
545,bc2c14bd2bf7551f5633c01663847239,545,95.0,3,1786545952500,2026-08-12T21:45:52.500
546,bc2c14bd2bf7551f5633c01663847239,546,96.0,3,1786545953501,2026-08-12T21:45:53.501
547,bc2c14bd2bf7551f5633c01663847239,547,97.0,3,1786545954500,2026-08-12T21:45:54.500
548,bc2c14bd2bf7551f5633c01663847239,548,99.0,3,1786545955501,2026-08-12T21:45:55.501
549,bc2c14bd2bf7551f5633c01663847239,549,99.0,3,1786545956501,2026-08-12T21:45:56.501
550,bc2c14bd2bf7551f5633c01663847239,550,99.0,3,1786545957511,2026-08-12T21:45:57.511
551,bc2c14bd2bf7551f5633c01663847239,551,99.0,3,1786545958500,2026-08-12T21:45:58.500
552,bc2c14bd2bf7551f5633c01663847239,552,99.0,3,1786545959500,2026-08-12T21:45:59.500
553,bc2c14bd2bf7551f5633c01663847239,553,99.0,3,1786545960500,2026-08-12T21:46:00.500
554,bc2c14bd2bf7551f5633c01663847239,554,99.0,3,1786545961502,2026-08-12T21:46:01.502
555,bc2c14bd2bf7551f5633c01663847239,555,98.0,3,1786545962501,2026-08-12T21:46:02.501
556,bc2c14bd2bf7551f5633c01663847239,556,98.0,3,1786545963500,2026-08-12T21:46:03.500
557,bc2c14bd2bf7551f5633c01663847239,557,97.0,3,1786545964501,2026-08-12T21:46:04.501
558,bc2c14bd2bf7551f5633c01663847239,558,97.0,3,1786545965500,2026-08-12T21:46:05.500
559,bc2c14bd2bf7551f5633c01663847239,559,97.0,3,1786545966501,2026-08-12T21:46:06.501
560,bc2c14bd2bf7551f5633c01663847239,560,97.0,3,1786545967502,2026-08-12T21:46:07.502
561,bc2c14bd2bf7551f5633c01663847239,561,96.0,3,1786545968500,2026-08-12T21:46:08.500
562,bc2c14bd2bf7551f5633c01663847239,562,95.0,3,1786545969500,2026-08-12T21:46:09.500
563,bc2c14bd2bf7551f5633c01663847239,563,96.0,3,1786545970500,2026-08-12T21:46:10.500
564,bc2c14bd2bf7551f5633c01663847239,564,95.0,3,1786545971500,2026-08-12T21:46:11.500
565,bc2c14bd2bf7551f5633c01663847239,565,95.0,3,1786545972500,2026-08-12T21:46:12.500
566,bc2c14bd2bf7551f5633c01663847239,566,96.0,3,1786545973500,2026-08-12T21:46:13.500
567,bc2c14bd2bf7551f5633c01663847239,567,95.0,3,1786545974510,2026-08-12T21:46:14.510
568,bc2c14bd2bf7551f5633c01663847239,568,96.0,3,1786545975508,2026-08-12T21:46:15.508
569,bc2c14bd2bf7551f5633c01663847239,569,96.0,3,1786545976506,2026-08-12T21:46:16.506
570,bc2c14bd2bf7551f5633c01663847239,570,95.0,3,1786545977502,2026-08-12T21:46:17.502
571,bc2c14bd2bf7551f5633c01663847239,571,95.0,3,1786545978504,2026-08-12T21:46:18.504
572,bc2c14bd2bf7551f5633c01663847239,572,95.0,3,1786545979500,2026-08-12T21:46:19.500
573,bc2c14bd2bf7551f5633c01663847239,573,96.0,3,1786545980503,2026-08-12T21:46:20.503
574,bc2c14bd2bf7551f5633c01663847239,574,96.0,3,1786545981505,2026-08-12T21:46:21.505
575,bc2c14bd2bf7551f5633c01663847239,575,96.0,3,1786545982501,2026-08-12T21:46:22.501
576,bc2c14bd2bf7551f5633c01663847239,576,96.0,3,1786545983509,2026-08-12T21:46:23.509
577,bc2c14bd2bf7551f5633c01663847239,577,96.0,3,1786545984513,2026-08-12T21:46:24.513
578,bc2c14bd2bf7551f5633c01663847239,578,96.0,3,1786545985511,2026-08-12T21:46:25.511
579,bc2c14bd2bf7551f5633c01663847239,579,96.0,3,1786545986505,2026-08-12T21:46:26.505
580,bc2c14bd2bf7551f5633c01663847239,580,97.0,3,1786545987512,2026-08-12T21:46:27.512
581,bc2c14bd2bf7551f5633c01663847239,581,98.0,3,1786545988513,2026-08-12T21:46:28.513
582,bc2c14bd2bf7551f5633c01663847239,582,98.0,3,1786545989504,2026-08-12T21:46:29.504
583,bc2c14bd2bf7551f5633c01663847239,583,98.0,3,1786545990500,2026-08-12T21:46:30.500
584,bc2c14bd2bf7551f5633c01663847239,584,98.0,3,1786545991502,2026-08-12T21:46:31.502
585,bc2c14bd2bf7551f5633c01663847239,585,97.0,3,1786545992500,2026-08-12T21:46:32.500
586,bc2c14bd2bf7551f5633c01663847239,586,96.0,3,1786545993501,2026-08-12T21:46:33.501
587,bc2c14bd2bf7551f5633c01663847239,587,95.0,3,1786545994500,2026-08-12T21:46:34.500
588,bc2c14bd2bf7551f5633c01663847239,588,94.0,3,1786545995500,2026-08-12T21:46:35.500
589,bc2c14bd2bf7551f5633c01663847239,589,93.0,3,1786545996500,2026-08-12T21:46:36.500
590,bc2c14bd2bf7551f5633c01663847239,590,93.0,3,1786545997501,2026-08-12T21:46:37.501
591,bc2c14bd2bf7551f5633c01663847239,591,92.0,3,1786545998501,2026-08-12T21:46:38.501
592,bc2c14bd2bf7551f5633c01663847239,592,92.0,3,1786545999500,2026-08-12T21:46:39.500
593,bc2c14bd2bf7551f5633c01663847239,593,92.0,3,1786546000500,2026-08-12T21:46:40.500
594,bc2c14bd2bf7551f5633c01663847239,594,92.0,3,1786546001500,2026-08-12T21:46:41.500
595,bc2c14bd2bf7551f5633c01663847239,595,92.0,3,1786546002500,2026-08-12T21:46:42.500
596,bc2c14bd2bf7551f5633c01663847239,596,91.0,3,1786546003500,2026-08-12T21:46:43.500
597,bc2c14bd2bf7551f5633c01663847239,597,91.0,3,1786546004500,2026-08-12T21:46:44.500
598,bc2c14bd2bf7551f5633c01663847239,598,92.0,3,1786546005500,2026-08-12T21:46:45.500
599,bc2c14bd2bf7551f5633c01663847239,599,93.0,3,1786546006500,2026-08-12T21:46:46.500
600,bc2c14bd2bf7551f5633c01663847239,600,93.0,3,1786546007500,2026-08-12T21:46:47.500
601,bc2c14bd2bf7551f5633c01663847239,601,95.0,3,1786546008500,2026-08-12T21:46:48.500
602,bc2c14bd2bf7551f5633c01663847239,602,96.0,3,1786546009504,2026-08-12T21:46:49.504
603,bc2c14bd2bf7551f5633c01663847239,603,95.0,3,1786546010506,2026-08-12T21:46:50.506
604,bc2c14bd2bf7551f5633c01663847239,604,95.0,3,1786546011501,2026-08-12T21:46:51.501
605,bc2c14bd2bf7551f5633c01663847239,605,95.0,3,1786546012505,2026-08-12T21:46:52.505
606,bc2c14bd2bf7551f5633c01663847239,606,94.0,3,1786546013502,2026-08-12T21:46:53.502
607,bc2c14bd2bf7551f5633c01663847239,607,95.0,3,1786546014502,2026-08-12T21:46:54.502
608,bc2c14bd2bf7551f5633c01663847239,608,96.0,3,1786546015501,2026-08-12T21:46:55.501
609,bc2c14bd2bf7551f5633c01663847239,609,96.0,3,1786546016502,2026-08-12T21:46:56.502
610,bc2c14bd2bf7551f5633c01663847239,610,97.0,3,1786546017500,2026-08-12T21:46:57.500
611,bc2c14bd2bf7551f5633c01663847239,611,97.0,3,1786546018501,2026-08-12T21:46:58.501
612,bc2c14bd2bf7551f5633c01663847239,612,96.0,3,1786546019501,2026-08-12T21:46:59.501
613,bc2c14bd2bf7551f5633c01663847239,613,96.0,3,1786546020500,2026-08-12T21:47:00.500
614,bc2c14bd2bf7551f5633c01663847239,614,95.0,3,1786546021500,2026-08-12T21:47:01.500
615,bc2c14bd2bf7551f5633c01663847239,615,94.0,3,1786546022500,2026-08-12T21:47:02.500
616,bc2c14bd2bf7551f5633c01663847239,616,95.0,3,1786546023500,2026-08-12T21:47:03.500
617,bc2c14bd2bf7551f5633c01663847239,617,94.0,3,1786546024500,2026-08-12T21:47:04.500
618,bc2c14bd2bf7551f5633c01663847239,618,93.0,3,1786546025500,2026-08-12T21:47:05.500
619,bc2c14bd2bf7551f5633c01663847239,619,95.0,3,1786546026500,2026-08-12T21:47:06.500
620,bc2c14bd2bf7551f5633c01663847239,620,96.0,3,1786546027500,2026-08-12T21:47:07.500
621,bc2c14bd2bf7551f5633c01663847239,621,96.0,3,1786546028500,2026-08-12T21:47:08.500
622,bc2c14bd2bf7551f5633c01663847239,622,97.0,3,1786546029500,2026-08-12T21:47:09.500
623,bc2c14bd2bf7551f5633c01663847239,623,96.0,3,1786546030500,2026-08-12T21:47:10.500
624,bc2c14bd2bf7551f5633c01663847239,624,96.0,3,1786546031500,2026-08-12T21:47:11.500
625,bc2c14bd2bf7551f5633c01663847239,625,95.0,3,1786546032500,2026-08-12T21:47:12.500
626,bc2c14bd2bf7551f5633c01663847239,626,94.0,3,1786546033501,2026-08-12T21:47:13.501
627,bc2c14bd2bf7551f5633c01663847239,627,95.0,3,1786546034501,2026-08-12T21:47:14.501
628,bc2c14bd2bf7551f5633c01663847239,628,95.0,3,1786546035502,2026-08-12T21:47:15.502
629,bc2c14bd2bf7551f5633c01663847239,629,96.0,3,1786546036501,2026-08-12T21:47:16.501
630,bc2c14bd2bf7551f5633c01663847239,630,96.0,3,1786546037500,2026-08-12T21:47:17.500
631,bc2c14bd2bf7551f5633c01663847239,631,96.0,3,1786546038501,2026-08-12T21:47:18.501
632,bc2c14bd2bf7551f5633c01663847239,632,96.0,3,1786546039500,2026-08-12T21:47:19.500
633,bc2c14bd2bf7551f5633c01663847239,633,95.0,3,1786546040503,2026-08-12T21:47:20.503
634,bc2c14bd2bf7551f5633c01663847239,634,95.0,3,1786546041501,2026-08-12T21:47:21.501
635,bc2c14bd2bf7551f5633c01663847239,635,96.0,3,1786546042503,2026-08-12T21:47:22.503
636,bc2c14bd2bf7551f5633c01663847239,636,97.0,3,1786546043502,2026-08-12T21:47:23.502
637,bc2c14bd2bf7551f5633c01663847239,637,98.0,3,1786546044502,2026-08-12T21:47:24.502
638,bc2c14bd2bf7551f5633c01663847239,638,100.0,3,1786546045501,2026-08-12T21:47:25.501
639,bc2c14bd2bf7551f5633c01663847239,639,100.0,3,1786546046501,2026-08-12T21:47:26.501
640,bc2c14bd2bf7551f5633c01663847239,640,99.0,3,1786546047500,2026-08-12T21:47:27.500
641,bc2c14bd2bf7551f5633c01663847239,641,98.0,3,1786546048500,2026-08-12T21:47:28.500
642,bc2c14bd2bf7551f5633c01663847239,642,98.0,3,1786546049500,2026-08-12T21:47:29.500
643,bc2c14bd2bf7551f5633c01663847239,643,97.0,3,1786546050500,2026-08-12T21:47:30.500
644,bc2c14bd2bf7551f5633c01663847239,644,97.0,3,1786546051502,2026-08-12T21:47:31.502
645,bc2c14bd2bf7551f5633c01663847239,645,97.0,3,1786546052500,2026-08-12T21:47:32.500
646,bc2c14bd2bf7551f5633c01663847239,646,96.0,3,1786546053500,2026-08-12T21:47:33.500
647,bc2c14bd2bf7551f5633c01663847239,647,96.0,3,1786546054500,2026-08-12T21:47:34.500
648,bc2c14bd2bf7551f5633c01663847239,648,96.0,3,1786546055500,2026-08-12T21:47:35.500
649,bc2c14bd2bf7551f5633c01663847239,649,96.0,3,1786546056501,2026-08-12T21:47:36.501
650,bc2c14bd2bf7551f5633c01663847239,650,96.0,3,1786546057510,2026-08-12T21:47:37.510
651,bc2c14bd2bf7551f5633c01663847239,651,97.0,3,1786546058508,2026-08-12T21:47:38.508
652,bc2c14bd2bf7551f5633c01663847239,652,98.0,3,1786546059504,2026-08-12T21:47:39.504
653,bc2c14bd2bf7551f5633c01663847239,653,98.0,3,1786546060502,2026-08-12T21:47:40.502
654,bc2c14bd2bf7551f5633c01663847239,654,97.0,3,1786546061501,2026-08-12T21:47:41.501
655,bc2c14bd2bf7551f5633c01663847239,655,97.0,3,1786546062500,2026-08-12T21:47:42.500
656,bc2c14bd2bf7551f5633c01663847239,656,96.0,3,1786546063500,2026-08-12T21:47:43.500
657,bc2c14bd2bf7551f5633c01663847239,657,96.0,3,1786546064500,2026-08-12T21:47:44.500
658,bc2c14bd2bf7551f5633c01663847239,658,95.0,3,1786546065501,2026-08-12T21:47:45.501
659,bc2c14bd2bf7551f5633c01663847239,659,94.0,3,1786546066501,2026-08-12T21:47:46.501
660,bc2c14bd2bf7551f5633c01663847239,660,93.0,3,1786546067501,2026-08-12T21:47:47.501
661,bc2c14bd2bf7551f5633c01663847239,661,93.0,3,1786546068506,2026-08-12T21:47:48.506
662,bc2c14bd2bf7551f5633c01663847239,662,92.0,3,1786546069502,2026-08-12T21:47:49.502
663,bc2c14bd2bf7551f5633c01663847239,663,92.0,3,1786546070502,2026-08-12T21:47:50.502
664,bc2c14bd2bf7551f5633c01663847239,664,91.0,3,1786546071503,2026-08-12T21:47:51.503
665,bc2c14bd2bf7551f5633c01663847239,665,91.0,3,1786546072503,2026-08-12T21:47:52.503
666,bc2c14bd2bf7551f5633c01663847239,666,91.0,3,1786546073504,2026-08-12T21:47:53.504
667,bc2c14bd2bf7551f5633c01663847239,667,92.0,3,1786546074500,2026-08-12T21:47:54.500
668,bc2c14bd2bf7551f5633c01663847239,668,92.0,3,1786546075501,2026-08-12T21:47:55.501
669,bc2c14bd2bf7551f5633c01663847239,669,92.0,3,1786546076501,2026-08-12T21:47:56.501
670,bc2c14bd2bf7551f5633c01663847239,670,91.0,3,1786546077501,2026-08-12T21:47:57.501
671,bc2c14bd2bf7551f5633c01663847239,671,90.0,3,1786546078500,2026-08-12T21:47:58.500
672,bc2c14bd2bf7551f5633c01663847239,672,89.0,3,1786546079500,2026-08-12T21:47:59.500
673,bc2c14bd2bf7551f5633c01663847239,673,88.0,3,1786546080500,2026-08-12T21:48:00.500
674,bc2c14bd2bf7551f5633c01663847239,674,88.0,3,1786546081503,2026-08-12T21:48:01.503
675,bc2c14bd2bf7551f5633c01663847239,675,88.0,3,1786546082509,2026-08-12T21:48:02.509
676,bc2c14bd2bf7551f5633c01663847239,676,88.0,3,1786546083507,2026-08-12T21:48:03.507
677,bc2c14bd2bf7551f5633c01663847239,677,89.0,3,1786546084506,2026-08-12T21:48:04.506
678,bc2c14bd2bf7551f5633c01663847239,678,89.0,3,1786546085500,2026-08-12T21:48:05.500
679,bc2c14bd2bf7551f5633c01663847239,679,90.0,3,1786546086505,2026-08-12T21:48:06.505
680,bc2c14bd2bf7551f5633c01663847239,680,90.0,3,1786546087503,2026-08-12T21:48:07.503
681,bc2c14bd2bf7551f5633c01663847239,681,90.0,3,1786546088501,2026-08-12T21:48:08.501
682,bc2c14bd2bf7551f5633c01663847239,682,90.0,3,1786546089500,2026-08-12T21:48:09.500
683,bc2c14bd2bf7551f5633c01663847239,683,90.0,3,1786546090501,2026-08-12T21:48:10.501
684,bc2c14bd2bf7551f5633c01663847239,684,90.0,3,1786546091501,2026-08-12T21:48:11.501
685,bc2c14bd2bf7551f5633c01663847239,685,90.0,3,1786546092500,2026-08-12T21:48:12.500
686,bc2c14bd2bf7551f5633c01663847239,686,91.0,3,1786546093500,2026-08-12T21:48:13.500
687,bc2c14bd2bf7551f5633c01663847239,687,92.0,3,1786546094500,2026-08-12T21:48:14.500
688,bc2c14bd2bf7551f5633c01663847239,688,92.0,3,1786546095500,2026-08-12T21:48:15.500
689,bc2c14bd2bf7551f5633c01663847239,689,94.0,3,1786546096501,2026-08-12T21:48:16.501
690,bc2c14bd2bf7551f5633c01663847239,690,95.0,3,1786546097502,2026-08-12T21:48:17.502
691,bc2c14bd2bf7551f5633c01663847239,691,96.0,3,1786546098504,2026-08-12T21:48:18.504
692,bc2c14bd2bf7551f5633c01663847239,692,95.0,3,1786546099502,2026-08-12T21:48:19.502
693,bc2c14bd2bf7551f5633c01663847239,693,95.0,3,1786546100503,2026-08-12T21:48:20.503
694,bc2c14bd2bf7551f5633c01663847239,694,94.0,3,1786546101500,2026-08-12T21:48:21.500
695,bc2c14bd2bf7551f5633c01663847239,695,93.0,3,1786546102500,2026-08-12T21:48:22.500
696,bc2c14bd2bf7551f5633c01663847239,696,93.0,3,1786546103503,2026-08-12T21:48:23.503
697,bc2c14bd2bf7551f5633c01663847239,697,93.0,3,1786546104500,2026-08-12T21:48:24.500
698,bc2c14bd2bf7551f5633c01663847239,698,93.0,3,1786546105500,2026-08-12T21:48:25.500
699,bc2c14bd2bf7551f5633c01663847239,699,92.0,3,1786546106501,2026-08-12T21:48:26.501
700,bc2c14bd2bf7551f5633c01663847239,700,92.0,3,1786546107501,2026-08-12T21:48:27.501
701,bc2c14bd2bf7551f5633c01663847239,701,92.0,3,1786546108500,2026-08-12T21:48:28.500
702,bc2c14bd2bf7551f5633c01663847239,702,92.0,3,1786546109500,2026-08-12T21:48:29.500
703,bc2c14bd2bf7551f5633c01663847239,703,91.0,3,1786546110500,2026-08-12T21:48:30.500
704,bc2c14bd2bf7551f5633c01663847239,704,90.0,3,1786546111500,2026-08-12T21:48:31.500
705,bc2c14bd2bf7551f5633c01663847239,705,90.0,3,1786546112513,2026-08-12T21:48:32.513
706,bc2c14bd2bf7551f5633c01663847239,706,89.0,3,1786546113508,2026-08-12T21:48:33.508
707,bc2c14bd2bf7551f5633c01663847239,707,89.0,3,1786546114506,2026-08-12T21:48:34.506
708,bc2c14bd2bf7551f5633c01663847239,708,88.0,3,1786546115505,2026-08-12T21:48:35.505
709,bc2c14bd2bf7551f5633c01663847239,709,87.0,3,1786546116505,2026-08-12T21:48:36.505
710,bc2c14bd2bf7551f5633c01663847239,710,88.0,3,1786546117501,2026-08-12T21:48:37.501
711,bc2c14bd2bf7551f5633c01663847239,711,89.0,3,1786546118503,2026-08-12T21:48:38.503
712,bc2c14bd2bf7551f5633c01663847239,712,88.0,3,1786546119502,2026-08-12T21:48:39.502
713,bc2c14bd2bf7551f5633c01663847239,713,88.0,3,1786546120501,2026-08-12T21:48:40.501
714,bc2c14bd2bf7551f5633c01663847239,714,90.0,3,1786546121500,2026-08-12T21:48:41.500
715,bc2c14bd2bf7551f5633c01663847239,715,91.0,3,1786546122500,2026-08-12T21:48:42.500
716,bc2c14bd2bf7551f5633c01663847239,716,92.0,3,1786546123501,2026-08-12T21:48:43.501
717,bc2c14bd2bf7551f5633c01663847239,717,93.0,3,1786546124500,2026-08-12T21:48:44.500
718,bc2c14bd2bf7551f5633c01663847239,718,93.0,3,1786546125500,2026-08-12T21:48:45.500
719,bc2c14bd2bf7551f5633c01663847239,719,92.0,3,1786546126500,2026-08-12T21:48:46.500
720,bc2c14bd2bf7551f5633c01663847239,720,91.0,3,1786546127501,2026-08-12T21:48:47.501
721,bc2c14bd2bf7551f5633c01663847239,721,90.0,3,1786546128503,2026-08-12T21:48:48.503
722,bc2c14bd2bf7551f5633c01663847239,722,91.0,3,1786546129501,2026-08-12T21:48:49.501
723,bc2c14bd2bf7551f5633c01663847239,723,91.0,3,1786546130502,2026-08-12T21:48:50.502
724,bc2c14bd2bf7551f5633c01663847239,724,91.0,3,1786546131501,2026-08-12T21:48:51.501
725,bc2c14bd2bf7551f5633c01663847239,725,91.0,3,1786546132500,2026-08-12T21:48:52.500
726,bc2c14bd2bf7551f5633c01663847239,726,91.0,3,1786546133500,2026-08-12T21:48:53.500
727,bc2c14bd2bf7551f5633c01663847239,727,92.0,3,1786546134509,2026-08-12T21:48:54.509
728,bc2c14bd2bf7551f5633c01663847239,728,92.0,3,1786546135503,2026-08-12T21:48:55.503
729,bc2c14bd2bf7551f5633c01663847239,729,89.0,3,1786546136503,2026-08-12T21:48:56.503
730,bc2c14bd2bf7551f5633c01663847239,730,89.0,3,1786546137503,2026-08-12T21:48:57.503
731,bc2c14bd2bf7551f5633c01663847239,731,90.0,3,1786546138503,2026-08-12T21:48:58.503
732,bc2c14bd2bf7551f5633c01663847239,732,91.0,3,1786546139502,2026-08-12T21:48:59.502
733,bc2c14bd2bf7551f5633c01663847239,733,91.0,3,1786546140502,2026-08-12T21:49:00.502
734,bc2c14bd2bf7551f5633c01663847239,734,91.0,3,1786546141502,2026-08-12T21:49:01.502
735,bc2c14bd2bf7551f5633c01663847239,735,92.0,3,1786546142503,2026-08-12T21:49:02.503
736,bc2c14bd2bf7551f5633c01663847239,736,91.0,3,1786546143509,2026-08-12T21:49:03.509
737,bc2c14bd2bf7551f5633c01663847239,737,91.0,3,1786546144503,2026-08-12T21:49:04.503
738,bc2c14bd2bf7551f5633c01663847239,738,91.0,3,1786546145506,2026-08-12T21:49:05.506
739,bc2c14bd2bf7551f5633c01663847239,739,90.0,3,1786546146506,2026-08-12T21:49:06.506
740,bc2c14bd2bf7551f5633c01663847239,740,90.0,3,1786546147507,2026-08-12T21:49:07.507
741,bc2c14bd2bf7551f5633c01663847239,741,91.0,3,1786546148506,2026-08-12T21:49:08.506
742,bc2c14bd2bf7551f5633c01663847239,742,91.0,3,1786546149506,2026-08-12T21:49:09.506
743,bc2c14bd2bf7551f5633c01663847239,743,93.0,3,1786546150504,2026-08-12T21:49:10.504
744,bc2c14bd2bf7551f5633c01663847239,744,93.0,3,1786546151503,2026-08-12T21:49:11.503
745,bc2c14bd2bf7551f5633c01663847239,745,94.0,3,1786546152500,2026-08-12T21:49:12.500
746,bc2c14bd2bf7551f5633c01663847239,746,94.0,3,1786546153500,2026-08-12T21:49:13.500
747,bc2c14bd2bf7551f5633c01663847239,747,95.0,3,1786546154500,2026-08-12T21:49:14.500
748,bc2c14bd2bf7551f5633c01663847239,748,95.0,3,1786546155501,2026-08-12T21:49:15.501
749,bc2c14bd2bf7551f5633c01663847239,749,96.0,3,1786546156502,2026-08-12T21:49:16.502
750,bc2c14bd2bf7551f5633c01663847239,750,96.0,3,1786546157501,2026-08-12T21:49:17.501
751,bc2c14bd2bf7551f5633c01663847239,751,95.0,3,1786546158500,2026-08-12T21:49:18.500
752,bc2c14bd2bf7551f5633c01663847239,752,95.0,3,1786546159502,2026-08-12T21:49:19.502
753,bc2c14bd2bf7551f5633c01663847239,753,94.0,3,1786546160503,2026-08-12T21:49:20.503
754,bc2c14bd2bf7551f5633c01663847239,754,93.0,3,1786546161500,2026-08-12T21:49:21.500
755,bc2c14bd2bf7551f5633c01663847239,755,93.0,3,1786546162500,2026-08-12T21:49:22.500
756,bc2c14bd2bf7551f5633c01663847239,756,94.0,3,1786546163500,2026-08-12T21:49:23.500
757,bc2c14bd2bf7551f5633c01663847239,757,93.0,3,1786546164500,2026-08-12T21:49:24.500
758,bc2c14bd2bf7551f5633c01663847239,758,94.0,3,1786546165501,2026-08-12T21:49:25.501
759,bc2c14bd2bf7551f5633c01663847239,759,95.0,3,1786546166508,2026-08-12T21:49:26.508
760,bc2c14bd2bf7551f5633c01663847239,760,95.0,3,1786546167507,2026-08-12T21:49:27.507
761,bc2c14bd2bf7551f5633c01663847239,761,95.0,3,1786546168506,2026-08-12T21:49:28.506
762,bc2c14bd2bf7551f5633c01663847239,762,95.0,3,1786546169504,2026-08-12T21:49:29.504
763,bc2c14bd2bf7551f5633c01663847239,763,94.0,3,1786546170512,2026-08-12T21:49:30.512
764,bc2c14bd2bf7551f5633c01663847239,764,94.0,3,1786546171501,2026-08-12T21:49:31.501
765,bc2c14bd2bf7551f5633c01663847239,765,93.0,3,1786546172501,2026-08-12T21:49:32.501
766,bc2c14bd2bf7551f5633c01663847239,766,92.0,3,1786546173500,2026-08-12T21:49:33.500
767,bc2c14bd2bf7551f5633c01663847239,767,91.0,3,1786546174500,2026-08-12T21:49:34.500
768,bc2c14bd2bf7551f5633c01663847239,768,91.0,3,1786546175500,2026-08-12T21:49:35.500
769,bc2c14bd2bf7551f5633c01663847239,769,90.0,3,1786546176500,2026-08-12T21:49:36.500
770,bc2c14bd2bf7551f5633c01663847239,770,90.0,3,1786546177500,2026-08-12T21:49:37.500
771,bc2c14bd2bf7551f5633c01663847239,771,90.0,3,1786546178502,2026-08-12T21:49:38.502
772,bc2c14bd2bf7551f5633c01663847239,772,89.0,3,1786546179502,2026-08-12T21:49:39.502
773,bc2c14bd2bf7551f5633c01663847239,773,87.0,3,1786546180503,2026-08-12T21:49:40.503
774,bc2c14bd2bf7551f5633c01663847239,774,88.0,3,1786546181502,2026-08-12T21:49:41.502
775,bc2c14bd2bf7551f5633c01663847239,775,89.0,3,1786546182501,2026-08-12T21:49:42.501
776,bc2c14bd2bf7551f5633c01663847239,776,89.0,3,1786546183500,2026-08-12T21:49:43.500
777,bc2c14bd2bf7551f5633c01663847239,777,89.0,3,1786546184500,2026-08-12T21:49:44.500
778,bc2c14bd2bf7551f5633c01663847239,778,90.0,3,1786546185501,2026-08-12T21:49:45.501
779,bc2c14bd2bf7551f5633c01663847239,779,90.0,3,1786546186500,2026-08-12T21:49:46.500
780,bc2c14bd2bf7551f5633c01663847239,780,91.0,3,1786546187500,2026-08-12T21:49:47.500
781,bc2c14bd2bf7551f5633c01663847239,781,89.0,3,1786546188502,2026-08-12T21:49:48.502
782,bc2c14bd2bf7551f5633c01663847239,782,87.0,3,1786546189501,2026-08-12T21:49:49.501
783,bc2c14bd2bf7551f5633c01663847239,783,86.0,3,1786546190500,2026-08-12T21:49:50.500
784,bc2c14bd2bf7551f5633c01663847239,784,87.0,3,1786546191500,2026-08-12T21:49:51.500
785,bc2c14bd2bf7551f5633c01663847239,785,89.0,3,1786546192501,2026-08-12T21:49:52.501
786,bc2c14bd2bf7551f5633c01663847239,786,90.0,3,1786546193501,2026-08-12T21:49:53.501
787,bc2c14bd2bf7551f5633c01663847239,787,91.0,3,1786546194511,2026-08-12T21:49:54.511
788,bc2c14bd2bf7551f5633c01663847239,788,92.0,3,1786546195508,2026-08-12T21:49:55.508
789,bc2c14bd2bf7551f5633c01663847239,789,92.0,3,1786546196506,2026-08-12T21:49:56.506
790,bc2c14bd2bf7551f5633c01663847239,790,93.0,3,1786546197502,2026-08-12T21:49:57.502
791,bc2c14bd2bf7551f5633c01663847239,791,93.0,3,1786546198500,2026-08-12T21:49:58.500
792,bc2c14bd2bf7551f5633c01663847239,792,93.0,3,1786546199500,2026-08-12T21:49:59.500
793,bc2c14bd2bf7551f5633c01663847239,793,94.0,3,1786546200500,2026-08-12T21:50:00.500
794,bc2c14bd2bf7551f5633c01663847239,794,95.0,3,1786546201507,2026-08-12T21:50:01.507
795,bc2c14bd2bf7551f5633c01663847239,795,95.0,3,1786546202500,2026-08-12T21:50:02.500
796,bc2c14bd2bf7551f5633c01663847239,796,96.0,3,1786546203500,2026-08-12T21:50:03.500
797,bc2c14bd2bf7551f5633c01663847239,797,96.0,3,1786546204501,2026-08-12T21:50:04.501
798,bc2c14bd2bf7551f5633c01663847239,798,97.0,3,1786546205500,2026-08-12T21:50:05.500
799,bc2c14bd2bf7551f5633c01663847239,799,97.0,3,1786546206501,2026-08-12T21:50:06.501
800,bc2c14bd2bf7551f5633c01663847239,800,96.0,3,1786546207501,2026-08-12T21:50:07.501
801,bc2c14bd2bf7551f5633c01663847239,801,95.0,3,1786546208500,2026-08-12T21:50:08.500
802,bc2c14bd2bf7551f5633c01663847239,802,93.0,3,1786546209500,2026-08-12T21:50:09.500
803,bc2c14bd2bf7551f5633c01663847239,803,93.0,3,1786546210503,2026-08-12T21:50:10.503
804,bc2c14bd2bf7551f5633c01663847239,804,93.0,3,1786546211508,2026-08-12T21:50:11.508
805,bc2c14bd2bf7551f5633c01663847239,805,92.0,3,1786546212500,2026-08-12T21:50:12.500
806,bc2c14bd2bf7551f5633c01663847239,806,92.0,3,1786546213503,2026-08-12T21:50:13.503
807,bc2c14bd2bf7551f5633c01663847239,807,92.0,3,1786546214502,2026-08-12T21:50:14.502
808,bc2c14bd2bf7551f5633c01663847239,808,92.0,3,1786546215500,2026-08-12T21:50:15.500
809,bc2c14bd2bf7551f5633c01663847239,809,91.0,3,1786546216500,2026-08-12T21:50:16.500
810,bc2c14bd2bf7551f5633c01663847239,810,90.0,3,1786546217500,2026-08-12T21:50:17.500
811,bc2c14bd2bf7551f5633c01663847239,811,89.0,3,1786546218500,2026-08-12T21:50:18.500
812,bc2c14bd2bf7551f5633c01663847239,812,88.0,3,1786546219500,2026-08-12T21:50:19.500
813,bc2c14bd2bf7551f5633c01663847239,813,87.0,3,1786546220501,2026-08-12T21:50:20.501
814,bc2c14bd2bf7551f5633c01663847239,814,86.0,3,1786546221501,2026-08-12T21:50:21.501
815,bc2c14bd2bf7551f5633c01663847239,815,87.0,3,1786546222504,2026-08-12T21:50:22.504
816,bc2c14bd2bf7551f5633c01663847239,816,88.0,3,1786546223503,2026-08-12T21:50:23.503
817,bc2c14bd2bf7551f5633c01663847239,817,89.0,3,1786546224501,2026-08-12T21:50:24.501
818,bc2c14bd2bf7551f5633c01663847239,818,90.0,3,1786546225501,2026-08-12T21:50:25.501
819,bc2c14bd2bf7551f5633c01663847239,819,91.0,3,1786546226500,2026-08-12T21:50:26.500
820,bc2c14bd2bf7551f5633c01663847239,820,91.0,3,1786546227500,2026-08-12T21:50:27.500
821,bc2c14bd2bf7551f5633c01663847239,821,90.0,3,1786546228501,2026-08-12T21:50:28.501
822,bc2c14bd2bf7551f5633c01663847239,822,90.0,3,1786546229502,2026-08-12T21:50:29.502
823,bc2c14bd2bf7551f5633c01663847239,823,91.0,3,1786546230500,2026-08-12T21:50:30.500
824,bc2c14bd2bf7551f5633c01663847239,824,92.0,3,1786546231501,2026-08-12T21:50:31.501
825,bc2c14bd2bf7551f5633c01663847239,825,93.0,3,1786546232507,2026-08-12T21:50:32.507
826,bc2c14bd2bf7551f5633c01663847239,826,93.0,3,1786546233503,2026-08-12T21:50:33.503
827,bc2c14bd2bf7551f5633c01663847239,827,93.0,3,1786546234504,2026-08-12T21:50:34.504
828,bc2c14bd2bf7551f5633c01663847239,828,93.0,3,1786546235501,2026-08-12T21:50:35.501
829,bc2c14bd2bf7551f5633c01663847239,829,93.0,3,1786546236500,2026-08-12T21:50:36.500
830,bc2c14bd2bf7551f5633c01663847239,830,93.0,3,1786546237500,2026-08-12T21:50:37.500
831,bc2c14bd2bf7551f5633c01663847239,831,93.0,3,1786546238501,2026-08-12T21:50:38.501
832,bc2c14bd2bf7551f5633c01663847239,832,93.0,3,1786546239503,2026-08-12T21:50:39.503
833,bc2c14bd2bf7551f5633c01663847239,833,92.0,3,1786546240511,2026-08-12T21:50:40.511
834,bc2c14bd2bf7551f5633c01663847239,834,92.0,3,1786546241500,2026-08-12T21:50:41.500
835,bc2c14bd2bf7551f5633c01663847239,835,92.0,3,1786546242500,2026-08-12T21:50:42.500
836,bc2c14bd2bf7551f5633c01663847239,836,92.0,3,1786546243500,2026-08-12T21:50:43.500
837,bc2c14bd2bf7551f5633c01663847239,837,92.0,3,1786546244501,2026-08-12T21:50:44.501
838,bc2c14bd2bf7551f5633c01663847239,838,92.0,3,1786546245500,2026-08-12T21:50:45.500
839,bc2c14bd2bf7551f5633c01663847239,839,92.0,3,1786546246500,2026-08-12T21:50:46.500
840,bc2c14bd2bf7551f5633c01663847239,840,93.0,3,1786546247500,2026-08-12T21:50:47.500
841,bc2c14bd2bf7551f5633c01663847239,841,93.0,3,1786546248500,2026-08-12T21:50:48.500
842,bc2c14bd2bf7551f5633c01663847239,842,94.0,3,1786546249500,2026-08-12T21:50:49.500
843,bc2c14bd2bf7551f5633c01663847239,843,95.0,3,1786546250500,2026-08-12T21:50:50.500
844,bc2c14bd2bf7551f5633c01663847239,844,95.0,3,1786546251500,2026-08-12T21:50:51.500
845,bc2c14bd2bf7551f5633c01663847239,845,95.0,3,1786546252500,2026-08-12T21:50:52.500
846,bc2c14bd2bf7551f5633c01663847239,846,95.0,3,1786546253510,2026-08-12T21:50:53.510
847,bc2c14bd2bf7551f5633c01663847239,847,95.0,3,1786546254507,2026-08-12T21:50:54.507
848,bc2c14bd2bf7551f5633c01663847239,848,95.0,3,1786546255505,2026-08-12T21:50:55.505
849,bc2c14bd2bf7551f5633c01663847239,849,95.0,3,1786546256504,2026-08-12T21:50:56.504
850,bc2c14bd2bf7551f5633c01663847239,850,94.0,3,1786546257501,2026-08-12T21:50:57.501
851,bc2c14bd2bf7551f5633c01663847239,851,93.0,3,1786546258500,2026-08-12T21:50:58.500
852,bc2c14bd2bf7551f5633c01663847239,852,93.0,3,1786546259501,2026-08-12T21:50:59.501
853,bc2c14bd2bf7551f5633c01663847239,853,92.0,3,1786546260500,2026-08-12T21:51:00.500
854,bc2c14bd2bf7551f5633c01663847239,854,93.0,3,1786546261501,2026-08-12T21:51:01.501
855,bc2c14bd2bf7551f5633c01663847239,855,94.0,3,1786546262502,2026-08-12T21:51:02.502
856,bc2c14bd2bf7551f5633c01663847239,856,95.0,3,1786546263500,2026-08-12T21:51:03.500
857,bc2c14bd2bf7551f5633c01663847239,857,96.0,3,1786546264500,2026-08-12T21:51:04.500
858,bc2c14bd2bf7551f5633c01663847239,858,96.0,3,1786546265501,2026-08-12T21:51:05.501
859,bc2c14bd2bf7551f5633c01663847239,859,96.0,3,1786546266501,2026-08-12T21:51:06.501
860,bc2c14bd2bf7551f5633c01663847239,860,96.0,3,1786546267501,2026-08-12T21:51:07.501
861,bc2c14bd2bf7551f5633c01663847239,861,96.0,3,1786546268500,2026-08-12T21:51:08.500
862,bc2c14bd2bf7551f5633c01663847239,862,96.0,3,1786546269500,2026-08-12T21:51:09.500
863,bc2c14bd2bf7551f5633c01663847239,863,96.0,3,1786546270500,2026-08-12T21:51:10.500
864,bc2c14bd2bf7551f5633c01663847239,864,97.0,3,1786546271501,2026-08-12T21:51:11.501
865,bc2c14bd2bf7551f5633c01663847239,865,97.0,3,1786546272510,2026-08-12T21:51:12.510
866,bc2c14bd2bf7551f5633c01663847239,866,98.0,3,1786546273507,2026-08-12T21:51:13.507
867,bc2c14bd2bf7551f5633c01663847239,867,97.0,3,1786546274506,2026-08-12T21:51:14.506
868,bc2c14bd2bf7551f5633c01663847239,868,97.0,3,1786546275503,2026-08-12T21:51:15.503
869,bc2c14bd2bf7551f5633c01663847239,869,96.0,3,1786546276500,2026-08-12T21:51:16.500
870,bc2c14bd2bf7551f5633c01663847239,870,96.0,3,1786546277501,2026-08-12T21:51:17.501
871,bc2c14bd2bf7551f5633c01663847239,871,95.0,3,1786546278500,2026-08-12T21:51:18.500
872,bc2c14bd2bf7551f5633c01663847239,872,94.0,3,1786546279502,2026-08-12T21:51:19.502
873,bc2c14bd2bf7551f5633c01663847239,873,94.0,3,1786546280501,2026-08-12T21:51:20.501
874,bc2c14bd2bf7551f5633c01663847239,874,93.0,3,1786546281502,2026-08-12T21:51:21.502
875,bc2c14bd2bf7551f5633c01663847239,875,92.0,3,1786546282502,2026-08-12T21:51:22.502
876,bc2c14bd2bf7551f5633c01663847239,876,90.0,3,1786546283501,2026-08-12T21:51:23.501
877,bc2c14bd2bf7551f5633c01663847239,877,89.0,3,1786546284501,2026-08-12T21:51:24.501
878,bc2c14bd2bf7551f5633c01663847239,878,88.0,3,1786546285502,2026-08-12T21:51:25.502
879,bc2c14bd2bf7551f5633c01663847239,879,88.0,3,1786546286500,2026-08-12T21:51:26.500
880,bc2c14bd2bf7551f5633c01663847239,880,88.0,3,1786546287500,2026-08-12T21:51:27.500
881,bc2c14bd2bf7551f5633c01663847239,881,87.0,3,1786546288500,2026-08-12T21:51:28.500
882,bc2c14bd2bf7551f5633c01663847239,882,87.0,3,1786546289500,2026-08-12T21:51:29.500
883,bc2c14bd2bf7551f5633c01663847239,883,88.0,3,1786546290500,2026-08-12T21:51:30.500
884,bc2c14bd2bf7551f5633c01663847239,884,88.0,3,1786546291500,2026-08-12T21:51:31.500
885,bc2c14bd2bf7551f5633c01663847239,885,88.0,3,1786546292501,2026-08-12T21:51:32.501
886,bc2c14bd2bf7551f5633c01663847239,886,88.0,3,1786546293500,2026-08-12T21:51:33.500
887,bc2c14bd2bf7551f5633c01663847239,887,89.0,3,1786546294500,2026-08-12T21:51:34.500
888,bc2c14bd2bf7551f5633c01663847239,888,90.0,3,1786546295502,2026-08-12T21:51:35.502
889,bc2c14bd2bf7551f5633c01663847239,889,90.0,3,1786546296503,2026-08-12T21:51:36.503
890,bc2c14bd2bf7551f5633c01663847239,890,91.0,3,1786546297503,2026-08-12T21:51:37.503
891,bc2c14bd2bf7551f5633c01663847239,891,91.0,3,1786546298500,2026-08-12T21:51:38.500
892,bc2c14bd2bf7551f5633c01663847239,892,92.0,3,1786546299502,2026-08-12T21:51:39.502
893,bc2c14bd2bf7551f5633c01663847239,893,94.0,3,1786546300503,2026-08-12T21:51:40.503
894,bc2c14bd2bf7551f5633c01663847239,894,95.0,3,1786546301504,2026-08-12T21:51:41.504
895,bc2c14bd2bf7551f5633c01663847239,895,96.0,3,1786546302503,2026-08-12T21:51:42.503
896,bc2c14bd2bf7551f5633c01663847239,896,97.0,3,1786546303501,2026-08-12T21:51:43.501
897,bc2c14bd2bf7551f5633c01663847239,897,97.0,3,1786546304500,2026-08-12T21:51:44.500
898,bc2c14bd2bf7551f5633c01663847239,898,97.0,3,1786546305500,2026-08-12T21:51:45.500
899,bc2c14bd2bf7551f5633c01663847239,899,97.0,3,1786546306500,2026-08-12T21:51:46.500
900,bc2c14bd2bf7551f5633c01663847239,900,98.0,3,1786546307500,2026-08-12T21:51:47.500
901,bc2c14bd2bf7551f5633c01663847239,901,98.0,3,1786546308500,2026-08-12T21:51:48.500
902,bc2c14bd2bf7551f5633c01663847239,902,97.0,3,1786546309500,2026-08-12T21:51:49.500
903,bc2c14bd2bf7551f5633c01663847239,903,97.0,3,1786546310500,2026-08-12T21:51:50.500
904,bc2c14bd2bf7551f5633c01663847239,904,96.0,3,1786546311501,2026-08-12T21:51:51.501
905,bc2c14bd2bf7551f5633c01663847239,905,95.0,3,1786546312505,2026-08-12T21:51:52.505
906,bc2c14bd2bf7551f5633c01663847239,906,95.0,3,1786546313501,2026-08-12T21:51:53.501
907,bc2c14bd2bf7551f5633c01663847239,907,95.0,3,1786546314500,2026-08-12T21:51:54.500
908,bc2c14bd2bf7551f5633c01663847239,908,96.0,3,1786546315500,2026-08-12T21:51:55.500
909,bc2c14bd2bf7551f5633c01663847239,909,95.0,3,1786546316500,2026-08-12T21:51:56.500
910,bc2c14bd2bf7551f5633c01663847239,910,95.0,3,1786546317500,2026-08-12T21:51:57.500
911,bc2c14bd2bf7551f5633c01663847239,911,95.0,3,1786546318501,2026-08-12T21:51:58.501
912,bc2c14bd2bf7551f5633c01663847239,912,94.0,3,1786546319509,2026-08-12T21:51:59.509
913,bc2c14bd2bf7551f5633c01663847239,913,93.0,3,1786546320500,2026-08-12T21:52:00.500
914,bc2c14bd2bf7551f5633c01663847239,914,93.0,3,1786546321500,2026-08-12T21:52:01.500
915,bc2c14bd2bf7551f5633c01663847239,915,92.0,3,1786546322500,2026-08-12T21:52:02.500
916,bc2c14bd2bf7551f5633c01663847239,916,92.0,3,1786546323502,2026-08-12T21:52:03.502
917,bc2c14bd2bf7551f5633c01663847239,917,93.0,3,1786546324500,2026-08-12T21:52:04.500
918,bc2c14bd2bf7551f5633c01663847239,918,94.0,3,1786546325504,2026-08-12T21:52:05.504
919,bc2c14bd2bf7551f5633c01663847239,919,95.0,3,1786546326501,2026-08-12T21:52:06.501
920,bc2c14bd2bf7551f5633c01663847239,920,95.0,3,1786546327500,2026-08-12T21:52:07.500
921,bc2c14bd2bf7551f5633c01663847239,921,95.0,3,1786546328501,2026-08-12T21:52:08.501
922,bc2c14bd2bf7551f5633c01663847239,922,96.0,3,1786546329505,2026-08-12T21:52:09.505
923,bc2c14bd2bf7551f5633c01663847239,923,95.0,3,1786546330502,2026-08-12T21:52:10.502
924,bc2c14bd2bf7551f5633c01663847239,924,94.0,3,1786546331501,2026-08-12T21:52:11.501
925,bc2c14bd2bf7551f5633c01663847239,925,94.0,3,1786546332500,2026-08-12T21:52:12.500
926,bc2c14bd2bf7551f5633c01663847239,926,94.0,3,1786546333501,2026-08-12T21:52:13.501
927,bc2c14bd2bf7551f5633c01663847239,927,95.0,3,1786546334501,2026-08-12T21:52:14.501
928,bc2c14bd2bf7551f5633c01663847239,928,95.0,3,1786546335501,2026-08-12T21:52:15.501
929,bc2c14bd2bf7551f5633c01663847239,929,96.0,3,1786546336500,2026-08-12T21:52:16.500
930,bc2c14bd2bf7551f5633c01663847239,930,97.0,3,1786546337500,2026-08-12T21:52:17.500
931,bc2c14bd2bf7551f5633c01663847239,931,98.0,3,1786546338502,2026-08-12T21:52:18.502
932,bc2c14bd2bf7551f5633c01663847239,932,98.0,3,1786546339500,2026-08-12T21:52:19.500
933,bc2c14bd2bf7551f5633c01663847239,933,98.0,3,1786546340500,2026-08-12T21:52:20.500
934,bc2c14bd2bf7551f5633c01663847239,934,98.0,3,1786546341504,2026-08-12T21:52:21.504
935,bc2c14bd2bf7551f5633c01663847239,935,98.0,3,1786546342506,2026-08-12T21:52:22.506
936,bc2c14bd2bf7551f5633c01663847239,936,99.0,3,1786546343508,2026-08-12T21:52:23.508
937,bc2c14bd2bf7551f5633c01663847239,937,101.0,3,1786546344501,2026-08-12T21:52:24.501
938,bc2c14bd2bf7551f5633c01663847239,938,102.0,3,1786546345505,2026-08-12T21:52:25.505
939,bc2c14bd2bf7551f5633c01663847239,939,103.0,3,1786546346502,2026-08-12T21:52:26.502
940,bc2c14bd2bf7551f5633c01663847239,940,102.0,3,1786546347500,2026-08-12T21:52:27.500
941,bc2c14bd2bf7551f5633c01663847239,941,101.0,3,1786546348501,2026-08-12T21:52:28.501
942,bc2c14bd2bf7551f5633c01663847239,942,100.0,3,1786546349500,2026-08-12T21:52:29.500
943,bc2c14bd2bf7551f5633c01663847239,943,100.0,3,1786546350500,2026-08-12T21:52:30.500
944,bc2c14bd2bf7551f5633c01663847239,944,99.0,3,1786546351503,2026-08-12T21:52:31.503
945,bc2c14bd2bf7551f5633c01663847239,945,98.0,3,1786546352500,2026-08-12T21:52:32.500
946,bc2c14bd2bf7551f5633c01663847239,946,99.0,3,1786546353500,2026-08-12T21:52:33.500
947,bc2c14bd2bf7551f5633c01663847239,947,98.0,3,1786546354501,2026-08-12T21:52:34.501
948,bc2c14bd2bf7551f5633c01663847239,948,98.0,3,1786546355501,2026-08-12T21:52:35.501
949,bc2c14bd2bf7551f5633c01663847239,949,98.0,3,1786546356500,2026-08-12T21:52:36.500
950,bc2c14bd2bf7551f5633c01663847239,950,99.0,3,1786546357500,2026-08-12T21:52:37.500
951,bc2c14bd2bf7551f5633c01663847239,951,99.0,3,1786546358500,2026-08-12T21:52:38.500
952,bc2c14bd2bf7551f5633c01663847239,952,99.0,3,1786546359502,2026-08-12T21:52:39.502
953,bc2c14bd2bf7551f5633c01663847239,953,99.0,3,1786546360500,2026-08-12T21:52:40.500
954,bc2c14bd2bf7551f5633c01663847239,954,99.0,3,1786546361500,2026-08-12T21:52:41.500
955,bc2c14bd2bf7551f5633c01663847239,955,100.0,3,1786546362500,2026-08-12T21:52:42.500
956,bc2c14bd2bf7551f5633c01663847239,956,100.0,3,1786546363509,2026-08-12T21:52:43.509
957,bc2c14bd2bf7551f5633c01663847239,957,99.0,3,1786546364506,2026-08-12T21:52:44.506
958,bc2c14bd2bf7551f5633c01663847239,958,98.0,3,1786546365508,2026-08-12T21:52:45.508
959,bc2c14bd2bf7551f5633c01663847239,959,97.0,3,1786546366505,2026-08-12T21:52:46.505
960,bc2c14bd2bf7551f5633c01663847239,960,97.0,3,1786546367504,2026-08-12T21:52:47.504
961,bc2c14bd2bf7551f5633c01663847239,961,96.0,3,1786546368512,2026-08-12T21:52:48.512
962,bc2c14bd2bf7551f5633c01663847239,962,95.0,3,1786546369502,2026-08-12T21:52:49.502
963,bc2c14bd2bf7551f5633c01663847239,963,95.0,3,1786546370501,2026-08-12T21:52:50.501
964,bc2c14bd2bf7551f5633c01663847239,964,94.0,3,1786546371500,2026-08-12T21:52:51.500
965,bc2c14bd2bf7551f5633c01663847239,965,93.0,3,1786546372500,2026-08-12T21:52:52.500
966,bc2c14bd2bf7551f5633c01663847239,966,93.0,3,1786546373500,2026-08-12T21:52:53.500
967,bc2c14bd2bf7551f5633c01663847239,967,92.0,3,1786546374500,2026-08-12T21:52:54.500
968,bc2c14bd2bf7551f5633c01663847239,968,92.0,3,1786546375503,2026-08-12T21:52:55.503
969,bc2c14bd2bf7551f5633c01663847239,969,92.0,3,1786546376502,2026-08-12T21:52:56.502
970,bc2c14bd2bf7551f5633c01663847239,970,93.0,3,1786546377501,2026-08-12T21:52:57.501
971,bc2c14bd2bf7551f5633c01663847239,971,93.0,3,1786546378500,2026-08-12T21:52:58.500
972,bc2c14bd2bf7551f5633c01663847239,972,95.0,3,1786546379500,2026-08-12T21:52:59.500
973,bc2c14bd2bf7551f5633c01663847239,973,96.0,3,1786546380500,2026-08-12T21:53:00.500
974,bc2c14bd2bf7551f5633c01663847239,974,97.0,3,1786546381501,2026-08-12T21:53:01.501
975,bc2c14bd2bf7551f5633c01663847239,975,98.0,3,1786546382534,2026-08-12T21:53:02.534
976,bc2c14bd2bf7551f5633c01663847239,976,98.0,3,1786546383500,2026-08-12T21:53:03.500
977,bc2c14bd2bf7551f5633c01663847239,977,98.0,3,1786546384500,2026-08-12T21:53:04.500
978,bc2c14bd2bf7551f5633c01663847239,978,99.0,3,1786546385500,2026-08-12T21:53:05.500
979,bc2c14bd2bf7551f5633c01663847239,979,98.0,3,1786546386500,2026-08-12T21:53:06.500
980,bc2c14bd2bf7551f5633c01663847239,980,97.0,3,1786546387508,2026-08-12T21:53:07.508
981,bc2c14bd2bf7551f5633c01663847239,981,97.0,3,1786546388506,2026-08-12T21:53:08.506
982,bc2c14bd2bf7551f5633c01663847239,982,98.0,3,1786546389504,2026-08-12T21:53:09.504
983,bc2c14bd2bf7551f5633c01663847239,983,99.0,3,1786546390505,2026-08-12T21:53:10.505
984,bc2c14bd2bf7551f5633c01663847239,984,100.0,3,1786546391502,2026-08-12T21:53:11.502
985,bc2c14bd2bf7551f5633c01663847239,985,101.0,3,1786546392500,2026-08-12T21:53:12.500
986,bc2c14bd2bf7551f5633c01663847239,986,100.0,3,1786546393502,2026-08-12T21:53:13.502
987,bc2c14bd2bf7551f5633c01663847239,987,99.0,3,1786546394501,2026-08-12T21:53:14.501
988,bc2c14bd2bf7551f5633c01663847239,988,98.0,3,1786546395500,2026-08-12T21:53:15.500
989,bc2c14bd2bf7551f5633c01663847239,989,97.0,3,1786546396500,2026-08-12T21:53:16.500
990,bc2c14bd2bf7551f5633c01663847239,990,96.0,3,1786546397503,2026-08-12T21:53:17.503
991,bc2c14bd2bf7551f5633c01663847239,991,95.0,3,1786546398500,2026-08-12T21:53:18.500
992,bc2c14bd2bf7551f5633c01663847239,992,95.0,3,1786546399500,2026-08-12T21:53:19.500
993,bc2c14bd2bf7551f5633c01663847239,993,94.0,3,1786546400501,2026-08-12T21:53:20.501
994,bc2c14bd2bf7551f5633c01663847239,994,93.0,3,1786546401500,2026-08-12T21:53:21.500
995,bc2c14bd2bf7551f5633c01663847239,995,92.0,3,1786546402500,2026-08-12T21:53:22.500
996,bc2c14bd2bf7551f5633c01663847239,996,91.0,3,1786546403500,2026-08-12T21:53:23.500
997,bc2c14bd2bf7551f5633c01663847239,997,90.0,3,1786546404507,2026-08-12T21:53:24.507
998,bc2c14bd2bf7551f5633c01663847239,998,89.0,3,1786546405501,2026-08-12T21:53:25.501
999,bc2c14bd2bf7551f5633c01663847239,999,89.0,3,1786546406501,2026-08-12T21:53:26.501
1000,bc2c14bd2bf7551f5633c01663847239,1000,90.0,3,1786546407500,2026-08-12T21:53:27.500
1001,bc2c14bd2bf7551f5633c01663847239,1001,91.0,3,1786546408504,2026-08-12T21:53:28.504
1002,bc2c14bd2bf7551f5633c01663847239,1002,92.0,3,1786546409507,2026-08-12T21:53:29.507
1003,bc2c14bd2bf7551f5633c01663847239,1003,93.0,3,1786546410504,2026-08-12T21:53:30.504
1004,bc2c14bd2bf7551f5633c01663847239,1004,94.0,3,1786546411501,2026-08-12T21:53:31.501
1005,bc2c14bd2bf7551f5633c01663847239,1005,95.0,3,1786546412500,2026-08-12T21:53:32.500
1006,bc2c14bd2bf7551f5633c01663847239,1006,96.0,3,1786546413500,2026-08-12T21:53:33.500
1007,bc2c14bd2bf7551f5633c01663847239,1007,96.0,3,1786546414500,2026-08-12T21:53:34.500
1008,bc2c14bd2bf7551f5633c01663847239,1008,96.0,3,1786546415500,2026-08-12T21:53:35.500
1009,bc2c14bd2bf7551f5633c01663847239,1009,96.0,3,1786546416500,2026-08-12T21:53:36.500
1010,bc2c14bd2bf7551f5633c01663847239,1010,96.0,3,1786546417500,2026-08-12T21:53:37.500
1011,bc2c14bd2bf7551f5633c01663847239,1011,95.0,3,1786546418500,2026-08-12T21:53:38.500
1012,bc2c14bd2bf7551f5633c01663847239,1012,94.0,3,1786546419500,2026-08-12T21:53:39.500
1013,bc2c14bd2bf7551f5633c01663847239,1013,94.0,3,1786546420500,2026-08-12T21:53:40.500
1014,bc2c14bd2bf7551f5633c01663847239,1014,93.0,3,1786546421520,2026-08-12T21:53:41.520
1015,bc2c14bd2bf7551f5633c01663847239,1015,93.0,3,1786546422516,2026-08-12T21:53:42.516
1016,bc2c14bd2bf7551f5633c01663847239,1016,94.0,3,1786546423513,2026-08-12T21:53:43.513
1017,bc2c14bd2bf7551f5633c01663847239,1017,95.0,3,1786546424500,2026-08-12T21:53:44.500
1018,bc2c14bd2bf7551f5633c01663847239,1018,95.0,3,1786546425503,2026-08-12T21:53:45.503
1019,bc2c14bd2bf7551f5633c01663847239,1019,95.0,3,1786546426500,2026-08-12T21:53:46.500
1020,bc2c14bd2bf7551f5633c01663847239,1020,95.0,3,1786546427500,2026-08-12T21:53:47.500
1021,bc2c14bd2bf7551f5633c01663847239,1021,95.0,3,1786546428502,2026-08-12T21:53:48.502
1022,bc2c14bd2bf7551f5633c01663847239,1022,94.0,3,1786546429500,2026-08-12T21:53:49.500
1023,bc2c14bd2bf7551f5633c01663847239,1023,94.0,3,1786546430500,2026-08-12T21:53:50.500
1024,bc2c14bd2bf7551f5633c01663847239,1024,94.0,3,1786546431501,2026-08-12T21:53:51.501
1025,bc2c14bd2bf7551f5633c01663847239,1025,94.0,3,1786546432503,2026-08-12T21:53:52.503
1026,bc2c14bd2bf7551f5633c01663847239,1026,94.0,3,1786546433500,2026-08-12T21:53:53.500
1027,bc2c14bd2bf7551f5633c01663847239,1027,94.0,3,1786546434500,2026-08-12T21:53:54.500
1028,bc2c14bd2bf7551f5633c01663847239,1028,94.0,3,1786546435510,2026-08-12T21:53:55.510
1029,bc2c14bd2bf7551f5633c01663847239,1029,94.0,3,1786546436507,2026-08-12T21:53:56.507
1030,bc2c14bd2bf7551f5633c01663847239,1030,93.0,3,1786546437505,2026-08-12T21:53:57.505
1031,bc2c14bd2bf7551f5633c01663847239,1031,93.0,3,1786546438502,2026-08-12T21:53:58.502
1032,bc2c14bd2bf7551f5633c01663847239,1032,93.0,3,1786546439500,2026-08-12T21:53:59.500
1033,bc2c14bd2bf7551f5633c01663847239,1033,93.0,3,1786546440500,2026-08-12T21:54:00.500
1034,bc2c14bd2bf7551f5633c01663847239,1034,93.0,3,1786546441501,2026-08-12T21:54:01.501
1035,bc2c14bd2bf7551f5633c01663847239,1035,93.0,3,1786546442501,2026-08-12T21:54:02.501
1036,bc2c14bd2bf7551f5633c01663847239,1036,93.0,3,1786546443501,2026-08-12T21:54:03.501
1037,bc2c14bd2bf7551f5633c01663847239,1037,93.0,3,1786546444500,2026-08-12T21:54:04.500
1038,bc2c14bd2bf7551f5633c01663847239,1038,92.0,3,1786546445500,2026-08-12T21:54:05.500
1039,bc2c14bd2bf7551f5633c01663847239,1039,92.0,3,1786546446500,2026-08-12T21:54:06.500
1040,bc2c14bd2bf7551f5633c01663847239,1040,91.0,3,1786546447501,2026-08-12T21:54:07.501
1041,bc2c14bd2bf7551f5633c01663847239,1041,91.0,3,1786546448500,2026-08-12T21:54:08.500
1042,bc2c14bd2bf7551f5633c01663847239,1042,90.0,3,1786546449500,2026-08-12T21:54:09.500
1043,bc2c14bd2bf7551f5633c01663847239,1043,90.0,3,1786546450500,2026-08-12T21:54:10.500
1044,bc2c14bd2bf7551f5633c01663847239,1044,90.0,3,1786546451500,2026-08-12T21:54:11.500
1045,bc2c14bd2bf7551f5633c01663847239,1045,89.0,3,1786546452500,2026-08-12T21:54:12.500
1046,bc2c14bd2bf7551f5633c01663847239,1046,89.0,3,1786546453510,2026-08-12T21:54:13.510
1047,bc2c14bd2bf7551f5633c01663847239,1047,89.0,3,1786546454508,2026-08-12T21:54:14.508
1048,bc2c14bd2bf7551f5633c01663847239,1048,89.0,3,1786546455501,2026-08-12T21:54:15.501
1049,bc2c14bd2bf7551f5633c01663847239,1049,89.0,3,1786546456505,2026-08-12T21:54:16.505
1050,bc2c14bd2bf7551f5633c01663847239,1050,89.0,3,1786546457506,2026-08-12T21:54:17.506
1051,bc2c14bd2bf7551f5633c01663847239,1051,89.0,3,1786546458505,2026-08-12T21:54:18.505
1052,bc2c14bd2bf7551f5633c01663847239,1052,89.0,3,1786546459504,2026-08-12T21:54:19.504
1053,bc2c14bd2bf7551f5633c01663847239,1053,89.0,3,1786546460500,2026-08-12T21:54:20.500
1054,bc2c14bd2bf7551f5633c01663847239,1054,89.0,3,1786546461503,2026-08-12T21:54:21.503
1055,bc2c14bd2bf7551f5633c01663847239,1055,90.0,3,1786546462501,2026-08-12T21:54:22.501
1056,bc2c14bd2bf7551f5633c01663847239,1056,90.0,3,1786546463501,2026-08-12T21:54:23.501
1057,bc2c14bd2bf7551f5633c01663847239,1057,90.0,3,1786546464500,2026-08-12T21:54:24.500
1058,bc2c14bd2bf7551f5633c01663847239,1058,90.0,3,1786546465500,2026-08-12T21:54:25.500
1059,bc2c14bd2bf7551f5633c01663847239,1059,91.0,3,1786546466502,2026-08-12T21:54:26.502
1060,bc2c14bd2bf7551f5633c01663847239,1060,91.0,3,1786546467501,2026-08-12T21:54:27.501
1061,bc2c14bd2bf7551f5633c01663847239,1061,92.0,3,1786546468501,2026-08-12T21:54:28.501
1062,bc2c14bd2bf7551f5633c01663847239,1062,93.0,3,1786546469501,2026-08-12T21:54:29.501
1063,bc2c14bd2bf7551f5633c01663847239,1063,94.0,3,1786546470500,2026-08-12T21:54:30.500
1064,bc2c14bd2bf7551f5633c01663847239,1064,94.0,3,1786546471500,2026-08-12T21:54:31.500
1065,bc2c14bd2bf7551f5633c01663847239,1065,94.0,3,1786546472500,2026-08-12T21:54:32.500
1066,bc2c14bd2bf7551f5633c01663847239,1066,94.0,3,1786546473501,2026-08-12T21:54:33.501
1067,bc2c14bd2bf7551f5633c01663847239,1067,94.0,3,1786546474500,2026-08-12T21:54:34.500
1068,bc2c14bd2bf7551f5633c01663847239,1068,95.0,3,1786546475506,2026-08-12T21:54:35.506
1069,bc2c14bd2bf7551f5633c01663847239,1069,95.0,3,1786546476500,2026-08-12T21:54:36.500
1070,bc2c14bd2bf7551f5633c01663847239,1070,96.0,3,1786546477500,2026-08-12T21:54:37.500
1071,bc2c14bd2bf7551f5633c01663847239,1071,96.0,3,1786546478500,2026-08-12T21:54:38.500
1072,bc2c14bd2bf7551f5633c01663847239,1072,96.0,3,1786546479504,2026-08-12T21:54:39.504
1073,bc2c14bd2bf7551f5633c01663847239,1073,96.0,3,1786546480506,2026-08-12T21:54:40.506
1074,bc2c14bd2bf7551f5633c01663847239,1074,95.0,3,1786546481508,2026-08-12T21:54:41.508
1075,bc2c14bd2bf7551f5633c01663847239,1075,95.0,3,1786546482504,2026-08-12T21:54:42.504
1076,bc2c14bd2bf7551f5633c01663847239,1076,95.0,3,1786546483503,2026-08-12T21:54:43.503
1077,bc2c14bd2bf7551f5633c01663847239,1077,95.0,3,1786546484501,2026-08-12T21:54:44.501
1078,bc2c14bd2bf7551f5633c01663847239,1078,95.0,3,1786546485500,2026-08-12T21:54:45.500
1079,bc2c14bd2bf7551f5633c01663847239,1079,94.0,3,1786546486500,2026-08-12T21:54:46.500
1080,bc2c14bd2bf7551f5633c01663847239,1080,93.0,3,1786546487501,2026-08-12T21:54:47.501
1081,bc2c14bd2bf7551f5633c01663847239,1081,92.0,3,1786546488506,2026-08-12T21:54:48.506
1082,bc2c14bd2bf7551f5633c01663847239,1082,92.0,3,1786546489503,2026-08-12T21:54:49.503
1083,bc2c14bd2bf7551f5633c01663847239,1083,92.0,3,1786546490501,2026-08-12T21:54:50.501
1084,bc2c14bd2bf7551f5633c01663847239,1084,92.0,3,1786546491500,2026-08-12T21:54:51.500
1085,bc2c14bd2bf7551f5633c01663847239,1085,92.0,3,1786546492500,2026-08-12T21:54:52.500
1086,bc2c14bd2bf7551f5633c01663847239,1086,92.0,3,1786546493500,2026-08-12T21:54:53.500
1087,bc2c14bd2bf7551f5633c01663847239,1087,91.0,3,1786546494500,2026-08-12T21:54:54.500
1088,bc2c14bd2bf7551f5633c01663847239,1088,90.0,3,1786546495500,2026-08-12T21:54:55.500
1089,bc2c14bd2bf7551f5633c01663847239,1089,90.0,3,1786546496501,2026-08-12T21:54:56.501
1090,bc2c14bd2bf7551f5633c01663847239,1090,89.0,3,1786546497500,2026-08-12T21:54:57.500
1091,bc2c14bd2bf7551f5633c01663847239,1091,89.0,3,1786546498500,2026-08-12T21:54:58.500
1092,bc2c14bd2bf7551f5633c01663847239,1092,89.0,3,1786546499507,2026-08-12T21:54:59.507
1093,bc2c14bd2bf7551f5633c01663847239,1093,89.0,3,1786546500507,2026-08-12T21:55:00.507
1094,bc2c14bd2bf7551f5633c01663847239,1094,90.0,3,1786546501515,2026-08-12T21:55:01.515
1095,bc2c14bd2bf7551f5633c01663847239,1095,91.0,3,1786546502506,2026-08-12T21:55:02.506
1096,bc2c14bd2bf7551f5633c01663847239,1096,92.0,3,1786546503502,2026-08-12T21:55:03.502
1097,bc2c14bd2bf7551f5633c01663847239,1097,92.0,3,1786546504500,2026-08-12T21:55:04.500
1098,bc2c14bd2bf7551f5633c01663847239,1098,91.0,3,1786546505508,2026-08-12T21:55:05.508
1099,bc2c14bd2bf7551f5633c01663847239,1099,91.0,3,1786546506500,2026-08-12T21:55:06.500
1100,bc2c14bd2bf7551f5633c01663847239,1100,91.0,3,1786546507501,2026-08-12T21:55:07.501
1101,bc2c14bd2bf7551f5633c01663847239,1101,91.0,3,1786546508500,2026-08-12T21:55:08.500
1102,bc2c14bd2bf7551f5633c01663847239,1102,91.0,3,1786546509501,2026-08-12T21:55:09.501
1103,bc2c14bd2bf7551f5633c01663847239,1103,91.0,3,1786546510500,2026-08-12T21:55:10.500
1104,bc2c14bd2bf7551f5633c01663847239,1104,91.0,3,1786546511501,2026-08-12T21:55:11.501
1105,bc2c14bd2bf7551f5633c01663847239,1105,91.0,3,1786546512501,2026-08-12T21:55:12.501
1106,bc2c14bd2bf7551f5633c01663847239,1106,92.0,3,1786546513510,2026-08-12T21:55:13.510
1107,bc2c14bd2bf7551f5633c01663847239,1107,92.0,3,1786546514508,2026-08-12T21:55:14.508
1108,bc2c14bd2bf7551f5633c01663847239,1108,92.0,3,1786546515505,2026-08-12T21:55:15.505
1109,bc2c14bd2bf7551f5633c01663847239,1109,92.0,3,1786546516504,2026-08-12T21:55:16.504
1110,bc2c14bd2bf7551f5633c01663847239,1110,93.0,3,1786546517501,2026-08-12T21:55:17.501
1111,bc2c14bd2bf7551f5633c01663847239,1111,94.0,3,1786546518501,2026-08-12T21:55:18.501
1112,bc2c14bd2bf7551f5633c01663847239,1112,94.0,3,1786546519501,2026-08-12T21:55:19.501
1113,bc2c14bd2bf7551f5633c01663847239,1113,94.0,3,1786546520500,2026-08-12T21:55:20.500
1114,bc2c14bd2bf7551f5633c01663847239,1114,94.0,3,1786546521500,2026-08-12T21:55:21.500
1115,bc2c14bd2bf7551f5633c01663847239,1115,94.0,3,1786546522500,2026-08-12T21:55:22.500
1116,bc2c14bd2bf7551f5633c01663847239,1116,94.0,3,1786546523500,2026-08-12T21:55:23.500
1117,bc2c14bd2bf7551f5633c01663847239,1117,94.0,3,1786546524500,2026-08-12T21:55:24.500
1118,bc2c14bd2bf7551f5633c01663847239,1118,93.0,3,1786546525500,2026-08-12T21:55:25.500
1119,bc2c14bd2bf7551f5633c01663847239,1119,92.0,3,1786546526500,2026-08-12T21:55:26.500
1120,bc2c14bd2bf7551f5633c01663847239,1120,91.0,3,1786546527501,2026-08-12T21:55:27.501
1121,bc2c14bd2bf7551f5633c01663847239,1121,90.0,3,1786546528500,2026-08-12T21:55:28.500
1122,bc2c14bd2bf7551f5633c01663847239,1122,89.0,3,1786546529500,2026-08-12T21:55:29.500
1123,bc2c14bd2bf7551f5633c01663847239,1123,89.0,3,1786546530500,2026-08-12T21:55:30.500
1124,bc2c14bd2bf7551f5633c01663847239,1124,89.0,3,1786546531500,2026-08-12T21:55:31.500
1125,bc2c14bd2bf7551f5633c01663847239,1125,88.0,3,1786546532500,2026-08-12T21:55:32.500
1126,bc2c14bd2bf7551f5633c01663847239,1126,89.0,3,1786546533500,2026-08-12T21:55:33.500
1127,bc2c14bd2bf7551f5633c01663847239,1127,88.0,3,1786546534500,2026-08-12T21:55:34.500
1128,bc2c14bd2bf7551f5633c01663847239,1128,87.0,3,1786546535503,2026-08-12T21:55:35.503
1129,bc2c14bd2bf7551f5633c01663847239,1129,86.0,3,1786546536500,2026-08-12T21:55:36.500
1130,bc2c14bd2bf7551f5633c01663847239,1130,87.0,3,1786546537500,2026-08-12T21:55:37.500
1131,bc2c14bd2bf7551f5633c01663847239,1131,87.0,3,1786546538500,2026-08-12T21:55:38.500
1132,bc2c14bd2bf7551f5633c01663847239,1132,87.0,3,1786546539500,2026-08-12T21:55:39.500
1133,bc2c14bd2bf7551f5633c01663847239,1133,88.0,3,1786546540500,2026-08-12T21:55:40.500
1134,bc2c14bd2bf7551f5633c01663847239,1134,89.0,3,1786546541500,2026-08-12T21:55:41.500
1135,bc2c14bd2bf7551f5633c01663847239,1135,88.0,3,1786546542501,2026-08-12T21:55:42.501
1136,bc2c14bd2bf7551f5633c01663847239,1136,87.0,3,1786546543500,2026-08-12T21:55:43.500
1137,bc2c14bd2bf7551f5633c01663847239,1137,87.0,3,1786546544500,2026-08-12T21:55:44.500
1138,bc2c14bd2bf7551f5633c01663847239,1138,87.0,3,1786546545501,2026-08-12T21:55:45.501
1139,bc2c14bd2bf7551f5633c01663847239,1139,87.0,3,1786546546506,2026-08-12T21:55:46.506
1140,bc2c14bd2bf7551f5633c01663847239,1140,87.0,3,1786546547507,2026-08-12T21:55:47.507
1141,bc2c14bd2bf7551f5633c01663847239,1141,89.0,3,1786546548504,2026-08-12T21:55:48.504
1142,bc2c14bd2bf7551f5633c01663847239,1142,90.0,3,1786546549500,2026-08-12T21:55:49.500
1143,bc2c14bd2bf7551f5633c01663847239,1143,91.0,3,1786546550500,2026-08-12T21:55:50.500
1144,bc2c14bd2bf7551f5633c01663847239,1144,91.0,3,1786546551500,2026-08-12T21:55:51.500
1145,bc2c14bd2bf7551f5633c01663847239,1145,92.0,3,1786546552501,2026-08-12T21:55:52.501
1146,bc2c14bd2bf7551f5633c01663847239,1146,91.0,3,1786546553501,2026-08-12T21:55:53.501
1147,bc2c14bd2bf7551f5633c01663847239,1147,91.0,3,1786546554501,2026-08-12T21:55:54.501
1148,bc2c14bd2bf7551f5633c01663847239,1148,90.0,3,1786546555502,2026-08-12T21:55:55.502
1149,bc2c14bd2bf7551f5633c01663847239,1149,90.0,3,1786546556500,2026-08-12T21:55:56.500
1150,bc2c14bd2bf7551f5633c01663847239,1150,91.0,3,1786546557500,2026-08-12T21:55:57.500
1151,bc2c14bd2bf7551f5633c01663847239,1151,91.0,3,1786546558503,2026-08-12T21:55:58.503
1152,bc2c14bd2bf7551f5633c01663847239,1152,92.0,3,1786546559500,2026-08-12T21:55:59.500
1153,bc2c14bd2bf7551f5633c01663847239,1153,93.0,3,1786546560500,2026-08-12T21:56:00.500
1154,bc2c14bd2bf7551f5633c01663847239,1154,94.0,3,1786546561500,2026-08-12T21:56:01.500
1155,bc2c14bd2bf7551f5633c01663847239,1155,95.0,3,1786546562500,2026-08-12T21:56:02.500
1156,bc2c14bd2bf7551f5633c01663847239,1156,96.0,3,1786546563500,2026-08-12T21:56:03.500
1157,bc2c14bd2bf7551f5633c01663847239,1157,96.0,3,1786546564500,2026-08-12T21:56:04.500
1158,bc2c14bd2bf7551f5633c01663847239,1158,96.0,3,1786546565501,2026-08-12T21:56:05.501
1159,bc2c14bd2bf7551f5633c01663847239,1159,95.0,3,1786546566507,2026-08-12T21:56:06.507
1160,bc2c14bd2bf7551f5633c01663847239,1160,95.0,3,1786546567503,2026-08-12T21:56:07.503
1161,bc2c14bd2bf7551f5633c01663847239,1161,94.0,3,1786546568507,2026-08-12T21:56:08.507
1162,bc2c14bd2bf7551f5633c01663847239,1162,94.0,3,1786546569507,2026-08-12T21:56:09.507
1163,bc2c14bd2bf7551f5633c01663847239,1163,93.0,3,1786546570505,2026-08-12T21:56:10.505
1164,bc2c14bd2bf7551f5633c01663847239,1164,92.0,3,1786546571512,2026-08-12T21:56:11.512
1165,bc2c14bd2bf7551f5633c01663847239,1165,92.0,3,1786546572500,2026-08-12T21:56:12.500
1166,bc2c14bd2bf7551f5633c01663847239,1166,91.0,3,1786546573500,2026-08-12T21:56:13.500
1167,bc2c14bd2bf7551f5633c01663847239,1167,91.0,3,1786546574500,2026-08-12T21:56:14.500
1168,bc2c14bd2bf7551f5633c01663847239,1168,91.0,3,1786546575502,2026-08-12T21:56:15.502
1169,bc2c14bd2bf7551f5633c01663847239,1169,91.0,3,1786546576501,2026-08-12T21:56:16.501
1170,bc2c14bd2bf7551f5633c01663847239,1170,90.0,3,1786546577501,2026-08-12T21:56:17.501
1171,bc2c14bd2bf7551f5633c01663847239,1171,90.0,3,1786546578500,2026-08-12T21:56:18.500
1172,bc2c14bd2bf7551f5633c01663847239,1172,89.0,3,1786546579500,2026-08-12T21:56:19.500
1173,bc2c14bd2bf7551f5633c01663847239,1173,89.0,3,1786546580500,2026-08-12T21:56:20.500
1174,bc2c14bd2bf7551f5633c01663847239,1174,89.0,3,1786546581500,2026-08-12T21:56:21.500
1175,bc2c14bd2bf7551f5633c01663847239,1175,89.0,3,1786546582500,2026-08-12T21:56:22.500
1176,bc2c14bd2bf7551f5633c01663847239,1176,90.0,3,1786546583501,2026-08-12T21:56:23.501
1177,bc2c14bd2bf7551f5633c01663847239,1177,90.0,3,1786546584500,2026-08-12T21:56:24.500
1178,bc2c14bd2bf7551f5633c01663847239,1178,91.0,3,1786546585500,2026-08-12T21:56:25.500
1179,bc2c14bd2bf7551f5633c01663847239,1179,92.0,3,1786546586500,2026-08-12T21:56:26.500
1180,bc2c14bd2bf7551f5633c01663847239,1180,92.0,3,1786546587500,2026-08-12T21:56:27.500
1181,bc2c14bd2bf7551f5633c01663847239,1181,92.0,3,1786546588509,2026-08-12T21:56:28.509
1182,bc2c14bd2bf7551f5633c01663847239,1182,92.0,3,1786546589501,2026-08-12T21:56:29.501
1183,bc2c14bd2bf7551f5633c01663847239,1183,93.0,3,1786546590500,2026-08-12T21:56:30.500
1184,bc2c14bd2bf7551f5633c01663847239,1184,93.0,3,1786546591503,2026-08-12T21:56:31.503
1185,bc2c14bd2bf7551f5633c01663847239,1185,94.0,3,1786546592500,2026-08-12T21:56:32.500
1186,bc2c14bd2bf7551f5633c01663847239,1186,95.0,3,1786546593503,2026-08-12T21:56:33.503
1187,bc2c14bd2bf7551f5633c01663847239,1187,95.0,3,1786546594502,2026-08-12T21:56:34.502
1188,bc2c14bd2bf7551f5633c01663847239,1188,94.0,3,1786546595501,2026-08-12T21:56:35.501
1189,bc2c14bd2bf7551f5633c01663847239,1189,93.0,3,1786546596503,2026-08-12T21:56:36.503
1190,bc2c14bd2bf7551f5633c01663847239,1190,92.0,3,1786546597503,2026-08-12T21:56:37.503
1191,bc2c14bd2bf7551f5633c01663847239,1191,92.0,3,1786546598504,2026-08-12T21:56:38.504
1192,bc2c14bd2bf7551f5633c01663847239,1192,93.0,3,1786546599501,2026-08-12T21:56:39.501
1193,bc2c14bd2bf7551f5633c01663847239,1193,94.0,3,1786546600502,2026-08-12T21:56:40.502
1194,bc2c14bd2bf7551f5633c01663847239,1194,95.0,3,1786546601508,2026-08-12T21:56:41.508
1195,bc2c14bd2bf7551f5633c01663847239,1195,96.0,3,1786546602504,2026-08-12T21:56:42.504
1196,bc2c14bd2bf7551f5633c01663847239,1196,96.0,3,1786546603501,2026-08-12T21:56:43.501
1197,bc2c14bd2bf7551f5633c01663847239,1197,95.0,3,1786546604500,2026-08-12T21:56:44.500
1198,bc2c14bd2bf7551f5633c01663847239,1198,94.0,3,1786546605501,2026-08-12T21:56:45.501
1199,bc2c14bd2bf7551f5633c01663847239,1199,93.0,3,1786546606500,2026-08-12T21:56:46.500
1200,bc2c14bd2bf7551f5633c01663847239,1200,92.0,3,1786546607500,2026-08-12T21:56:47.500
1201,bc2c14bd2bf7551f5633c01663847239,1201,92.0,3,1786546608501,2026-08-12T21:56:48.501
1202,bc2c14bd2bf7551f5633c01663847239,1202,92.0,3,1786546609500,2026-08-12T21:56:49.500
1203,bc2c14bd2bf7551f5633c01663847239,1203,93.0,3,1786546610500,2026-08-12T21:56:50.500
1204,bc2c14bd2bf7551f5633c01663847239,1204,93.0,3,1786546611500,2026-08-12T21:56:51.500
1205,bc2c14bd2bf7551f5633c01663847239,1205,93.0,3,1786546612500,2026-08-12T21:56:52.500
1206,bc2c14bd2bf7551f5633c01663847239,1206,93.0,3,1786546613502,2026-08-12T21:56:53.502
1207,bc2c14bd2bf7551f5633c01663847239,1207,91.0,3,1786546614512,2026-08-12T21:56:54.512
1208,bc2c14bd2bf7551f5633c01663847239,1208,90.0,3,1786546615507,2026-08-12T21:56:55.507
1209,bc2c14bd2bf7551f5633c01663847239,1209,89.0,3,1786546616507,2026-08-12T21:56:56.507
1210,bc2c14bd2bf7551f5633c01663847239,1210,88.0,3,1786546617506,2026-08-12T21:56:57.506
1211,bc2c14bd2bf7551f5633c01663847239,1211,88.0,3,1786546618502,2026-08-12T21:56:58.502
1212,bc2c14bd2bf7551f5633c01663847239,1212,87.0,3,1786546619500,2026-08-12T21:56:59.500
1213,bc2c14bd2bf7551f5633c01663847239,1213,86.0,3,1786546620501,2026-08-12T21:57:00.501
1214,bc2c14bd2bf7551f5633c01663847239,1214,86.0,3,1786546621501,2026-08-12T21:57:01.501
1215,bc2c14bd2bf7551f5633c01663847239,1215,87.0,3,1786546622500,2026-08-12T21:57:02.500
1216,bc2c14bd2bf7551f5633c01663847239,1216,87.0,3,1786546623500,2026-08-12T21:57:03.500
1217,bc2c14bd2bf7551f5633c01663847239,1217,88.0,3,1786546624500,2026-08-12T21:57:04.500
1218,bc2c14bd2bf7551f5633c01663847239,1218,88.0,3,1786546625500,2026-08-12T21:57:05.500
1219,bc2c14bd2bf7551f5633c01663847239,1219,88.0,3,1786546626500,2026-08-12T21:57:06.500
1220,bc2c14bd2bf7551f5633c01663847239,1220,88.0,3,1786546627500,2026-08-12T21:57:07.500
1221,bc2c14bd2bf7551f5633c01663847239,1221,88.0,3,1786546628503,2026-08-12T21:57:08.503
1222,bc2c14bd2bf7551f5633c01663847239,1222,88.0,3,1786546629500,2026-08-12T21:57:09.500
1223,bc2c14bd2bf7551f5633c01663847239,1223,88.0,3,1786546630500,2026-08-12T21:57:10.500
1224,bc2c14bd2bf7551f5633c01663847239,1224,89.0,3,1786546631500,2026-08-12T21:57:11.500
1225,bc2c14bd2bf7551f5633c01663847239,1225,90.0,3,1786546632500,2026-08-12T21:57:12.500
1226,bc2c14bd2bf7551f5633c01663847239,1226,90.0,3,1786546633500,2026-08-12T21:57:13.500
1227,bc2c14bd2bf7551f5633c01663847239,1227,91.0,3,1786546634508,2026-08-12T21:57:14.508
1228,bc2c14bd2bf7551f5633c01663847239,1228,92.0,3,1786546635507,2026-08-12T21:57:15.507
1229,bc2c14bd2bf7551f5633c01663847239,1229,93.0,3,1786546636515,2026-08-12T21:57:16.515
1230,bc2c14bd2bf7551f5633c01663847239,1230,94.0,3,1786546637518,2026-08-12T21:57:17.518
1231,bc2c14bd2bf7551f5633c01663847239,1231,95.0,3,1786546638520,2026-08-12T21:57:18.520
1232,bc2c14bd2bf7551f5633c01663847239,1232,94.0,3,1786546639514,2026-08-12T21:57:19.514
1233,bc2c14bd2bf7551f5633c01663847239,1233,93.0,3,1786546640516,2026-08-12T21:57:20.516
1234,bc2c14bd2bf7551f5633c01663847239,1234,93.0,3,1786546641500,2026-08-12T21:57:21.500
1235,bc2c14bd2bf7551f5633c01663847239,1235,93.0,3,1786546642523,2026-08-12T21:57:22.523
1236,bc2c14bd2bf7551f5633c01663847239,1236,93.0,3,1786546643507,2026-08-12T21:57:23.507
1237,bc2c14bd2bf7551f5633c01663847239,1237,93.0,3,1786546644506,2026-08-12T21:57:24.506
1238,bc2c14bd2bf7551f5633c01663847239,1238,93.0,3,1786546645506,2026-08-12T21:57:25.506
1239,bc2c14bd2bf7551f5633c01663847239,1239,94.0,3,1786546646508,2026-08-12T21:57:26.508
1240,bc2c14bd2bf7551f5633c01663847239,1240,94.0,3,1786546647502,2026-08-12T21:57:27.502
1241,bc2c14bd2bf7551f5633c01663847239,1241,94.0,3,1786546648504,2026-08-12T21:57:28.504
1242,bc2c14bd2bf7551f5633c01663847239,1242,94.0,3,1786546649503,2026-08-12T21:57:29.503
1243,bc2c14bd2bf7551f5633c01663847239,1243,95.0,3,1786546650504,2026-08-12T21:57:30.504
1244,bc2c14bd2bf7551f5633c01663847239,1244,95.0,3,1786546651502,2026-08-12T21:57:31.502
1245,bc2c14bd2bf7551f5633c01663847239,1245,95.0,3,1786546652501,2026-08-12T21:57:32.501
1246,bc2c14bd2bf7551f5633c01663847239,1246,94.0,3,1786546653502,2026-08-12T21:57:33.502
1247,bc2c14bd2bf7551f5633c01663847239,1247,93.0,3,1786546654500,2026-08-12T21:57:34.500
1248,bc2c14bd2bf7551f5633c01663847239,1248,93.0,3,1786546655500,2026-08-12T21:57:35.500
1249,bc2c14bd2bf7551f5633c01663847239,1249,93.0,3,1786546656500,2026-08-12T21:57:36.500
1250,bc2c14bd2bf7551f5633c01663847239,1250,92.0,3,1786546657500,2026-08-12T21:57:37.500
1251,bc2c14bd2bf7551f5633c01663847239,1251,92.0,3,1786546658500,2026-08-12T21:57:38.500
1252,bc2c14bd2bf7551f5633c01663847239,1252,91.0,3,1786546659500,2026-08-12T21:57:39.500
1253,bc2c14bd2bf7551f5633c01663847239,1253,91.0,3,1786546660501,2026-08-12T21:57:40.501
1254,bc2c14bd2bf7551f5633c01663847239,1254,91.0,3,1786546661503,2026-08-12T21:57:41.503
1255,bc2c14bd2bf7551f5633c01663847239,1255,91.0,3,1786546662502,2026-08-12T21:57:42.502
1256,bc2c14bd2bf7551f5633c01663847239,1256,92.0,3,1786546663503,2026-08-12T21:57:43.503
1257,bc2c14bd2bf7551f5633c01663847239,1257,92.0,3,1786546664501,2026-08-12T21:57:44.501
1258,bc2c14bd2bf7551f5633c01663847239,1258,91.0,3,1786546665500,2026-08-12T21:57:45.500
1259,bc2c14bd2bf7551f5633c01663847239,1259,91.0,3,1786546666500,2026-08-12T21:57:46.500
1260,bc2c14bd2bf7551f5633c01663847239,1260,91.0,3,1786546667500,2026-08-12T21:57:47.500
1261,bc2c14bd2bf7551f5633c01663847239,1261,91.0,3,1786546668500,2026-08-12T21:57:48.500
1262,bc2c14bd2bf7551f5633c01663847239,1262,92.0,3,1786546669500,2026-08-12T21:57:49.500
1263,bc2c14bd2bf7551f5633c01663847239,1263,92.0,3,1786546670500,2026-08-12T21:57:50.500
1264,bc2c14bd2bf7551f5633c01663847239,1264,94.0,3,1786546671500,2026-08-12T21:57:51.500
1265,bc2c14bd2bf7551f5633c01663847239,1265,95.0,3,1786546672500,2026-08-12T21:57:52.500
1266,bc2c14bd2bf7551f5633c01663847239,1266,96.0,3,1786546673500,2026-08-12T21:57:53.500
1267,bc2c14bd2bf7551f5633c01663847239,1267,97.0,3,1786546674500,2026-08-12T21:57:54.500
1268,bc2c14bd2bf7551f5633c01663847239,1268,98.0,3,1786546675500,2026-08-12T21:57:55.500
1269,bc2c14bd2bf7551f5633c01663847239,1269,100.0,3,1786546676500,2026-08-12T21:57:56.500
1270,bc2c14bd2bf7551f5633c01663847239,1270,100.0,3,1786546677510,2026-08-12T21:57:57.510
1271,bc2c14bd2bf7551f5633c01663847239,1271,100.0,3,1786546678506,2026-08-12T21:57:58.506
1272,bc2c14bd2bf7551f5633c01663847239,1272,100.0,3,1786546679507,2026-08-12T21:57:59.507
1273,bc2c14bd2bf7551f5633c01663847239,1273,100.0,3,1786546680509,2026-08-12T21:58:00.509
1274,bc2c14bd2bf7551f5633c01663847239,1274,99.0,3,1786546681505,2026-08-12T21:58:01.505
1275,bc2c14bd2bf7551f5633c01663847239,1275,98.0,3,1786546682500,2026-08-12T21:58:02.500
1276,bc2c14bd2bf7551f5633c01663847239,1276,97.0,3,1786546683500,2026-08-12T21:58:03.500
1277,bc2c14bd2bf7551f5633c01663847239,1277,96.0,3,1786546684500,2026-08-12T21:58:04.500
1278,bc2c14bd2bf7551f5633c01663847239,1278,96.0,3,1786546685501,2026-08-12T21:58:05.501
1279,bc2c14bd2bf7551f5633c01663847239,1279,94.0,3,1786546686500,2026-08-12T21:58:06.500
1280,bc2c14bd2bf7551f5633c01663847239,1280,93.0,3,1786546687500,2026-08-12T21:58:07.500
1281,bc2c14bd2bf7551f5633c01663847239,1281,93.0,3,1786546688500,2026-08-12T21:58:08.500
1282,bc2c14bd2bf7551f5633c01663847239,1282,92.0,3,1786546689501,2026-08-12T21:58:09.501
1283,bc2c14bd2bf7551f5633c01663847239,1283,92.0,3,1786546690504,2026-08-12T21:58:10.504
1284,bc2c14bd2bf7551f5633c01663847239,1284,92.0,3,1786546691501,2026-08-12T21:58:11.501
1285,bc2c14bd2bf7551f5633c01663847239,1285,91.0,3,1786546692503,2026-08-12T21:58:12.503
1286,bc2c14bd2bf7551f5633c01663847239,1286,91.0,3,1786546693502,2026-08-12T21:58:13.502
1287,bc2c14bd2bf7551f5633c01663847239,1287,91.0,3,1786546694503,2026-08-12T21:58:14.503
1288,bc2c14bd2bf7551f5633c01663847239,1288,91.0,3,1786546695500,2026-08-12T21:58:15.500
1289,bc2c14bd2bf7551f5633c01663847239,1289,91.0,3,1786546696503,2026-08-12T21:58:16.503
1290,bc2c14bd2bf7551f5633c01663847239,1290,91.0,3,1786546697503,2026-08-12T21:58:17.503
1291,bc2c14bd2bf7551f5633c01663847239,1291,91.0,3,1786546698503,2026-08-12T21:58:18.503
1292,bc2c14bd2bf7551f5633c01663847239,1292,91.0,3,1786546699500,2026-08-12T21:58:19.500
1293,bc2c14bd2bf7551f5633c01663847239,1293,92.0,3,1786546700500,2026-08-12T21:58:20.500
1294,bc2c14bd2bf7551f5633c01663847239,1294,92.0,3,1786546701500,2026-08-12T21:58:21.500
1295,bc2c14bd2bf7551f5633c01663847239,1295,92.0,3,1786546702501,2026-08-12T21:58:22.501
1296,bc2c14bd2bf7551f5633c01663847239,1296,92.0,3,1786546703501,2026-08-12T21:58:23.501
1297,bc2c14bd2bf7551f5633c01663847239,1297,92.0,3,1786546704501,2026-08-12T21:58:24.501
1298,bc2c14bd2bf7551f5633c01663847239,1298,92.0,3,1786546705502,2026-08-12T21:58:25.502
1299,bc2c14bd2bf7551f5633c01663847239,1299,92.0,3,1786546706500,2026-08-12T21:58:26.500
1300,bc2c14bd2bf7551f5633c01663847239,1300,92.0,3,1786546707500,2026-08-12T21:58:27.500
1301,bc2c14bd2bf7551f5633c01663847239,1301,93.0,3,1786546708501,2026-08-12T21:58:28.501
1302,bc2c14bd2bf7551f5633c01663847239,1302,93.0,3,1786546709500,2026-08-12T21:58:29.500
1303,bc2c14bd2bf7551f5633c01663847239,1303,93.0,3,1786546710507,2026-08-12T21:58:30.507
1304,bc2c14bd2bf7551f5633c01663847239,1304,93.0,3,1786546711506,2026-08-12T21:58:31.506
1305,bc2c14bd2bf7551f5633c01663847239,1305,92.0,3,1786546712509,2026-08-12T21:58:32.509
1306,bc2c14bd2bf7551f5633c01663847239,1306,92.0,3,1786546713507,2026-08-12T21:58:33.507
1307,bc2c14bd2bf7551f5633c01663847239,1307,92.0,3,1786546714511,2026-08-12T21:58:34.511
1308,bc2c14bd2bf7551f5633c01663847239,1308,92.0,3,1786546715507,2026-08-12T21:58:35.507
1309,bc2c14bd2bf7551f5633c01663847239,1309,92.0,3,1786546716507,2026-08-12T21:58:36.507
1310,bc2c14bd2bf7551f5633c01663847239,1310,92.0,3,1786546717506,2026-08-12T21:58:37.506
1311,bc2c14bd2bf7551f5633c01663847239,1311,91.0,3,1786546718507,2026-08-12T21:58:38.507
1312,bc2c14bd2bf7551f5633c01663847239,1312,91.0,3,1786546719505,2026-08-12T21:58:39.505
1313,bc2c14bd2bf7551f5633c01663847239,1313,91.0,3,1786546720506,2026-08-12T21:58:40.506
1314,bc2c14bd2bf7551f5633c01663847239,1314,91.0,3,1786546721504,2026-08-12T21:58:41.504
1315,bc2c14bd2bf7551f5633c01663847239,1315,91.0,3,1786546722500,2026-08-12T21:58:42.500
1316,bc2c14bd2bf7551f5633c01663847239,1316,91.0,3,1786546723503,2026-08-12T21:58:43.503
1317,bc2c14bd2bf7551f5633c01663847239,1317,91.0,3,1786546724501,2026-08-12T21:58:44.501
1318,bc2c14bd2bf7551f5633c01663847239,1318,91.0,3,1786546725500,2026-08-12T21:58:45.500
1319,bc2c14bd2bf7551f5633c01663847239,1319,91.0,3,1786546726501,2026-08-12T21:58:46.501
1320,bc2c14bd2bf7551f5633c01663847239,1320,91.0,3,1786546727500,2026-08-12T21:58:47.500
1321,bc2c14bd2bf7551f5633c01663847239,1321,91.0,3,1786546728500,2026-08-12T21:58:48.500
1322,bc2c14bd2bf7551f5633c01663847239,1322,91.0,3,1786546729500,2026-08-12T21:58:49.500
1323,bc2c14bd2bf7551f5633c01663847239,1323,91.0,3,1786546730501,2026-08-12T21:58:50.501
1324,bc2c14bd2bf7551f5633c01663847239,1324,91.0,3,1786546731500,2026-08-12T21:58:51.500
1325,bc2c14bd2bf7551f5633c01663847239,1325,92.0,3,1786546732500,2026-08-12T21:58:52.500
1326,bc2c14bd2bf7551f5633c01663847239,1326,92.0,3,1786546733500,2026-08-12T21:58:53.500
1327,bc2c14bd2bf7551f5633c01663847239,1327,92.0,3,1786546734504,2026-08-12T21:58:54.504
1328,bc2c14bd2bf7551f5633c01663847239,1328,92.0,3,1786546735501,2026-08-12T21:58:55.501
1329,bc2c14bd2bf7551f5633c01663847239,1329,92.0,3,1786546736502,2026-08-12T21:58:56.502
1330,bc2c14bd2bf7551f5633c01663847239,1330,92.0,3,1786546737501,2026-08-12T21:58:57.501
1331,bc2c14bd2bf7551f5633c01663847239,1331,92.0,3,1786546738501,2026-08-12T21:58:58.501
1332,bc2c14bd2bf7551f5633c01663847239,1332,92.0,3,1786546739501,2026-08-12T21:58:59.501
1333,bc2c14bd2bf7551f5633c01663847239,1333,92.0,3,1786546740501,2026-08-12T21:59:00.501
1334,bc2c14bd2bf7551f5633c01663847239,1334,93.0,3,1786546741500,2026-08-12T21:59:01.500
1335,bc2c14bd2bf7551f5633c01663847239,1335,94.0,3,1786546742501,2026-08-12T21:59:02.501
1336,bc2c14bd2bf7551f5633c01663847239,1336,94.0,3,1786546743500,2026-08-12T21:59:03.500
1337,bc2c14bd2bf7551f5633c01663847239,1337,94.0,3,1786546744501,2026-08-12T21:59:04.501
1338,bc2c14bd2bf7551f5633c01663847239,1338,94.0,3,1786546745501,2026-08-12T21:59:05.501
1339,bc2c14bd2bf7551f5633c01663847239,1339,95.0,3,1786546746500,2026-08-12T21:59:06.500
1340,bc2c14bd2bf7551f5633c01663847239,1340,94.0,3,1786546747500,2026-08-12T21:59:07.500
1341,bc2c14bd2bf7551f5633c01663847239,1341,94.0,3,1786546748502,2026-08-12T21:59:08.502
1342,bc2c14bd2bf7551f5633c01663847239,1342,95.0,3,1786546749500,2026-08-12T21:59:09.500
1343,bc2c14bd2bf7551f5633c01663847239,1343,95.0,3,1786546750500,2026-08-12T21:59:10.500
1344,bc2c14bd2bf7551f5633c01663847239,1344,95.0,3,1786546751500,2026-08-12T21:59:11.500
1345,bc2c14bd2bf7551f5633c01663847239,1345,95.0,3,1786546752500,2026-08-12T21:59:12.500
1346,bc2c14bd2bf7551f5633c01663847239,1346,94.0,3,1786546753500,2026-08-12T21:59:13.500
1347,bc2c14bd2bf7551f5633c01663847239,1347,93.0,3,1786546754500,2026-08-12T21:59:14.500
1348,bc2c14bd2bf7551f5633c01663847239,1348,92.0,3,1786546755502,2026-08-12T21:59:15.502
1349,bc2c14bd2bf7551f5633c01663847239,1349,92.0,3,1786546756501,2026-08-12T21:59:16.501
1350,bc2c14bd2bf7551f5633c01663847239,1350,92.0,3,1786546757509,2026-08-12T21:59:17.509
1351,bc2c14bd2bf7551f5633c01663847239,1351,92.0,3,1786546758510,2026-08-12T21:59:18.510
1352,bc2c14bd2bf7551f5633c01663847239,1352,92.0,3,1786546759500,2026-08-12T21:59:19.500
1353,bc2c14bd2bf7551f5633c01663847239,1353,92.0,3,1786546760510,2026-08-12T21:59:20.510
1354,bc2c14bd2bf7551f5633c01663847239,1354,93.0,3,1786546761507,2026-08-12T21:59:21.507
1355,bc2c14bd2bf7551f5633c01663847239,1355,93.0,3,1786546762506,2026-08-12T21:59:22.506
1356,bc2c14bd2bf7551f5633c01663847239,1356,92.0,3,1786546763506,2026-08-12T21:59:23.506
1357,bc2c14bd2bf7551f5633c01663847239,1357,91.0,3,1786546764506,2026-08-12T21:59:24.506
1358,bc2c14bd2bf7551f5633c01663847239,1358,91.0,3,1786546765504,2026-08-12T21:59:25.504
1359,bc2c14bd2bf7551f5633c01663847239,1359,91.0,3,1786546766503,2026-08-12T21:59:26.503
1360,bc2c14bd2bf7551f5633c01663847239,1360,92.0,3,1786546767516,2026-08-12T21:59:27.516
1361,bc2c14bd2bf7551f5633c01663847239,1361,93.0,3,1786546768505,2026-08-12T21:59:28.505
1362,bc2c14bd2bf7551f5633c01663847239,1362,93.0,3,1786546769506,2026-08-12T21:59:29.506
1363,bc2c14bd2bf7551f5633c01663847239,1363,93.0,3,1786546770504,2026-08-12T21:59:30.504
1364,bc2c14bd2bf7551f5633c01663847239,1364,92.0,3,1786546771504,2026-08-12T21:59:31.504
1365,bc2c14bd2bf7551f5633c01663847239,1365,91.0,3,1786546772516,2026-08-12T21:59:32.516
1366,bc2c14bd2bf7551f5633c01663847239,1366,91.0,3,1786546773507,2026-08-12T21:59:33.507
1367,bc2c14bd2bf7551f5633c01663847239,1367,91.0,3,1786546774506,2026-08-12T21:59:34.506
1368,bc2c14bd2bf7551f5633c01663847239,1368,92.0,3,1786546775503,2026-08-12T21:59:35.503
1369,bc2c14bd2bf7551f5633c01663847239,1369,93.0,3,1786546776508,2026-08-12T21:59:36.508
1370,bc2c14bd2bf7551f5633c01663847239,1370,94.0,3,1786546777508,2026-08-12T21:59:37.508
1371,bc2c14bd2bf7551f5633c01663847239,1371,94.0,3,1786546778516,2026-08-12T21:59:38.516
1372,bc2c14bd2bf7551f5633c01663847239,1372,94.0,3,1786546779510,2026-08-12T21:59:39.510
1373,bc2c14bd2bf7551f5633c01663847239,1373,94.0,3,1786546780503,2026-08-12T21:59:40.503
1374,bc2c14bd2bf7551f5633c01663847239,1374,93.0,3,1786546781517,2026-08-12T21:59:41.517
1375,bc2c14bd2bf7551f5633c01663847239,1375,92.0,3,1786546782508,2026-08-12T21:59:42.508
1376,bc2c14bd2bf7551f5633c01663847239,1376,91.0,3,1786546783508,2026-08-12T21:59:43.508
1377,bc2c14bd2bf7551f5633c01663847239,1377,90.0,3,1786546784509,2026-08-12T21:59:44.509
1378,bc2c14bd2bf7551f5633c01663847239,1378,89.0,3,1786546785507,2026-08-12T21:59:45.507
1379,bc2c14bd2bf7551f5633c01663847239,1379,89.0,3,1786546786507,2026-08-12T21:59:46.507
1380,bc2c14bd2bf7551f5633c01663847239,1380,89.0,3,1786546787508,2026-08-12T21:59:47.508
1381,bc2c14bd2bf7551f5633c01663847239,1381,88.0,3,1786546788508,2026-08-12T21:59:48.508
1382,bc2c14bd2bf7551f5633c01663847239,1382,88.0,3,1786546789500,2026-08-12T21:59:49.500
1383,bc2c14bd2bf7551f5633c01663847239,1383,88.0,3,1786546790510,2026-08-12T21:59:50.510
1384,bc2c14bd2bf7551f5633c01663847239,1384,89.0,3,1786546791507,2026-08-12T21:59:51.507
1385,bc2c14bd2bf7551f5633c01663847239,1385,88.0,3,1786546792507,2026-08-12T21:59:52.507
1386,bc2c14bd2bf7551f5633c01663847239,1386,89.0,3,1786546793509,2026-08-12T21:59:53.509
1387,bc2c14bd2bf7551f5633c01663847239,1387,89.0,3,1786546794510,2026-08-12T21:59:54.510
1388,bc2c14bd2bf7551f5633c01663847239,1388,89.0,3,1786546795518,2026-08-12T21:59:55.518
1389,bc2c14bd2bf7551f5633c01663847239,1389,90.0,3,1786546796507,2026-08-12T21:59:56.507
1390,bc2c14bd2bf7551f5633c01663847239,1390,90.0,3,1786546797510,2026-08-12T21:59:57.510
1391,bc2c14bd2bf7551f5633c01663847239,1391,90.0,3,1786546798509,2026-08-12T21:59:58.509
1392,bc2c14bd2bf7551f5633c01663847239,1392,91.0,3,1786546799510,2026-08-12T21:59:59.510
1393,bc2c14bd2bf7551f5633c01663847239,1393,92.0,3,1786546800501,2026-08-12T22:00:00.501
1394,bc2c14bd2bf7551f5633c01663847239,1394,92.0,3,1786546801501,2026-08-12T22:00:01.501
1395,bc2c14bd2bf7551f5633c01663847239,1395,92.0,3,1786546802506,2026-08-12T22:00:02.506
1396,bc2c14bd2bf7551f5633c01663847239,1396,92.0,3,1786546803505,2026-08-12T22:00:03.505
1397,bc2c14bd2bf7551f5633c01663847239,1397,93.0,3,1786546804508,2026-08-12T22:00:04.508
1398,bc2c14bd2bf7551f5633c01663847239,1398,93.0,3,1786546805503,2026-08-12T22:00:05.503
1399,bc2c14bd2bf7551f5633c01663847239,1399,93.0,3,1786546806500,2026-08-12T22:00:06.500
1400,bc2c14bd2bf7551f5633c01663847239,1400,93.0,3,1786546807502,2026-08-12T22:00:07.502
1401,bc2c14bd2bf7551f5633c01663847239,1401,93.0,3,1786546808500,2026-08-12T22:00:08.500
1402,bc2c14bd2bf7551f5633c01663847239,1402,94.0,3,1786546809501,2026-08-12T22:00:09.501
1403,bc2c14bd2bf7551f5633c01663847239,1403,94.0,3,1786546810501,2026-08-12T22:00:10.501
1404,bc2c14bd2bf7551f5633c01663847239,1404,95.0,3,1786546811500,2026-08-12T22:00:11.500
1405,bc2c14bd2bf7551f5633c01663847239,1405,95.0,3,1786546812500,2026-08-12T22:00:12.500
1406,bc2c14bd2bf7551f5633c01663847239,1406,94.0,3,1786546813500,2026-08-12T22:00:13.500
1407,bc2c14bd2bf7551f5633c01663847239,1407,94.0,3,1786546814500,2026-08-12T22:00:14.500
1408,bc2c14bd2bf7551f5633c01663847239,1408,94.0,3,1786546815501,2026-08-12T22:00:15.501
1409,bc2c14bd2bf7551f5633c01663847239,1409,94.0,3,1786546816502,2026-08-12T22:00:16.502
1410,bc2c14bd2bf7551f5633c01663847239,1410,94.0,3,1786546817503,2026-08-12T22:00:17.503
1411,bc2c14bd2bf7551f5633c01663847239,1411,95.0,3,1786546818500,2026-08-12T22:00:18.500
1412,bc2c14bd2bf7551f5633c01663847239,1412,95.0,3,1786546819500,2026-08-12T22:00:19.500
1413,bc2c14bd2bf7551f5633c01663847239,1413,95.0,3,1786546820500,2026-08-12T22:00:20.500
1414,bc2c14bd2bf7551f5633c01663847239,1414,95.0,3,1786546821500,2026-08-12T22:00:21.500
1415,bc2c14bd2bf7551f5633c01663847239,1415,95.0,3,1786546822500,2026-08-12T22:00:22.500
1416,bc2c14bd2bf7551f5633c01663847239,1416,95.0,3,1786546823502,2026-08-12T22:00:23.502
1417,bc2c14bd2bf7551f5633c01663847239,1417,94.0,3,1786546824500,2026-08-12T22:00:24.500
1418,bc2c14bd2bf7551f5633c01663847239,1418,93.0,3,1786546825500,2026-08-12T22:00:25.500
1419,bc2c14bd2bf7551f5633c01663847239,1419,93.0,3,1786546826500,2026-08-12T22:00:26.500
1420,bc2c14bd2bf7551f5633c01663847239,1420,92.0,3,1786546827500,2026-08-12T22:00:27.500
1421,bc2c14bd2bf7551f5633c01663847239,1421,92.0,3,1786546828501,2026-08-12T22:00:28.501
1422,bc2c14bd2bf7551f5633c01663847239,1422,91.0,3,1786546829502,2026-08-12T22:00:29.502
1423,bc2c14bd2bf7551f5633c01663847239,1423,91.0,3,1786546830521,2026-08-12T22:00:30.521
1424,bc2c14bd2bf7551f5633c01663847239,1424,91.0,3,1786546831505,2026-08-12T22:00:31.505
1425,bc2c14bd2bf7551f5633c01663847239,1425,91.0,3,1786546832505,2026-08-12T22:00:32.505
1426,bc2c14bd2bf7551f5633c01663847239,1426,91.0,3,1786546833500,2026-08-12T22:00:33.500
1427,bc2c14bd2bf7551f5633c01663847239,1427,92.0,3,1786546834500,2026-08-12T22:00:34.500
1428,bc2c14bd2bf7551f5633c01663847239,1428,93.0,3,1786546835500,2026-08-12T22:00:35.500
1429,bc2c14bd2bf7551f5633c01663847239,1429,94.0,3,1786546836500,2026-08-12T22:00:36.500
1430,bc2c14bd2bf7551f5633c01663847239,1430,93.0,3,1786546837501,2026-08-12T22:00:37.501
1431,bc2c14bd2bf7551f5633c01663847239,1431,93.0,3,1786546838500,2026-08-12T22:00:38.500
1432,bc2c14bd2bf7551f5633c01663847239,1432,92.0,3,1786546839501,2026-08-12T22:00:39.501
1433,bc2c14bd2bf7551f5633c01663847239,1433,91.0,3,1786546840500,2026-08-12T22:00:40.500
1434,bc2c14bd2bf7551f5633c01663847239,1434,90.0,3,1786546841500,2026-08-12T22:00:41.500
1435,bc2c14bd2bf7551f5633c01663847239,1435,90.0,3,1786546842500,2026-08-12T22:00:42.500
