id,device_id,bpm,accuracy,time_ms,time_iso,synced,fresh
1,bc2c14bd2bf7551f5633c01663847239,92.0,3,1786545408501,2026-08-12T21:36:48.501,1,1
2,bc2c14bd2bf7551f5633c01663847239,93.0,3,1786545409500,2026-08-12T21:36:49.500,1,1
3,bc2c14bd2bf7551f5633c01663847239,93.0,3,1786545410500,2026-08-12T21:36:50.500,1,1
4,bc2c14bd2bf7551f5633c01663847239,94.0,3,1786545411500,2026-08-12T21:36:51.500,1,1
5,bc2c14bd2bf7551f5633c01663847239,95.0,3,1786545412501,2026-08-12T21:36:52.501,1,1
6,bc2c14bd2bf7551f5633c01663847239,96.0,3,1786545413501,2026-08-12T21:36:53.501,1,1
7,bc2c14bd2bf7551f5633c01663847239,97.0,3,1786545414509,2026-08-12T21:36:54.509,1,1
8,bc2c14bd2bf7551f5633c01663847239,97.0,3,1786545415502,2026-08-12T21:36:55.502,1,1
9,bc2c14bd2bf7551f5633c01663847239,97.0,3,1786545416500,2026-08-12T21:36:56.500,1,1
10,bc2c14bd2bf7551f5633c01663847239,96.0,3,1786545417500,2026-08-12T21:36:57.500,1,1
11,bc2c14bd2bf7551f5633c01663847239,95.0,3,1786545418500,2026-08-12T21:36:58.500,1,1
12,bc2c14bd2bf7551f5633c01663847239,94.0,3,1786545419500,2026-08-12T21:36:59.500,1,1
13,bc2c14bd2bf7551f5633c01663847239,93.0,3,1786545420500,2026-08-12T21:37:00.500,1,1
14,bc2c14bd2bf7551f5633c01663847239,92.0,3,1786545421500,2026-08-12T21:37:01.500,1,1
15,bc2c14bd2bf7551f5633c01663847239,91.0,3,1786545422500,2026-08-12T21:37:02.500,1,1
16,bc2c14bd2bf7551f5633c01663847239,91.0,3,1786545423500,2026-08-12T21:37:03.500,1,1
17,bc2c14bd2bf7551f5633c01663847239,91.0,3,1786545424500,2026-08-12T21:37:04.500,1,1
18,bc2c14bd2bf7551f5633c01663847239,90.0,3,1786545425500,2026-08-12T21:37:05.500,1,1
19,bc2c14bd2bf7551f5633c01663847239,90.0,3,1786545426501,2026-08-12T21:37:06.501,1,1
20,bc2c14bd2bf7551f5633c01663847239,91.0,3,1786545427500,2026-08-12T21:37:07.500,1,1
21,bc2c14bd2bf7551f5633c01663847239,90.0,3,1786545428501,2026-08-12T21:37:08.501,1,1
22,bc2c14bd2bf7551f5633c01663847239,90.0,3,1786545429500,2026-08-12T21:37:09.500,1,1
23,bc2c14bd2bf7551f5633c01663847239,91.0,3,1786545430500,2026-08-12T21:37:10.500,1,1
24,bc2c14bd2bf7551f5633c01663847239,92.0,3,1786545431500,2026-08-12T21:37:11.500,1,1
25,bc2c14bd2bf7551f5633c01663847239,93.0,3,1786545432500,2026-08-12T21:37:12.500,1,1
26,bc2c14bd2bf7551f5633c01663847239,94.0,3,1786545433500,2026-08-12T21:37:13.500,1,1
27,bc2c14bd2bf7551f5633c01663847239,94.0,3,1786545434500,2026-08-12T21:37:14.500,1,1
28,bc2c14bd2bf7551f5633c01663847239,94.0,3,1786545435500,2026-08-12T21:37:15.500,1,1
29,bc2c14bd2bf7551f5633c01663847239,95.0,3,1786545436500,2026-08-12T21:37:16.500,1,1
30,bc2c14bd2bf7551f5633c01663847239,95.0,3,1786545437510,2026-08-12T21:37:17.510,1,1
31,bc2c14bd2bf7551f5633c01663847239,95.0,3,1786545438502,2026-08-12T21:37:18.502,1,1
32,bc2c14bd2bf7551f5633c01663847239,96.0,3,1786545439505,2026-08-12T21:37:19.505,1,1
33,bc2c14bd2bf7551f5633c01663847239,95.0,3,1786545440501,2026-08-12T21:37:20.501,1,1
34,bc2c14bd2bf7551f5633c01663847239,95.0,3,1786545441504,2026-08-12T21:37:21.504,1,1
35,bc2c14bd2bf7551f5633c01663847239,96.0,3,1786545442500,2026-08-12T21:37:22.500,1,1
36,bc2c14bd2bf7551f5633c01663847239,96.0,3,1786545443501,2026-08-12T21:37:23.501,1,1
37,bc2c14bd2bf7551f5633c01663847239,96.0,3,1786545444500,2026-08-12T21:37:24.500,1,1
38,bc2c14bd2bf7551f5633c01663847239,96.0,3,1786545445500,2026-08-12T21:37:25.500,1,1
39,bc2c14bd2bf7551f5633c01663847239,95.0,3,1786545446502,2026-08-12T21:37:26.502,1,1
40,bc2c14bd2bf7551f5633c01663847239,96.0,3,1786545447501,2026-08-12T21:37:27.501,1,1
41,bc2c14bd2bf7551f5633c01663847239,96.0,3,1786545448500,2026-08-12T21:37:28.500,1,1
42,bc2c14bd2bf7551f5633c01663847239,97.0,3,1786545449500,2026-08-12T21:37:29.500,1,1
43,bc2c14bd2bf7551f5633c01663847239,97.0,3,1786545450500,2026-08-12T21:37:30.500,1,1
44,bc2c14bd2bf7551f5633c01663847239,98.0,3,1786545451500,2026-08-12T21:37:31.500,1,1
45,bc2c14bd2bf7551f5633c01663847239,99.0,3,1786545452500,2026-08-12T21:37:32.500,1,1
46,bc2c14bd2bf7551f5633c01663847239,98.0,3,1786545453501,2026-08-12T21:37:33.501,1,1
47,bc2c14bd2bf7551f5633c01663847239,97.0,3,1786545454500,2026-08-12T21:37:34.500,1,1
48,bc2c14bd2bf7551f5633c01663847239,96.0,3,1786545455500,2026-08-12T21:37:35.500,1,1
49,bc2c14bd2bf7551f5633c01663847239,96.0,3,1786545456504,2026-08-12T21:37:36.504,1,1
50,bc2c14bd2bf7551f5633c01663847239,96.0,3,1786545457503,2026-08-12T21:37:37.503,1,1
51,bc2c14bd2bf7551f5633c01663847239,96.0,3,1786545458510,2026-08-12T21:37:38.510,1,1
52,bc2c14bd2bf7551f5633c01663847239,98.0,3,1786545459510,2026-08-12T21:37:39.510,1,1
53,bc2c14bd2bf7551f5633c01663847239,98.0,3,1786545460505,2026-08-12T21:37:40.505,1,1
54,bc2c14bd2bf7551f5633c01663847239,97.0,3,1786545461506,2026-08-12T21:37:41.506,1,1
55,bc2c14bd2bf7551f5633c01663847239,97.0,3,1786545462500,2026-08-12T21:37:42.500,1,1
56,bc2c14bd2bf7551f5633c01663847239,97.0,3,1786545463502,2026-08-12T21:37:43.502,1,1
57,bc2c14bd2bf7551f5633c01663847239,96.0,3,1786545464502,2026-08-12T21:37:44.502,1,1
58,bc2c14bd2bf7551f5633c01663847239,96.0,3,1786545465502,2026-08-12T21:37:45.502,1,1
59,bc2c14bd2bf7551f5633c01663847239,96.0,3,1786545466503,2026-08-12T21:37:46.503,1,1
60,bc2c14bd2bf7551f5633c01663847239,96.0,3,1786545467503,2026-08-12T21:37:47.503,1,1
61,bc2c14bd2bf7551f5633c01663847239,96.0,3,1786545468503,2026-08-12T21:37:48.503,1,1
62,bc2c14bd2bf7551f5633c01663847239,95.0,3,1786545469503,2026-08-12T21:37:49.503,1,1
63,bc2c14bd2bf7551f5633c01663847239,95.0,3,1786545470503,2026-08-12T21:37:50.503,1,1
64,bc2c14bd2bf7551f5633c01663847239,95.0,3,1786545471502,2026-08-12T21:37:51.502,1,1
65,bc2c14bd2bf7551f5633c01663847239,94.0,3,1786545472502,2026-08-12T21:37:52.502,1,1
66,bc2c14bd2bf7551f5633c01663847239,93.0,3,1786545473500,2026-08-12T21:37:53.500,1,1
67,bc2c14bd2bf7551f5633c01663847239,92.0,3,1786545474500,2026-08-12T21:37:54.500,1,1
68,bc2c14bd2bf7551f5633c01663847239,92.0,3,1786545475500,2026-08-12T21:37:55.500,1,1
69,bc2c14bd2bf7551f5633c01663847239,93.0,3,1786545476504,2026-08-12T21:37:56.504,1,1
70,bc2c14bd2bf7551f5633c01663847239,92.0,3,1786545477503,2026-08-12T21:37:57.503,1,1
71,bc2c14bd2bf7551f5633c01663847239,92.0,3,1786545478501,2026-08-12T21:37:58.501,1,1
72,bc2c14bd2bf7551f5633c01663847239,92.0,3,1786545479506,2026-08-12T21:37:59.506,1,1
73,bc2c14bd2bf7551f5633c01663847239,93.0,3,1786545480506,2026-08-12T21:38:00.506,1,1
74,bc2c14bd2bf7551f5633c01663847239,93.0,3,1786545481504,2026-08-12T21:38:01.504,1,1
75,bc2c14bd2bf7551f5633c01663847239,93.0,3,1786545482502,2026-08-12T21:38:02.502,1,1
76,bc2c14bd2bf7551f5633c01663847239,93.0,3,1786545483501,2026-08-12T21:38:03.501,1,1
77,bc2c14bd2bf7551f5633c01663847239,92.0,3,1786545484500,2026-08-12T21:38:04.500,1,1
78,bc2c14bd2bf7551f5633c01663847239,91.0,3,1786545485500,2026-08-12T21:38:05.500,1,1
79,bc2c14bd2bf7551f5633c01663847239,91.0,3,1786545486500,2026-08-12T21:38:06.500,1,1
80,bc2c14bd2bf7551f5633c01663847239,91.0,3,1786545487500,2026-08-12T21:38:07.500,1,1
81,bc2c14bd2bf7551f5633c01663847239,91.0,3,1786545488501,2026-08-12T21:38:08.501,1,1
82,bc2c14bd2bf7551f5633c01663847239,91.0,3,1786545489501,2026-08-12T21:38:09.501,1,1
83,bc2c14bd2bf7551f5633c01663847239,91.0,3,1786545490503,2026-08-12T21:38:10.503,1,1
84,bc2c14bd2bf7551f5633c01663847239,90.0,3,1786545491502,2026-08-12T21:38:11.502,1,1
85,bc2c14bd2bf7551f5633c01663847239,90.0,3,1786545492502,2026-08-12T21:38:12.502,1,1
86,bc2c14bd2bf7551f5633c01663847239,89.0,3,1786545493500,2026-08-12T21:38:13.500,1,1
87,bc2c14bd2bf7551f5633c01663847239,89.0,3,1786545494501,2026-08-12T21:38:14.501,1,1
88,bc2c14bd2bf7551f5633c01663847239,89.0,3,1786545495500,2026-08-12T21:38:15.500,1,1
89,bc2c14bd2bf7551f5633c01663847239,89.0,3,1786545496501,2026-08-12T21:38:16.501,1,1
90,bc2c14bd2bf7551f5633c01663847239,89.0,3,1786545497500,2026-08-12T21:38:17.500,1,1
91,bc2c14bd2bf7551f5633c01663847239,90.0,3,1786545498504,2026-08-12T21:38:18.504,1,1
92,bc2c14bd2bf7551f5633c01663847239,89.0,3,1786545499500,2026-08-12T21:38:19.500,1,1
93,bc2c14bd2bf7551f5633c01663847239,89.0,3,1786545500500,2026-08-12T21:38:20.500,1,1
94,bc2c14bd2bf7551f5633c01663847239,90.0,3,1786545501511,2026-08-12T21:38:21.511,1,1
95,bc2c14bd2bf7551f5633c01663847239,91.0,3,1786545502508,2026-08-12T21:38:22.508,1,1
96,bc2c14bd2bf7551f5633c01663847239,92.0,3,1786545503507,2026-08-12T21:38:23.507,1,1
97,bc2c14bd2bf7551f5633c01663847239,93.0,3,1786545504504,2026-08-12T21:38:24.504,1,1
98,bc2c14bd2bf7551f5633c01663847239,94.0,3,1786545505505,2026-08-12T21:38:25.505,1,1
99,bc2c14bd2bf7551f5633c01663847239,95.0,3,1786545506503,2026-08-12T21:38:26.503,1,1
100,bc2c14bd2bf7551f5633c01663847239,96.0,3,1786545507500,2026-08-12T21:38:27.500,1,1
101,bc2c14bd2bf7551f5633c01663847239,94.0,3,1786545508500,2026-08-12T21:38:28.500,1,1
102,bc2c14bd2bf7551f5633c01663847239,93.0,3,1786545509501,2026-08-12T21:38:29.501,1,1
103,bc2c14bd2bf7551f5633c01663847239,93.0,3,1786545510500,2026-08-12T21:38:30.500,1,1
104,bc2c14bd2bf7551f5633c01663847239,93.0,3,1786545511500,2026-08-12T21:38:31.500,1,1
105,bc2c14bd2bf7551f5633c01663847239,93.0,3,1786545512502,2026-08-12T21:38:32.502,1,1
106,bc2c14bd2bf7551f5633c01663847239,93.0,3,1786545513501,2026-08-12T21:38:33.501,1,1
107,bc2c14bd2bf7551f5633c01663847239,94.0,3,1786545514500,2026-08-12T21:38:34.500,1,1
108,bc2c14bd2bf7551f5633c01663847239,94.0,3,1786545515502,2026-08-12T21:38:35.502,1,1
109,bc2c14bd2bf7551f5633c01663847239,94.0,3,1786545516500,2026-08-12T21:38:36.500,1,1
110,bc2c14bd2bf7551f5633c01663847239,94.0,3,1786545517503,2026-08-12T21:38:37.503,1,1
111,bc2c14bd2bf7551f5633c01663847239,94.0,3,1786545518500,2026-08-12T21:38:38.500,1,1
112,bc2c14bd2bf7551f5633c01663847239,94.0,3,1786545519500,2026-08-12T21:38:39.500,1,1
113,bc2c14bd2bf7551f5633c01663847239,94.0,3,1786545520507,2026-08-12T21:38:40.507,1,1
114,bc2c14bd2bf7551f5633c01663847239,95.0,3,1786545521506,2026-08-12T21:38:41.506,1,1
115,bc2c14bd2bf7551f5633c01663847239,95.0,3,1786545522504,2026-08-12T21:38:42.504,1,1
116,bc2c14bd2bf7551f5633c01663847239,95.0,3,1786545523502,2026-08-12T21:38:43.502,1,1
117,bc2c14bd2bf7551f5633c01663847239,95.0,3,1786545524503,2026-08-12T21:38:44.503,1,1
118,bc2c14bd2bf7551f5633c01663847239,95.0,3,1786545525501,2026-08-12T21:38:45.501,1,1
119,bc2c14bd2bf7551f5633c01663847239,96.0,3,1786545526500,2026-08-12T21:38:46.500,1,1
120,bc2c14bd2bf7551f5633c01663847239,96.0,3,1786545527500,2026-08-12T21:38:47.500,1,1
121,bc2c14bd2bf7551f5633c01663847239,97.0,3,1786545528500,2026-08-12T21:38:48.500,1,1
122,bc2c14bd2bf7551f5633c01663847239,98.0,3,1786545529500,2026-08-12T21:38:49.500,1,1
123,bc2c14bd2bf7551f5633c01663847239,99.0,3,1786545530501,2026-08-12T21:38:50.501,1,1
124,bc2c14bd2bf7551f5633c01663847239,98.0,3,1786545531500,2026-08-12T21:38:51.500,1,1
125,bc2c14bd2bf7551f5633c01663847239,97.0,3,1786545532501,2026-08-12T21:38:52.501,1,1
126,bc2c14bd2bf7551f5633c01663847239,96.0,3,1786545533500,2026-08-12T21:38:53.500,1,1
127,bc2c14bd2bf7551f5633c01663847239,95.0,3,1786545534505,2026-08-12T21:38:54.505,1,1
128,bc2c14bd2bf7551f5633c01663847239,95.0,3,1786545535503,2026-08-12T21:38:55.503,1,1
129,bc2c14bd2bf7551f5633c01663847239,95.0,3,1786545536503,2026-08-12T21:38:56.503,1,1
130,bc2c14bd2bf7551f5633c01663847239,94.0,3,1786545537503,2026-08-12T21:38:57.503,1,1
131,bc2c14bd2bf7551f5633c01663847239,94.0,3,1786545538502,2026-08-12T21:38:58.502,1,1
132,bc2c14bd2bf7551f5633c01663847239,94.0,3,1786545539502,2026-08-12T21:38:59.502,1,1
133,bc2c14bd2bf7551f5633c01663847239,94.0,3,1786545540502,2026-08-12T21:39:00.502,1,1
134,bc2c14bd2bf7551f5633c01663847239,93.0,3,1786545541503,2026-08-12T21:39:01.503,1,1
135,bc2c14bd2bf7551f5633c01663847239,92.0,3,1786545542503,2026-08-12T21:39:02.503,1,1
136,bc2c14bd2bf7551f5633c01663847239,92.0,3,1786545543502,2026-08-12T21:39:03.502,1,1
137,bc2c14bd2bf7551f5633c01663847239,91.0,3,1786545544503,2026-08-12T21:39:04.503,1,1
138,bc2c14bd2bf7551f5633c01663847239,91.0,3,1786545545503,2026-08-12T21:39:05.503,1,1
139,bc2c14bd2bf7551f5633c01663847239,91.0,3,1786545546503,2026-08-12T21:39:06.503,1,1
140,bc2c14bd2bf7551f5633c01663847239,91.0,3,1786545547503,2026-08-12T21:39:07.503,1,1
141,bc2c14bd2bf7551f5633c01663847239,91.0,3,1786545548503,2026-08-12T21:39:08.503,1,1
142,bc2c14bd2bf7551f5633c01663847239,91.0,3,1786545549503,2026-08-12T21:39:09.503,1,1
143,bc2c14bd2bf7551f5633c01663847239,91.0,3,1786545550503,2026-08-12T21:39:10.503,1,1
144,bc2c14bd2bf7551f5633c01663847239,91.0,3,1786545551503,2026-08-12T21:39:11.503,1,1
145,bc2c14bd2bf7551f5633c01663847239,92.0,3,1786545552503,2026-08-12T21:39:12.503,1,1
146,bc2c14bd2bf7551f5633c01663847239,91.0,3,1786545553502,2026-08-12T21:39:13.502,1,1
147,bc2c14bd2bf7551f5633c01663847239,92.0,3,1786545554503,2026-08-12T21:39:14.503,1,1
148,bc2c14bd2bf7551f5633c01663847239,93.0,3,1786545555500,2026-08-12T21:39:15.500,1,1
149,bc2c14bd2bf7551f5633c01663847239,93.0,3,1786545556504,2026-08-12T21:39:16.504,1,1
150,bc2c14bd2bf7551f5633c01663847239,94.0,3,1786545557502,2026-08-12T21:39:17.502,1,1
151,bc2c14bd2bf7551f5633c01663847239,95.0,3,1786545558504,2026-08-12T21:39:18.504,1,1
152,bc2c14bd2bf7551f5633c01663847239,96.0,3,1786545559504,2026-08-12T21:39:19.504,1,1
153,bc2c14bd2bf7551f5633c01663847239,96.0,3,1786545560506,2026-08-12T21:39:20.506,1,0
154,bc2c14bd2bf7551f5633c01663847239,97.0,3,1786545561504,2026-08-12T21:39:21.504,1,1
155,bc2c14bd2bf7551f5633c01663847239,98.0,3,1786545562504,2026-08-12T21:39:22.504,1,1
156,bc2c14bd2bf7551f5633c01663847239,99.0,3,1786545563502,2026-08-12T21:39:23.502,1,1
157,bc2c14bd2bf7551f5633c01663847239,99.0,3,1786545564500,2026-08-12T21:39:24.500,1,1
158,bc2c14bd2bf7551f5633c01663847239,99.0,3,1786545565500,2026-08-12T21:39:25.500,1,1
159,bc2c14bd2bf7551f5633c01663847239,98.0,3,1786545566500,2026-08-12T21:39:26.500,1,1
160,bc2c14bd2bf7551f5633c01663847239,98.0,3,1786545567500,2026-08-12T21:39:27.500,1,1
161,bc2c14bd2bf7551f5633c01663847239,97.0,3,1786545568500,2026-08-12T21:39:28.500,1,1
162,bc2c14bd2bf7551f5633c01663847239,97.0,3,1786545569501,2026-08-12T21:39:29.501,1,1
163,bc2c14bd2bf7551f5633c01663847239,96.0,3,1786545570500,2026-08-12T21:39:30.500,1,1
164,bc2c14bd2bf7551f5633c01663847239,96.0,3,1786545571500,2026-08-12T21:39:31.500,1,1
165,bc2c14bd2bf7551f5633c01663847239,96.0,3,1786545572502,2026-08-12T21:39:32.502,1,1
166,bc2c14bd2bf7551f5633c01663847239,96.0,3,1786545573500,2026-08-12T21:39:33.500,1,1
167,bc2c14bd2bf7551f5633c01663847239,96.0,3,1786545574500,2026-08-12T21:39:34.500,1,1
168,bc2c14bd2bf7551f5633c01663847239,96.0,3,1786545575501,2026-08-12T21:39:35.501,1,1
169,bc2c14bd2bf7551f5633c01663847239,96.0,3,1786545576500,2026-08-12T21:39:36.500,1,1
170,bc2c14bd2bf7551f5633c01663847239,96.0,3,1786545577500,2026-08-12T21:39:37.500,1,1
171,bc2c14bd2bf7551f5633c01663847239,97.0,3,1786545578500,2026-08-12T21:39:38.500,1,1
172,bc2c14bd2bf7551f5633c01663847239,97.0,3,1786545579500,2026-08-12T21:39:39.500,1,1
173,bc2c14bd2bf7551f5633c01663847239,98.0,3,1786545580500,2026-08-12T21:39:40.500,1,1
174,bc2c14bd2bf7551f5633c01663847239,97.0,3,1786545581500,2026-08-12T21:39:41.500,1,1
175,bc2c14bd2bf7551f5633c01663847239,97.0,3,1786545582501,2026-08-12T21:39:42.501,1,1
176,bc2c14bd2bf7551f5633c01663847239,96.0,3,1786545583500,2026-08-12T21:39:43.500,1,1
177,bc2c14bd2bf7551f5633c01663847239,95.0,3,1786545584500,2026-08-12T21:39:44.500,1,1
178,bc2c14bd2bf7551f5633c01663847239,95.0,3,1786545585500,2026-08-12T21:39:45.500,1,1
179,bc2c14bd2bf7551f5633c01663847239,95.0,3,1786545586500,2026-08-12T21:39:46.500,1,1
180,bc2c14bd2bf7551f5633c01663847239,94.0,3,1786545587502,2026-08-12T21:39:47.502,1,1
181,bc2c14bd2bf7551f5633c01663847239,94.0,3,1786545588503,2026-08-12T21:39:48.503,1,1
182,bc2c14bd2bf7551f5633c01663847239,94.0,3,1786545589503,2026-08-12T21:39:49.503,1,1
183,bc2c14bd2bf7551f5633c01663847239,94.0,3,1786545590508,2026-08-12T21:39:50.508,1,1
184,bc2c14bd2bf7551f5633c01663847239,94.0,3,1786545591509,2026-08-12T21:39:51.509,1,1
185,bc2c14bd2bf7551f5633c01663847239,94.0,3,1786545592505,2026-08-12T21:39:52.505,1,1
186,bc2c14bd2bf7551f5633c01663847239,95.0,3,1786545593500,2026-08-12T21:39:53.500,1,1
187,bc2c14bd2bf7551f5633c01663847239,95.0,3,1786545594507,2026-08-12T21:39:54.507,1,1
188,bc2c14bd2bf7551f5633c01663847239,96.0,3,1786545595506,2026-08-12T21:39:55.506,1,1
189,bc2c14bd2bf7551f5633c01663847239,97.0,3,1786545596505,2026-08-12T21:39:56.505,1,1
190,bc2c14bd2bf7551f5633c01663847239,97.0,3,1786545597504,2026-08-12T21:39:57.504,1,1
191,bc2c14bd2bf7551f5633c01663847239,98.0,3,1786545598500,2026-08-12T21:39:58.500,1,1
192,bc2c14bd2bf7551f5633c01663847239,98.0,3,1786545599500,2026-08-12T21:39:59.500,1,1
193,bc2c14bd2bf7551f5633c01663847239,98.0,3,1786545600502,2026-08-12T21:40:00.502,1,1
194,bc2c14bd2bf7551f5633c01663847239,98.0,3,1786545601501,2026-08-12T21:40:01.501,1,1
195,bc2c14bd2bf7551f5633c01663847239,97.0,3,1786545602501,2026-08-12T21:40:02.501,1,1
196,bc2c14bd2bf7551f5633c01663847239,97.0,3,1786545603500,2026-08-12T21:40:03.500,1,1
197,bc2c14bd2bf7551f5633c01663847239,96.0,3,1786545604500,2026-08-12T21:40:04.500,1,1
198,bc2c14bd2bf7551f5633c01663847239,95.0,3,1786545605500,2026-08-12T21:40:05.500,1,1
199,bc2c14bd2bf7551f5633c01663847239,94.0,3,1786545606501,2026-08-12T21:40:06.501,1,1
200,bc2c14bd2bf7551f5633c01663847239,94.0,3,1786545607501,2026-08-12T21:40:07.501,1,1
201,bc2c14bd2bf7551f5633c01663847239,93.0,3,1786545608502,2026-08-12T21:40:08.502,1,1
202,bc2c14bd2bf7551f5633c01663847239,92.0,3,1786545609503,2026-08-12T21:40:09.503,1,1
203,bc2c14bd2bf7551f5633c01663847239,92.0,3,1786545610503,2026-08-12T21:40:10.503,1,1
204,bc2c14bd2bf7551f5633c01663847239,91.0,3,1786545611503,2026-08-12T21:40:11.503,1,1
205,bc2c14bd2bf7551f5633c01663847239,92.0,3,1786545612505,2026-08-12T21:40:12.505,1,1
206,bc2c14bd2bf7551f5633c01663847239,93.0,3,1786545613502,2026-08-12T21:40:13.502,1,1
207,bc2c14bd2bf7551f5633c01663847239,94.0,3,1786545614501,2026-08-12T21:40:14.501,1,1
208,bc2c14bd2bf7551f5633c01663847239,96.0,3,1786545615501,2026-08-12T21:40:15.501,1,1
209,bc2c14bd2bf7551f5633c01663847239,98.0,3,1786545616501,2026-08-12T21:40:16.501,1,1
210,bc2c14bd2bf7551f5633c01663847239,99.0,3,1786545617500,2026-08-12T21:40:17.500,1,1
211,bc2c14bd2bf7551f5633c01663847239,101.0,3,1786545618500,2026-08-12T21:40:18.500,1,1
212,bc2c14bd2bf7551f5633c01663847239,102.0,3,1786545619501,2026-08-12T21:40:19.501,1,1
213,bc2c14bd2bf7551f5633c01663847239,103.0,3,1786545620503,2026-08-12T21:40:20.503,1,1
214,bc2c14bd2bf7551f5633c01663847239,104.0,3,1786545621502,2026-08-12T21:40:21.502,1,1
215,bc2c14bd2bf7551f5633c01663847239,104.0,3,1786545622503,2026-08-12T21:40:22.503,1,1
216,bc2c14bd2bf7551f5633c01663847239,103.0,3,1786545623503,2026-08-12T21:40:23.503,1,1
217,bc2c14bd2bf7551f5633c01663847239,103.0,3,1786545624502,2026-08-12T21:40:24.502,1,1
218,bc2c14bd2bf7551f5633c01663847239,102.0,3,1786545625503,2026-08-12T21:40:25.503,1,1
219,bc2c14bd2bf7551f5633c01663847239,101.0,3,1786545626502,2026-08-12T21:40:26.502,1,1
220,bc2c14bd2bf7551f5633c01663847239,100.0,3,1786545627502,2026-08-12T21:40:27.502,1,1
221,bc2c14bd2bf7551f5633c01663847239,99.0,3,1786545628502,2026-08-12T21:40:28.502,1,1
222,bc2c14bd2bf7551f5633c01663847239,97.0,3,1786545629502,2026-08-12T21:40:29.502,1,1
223,bc2c14bd2bf7551f5633c01663847239,95.0,3,1786545630502,2026-08-12T21:40:30.502,1,1
224,bc2c14bd2bf7551f5633c01663847239,95.0,3,1786545631503,2026-08-12T21:40:31.503,1,1
225,bc2c14bd2bf7551f5633c01663847239,95.0,3,1786545632503,2026-08-12T21:40:32.503,1,1
226,bc2c14bd2bf7551f5633c01663847239,95.0,3,1786545633503,2026-08-12T21:40:33.503,1,1
227,bc2c14bd2bf7551f5633c01663847239,95.0,3,1786545634503,2026-08-12T21:40:34.503,1,1
228,bc2c14bd2bf7551f5633c01663847239,94.0,3,1786545635502,2026-08-12T21:40:35.502,1,1
229,bc2c14bd2bf7551f5633c01663847239,93.0,3,1786545636503,2026-08-12T21:40:36.503,1,1
230,bc2c14bd2bf7551f5633c01663847239,93.0,3,1786545637502,2026-08-12T21:40:37.502,1,1
231,bc2c14bd2bf7551f5633c01663847239,93.0,3,1786545638503,2026-08-12T21:40:38.503,1,1
232,bc2c14bd2bf7551f5633c01663847239,94.0,3,1786545639504,2026-08-12T21:40:39.504,1,1
233,bc2c14bd2bf7551f5633c01663847239,95.0,3,1786545640503,2026-08-12T21:40:40.503,1,1
234,bc2c14bd2bf7551f5633c01663847239,95.0,3,1786545641503,2026-08-12T21:40:41.503,1,1
235,bc2c14bd2bf7551f5633c01663847239,95.0,3,1786545642503,2026-08-12T21:40:42.503,1,1
236,bc2c14bd2bf7551f5633c01663847239,95.0,3,1786545643503,2026-08-12T21:40:43.503,1,1
237,bc2c14bd2bf7551f5633c01663847239,94.0,3,1786545644503,2026-08-12T21:40:44.503,1,1
238,bc2c14bd2bf7551f5633c01663847239,94.0,3,1786545645503,2026-08-12T21:40:45.503,1,1
239,bc2c14bd2bf7551f5633c01663847239,94.0,3,1786545646503,2026-08-12T21:40:46.503,1,1
240,bc2c14bd2bf7551f5633c01663847239,94.0,3,1786545647503,2026-08-12T21:40:47.503,1,1
241,bc2c14bd2bf7551f5633c01663847239,94.0,3,1786545648503,2026-08-12T21:40:48.503,1,1
242,bc2c14bd2bf7551f5633c01663847239,94.0,3,1786545649609,2026-08-12T21:40:49.609,1,1
243,bc2c14bd2bf7551f5633c01663847239,95.0,3,1786545650511,2026-08-12T21:40:50.511,1,1
244,bc2c14bd2bf7551f5633c01663847239,94.0,3,1786545651500,2026-08-12T21:40:51.500,1,1
245,bc2c14bd2bf7551f5633c01663847239,93.0,3,1786545652505,2026-08-12T21:40:52.505,1,1
246,bc2c14bd2bf7551f5633c01663847239,93.0,3,1786545653500,2026-08-12T21:40:53.500,1,1
247,bc2c14bd2bf7551f5633c01663847239,93.0,3,1786545654506,2026-08-12T21:40:54.506,1,1
248,bc2c14bd2bf7551f5633c01663847239,93.0,3,1786545655502,2026-08-12T21:40:55.502,1,1
249,bc2c14bd2bf7551f5633c01663847239,94.0,3,1786545656510,2026-08-12T21:40:56.510,1,1
250,bc2c14bd2bf7551f5633c01663847239,95.0,3,1786545657506,2026-08-12T21:40:57.506,1,1
251,bc2c14bd2bf7551f5633c01663847239,95.0,3,1786545658504,2026-08-12T21:40:58.504,1,1
252,bc2c14bd2bf7551f5633c01663847239,96.0,3,1786545659502,2026-08-12T21:40:59.502,1,1
253,bc2c14bd2bf7551f5633c01663847239,96.0,3,1786545660500,2026-08-12T21:41:00.500,1,1
254,bc2c14bd2bf7551f5633c01663847239,96.0,3,1786545661500,2026-08-12T21:41:01.500,1,1
255,bc2c14bd2bf7551f5633c01663847239,96.0,3,1786545662500,2026-08-12T21:41:02.500,1,1
256,bc2c14bd2bf7551f5633c01663847239,95.0,3,1786545663500,2026-08-12T21:41:03.500,1,1
257,bc2c14bd2bf7551f5633c01663847239,94.0,3,1786545664500,2026-08-12T21:41:04.500,1,1
258,bc2c14bd2bf7551f5633c01663847239,93.0,3,1786545665500,2026-08-12T21:41:05.500,1,1
259,bc2c14bd2bf7551f5633c01663847239,93.0,3,1786545666500,2026-08-12T21:41:06.500,1,1
260,bc2c14bd2bf7551f5633c01663847239,93.0,3,1786545667500,2026-08-12T21:41:07.500,1,1
261,bc2c14bd2bf7551f5633c01663847239,94.0,3,1786545668501,2026-08-12T21:41:08.501,1,1
262,bc2c14bd2bf7551f5633c01663847239,93.0,3,1786545669501,2026-08-12T21:41:09.501,1,1
263,bc2c14bd2bf7551f5633c01663847239,93.0,3,1786545670503,2026-08-12T21:41:10.503,1,1
264,bc2c14bd2bf7551f5633c01663847239,92.0,3,1786545671513,2026-08-12T21:41:11.513,1,1
265,bc2c14bd2bf7551f5633c01663847239,91.0,3,1786545672502,2026-08-12T21:41:12.502,1,1
266,bc2c14bd2bf7551f5633c01663847239,90.0,3,1786545673501,2026-08-12T21:41:13.501,1,1
267,bc2c14bd2bf7551f5633c01663847239,89.0,3,1786545674501,2026-08-12T21:41:14.501,1,1
268,bc2c14bd2bf7551f5633c01663847239,89.0,3,1786545675500,2026-08-12T21:41:15.500,1,1
269,bc2c14bd2bf7551f5633c01663847239,90.0,3,1786545676502,2026-08-12T21:41:16.502,1,1
270,bc2c14bd2bf7551f5633c01663847239,90.0,3,1786545677501,2026-08-12T21:41:17.501,1,1
271,bc2c14bd2bf7551f5633c01663847239,90.0,3,1786545678500,2026-08-12T21:41:18.500,1,1
272,bc2c14bd2bf7551f5633c01663847239,90.0,3,1786545679500,2026-08-12T21:41:19.500,1,1
273,bc2c14bd2bf7551f5633c01663847239,91.0,3,1786545680500,2026-08-12T21:41:20.500,1,1
274,bc2c14bd2bf7551f5633c01663847239,92.0,3,1786545681500,2026-08-12T21:41:21.500,1,1
275,bc2c14bd2bf7551f5633c01663847239,92.0,3,1786545682500,2026-08-12T21:41:22.500,1,1
276,bc2c14bd2bf7551f5633c01663847239,93.0,3,1786545683500,2026-08-12T21:41:23.500,1,1
277,bc2c14bd2bf7551f5633c01663847239,93.0,3,1786545684500,2026-08-12T21:41:24.500,1,1
278,bc2c14bd2bf7551f5633c01663847239,94.0,3,1786545685500,2026-08-12T21:41:25.500,1,1
279,bc2c14bd2bf7551f5633c01663847239,94.0,3,1786545686500,2026-08-12T21:41:26.500,1,1
280,bc2c14bd2bf7551f5633c01663847239,94.0,3,1786545687500,2026-08-12T21:41:27.500,1,1
281,bc2c14bd2bf7551f5633c01663847239,94.0,3,1786545688500,2026-08-12T21:41:28.500,1,1
282,bc2c14bd2bf7551f5633c01663847239,94.0,3,1786545689510,2026-08-12T21:41:29.510,1,1
283,bc2c14bd2bf7551f5633c01663847239,93.0,3,1786545690509,2026-08-12T21:41:30.509,1,1
284,bc2c14bd2bf7551f5633c01663847239,93.0,3,1786545691508,2026-08-12T21:41:31.508,1,1
285,bc2c14bd2bf7551f5633c01663847239,93.0,3,1786545692504,2026-08-12T21:41:32.504,1,1
286,bc2c14bd2bf7551f5633c01663847239,93.0,3,1786545693506,2026-08-12T21:41:33.506,1,1
287,bc2c14bd2bf7551f5633c01663847239,92.0,3,1786545694503,2026-08-12T21:41:34.503,1,1
288,bc2c14bd2bf7551f5633c01663847239,92.0,3,1786545695501,2026-08-12T21:41:35.501,1,1
289,bc2c14bd2bf7551f5633c01663847239,92.0,3,1786545696500,2026-08-12T21:41:36.500,1,1
290,bc2c14bd2bf7551f5633c01663847239,91.0,3,1786545697500,2026-08-12T21:41:37.500,1,1
291,bc2c14bd2bf7551f5633c01663847239,91.0,3,1786545698501,2026-08-12T21:41:38.501,1,1
292,bc2c14bd2bf7551f5633c01663847239,90.0,3,1786545699501,2026-08-12T21:41:39.501,1,1
293,bc2c14bd2bf7551f5633c01663847239,91.0,3,1786545700501,2026-08-12T21:41:40.501,1,1
294,bc2c14bd2bf7551f5633c01663847239,92.0,3,1786545701502,2026-08-12T21:41:41.502,1,1
295,bc2c14bd2bf7551f5633c01663847239,93.0,3,1786545702500,2026-08-12T21:41:42.500,1,1
296,bc2c14bd2bf7551f5633c01663847239,93.0,3,1786545703500,2026-08-12T21:41:43.500,1,1
297,bc2c14bd2bf7551f5633c01663847239,94.0,3,1786545704501,2026-08-12T21:41:44.501,1,1
298,bc2c14bd2bf7551f5633c01663847239,93.0,3,1786545705500,2026-08-12T21:41:45.500,1,1
299,bc2c14bd2bf7551f5633c01663847239,92.0,3,1786545706501,2026-08-12T21:41:46.501,1,1
300,bc2c14bd2bf7551f5633c01663847239,92.0,3,1786545707500,2026-08-12T21:41:47.500,1,1
301,bc2c14bd2bf7551f5633c01663847239,92.0,3,1786545708500,2026-08-12T21:41:48.500,1,1
302,bc2c14bd2bf7551f5633c01663847239,91.0,3,1786545709500,2026-08-12T21:41:49.500,1,1
303,bc2c14bd2bf7551f5633c01663847239,91.0,3,1786545710500,2026-08-12T21:41:50.500,1,1
304,bc2c14bd2bf7551f5633c01663847239,92.0,3,1786545711501,2026-08-12T21:41:51.501,1,1
305,bc2c14bd2bf7551f5633c01663847239,92.0,3,1786545712501,2026-08-12T21:41:52.501,1,1
306,bc2c14bd2bf7551f5633c01663847239,91.0,3,1786545713514,2026-08-12T21:41:53.514,1,1
307,bc2c14bd2bf7551f5633c01663847239,92.0,3,1786545714501,2026-08-12T21:41:54.501,1,1
308,bc2c14bd2bf7551f5633c01663847239,93.0,3,1786545715500,2026-08-12T21:41:55.500,1,1
309,bc2c14bd2bf7551f5633c01663847239,94.0,3,1786545716502,2026-08-12T21:41:56.502,1,1
310,bc2c14bd2bf7551f5633c01663847239,94.0,3,1786545717502,2026-08-12T21:41:57.502,1,1
311,bc2c14bd2bf7551f5633c01663847239,95.0,3,1786545718502,2026-08-12T21:41:58.502,1,1
312,bc2c14bd2bf7551f5633c01663847239,95.0,3,1786545719500,2026-08-12T21:41:59.500,1,1
313,bc2c14bd2bf7551f5633c01663847239,96.0,3,1786545720501,2026-08-12T21:42:00.501,1,1
314,bc2c14bd2bf7551f5633c01663847239,97.0,3,1786545721500,2026-08-12T21:42:01.500,1,1
315,bc2c14bd2bf7551f5633c01663847239,98.0,3,1786545722500,2026-08-12T21:42:02.500,1,1
316,bc2c14bd2bf7551f5633c01663847239,99.0,3,1786545723502,2026-08-12T21:42:03.502,1,1
317,bc2c14bd2bf7551f5633c01663847239,98.0,3,1786545724502,2026-08-12T21:42:04.502,1,1
318,bc2c14bd2bf7551f5633c01663847239,96.0,3,1786545725502,2026-08-12T21:42:05.502,1,1
319,bc2c14bd2bf7551f5633c01663847239,94.0,3,1786545726503,2026-08-12T21:42:06.503,1,1
320,bc2c14bd2bf7551f5633c01663847239,93.0,3,1786545727503,2026-08-12T21:42:07.503,1,1
321,bc2c14bd2bf7551f5633c01663847239,93.0,3,1786545728504,2026-08-12T21:42:08.504,1,1
322,bc2c14bd2bf7551f5633c01663847239,94.0,3,1786545729511,2026-08-12T21:42:09.511,1,1
323,bc2c14bd2bf7551f5633c01663847239,93.0,3,1786545730500,2026-08-12T21:42:10.500,1,1
324,bc2c14bd2bf7551f5633c01663847239,92.0,3,1786545731500,2026-08-12T21:42:11.500,1,1
325,bc2c14bd2bf7551f5633c01663847239,93.0,3,1786545732500,2026-08-12T21:42:12.500,1,1
326,bc2c14bd2bf7551f5633c01663847239,94.0,3,1786545733501,2026-08-12T21:42:13.501,1,1
327,bc2c14bd2bf7551f5633c01663847239,94.0,3,1786545734500,2026-08-12T21:42:14.500,1,1
328,bc2c14bd2bf7551f5633c01663847239,95.0,3,1786545735500,2026-08-12T21:42:15.500,1,1
329,bc2c14bd2bf7551f5633c01663847239,96.0,3,1786545736503,2026-08-12T21:42:16.503,1,1
330,bc2c14bd2bf7551f5633c01663847239,96.0,3,1786545737502,2026-08-12T21:42:17.502,1,1
331,bc2c14bd2bf7551f5633c01663847239,96.0,3,1786545738503,2026-08-12T21:42:18.503,1,1
332,bc2c14bd2bf7551f5633c01663847239,97.0,3,1786545739500,2026-08-12T21:42:19.500,1,1
333,bc2c14bd2bf7551f5633c01663847239,98.0,3,1786545740500,2026-08-12T21:42:20.500,1,1
334,bc2c14bd2bf7551f5633c01663847239,98.0,3,1786545741500,2026-08-12T21:42:21.500,1,1
335,bc2c14bd2bf7551f5633c01663847239,98.0,3,1786545742501,2026-08-12T21:42:22.501,1,1
336,bc2c14bd2bf7551f5633c01663847239,99.0,3,1786545743500,2026-08-12T21:42:23.500,1,1
337,bc2c14bd2bf7551f5633c01663847239,98.0,3,1786545744500,2026-08-12T21:42:24.500,1,1
338,bc2c14bd2bf7551f5633c01663847239,97.0,3,1786545745500,2026-08-12T21:42:25.500,1,1
339,bc2c14bd2bf7551f5633c01663847239,96.0,3,1786545746500,2026-08-12T21:42:26.500,1,1
340,bc2c14bd2bf7551f5633c01663847239,95.0,3,1786545747501,2026-08-12T21:42:27.501,1,1
341,bc2c14bd2bf7551f5633c01663847239,95.0,3,1786545748500,2026-08-12T21:42:28.500,1,1
342,bc2c14bd2bf7551f5633c01663847239,95.0,3,1786545749501,2026-08-12T21:42:29.501,1,1
343,bc2c14bd2bf7551f5633c01663847239,95.0,3,1786545750511,2026-08-12T21:42:30.511,1,1
344,bc2c14bd2bf7551f5633c01663847239,95.0,3,1786545751508,2026-08-12T21:42:31.508,1,1
345,bc2c14bd2bf7551f5633c01663847239,94.0,3,1786545752507,2026-08-12T21:42:32.507,1,1
346,bc2c14bd2bf7551f5633c01663847239,94.0,3,1786545753506,2026-08-12T21:42:33.506,1,1
347,bc2c14bd2bf7551f5633c01663847239,93.0,3,1786545754508,2026-08-12T21:42:34.508,1,1
348,bc2c14bd2bf7551f5633c01663847239,93.0,3,1786545755508,2026-08-12T21:42:35.508,1,1
349,bc2c14bd2bf7551f5633c01663847239,94.0,3,1786545756508,2026-08-12T21:42:36.508,1,1
350,bc2c14bd2bf7551f5633c01663847239,96.0,3,1786545757504,2026-08-12T21:42:37.504,1,1
351,bc2c14bd2bf7551f5633c01663847239,97.0,3,1786545758506,2026-08-12T21:42:38.506,1,1
352,bc2c14bd2bf7551f5633c01663847239,98.0,3,1786545759500,2026-08-12T21:42:39.500,1,1
353,bc2c14bd2bf7551f5633c01663847239,98.0,3,1786545760505,2026-08-12T21:42:40.505,1,1
354,bc2c14bd2bf7551f5633c01663847239,98.0,3,1786545761506,2026-08-12T21:42:41.506,1,1
355,bc2c14bd2bf7551f5633c01663847239,100.0,3,1786545762502,2026-08-12T21:42:42.502,1,1
356,bc2c14bd2bf7551f5633c01663847239,101.0,3,1786545763502,2026-08-12T21:42:43.502,1,1
357,bc2c14bd2bf7551f5633c01663847239,103.0,3,1786545764503,2026-08-12T21:42:44.503,1,1
358,bc2c14bd2bf7551f5633c01663847239,105.0,3,1786545765504,2026-08-12T21:42:45.504,1,1
359,bc2c14bd2bf7551f5633c01663847239,106.0,3,1786545766501,2026-08-12T21:42:46.501,1,1
360,bc2c14bd2bf7551f5633c01663847239,107.0,3,1786545767502,2026-08-12T21:42:47.502,1,1
361,bc2c14bd2bf7551f5633c01663847239,109.0,3,1786545768500,2026-08-12T21:42:48.500,1,1
362,bc2c14bd2bf7551f5633c01663847239,111.0,3,1786545769502,2026-08-12T21:42:49.502,1,1
363,bc2c14bd2bf7551f5633c01663847239,113.0,3,1786545770503,2026-08-12T21:42:50.503,1,1
364,bc2c14bd2bf7551f5633c01663847239,116.0,3,1786545771500,2026-08-12T21:42:51.500,1,1
365,bc2c14bd2bf7551f5633c01663847239,117.0,3,1786545772516,2026-08-12T21:42:52.516,1,1
366,bc2c14bd2bf7551f5633c01663847239,116.0,3,1786545773516,2026-08-12T21:42:53.516,1,1
367,bc2c14bd2bf7551f5633c01663847239,113.0,3,1786545774513,2026-08-12T21:42:54.513,1,1
368,bc2c14bd2bf7551f5633c01663847239,112.0,3,1786545775517,2026-08-12T21:42:55.517,1,1
369,bc2c14bd2bf7551f5633c01663847239,112.0,3,1786545776512,2026-08-12T21:42:56.512,1,1
370,bc2c14bd2bf7551f5633c01663847239,110.0,3,1786545777520,2026-08-12T21:42:57.520,1,1
371,bc2c14bd2bf7551f5633c01663847239,109.0,3,1786545778514,2026-08-12T21:42:58.514,1,1
372,bc2c14bd2bf7551f5633c01663847239,109.0,3,1786545779509,2026-08-12T21:42:59.509,1,0
373,bc2c14bd2bf7551f5633c01663847239,107.0,3,1786545780503,2026-08-12T21:43:00.503,1,1
374,bc2c14bd2bf7551f5633c01663847239,106.0,3,1786545781504,2026-08-12T21:43:01.504,1,1
375,bc2c14bd2bf7551f5633c01663847239,106.0,3,1786545782504,2026-08-12T21:43:02.504,1,1
376,bc2c14bd2bf7551f5633c01663847239,107.0,3,1786545783506,2026-08-12T21:43:03.506,1,1
377,bc2c14bd2bf7551f5633c01663847239,106.0,3,1786545784505,2026-08-12T21:43:04.505,1,1
378,bc2c14bd2bf7551f5633c01663847239,105.0,3,1786545785505,2026-08-12T21:43:05.505,1,1
379,bc2c14bd2bf7551f5633c01663847239,104.0,3,1786545786501,2026-08-12T21:43:06.501,1,1
380,bc2c14bd2bf7551f5633c01663847239,102.0,3,1786545787501,2026-08-12T21:43:07.501,1,1
381,bc2c14bd2bf7551f5633c01663847239,100.0,3,1786545788501,2026-08-12T21:43:08.501,1,1
382,bc2c14bd2bf7551f5633c01663847239,98.0,3,1786545789502,2026-08-12T21:43:09.502,1,1
383,bc2c14bd2bf7551f5633c01663847239,97.0,3,1786545790500,2026-08-12T21:43:10.500,1,1
384,bc2c14bd2bf7551f5633c01663847239,97.0,3,1786545791500,2026-08-12T21:43:11.500,1,1
385,bc2c14bd2bf7551f5633c01663847239,98.0,3,1786545792500,2026-08-12T21:43:12.500,1,1
386,bc2c14bd2bf7551f5633c01663847239,99.0,3,1786545793501,2026-08-12T21:43:13.501,1,1
387,bc2c14bd2bf7551f5633c01663847239,100.0,3,1786545794501,2026-08-12T21:43:14.501,1,1
388,bc2c14bd2bf7551f5633c01663847239,100.0,3,1786545795501,2026-08-12T21:43:15.501,1,1
389,bc2c14bd2bf7551f5633c01663847239,100.0,3,1786545796501,2026-08-12T21:43:16.501,1,1
390,bc2c14bd2bf7551f5633c01663847239,101.0,3,1786545797500,2026-08-12T21:43:17.500,1,1
391,bc2c14bd2bf7551f5633c01663847239,102.0,3,1786545798500,2026-08-12T21:43:18.500,1,1
392,bc2c14bd2bf7551f5633c01663847239,102.0,3,1786545799500,2026-08-12T21:43:19.500,1,1
393,bc2c14bd2bf7551f5633c01663847239,103.0,3,1786545800501,2026-08-12T21:43:20.501,1,1
394,bc2c14bd2bf7551f5633c01663847239,104.0,3,1786545801502,2026-08-12T21:43:21.502,1,1
395,bc2c14bd2bf7551f5633c01663847239,105.0,3,1786545802501,2026-08-12T21:43:22.501,1,1
396,bc2c14bd2bf7551f5633c01663847239,106.0,3,1786545803502,2026-08-12T21:43:23.502,1,1
397,bc2c14bd2bf7551f5633c01663847239,107.0,3,1786545804500,2026-08-12T21:43:24.500,1,1
398,bc2c14bd2bf7551f5633c01663847239,108.0,3,1786545805500,2026-08-12T21:43:25.500,1,1
399,bc2c14bd2bf7551f5633c01663847239,108.0,3,1786545806502,2026-08-12T21:43:26.502,1,1
400,bc2c14bd2bf7551f5633c01663847239,108.0,3,1786545807501,2026-08-12T21:43:27.501,1,1
401,bc2c14bd2bf7551f5633c01663847239,108.0,3,1786545808501,2026-08-12T21:43:28.501,1,1
402,bc2c14bd2bf7551f5633c01663847239,106.0,3,1786545809500,2026-08-12T21:43:29.500,1,1
403,bc2c14bd2bf7551f5633c01663847239,106.0,3,1786545810501,2026-08-12T21:43:30.501,1,1
404,bc2c14bd2bf7551f5633c01663847239,104.0,3,1786545811501,2026-08-12T21:43:31.501,1,1
405,bc2c14bd2bf7551f5633c01663847239,103.0,3,1786545812502,2026-08-12T21:43:32.502,1,1
406,bc2c14bd2bf7551f5633c01663847239,103.0,3,1786545813501,2026-08-12T21:43:33.501,1,1
407,bc2c14bd2bf7551f5633c01663847239,103.0,3,1786545814500,2026-08-12T21:43:34.500,1,1
408,bc2c14bd2bf7551f5633c01663847239,103.0,3,1786545815501,2026-08-12T21:43:35.501,1,1
409,bc2c14bd2bf7551f5633c01663847239,104.0,3,1786545816500,2026-08-12T21:43:36.500,1,1
410,bc2c14bd2bf7551f5633c01663847239,105.0,3,1786545817501,2026-08-12T21:43:37.501,1,1
411,bc2c14bd2bf7551f5633c01663847239,106.0,3,1786545818500,2026-08-12T21:43:38.500,1,1
412,bc2c14bd2bf7551f5633c01663847239,106.0,3,1786545819501,2026-08-12T21:43:39.501,1,1
413,bc2c14bd2bf7551f5633c01663847239,107.0,3,1786545820501,2026-08-12T21:43:40.501,1,1
414,bc2c14bd2bf7551f5633c01663847239,108.0,3,1786545821500,2026-08-12T21:43:41.500,1,1
415,bc2c14bd2bf7551f5633c01663847239,108.0,3,1786545822500,2026-08-12T21:43:42.500,1,1
416,bc2c14bd2bf7551f5633c01663847239,108.0,3,1786545823500,2026-08-12T21:43:43.500,1,1
417,bc2c14bd2bf7551f5633c01663847239,108.0,3,1786545824501,2026-08-12T21:43:44.501,1,1
418,bc2c14bd2bf7551f5633c01663847239,108.0,3,1786545825500,2026-08-12T21:43:45.500,1,1
419,bc2c14bd2bf7551f5633c01663847239,107.0,3,1786545826501,2026-08-12T21:43:46.501,1,1
420,bc2c14bd2bf7551f5633c01663847239,106.0,3,1786545827500,2026-08-12T21:43:47.500,1,1
421,bc2c14bd2bf7551f5633c01663847239,105.0,3,1786545828500,2026-08-12T21:43:48.500,1,1
422,bc2c14bd2bf7551f5633c01663847239,104.0,3,1786545829500,2026-08-12T21:43:49.500,1,1
423,bc2c14bd2bf7551f5633c01663847239,103.0,3,1786545830500,2026-08-12T21:43:50.500,1,1
424,bc2c14bd2bf7551f5633c01663847239,103.0,3,1786545831500,2026-08-12T21:43:51.500,1,1
425,bc2c14bd2bf7551f5633c01663847239,103.0,3,1786545832502,2026-08-12T21:43:52.502,1,1
426,bc2c14bd2bf7551f5633c01663847239,103.0,3,1786545833503,2026-08-12T21:43:53.503,1,1
427,bc2c14bd2bf7551f5633c01663847239,103.0,3,1786545834502,2026-08-12T21:43:54.502,1,1
428,bc2c14bd2bf7551f5633c01663847239,103.0,3,1786545835501,2026-08-12T21:43:55.501,1,1
429,bc2c14bd2bf7551f5633c01663847239,103.0,3,1786545836502,2026-08-12T21:43:56.502,1,1
430,bc2c14bd2bf7551f5633c01663847239,102.0,3,1786545837503,2026-08-12T21:43:57.503,1,1
431,bc2c14bd2bf7551f5633c01663847239,101.0,3,1786545838503,2026-08-12T21:43:58.503,1,1
432,bc2c14bd2bf7551f5633c01663847239,100.0,3,1786545839502,2026-08-12T21:43:59.502,1,1
433,bc2c14bd2bf7551f5633c01663847239,100.0,3,1786545840502,2026-08-12T21:44:00.502,1,1
434,bc2c14bd2bf7551f5633c01663847239,100.0,3,1786545841503,2026-08-12T21:44:01.503,1,1
435,bc2c14bd2bf7551f5633c01663847239,98.0,3,1786545842502,2026-08-12T21:44:02.502,1,1
436,bc2c14bd2bf7551f5633c01663847239,97.0,3,1786545843501,2026-08-12T21:44:03.501,1,1
437,bc2c14bd2bf7551f5633c01663847239,96.0,3,1786545844501,2026-08-12T21:44:04.501,1,1
438,bc2c14bd2bf7551f5633c01663847239,95.0,3,1786545845504,2026-08-12T21:44:05.504,1,1
439,bc2c14bd2bf7551f5633c01663847239,94.0,3,1786545846503,2026-08-12T21:44:06.503,1,1
440,bc2c14bd2bf7551f5633c01663847239,95.0,3,1786545847507,2026-08-12T21:44:07.507,1,1
441,bc2c14bd2bf7551f5633c01663847239,96.0,3,1786545848508,2026-08-12T21:44:08.508,1,1
442,bc2c14bd2bf7551f5633c01663847239,98.0,3,1786545849504,2026-08-12T21:44:09.504,1,1
443,bc2c14bd2bf7551f5633c01663847239,98.0,3,1786545850506,2026-08-12T21:44:10.506,1,1
444,bc2c14bd2bf7551f5633c01663847239,100.0,3,1786545851505,2026-08-12T21:44:11.505,1,1
445,bc2c14bd2bf7551f5633c01663847239,101.0,3,1786545852500,2026-08-12T21:44:12.500,1,1
446,bc2c14bd2bf7551f5633c01663847239,102.0,3,1786545853502,2026-08-12T21:44:13.502,1,1
447,bc2c14bd2bf7551f5633c01663847239,102.0,3,1786545854502,2026-08-12T21:44:14.502,1,1
448,bc2c14bd2bf7551f5633c01663847239,103.0,3,1786545855502,2026-08-12T21:44:15.502,1,1
449,bc2c14bd2bf7551f5633c01663847239,104.0,3,1786545856501,2026-08-12T21:44:16.501,1,1
450,bc2c14bd2bf7551f5633c01663847239,105.0,3,1786545857501,2026-08-12T21:44:17.501,1,1
451,bc2c14bd2bf7551f5633c01663847239,104.0,3,1786545858501,2026-08-12T21:44:18.501,1,1
452,bc2c14bd2bf7551f5633c01663847239,104.0,3,1786545859500,2026-08-12T21:44:19.500,1,1
453,bc2c14bd2bf7551f5633c01663847239,104.0,3,1786545860500,2026-08-12T21:44:20.500,1,1
454,bc2c14bd2bf7551f5633c01663847239,105.0,3,1786545861500,2026-08-12T21:44:21.500,1,1
455,bc2c14bd2bf7551f5633c01663847239,106.0,3,1786545862500,2026-08-12T21:44:22.500,1,1
456,bc2c14bd2bf7551f5633c01663847239,106.0,3,1786545863501,2026-08-12T21:44:23.501,1,1
457,bc2c14bd2bf7551f5633c01663847239,106.0,3,1786545864502,2026-08-12T21:44:24.502,1,1
458,bc2c14bd2bf7551f5633c01663847239,106.0,3,1786545865501,2026-08-12T21:44:25.501,1,1
459,bc2c14bd2bf7551f5633c01663847239,106.0,3,1786545866501,2026-08-12T21:44:26.501,1,1
460,bc2c14bd2bf7551f5633c01663847239,107.0,3,1786545867501,2026-08-12T21:44:27.501,1,1
461,bc2c14bd2bf7551f5633c01663847239,108.0,3,1786545868501,2026-08-12T21:44:28.501,1,1
462,bc2c14bd2bf7551f5633c01663847239,107.0,3,1786545869503,2026-08-12T21:44:29.503,1,1
463,bc2c14bd2bf7551f5633c01663847239,109.0,3,1786545870500,2026-08-12T21:44:30.500,1,1
464,bc2c14bd2bf7551f5633c01663847239,108.0,3,1786545871500,2026-08-12T21:44:31.500,1,1
465,bc2c14bd2bf7551f5633c01663847239,107.0,3,1786545872502,2026-08-12T21:44:32.502,1,1
466,bc2c14bd2bf7551f5633c01663847239,107.0,3,1786545873500,2026-08-12T21:44:33.500,1,1
467,bc2c14bd2bf7551f5633c01663847239,108.0,3,1786545874500,2026-08-12T21:44:34.500,1,1
468,bc2c14bd2bf7551f5633c01663847239,109.0,3,1786545875501,2026-08-12T21:44:35.501,1,1
469,bc2c14bd2bf7551f5633c01663847239,109.0,3,1786545876510,2026-08-12T21:44:36.510,1,1
470,bc2c14bd2bf7551f5633c01663847239,109.0,3,1786545877504,2026-08-12T21:44:37.504,1,1
471,bc2c14bd2bf7551f5633c01663847239,108.0,3,1786545878506,2026-08-12T21:44:38.506,1,1
472,bc2c14bd2bf7551f5633c01663847239,107.0,3,1786545879504,2026-08-12T21:44:39.504,1,1
473,bc2c14bd2bf7551f5633c01663847239,106.0,3,1786545880501,2026-08-12T21:44:40.501,1,1
474,bc2c14bd2bf7551f5633c01663847239,104.0,3,1786545881508,2026-08-12T21:44:41.508,1,1
475,bc2c14bd2bf7551f5633c01663847239,103.0,3,1786545882500,2026-08-12T21:44:42.500,1,1
476,bc2c14bd2bf7551f5633c01663847239,101.0,3,1786545883500,2026-08-12T21:44:43.500,1,1
477,bc2c14bd2bf7551f5633c01663847239,100.0,3,1786545884502,2026-08-12T21:44:44.502,1,1
478,bc2c14bd2bf7551f5633c01663847239,100.0,3,1786545885501,2026-08-12T21:44:45.501,1,1
479,bc2c14bd2bf7551f5633c01663847239,100.0,3,1786545886510,2026-08-12T21:44:46.510,1,1
480,bc2c14bd2bf7551f5633c01663847239,101.0,3,1786545887500,2026-08-12T21:44:47.500,1,1
481,bc2c14bd2bf7551f5633c01663847239,101.0,3,1786545888500,2026-08-12T21:44:48.500,1,1
482,bc2c14bd2bf7551f5633c01663847239,102.0,3,1786545889500,2026-08-12T21:44:49.500,1,1
483,bc2c14bd2bf7551f5633c01663847239,101.0,3,1786545890500,2026-08-12T21:44:50.500,1,1
484,bc2c14bd2bf7551f5633c01663847239,100.0,3,1786545891502,2026-08-12T21:44:51.502,1,1
485,bc2c14bd2bf7551f5633c01663847239,99.0,3,1786545892501,2026-08-12T21:44:52.501,1,1
486,bc2c14bd2bf7551f5633c01663847239,98.0,3,1786545893500,2026-08-12T21:44:53.500,1,1
487,bc2c14bd2bf7551f5633c01663847239,98.0,3,1786545894501,2026-08-12T21:44:54.501,1,1
488,bc2c14bd2bf7551f5633c01663847239,99.0,3,1786545895500,2026-08-12T21:44:55.500,1,1
489,bc2c14bd2bf7551f5633c01663847239,99.0,3,1786545896501,2026-08-12T21:44:56.501,1,1
490,bc2c14bd2bf7551f5633c01663847239,99.0,3,1786545897501,2026-08-12T21:44:57.501,1,1
491,bc2c14bd2bf7551f5633c01663847239,99.0,3,1786545898502,2026-08-12T21:44:58.502,1,1
492,bc2c14bd2bf7551f5633c01663847239,100.0,3,1786545899501,2026-08-12T21:44:59.501,1,1
493,bc2c14bd2bf7551f5633c01663847239,100.0,3,1786545900501,2026-08-12T21:45:00.501,1,1
494,bc2c14bd2bf7551f5633c01663847239,100.0,3,1786545901500,2026-08-12T21:45:01.500,1,1
495,bc2c14bd2bf7551f5633c01663847239,101.0,3,1786545902500,2026-08-12T21:45:02.500,1,1
496,bc2c14bd2bf7551f5633c01663847239,101.0,3,1786545903500,2026-08-12T21:45:03.500,1,1
497,bc2c14bd2bf7551f5633c01663847239,99.0,3,1786545904500,2026-08-12T21:45:04.500,1,1
498,bc2c14bd2bf7551f5633c01663847239,99.0,3,1786545905500,2026-08-12T21:45:05.500,1,1
499,bc2c14bd2bf7551f5633c01663847239,99.0,3,1786545906500,2026-08-12T21:45:06.500,1,1
500,bc2c14bd2bf7551f5633c01663847239,99.0,3,1786545907506,2026-08-12T21:45:07.506,1,1
501,bc2c14bd2bf7551f5633c01663847239,99.0,3,1786545908505,2026-08-12T21:45:08.505,1,1
502,bc2c14bd2bf7551f5633c01663847239,98.0,3,1786545909505,2026-08-12T21:45:09.505,1,1
503,bc2c14bd2bf7551f5633c01663847239,98.0,3,1786545910508,2026-08-12T21:45:10.508,1,1
504,bc2c14bd2bf7551f5633c01663847239,98.0,3,1786545911507,2026-08-12T21:45:11.507,1,1
505,bc2c14bd2bf7551f5633c01663847239,98.0,3,1786545912506,2026-08-12T21:45:12.506,1,1
506,bc2c14bd2bf7551f5633c01663847239,97.0,3,1786545913505,2026-08-12T21:45:13.505,1,1
507,bc2c14bd2bf7551f5633c01663847239,97.0,3,1786545914504,2026-08-12T21:45:14.504,1,1
508,bc2c14bd2bf7551f5633c01663847239,98.0,3,1786545915503,2026-08-12T21:45:15.503,1,1
509,bc2c14bd2bf7551f5633c01663847239,99.0,3,1786545916501,2026-08-12T21:45:16.501,1,1
510,bc2c14bd2bf7551f5633c01663847239,100.0,3,1786545917501,2026-08-12T21:45:17.501,1,1
511,bc2c14bd2bf7551f5633c01663847239,100.0,3,1786545918500,2026-08-12T21:45:18.500,1,1
512,bc2c14bd2bf7551f5633c01663847239,100.0,3,1786545919500,2026-08-12T21:45:19.500,1,1
513,bc2c14bd2bf7551f5633c01663847239,99.0,3,1786545920500,2026-08-12T21:45:20.500,1,1
514,bc2c14bd2bf7551f5633c01663847239,98.0,3,1786545921500,2026-08-12T21:45:21.500,1,1
515,bc2c14bd2bf7551f5633c01663847239,98.0,3,1786545922503,2026-08-12T21:45:22.503,1,1
516,bc2c14bd2bf7551f5633c01663847239,97.0,3,1786545923502,2026-08-12T21:45:23.502,1,1
517,bc2c14bd2bf7551f5633c01663847239,96.0,3,1786545924500,2026-08-12T21:45:24.500,1,1
518,bc2c14bd2bf7551f5633c01663847239,96.0,3,1786545925500,2026-08-12T21:45:25.500,1,1
519,bc2c14bd2bf7551f5633c01663847239,96.0,3,1786545926500,2026-08-12T21:45:26.500,1,1
520,bc2c14bd2bf7551f5633c01663847239,96.0,3,1786545927500,2026-08-12T21:45:27.500,1,1
521,bc2c14bd2bf7551f5633c01663847239,95.0,3,1786545928502,2026-08-12T21:45:28.502,1,1
522,bc2c14bd2bf7551f5633c01663847239,95.0,3,1786545929501,2026-08-12T21:45:29.501,1,1
523,bc2c14bd2bf7551f5633c01663847239,96.0,3,1786545930500,2026-08-12T21:45:30.500,1,1
524,bc2c14bd2bf7551f5633c01663847239,96.0,3,1786545931500,2026-08-12T21:45:31.500,1,1
525,bc2c14bd2bf7551f5633c01663847239,97.0,3,1786545932500,2026-08-12T21:45:32.500,1,1
526,bc2c14bd2bf7551f5633c01663847239,97.0,3,1786545933500,2026-08-12T21:45:33.500,1,1
527,bc2c14bd2bf7551f5633c01663847239,98.0,3,1786545934502,2026-08-12T21:45:34.502,1,1
528,bc2c14bd2bf7551f5633c01663847239,98.0,3,1786545935501,2026-08-12T21:45:35.501,1,1
529,bc2c14bd2bf7551f5633c01663847239,98.0,3,1786545936509,2026-08-12T21:45:36.509,1,1
530,bc2c14bd2bf7551f5633c01663847239,98.0,3,1786545937506,2026-08-12T21:45:37.506,1,1
531,bc2c14bd2bf7551f5633c01663847239,98.0,3,1786545938508,2026-08-12T21:45:38.508,1,1
532,bc2c14bd2bf7551f5633c01663847239,99.0,3,1786545939501,2026-08-12T21:45:39.501,1,1
533,bc2c14bd2bf7551f5633c01663847239,99.0,3,1786545940503,2026-08-12T21:45:40.503,1,1
534,bc2c14bd2bf7551f5633c01663847239,99.0,3,1786545941503,2026-08-12T21:45:41.503,1,1
535,bc2c14bd2bf7551f5633c01663847239,98.0,3,1786545942504,2026-08-12T21:45:42.504,1,1
536,bc2c14bd2bf7551f5633c01663847239,97.0,3,1786545943511,2026-08-12T21:45:43.511,1,1
537,bc2c14bd2bf7551f5633c01663847239,96.0,3,1786545944500,2026-08-12T21:45:44.500,1,1
538,bc2c14bd2bf7551f5633c01663847239,95.0,3,1786545945500,2026-08-12T21:45:45.500,1,1
539,bc2c14bd2bf7551f5633c01663847239,94.0,3,1786545946500,2026-08-12T21:45:46.500,1,1
540,bc2c14bd2bf7551f5633c01663847239,94.0,3,1786545947501,2026-08-12T21:45:47.501,1,1
541,bc2c14bd2bf7551f5633c01663847239,94.0,3,1786545948500,2026-08-12T21:45:48.500,1,1
542,bc2c14bd2bf7551f5633c01663847239,93.0,3,1786545949500,2026-08-12T21:45:49.500,1,1
543,bc2c14bd2bf7551f5633c01663847239,93.0,3,1786545950500,2026-08-12T21:45:50.500,1,1
544,bc2c14bd2bf7551f5633c01663847239,94.0,3,1786545951500,2026-08-12T21:45:51.500,1,1
545,bc2c14bd2bf7551f5633c01663847239,95.0,3,1786545952500,2026-08-12T21:45:52.500,1,1
546,bc2c14bd2bf7551f5633c01663847239,96.0,3,1786545953501,2026-08-12T21:45:53.501,1,1
547,bc2c14bd2bf7551f5633c01663847239,97.0,3,1786545954500,2026-08-12T21:45:54.500,1,1
548,bc2c14bd2bf7551f5633c01663847239,99.0,3,1786545955501,2026-08-12T21:45:55.501,1,1
549,bc2c14bd2bf7551f5633c01663847239,99.0,3,1786545956501,2026-08-12T21:45:56.501,1,1
550,bc2c14bd2bf7551f5633c01663847239,99.0,3,1786545957511,2026-08-12T21:45:57.511,1,1
551,bc2c14bd2bf7551f5633c01663847239,99.0,3,1786545958500,2026-08-12T21:45:58.500,1,1
552,bc2c14bd2bf7551f5633c01663847239,99.0,3,1786545959500,2026-08-12T21:45:59.500,1,1
553,bc2c14bd2bf7551f5633c01663847239,99.0,3,1786545960500,2026-08-12T21:46:00.500,1,1
554,bc2c14bd2bf7551f5633c01663847239,99.0,3,1786545961502,2026-08-12T21:46:01.502,1,1
555,bc2c14bd2bf7551f5633c01663847239,98.0,3,1786545962501,2026-08-12T21:46:02.501,1,1
556,bc2c14bd2bf7551f5633c01663847239,98.0,3,1786545963500,2026-08-12T21:46:03.500,1,1
557,bc2c14bd2bf7551f5633c01663847239,97.0,3,1786545964501,2026-08-12T21:46:04.501,1,1
558,bc2c14bd2bf7551f5633c01663847239,97.0,3,1786545965500,2026-08-12T21:46:05.500,1,1
559,bc2c14bd2bf7551f5633c01663847239,97.0,3,1786545966501,2026-08-12T21:46:06.501,1,1
560,bc2c14bd2bf7551f5633c01663847239,97.0,3,1786545967502,2026-08-12T21:46:07.502,1,1
561,bc2c14bd2bf7551f5633c01663847239,96.0,3,1786545968500,2026-08-12T21:46:08.500,1,1
562,bc2c14bd2bf7551f5633c01663847239,95.0,3,1786545969500,2026-08-12T21:46:09.500,1,1
563,bc2c14bd2bf7551f5633c01663847239,96.0,3,1786545970500,2026-08-12T21:46:10.500,1,1
564,bc2c14bd2bf7551f5633c01663847239,95.0,3,1786545971500,2026-08-12T21:46:11.500,1,1
565,bc2c14bd2bf7551f5633c01663847239,95.0,3,1786545972500,2026-08-12T21:46:12.500,1,1
566,bc2c14bd2bf7551f5633c01663847239,96.0,3,1786545973500,2026-08-12T21:46:13.500,1,1
567,bc2c14bd2bf7551f5633c01663847239,95.0,3,1786545974510,2026-08-12T21:46:14.510,1,1
568,bc2c14bd2bf7551f5633c01663847239,96.0,3,1786545975508,2026-08-12T21:46:15.508,1,1
569,bc2c14bd2bf7551f5633c01663847239,96.0,3,1786545976506,2026-08-12T21:46:16.506,1,1
570,bc2c14bd2bf7551f5633c01663847239,95.0,3,1786545977502,2026-08-12T21:46:17.502,1,1
571,bc2c14bd2bf7551f5633c01663847239,95.0,3,1786545978504,2026-08-12T21:46:18.504,1,1
572,bc2c14bd2bf7551f5633c01663847239,95.0,3,1786545979500,2026-08-12T21:46:19.500,1,1
573,bc2c14bd2bf7551f5633c01663847239,96.0,3,1786545980503,2026-08-12T21:46:20.503,1,1
574,bc2c14bd2bf7551f5633c01663847239,96.0,3,1786545981505,2026-08-12T21:46:21.505,1,1
575,bc2c14bd2bf7551f5633c01663847239,96.0,3,1786545982501,2026-08-12T21:46:22.501,1,1
576,bc2c14bd2bf7551f5633c01663847239,96.0,3,1786545983509,2026-08-12T21:46:23.509,1,1
577,bc2c14bd2bf7551f5633c01663847239,96.0,3,1786545984513,2026-08-12T21:46:24.513,1,1
578,bc2c14bd2bf7551f5633c01663847239,96.0,3,1786545985511,2026-08-12T21:46:25.511,1,1
579,bc2c14bd2bf7551f5633c01663847239,96.0,3,1786545986505,2026-08-12T21:46:26.505,1,1
580,bc2c14bd2bf7551f5633c01663847239,97.0,3,1786545987512,2026-08-12T21:46:27.512,1,1
581,bc2c14bd2bf7551f5633c01663847239,98.0,3,1786545988513,2026-08-12T21:46:28.513,1,1
582,bc2c14bd2bf7551f5633c01663847239,98.0,3,1786545989504,2026-08-12T21:46:29.504,1,0
583,bc2c14bd2bf7551f5633c01663847239,98.0,3,1786545990500,2026-08-12T21:46:30.500,1,1
584,bc2c14bd2bf7551f5633c01663847239,98.0,3,1786545991502,2026-08-12T21:46:31.502,1,1
585,bc2c14bd2bf7551f5633c01663847239,97.0,3,1786545992500,2026-08-12T21:46:32.500,1,1
586,bc2c14bd2bf7551f5633c01663847239,96.0,3,1786545993501,2026-08-12T21:46:33.501,1,1
587,bc2c14bd2bf7551f5633c01663847239,95.0,3,1786545994500,2026-08-12T21:46:34.500,1,1
588,bc2c14bd2bf7551f5633c01663847239,94.0,3,1786545995500,2026-08-12T21:46:35.500,1,1
589,bc2c14bd2bf7551f5633c01663847239,93.0,3,1786545996500,2026-08-12T21:46:36.500,1,1
590,bc2c14bd2bf7551f5633c01663847239,93.0,3,1786545997501,2026-08-12T21:46:37.501,1,1
591,bc2c14bd2bf7551f5633c01663847239,92.0,3,1786545998501,2026-08-12T21:46:38.501,1,1
592,bc2c14bd2bf7551f5633c01663847239,92.0,3,1786545999500,2026-08-12T21:46:39.500,1,1
593,bc2c14bd2bf7551f5633c01663847239,92.0,3,1786546000500,2026-08-12T21:46:40.500,1,1
594,bc2c14bd2bf7551f5633c01663847239,92.0,3,1786546001500,2026-08-12T21:46:41.500,1,1
595,bc2c14bd2bf7551f5633c01663847239,92.0,3,1786546002500,2026-08-12T21:46:42.500,1,1
596,bc2c14bd2bf7551f5633c01663847239,91.0,3,1786546003500,2026-08-12T21:46:43.500,1,1
597,bc2c14bd2bf7551f5633c01663847239,91.0,3,1786546004500,2026-08-12T21:46:44.500,1,1
598,bc2c14bd2bf7551f5633c01663847239,92.0,3,1786546005500,2026-08-12T21:46:45.500,1,1
599,bc2c14bd2bf7551f5633c01663847239,93.0,3,1786546006500,2026-08-12T21:46:46.500,1,1
600,bc2c14bd2bf7551f5633c01663847239,93.0,3,1786546007500,2026-08-12T21:46:47.500,1,1
601,bc2c14bd2bf7551f5633c01663847239,95.0,3,1786546008500,2026-08-12T21:46:48.500,1,1
602,bc2c14bd2bf7551f5633c01663847239,96.0,3,1786546009504,2026-08-12T21:46:49.504,1,1
603,bc2c14bd2bf7551f5633c01663847239,95.0,3,1786546010506,2026-08-12T21:46:50.506,1,1
604,bc2c14bd2bf7551f5633c01663847239,95.0,3,1786546011501,2026-08-12T21:46:51.501,1,1
605,bc2c14bd2bf7551f5633c01663847239,95.0,3,1786546012505,2026-08-12T21:46:52.505,1,1
606,bc2c14bd2bf7551f5633c01663847239,94.0,3,1786546013502,2026-08-12T21:46:53.502,1,1
607,bc2c14bd2bf7551f5633c01663847239,95.0,3,1786546014502,2026-08-12T21:46:54.502,1,1
608,bc2c14bd2bf7551f5633c01663847239,96.0,3,1786546015501,2026-08-12T21:46:55.501,1,1
609,bc2c14bd2bf7551f5633c01663847239,96.0,3,1786546016502,2026-08-12T21:46:56.502,1,1
610,bc2c14bd2bf7551f5633c01663847239,97.0,3,1786546017500,2026-08-12T21:46:57.500,1,1
611,bc2c14bd2bf7551f5633c01663847239,97.0,3,1786546018501,2026-08-12T21:46:58.501,1,1
612,bc2c14bd2bf7551f5633c01663847239,96.0,3,1786546019501,2026-08-12T21:46:59.501,1,1
613,bc2c14bd2bf7551f5633c01663847239,96.0,3,1786546020500,2026-08-12T21:47:00.500,1,1
614,bc2c14bd2bf7551f5633c01663847239,95.0,3,1786546021500,2026-08-12T21:47:01.500,1,1
615,bc2c14bd2bf7551f5633c01663847239,94.0,3,1786546022500,2026-08-12T21:47:02.500,1,1
616,bc2c14bd2bf7551f5633c01663847239,95.0,3,1786546023500,2026-08-12T21:47:03.500,1,1
617,bc2c14bd2bf7551f5633c01663847239,94.0,3,1786546024500,2026-08-12T21:47:04.500,1,1
618,bc2c14bd2bf7551f5633c01663847239,93.0,3,1786546025500,2026-08-12T21:47:05.500,1,1
619,bc2c14bd2bf7551f5633c01663847239,95.0,3,1786546026500,2026-08-12T21:47:06.500,1,1
620,bc2c14bd2bf7551f5633c01663847239,96.0,3,1786546027500,2026-08-12T21:47:07.500,1,1
621,bc2c14bd2bf7551f5633c01663847239,96.0,3,1786546028500,2026-08-12T21:47:08.500,1,1
622,bc2c14bd2bf7551f5633c01663847239,97.0,3,1786546029500,2026-08-12T21:47:09.500,1,1
623,bc2c14bd2bf7551f5633c01663847239,96.0,3,1786546030500,2026-08-12T21:47:10.500,1,1
624,bc2c14bd2bf7551f5633c01663847239,96.0,3,1786546031500,2026-08-12T21:47:11.500,1,1
625,bc2c14bd2bf7551f5633c01663847239,95.0,3,1786546032500,2026-08-12T21:47:12.500,1,1
626,bc2c14bd2bf7551f5633c01663847239,94.0,3,1786546033501,2026-08-12T21:47:13.501,1,1
627,bc2c14bd2bf7551f5633c01663847239,95.0,3,1786546034501,2026-08-12T21:47:14.501,1,1
628,bc2c14bd2bf7551f5633c01663847239,95.0,3,1786546035502,2026-08-12T21:47:15.502,1,1
629,bc2c14bd2bf7551f5633c01663847239,96.0,3,1786546036501,2026-08-12T21:47:16.501,1,1
630,bc2c14bd2bf7551f5633c01663847239,96.0,3,1786546037500,2026-08-12T21:47:17.500,1,1
631,bc2c14bd2bf7551f5633c01663847239,96.0,3,1786546038501,2026-08-12T21:47:18.501,1,1
632,bc2c14bd2bf7551f5633c01663847239,96.0,3,1786546039500,2026-08-12T21:47:19.500,1,1
633,bc2c14bd2bf7551f5633c01663847239,95.0,3,1786546040503,2026-08-12T21:47:20.503,1,1
634,bc2c14bd2bf7551f5633c01663847239,95.0,3,1786546041501,2026-08-12T21:47:21.501,1,1
635,bc2c14bd2bf7551f5633c01663847239,96.0,3,1786546042503,2026-08-12T21:47:22.503,1,1
636,bc2c14bd2bf7551f5633c01663847239,97.0,3,1786546043502,2026-08-12T21:47:23.502,1,1
637,bc2c14bd2bf7551f5633c01663847239,98.0,3,1786546044502,2026-08-12T21:47:24.502,1,1
638,bc2c14bd2bf7551f5633c01663847239,100.0,3,1786546045501,2026-08-12T21:47:25.501,1,1
639,bc2c14bd2bf7551f5633c01663847239,100.0,3,1786546046501,2026-08-12T21:47:26.501,1,1
640,bc2c14bd2bf7551f5633c01663847239,99.0,3,1786546047500,2026-08-12T21:47:27.500,1,1
641,bc2c14bd2bf7551f5633c01663847239,98.0,3,1786546048500,2026-08-12T21:47:28.500,1,1
642,bc2c14bd2bf7551f5633c01663847239,98.0,3,1786546049500,2026-08-12T21:47:29.500,1,1
643,bc2c14bd2bf7551f5633c01663847239,97.0,3,1786546050500,2026-08-12T21:47:30.500,1,1
644,bc2c14bd2bf7551f5633c01663847239,97.0,3,1786546051502,2026-08-12T21:47:31.502,1,1
645,bc2c14bd2bf7551f5633c01663847239,97.0,3,1786546052500,2026-08-12T21:47:32.500,1,1
646,bc2c14bd2bf7551f5633c01663847239,96.0,3,1786546053500,2026-08-12T21:47:33.500,1,1
647,bc2c14bd2bf7551f5633c01663847239,96.0,3,1786546054500,2026-08-12T21:47:34.500,1,1
648,bc2c14bd2bf7551f5633c01663847239,96.0,3,1786546055500,2026-08-12T21:47:35.500,1,1
649,bc2c14bd2bf7551f5633c01663847239,96.0,3,1786546056501,2026-08-12T21:47:36.501,1,1
650,bc2c14bd2bf7551f5633c01663847239,96.0,3,1786546057510,2026-08-12T21:47:37.510,1,1
651,bc2c14bd2bf7551f5633c01663847239,97.0,3,1786546058508,2026-08-12T21:47:38.508,1,1
652,bc2c14bd2bf7551f5633c01663847239,98.0,3,1786546059504,2026-08-12T21:47:39.504,1,1
653,bc2c14bd2bf7551f5633c01663847239,98.0,3,1786546060502,2026-08-12T21:47:40.502,1,1
654,bc2c14bd2bf7551f5633c01663847239,97.0,3,1786546061501,2026-08-12T21:47:41.501,1,1
655,bc2c14bd2bf7551f5633c01663847239,97.0,3,1786546062500,2026-08-12T21:47:42.500,1,1
656,bc2c14bd2bf7551f5633c01663847239,96.0,3,1786546063500,2026-08-12T21:47:43.500,1,1
657,bc2c14bd2bf7551f5633c01663847239,96.0,3,1786546064500,2026-08-12T21:47:44.500,1,1
658,bc2c14bd2bf7551f5633c01663847239,95.0,3,1786546065501,2026-08-12T21:47:45.501,1,1
659,bc2c14bd2bf7551f5633c01663847239,94.0,3,1786546066501,2026-08-12T21:47:46.501,1,1
660,bc2c14bd2bf7551f5633c01663847239,93.0,3,1786546067501,2026-08-12T21:47:47.501,1,1
661,bc2c14bd2bf7551f5633c01663847239,93.0,3,1786546068506,2026-08-12T21:47:48.506,1,1
662,bc2c14bd2bf7551f5633c01663847239,92.0,3,1786546069502,2026-08-12T21:47:49.502,1,1
663,bc2c14bd2bf7551f5633c01663847239,92.0,3,1786546070502,2026-08-12T21:47:50.502,1,1
664,bc2c14bd2bf7551f5633c01663847239,91.0,3,1786546071503,2026-08-12T21:47:51.503,1,1
665,bc2c14bd2bf7551f5633c01663847239,91.0,3,1786546072503,2026-08-12T21:47:52.503,1,1
666,bc2c14bd2bf7551f5633c01663847239,91.0,3,1786546073504,2026-08-12T21:47:53.504,1,1
667,bc2c14bd2bf7551f5633c01663847239,92.0,3,1786546074500,2026-08-12T21:47:54.500,1,1
668,bc2c14bd2bf7551f5633c01663847239,92.0,3,1786546075501,2026-08-12T21:47:55.501,1,1
669,bc2c14bd2bf7551f5633c01663847239,92.0,3,1786546076501,2026-08-12T21:47:56.501,1,1
670,bc2c14bd2bf7551f5633c01663847239,91.0,3,1786546077501,2026-08-12T21:47:57.501,1,1
671,bc2c14bd2bf7551f5633c01663847239,90.0,3,1786546078500,2026-08-12T21:47:58.500,1,1
672,bc2c14bd2bf7551f5633c01663847239,89.0,3,1786546079500,2026-08-12T21:47:59.500,1,1
673,bc2c14bd2bf7551f5633c01663847239,88.0,3,1786546080500,2026-08-12T21:48:00.500,1,1
674,bc2c14bd2bf7551f5633c01663847239,88.0,3,1786546081503,2026-08-12T21:48:01.503,1,1
675,bc2c14bd2bf7551f5633c01663847239,88.0,3,1786546082509,2026-08-12T21:48:02.509,1,1
676,bc2c14bd2bf7551f5633c01663847239,88.0,3,1786546083507,2026-08-12T21:48:03.507,1,1
677,bc2c14bd2bf7551f5633c01663847239,89.0,3,1786546084506,2026-08-12T21:48:04.506,1,1
678,bc2c14bd2bf7551f5633c01663847239,89.0,3,1786546085500,2026-08-12T21:48:05.500,1,1
679,bc2c14bd2bf7551f5633c01663847239,90.0,3,1786546086505,2026-08-12T21:48:06.505,1,1
680,bc2c14bd2bf7551f5633c01663847239,90.0,3,1786546087503,2026-08-12T21:48:07.503,1,1
681,bc2c14bd2bf7551f5633c01663847239,90.0,3,1786546088501,2026-08-12T21:48:08.501,1,1
682,bc2c14bd2bf7551f5633c01663847239,90.0,3,1786546089500,2026-08-12T21:48:09.500,1,1
683,bc2c14bd2bf7551f5633c01663847239,90.0,3,1786546090501,2026-08-12T21:48:10.501,1,1
684,bc2c14bd2bf7551f5633c01663847239,90.0,3,1786546091501,2026-08-12T21:48:11.501,1,1
685,bc2c14bd2bf7551f5633c01663847239,90.0,3,1786546092500,2026-08-12T21:48:12.500,1,1
686,bc2c14bd2bf7551f5633c01663847239,91.0,3,1786546093500,2026-08-12T21:48:13.500,1,1
687,bc2c14bd2bf7551f5633c01663847239,92.0,3,1786546094500,2026-08-12T21:48:14.500,1,1
688,bc2c14bd2bf7551f5633c01663847239,92.0,3,1786546095500,2026-08-12T21:48:15.500,1,1
689,bc2c14bd2bf7551f5633c01663847239,94.0,3,1786546096501,2026-08-12T21:48:16.501,1,1
690,bc2c14bd2bf7551f5633c01663847239,95.0,3,1786546097502,2026-08-12T21:48:17.502,1,1
691,bc2c14bd2bf7551f5633c01663847239,96.0,3,1786546098504,2026-08-12T21:48:18.504,1,1
692,bc2c14bd2bf7551f5633c01663847239,95.0,3,1786546099502,2026-08-12T21:48:19.502,1,1
693,bc2c14bd2bf7551f5633c01663847239,95.0,3,1786546100503,2026-08-12T21:48:20.503,1,1
694,bc2c14bd2bf7551f5633c01663847239,94.0,3,1786546101500,2026-08-12T21:48:21.500,1,1
695,bc2c14bd2bf7551f5633c01663847239,93.0,3,1786546102500,2026-08-12T21:48:22.500,1,1
696,bc2c14bd2bf7551f5633c01663847239,93.0,3,1786546103503,2026-08-12T21:48:23.503,1,1
697,bc2c14bd2bf7551f5633c01663847239,93.0,3,1786546104500,2026-08-12T21:48:24.500,1,1
698,bc2c14bd2bf7551f5633c01663847239,93.0,3,1786546105500,2026-08-12T21:48:25.500,1,1
699,bc2c14bd2bf7551f5633c01663847239,92.0,3,1786546106501,2026-08-12T21:48:26.501,1,1
700,bc2c14bd2bf7551f5633c01663847239,92.0,3,1786546107501,2026-08-12T21:48:27.501,1,1
701,bc2c14bd2bf7551f5633c01663847239,92.0,3,1786546108500,2026-08-12T21:48:28.500,1,1
702,bc2c14bd2bf7551f5633c01663847239,92.0,3,1786546109500,2026-08-12T21:48:29.500,1,1
703,bc2c14bd2bf7551f5633c01663847239,91.0,3,1786546110500,2026-08-12T21:48:30.500,1,1
704,bc2c14bd2bf7551f5633c01663847239,90.0,3,1786546111500,2026-08-12T21:48:31.500,1,1
705,bc2c14bd2bf7551f5633c01663847239,90.0,3,1786546112513,2026-08-12T21:48:32.513,1,1
706,bc2c14bd2bf7551f5633c01663847239,89.0,3,1786546113508,2026-08-12T21:48:33.508,1,1
707,bc2c14bd2bf7551f5633c01663847239,89.0,3,1786546114506,2026-08-12T21:48:34.506,1,1
708,bc2c14bd2bf7551f5633c01663847239,88.0,3,1786546115505,2026-08-12T21:48:35.505,1,1
709,bc2c14bd2bf7551f5633c01663847239,87.0,3,1786546116505,2026-08-12T21:48:36.505,1,1
710,bc2c14bd2bf7551f5633c01663847239,88.0,3,1786546117501,2026-08-12T21:48:37.501,1,1
711,bc2c14bd2bf7551f5633c01663847239,89.0,3,1786546118503,2026-08-12T21:48:38.503,1,1
712,bc2c14bd2bf7551f5633c01663847239,88.0,3,1786546119502,2026-08-12T21:48:39.502,1,1
713,bc2c14bd2bf7551f5633c01663847239,88.0,3,1786546120501,2026-08-12T21:48:40.501,1,1
714,bc2c14bd2bf7551f5633c01663847239,90.0,3,1786546121500,2026-08-12T21:48:41.500,1,1
715,bc2c14bd2bf7551f5633c01663847239,91.0,3,1786546122500,2026-08-12T21:48:42.500,1,1
716,bc2c14bd2bf7551f5633c01663847239,92.0,3,1786546123501,2026-08-12T21:48:43.501,1,1
717,bc2c14bd2bf7551f5633c01663847239,93.0,3,1786546124500,2026-08-12T21:48:44.500,1,1
718,bc2c14bd2bf7551f5633c01663847239,93.0,3,1786546125500,2026-08-12T21:48:45.500,1,1
719,bc2c14bd2bf7551f5633c01663847239,92.0,3,1786546126500,2026-08-12T21:48:46.500,1,1
720,bc2c14bd2bf7551f5633c01663847239,91.0,3,1786546127501,2026-08-12T21:48:47.501,1,1
721,bc2c14bd2bf7551f5633c01663847239,90.0,3,1786546128503,2026-08-12T21:48:48.503,1,1
722,bc2c14bd2bf7551f5633c01663847239,91.0,3,1786546129501,2026-08-12T21:48:49.501,1,1
723,bc2c14bd2bf7551f5633c01663847239,91.0,3,1786546130502,2026-08-12T21:48:50.502,1,1
724,bc2c14bd2bf7551f5633c01663847239,91.0,3,1786546131501,2026-08-12T21:48:51.501,1,1
725,bc2c14bd2bf7551f5633c01663847239,91.0,3,1786546132500,2026-08-12T21:48:52.500,1,1
726,bc2c14bd2bf7551f5633c01663847239,91.0,3,1786546133500,2026-08-12T21:48:53.500,1,1
727,bc2c14bd2bf7551f5633c01663847239,92.0,3,1786546134509,2026-08-12T21:48:54.509,1,1
728,bc2c14bd2bf7551f5633c01663847239,92.0,3,1786546135503,2026-08-12T21:48:55.503,1,1
729,bc2c14bd2bf7551f5633c01663847239,89.0,3,1786546136503,2026-08-12T21:48:56.503,1,1
730,bc2c14bd2bf7551f5633c01663847239,89.0,3,1786546137503,2026-08-12T21:48:57.503,1,1
731,bc2c14bd2bf7551f5633c01663847239,90.0,3,1786546138503,2026-08-12T21:48:58.503,1,1
732,bc2c14bd2bf7551f5633c01663847239,91.0,3,1786546139502,2026-08-12T21:48:59.502,1,1
733,bc2c14bd2bf7551f5633c01663847239,91.0,3,1786546140502,2026-08-12T21:49:00.502,1,1
734,bc2c14bd2bf7551f5633c01663847239,91.0,3,1786546141502,2026-08-12T21:49:01.502,1,1
735,bc2c14bd2bf7551f5633c01663847239,92.0,3,1786546142503,2026-08-12T21:49:02.503,1,1
736,bc2c14bd2bf7551f5633c01663847239,91.0,3,1786546143509,2026-08-12T21:49:03.509,1,1
737,bc2c14bd2bf7551f5633c01663847239,91.0,3,1786546144503,2026-08-12T21:49:04.503,1,1
738,bc2c14bd2bf7551f5633c01663847239,91.0,3,1786546145506,2026-08-12T21:49:05.506,1,1
739,bc2c14bd2bf7551f5633c01663847239,90.0,3,1786546146506,2026-08-12T21:49:06.506,1,1
740,bc2c14bd2bf7551f5633c01663847239,90.0,3,1786546147507,2026-08-12T21:49:07.507,1,1
741,bc2c14bd2bf7551f5633c01663847239,91.0,3,1786546148506,2026-08-12T21:49:08.506,1,1
742,bc2c14bd2bf7551f5633c01663847239,91.0,3,1786546149506,2026-08-12T21:49:09.506,1,1
743,bc2c14bd2bf7551f5633c01663847239,93.0,3,1786546150504,2026-08-12T21:49:10.504,1,1
744,bc2c14bd2bf7551f5633c01663847239,93.0,3,1786546151503,2026-08-12T21:49:11.503,1,1
745,bc2c14bd2bf7551f5633c01663847239,94.0,3,1786546152500,2026-08-12T21:49:12.500,1,1
746,bc2c14bd2bf7551f5633c01663847239,94.0,3,1786546153500,2026-08-12T21:49:13.500,1,1
747,bc2c14bd2bf7551f5633c01663847239,95.0,3,1786546154500,2026-08-12T21:49:14.500,1,1
748,bc2c14bd2bf7551f5633c01663847239,95.0,3,1786546155501,2026-08-12T21:49:15.501,1,1
749,bc2c14bd2bf7551f5633c01663847239,96.0,3,1786546156502,2026-08-12T21:49:16.502,1,1
750,bc2c14bd2bf7551f5633c01663847239,96.0,3,1786546157501,2026-08-12T21:49:17.501,1,1
751,bc2c14bd2bf7551f5633c01663847239,95.0,3,1786546158500,2026-08-12T21:49:18.500,1,1
752,bc2c14bd2bf7551f5633c01663847239,95.0,3,1786546159502,2026-08-12T21:49:19.502,1,1
753,bc2c14bd2bf7551f5633c01663847239,94.0,3,1786546160503,2026-08-12T21:49:20.503,1,1
754,bc2c14bd2bf7551f5633c01663847239,93.0,3,1786546161500,2026-08-12T21:49:21.500,1,1
755,bc2c14bd2bf7551f5633c01663847239,93.0,3,1786546162500,2026-08-12T21:49:22.500,1,1
756,bc2c14bd2bf7551f5633c01663847239,94.0,3,1786546163500,2026-08-12T21:49:23.500,1,1
757,bc2c14bd2bf7551f5633c01663847239,93.0,3,1786546164500,2026-08-12T21:49:24.500,1,1
758,bc2c14bd2bf7551f5633c01663847239,94.0,3,1786546165501,2026-08-12T21:49:25.501,1,1
759,bc2c14bd2bf7551f5633c01663847239,95.0,3,1786546166508,2026-08-12T21:49:26.508,1,1
760,bc2c14bd2bf7551f5633c01663847239,95.0,3,1786546167507,2026-08-12T21:49:27.507,1,1
761,bc2c14bd2bf7551f5633c01663847239,95.0,3,1786546168506,2026-08-12T21:49:28.506,1,1
762,bc2c14bd2bf7551f5633c01663847239,95.0,3,1786546169504,2026-08-12T21:49:29.504,1,1
763,bc2c14bd2bf7551f5633c01663847239,94.0,3,1786546170512,2026-08-12T21:49:30.512,1,1
764,bc2c14bd2bf7551f5633c01663847239,94.0,3,1786546171501,2026-08-12T21:49:31.501,1,1
765,bc2c14bd2bf7551f5633c01663847239,93.0,3,1786546172501,2026-08-12T21:49:32.501,1,1
766,bc2c14bd2bf7551f5633c01663847239,92.0,3,1786546173500,2026-08-12T21:49:33.500,1,1
767,bc2c14bd2bf7551f5633c01663847239,91.0,3,1786546174500,2026-08-12T21:49:34.500,1,1
768,bc2c14bd2bf7551f5633c01663847239,91.0,3,1786546175500,2026-08-12T21:49:35.500,1,1
769,bc2c14bd2bf7551f5633c01663847239,90.0,3,1786546176500,2026-08-12T21:49:36.500,1,1
770,bc2c14bd2bf7551f5633c01663847239,90.0,3,1786546177500,2026-08-12T21:49:37.500,1,1
771,bc2c14bd2bf7551f5633c01663847239,90.0,3,1786546178502,2026-08-12T21:49:38.502,1,1
772,bc2c14bd2bf7551f5633c01663847239,89.0,3,1786546179502,2026-08-12T21:49:39.502,1,1
773,bc2c14bd2bf7551f5633c01663847239,87.0,3,1786546180503,2026-08-12T21:49:40.503,1,1
774,bc2c14bd2bf7551f5633c01663847239,88.0,3,1786546181502,2026-08-12T21:49:41.502,1,1
775,bc2c14bd2bf7551f5633c01663847239,89.0,3,1786546182501,2026-08-12T21:49:42.501,1,1
776,bc2c14bd2bf7551f5633c01663847239,89.0,3,1786546183500,2026-08-12T21:49:43.500,1,1
777,bc2c14bd2bf7551f5633c01663847239,89.0,3,1786546184500,2026-08-12T21:49:44.500,1,1
778,bc2c14bd2bf7551f5633c01663847239,90.0,3,1786546185501,2026-08-12T21:49:45.501,1,1
779,bc2c14bd2bf7551f5633c01663847239,90.0,3,1786546186500,2026-08-12T21:49:46.500,1,1
780,bc2c14bd2bf7551f5633c01663847239,91.0,3,1786546187500,2026-08-12T21:49:47.500,1,1
781,bc2c14bd2bf7551f5633c01663847239,89.0,3,1786546188502,2026-08-12T21:49:48.502,1,1
782,bc2c14bd2bf7551f5633c01663847239,87.0,3,1786546189501,2026-08-12T21:49:49.501,1,1
783,bc2c14bd2bf7551f5633c01663847239,86.0,3,1786546190500,2026-08-12T21:49:50.500,1,1
784,bc2c14bd2bf7551f5633c01663847239,87.0,3,1786546191500,2026-08-12T21:49:51.500,1,1
785,bc2c14bd2bf7551f5633c01663847239,89.0,3,1786546192501,2026-08-12T21:49:52.501,1,1
786,bc2c14bd2bf7551f5633c01663847239,90.0,3,1786546193501,2026-08-12T21:49:53.501,1,1
787,bc2c14bd2bf7551f5633c01663847239,91.0,3,1786546194511,2026-08-12T21:49:54.511,1,1
788,bc2c14bd2bf7551f5633c01663847239,92.0,3,1786546195508,2026-08-12T21:49:55.508,1,1
789,bc2c14bd2bf7551f5633c01663847239,92.0,3,1786546196506,2026-08-12T21:49:56.506,1,1
790,bc2c14bd2bf7551f5633c01663847239,93.0,3,1786546197502,2026-08-12T21:49:57.502,1,1
791,bc2c14bd2bf7551f5633c01663847239,93.0,3,1786546198500,2026-08-12T21:49:58.500,1,1
792,bc2c14bd2bf7551f5633c01663847239,93.0,3,1786546199500,2026-08-12T21:49:59.500,1,1
793,bc2c14bd2bf7551f5633c01663847239,94.0,3,1786546200500,2026-08-12T21:50:00.500,1,1
794,bc2c14bd2bf7551f5633c01663847239,95.0,3,1786546201507,2026-08-12T21:50:01.507,1,1
795,bc2c14bd2bf7551f5633c01663847239,95.0,3,1786546202500,2026-08-12T21:50:02.500,1,1
796,bc2c14bd2bf7551f5633c01663847239,96.0,3,1786546203500,2026-08-12T21:50:03.500,1,1
797,bc2c14bd2bf7551f5633c01663847239,96.0,3,1786546204501,2026-08-12T21:50:04.501,1,1
798,bc2c14bd2bf7551f5633c01663847239,97.0,3,1786546205500,2026-08-12T21:50:05.500,1,1
799,bc2c14bd2bf7551f5633c01663847239,97.0,3,1786546206501,2026-08-12T21:50:06.501,1,1
800,bc2c14bd2bf7551f5633c01663847239,96.0,3,1786546207501,2026-08-12T21:50:07.501,1,1
801,bc2c14bd2bf7551f5633c01663847239,95.0,3,1786546208500,2026-08-12T21:50:08.500,1,1
802,bc2c14bd2bf7551f5633c01663847239,93.0,3,1786546209500,2026-08-12T21:50:09.500,1,1
803,bc2c14bd2bf7551f5633c01663847239,93.0,3,1786546210503,2026-08-12T21:50:10.503,1,0
804,bc2c14bd2bf7551f5633c01663847239,93.0,3,1786546211508,2026-08-12T21:50:11.508,1,1
805,bc2c14bd2bf7551f5633c01663847239,92.0,3,1786546212500,2026-08-12T21:50:12.500,1,1
806,bc2c14bd2bf7551f5633c01663847239,92.0,3,1786546213503,2026-08-12T21:50:13.503,1,1
807,bc2c14bd2bf7551f5633c01663847239,92.0,3,1786546214502,2026-08-12T21:50:14.502,1,1
808,bc2c14bd2bf7551f5633c01663847239,92.0,3,1786546215500,2026-08-12T21:50:15.500,1,1
809,bc2c14bd2bf7551f5633c01663847239,91.0,3,1786546216500,2026-08-12T21:50:16.500,1,1
810,bc2c14bd2bf7551f5633c01663847239,90.0,3,1786546217500,2026-08-12T21:50:17.500,1,1
811,bc2c14bd2bf7551f5633c01663847239,89.0,3,1786546218500,2026-08-12T21:50:18.500,1,1
812,bc2c14bd2bf7551f5633c01663847239,88.0,3,1786546219500,2026-08-12T21:50:19.500,1,1
813,bc2c14bd2bf7551f5633c01663847239,87.0,3,1786546220501,2026-08-12T21:50:20.501,1,1
814,bc2c14bd2bf7551f5633c01663847239,86.0,3,1786546221501,2026-08-12T21:50:21.501,1,1
815,bc2c14bd2bf7551f5633c01663847239,87.0,3,1786546222504,2026-08-12T21:50:22.504,1,1
816,bc2c14bd2bf7551f5633c01663847239,88.0,3,1786546223503,2026-08-12T21:50:23.503,1,1
817,bc2c14bd2bf7551f5633c01663847239,89.0,3,1786546224501,2026-08-12T21:50:24.501,1,1
818,bc2c14bd2bf7551f5633c01663847239,90.0,3,1786546225501,2026-08-12T21:50:25.501,1,1
819,bc2c14bd2bf7551f5633c01663847239,91.0,3,1786546226500,2026-08-12T21:50:26.500,1,1
820,bc2c14bd2bf7551f5633c01663847239,91.0,3,1786546227500,2026-08-12T21:50:27.500,1,1
821,bc2c14bd2bf7551f5633c01663847239,90.0,3,1786546228501,2026-08-12T21:50:28.501,1,1
822,bc2c14bd2bf7551f5633c01663847239,90.0,3,1786546229502,2026-08-12T21:50:29.502,1,1
823,bc2c14bd2bf7551f5633c01663847239,91.0,3,1786546230500,2026-08-12T21:50:30.500,1,1
824,bc2c14bd2bf7551f5633c01663847239,92.0,3,1786546231501,2026-08-12T21:50:31.501,1,1
825,bc2c14bd2bf7551f5633c01663847239,93.0,3,1786546232507,2026-08-12T21:50:32.507,1,1
826,bc2c14bd2bf7551f5633c01663847239,93.0,3,1786546233503,2026-08-12T21:50:33.503,1,1
827,bc2c14bd2bf7551f5633c01663847239,93.0,3,1786546234504,2026-08-12T21:50:34.504,1,1
828,bc2c14bd2bf7551f5633c01663847239,93.0,3,1786546235501,2026-08-12T21:50:35.501,1,1
829,bc2c14bd2bf7551f5633c01663847239,93.0,3,1786546236500,2026-08-12T21:50:36.500,1,1
830,bc2c14bd2bf7551f5633c01663847239,93.0,3,1786546237500,2026-08-12T21:50:37.500,1,1
831,bc2c14bd2bf7551f5633c01663847239,93.0,3,1786546238501,2026-08-12T21:50:38.501,1,1
832,bc2c14bd2bf7551f5633c01663847239,93.0,3,1786546239503,2026-08-12T21:50:39.503,1,1
833,bc2c14bd2bf7551f5633c01663847239,92.0,3,1786546240511,2026-08-12T21:50:40.511,1,1
834,bc2c14bd2bf7551f5633c01663847239,92.0,3,1786546241500,2026-08-12T21:50:41.500,1,1
835,bc2c14bd2bf7551f5633c01663847239,92.0,3,1786546242500,2026-08-12T21:50:42.500,1,1
836,bc2c14bd2bf7551f5633c01663847239,92.0,3,1786546243500,2026-08-12T21:50:43.500,1,1
837,bc2c14bd2bf7551f5633c01663847239,92.0,3,1786546244501,2026-08-12T21:50:44.501,1,1
838,bc2c14bd2bf7551f5633c01663847239,92.0,3,1786546245500,2026-08-12T21:50:45.500,1,1
839,bc2c14bd2bf7551f5633c01663847239,92.0,3,1786546246500,2026-08-12T21:50:46.500,1,1
840,bc2c14bd2bf7551f5633c01663847239,93.0,3,1786546247500,2026-08-12T21:50:47.500,1,1
841,bc2c14bd2bf7551f5633c01663847239,93.0,3,1786546248500,2026-08-12T21:50:48.500,1,1
842,bc2c14bd2bf7551f5633c01663847239,94.0,3,1786546249500,2026-08-12T21:50:49.500,1,1
843,bc2c14bd2bf7551f5633c01663847239,95.0,3,1786546250500,2026-08-12T21:50:50.500,1,1
844,bc2c14bd2bf7551f5633c01663847239,95.0,3,1786546251500,2026-08-12T21:50:51.500,1,1
845,bc2c14bd2bf7551f5633c01663847239,95.0,3,1786546252500,2026-08-12T21:50:52.500,1,1
846,bc2c14bd2bf7551f5633c01663847239,95.0,3,1786546253510,2026-08-12T21:50:53.510,1,1
847,bc2c14bd2bf7551f5633c01663847239,95.0,3,1786546254507,2026-08-12T21:50:54.507,1,1
848,bc2c14bd2bf7551f5633c01663847239,95.0,3,1786546255505,2026-08-12T21:50:55.505,1,1
849,bc2c14bd2bf7551f5633c01663847239,95.0,3,1786546256504,2026-08-12T21:50:56.504,1,1
850,bc2c14bd2bf7551f5633c01663847239,94.0,3,1786546257501,2026-08-12T21:50:57.501,1,1
851,bc2c14bd2bf7551f5633c01663847239,93.0,3,1786546258500,2026-08-12T21:50:58.500,1,1
852,bc2c14bd2bf7551f5633c01663847239,93.0,3,1786546259501,2026-08-12T21:50:59.501,1,1
853,bc2c14bd2bf7551f5633c01663847239,92.0,3,1786546260500,2026-08-12T21:51:00.500,1,1
854,bc2c14bd2bf7551f5633c01663847239,93.0,3,1786546261501,2026-08-12T21:51:01.501,1,1
855,bc2c14bd2bf7551f5633c01663847239,94.0,3,1786546262502,2026-08-12T21:51:02.502,1,1
856,bc2c14bd2bf7551f5633c01663847239,95.0,3,1786546263500,2026-08-12T21:51:03.500,1,1
857,bc2c14bd2bf7551f5633c01663847239,96.0,3,1786546264500,2026-08-12T21:51:04.500,1,1
858,bc2c14bd2bf7551f5633c01663847239,96.0,3,1786546265501,2026-08-12T21:51:05.501,1,1
859,bc2c14bd2bf7551f5633c01663847239,96.0,3,1786546266501,2026-08-12T21:51:06.501,1,1
860,bc2c14bd2bf7551f5633c01663847239,96.0,3,1786546267501,2026-08-12T21:51:07.501,1,1
861,bc2c14bd2bf7551f5633c01663847239,96.0,3,1786546268500,2026-08-12T21:51:08.500,1,1
862,bc2c14bd2bf7551f5633c01663847239,96.0,3,1786546269500,2026-08-12T21:51:09.500,1,1
863,bc2c14bd2bf7551f5633c01663847239,96.0,3,1786546270500,2026-08-12T21:51:10.500,1,1
864,bc2c14bd2bf7551f5633c01663847239,97.0,3,1786546271501,2026-08-12T21:51:11.501,1,1
865,bc2c14bd2bf7551f5633c01663847239,97.0,3,1786546272510,2026-08-12T21:51:12.510,1,1
866,bc2c14bd2bf7551f5633c01663847239,98.0,3,1786546273507,2026-08-12T21:51:13.507,1,1
867,bc2c14bd2bf7551f5633c01663847239,97.0,3,1786546274506,2026-08-12T21:51:14.506,1,1
868,bc2c14bd2bf7551f5633c01663847239,97.0,3,1786546275503,2026-08-12T21:51:15.503,1,1
869,bc2c14bd2bf7551f5633c01663847239,96.0,3,1786546276500,2026-08-12T21:51:16.500,1,1
870,bc2c14bd2bf7551f5633c01663847239,96.0,3,1786546277501,2026-08-12T21:51:17.501,1,1
871,bc2c14bd2bf7551f5633c01663847239,95.0,3,1786546278500,2026-08-12T21:51:18.500,1,1
872,bc2c14bd2bf7551f5633c01663847239,94.0,3,1786546279502,2026-08-12T21:51:19.502,1,1
873,bc2c14bd2bf7551f5633c01663847239,94.0,3,1786546280501,2026-08-12T21:51:20.501,1,1
874,bc2c14bd2bf7551f5633c01663847239,93.0,3,1786546281502,2026-08-12T21:51:21.502,1,1
875,bc2c14bd2bf7551f5633c01663847239,92.0,3,1786546282502,2026-08-12T21:51:22.502,1,1
876,bc2c14bd2bf7551f5633c01663847239,90.0,3,1786546283501,2026-08-12T21:51:23.501,1,1
877,bc2c14bd2bf7551f5633c01663847239,89.0,3,1786546284501,2026-08-12T21:51:24.501,1,1
878,bc2c14bd2bf7551f5633c01663847239,88.0,3,1786546285502,2026-08-12T21:51:25.502,1,1
879,bc2c14bd2bf7551f5633c01663847239,88.0,3,1786546286500,2026-08-12T21:51:26.500,1,1
880,bc2c14bd2bf7551f5633c01663847239,88.0,3,1786546287500,2026-08-12T21:51:27.500,1,1
881,bc2c14bd2bf7551f5633c01663847239,87.0,3,1786546288500,2026-08-12T21:51:28.500,1,1
882,bc2c14bd2bf7551f5633c01663847239,87.0,3,1786546289500,2026-08-12T21:51:29.500,1,1
883,bc2c14bd2bf7551f5633c01663847239,88.0,3,1786546290500,2026-08-12T21:51:30.500,1,1
884,bc2c14bd2bf7551f5633c01663847239,88.0,3,1786546291500,2026-08-12T21:51:31.500,1,1
885,bc2c14bd2bf7551f5633c01663847239,88.0,3,1786546292501,2026-08-12T21:51:32.501,1,1
886,bc2c14bd2bf7551f5633c01663847239,88.0,3,1786546293500,2026-08-12T21:51:33.500,1,1
887,bc2c14bd2bf7551f5633c01663847239,89.0,3,1786546294500,2026-08-12T21:51:34.500,1,1
888,bc2c14bd2bf7551f5633c01663847239,90.0,3,1786546295502,2026-08-12T21:51:35.502,1,1
889,bc2c14bd2bf7551f5633c01663847239,90.0,3,1786546296503,2026-08-12T21:51:36.503,1,1
890,bc2c14bd2bf7551f5633c01663847239,91.0,3,1786546297503,2026-08-12T21:51:37.503,1,1
891,bc2c14bd2bf7551f5633c01663847239,91.0,3,1786546298500,2026-08-12T21:51:38.500,1,1
892,bc2c14bd2bf7551f5633c01663847239,92.0,3,1786546299502,2026-08-12T21:51:39.502,1,1
893,bc2c14bd2bf7551f5633c01663847239,94.0,3,1786546300503,2026-08-12T21:51:40.503,1,1
894,bc2c14bd2bf7551f5633c01663847239,95.0,3,1786546301504,2026-08-12T21:51:41.504,1,1
895,bc2c14bd2bf7551f5633c01663847239,96.0,3,1786546302503,2026-08-12T21:51:42.503,1,1
896,bc2c14bd2bf7551f5633c01663847239,97.0,3,1786546303501,2026-08-12T21:51:43.501,1,1
897,bc2c14bd2bf7551f5633c01663847239,97.0,3,1786546304500,2026-08-12T21:51:44.500,1,1
898,bc2c14bd2bf7551f5633c01663847239,97.0,3,1786546305500,2026-08-12T21:51:45.500,1,1
899,bc2c14bd2bf7551f5633c01663847239,97.0,3,1786546306500,2026-08-12T21:51:46.500,1,1
900,bc2c14bd2bf7551f5633c01663847239,98.0,3,1786546307500,2026-08-12T21:51:47.500,1,1
901,bc2c14bd2bf7551f5633c01663847239,98.0,3,1786546308500,2026-08-12T21:51:48.500,1,1
902,bc2c14bd2bf7551f5633c01663847239,97.0,3,1786546309500,2026-08-12T21:51:49.500,1,1
903,bc2c14bd2bf7551f5633c01663847239,97.0,3,1786546310500,2026-08-12T21:51:50.500,1,1
904,bc2c14bd2bf7551f5633c01663847239,96.0,3,1786546311501,2026-08-12T21:51:51.501,1,1
905,bc2c14bd2bf7551f5633c01663847239,95.0,3,1786546312505,2026-08-12T21:51:52.505,1,1
906,bc2c14bd2bf7551f5633c01663847239,95.0,3,1786546313501,2026-08-12T21:51:53.501,1,1
907,bc2c14bd2bf7551f5633c01663847239,95.0,3,1786546314500,2026-08-12T21:51:54.500,1,1
908,bc2c14bd2bf7551f5633c01663847239,96.0,3,1786546315500,2026-08-12T21:51:55.500,1,1
909,bc2c14bd2bf7551f5633c01663847239,95.0,3,1786546316500,2026-08-12T21:51:56.500,1,1
910,bc2c14bd2bf7551f5633c01663847239,95.0,3,1786546317500,2026-08-12T21:51:57.500,1,1
911,bc2c14bd2bf7551f5633c01663847239,95.0,3,1786546318501,2026-08-12T21:51:58.501,1,1
912,bc2c14bd2bf7551f5633c01663847239,94.0,3,1786546319509,2026-08-12T21:51:59.509,1,1
913,bc2c14bd2bf7551f5633c01663847239,93.0,3,1786546320500,2026-08-12T21:52:00.500,1,1
914,bc2c14bd2bf7551f5633c01663847239,93.0,3,1786546321500,2026-08-12T21:52:01.500,1,1
915,bc2c14bd2bf7551f5633c01663847239,92.0,3,1786546322500,2026-08-12T21:52:02.500,1,1
916,bc2c14bd2bf7551f5633c01663847239,92.0,3,1786546323502,2026-08-12T21:52:03.502,1,1
917,bc2c14bd2bf7551f5633c01663847239,93.0,3,1786546324500,2026-08-12T21:52:04.500,1,1
918,bc2c14bd2bf7551f5633c01663847239,94.0,3,1786546325504,2026-08-12T21:52:05.504,1,1
919,bc2c14bd2bf7551f5633c01663847239,95.0,3,1786546326501,2026-08-12T21:52:06.501,1,1
920,bc2c14bd2bf7551f5633c01663847239,95.0,3,1786546327500,2026-08-12T21:52:07.500,1,1
921,bc2c14bd2bf7551f5633c01663847239,95.0,3,1786546328501,2026-08-12T21:52:08.501,1,1
922,bc2c14bd2bf7551f5633c01663847239,96.0,3,1786546329505,2026-08-12T21:52:09.505,1,1
923,bc2c14bd2bf7551f5633c01663847239,95.0,3,1786546330502,2026-08-12T21:52:10.502,1,1
924,bc2c14bd2bf7551f5633c01663847239,94.0,3,1786546331501,2026-08-12T21:52:11.501,1,1
925,bc2c14bd2bf7551f5633c01663847239,94.0,3,1786546332500,2026-08-12T21:52:12.500,1,1
926,bc2c14bd2bf7551f5633c01663847239,94.0,3,1786546333501,2026-08-12T21:52:13.501,1,1
927,bc2c14bd2bf7551f5633c01663847239,95.0,3,1786546334501,2026-08-12T21:52:14.501,1,1
928,bc2c14bd2bf7551f5633c01663847239,95.0,3,1786546335501,2026-08-12T21:52:15.501,1,1
929,bc2c14bd2bf7551f5633c01663847239,96.0,3,1786546336500,2026-08-12T21:52:16.500,1,1
930,bc2c14bd2bf7551f5633c01663847239,97.0,3,1786546337500,2026-08-12T21:52:17.500,1,1
931,bc2c14bd2bf7551f5633c01663847239,98.0,3,1786546338502,2026-08-12T21:52:18.502,1,1
932,bc2c14bd2bf7551f5633c01663847239,98.0,3,1786546339500,2026-08-12T21:52:19.500,1,1
933,bc2c14bd2bf7551f5633c01663847239,98.0,3,1786546340500,2026-08-12T21:52:20.500,1,1
934,bc2c14bd2bf7551f5633c01663847239,98.0,3,1786546341504,2026-08-12T21:52:21.504,1,1
935,bc2c14bd2bf7551f5633c01663847239,98.0,3,1786546342506,2026-08-12T21:52:22.506,1,1
936,bc2c14bd2bf7551f5633c01663847239,99.0,3,1786546343508,2026-08-12T21:52:23.508,1,1
937,bc2c14bd2bf7551f5633c01663847239,101.0,3,1786546344501,2026-08-12T21:52:24.501,1,1
938,bc2c14bd2bf7551f5633c01663847239,102.0,3,1786546345505,2026-08-12T21:52:25.505,1,1
939,bc2c14bd2bf7551f5633c01663847239,103.0,3,1786546346502,2026-08-12T21:52:26.502,1,1
940,bc2c14bd2bf7551f5633c01663847239,102.0,3,1786546347500,2026-08-12T21:52:27.500,1,1
941,bc2c14bd2bf7551f5633c01663847239,101.0,3,1786546348501,2026-08-12T21:52:28.501,1,1
942,bc2c14bd2bf7551f5633c01663847239,100.0,3,1786546349500,2026-08-12T21:52:29.500,1,1
943,bc2c14bd2bf7551f5633c01663847239,100.0,3,1786546350500,2026-08-12T21:52:30.500,1,1
944,bc2c14bd2bf7551f5633c01663847239,99.0,3,1786546351503,2026-08-12T21:52:31.503,1,1
945,bc2c14bd2bf7551f5633c01663847239,98.0,3,1786546352500,2026-08-12T21:52:32.500,1,1
946,bc2c14bd2bf7551f5633c01663847239,99.0,3,1786546353500,2026-08-12T21:52:33.500,1,1
947,bc2c14bd2bf7551f5633c01663847239,98.0,3,1786546354501,2026-08-12T21:52:34.501,1,1
948,bc2c14bd2bf7551f5633c01663847239,98.0,3,1786546355501,2026-08-12T21:52:35.501,1,1
949,bc2c14bd2bf7551f5633c01663847239,98.0,3,1786546356500,2026-08-12T21:52:36.500,1,1
950,bc2c14bd2bf7551f5633c01663847239,99.0,3,1786546357500,2026-08-12T21:52:37.500,1,1
951,bc2c14bd2bf7551f5633c01663847239,99.0,3,1786546358500,2026-08-12T21:52:38.500,1,1
952,bc2c14bd2bf7551f5633c01663847239,99.0,3,1786546359502,2026-08-12T21:52:39.502,1,1
953,bc2c14bd2bf7551f5633c01663847239,99.0,3,1786546360500,2026-08-12T21:52:40.500,1,1
954,bc2c14bd2bf7551f5633c01663847239,99.0,3,1786546361500,2026-08-12T21:52:41.500,1,1
955,bc2c14bd2bf7551f5633c01663847239,100.0,3,1786546362500,2026-08-12T21:52:42.500,1,1
956,bc2c14bd2bf7551f5633c01663847239,100.0,3,1786546363509,2026-08-12T21:52:43.509,1,1
957,bc2c14bd2bf7551f5633c01663847239,99.0,3,1786546364506,2026-08-12T21:52:44.506,1,1
958,bc2c14bd2bf7551f5633c01663847239,98.0,3,1786546365508,2026-08-12T21:52:45.508,1,1
959,bc2c14bd2bf7551f5633c01663847239,97.0,3,1786546366505,2026-08-12T21:52:46.505,1,1
960,bc2c14bd2bf7551f5633c01663847239,97.0,3,1786546367504,2026-08-12T21:52:47.504,1,1
961,bc2c14bd2bf7551f5633c01663847239,96.0,3,1786546368512,2026-08-12T21:52:48.512,1,1
962,bc2c14bd2bf7551f5633c01663847239,95.0,3,1786546369502,2026-08-12T21:52:49.502,1,1
963,bc2c14bd2bf7551f5633c01663847239,95.0,3,1786546370501,2026-08-12T21:52:50.501,1,1
964,bc2c14bd2bf7551f5633c01663847239,94.0,3,1786546371500,2026-08-12T21:52:51.500,1,1
965,bc2c14bd2bf7551f5633c01663847239,93.0,3,1786546372500,2026-08-12T21:52:52.500,1,1
966,bc2c14bd2bf7551f5633c01663847239,93.0,3,1786546373500,2026-08-12T21:52:53.500,1,1
967,bc2c14bd2bf7551f5633c01663847239,92.0,3,1786546374500,2026-08-12T21:52:54.500,1,1
968,bc2c14bd2bf7551f5633c01663847239,92.0,3,1786546375503,2026-08-12T21:52:55.503,1,1
969,bc2c14bd2bf7551f5633c01663847239,92.0,3,1786546376502,2026-08-12T21:52:56.502,1,1
970,bc2c14bd2bf7551f5633c01663847239,93.0,3,1786546377501,2026-08-12T21:52:57.501,1,1
971,bc2c14bd2bf7551f5633c01663847239,93.0,3,1786546378500,2026-08-12T21:52:58.500,1,1
972,bc2c14bd2bf7551f5633c01663847239,95.0,3,1786546379500,2026-08-12T21:52:59.500,1,1
973,bc2c14bd2bf7551f5633c01663847239,96.0,3,1786546380500,2026-08-12T21:53:00.500,1,1
974,bc2c14bd2bf7551f5633c01663847239,97.0,3,1786546381501,2026-08-12T21:53:01.501,1,1
975,bc2c14bd2bf7551f5633c01663847239,98.0,3,1786546382534,2026-08-12T21:53:02.534,1,1
976,bc2c14bd2bf7551f5633c01663847239,98.0,3,1786546383500,2026-08-12T21:53:03.500,1,1
977,bc2c14bd2bf7551f5633c01663847239,98.0,3,1786546384500,2026-08-12T21:53:04.500,1,1
978,bc2c14bd2bf7551f5633c01663847239,99.0,3,1786546385500,2026-08-12T21:53:05.500,1,1
979,bc2c14bd2bf7551f5633c01663847239,98.0,3,1786546386500,2026-08-12T21:53:06.500,1,1
980,bc2c14bd2bf7551f5633c01663847239,97.0,3,1786546387508,2026-08-12T21:53:07.508,1,1
981,bc2c14bd2bf7551f5633c01663847239,97.0,3,1786546388506,2026-08-12T21:53:08.506,1,1
982,bc2c14bd2bf7551f5633c01663847239,98.0,3,1786546389504,2026-08-12T21:53:09.504,1,1
983,bc2c14bd2bf7551f5633c01663847239,99.0,3,1786546390505,2026-08-12T21:53:10.505,1,1
984,bc2c14bd2bf7551f5633c01663847239,100.0,3,1786546391502,2026-08-12T21:53:11.502,1,1
985,bc2c14bd2bf7551f5633c01663847239,101.0,3,1786546392500,2026-08-12T21:53:12.500,1,1
986,bc2c14bd2bf7551f5633c01663847239,100.0,3,1786546393502,2026-08-12T21:53:13.502,1,1
987,bc2c14bd2bf7551f5633c01663847239,99.0,3,1786546394501,2026-08-12T21:53:14.501,1,1
988,bc2c14bd2bf7551f5633c01663847239,98.0,3,1786546395500,2026-08-12T21:53:15.500,1,1
989,bc2c14bd2bf7551f5633c01663847239,97.0,3,1786546396500,2026-08-12T21:53:16.500,1,1
990,bc2c14bd2bf7551f5633c01663847239,96.0,3,1786546397503,2026-08-12T21:53:17.503,1,1
991,bc2c14bd2bf7551f5633c01663847239,95.0,3,1786546398500,2026-08-12T21:53:18.500,1,1
992,bc2c14bd2bf7551f5633c01663847239,95.0,3,1786546399500,2026-08-12T21:53:19.500,1,1
993,bc2c14bd2bf7551f5633c01663847239,94.0,3,1786546400501,2026-08-12T21:53:20.501,1,1
994,bc2c14bd2bf7551f5633c01663847239,93.0,3,1786546401500,2026-08-12T21:53:21.500,1,1
995,bc2c14bd2bf7551f5633c01663847239,92.0,3,1786546402500,2026-08-12T21:53:22.500,1,1
996,bc2c14bd2bf7551f5633c01663847239,91.0,3,1786546403500,2026-08-12T21:53:23.500,1,1
997,bc2c14bd2bf7551f5633c01663847239,90.0,3,1786546404507,2026-08-12T21:53:24.507,1,1
998,bc2c14bd2bf7551f5633c01663847239,89.0,3,1786546405501,2026-08-12T21:53:25.501,1,1
999,bc2c14bd2bf7551f5633c01663847239,89.0,3,1786546406501,2026-08-12T21:53:26.501,1,1
1000,bc2c14bd2bf7551f5633c01663847239,90.0,3,1786546407500,2026-08-12T21:53:27.500,1,1
1001,bc2c14bd2bf7551f5633c01663847239,91.0,3,1786546408504,2026-08-12T21:53:28.504,1,1
1002,bc2c14bd2bf7551f5633c01663847239,92.0,3,1786546409507,2026-08-12T21:53:29.507,1,1
1003,bc2c14bd2bf7551f5633c01663847239,93.0,3,1786546410504,2026-08-12T21:53:30.504,1,1
1004,bc2c14bd2bf7551f5633c01663847239,94.0,3,1786546411501,2026-08-12T21:53:31.501,1,1
1005,bc2c14bd2bf7551f5633c01663847239,95.0,3,1786546412500,2026-08-12T21:53:32.500,1,1
1006,bc2c14bd2bf7551f5633c01663847239,96.0,3,1786546413500,2026-08-12T21:53:33.500,1,1
1007,bc2c14bd2bf7551f5633c01663847239,96.0,3,1786546414500,2026-08-12T21:53:34.500,1,1
1008,bc2c14bd2bf7551f5633c01663847239,96.0,3,1786546415500,2026-08-12T21:53:35.500,1,1
1009,bc2c14bd2bf7551f5633c01663847239,96.0,3,1786546416500,2026-08-12T21:53:36.500,1,1
1010,bc2c14bd2bf7551f5633c01663847239,96.0,3,1786546417500,2026-08-12T21:53:37.500,1,1
1011,bc2c14bd2bf7551f5633c01663847239,95.0,3,1786546418500,2026-08-12T21:53:38.500,1,1
1012,bc2c14bd2bf7551f5633c01663847239,94.0,3,1786546419500,2026-08-12T21:53:39.500,1,1
1013,bc2c14bd2bf7551f5633c01663847239,94.0,3,1786546420500,2026-08-12T21:53:40.500,1,1
1014,bc2c14bd2bf7551f5633c01663847239,93.0,3,1786546421520,2026-08-12T21:53:41.520,1,1
1015,bc2c14bd2bf7551f5633c01663847239,93.0,3,1786546422516,2026-08-12T21:53:42.516,1,1
1016,bc2c14bd2bf7551f5633c01663847239,94.0,3,1786546423513,2026-08-12T21:53:43.513,1,1
1017,bc2c14bd2bf7551f5633c01663847239,95.0,3,1786546424500,2026-08-12T21:53:44.500,1,1
1018,bc2c14bd2bf7551f5633c01663847239,95.0,3,1786546425503,2026-08-12T21:53:45.503,1,0
1019,bc2c14bd2bf7551f5633c01663847239,95.0,3,1786546426500,2026-08-12T21:53:46.500,1,1
1020,bc2c14bd2bf7551f5633c01663847239,95.0,3,1786546427500,2026-08-12T21:53:47.500,1,0
1021,bc2c14bd2bf7551f5633c01663847239,95.0,3,1786546428502,2026-08-12T21:53:48.502,1,1
1022,bc2c14bd2bf7551f5633c01663847239,94.0,3,1786546429500,2026-08-12T21:53:49.500,1,1
1023,bc2c14bd2bf7551f5633c01663847239,94.0,3,1786546430500,2026-08-12T21:53:50.500,1,1
1024,bc2c14bd2bf7551f5633c01663847239,94.0,3,1786546431501,2026-08-12T21:53:51.501,1,1
1025,bc2c14bd2bf7551f5633c01663847239,94.0,3,1786546432503,2026-08-12T21:53:52.503,1,1
1026,bc2c14bd2bf7551f5633c01663847239,94.0,3,1786546433500,2026-08-12T21:53:53.500,1,1
1027,bc2c14bd2bf7551f5633c01663847239,94.0,3,1786546434500,2026-08-12T21:53:54.500,1,1
1028,bc2c14bd2bf7551f5633c01663847239,94.0,3,1786546435510,2026-08-12T21:53:55.510,1,1
1029,bc2c14bd2bf7551f5633c01663847239,94.0,3,1786546436507,2026-08-12T21:53:56.507,1,1
1030,bc2c14bd2bf7551f5633c01663847239,93.0,3,1786546437505,2026-08-12T21:53:57.505,1,1
1031,bc2c14bd2bf7551f5633c01663847239,93.0,3,1786546438502,2026-08-12T21:53:58.502,1,1
1032,bc2c14bd2bf7551f5633c01663847239,93.0,3,1786546439500,2026-08-12T21:53:59.500,1,1
1033,bc2c14bd2bf7551f5633c01663847239,93.0,3,1786546440500,2026-08-12T21:54:00.500,1,1
1034,bc2c14bd2bf7551f5633c01663847239,93.0,3,1786546441501,2026-08-12T21:54:01.501,1,1
1035,bc2c14bd2bf7551f5633c01663847239,93.0,3,1786546442501,2026-08-12T21:54:02.501,1,1
1036,bc2c14bd2bf7551f5633c01663847239,93.0,3,1786546443501,2026-08-12T21:54:03.501,1,1
1037,bc2c14bd2bf7551f5633c01663847239,93.0,3,1786546444500,2026-08-12T21:54:04.500,1,1
1038,bc2c14bd2bf7551f5633c01663847239,92.0,3,1786546445500,2026-08-12T21:54:05.500,1,1
1039,bc2c14bd2bf7551f5633c01663847239,92.0,3,1786546446500,2026-08-12T21:54:06.500,1,1
1040,bc2c14bd2bf7551f5633c01663847239,91.0,3,1786546447501,2026-08-12T21:54:07.501,1,1
1041,bc2c14bd2bf7551f5633c01663847239,91.0,3,1786546448500,2026-08-12T21:54:08.500,1,1
1042,bc2c14bd2bf7551f5633c01663847239,90.0,3,1786546449500,2026-08-12T21:54:09.500,1,1
1043,bc2c14bd2bf7551f5633c01663847239,90.0,3,1786546450500,2026-08-12T21:54:10.500,1,1
1044,bc2c14bd2bf7551f5633c01663847239,90.0,3,1786546451500,2026-08-12T21:54:11.500,1,1
1045,bc2c14bd2bf7551f5633c01663847239,89.0,3,1786546452500,2026-08-12T21:54:12.500,1,1
1046,bc2c14bd2bf7551f5633c01663847239,89.0,3,1786546453510,2026-08-12T21:54:13.510,1,1
1047,bc2c14bd2bf7551f5633c01663847239,89.0,3,1786546454508,2026-08-12T21:54:14.508,1,1
1048,bc2c14bd2bf7551f5633c01663847239,89.0,3,1786546455501,2026-08-12T21:54:15.501,1,1
1049,bc2c14bd2bf7551f5633c01663847239,89.0,3,1786546456505,2026-08-12T21:54:16.505,1,1
1050,bc2c14bd2bf7551f5633c01663847239,89.0,3,1786546457506,2026-08-12T21:54:17.506,1,1
1051,bc2c14bd2bf7551f5633c01663847239,89.0,3,1786546458505,2026-08-12T21:54:18.505,1,1
1052,bc2c14bd2bf7551f5633c01663847239,89.0,3,1786546459504,2026-08-12T21:54:19.504,1,1
1053,bc2c14bd2bf7551f5633c01663847239,89.0,3,1786546460500,2026-08-12T21:54:20.500,1,1
1054,bc2c14bd2bf7551f5633c01663847239,89.0,3,1786546461503,2026-08-12T21:54:21.503,1,1
1055,bc2c14bd2bf7551f5633c01663847239,90.0,3,1786546462501,2026-08-12T21:54:22.501,1,1
1056,bc2c14bd2bf7551f5633c01663847239,90.0,3,1786546463501,2026-08-12T21:54:23.501,1,1
1057,bc2c14bd2bf7551f5633c01663847239,90.0,3,1786546464500,2026-08-12T21:54:24.500,1,1
1058,bc2c14bd2bf7551f5633c01663847239,90.0,3,1786546465500,2026-08-12T21:54:25.500,1,1
1059,bc2c14bd2bf7551f5633c01663847239,91.0,3,1786546466502,2026-08-12T21:54:26.502,1,1
1060,bc2c14bd2bf7551f5633c01663847239,91.0,3,1786546467501,2026-08-12T21:54:27.501,1,1
1061,bc2c14bd2bf7551f5633c01663847239,92.0,3,1786546468501,2026-08-12T21:54:28.501,1,1
1062,bc2c14bd2bf7551f5633c01663847239,93.0,3,1786546469501,2026-08-12T21:54:29.501,1,1
1063,bc2c14bd2bf7551f5633c01663847239,94.0,3,1786546470500,2026-08-12T21:54:30.500,1,1
1064,bc2c14bd2bf7551f5633c01663847239,94.0,3,1786546471500,2026-08-12T21:54:31.500,1,1
1065,bc2c14bd2bf7551f5633c01663847239,94.0,3,1786546472500,2026-08-12T21:54:32.500,1,1
1066,bc2c14bd2bf7551f5633c01663847239,94.0,3,1786546473501,2026-08-12T21:54:33.501,1,1
1067,bc2c14bd2bf7551f5633c01663847239,94.0,3,1786546474500,2026-08-12T21:54:34.500,1,1
1068,bc2c14bd2bf7551f5633c01663847239,95.0,3,1786546475506,2026-08-12T21:54:35.506,1,1
1069,bc2c14bd2bf7551f5633c01663847239,95.0,3,1786546476500,2026-08-12T21:54:36.500,1,1
1070,bc2c14bd2bf7551f5633c01663847239,96.0,3,1786546477500,2026-08-12T21:54:37.500,1,1
1071,bc2c14bd2bf7551f5633c01663847239,96.0,3,1786546478500,2026-08-12T21:54:38.500,1,1
1072,bc2c14bd2bf7551f5633c01663847239,96.0,3,1786546479504,2026-08-12T21:54:39.504,1,1
1073,bc2c14bd2bf7551f5633c01663847239,96.0,3,1786546480506,2026-08-12T21:54:40.506,1,1
1074,bc2c14bd2bf7551f5633c01663847239,95.0,3,1786546481508,2026-08-12T21:54:41.508,1,1
1075,bc2c14bd2bf7551f5633c01663847239,95.0,3,1786546482504,2026-08-12T21:54:42.504,1,1
1076,bc2c14bd2bf7551f5633c01663847239,95.0,3,1786546483503,2026-08-12T21:54:43.503,1,1
1077,bc2c14bd2bf7551f5633c01663847239,95.0,3,1786546484501,2026-08-12T21:54:44.501,1,1
1078,bc2c14bd2bf7551f5633c01663847239,95.0,3,1786546485500,2026-08-12T21:54:45.500,1,1
1079,bc2c14bd2bf7551f5633c01663847239,94.0,3,1786546486500,2026-08-12T21:54:46.500,1,1
1080,bc2c14bd2bf7551f5633c01663847239,93.0,3,1786546487501,2026-08-12T21:54:47.501,1,1
1081,bc2c14bd2bf7551f5633c01663847239,92.0,3,1786546488506,2026-08-12T21:54:48.506,1,1
1082,bc2c14bd2bf7551f5633c01663847239,92.0,3,1786546489503,2026-08-12T21:54:49.503,1,1
1083,bc2c14bd2bf7551f5633c01663847239,92.0,3,1786546490501,2026-08-12T21:54:50.501,1,1
1084,bc2c14bd2bf7551f5633c01663847239,92.0,3,1786546491500,2026-08-12T21:54:51.500,1,1
1085,bc2c14bd2bf7551f5633c01663847239,92.0,3,1786546492500,2026-08-12T21:54:52.500,1,1
1086,bc2c14bd2bf7551f5633c01663847239,92.0,3,1786546493500,2026-08-12T21:54:53.500,1,1
1087,bc2c14bd2bf7551f5633c01663847239,91.0,3,1786546494500,2026-08-12T21:54:54.500,1,1
1088,bc2c14bd2bf7551f5633c01663847239,90.0,3,1786546495500,2026-08-12T21:54:55.500,1,1
1089,bc2c14bd2bf7551f5633c01663847239,90.0,3,1786546496501,2026-08-12T21:54:56.501,1,1
1090,bc2c14bd2bf7551f5633c01663847239,89.0,3,1786546497500,2026-08-12T21:54:57.500,1,1
1091,bc2c14bd2bf7551f5633c01663847239,89.0,3,1786546498500,2026-08-12T21:54:58.500,1,1
1092,bc2c14bd2bf7551f5633c01663847239,89.0,3,1786546499507,2026-08-12T21:54:59.507,1,1
1093,bc2c14bd2bf7551f5633c01663847239,89.0,3,1786546500507,2026-08-12T21:55:00.507,1,1
1094,bc2c14bd2bf7551f5633c01663847239,90.0,3,1786546501515,2026-08-12T21:55:01.515,1,1
1095,bc2c14bd2bf7551f5633c01663847239,91.0,3,1786546502506,2026-08-12T21:55:02.506,1,1
1096,bc2c14bd2bf7551f5633c01663847239,92.0,3,1786546503502,2026-08-12T21:55:03.502,1,1
1097,bc2c14bd2bf7551f5633c01663847239,92.0,3,1786546504500,2026-08-12T21:55:04.500,1,1
1098,bc2c14bd2bf7551f5633c01663847239,91.0,3,1786546505508,2026-08-12T21:55:05.508,1,1
1099,bc2c14bd2bf7551f5633c01663847239,91.0,3,1786546506500,2026-08-12T21:55:06.500,1,1
1100,bc2c14bd2bf7551f5633c01663847239,91.0,3,1786546507501,2026-08-12T21:55:07.501,1,1
1101,bc2c14bd2bf7551f5633c01663847239,91.0,3,1786546508500,2026-08-12T21:55:08.500,1,1
1102,bc2c14bd2bf7551f5633c01663847239,91.0,3,1786546509501,2026-08-12T21:55:09.501,1,1
1103,bc2c14bd2bf7551f5633c01663847239,91.0,3,1786546510500,2026-08-12T21:55:10.500,1,1
1104,bc2c14bd2bf7551f5633c01663847239,91.0,3,1786546511501,2026-08-12T21:55:11.501,1,1
1105,bc2c14bd2bf7551f5633c01663847239,91.0,3,1786546512501,2026-08-12T21:55:12.501,1,1
1106,bc2c14bd2bf7551f5633c01663847239,92.0,3,1786546513510,2026-08-12T21:55:13.510,1,1
1107,bc2c14bd2bf7551f5633c01663847239,92.0,3,1786546514508,2026-08-12T21:55:14.508,1,1
1108,bc2c14bd2bf7551f5633c01663847239,92.0,3,1786546515505,2026-08-12T21:55:15.505,1,1
1109,bc2c14bd2bf7551f5633c01663847239,92.0,3,1786546516504,2026-08-12T21:55:16.504,1,1
1110,bc2c14bd2bf7551f5633c01663847239,93.0,3,1786546517501,2026-08-12T21:55:17.501,1,1
1111,bc2c14bd2bf7551f5633c01663847239,94.0,3,1786546518501,2026-08-12T21:55:18.501,1,1
1112,bc2c14bd2bf7551f5633c01663847239,94.0,3,1786546519501,2026-08-12T21:55:19.501,1,1
1113,bc2c14bd2bf7551f5633c01663847239,94.0,3,1786546520500,2026-08-12T21:55:20.500,1,1
1114,bc2c14bd2bf7551f5633c01663847239,94.0,3,1786546521500,2026-08-12T21:55:21.500,1,1
1115,bc2c14bd2bf7551f5633c01663847239,94.0,3,1786546522500,2026-08-12T21:55:22.500,1,1
1116,bc2c14bd2bf7551f5633c01663847239,94.0,3,1786546523500,2026-08-12T21:55:23.500,1,1
1117,bc2c14bd2bf7551f5633c01663847239,94.0,3,1786546524500,2026-08-12T21:55:24.500,1,1
1118,bc2c14bd2bf7551f5633c01663847239,93.0,3,1786546525500,2026-08-12T21:55:25.500,1,1
1119,bc2c14bd2bf7551f5633c01663847239,92.0,3,1786546526500,2026-08-12T21:55:26.500,1,1
1120,bc2c14bd2bf7551f5633c01663847239,91.0,3,1786546527501,2026-08-12T21:55:27.501,1,1
1121,bc2c14bd2bf7551f5633c01663847239,90.0,3,1786546528500,2026-08-12T21:55:28.500,1,1
1122,bc2c14bd2bf7551f5633c01663847239,89.0,3,1786546529500,2026-08-12T21:55:29.500,1,1
1123,bc2c14bd2bf7551f5633c01663847239,89.0,3,1786546530500,2026-08-12T21:55:30.500,1,1
1124,bc2c14bd2bf7551f5633c01663847239,89.0,3,1786546531500,2026-08-12T21:55:31.500,1,1
1125,bc2c14bd2bf7551f5633c01663847239,88.0,3,1786546532500,2026-08-12T21:55:32.500,1,1
1126,bc2c14bd2bf7551f5633c01663847239,89.0,3,1786546533500,2026-08-12T21:55:33.500,1,1
1127,bc2c14bd2bf7551f5633c01663847239,88.0,3,1786546534500,2026-08-12T21:55:34.500,1,1
1128,bc2c14bd2bf7551f5633c01663847239,87.0,3,1786546535503,2026-08-12T21:55:35.503,1,1
1129,bc2c14bd2bf7551f5633c01663847239,86.0,3,1786546536500,2026-08-12T21:55:36.500,1,1
1130,bc2c14bd2bf7551f5633c01663847239,87.0,3,1786546537500,2026-08-12T21:55:37.500,1,1
1131,bc2c14bd2bf7551f5633c01663847239,87.0,3,1786546538500,2026-08-12T21:55:38.500,1,1
1132,bc2c14bd2bf7551f5633c01663847239,87.0,3,1786546539500,2026-08-12T21:55:39.500,1,1
1133,bc2c14bd2bf7551f5633c01663847239,88.0,3,1786546540500,2026-08-12T21:55:40.500,1,1
1134,bc2c14bd2bf7551f5633c01663847239,89.0,3,1786546541500,2026-08-12T21:55:41.500,1,1
1135,bc2c14bd2bf7551f5633c01663847239,88.0,3,1786546542501,2026-08-12T21:55:42.501,1,1
1136,bc2c14bd2bf7551f5633c01663847239,87.0,3,1786546543500,2026-08-12T21:55:43.500,1,1
1137,bc2c14bd2bf7551f5633c01663847239,87.0,3,1786546544500,2026-08-12T21:55:44.500,1,1
1138,bc2c14bd2bf7551f5633c01663847239,87.0,3,1786546545501,2026-08-12T21:55:45.501,1,1
1139,bc2c14bd2bf7551f5633c01663847239,87.0,3,1786546546506,2026-08-12T21:55:46.506,1,1
1140,bc2c14bd2bf7551f5633c01663847239,87.0,3,1786546547507,2026-08-12T21:55:47.507,1,1
1141,bc2c14bd2bf7551f5633c01663847239,89.0,3,1786546548504,2026-08-12T21:55:48.504,1,1
1142,bc2c14bd2bf7551f5633c01663847239,90.0,3,1786546549500,2026-08-12T21:55:49.500,1,1
1143,bc2c14bd2bf7551f5633c01663847239,91.0,3,1786546550500,2026-08-12T21:55:50.500,1,1
1144,bc2c14bd2bf7551f5633c01663847239,91.0,3,1786546551500,2026-08-12T21:55:51.500,1,1
1145,bc2c14bd2bf7551f5633c01663847239,92.0,3,1786546552501,2026-08-12T21:55:52.501,1,1
1146,bc2c14bd2bf7551f5633c01663847239,91.0,3,1786546553501,2026-08-12T21:55:53.501,1,1
1147,bc2c14bd2bf7551f5633c01663847239,91.0,3,1786546554501,2026-08-12T21:55:54.501,1,1
1148,bc2c14bd2bf7551f5633c01663847239,90.0,3,1786546555502,2026-08-12T21:55:55.502,1,1
1149,bc2c14bd2bf7551f5633c01663847239,90.0,3,1786546556500,2026-08-12T21:55:56.500,1,1
1150,bc2c14bd2bf7551f5633c01663847239,91.0,3,1786546557500,2026-08-12T21:55:57.500,1,1
1151,bc2c14bd2bf7551f5633c01663847239,91.0,3,1786546558503,2026-08-12T21:55:58.503,1,1
1152,bc2c14bd2bf7551f5633c01663847239,92.0,3,1786546559500,2026-08-12T21:55:59.500,1,1
1153,bc2c14bd2bf7551f5633c01663847239,93.0,3,1786546560500,2026-08-12T21:56:00.500,1,1
1154,bc2c14bd2bf7551f5633c01663847239,94.0,3,1786546561500,2026-08-12T21:56:01.500,1,1
1155,bc2c14bd2bf7551f5633c01663847239,95.0,3,1786546562500,2026-08-12T21:56:02.500,1,1
1156,bc2c14bd2bf7551f5633c01663847239,96.0,3,1786546563500,2026-08-12T21:56:03.500,1,1
1157,bc2c14bd2bf7551f5633c01663847239,96.0,3,1786546564500,2026-08-12T21:56:04.500,1,1
1158,bc2c14bd2bf7551f5633c01663847239,96.0,3,1786546565501,2026-08-12T21:56:05.501,1,1
1159,bc2c14bd2bf7551f5633c01663847239,95.0,3,1786546566507,2026-08-12T21:56:06.507,1,1
1160,bc2c14bd2bf7551f5633c01663847239,95.0,3,1786546567503,2026-08-12T21:56:07.503,1,1
1161,bc2c14bd2bf7551f5633c01663847239,94.0,3,1786546568507,2026-08-12T21:56:08.507,1,1
1162,bc2c14bd2bf7551f5633c01663847239,94.0,3,1786546569507,2026-08-12T21:56:09.507,1,1
1163,bc2c14bd2bf7551f5633c01663847239,93.0,3,1786546570505,2026-08-12T21:56:10.505,1,1
1164,bc2c14bd2bf7551f5633c01663847239,92.0,3,1786546571512,2026-08-12T21:56:11.512,1,1
1165,bc2c14bd2bf7551f5633c01663847239,92.0,3,1786546572500,2026-08-12T21:56:12.500,1,1
1166,bc2c14bd2bf7551f5633c01663847239,91.0,3,1786546573500,2026-08-12T21:56:13.500,1,1
1167,bc2c14bd2bf7551f5633c01663847239,91.0,3,1786546574500,2026-08-12T21:56:14.500,1,1
1168,bc2c14bd2bf7551f5633c01663847239,91.0,3,1786546575502,2026-08-12T21:56:15.502,1,1
1169,bc2c14bd2bf7551f5633c01663847239,91.0,3,1786546576501,2026-08-12T21:56:16.501,1,1
1170,bc2c14bd2bf7551f5633c01663847239,90.0,3,1786546577501,2026-08-12T21:56:17.501,1,1
1171,bc2c14bd2bf7551f5633c01663847239,90.0,3,1786546578500,2026-08-12T21:56:18.500,1,1
1172,bc2c14bd2bf7551f5633c01663847239,89.0,3,1786546579500,2026-08-12T21:56:19.500,1,1
1173,bc2c14bd2bf7551f5633c01663847239,89.0,3,1786546580500,2026-08-12T21:56:20.500,1,1
1174,bc2c14bd2bf7551f5633c01663847239,89.0,3,1786546581500,2026-08-12T21:56:21.500,1,1
1175,bc2c14bd2bf7551f5633c01663847239,89.0,3,1786546582500,2026-08-12T21:56:22.500,1,1
1176,bc2c14bd2bf7551f5633c01663847239,90.0,3,1786546583501,2026-08-12T21:56:23.501,1,1
1177,bc2c14bd2bf7551f5633c01663847239,90.0,3,1786546584500,2026-08-12T21:56:24.500,1,1
1178,bc2c14bd2bf7551f5633c01663847239,91.0,3,1786546585500,2026-08-12T21:56:25.500,1,1
1179,bc2c14bd2bf7551f5633c01663847239,92.0,3,1786546586500,2026-08-12T21:56:26.500,1,1
1180,bc2c14bd2bf7551f5633c01663847239,92.0,3,1786546587500,2026-08-12T21:56:27.500,1,1
1181,bc2c14bd2bf7551f5633c01663847239,92.0,3,1786546588509,2026-08-12T21:56:28.509,1,1
1182,bc2c14bd2bf7551f5633c01663847239,92.0,3,1786546589501,2026-08-12T21:56:29.501,1,1
1183,bc2c14bd2bf7551f5633c01663847239,93.0,3,1786546590500,2026-08-12T21:56:30.500,1,1
1184,bc2c14bd2bf7551f5633c01663847239,93.0,3,1786546591503,2026-08-12T21:56:31.503,1,1
1185,bc2c14bd2bf7551f5633c01663847239,94.0,3,1786546592500,2026-08-12T21:56:32.500,1,1
1186,bc2c14bd2bf7551f5633c01663847239,95.0,3,1786546593503,2026-08-12T21:56:33.503,1,1
1187,bc2c14bd2bf7551f5633c01663847239,95.0,3,1786546594502,2026-08-12T21:56:34.502,1,1
1188,bc2c14bd2bf7551f5633c01663847239,94.0,3,1786546595501,2026-08-12T21:56:35.501,1,1
1189,bc2c14bd2bf7551f5633c01663847239,93.0,3,1786546596503,2026-08-12T21:56:36.503,1,1
1190,bc2c14bd2bf7551f5633c01663847239,92.0,3,1786546597503,2026-08-12T21:56:37.503,1,1
1191,bc2c14bd2bf7551f5633c01663847239,92.0,3,1786546598504,2026-08-12T21:56:38.504,1,1
1192,bc2c14bd2bf7551f5633c01663847239,93.0,3,1786546599501,2026-08-12T21:56:39.501,1,1
1193,bc2c14bd2bf7551f5633c01663847239,94.0,3,1786546600502,2026-08-12T21:56:40.502,1,1
1194,bc2c14bd2bf7551f5633c01663847239,95.0,3,1786546601508,2026-08-12T21:56:41.508,1,1
1195,bc2c14bd2bf7551f5633c01663847239,96.0,3,1786546602504,2026-08-12T21:56:42.504,1,1
1196,bc2c14bd2bf7551f5633c01663847239,96.0,3,1786546603501,2026-08-12T21:56:43.501,1,1
1197,bc2c14bd2bf7551f5633c01663847239,95.0,3,1786546604500,2026-08-12T21:56:44.500,1,1
1198,bc2c14bd2bf7551f5633c01663847239,94.0,3,1786546605501,2026-08-12T21:56:45.501,1,1
1199,bc2c14bd2bf7551f5633c01663847239,93.0,3,1786546606500,2026-08-12T21:56:46.500,1,1
1200,bc2c14bd2bf7551f5633c01663847239,92.0,3,1786546607500,2026-08-12T21:56:47.500,1,1
1201,bc2c14bd2bf7551f5633c01663847239,92.0,3,1786546608501,2026-08-12T21:56:48.501,1,1
1202,bc2c14bd2bf7551f5633c01663847239,92.0,3,1786546609500,2026-08-12T21:56:49.500,1,1
1203,bc2c14bd2bf7551f5633c01663847239,93.0,3,1786546610500,2026-08-12T21:56:50.500,1,1
1204,bc2c14bd2bf7551f5633c01663847239,93.0,3,1786546611500,2026-08-12T21:56:51.500,1,1
1205,bc2c14bd2bf7551f5633c01663847239,93.0,3,1786546612500,2026-08-12T21:56:52.500,1,1
1206,bc2c14bd2bf7551f5633c01663847239,93.0,3,1786546613502,2026-08-12T21:56:53.502,1,1
1207,bc2c14bd2bf7551f5633c01663847239,91.0,3,1786546614512,2026-08-12T21:56:54.512,1,1
1208,bc2c14bd2bf7551f5633c01663847239,90.0,3,1786546615507,2026-08-12T21:56:55.507,1,1
1209,bc2c14bd2bf7551f5633c01663847239,89.0,3,1786546616507,2026-08-12T21:56:56.507,1,1
1210,bc2c14bd2bf7551f5633c01663847239,88.0,3,1786546617506,2026-08-12T21:56:57.506,1,1
1211,bc2c14bd2bf7551f5633c01663847239,88.0,3,1786546618502,2026-08-12T21:56:58.502,1,1
1212,bc2c14bd2bf7551f5633c01663847239,87.0,3,1786546619500,2026-08-12T21:56:59.500,1,1
1213,bc2c14bd2bf7551f5633c01663847239,86.0,3,1786546620501,2026-08-12T21:57:00.501,1,1
1214,bc2c14bd2bf7551f5633c01663847239,86.0,3,1786546621501,2026-08-12T21:57:01.501,1,1
1215,bc2c14bd2bf7551f5633c01663847239,87.0,3,1786546622500,2026-08-12T21:57:02.500,1,1
1216,bc2c14bd2bf7551f5633c01663847239,87.0,3,1786546623500,2026-08-12T21:57:03.500,1,1
1217,bc2c14bd2bf7551f5633c01663847239,88.0,3,1786546624500,2026-08-12T21:57:04.500,1,1
1218,bc2c14bd2bf7551f5633c01663847239,88.0,3,1786546625500,2026-08-12T21:57:05.500,1,1
1219,bc2c14bd2bf7551f5633c01663847239,88.0,3,1786546626500,2026-08-12T21:57:06.500,1,1
1220,bc2c14bd2bf7551f5633c01663847239,88.0,3,1786546627500,2026-08-12T21:57:07.500,1,1
1221,bc2c14bd2bf7551f5633c01663847239,88.0,3,1786546628503,2026-08-12T21:57:08.503,1,1
1222,bc2c14bd2bf7551f5633c01663847239,88.0,3,1786546629500,2026-08-12T21:57:09.500,1,1
1223,bc2c14bd2bf7551f5633c01663847239,88.0,3,1786546630500,2026-08-12T21:57:10.500,1,1
1224,bc2c14bd2bf7551f5633c01663847239,89.0,3,1786546631500,2026-08-12T21:57:11.500,1,1
1225,bc2c14bd2bf7551f5633c01663847239,90.0,3,1786546632500,2026-08-12T21:57:12.500,1,1
1226,bc2c14bd2bf7551f5633c01663847239,90.0,3,1786546633500,2026-08-12T21:57:13.500,1,1
1227,bc2c14bd2bf7551f5633c01663847239,91.0,3,1786546634508,2026-08-12T21:57:14.508,1,1
1228,bc2c14bd2bf7551f5633c01663847239,92.0,3,1786546635507,2026-08-12T21:57:15.507,1,1
1229,bc2c14bd2bf7551f5633c01663847239,93.0,3,1786546636515,2026-08-12T21:57:16.515,1,1
1230,bc2c14bd2bf7551f5633c01663847239,94.0,3,1786546637518,2026-08-12T21:57:17.518,1,1
1231,bc2c14bd2bf7551f5633c01663847239,95.0,3,1786546638520,2026-08-12T21:57:18.520,1,1
1232,bc2c14bd2bf7551f5633c01663847239,94.0,3,1786546639514,2026-08-12T21:57:19.514,1,1
1233,bc2c14bd2bf7551f5633c01663847239,93.0,3,1786546640516,2026-08-12T21:57:20.516,1,1
1234,bc2c14bd2bf7551f5633c01663847239,93.0,3,1786546641500,2026-08-12T21:57:21.500,1,1
1235,bc2c14bd2bf7551f5633c01663847239,93.0,3,1786546642523,2026-08-12T21:57:22.523,1,1
1236,bc2c14bd2bf7551f5633c01663847239,93.0,3,1786546643507,2026-08-12T21:57:23.507,1,0
1237,bc2c14bd2bf7551f5633c01663847239,93.0,3,1786546644506,2026-08-12T21:57:24.506,1,1
1238,bc2c14bd2bf7551f5633c01663847239,93.0,3,1786546645506,2026-08-12T21:57:25.506,1,1
1239,bc2c14bd2bf7551f5633c01663847239,94.0,3,1786546646508,2026-08-12T21:57:26.508,1,1
1240,bc2c14bd2bf7551f5633c01663847239,94.0,3,1786546647502,2026-08-12T21:57:27.502,1,1
1241,bc2c14bd2bf7551f5633c01663847239,94.0,3,1786546648504,2026-08-12T21:57:28.504,1,1
1242,bc2c14bd2bf7551f5633c01663847239,94.0,3,1786546649503,2026-08-12T21:57:29.503,1,1
1243,bc2c14bd2bf7551f5633c01663847239,95.0,3,1786546650504,2026-08-12T21:57:30.504,1,1
1244,bc2c14bd2bf7551f5633c01663847239,95.0,3,1786546651502,2026-08-12T21:57:31.502,1,1
1245,bc2c14bd2bf7551f5633c01663847239,95.0,3,1786546652501,2026-08-12T21:57:32.501,1,1
1246,bc2c14bd2bf7551f5633c01663847239,94.0,3,1786546653502,2026-08-12T21:57:33.502,1,1
1247,bc2c14bd2bf7551f5633c01663847239,93.0,3,1786546654500,2026-08-12T21:57:34.500,1,1
1248,bc2c14bd2bf7551f5633c01663847239,93.0,3,1786546655500,2026-08-12T21:57:35.500,1,1
1249,bc2c14bd2bf7551f5633c01663847239,93.0,3,1786546656500,2026-08-12T21:57:36.500,1,1
1250,bc2c14bd2bf7551f5633c01663847239,92.0,3,1786546657500,2026-08-12T21:57:37.500,1,1
1251,bc2c14bd2bf7551f5633c01663847239,92.0,3,1786546658500,2026-08-12T21:57:38.500,1,1
1252,bc2c14bd2bf7551f5633c01663847239,91.0,3,1786546659500,2026-08-12T21:57:39.500,1,1
1253,bc2c14bd2bf7551f5633c01663847239,91.0,3,1786546660501,2026-08-12T21:57:40.501,1,1
1254,bc2c14bd2bf7551f5633c01663847239,91.0,3,1786546661503,2026-08-12T21:57:41.503,1,1
1255,bc2c14bd2bf7551f5633c01663847239,91.0,3,1786546662502,2026-08-12T21:57:42.502,1,1
1256,bc2c14bd2bf7551f5633c01663847239,92.0,3,1786546663503,2026-08-12T21:57:43.503,1,1
1257,bc2c14bd2bf7551f5633c01663847239,92.0,3,1786546664501,2026-08-12T21:57:44.501,1,1
1258,bc2c14bd2bf7551f5633c01663847239,91.0,3,1786546665500,2026-08-12T21:57:45.500,1,1
1259,bc2c14bd2bf7551f5633c01663847239,91.0,3,1786546666500,2026-08-12T21:57:46.500,1,1
1260,bc2c14bd2bf7551f5633c01663847239,91.0,3,1786546667500,2026-08-12T21:57:47.500,1,1
1261,bc2c14bd2bf7551f5633c01663847239,91.0,3,1786546668500,2026-08-12T21:57:48.500,1,1
1262,bc2c14bd2bf7551f5633c01663847239,92.0,3,1786546669500,2026-08-12T21:57:49.500,1,1
1263,bc2c14bd2bf7551f5633c01663847239,92.0,3,1786546670500,2026-08-12T21:57:50.500,1,1
1264,bc2c14bd2bf7551f5633c01663847239,94.0,3,1786546671500,2026-08-12T21:57:51.500,1,1
1265,bc2c14bd2bf7551f5633c01663847239,95.0,3,1786546672500,2026-08-12T21:57:52.500,1,1
1266,bc2c14bd2bf7551f5633c01663847239,96.0,3,1786546673500,2026-08-12T21:57:53.500,1,1
1267,bc2c14bd2bf7551f5633c01663847239,97.0,3,1786546674500,2026-08-12T21:57:54.500,1,1
1268,bc2c14bd2bf7551f5633c01663847239,98.0,3,1786546675500,2026-08-12T21:57:55.500,1,1
1269,bc2c14bd2bf7551f5633c01663847239,100.0,3,1786546676500,2026-08-12T21:57:56.500,1,1
1270,bc2c14bd2bf7551f5633c01663847239,100.0,3,1786546677510,2026-08-12T21:57:57.510,1,1
1271,bc2c14bd2bf7551f5633c01663847239,100.0,3,1786546678506,2026-08-12T21:57:58.506,1,1
1272,bc2c14bd2bf7551f5633c01663847239,100.0,3,1786546679507,2026-08-12T21:57:59.507,1,1
1273,bc2c14bd2bf7551f5633c01663847239,100.0,3,1786546680509,2026-08-12T21:58:00.509,1,1
1274,bc2c14bd2bf7551f5633c01663847239,99.0,3,1786546681505,2026-08-12T21:58:01.505,1,1
1275,bc2c14bd2bf7551f5633c01663847239,98.0,3,1786546682500,2026-08-12T21:58:02.500,1,1
1276,bc2c14bd2bf7551f5633c01663847239,97.0,3,1786546683500,2026-08-12T21:58:03.500,1,1
1277,bc2c14bd2bf7551f5633c01663847239,96.0,3,1786546684500,2026-08-12T21:58:04.500,1,1
1278,bc2c14bd2bf7551f5633c01663847239,96.0,3,1786546685501,2026-08-12T21:58:05.501,1,1
1279,bc2c14bd2bf7551f5633c01663847239,94.0,3,1786546686500,2026-08-12T21:58:06.500,1,1
1280,bc2c14bd2bf7551f5633c01663847239,93.0,3,1786546687500,2026-08-12T21:58:07.500,1,1
1281,bc2c14bd2bf7551f5633c01663847239,93.0,3,1786546688500,2026-08-12T21:58:08.500,1,1
1282,bc2c14bd2bf7551f5633c01663847239,92.0,3,1786546689501,2026-08-12T21:58:09.501,1,1
1283,bc2c14bd2bf7551f5633c01663847239,92.0,3,1786546690504,2026-08-12T21:58:10.504,1,1
1284,bc2c14bd2bf7551f5633c01663847239,92.0,3,1786546691501,2026-08-12T21:58:11.501,1,1
1285,bc2c14bd2bf7551f5633c01663847239,91.0,3,1786546692503,2026-08-12T21:58:12.503,1,1
1286,bc2c14bd2bf7551f5633c01663847239,91.0,3,1786546693502,2026-08-12T21:58:13.502,1,1
1287,bc2c14bd2bf7551f5633c01663847239,91.0,3,1786546694503,2026-08-12T21:58:14.503,1,1
1288,bc2c14bd2bf7551f5633c01663847239,91.0,3,1786546695500,2026-08-12T21:58:15.500,1,1
1289,bc2c14bd2bf7551f5633c01663847239,91.0,3,1786546696503,2026-08-12T21:58:16.503,1,1
1290,bc2c14bd2bf7551f5633c01663847239,91.0,3,1786546697503,2026-08-12T21:58:17.503,1,1
1291,bc2c14bd2bf7551f5633c01663847239,91.0,3,1786546698503,2026-08-12T21:58:18.503,1,1
1292,bc2c14bd2bf7551f5633c01663847239,91.0,3,1786546699500,2026-08-12T21:58:19.500,1,1
1293,bc2c14bd2bf7551f5633c01663847239,92.0,3,1786546700500,2026-08-12T21:58:20.500,1,1
1294,bc2c14bd2bf7551f5633c01663847239,92.0,3,1786546701500,2026-08-12T21:58:21.500,1,1
1295,bc2c14bd2bf7551f5633c01663847239,92.0,3,1786546702501,2026-08-12T21:58:22.501,1,1
1296,bc2c14bd2bf7551f5633c01663847239,92.0,3,1786546703501,2026-08-12T21:58:23.501,1,1
1297,bc2c14bd2bf7551f5633c01663847239,92.0,3,1786546704501,2026-08-12T21:58:24.501,1,1
1298,bc2c14bd2bf7551f5633c01663847239,92.0,3,1786546705502,2026-08-12T21:58:25.502,1,1
1299,bc2c14bd2bf7551f5633c01663847239,92.0,3,1786546706500,2026-08-12T21:58:26.500,1,1
1300,bc2c14bd2bf7551f5633c01663847239,92.0,3,1786546707500,2026-08-12T21:58:27.500,1,1
1301,bc2c14bd2bf7551f5633c01663847239,93.0,3,1786546708501,2026-08-12T21:58:28.501,1,1
1302,bc2c14bd2bf7551f5633c01663847239,93.0,3,1786546709500,2026-08-12T21:58:29.500,1,1
1303,bc2c14bd2bf7551f5633c01663847239,93.0,3,1786546710507,2026-08-12T21:58:30.507,1,1
1304,bc2c14bd2bf7551f5633c01663847239,93.0,3,1786546711506,2026-08-12T21:58:31.506,1,1
1305,bc2c14bd2bf7551f5633c01663847239,92.0,3,1786546712509,2026-08-12T21:58:32.509,1,1
1306,bc2c14bd2bf7551f5633c01663847239,92.0,3,1786546713507,2026-08-12T21:58:33.507,1,1
1307,bc2c14bd2bf7551f5633c01663847239,92.0,3,1786546714511,2026-08-12T21:58:34.511,1,1
1308,bc2c14bd2bf7551f5633c01663847239,92.0,3,1786546715507,2026-08-12T21:58:35.507,1,1
1309,bc2c14bd2bf7551f5633c01663847239,92.0,3,1786546716507,2026-08-12T21:58:36.507,1,1
1310,bc2c14bd2bf7551f5633c01663847239,92.0,3,1786546717506,2026-08-12T21:58:37.506,1,1
1311,bc2c14bd2bf7551f5633c01663847239,91.0,3,1786546718507,2026-08-12T21:58:38.507,1,1
1312,bc2c14bd2bf7551f5633c01663847239,91.0,3,1786546719505,2026-08-12T21:58:39.505,1,1
1313,bc2c14bd2bf7551f5633c01663847239,91.0,3,1786546720506,2026-08-12T21:58:40.506,1,1
1314,bc2c14bd2bf7551f5633c01663847239,91.0,3,1786546721504,2026-08-12T21:58:41.504,1,1
1315,bc2c14bd2bf7551f5633c01663847239,91.0,3,1786546722500,2026-08-12T21:58:42.500,1,1
1316,bc2c14bd2bf7551f5633c01663847239,91.0,3,1786546723503,2026-08-12T21:58:43.503,1,1
1317,bc2c14bd2bf7551f5633c01663847239,91.0,3,1786546724501,2026-08-12T21:58:44.501,1,1
1318,bc2c14bd2bf7551f5633c01663847239,91.0,3,1786546725500,2026-08-12T21:58:45.500,1,1
1319,bc2c14bd2bf7551f5633c01663847239,91.0,3,1786546726501,2026-08-12T21:58:46.501,1,1
1320,bc2c14bd2bf7551f5633c01663847239,91.0,3,1786546727500,2026-08-12T21:58:47.500,1,1
1321,bc2c14bd2bf7551f5633c01663847239,91.0,3,1786546728500,2026-08-12T21:58:48.500,1,1
1322,bc2c14bd2bf7551f5633c01663847239,91.0,3,1786546729500,2026-08-12T21:58:49.500,1,1
1323,bc2c14bd2bf7551f5633c01663847239,91.0,3,1786546730501,2026-08-12T21:58:50.501,1,1
1324,bc2c14bd2bf7551f5633c01663847239,91.0,3,1786546731500,2026-08-12T21:58:51.500,1,1
1325,bc2c14bd2bf7551f5633c01663847239,92.0,3,1786546732500,2026-08-12T21:58:52.500,1,1
1326,bc2c14bd2bf7551f5633c01663847239,92.0,3,1786546733500,2026-08-12T21:58:53.500,1,1
1327,bc2c14bd2bf7551f5633c01663847239,92.0,3,1786546734504,2026-08-12T21:58:54.504,1,1
1328,bc2c14bd2bf7551f5633c01663847239,92.0,3,1786546735501,2026-08-12T21:58:55.501,1,1
1329,bc2c14bd2bf7551f5633c01663847239,92.0,3,1786546736502,2026-08-12T21:58:56.502,1,1
1330,bc2c14bd2bf7551f5633c01663847239,92.0,3,1786546737501,2026-08-12T21:58:57.501,1,1
1331,bc2c14bd2bf7551f5633c01663847239,92.0,3,1786546738501,2026-08-12T21:58:58.501,1,1
1332,bc2c14bd2bf7551f5633c01663847239,92.0,3,1786546739501,2026-08-12T21:58:59.501,1,1
1333,bc2c14bd2bf7551f5633c01663847239,92.0,3,1786546740501,2026-08-12T21:59:00.501,1,1
1334,bc2c14bd2bf7551f5633c01663847239,93.0,3,1786546741500,2026-08-12T21:59:01.500,1,1
1335,bc2c14bd2bf7551f5633c01663847239,94.0,3,1786546742501,2026-08-12T21:59:02.501,1,1
1336,bc2c14bd2bf7551f5633c01663847239,94.0,3,1786546743500,2026-08-12T21:59:03.500,1,1
1337,bc2c14bd2bf7551f5633c01663847239,94.0,3,1786546744501,2026-08-12T21:59:04.501,1,1
1338,bc2c14bd2bf7551f5633c01663847239,94.0,3,1786546745501,2026-08-12T21:59:05.501,1,1
1339,bc2c14bd2bf7551f5633c01663847239,95.0,3,1786546746500,2026-08-12T21:59:06.500,1,1
1340,bc2c14bd2bf7551f5633c01663847239,94.0,3,1786546747500,2026-08-12T21:59:07.500,1,1
1341,bc2c14bd2bf7551f5633c01663847239,94.0,3,1786546748502,2026-08-12T21:59:08.502,1,1
1342,bc2c14bd2bf7551f5633c01663847239,95.0,3,1786546749500,2026-08-12T21:59:09.500,1,1
1343,bc2c14bd2bf7551f5633c01663847239,95.0,3,1786546750500,2026-08-12T21:59:10.500,1,1
1344,bc2c14bd2bf7551f5633c01663847239,95.0,3,1786546751500,2026-08-12T21:59:11.500,1,1
1345,bc2c14bd2bf7551f5633c01663847239,95.0,3,1786546752500,2026-08-12T21:59:12.500,1,1
1346,bc2c14bd2bf7551f5633c01663847239,94.0,3,1786546753500,2026-08-12T21:59:13.500,1,1
1347,bc2c14bd2bf7551f5633c01663847239,93.0,3,1786546754500,2026-08-12T21:59:14.500,1,1
1348,bc2c14bd2bf7551f5633c01663847239,92.0,3,1786546755502,2026-08-12T21:59:15.502,1,1
1349,bc2c14bd2bf7551f5633c01663847239,92.0,3,1786546756501,2026-08-12T21:59:16.501,1,1
1350,bc2c14bd2bf7551f5633c01663847239,92.0,3,1786546757509,2026-08-12T21:59:17.509,1,1
1351,bc2c14bd2bf7551f5633c01663847239,92.0,3,1786546758510,2026-08-12T21:59:18.510,1,1
1352,bc2c14bd2bf7551f5633c01663847239,92.0,3,1786546759500,2026-08-12T21:59:19.500,1,1
1353,bc2c14bd2bf7551f5633c01663847239,92.0,3,1786546760510,2026-08-12T21:59:20.510,1,1
1354,bc2c14bd2bf7551f5633c01663847239,93.0,3,1786546761507,2026-08-12T21:59:21.507,1,1
1355,bc2c14bd2bf7551f5633c01663847239,93.0,3,1786546762506,2026-08-12T21:59:22.506,1,1
1356,bc2c14bd2bf7551f5633c01663847239,92.0,3,1786546763506,2026-08-12T21:59:23.506,1,1
1357,bc2c14bd2bf7551f5633c01663847239,91.0,3,1786546764506,2026-08-12T21:59:24.506,1,1
1358,bc2c14bd2bf7551f5633c01663847239,91.0,3,1786546765504,2026-08-12T21:59:25.504,1,1
1359,bc2c14bd2bf7551f5633c01663847239,91.0,3,1786546766503,2026-08-12T21:59:26.503,1,1
1360,bc2c14bd2bf7551f5633c01663847239,92.0,3,1786546767516,2026-08-12T21:59:27.516,1,1
1361,bc2c14bd2bf7551f5633c01663847239,93.0,3,1786546768505,2026-08-12T21:59:28.505,1,1
1362,bc2c14bd2bf7551f5633c01663847239,93.0,3,1786546769506,2026-08-12T21:59:29.506,1,1
1363,bc2c14bd2bf7551f5633c01663847239,93.0,3,1786546770504,2026-08-12T21:59:30.504,1,1
1364,bc2c14bd2bf7551f5633c01663847239,92.0,3,1786546771504,2026-08-12T21:59:31.504,1,1
1365,bc2c14bd2bf7551f5633c01663847239,91.0,3,1786546772516,2026-08-12T21:59:32.516,1,1
1366,bc2c14bd2bf7551f5633c01663847239,91.0,3,1786546773507,2026-08-12T21:59:33.507,1,1
1367,bc2c14bd2bf7551f5633c01663847239,91.0,3,1786546774506,2026-08-12T21:59:34.506,1,1
1368,bc2c14bd2bf7551f5633c01663847239,92.0,3,1786546775503,2026-08-12T21:59:35.503,1,1
1369,bc2c14bd2bf7551f5633c01663847239,93.0,3,1786546776508,2026-08-12T21:59:36.508,1,1
1370,bc2c14bd2bf7551f5633c01663847239,94.0,3,1786546777508,2026-08-12T21:59:37.508,1,1
1371,bc2c14bd2bf7551f5633c01663847239,94.0,3,1786546778516,2026-08-12T21:59:38.516,1,1
1372,bc2c14bd2bf7551f5633c01663847239,94.0,3,1786546779510,2026-08-12T21:59:39.510,1,1
1373,bc2c14bd2bf7551f5633c01663847239,94.0,3,1786546780503,2026-08-12T21:59:40.503,1,1
1374,bc2c14bd2bf7551f5633c01663847239,93.0,3,1786546781517,2026-08-12T21:59:41.517,1,1
1375,bc2c14bd2bf7551f5633c01663847239,92.0,3,1786546782508,2026-08-12T21:59:42.508,1,1
1376,bc2c14bd2bf7551f5633c01663847239,91.0,3,1786546783508,2026-08-12T21:59:43.508,1,1
1377,bc2c14bd2bf7551f5633c01663847239,90.0,3,1786546784509,2026-08-12T21:59:44.509,1,1
1378,bc2c14bd2bf7551f5633c01663847239,89.0,3,1786546785507,2026-08-12T21:59:45.507,1,1
1379,bc2c14bd2bf7551f5633c01663847239,89.0,3,1786546786507,2026-08-12T21:59:46.507,1,1
1380,bc2c14bd2bf7551f5633c01663847239,89.0,3,1786546787508,2026-08-12T21:59:47.508,1,1
1381,bc2c14bd2bf7551f5633c01663847239,88.0,3,1786546788508,2026-08-12T21:59:48.508,1,1
1382,bc2c14bd2bf7551f5633c01663847239,88.0,3,1786546789500,2026-08-12T21:59:49.500,1,1
1383,bc2c14bd2bf7551f5633c01663847239,88.0,3,1786546790510,2026-08-12T21:59:50.510,1,1
1384,bc2c14bd2bf7551f5633c01663847239,89.0,3,1786546791507,2026-08-12T21:59:51.507,1,1
1385,bc2c14bd2bf7551f5633c01663847239,88.0,3,1786546792507,2026-08-12T21:59:52.507,1,1
1386,bc2c14bd2bf7551f5633c01663847239,89.0,3,1786546793509,2026-08-12T21:59:53.509,1,1
1387,bc2c14bd2bf7551f5633c01663847239,89.0,3,1786546794510,2026-08-12T21:59:54.510,1,1
1388,bc2c14bd2bf7551f5633c01663847239,89.0,3,1786546795518,2026-08-12T21:59:55.518,1,1
1389,bc2c14bd2bf7551f5633c01663847239,90.0,3,1786546796507,2026-08-12T21:59:56.507,1,1
1390,bc2c14bd2bf7551f5633c01663847239,90.0,3,1786546797510,2026-08-12T21:59:57.510,1,1
1391,bc2c14bd2bf7551f5633c01663847239,90.0,3,1786546798509,2026-08-12T21:59:58.509,1,1
1392,bc2c14bd2bf7551f5633c01663847239,91.0,3,1786546799510,2026-08-12T21:59:59.510,1,1
1393,bc2c14bd2bf7551f5633c01663847239,92.0,3,1786546800501,2026-08-12T22:00:00.501,1,1
1394,bc2c14bd2bf7551f5633c01663847239,92.0,3,1786546801501,2026-08-12T22:00:01.501,1,1
1395,bc2c14bd2bf7551f5633c01663847239,92.0,3,1786546802506,2026-08-12T22:00:02.506,1,1
1396,bc2c14bd2bf7551f5633c01663847239,92.0,3,1786546803505,2026-08-12T22:00:03.505,1,1
1397,bc2c14bd2bf7551f5633c01663847239,93.0,3,1786546804508,2026-08-12T22:00:04.508,1,1
1398,bc2c14bd2bf7551f5633c01663847239,93.0,3,1786546805503,2026-08-12T22:00:05.503,1,1
1399,bc2c14bd2bf7551f5633c01663847239,93.0,3,1786546806500,2026-08-12T22:00:06.500,1,1
1400,bc2c14bd2bf7551f5633c01663847239,93.0,3,1786546807502,2026-08-12T22:00:07.502,1,1
1401,bc2c14bd2bf7551f5633c01663847239,93.0,3,1786546808500,2026-08-12T22:00:08.500,1,1
1402,bc2c14bd2bf7551f5633c01663847239,94.0,3,1786546809501,2026-08-12T22:00:09.501,1,1
1403,bc2c14bd2bf7551f5633c01663847239,94.0,3,1786546810501,2026-08-12T22:00:10.501,1,1
1404,bc2c14bd2bf7551f5633c01663847239,95.0,3,1786546811500,2026-08-12T22:00:11.500,1,1
1405,bc2c14bd2bf7551f5633c01663847239,95.0,3,1786546812500,2026-08-12T22:00:12.500,1,1
1406,bc2c14bd2bf7551f5633c01663847239,94.0,3,1786546813500,2026-08-12T22:00:13.500,1,1
1407,bc2c14bd2bf7551f5633c01663847239,94.0,3,1786546814500,2026-08-12T22:00:14.500,1,1
1408,bc2c14bd2bf7551f5633c01663847239,94.0,3,1786546815501,2026-08-12T22:00:15.501,1,1
1409,bc2c14bd2bf7551f5633c01663847239,94.0,3,1786546816502,2026-08-12T22:00:16.502,1,1
1410,bc2c14bd2bf7551f5633c01663847239,94.0,3,1786546817503,2026-08-12T22:00:17.503,1,1
1411,bc2c14bd2bf7551f5633c01663847239,95.0,3,1786546818500,2026-08-12T22:00:18.500,1,1
1412,bc2c14bd2bf7551f5633c01663847239,95.0,3,1786546819500,2026-08-12T22:00:19.500,1,1
1413,bc2c14bd2bf7551f5633c01663847239,95.0,3,1786546820500,2026-08-12T22:00:20.500,1,1
1414,bc2c14bd2bf7551f5633c01663847239,95.0,3,1786546821500,2026-08-12T22:00:21.500,1,1
1415,bc2c14bd2bf7551f5633c01663847239,95.0,3,1786546822500,2026-08-12T22:00:22.500,1,1
1416,bc2c14bd2bf7551f5633c01663847239,95.0,3,1786546823502,2026-08-12T22:00:23.502,1,1
1417,bc2c14bd2bf7551f5633c01663847239,94.0,3,1786546824500,2026-08-12T22:00:24.500,1,1
1418,bc2c14bd2bf7551f5633c01663847239,93.0,3,1786546825500,2026-08-12T22:00:25.500,1,1
1419,bc2c14bd2bf7551f5633c01663847239,93.0,3,1786546826500,2026-08-12T22:00:26.500,1,1
1420,bc2c14bd2bf7551f5633c01663847239,92.0,3,1786546827500,2026-08-12T22:00:27.500,1,1
1421,bc2c14bd2bf7551f5633c01663847239,92.0,3,1786546828501,2026-08-12T22:00:28.501,1,1
1422,bc2c14bd2bf7551f5633c01663847239,91.0,3,1786546829502,2026-08-12T22:00:29.502,1,1
1423,bc2c14bd2bf7551f5633c01663847239,91.0,3,1786546830521,2026-08-12T22:00:30.521,1,1
1424,bc2c14bd2bf7551f5633c01663847239,91.0,3,1786546831505,2026-08-12T22:00:31.505,1,1
1425,bc2c14bd2bf7551f5633c01663847239,91.0,3,1786546832505,2026-08-12T22:00:32.505,1,1
1426,bc2c14bd2bf7551f5633c01663847239,91.0,3,1786546833500,2026-08-12T22:00:33.500,1,1
1427,bc2c14bd2bf7551f5633c01663847239,92.0,3,1786546834500,2026-08-12T22:00:34.500,1,1
1428,bc2c14bd2bf7551f5633c01663847239,93.0,3,1786546835500,2026-08-12T22:00:35.500,1,1
1429,bc2c14bd2bf7551f5633c01663847239,94.0,3,1786546836500,2026-08-12T22:00:36.500,1,1
1430,bc2c14bd2bf7551f5633c01663847239,93.0,3,1786546837501,2026-08-12T22:00:37.501,1,1
1431,bc2c14bd2bf7551f5633c01663847239,93.0,3,1786546838500,2026-08-12T22:00:38.500,1,1
1432,bc2c14bd2bf7551f5633c01663847239,92.0,3,1786546839501,2026-08-12T22:00:39.501,1,1
1433,bc2c14bd2bf7551f5633c01663847239,91.0,3,1786546840500,2026-08-12T22:00:40.500,1,1
1434,bc2c14bd2bf7551f5633c01663847239,90.0,3,1786546841500,2026-08-12T22:00:41.500,1,1
1435,bc2c14bd2bf7551f5633c01663847239,90.0,3,1786546842500,2026-08-12T22:00:42.500,1,1
1436,bc2c14bd2bf7551f5633c01663847239,91.0,3,1786546843500,2026-08-12T22:00:43.500,0,1
