id,device_id,record_id,bpm,accuracy,time_ms,time_iso
8390,588aca26ed1bfc095abf2de16bf97b57,3781,87.0,3,1786598890603,2026-08-13T12:28:10.603
8391,588aca26ed1bfc095abf2de16bf97b57,3782,87.0,-1,1786598891607,2026-08-13T12:28:11.607
8392,588aca26ed1bfc095abf2de16bf97b57,3783,87.0,-1,1786598892608,2026-08-13T12:28:12.608
8393,588aca26ed1bfc095abf2de16bf97b57,3784,87.0,-1,1786598893605,2026-08-13T12:28:13.605
8394,588aca26ed1bfc095abf2de16bf97b57,3785,105.0,3,1786598894604,2026-08-13T12:28:14.604
8395,588aca26ed1bfc095abf2de16bf97b57,3786,106.0,3,1786598895604,2026-08-13T12:28:15.604
8396,588aca26ed1bfc095abf2de16bf97b57,3787,105.0,3,1786598896604,2026-08-13T12:28:16.604
8397,588aca26ed1bfc095abf2de16bf97b57,3788,104.0,3,1786598897604,2026-08-13T12:28:17.604
8398,588aca26ed1bfc095abf2de16bf97b57,3789,103.0,3,1786598898604,2026-08-13T12:28:18.604
8399,588aca26ed1bfc095abf2de16bf97b57,3790,101.0,3,1786598899604,2026-08-13T12:28:19.604
8400,588aca26ed1bfc095abf2de16bf97b57,3791,101.0,3,1786598900604,2026-08-13T12:28:20.604
8401,588aca26ed1bfc095abf2de16bf97b57,3792,101.0,3,1786598901604,2026-08-13T12:28:21.604
8402,588aca26ed1bfc095abf2de16bf97b57,3793,102.0,3,1786598902604,2026-08-13T12:28:22.604
8403,588aca26ed1bfc095abf2de16bf97b57,3794,102.0,3,1786598903605,2026-08-13T12:28:23.605
8404,588aca26ed1bfc095abf2de16bf97b57,3795,102.0,3,1786598904605,2026-08-13T12:28:24.605
8405,588aca26ed1bfc095abf2de16bf97b57,3796,101.0,3,1786598905605,2026-08-13T12:28:25.605
8406,588aca26ed1bfc095abf2de16bf97b57,3797,101.0,3,1786598906604,2026-08-13T12:28:26.604
8407,588aca26ed1bfc095abf2de16bf97b57,3798,100.0,3,1786598907604,2026-08-13T12:28:27.604
8408,588aca26ed1bfc095abf2de16bf97b57,3799,99.0,3,1786598908603,2026-08-13T12:28:28.603
8409,588aca26ed1bfc095abf2de16bf97b57,3800,99.0,3,1786598909604,2026-08-13T12:28:29.604
8410,588aca26ed1bfc095abf2de16bf97b57,3801,99.0,3,1786598910604,2026-08-13T12:28:30.604
8411,588aca26ed1bfc095abf2de16bf97b57,3802,98.0,3,1786598911604,2026-08-13T12:28:31.604
8412,588aca26ed1bfc095abf2de16bf97b57,3803,98.0,3,1786598912605,2026-08-13T12:28:32.605
8413,588aca26ed1bfc095abf2de16bf97b57,3804,98.0,3,1786598913604,2026-08-13T12:28:33.604
8414,588aca26ed1bfc095abf2de16bf97b57,3805,98.0,3,1786598914604,2026-08-13T12:28:34.604
8415,588aca26ed1bfc095abf2de16bf97b57,3806,98.0,3,1786598915604,2026-08-13T12:28:35.604
8416,588aca26ed1bfc095abf2de16bf97b57,3807,98.0,3,1786598916604,2026-08-13T12:28:36.604
8417,588aca26ed1bfc095abf2de16bf97b57,3808,99.0,3,1786598917604,2026-08-13T12:28:37.604
8418,588aca26ed1bfc095abf2de16bf97b57,3809,100.0,3,1786598918604,2026-08-13T12:28:38.604
8419,588aca26ed1bfc095abf2de16bf97b57,3810,100.0,3,1786598919604,2026-08-13T12:28:39.604
8420,588aca26ed1bfc095abf2de16bf97b57,3811,100.0,3,1786598920604,2026-08-13T12:28:40.604
8421,588aca26ed1bfc095abf2de16bf97b57,3812,100.0,3,1786598921604,2026-08-13T12:28:41.604
8422,588aca26ed1bfc095abf2de16bf97b57,3813,100.0,3,1786598922604,2026-08-13T12:28:42.604
8423,588aca26ed1bfc095abf2de16bf97b57,3814,99.0,3,1786598923614,2026-08-13T12:28:43.614
8424,588aca26ed1bfc095abf2de16bf97b57,3815,99.0,3,1786598924609,2026-08-13T12:28:44.609
8425,588aca26ed1bfc095abf2de16bf97b57,3816,98.0,3,1786598925615,2026-08-13T12:28:45.615
8426,588aca26ed1bfc095abf2de16bf97b57,3817,97.0,3,1786598926612,2026-08-13T12:28:46.612
8427,588aca26ed1bfc095abf2de16bf97b57,3818,97.0,3,1786598927608,2026-08-13T12:28:47.608
8428,588aca26ed1bfc095abf2de16bf97b57,3819,97.0,3,1786598928609,2026-08-13T12:28:48.609
8429,588aca26ed1bfc095abf2de16bf97b57,3820,96.0,3,1786598929609,2026-08-13T12:28:49.609
8430,588aca26ed1bfc095abf2de16bf97b57,3821,96.0,3,1786598930608,2026-08-13T12:28:50.608
8431,588aca26ed1bfc095abf2de16bf97b57,3822,96.0,3,1786598931607,2026-08-13T12:28:51.607
8432,588aca26ed1bfc095abf2de16bf97b57,3823,97.0,3,1786598932605,2026-08-13T12:28:52.605
8433,588aca26ed1bfc095abf2de16bf97b57,3824,98.0,3,1786598933605,2026-08-13T12:28:53.605
8434,588aca26ed1bfc095abf2de16bf97b57,3825,98.0,3,1786598934605,2026-08-13T12:28:54.605
8435,588aca26ed1bfc095abf2de16bf97b57,3826,98.0,3,1786598935604,2026-08-13T12:28:55.604
8436,588aca26ed1bfc095abf2de16bf97b57,3827,97.0,3,1786598936604,2026-08-13T12:28:56.604
8437,588aca26ed1bfc095abf2de16bf97b57,3828,97.0,3,1786598937604,2026-08-13T12:28:57.604
8438,588aca26ed1bfc095abf2de16bf97b57,3829,96.0,3,1786598938604,2026-08-13T12:28:58.604
8439,588aca26ed1bfc095abf2de16bf97b57,3830,96.0,3,1786598939604,2026-08-13T12:28:59.604
8440,588aca26ed1bfc095abf2de16bf97b57,3831,95.0,3,1786598940603,2026-08-13T12:29:00.603
8441,588aca26ed1bfc095abf2de16bf97b57,3832,94.0,3,1786598941604,2026-08-13T12:29:01.604
8442,588aca26ed1bfc095abf2de16bf97b57,3833,94.0,3,1786598942605,2026-08-13T12:29:02.605
8443,588aca26ed1bfc095abf2de16bf97b57,3834,93.0,3,1786598943605,2026-08-13T12:29:03.605
8444,588aca26ed1bfc095abf2de16bf97b57,3835,92.0,3,1786598944604,2026-08-13T12:29:04.604
8445,588aca26ed1bfc095abf2de16bf97b57,3836,93.0,3,1786598945605,2026-08-13T12:29:05.605
8446,588aca26ed1bfc095abf2de16bf97b57,3837,93.0,3,1786598946604,2026-08-13T12:29:06.604
8447,588aca26ed1bfc095abf2de16bf97b57,3838,94.0,3,1786598947604,2026-08-13T12:29:07.604
8448,588aca26ed1bfc095abf2de16bf97b57,3839,94.0,3,1786598948604,2026-08-13T12:29:08.604
8449,588aca26ed1bfc095abf2de16bf97b57,3840,95.0,3,1786598949603,2026-08-13T12:29:09.603
8450,588aca26ed1bfc095abf2de16bf97b57,3841,96.0,3,1786598950604,2026-08-13T12:29:10.604
8451,588aca26ed1bfc095abf2de16bf97b57,3842,96.0,3,1786598951604,2026-08-13T12:29:11.604
8452,588aca26ed1bfc095abf2de16bf97b57,3843,96.0,3,1786598952604,2026-08-13T12:29:12.604
8453,588aca26ed1bfc095abf2de16bf97b57,3844,96.0,3,1786598953605,2026-08-13T12:29:13.605
8454,588aca26ed1bfc095abf2de16bf97b57,3845,96.0,3,1786598954605,2026-08-13T12:29:14.605
8455,588aca26ed1bfc095abf2de16bf97b57,3846,96.0,3,1786598955604,2026-08-13T12:29:15.604
8456,588aca26ed1bfc095abf2de16bf97b57,3847,96.0,3,1786598956604,2026-08-13T12:29:16.604
8457,588aca26ed1bfc095abf2de16bf97b57,3848,96.0,3,1786598957604,2026-08-13T12:29:17.604
8458,588aca26ed1bfc095abf2de16bf97b57,3849,95.0,3,1786598958605,2026-08-13T12:29:18.605
8459,588aca26ed1bfc095abf2de16bf97b57,3850,95.0,3,1786598959612,2026-08-13T12:29:19.612
8460,588aca26ed1bfc095abf2de16bf97b57,3851,95.0,3,1786598960611,2026-08-13T12:29:20.611
8461,588aca26ed1bfc095abf2de16bf97b57,3852,94.0,3,1786598961611,2026-08-13T12:29:21.611
8462,588aca26ed1bfc095abf2de16bf97b57,3853,93.0,3,1786598962609,2026-08-13T12:29:22.609
8463,588aca26ed1bfc095abf2de16bf97b57,3854,93.0,3,1786598963609,2026-08-13T12:29:23.609
8464,588aca26ed1bfc095abf2de16bf97b57,3855,93.0,3,1786598964608,2026-08-13T12:29:24.608
8465,588aca26ed1bfc095abf2de16bf97b57,3856,93.0,3,1786598965605,2026-08-13T12:29:25.605
8466,588aca26ed1bfc095abf2de16bf97b57,3857,93.0,3,1786598966605,2026-08-13T12:29:26.605
8467,588aca26ed1bfc095abf2de16bf97b57,3858,94.0,3,1786598967604,2026-08-13T12:29:27.604
8468,588aca26ed1bfc095abf2de16bf97b57,3859,94.0,3,1786598968604,2026-08-13T12:29:28.604
8469,588aca26ed1bfc095abf2de16bf97b57,3860,93.0,3,1786598969605,2026-08-13T12:29:29.605
8470,588aca26ed1bfc095abf2de16bf97b57,3861,94.0,3,1786598970604,2026-08-13T12:29:30.604
8471,588aca26ed1bfc095abf2de16bf97b57,3862,94.0,3,1786598971605,2026-08-13T12:29:31.605
8472,588aca26ed1bfc095abf2de16bf97b57,3863,94.0,3,1786598972605,2026-08-13T12:29:32.605
8473,588aca26ed1bfc095abf2de16bf97b57,3864,95.0,3,1786598973605,2026-08-13T12:29:33.605
8474,588aca26ed1bfc095abf2de16bf97b57,3865,95.0,3,1786598974604,2026-08-13T12:29:34.604
8475,588aca26ed1bfc095abf2de16bf97b57,3866,95.0,3,1786598975604,2026-08-13T12:29:35.604
8476,588aca26ed1bfc095abf2de16bf97b57,3867,96.0,3,1786598976604,2026-08-13T12:29:36.604
8477,588aca26ed1bfc095abf2de16bf97b57,3868,96.0,3,1786598977604,2026-08-13T12:29:37.604
8478,588aca26ed1bfc095abf2de16bf97b57,3869,97.0,3,1786598978604,2026-08-13T12:29:38.604
8479,588aca26ed1bfc095abf2de16bf97b57,3870,97.0,3,1786598979604,2026-08-13T12:29:39.604
8480,588aca26ed1bfc095abf2de16bf97b57,3871,97.0,3,1786598980603,2026-08-13T12:29:40.603
8481,588aca26ed1bfc095abf2de16bf97b57,3872,96.0,3,1786598981604,2026-08-13T12:29:41.604
8482,588aca26ed1bfc095abf2de16bf97b57,3873,95.0,3,1786598982604,2026-08-13T12:29:42.604
8483,588aca26ed1bfc095abf2de16bf97b57,3874,96.0,3,1786598983604,2026-08-13T12:29:43.604
8484,588aca26ed1bfc095abf2de16bf97b57,3875,97.0,3,1786598984604,2026-08-13T12:29:44.604
8485,588aca26ed1bfc095abf2de16bf97b57,3876,97.0,3,1786598985604,2026-08-13T12:29:45.604
8486,588aca26ed1bfc095abf2de16bf97b57,3877,96.0,3,1786598986604,2026-08-13T12:29:46.604
8487,588aca26ed1bfc095abf2de16bf97b57,3878,96.0,3,1786598987604,2026-08-13T12:29:47.604
8488,588aca26ed1bfc095abf2de16bf97b57,3879,98.0,3,1786598988604,2026-08-13T12:29:48.604
8489,588aca26ed1bfc095abf2de16bf97b57,3880,98.0,3,1786598989604,2026-08-13T12:29:49.604
8490,588aca26ed1bfc095abf2de16bf97b57,3881,97.0,3,1786598990604,2026-08-13T12:29:50.604
8491,588aca26ed1bfc095abf2de16bf97b57,3882,97.0,3,1786598991604,2026-08-13T12:29:51.604
8492,588aca26ed1bfc095abf2de16bf97b57,3883,97.0,3,1786598992604,2026-08-13T12:29:52.604
8493,588aca26ed1bfc095abf2de16bf97b57,3884,96.0,3,1786598993604,2026-08-13T12:29:53.604
8494,588aca26ed1bfc095abf2de16bf97b57,3885,96.0,3,1786598994604,2026-08-13T12:29:54.604
8495,588aca26ed1bfc095abf2de16bf97b57,3886,96.0,3,1786598995604,2026-08-13T12:29:55.604
8496,588aca26ed1bfc095abf2de16bf97b57,3887,95.0,3,1786598996604,2026-08-13T12:29:56.604
8497,588aca26ed1bfc095abf2de16bf97b57,3888,95.0,3,1786598997604,2026-08-13T12:29:57.604
8498,588aca26ed1bfc095abf2de16bf97b57,3889,95.0,3,1786598998604,2026-08-13T12:29:58.604
8499,588aca26ed1bfc095abf2de16bf97b57,3890,94.0,3,1786598999603,2026-08-13T12:29:59.603
8500,588aca26ed1bfc095abf2de16bf97b57,3891,94.0,3,1786599000604,2026-08-13T12:30:00.604
8501,588aca26ed1bfc095abf2de16bf97b57,3892,93.0,3,1786599001604,2026-08-13T12:30:01.604
8502,588aca26ed1bfc095abf2de16bf97b57,3893,94.0,3,1786599002604,2026-08-13T12:30:02.604
8503,588aca26ed1bfc095abf2de16bf97b57,3894,93.0,3,1786599003608,2026-08-13T12:30:03.608
8504,588aca26ed1bfc095abf2de16bf97b57,3895,92.0,3,1786599004603,2026-08-13T12:30:04.603
8505,588aca26ed1bfc095abf2de16bf97b57,3896,91.0,3,1786599005604,2026-08-13T12:30:05.604
8506,588aca26ed1bfc095abf2de16bf97b57,3897,90.0,3,1786599006604,2026-08-13T12:30:06.604
8507,588aca26ed1bfc095abf2de16bf97b57,3898,89.0,3,1786599007604,2026-08-13T12:30:07.604
8508,588aca26ed1bfc095abf2de16bf97b57,3899,89.0,3,1786599008604,2026-08-13T12:30:08.604
8509,588aca26ed1bfc095abf2de16bf97b57,3900,90.0,3,1786599009604,2026-08-13T12:30:09.604
8510,588aca26ed1bfc095abf2de16bf97b57,3901,90.0,3,1786599010604,2026-08-13T12:30:10.604
8511,588aca26ed1bfc095abf2de16bf97b57,3902,90.0,3,1786599011604,2026-08-13T12:30:11.604
8512,588aca26ed1bfc095abf2de16bf97b57,3903,90.0,3,1786599012604,2026-08-13T12:30:12.604
8513,588aca26ed1bfc095abf2de16bf97b57,3904,90.0,3,1786599013604,2026-08-13T12:30:13.604
8514,588aca26ed1bfc095abf2de16bf97b57,3905,89.0,3,1786599014604,2026-08-13T12:30:14.604
8515,588aca26ed1bfc095abf2de16bf97b57,3906,89.0,3,1786599015604,2026-08-13T12:30:15.604
8516,588aca26ed1bfc095abf2de16bf97b57,3907,89.0,3,1786599016604,2026-08-13T12:30:16.604
8517,588aca26ed1bfc095abf2de16bf97b57,3908,89.0,3,1786599017605,2026-08-13T12:30:17.605
8518,588aca26ed1bfc095abf2de16bf97b57,3909,89.0,3,1786599018604,2026-08-13T12:30:18.604
8519,588aca26ed1bfc095abf2de16bf97b57,3910,90.0,3,1786599019605,2026-08-13T12:30:19.605
8520,588aca26ed1bfc095abf2de16bf97b57,3911,90.0,3,1786599020604,2026-08-13T12:30:20.604
8521,588aca26ed1bfc095abf2de16bf97b57,3912,90.0,3,1786599021604,2026-08-13T12:30:21.604
8522,588aca26ed1bfc095abf2de16bf97b57,3913,90.0,3,1786599022605,2026-08-13T12:30:22.605
8523,588aca26ed1bfc095abf2de16bf97b57,3914,90.0,3,1786599023605,2026-08-13T12:30:23.605
8524,588aca26ed1bfc095abf2de16bf97b57,3915,90.0,3,1786599024604,2026-08-13T12:30:24.604
8525,588aca26ed1bfc095abf2de16bf97b57,3916,90.0,3,1786599025605,2026-08-13T12:30:25.605
8526,588aca26ed1bfc095abf2de16bf97b57,3917,89.0,3,1786599026604,2026-08-13T12:30:26.604
8527,588aca26ed1bfc095abf2de16bf97b57,3918,90.0,3,1786599027603,2026-08-13T12:30:27.603
8528,588aca26ed1bfc095abf2de16bf97b57,3919,91.0,3,1786599028604,2026-08-13T12:30:28.604
8529,588aca26ed1bfc095abf2de16bf97b57,3920,90.0,3,1786599029604,2026-08-13T12:30:29.604
8530,588aca26ed1bfc095abf2de16bf97b57,3921,91.0,3,1786599030603,2026-08-13T12:30:30.603
8531,588aca26ed1bfc095abf2de16bf97b57,3922,91.0,3,1786599031604,2026-08-13T12:30:31.604
8532,588aca26ed1bfc095abf2de16bf97b57,3923,91.0,3,1786599032604,2026-08-13T12:30:32.604
8533,588aca26ed1bfc095abf2de16bf97b57,3924,92.0,3,1786599033604,2026-08-13T12:30:33.604
8534,588aca26ed1bfc095abf2de16bf97b57,3925,92.0,3,1786599034604,2026-08-13T12:30:34.604
8535,588aca26ed1bfc095abf2de16bf97b57,3926,93.0,3,1786599035604,2026-08-13T12:30:35.604
8536,588aca26ed1bfc095abf2de16bf97b57,3927,93.0,3,1786599036604,2026-08-13T12:30:36.604
8537,588aca26ed1bfc095abf2de16bf97b57,3928,93.0,3,1786599037604,2026-08-13T12:30:37.604
8538,588aca26ed1bfc095abf2de16bf97b57,3929,93.0,3,1786599038604,2026-08-13T12:30:38.604
8539,588aca26ed1bfc095abf2de16bf97b57,3930,93.0,3,1786599039605,2026-08-13T12:30:39.605
8540,588aca26ed1bfc095abf2de16bf97b57,3931,93.0,3,1786599040604,2026-08-13T12:30:40.604
8541,588aca26ed1bfc095abf2de16bf97b57,3932,93.0,3,1786599041611,2026-08-13T12:30:41.611
8542,588aca26ed1bfc095abf2de16bf97b57,3933,93.0,3,1786599042612,2026-08-13T12:30:42.612
8543,588aca26ed1bfc095abf2de16bf97b57,3934,94.0,3,1786599043607,2026-08-13T12:30:43.607
8544,588aca26ed1bfc095abf2de16bf97b57,3935,94.0,3,1786599044611,2026-08-13T12:30:44.611
8545,588aca26ed1bfc095abf2de16bf97b57,3936,94.0,3,1786599045610,2026-08-13T12:30:45.610
8546,588aca26ed1bfc095abf2de16bf97b57,3937,94.0,3,1786599046608,2026-08-13T12:30:46.608
8547,588aca26ed1bfc095abf2de16bf97b57,3938,94.0,3,1786599047609,2026-08-13T12:30:47.609
8548,588aca26ed1bfc095abf2de16bf97b57,3939,93.0,3,1786599048609,2026-08-13T12:30:48.609
8549,588aca26ed1bfc095abf2de16bf97b57,3940,93.0,3,1786599049607,2026-08-13T12:30:49.607
8550,588aca26ed1bfc095abf2de16bf97b57,3941,93.0,3,1786599050607,2026-08-13T12:30:50.607
8551,588aca26ed1bfc095abf2de16bf97b57,3942,93.0,3,1786599051605,2026-08-13T12:30:51.605
8552,588aca26ed1bfc095abf2de16bf97b57,3943,94.0,3,1786599052606,2026-08-13T12:30:52.606
8553,588aca26ed1bfc095abf2de16bf97b57,3944,94.0,3,1786599053604,2026-08-13T12:30:53.604
8554,588aca26ed1bfc095abf2de16bf97b57,3945,94.0,3,1786599054604,2026-08-13T12:30:54.604
8555,588aca26ed1bfc095abf2de16bf97b57,3946,93.0,3,1786599055604,2026-08-13T12:30:55.604
8556,588aca26ed1bfc095abf2de16bf97b57,3947,92.0,3,1786599056604,2026-08-13T12:30:56.604
8557,588aca26ed1bfc095abf2de16bf97b57,3948,92.0,3,1786599057604,2026-08-13T12:30:57.604
8558,588aca26ed1bfc095abf2de16bf97b57,3949,91.0,3,1786599058605,2026-08-13T12:30:58.605
8559,588aca26ed1bfc095abf2de16bf97b57,3950,90.0,3,1786599059606,2026-08-13T12:30:59.606
8560,588aca26ed1bfc095abf2de16bf97b57,3951,91.0,3,1786599060605,2026-08-13T12:31:00.605
8561,588aca26ed1bfc095abf2de16bf97b57,3952,90.0,3,1786599061617,2026-08-13T12:31:01.617
8562,588aca26ed1bfc095abf2de16bf97b57,3953,90.0,3,1786599062605,2026-08-13T12:31:02.605
8563,588aca26ed1bfc095abf2de16bf97b57,3954,89.0,3,1786599063607,2026-08-13T12:31:03.607
8564,588aca26ed1bfc095abf2de16bf97b57,3955,90.0,3,1786599064605,2026-08-13T12:31:04.605
8565,588aca26ed1bfc095abf2de16bf97b57,3956,91.0,3,1786599065606,2026-08-13T12:31:05.606
8566,588aca26ed1bfc095abf2de16bf97b57,3957,92.0,3,1786599066606,2026-08-13T12:31:06.606
8567,588aca26ed1bfc095abf2de16bf97b57,3958,92.0,3,1786599067604,2026-08-13T12:31:07.604
8568,588aca26ed1bfc095abf2de16bf97b57,3959,92.0,3,1786599068605,2026-08-13T12:31:08.605
8569,588aca26ed1bfc095abf2de16bf97b57,3960,91.0,3,1786599069603,2026-08-13T12:31:09.603
8570,588aca26ed1bfc095abf2de16bf97b57,3961,91.0,3,1786599070604,2026-08-13T12:31:10.604
8571,588aca26ed1bfc095abf2de16bf97b57,3962,91.0,3,1786599071604,2026-08-13T12:31:11.604
8572,588aca26ed1bfc095abf2de16bf97b57,3963,90.0,3,1786599072604,2026-08-13T12:31:12.604
8573,588aca26ed1bfc095abf2de16bf97b57,3964,90.0,3,1786599073604,2026-08-13T12:31:13.604
8574,588aca26ed1bfc095abf2de16bf97b57,3965,90.0,3,1786599074604,2026-08-13T12:31:14.604
8575,588aca26ed1bfc095abf2de16bf97b57,3966,91.0,3,1786599075604,2026-08-13T12:31:15.604
8576,588aca26ed1bfc095abf2de16bf97b57,3967,91.0,3,1786599076604,2026-08-13T12:31:16.604
8577,588aca26ed1bfc095abf2de16bf97b57,3968,91.0,3,1786599077605,2026-08-13T12:31:17.605
8578,588aca26ed1bfc095abf2de16bf97b57,3969,91.0,3,1786599078604,2026-08-13T12:31:18.604
8579,588aca26ed1bfc095abf2de16bf97b57,3970,91.0,3,1786599079604,2026-08-13T12:31:19.604
8580,588aca26ed1bfc095abf2de16bf97b57,3971,91.0,3,1786599080604,2026-08-13T12:31:20.604
8581,588aca26ed1bfc095abf2de16bf97b57,3972,92.0,3,1786599081604,2026-08-13T12:31:21.604
8582,588aca26ed1bfc095abf2de16bf97b57,3973,92.0,3,1786599082604,2026-08-13T12:31:22.604
8583,588aca26ed1bfc095abf2de16bf97b57,3974,93.0,3,1786599083604,2026-08-13T12:31:23.604
8584,588aca26ed1bfc095abf2de16bf97b57,3975,94.0,3,1786599084604,2026-08-13T12:31:24.604
8585,588aca26ed1bfc095abf2de16bf97b57,3976,95.0,3,1786599085604,2026-08-13T12:31:25.604
8586,588aca26ed1bfc095abf2de16bf97b57,3977,95.0,3,1786599086603,2026-08-13T12:31:26.603
8587,588aca26ed1bfc095abf2de16bf97b57,3978,95.0,3,1786599087605,2026-08-13T12:31:27.605
8588,588aca26ed1bfc095abf2de16bf97b57,3979,95.0,3,1786599088604,2026-08-13T12:31:28.604
8589,588aca26ed1bfc095abf2de16bf97b57,3980,96.0,3,1786599089604,2026-08-13T12:31:29.604
8590,588aca26ed1bfc095abf2de16bf97b57,3981,95.0,3,1786599090604,2026-08-13T12:31:30.604
8591,588aca26ed1bfc095abf2de16bf97b57,3982,96.0,3,1786599091605,2026-08-13T12:31:31.605
8592,588aca26ed1bfc095abf2de16bf97b57,3983,98.0,3,1786599092604,2026-08-13T12:31:32.604
8593,588aca26ed1bfc095abf2de16bf97b57,3984,95.0,3,1786599093604,2026-08-13T12:31:33.604
8594,588aca26ed1bfc095abf2de16bf97b57,3985,94.0,3,1786599094604,2026-08-13T12:31:34.604
8595,588aca26ed1bfc095abf2de16bf97b57,3986,94.0,3,1786599095604,2026-08-13T12:31:35.604
8596,588aca26ed1bfc095abf2de16bf97b57,3987,94.0,3,1786599096604,2026-08-13T12:31:36.604
8597,588aca26ed1bfc095abf2de16bf97b57,3988,93.0,3,1786599097604,2026-08-13T12:31:37.604
8598,588aca26ed1bfc095abf2de16bf97b57,3989,93.0,3,1786599098604,2026-08-13T12:31:38.604
8599,588aca26ed1bfc095abf2de16bf97b57,3990,95.0,3,1786599099604,2026-08-13T12:31:39.604
8600,588aca26ed1bfc095abf2de16bf97b57,3991,97.0,3,1786599100604,2026-08-13T12:31:40.604
8601,588aca26ed1bfc095abf2de16bf97b57,3992,98.0,3,1786599101604,2026-08-13T12:31:41.604
8602,588aca26ed1bfc095abf2de16bf97b57,3993,98.0,3,1786599102604,2026-08-13T12:31:42.604
8603,588aca26ed1bfc095abf2de16bf97b57,3994,99.0,3,1786599103604,2026-08-13T12:31:43.604
8604,588aca26ed1bfc095abf2de16bf97b57,3995,99.0,3,1786599104604,2026-08-13T12:31:44.604
8605,588aca26ed1bfc095abf2de16bf97b57,3996,99.0,3,1786599105604,2026-08-13T12:31:45.604
8606,588aca26ed1bfc095abf2de16bf97b57,3997,98.0,3,1786599106604,2026-08-13T12:31:46.604
8607,588aca26ed1bfc095abf2de16bf97b57,3998,97.0,3,1786599107603,2026-08-13T12:31:47.603
8608,588aca26ed1bfc095abf2de16bf97b57,3999,96.0,3,1786599108604,2026-08-13T12:31:48.604
8609,588aca26ed1bfc095abf2de16bf97b57,4000,95.0,3,1786599109604,2026-08-13T12:31:49.604
8610,588aca26ed1bfc095abf2de16bf97b57,4001,94.0,3,1786599110604,2026-08-13T12:31:50.604
8611,588aca26ed1bfc095abf2de16bf97b57,4002,92.0,3,1786599111604,2026-08-13T12:31:51.604
8612,588aca26ed1bfc095abf2de16bf97b57,4003,91.0,3,1786599112603,2026-08-13T12:31:52.603
8613,588aca26ed1bfc095abf2de16bf97b57,4004,90.0,3,1786599113604,2026-08-13T12:31:53.604
8614,588aca26ed1bfc095abf2de16bf97b57,4005,89.0,3,1786599114611,2026-08-13T12:31:54.611
8615,588aca26ed1bfc095abf2de16bf97b57,4006,90.0,3,1786599115605,2026-08-13T12:31:55.605
8616,588aca26ed1bfc095abf2de16bf97b57,4007,90.0,3,1786599116605,2026-08-13T12:31:56.605
8617,588aca26ed1bfc095abf2de16bf97b57,4008,91.0,3,1786599117606,2026-08-13T12:31:57.606
8618,588aca26ed1bfc095abf2de16bf97b57,4009,91.0,3,1786599118614,2026-08-13T12:31:58.614
8619,588aca26ed1bfc095abf2de16bf97b57,4010,91.0,3,1786599119607,2026-08-13T12:31:59.607
8620,588aca26ed1bfc095abf2de16bf97b57,4011,91.0,3,1786599120612,2026-08-13T12:32:00.612
8621,588aca26ed1bfc095abf2de16bf97b57,4012,92.0,3,1786599121613,2026-08-13T12:32:01.613
8622,588aca26ed1bfc095abf2de16bf97b57,4013,93.0,3,1786599122613,2026-08-13T12:32:02.613
8623,588aca26ed1bfc095abf2de16bf97b57,4014,94.0,3,1786599123612,2026-08-13T12:32:03.612
8624,588aca26ed1bfc095abf2de16bf97b57,4015,95.0,3,1786599124612,2026-08-13T12:32:04.612
8625,588aca26ed1bfc095abf2de16bf97b57,4016,97.0,3,1786599125611,2026-08-13T12:32:05.611
8626,588aca26ed1bfc095abf2de16bf97b57,4017,98.0,3,1786599126610,2026-08-13T12:32:06.610
8627,588aca26ed1bfc095abf2de16bf97b57,4018,98.0,3,1786599127610,2026-08-13T12:32:07.610
8628,588aca26ed1bfc095abf2de16bf97b57,4019,98.0,3,1786599128609,2026-08-13T12:32:08.609
8629,588aca26ed1bfc095abf2de16bf97b57,4020,97.0,3,1786599129609,2026-08-13T12:32:09.609
8630,588aca26ed1bfc095abf2de16bf97b57,4021,97.0,3,1786599130607,2026-08-13T12:32:10.607
8631,588aca26ed1bfc095abf2de16bf97b57,4022,97.0,3,1786599131606,2026-08-13T12:32:11.606
8632,588aca26ed1bfc095abf2de16bf97b57,4023,97.0,3,1786599132609,2026-08-13T12:32:12.609
8633,588aca26ed1bfc095abf2de16bf97b57,4024,96.0,3,1786599133609,2026-08-13T12:32:13.609
8634,588aca26ed1bfc095abf2de16bf97b57,4025,96.0,3,1786599134608,2026-08-13T12:32:14.608
8635,588aca26ed1bfc095abf2de16bf97b57,4026,95.0,3,1786599135607,2026-08-13T12:32:15.607
8636,588aca26ed1bfc095abf2de16bf97b57,4027,95.0,3,1786599136608,2026-08-13T12:32:16.608
8637,588aca26ed1bfc095abf2de16bf97b57,4028,94.0,3,1786599137610,2026-08-13T12:32:17.610
8638,588aca26ed1bfc095abf2de16bf97b57,4029,93.0,3,1786599138610,2026-08-13T12:32:18.610
8639,588aca26ed1bfc095abf2de16bf97b57,4030,93.0,3,1786599139609,2026-08-13T12:32:19.609
8640,588aca26ed1bfc095abf2de16bf97b57,4031,92.0,3,1786599140610,2026-08-13T12:32:20.610
8641,588aca26ed1bfc095abf2de16bf97b57,4032,91.0,3,1786599141612,2026-08-13T12:32:21.612
8642,588aca26ed1bfc095abf2de16bf97b57,4033,90.0,3,1786599142607,2026-08-13T12:32:22.607
8643,588aca26ed1bfc095abf2de16bf97b57,4034,90.0,3,1786599143612,2026-08-13T12:32:23.612
8644,588aca26ed1bfc095abf2de16bf97b57,4035,90.0,3,1786599144612,2026-08-13T12:32:24.612
8645,588aca26ed1bfc095abf2de16bf97b57,4036,90.0,3,1786599145610,2026-08-13T12:32:25.610
8646,588aca26ed1bfc095abf2de16bf97b57,4037,90.0,3,1786599146613,2026-08-13T12:32:26.613
8647,588aca26ed1bfc095abf2de16bf97b57,4038,91.0,3,1786599147609,2026-08-13T12:32:27.609
8648,588aca26ed1bfc095abf2de16bf97b57,4039,91.0,3,1786599148612,2026-08-13T12:32:28.612
8649,588aca26ed1bfc095abf2de16bf97b57,4040,92.0,3,1786599149615,2026-08-13T12:32:29.615
8650,588aca26ed1bfc095abf2de16bf97b57,4041,92.0,3,1786599150614,2026-08-13T12:32:30.614
8651,588aca26ed1bfc095abf2de16bf97b57,4042,93.0,3,1786599151609,2026-08-13T12:32:31.609
8652,588aca26ed1bfc095abf2de16bf97b57,4043,94.0,3,1786599152614,2026-08-13T12:32:32.614
8653,588aca26ed1bfc095abf2de16bf97b57,4044,95.0,3,1786599153612,2026-08-13T12:32:33.612
8654,588aca26ed1bfc095abf2de16bf97b57,4045,96.0,3,1786599154612,2026-08-13T12:32:34.612
8655,588aca26ed1bfc095abf2de16bf97b57,4046,97.0,3,1786599155614,2026-08-13T12:32:35.614
8656,588aca26ed1bfc095abf2de16bf97b57,4047,98.0,3,1786599156606,2026-08-13T12:32:36.606
8657,588aca26ed1bfc095abf2de16bf97b57,4048,99.0,3,1786599157605,2026-08-13T12:32:37.605
8658,588aca26ed1bfc095abf2de16bf97b57,4049,99.0,3,1786599158604,2026-08-13T12:32:38.604
8659,588aca26ed1bfc095abf2de16bf97b57,4050,99.0,3,1786599159604,2026-08-13T12:32:39.604
8660,588aca26ed1bfc095abf2de16bf97b57,4051,99.0,3,1786599160604,2026-08-13T12:32:40.604
8661,588aca26ed1bfc095abf2de16bf97b57,4052,99.0,3,1786599161605,2026-08-13T12:32:41.605
8662,588aca26ed1bfc095abf2de16bf97b57,4053,98.0,3,1786599162613,2026-08-13T12:32:42.613
8663,588aca26ed1bfc095abf2de16bf97b57,4054,97.0,3,1786599163613,2026-08-13T12:32:43.613
8664,588aca26ed1bfc095abf2de16bf97b57,4055,96.0,3,1786599164615,2026-08-13T12:32:44.615
8665,588aca26ed1bfc095abf2de16bf97b57,4056,95.0,3,1786599165613,2026-08-13T12:32:45.613
8666,588aca26ed1bfc095abf2de16bf97b57,4057,95.0,3,1786599166604,2026-08-13T12:32:46.604
8667,588aca26ed1bfc095abf2de16bf97b57,4058,95.0,3,1786599167609,2026-08-13T12:32:47.609
8668,588aca26ed1bfc095abf2de16bf97b57,4059,95.0,3,1786599168610,2026-08-13T12:32:48.610
8669,588aca26ed1bfc095abf2de16bf97b57,4060,95.0,3,1786599169612,2026-08-13T12:32:49.612
8670,588aca26ed1bfc095abf2de16bf97b57,4061,95.0,3,1786599170608,2026-08-13T12:32:50.608
8671,588aca26ed1bfc095abf2de16bf97b57,4062,94.0,3,1786599171612,2026-08-13T12:32:51.612
8672,588aca26ed1bfc095abf2de16bf97b57,4063,94.0,3,1786599172613,2026-08-13T12:32:52.613
8673,588aca26ed1bfc095abf2de16bf97b57,4064,94.0,3,1786599173608,2026-08-13T12:32:53.608
8674,588aca26ed1bfc095abf2de16bf97b57,4065,94.0,3,1786599174611,2026-08-13T12:32:54.611
8675,588aca26ed1bfc095abf2de16bf97b57,4066,95.0,3,1786599175610,2026-08-13T12:32:55.610
8676,588aca26ed1bfc095abf2de16bf97b57,4067,95.0,3,1786599176610,2026-08-13T12:32:56.610
8677,588aca26ed1bfc095abf2de16bf97b57,4068,96.0,3,1786599177609,2026-08-13T12:32:57.609
8678,588aca26ed1bfc095abf2de16bf97b57,4069,97.0,3,1786599178611,2026-08-13T12:32:58.611
8679,588aca26ed1bfc095abf2de16bf97b57,4070,97.0,3,1786599179611,2026-08-13T12:32:59.611
8680,588aca26ed1bfc095abf2de16bf97b57,4071,98.0,3,1786599180606,2026-08-13T12:33:00.606
8681,588aca26ed1bfc095abf2de16bf97b57,4072,99.0,3,1786599181612,2026-08-13T12:33:01.612
8682,588aca26ed1bfc095abf2de16bf97b57,4073,100.0,3,1786599182609,2026-08-13T12:33:02.609
8683,588aca26ed1bfc095abf2de16bf97b57,4074,100.0,3,1786599183608,2026-08-13T12:33:03.608
8684,588aca26ed1bfc095abf2de16bf97b57,4075,100.0,3,1786599184610,2026-08-13T12:33:04.610
8685,588aca26ed1bfc095abf2de16bf97b57,4076,100.0,3,1786599185611,2026-08-13T12:33:05.611
8686,588aca26ed1bfc095abf2de16bf97b57,4077,100.0,3,1786599186610,2026-08-13T12:33:06.610
8687,588aca26ed1bfc095abf2de16bf97b57,4078,100.0,3,1786599187611,2026-08-13T12:33:07.611
8688,588aca26ed1bfc095abf2de16bf97b57,4079,100.0,3,1786599188609,2026-08-13T12:33:08.609
8689,588aca26ed1bfc095abf2de16bf97b57,4080,99.0,3,1786599189608,2026-08-13T12:33:09.608
8690,588aca26ed1bfc095abf2de16bf97b57,4081,98.0,3,1786599190604,2026-08-13T12:33:10.604
8691,588aca26ed1bfc095abf2de16bf97b57,4082,97.0,3,1786599191607,2026-08-13T12:33:11.607
8692,588aca26ed1bfc095abf2de16bf97b57,4083,96.0,3,1786599192606,2026-08-13T12:33:12.606
8693,588aca26ed1bfc095abf2de16bf97b57,4084,95.0,3,1786599193607,2026-08-13T12:33:13.607
8694,588aca26ed1bfc095abf2de16bf97b57,4085,94.0,3,1786599194612,2026-08-13T12:33:14.612
8695,588aca26ed1bfc095abf2de16bf97b57,4086,94.0,3,1786599195604,2026-08-13T12:33:15.604
8696,588aca26ed1bfc095abf2de16bf97b57,4087,94.0,3,1786599196604,2026-08-13T12:33:16.604
8697,588aca26ed1bfc095abf2de16bf97b57,4088,94.0,3,1786599197604,2026-08-13T12:33:17.604
8698,588aca26ed1bfc095abf2de16bf97b57,4089,94.0,3,1786599198604,2026-08-13T12:33:18.604
8699,588aca26ed1bfc095abf2de16bf97b57,4090,94.0,3,1786599199604,2026-08-13T12:33:19.604
8700,588aca26ed1bfc095abf2de16bf97b57,4091,94.0,3,1786599200604,2026-08-13T12:33:20.604
8701,588aca26ed1bfc095abf2de16bf97b57,4092,93.0,3,1786599201604,2026-08-13T12:33:21.604
8702,588aca26ed1bfc095abf2de16bf97b57,4093,93.0,3,1786599202604,2026-08-13T12:33:22.604
8703,588aca26ed1bfc095abf2de16bf97b57,4094,93.0,3,1786599203604,2026-08-13T12:33:23.604
8704,588aca26ed1bfc095abf2de16bf97b57,4095,93.0,3,1786599204604,2026-08-13T12:33:24.604
8705,588aca26ed1bfc095abf2de16bf97b57,4096,93.0,3,1786599205604,2026-08-13T12:33:25.604
8706,588aca26ed1bfc095abf2de16bf97b57,4097,93.0,3,1786599206605,2026-08-13T12:33:26.605
8707,588aca26ed1bfc095abf2de16bf97b57,4098,93.0,3,1786599207605,2026-08-13T12:33:27.605
8708,588aca26ed1bfc095abf2de16bf97b57,4099,93.0,3,1786599208604,2026-08-13T12:33:28.604
8709,588aca26ed1bfc095abf2de16bf97b57,4100,93.0,3,1786599209604,2026-08-13T12:33:29.604
8710,588aca26ed1bfc095abf2de16bf97b57,4101,93.0,3,1786599210604,2026-08-13T12:33:30.604
8711,588aca26ed1bfc095abf2de16bf97b57,4102,93.0,3,1786599211604,2026-08-13T12:33:31.604
8712,588aca26ed1bfc095abf2de16bf97b57,4103,93.0,3,1786599212604,2026-08-13T12:33:32.604
8713,588aca26ed1bfc095abf2de16bf97b57,4104,93.0,3,1786599213604,2026-08-13T12:33:33.604
8714,588aca26ed1bfc095abf2de16bf97b57,4105,94.0,3,1786599214607,2026-08-13T12:33:34.607
8715,588aca26ed1bfc095abf2de16bf97b57,4106,94.0,3,1786599215604,2026-08-13T12:33:35.604
8716,588aca26ed1bfc095abf2de16bf97b57,4107,95.0,3,1786599216605,2026-08-13T12:33:36.605
8717,588aca26ed1bfc095abf2de16bf97b57,4108,95.0,3,1786599217605,2026-08-13T12:33:37.605
8718,588aca26ed1bfc095abf2de16bf97b57,4109,95.0,3,1786599218604,2026-08-13T12:33:38.604
8719,588aca26ed1bfc095abf2de16bf97b57,4110,94.0,3,1786599219606,2026-08-13T12:33:39.606
8720,588aca26ed1bfc095abf2de16bf97b57,4111,94.0,3,1786599220605,2026-08-13T12:33:40.605
8721,588aca26ed1bfc095abf2de16bf97b57,4112,95.0,3,1786599221604,2026-08-13T12:33:41.604
8722,588aca26ed1bfc095abf2de16bf97b57,4113,95.0,3,1786599222604,2026-08-13T12:33:42.604
8723,588aca26ed1bfc095abf2de16bf97b57,4114,95.0,3,1786599223604,2026-08-13T12:33:43.604
8724,588aca26ed1bfc095abf2de16bf97b57,4115,96.0,3,1786599224604,2026-08-13T12:33:44.604
8725,588aca26ed1bfc095abf2de16bf97b57,4116,96.0,3,1786599225604,2026-08-13T12:33:45.604
8726,588aca26ed1bfc095abf2de16bf97b57,4117,96.0,3,1786599226604,2026-08-13T12:33:46.604
8727,588aca26ed1bfc095abf2de16bf97b57,4118,96.0,3,1786599227604,2026-08-13T12:33:47.604
8728,588aca26ed1bfc095abf2de16bf97b57,4119,96.0,3,1786599228604,2026-08-13T12:33:48.604
8729,588aca26ed1bfc095abf2de16bf97b57,4120,95.0,3,1786599229605,2026-08-13T12:33:49.605
8730,588aca26ed1bfc095abf2de16bf97b57,4121,95.0,3,1786599230604,2026-08-13T12:33:50.604
8731,588aca26ed1bfc095abf2de16bf97b57,4122,95.0,3,1786599231604,2026-08-13T12:33:51.604
8732,588aca26ed1bfc095abf2de16bf97b57,4123,94.0,3,1786599232604,2026-08-13T12:33:52.604
8733,588aca26ed1bfc095abf2de16bf97b57,4124,94.0,3,1786599233604,2026-08-13T12:33:53.604
8734,588aca26ed1bfc095abf2de16bf97b57,4125,95.0,3,1786599234604,2026-08-13T12:33:54.604
8735,588aca26ed1bfc095abf2de16bf97b57,4126,96.0,3,1786599235604,2026-08-13T12:33:55.604
8736,588aca26ed1bfc095abf2de16bf97b57,4127,96.0,3,1786599236603,2026-08-13T12:33:56.603
8737,588aca26ed1bfc095abf2de16bf97b57,4128,96.0,3,1786599237604,2026-08-13T12:33:57.604
8738,588aca26ed1bfc095abf2de16bf97b57,4129,97.0,3,1786599238604,2026-08-13T12:33:58.604
8739,588aca26ed1bfc095abf2de16bf97b57,4130,98.0,3,1786599239604,2026-08-13T12:33:59.604
8740,588aca26ed1bfc095abf2de16bf97b57,4131,98.0,3,1786599240605,2026-08-13T12:34:00.605
8741,588aca26ed1bfc095abf2de16bf97b57,4132,99.0,3,1786599241613,2026-08-13T12:34:01.613
8742,588aca26ed1bfc095abf2de16bf97b57,4133,100.0,3,1786599242614,2026-08-13T12:34:02.614
8743,588aca26ed1bfc095abf2de16bf97b57,4134,100.0,3,1786599243613,2026-08-13T12:34:03.613
8744,588aca26ed1bfc095abf2de16bf97b57,4135,101.0,3,1786599244610,2026-08-13T12:34:04.610
8745,588aca26ed1bfc095abf2de16bf97b57,4136,101.0,3,1786599245608,2026-08-13T12:34:05.608
8746,588aca26ed1bfc095abf2de16bf97b57,4137,102.0,3,1786599246607,2026-08-13T12:34:06.607
8747,588aca26ed1bfc095abf2de16bf97b57,4138,102.0,3,1786599247604,2026-08-13T12:34:07.604
8748,588aca26ed1bfc095abf2de16bf97b57,4139,102.0,3,1786599248604,2026-08-13T12:34:08.604
8749,588aca26ed1bfc095abf2de16bf97b57,4140,103.0,3,1786599249604,2026-08-13T12:34:09.604
8750,588aca26ed1bfc095abf2de16bf97b57,4141,103.0,3,1786599250606,2026-08-13T12:34:10.606
8751,588aca26ed1bfc095abf2de16bf97b57,4142,103.0,3,1786599251604,2026-08-13T12:34:11.604
8752,588aca26ed1bfc095abf2de16bf97b57,4143,102.0,3,1786599252604,2026-08-13T12:34:12.604
8753,588aca26ed1bfc095abf2de16bf97b57,4144,102.0,3,1786599253604,2026-08-13T12:34:13.604
8754,588aca26ed1bfc095abf2de16bf97b57,4145,101.0,3,1786599254605,2026-08-13T12:34:14.605
8755,588aca26ed1bfc095abf2de16bf97b57,4146,101.0,3,1786599255604,2026-08-13T12:34:15.604
8756,588aca26ed1bfc095abf2de16bf97b57,4147,100.0,3,1786599256604,2026-08-13T12:34:16.604
8757,588aca26ed1bfc095abf2de16bf97b57,4148,100.0,3,1786599257604,2026-08-13T12:34:17.604
8758,588aca26ed1bfc095abf2de16bf97b57,4149,101.0,3,1786599258604,2026-08-13T12:34:18.604
8759,588aca26ed1bfc095abf2de16bf97b57,4150,101.0,3,1786599259604,2026-08-13T12:34:19.604
8760,588aca26ed1bfc095abf2de16bf97b57,4151,101.0,3,1786599260612,2026-08-13T12:34:20.612
8761,588aca26ed1bfc095abf2de16bf97b57,4152,101.0,3,1786599261613,2026-08-13T12:34:21.613
8762,588aca26ed1bfc095abf2de16bf97b57,4153,101.0,3,1786599262611,2026-08-13T12:34:22.611
8763,588aca26ed1bfc095abf2de16bf97b57,4154,100.0,3,1786599263608,2026-08-13T12:34:23.608
8764,588aca26ed1bfc095abf2de16bf97b57,4155,99.0,3,1786599264616,2026-08-13T12:34:24.616
8765,588aca26ed1bfc095abf2de16bf97b57,4156,98.0,3,1786599265604,2026-08-13T12:34:25.604
8766,588aca26ed1bfc095abf2de16bf97b57,4157,99.0,3,1786599266604,2026-08-13T12:34:26.604
8767,588aca26ed1bfc095abf2de16bf97b57,4158,99.0,3,1786599267604,2026-08-13T12:34:27.604
8768,588aca26ed1bfc095abf2de16bf97b57,4159,98.0,3,1786599268604,2026-08-13T12:34:28.604
8769,588aca26ed1bfc095abf2de16bf97b57,4160,97.0,3,1786599269608,2026-08-13T12:34:29.608
8770,588aca26ed1bfc095abf2de16bf97b57,4161,96.0,3,1786599270605,2026-08-13T12:34:30.605
8771,588aca26ed1bfc095abf2de16bf97b57,4162,97.0,3,1786599271611,2026-08-13T12:34:31.611
8772,588aca26ed1bfc095abf2de16bf97b57,4163,98.0,3,1786599272604,2026-08-13T12:34:32.604
8773,588aca26ed1bfc095abf2de16bf97b57,4164,98.0,3,1786599273604,2026-08-13T12:34:33.604
8774,588aca26ed1bfc095abf2de16bf97b57,4165,98.0,3,1786599274604,2026-08-13T12:34:34.604
8775,588aca26ed1bfc095abf2de16bf97b57,4166,97.0,3,1786599275604,2026-08-13T12:34:35.604
8776,588aca26ed1bfc095abf2de16bf97b57,4167,97.0,3,1786599276604,2026-08-13T12:34:36.604
8777,588aca26ed1bfc095abf2de16bf97b57,4168,98.0,3,1786599277603,2026-08-13T12:34:37.603
8778,588aca26ed1bfc095abf2de16bf97b57,4169,98.0,3,1786599278603,2026-08-13T12:34:38.603
8779,588aca26ed1bfc095abf2de16bf97b57,4170,98.0,3,1786599279607,2026-08-13T12:34:39.607
8780,588aca26ed1bfc095abf2de16bf97b57,4171,99.0,3,1786599280604,2026-08-13T12:34:40.604
8781,588aca26ed1bfc095abf2de16bf97b57,4172,99.0,3,1786599281603,2026-08-13T12:34:41.603
8782,588aca26ed1bfc095abf2de16bf97b57,4173,99.0,3,1786599282603,2026-08-13T12:34:42.603
8783,588aca26ed1bfc095abf2de16bf97b57,4174,100.0,3,1786599283603,2026-08-13T12:34:43.603
8784,588aca26ed1bfc095abf2de16bf97b57,4175,99.0,3,1786599284603,2026-08-13T12:34:44.603
8785,588aca26ed1bfc095abf2de16bf97b57,4176,100.0,3,1786599285604,2026-08-13T12:34:45.604
8786,588aca26ed1bfc095abf2de16bf97b57,4177,100.0,3,1786599286604,2026-08-13T12:34:46.604
8787,588aca26ed1bfc095abf2de16bf97b57,4178,99.0,3,1786599287604,2026-08-13T12:34:47.604
8788,588aca26ed1bfc095abf2de16bf97b57,4179,99.0,3,1786599288605,2026-08-13T12:34:48.605
8789,588aca26ed1bfc095abf2de16bf97b57,4180,100.0,3,1786599289604,2026-08-13T12:34:49.604
8790,588aca26ed1bfc095abf2de16bf97b57,4181,99.0,3,1786599290604,2026-08-13T12:34:50.604
8791,588aca26ed1bfc095abf2de16bf97b57,4182,98.0,3,1786599291603,2026-08-13T12:34:51.603
8792,588aca26ed1bfc095abf2de16bf97b57,4183,98.0,3,1786599292604,2026-08-13T12:34:52.604
8793,588aca26ed1bfc095abf2de16bf97b57,4184,99.0,3,1786599293604,2026-08-13T12:34:53.604
8794,588aca26ed1bfc095abf2de16bf97b57,4185,102.0,3,1786599294604,2026-08-13T12:34:54.604
8795,588aca26ed1bfc095abf2de16bf97b57,4186,104.0,3,1786599295610,2026-08-13T12:34:55.610
8796,588aca26ed1bfc095abf2de16bf97b57,4187,106.0,3,1786599296604,2026-08-13T12:34:56.604
8797,588aca26ed1bfc095abf2de16bf97b57,4188,107.0,3,1786599297607,2026-08-13T12:34:57.607
8798,588aca26ed1bfc095abf2de16bf97b57,4189,107.0,3,1786599298607,2026-08-13T12:34:58.607
8799,588aca26ed1bfc095abf2de16bf97b57,4190,107.0,3,1786599299604,2026-08-13T12:34:59.604
8800,588aca26ed1bfc095abf2de16bf97b57,4191,106.0,3,1786599300604,2026-08-13T12:35:00.604
8801,588aca26ed1bfc095abf2de16bf97b57,4192,106.0,3,1786599301604,2026-08-13T12:35:01.604
8802,588aca26ed1bfc095abf2de16bf97b57,4193,106.0,3,1786599302616,2026-08-13T12:35:02.616
8803,588aca26ed1bfc095abf2de16bf97b57,4194,106.0,3,1786599303605,2026-08-13T12:35:03.605
8804,588aca26ed1bfc095abf2de16bf97b57,4195,106.0,3,1786599304604,2026-08-13T12:35:04.604
8805,588aca26ed1bfc095abf2de16bf97b57,4196,105.0,3,1786599305605,2026-08-13T12:35:05.605
8806,588aca26ed1bfc095abf2de16bf97b57,4197,105.0,3,1786599306604,2026-08-13T12:35:06.604
8807,588aca26ed1bfc095abf2de16bf97b57,4198,105.0,3,1786599307603,2026-08-13T12:35:07.603
8808,588aca26ed1bfc095abf2de16bf97b57,4199,104.0,3,1786599310239,2026-08-13T12:35:10.239
8809,588aca26ed1bfc095abf2de16bf97b57,4200,104.0,3,1786599311012,2026-08-13T12:35:11.012
8810,588aca26ed1bfc095abf2de16bf97b57,4201,104.0,3,1786599312011,2026-08-13T12:35:12.011
8811,588aca26ed1bfc095abf2de16bf97b57,4202,103.0,3,1786599313011,2026-08-13T12:35:13.011
8812,588aca26ed1bfc095abf2de16bf97b57,4203,103.0,3,1786599314011,2026-08-13T12:35:14.011
8813,588aca26ed1bfc095abf2de16bf97b57,4204,101.0,3,1786599315011,2026-08-13T12:35:15.011
8814,588aca26ed1bfc095abf2de16bf97b57,4205,101.0,3,1786599316011,2026-08-13T12:35:16.011
8815,588aca26ed1bfc095abf2de16bf97b57,4206,100.0,3,1786599317011,2026-08-13T12:35:17.011
8816,588aca26ed1bfc095abf2de16bf97b57,4207,100.0,3,1786599318015,2026-08-13T12:35:18.015
8817,588aca26ed1bfc095abf2de16bf97b57,4208,100.0,3,1786599319015,2026-08-13T12:35:19.015
8818,588aca26ed1bfc095abf2de16bf97b57,4209,101.0,3,1786599320013,2026-08-13T12:35:20.013
8819,588aca26ed1bfc095abf2de16bf97b57,4210,101.0,3,1786599321012,2026-08-13T12:35:21.012
8820,588aca26ed1bfc095abf2de16bf97b57,4211,101.0,3,1786599322012,2026-08-13T12:35:22.012
8821,588aca26ed1bfc095abf2de16bf97b57,4212,102.0,3,1786599323014,2026-08-13T12:35:23.014
8822,588aca26ed1bfc095abf2de16bf97b57,4213,102.0,3,1786599324012,2026-08-13T12:35:24.012
8823,588aca26ed1bfc095abf2de16bf97b57,4214,102.0,3,1786599325011,2026-08-13T12:35:25.011
8824,588aca26ed1bfc095abf2de16bf97b57,4215,103.0,3,1786599326011,2026-08-13T12:35:26.011
8825,588aca26ed1bfc095abf2de16bf97b57,4216,102.0,3,1786599327011,2026-08-13T12:35:27.011
8826,588aca26ed1bfc095abf2de16bf97b57,4217,102.0,3,1786599328012,2026-08-13T12:35:28.012
8827,588aca26ed1bfc095abf2de16bf97b57,4218,101.0,3,1786599329014,2026-08-13T12:35:29.014
8828,588aca26ed1bfc095abf2de16bf97b57,4219,100.0,3,1786599330011,2026-08-13T12:35:30.011
8829,588aca26ed1bfc095abf2de16bf97b57,4220,100.0,3,1786599331012,2026-08-13T12:35:31.012
8830,588aca26ed1bfc095abf2de16bf97b57,4221,100.0,3,1786599332068,2026-08-13T12:35:32.068
8831,588aca26ed1bfc095abf2de16bf97b57,4222,101.0,3,1786599333011,2026-08-13T12:35:33.011
8832,588aca26ed1bfc095abf2de16bf97b57,4223,102.0,3,1786599334013,2026-08-13T12:35:34.013
8833,588aca26ed1bfc095abf2de16bf97b57,4224,101.0,3,1786599335013,2026-08-13T12:35:35.013
8834,588aca26ed1bfc095abf2de16bf97b57,4225,101.0,3,1786599336015,2026-08-13T12:35:36.015
8835,588aca26ed1bfc095abf2de16bf97b57,4226,100.0,3,1786599337011,2026-08-13T12:35:37.011
8836,588aca26ed1bfc095abf2de16bf97b57,4227,100.0,3,1786599338014,2026-08-13T12:35:38.014
8837,588aca26ed1bfc095abf2de16bf97b57,4228,99.0,3,1786599339013,2026-08-13T12:35:39.013
8838,588aca26ed1bfc095abf2de16bf97b57,4229,100.0,3,1786599340013,2026-08-13T12:35:40.013
8839,588aca26ed1bfc095abf2de16bf97b57,4230,100.0,3,1786599341015,2026-08-13T12:35:41.015
8840,588aca26ed1bfc095abf2de16bf97b57,4231,101.0,3,1786599342013,2026-08-13T12:35:42.013
8841,588aca26ed1bfc095abf2de16bf97b57,4232,102.0,3,1786599343012,2026-08-13T12:35:43.012
8842,588aca26ed1bfc095abf2de16bf97b57,4233,102.0,3,1786599344018,2026-08-13T12:35:44.018
8843,588aca26ed1bfc095abf2de16bf97b57,4234,102.0,3,1786599345012,2026-08-13T12:35:45.012
8844,588aca26ed1bfc095abf2de16bf97b57,4235,103.0,3,1786599346012,2026-08-13T12:35:46.012
8845,588aca26ed1bfc095abf2de16bf97b57,4236,104.0,3,1786599347058,2026-08-13T12:35:47.058
8846,588aca26ed1bfc095abf2de16bf97b57,4237,104.0,3,1786599348014,2026-08-13T12:35:48.014
8847,588aca26ed1bfc095abf2de16bf97b57,4238,103.0,3,1786599349015,2026-08-13T12:35:49.015
8848,588aca26ed1bfc095abf2de16bf97b57,4239,103.0,3,1786599350013,2026-08-13T12:35:50.013
8849,588aca26ed1bfc095abf2de16bf97b57,4240,104.0,3,1786599351014,2026-08-13T12:35:51.014
8850,588aca26ed1bfc095abf2de16bf97b57,4241,103.0,3,1786599352013,2026-08-13T12:35:52.013
8851,588aca26ed1bfc095abf2de16bf97b57,4242,103.0,3,1786599353013,2026-08-13T12:35:53.013
8852,588aca26ed1bfc095abf2de16bf97b57,4243,102.0,3,1786599354014,2026-08-13T12:35:54.014
8853,588aca26ed1bfc095abf2de16bf97b57,4244,101.0,3,1786599355012,2026-08-13T12:35:55.012
8854,588aca26ed1bfc095abf2de16bf97b57,4245,100.0,3,1786599356051,2026-08-13T12:35:56.051
8855,588aca26ed1bfc095abf2de16bf97b57,4246,99.0,3,1786599357013,2026-08-13T12:35:57.013
8856,588aca26ed1bfc095abf2de16bf97b57,4247,98.0,3,1786599358013,2026-08-13T12:35:58.013
8857,588aca26ed1bfc095abf2de16bf97b57,4248,98.0,3,1786599359014,2026-08-13T12:35:59.014
8858,588aca26ed1bfc095abf2de16bf97b57,4249,99.0,3,1786599360016,2026-08-13T12:36:00.016
8859,588aca26ed1bfc095abf2de16bf97b57,4250,100.0,3,1786599361011,2026-08-13T12:36:01.011
8860,588aca26ed1bfc095abf2de16bf97b57,4251,100.0,3,1786599362011,2026-08-13T12:36:02.011
8861,588aca26ed1bfc095abf2de16bf97b57,4252,101.0,3,1786599363012,2026-08-13T12:36:03.012
8862,588aca26ed1bfc095abf2de16bf97b57,4253,101.0,3,1786599364013,2026-08-13T12:36:04.013
8863,588aca26ed1bfc095abf2de16bf97b57,4254,101.0,3,1786599365013,2026-08-13T12:36:05.013
8864,588aca26ed1bfc095abf2de16bf97b57,4255,102.0,3,1786599366015,2026-08-13T12:36:06.015
8865,588aca26ed1bfc095abf2de16bf97b57,4256,102.0,3,1786599367011,2026-08-13T12:36:07.011
8866,588aca26ed1bfc095abf2de16bf97b57,4257,101.0,3,1786599368012,2026-08-13T12:36:08.012
8867,588aca26ed1bfc095abf2de16bf97b57,4258,102.0,3,1786599369013,2026-08-13T12:36:09.013
8868,588aca26ed1bfc095abf2de16bf97b57,4259,102.0,3,1786599370012,2026-08-13T12:36:10.012
8869,588aca26ed1bfc095abf2de16bf97b57,4260,102.0,3,1786599371012,2026-08-13T12:36:11.012
8870,588aca26ed1bfc095abf2de16bf97b57,4261,102.0,3,1786599372012,2026-08-13T12:36:12.012
8871,588aca26ed1bfc095abf2de16bf97b57,4262,101.0,3,1786599373013,2026-08-13T12:36:13.013
8872,588aca26ed1bfc095abf2de16bf97b57,4263,101.0,3,1786599374013,2026-08-13T12:36:14.013
8873,588aca26ed1bfc095abf2de16bf97b57,4264,101.0,3,1786599375013,2026-08-13T12:36:15.013
8874,588aca26ed1bfc095abf2de16bf97b57,4265,101.0,3,1786599376013,2026-08-13T12:36:16.013
8875,588aca26ed1bfc095abf2de16bf97b57,4266,101.0,3,1786599377014,2026-08-13T12:36:17.014
8876,588aca26ed1bfc095abf2de16bf97b57,4267,102.0,3,1786599378015,2026-08-13T12:36:18.015
8877,588aca26ed1bfc095abf2de16bf97b57,4268,102.0,3,1786599379011,2026-08-13T12:36:19.011
8878,588aca26ed1bfc095abf2de16bf97b57,4269,101.0,3,1786599380013,2026-08-13T12:36:20.013
8879,588aca26ed1bfc095abf2de16bf97b57,4270,101.0,3,1786599381012,2026-08-13T12:36:21.012
8880,588aca26ed1bfc095abf2de16bf97b57,4271,99.0,3,1786599382019,2026-08-13T12:36:22.019
8881,588aca26ed1bfc095abf2de16bf97b57,4272,97.0,3,1786599383015,2026-08-13T12:36:23.015
8882,588aca26ed1bfc095abf2de16bf97b57,4273,98.0,3,1786599384016,2026-08-13T12:36:24.016
8883,588aca26ed1bfc095abf2de16bf97b57,4274,97.0,3,1786599385012,2026-08-13T12:36:25.012
8884,588aca26ed1bfc095abf2de16bf97b57,4275,98.0,3,1786599386011,2026-08-13T12:36:26.011
8885,588aca26ed1bfc095abf2de16bf97b57,4276,101.0,3,1786599387012,2026-08-13T12:36:27.012
8886,588aca26ed1bfc095abf2de16bf97b57,4277,103.0,3,1786599388012,2026-08-13T12:36:28.012
8887,588aca26ed1bfc095abf2de16bf97b57,4278,104.0,3,1786599389012,2026-08-13T12:36:29.012
8888,588aca26ed1bfc095abf2de16bf97b57,4279,106.0,3,1786599390012,2026-08-13T12:36:30.012
8889,588aca26ed1bfc095abf2de16bf97b57,4280,105.0,3,1786599391012,2026-08-13T12:36:31.012
8890,588aca26ed1bfc095abf2de16bf97b57,4281,105.0,3,1786599392012,2026-08-13T12:36:32.012
8891,588aca26ed1bfc095abf2de16bf97b57,4282,105.0,3,1786599393013,2026-08-13T12:36:33.013
8892,588aca26ed1bfc095abf2de16bf97b57,4283,105.0,3,1786599394022,2026-08-13T12:36:34.022
8893,588aca26ed1bfc095abf2de16bf97b57,4284,105.0,3,1786599395013,2026-08-13T12:36:35.013
8894,588aca26ed1bfc095abf2de16bf97b57,4285,106.0,3,1786599396015,2026-08-13T12:36:36.015
8895,588aca26ed1bfc095abf2de16bf97b57,4286,107.0,3,1786599397013,2026-08-13T12:36:37.013
8896,588aca26ed1bfc095abf2de16bf97b57,4287,106.0,3,1786599398013,2026-08-13T12:36:38.013
8897,588aca26ed1bfc095abf2de16bf97b57,4288,105.0,3,1786599399013,2026-08-13T12:36:39.013
8898,588aca26ed1bfc095abf2de16bf97b57,4289,104.0,3,1786599400013,2026-08-13T12:36:40.013
8899,588aca26ed1bfc095abf2de16bf97b57,4290,103.0,3,1786599401011,2026-08-13T12:36:41.011
8900,588aca26ed1bfc095abf2de16bf97b57,4291,103.0,3,1786599402012,2026-08-13T12:36:42.012
8901,588aca26ed1bfc095abf2de16bf97b57,4292,104.0,3,1786599403011,2026-08-13T12:36:43.011
8902,588aca26ed1bfc095abf2de16bf97b57,4293,104.0,3,1786599404012,2026-08-13T12:36:44.012
8903,588aca26ed1bfc095abf2de16bf97b57,4294,104.0,3,1786599405013,2026-08-13T12:36:45.013
8904,588aca26ed1bfc095abf2de16bf97b57,4295,103.0,3,1786599406013,2026-08-13T12:36:46.013
8905,588aca26ed1bfc095abf2de16bf97b57,4296,103.0,3,1786599407014,2026-08-13T12:36:47.014
8906,588aca26ed1bfc095abf2de16bf97b57,4297,105.0,3,1786599408012,2026-08-13T12:36:48.012
8907,588aca26ed1bfc095abf2de16bf97b57,4298,106.0,3,1786599409012,2026-08-13T12:36:49.012
8908,588aca26ed1bfc095abf2de16bf97b57,4299,108.0,3,1786599410012,2026-08-13T12:36:50.012
8909,588aca26ed1bfc095abf2de16bf97b57,4300,109.0,3,1786599411011,2026-08-13T12:36:51.011
8910,588aca26ed1bfc095abf2de16bf97b57,4301,110.0,3,1786599412015,2026-08-13T12:36:52.015
8911,588aca26ed1bfc095abf2de16bf97b57,4302,112.0,3,1786599413014,2026-08-13T12:36:53.014
8912,588aca26ed1bfc095abf2de16bf97b57,4303,112.0,3,1786599414015,2026-08-13T12:36:54.015
8913,588aca26ed1bfc095abf2de16bf97b57,4304,113.0,3,1786599415012,2026-08-13T12:36:55.012
8914,588aca26ed1bfc095abf2de16bf97b57,4305,112.0,3,1786599416012,2026-08-13T12:36:56.012
8915,588aca26ed1bfc095abf2de16bf97b57,4306,112.0,3,1786599417012,2026-08-13T12:36:57.012
8916,588aca26ed1bfc095abf2de16bf97b57,4307,112.0,3,1786599418012,2026-08-13T12:36:58.012
8917,588aca26ed1bfc095abf2de16bf97b57,4308,112.0,3,1786599419013,2026-08-13T12:36:59.013
8918,588aca26ed1bfc095abf2de16bf97b57,4309,111.0,3,1786599420012,2026-08-13T12:37:00.012
8919,588aca26ed1bfc095abf2de16bf97b57,4310,110.0,3,1786599421012,2026-08-13T12:37:01.012
8920,588aca26ed1bfc095abf2de16bf97b57,4311,109.0,3,1786599422012,2026-08-13T12:37:02.012
8921,588aca26ed1bfc095abf2de16bf97b57,4312,108.0,3,1786599423015,2026-08-13T12:37:03.015
8922,588aca26ed1bfc095abf2de16bf97b57,4313,107.0,3,1786599424014,2026-08-13T12:37:04.014
8923,588aca26ed1bfc095abf2de16bf97b57,4314,105.0,3,1786599425011,2026-08-13T12:37:05.011
8924,588aca26ed1bfc095abf2de16bf97b57,4315,105.0,3,1786599426012,2026-08-13T12:37:06.012
8925,588aca26ed1bfc095abf2de16bf97b57,4316,104.0,3,1786599427022,2026-08-13T12:37:07.022
8926,588aca26ed1bfc095abf2de16bf97b57,4317,103.0,3,1786599428019,2026-08-13T12:37:08.019
8927,588aca26ed1bfc095abf2de16bf97b57,4318,103.0,3,1786599429020,2026-08-13T12:37:09.020
8928,588aca26ed1bfc095abf2de16bf97b57,4319,103.0,3,1786599430018,2026-08-13T12:37:10.018
8929,588aca26ed1bfc095abf2de16bf97b57,4320,105.0,3,1786599431011,2026-08-13T12:37:11.011
8930,588aca26ed1bfc095abf2de16bf97b57,4321,106.0,3,1786599432016,2026-08-13T12:37:12.016
8931,588aca26ed1bfc095abf2de16bf97b57,4322,108.0,3,1786599433016,2026-08-13T12:37:13.016
8932,588aca26ed1bfc095abf2de16bf97b57,4323,109.0,3,1786599434011,2026-08-13T12:37:14.011
8933,588aca26ed1bfc095abf2de16bf97b57,4324,109.0,3,1786599435012,2026-08-13T12:37:15.012
8934,588aca26ed1bfc095abf2de16bf97b57,4325,109.0,3,1786599436014,2026-08-13T12:37:16.014
8935,588aca26ed1bfc095abf2de16bf97b57,4326,110.0,3,1786599437014,2026-08-13T12:37:17.014
8936,588aca26ed1bfc095abf2de16bf97b57,4327,110.0,3,1786599438014,2026-08-13T12:37:18.014
8937,588aca26ed1bfc095abf2de16bf97b57,4328,111.0,3,1786599439013,2026-08-13T12:37:19.013
8938,588aca26ed1bfc095abf2de16bf97b57,4329,109.0,3,1786599440014,2026-08-13T12:37:20.014
8939,588aca26ed1bfc095abf2de16bf97b57,4330,109.0,3,1786599441013,2026-08-13T12:37:21.013
8940,588aca26ed1bfc095abf2de16bf97b57,4331,109.0,3,1786599442013,2026-08-13T12:37:22.013
8941,588aca26ed1bfc095abf2de16bf97b57,4332,109.0,3,1786599443013,2026-08-13T12:37:23.013
8942,588aca26ed1bfc095abf2de16bf97b57,4333,110.0,3,1786599444014,2026-08-13T12:37:24.014
8943,588aca26ed1bfc095abf2de16bf97b57,4334,109.0,3,1786599445015,2026-08-13T12:37:25.015
8944,588aca26ed1bfc095abf2de16bf97b57,4335,108.0,3,1786599446011,2026-08-13T12:37:26.011
8945,588aca26ed1bfc095abf2de16bf97b57,4336,109.0,3,1786599447014,2026-08-13T12:37:27.014
8946,588aca26ed1bfc095abf2de16bf97b57,4337,108.0,3,1786599448014,2026-08-13T12:37:28.014
8947,588aca26ed1bfc095abf2de16bf97b57,4338,107.0,3,1786599449015,2026-08-13T12:37:29.015
8948,588aca26ed1bfc095abf2de16bf97b57,4339,106.0,3,1786599450013,2026-08-13T12:37:30.013
8949,588aca26ed1bfc095abf2de16bf97b57,4340,105.0,3,1786599451015,2026-08-13T12:37:31.015
8950,588aca26ed1bfc095abf2de16bf97b57,4341,104.0,3,1786599452014,2026-08-13T12:37:32.014
8951,588aca26ed1bfc095abf2de16bf97b57,4342,102.0,3,1786599453013,2026-08-13T12:37:33.013
8952,588aca26ed1bfc095abf2de16bf97b57,4343,103.0,3,1786599454012,2026-08-13T12:37:34.012
8953,588aca26ed1bfc095abf2de16bf97b57,4344,102.0,3,1786599455018,2026-08-13T12:37:35.018
8954,588aca26ed1bfc095abf2de16bf97b57,4345,102.0,3,1786599456012,2026-08-13T12:37:36.012
8955,588aca26ed1bfc095abf2de16bf97b57,4346,102.0,3,1786599457012,2026-08-13T12:37:37.012
8956,588aca26ed1bfc095abf2de16bf97b57,4347,102.0,3,1786599458012,2026-08-13T12:37:38.012
8957,588aca26ed1bfc095abf2de16bf97b57,4348,101.0,3,1786599459012,2026-08-13T12:37:39.012
8958,588aca26ed1bfc095abf2de16bf97b57,4349,100.0,3,1786599460013,2026-08-13T12:37:40.013
8959,588aca26ed1bfc095abf2de16bf97b57,4350,100.0,3,1786599461012,2026-08-13T12:37:41.012
8960,588aca26ed1bfc095abf2de16bf97b57,4351,100.0,3,1786599462012,2026-08-13T12:37:42.012
8961,588aca26ed1bfc095abf2de16bf97b57,4352,101.0,3,1786599463012,2026-08-13T12:37:43.012
8962,588aca26ed1bfc095abf2de16bf97b57,4353,101.0,3,1786599464012,2026-08-13T12:37:44.012
8963,588aca26ed1bfc095abf2de16bf97b57,4354,102.0,3,1786599465012,2026-08-13T12:37:45.012
8964,588aca26ed1bfc095abf2de16bf97b57,4355,103.0,3,1786599466012,2026-08-13T12:37:46.012
8965,588aca26ed1bfc095abf2de16bf97b57,4356,103.0,3,1786599467012,2026-08-13T12:37:47.012
8966,588aca26ed1bfc095abf2de16bf97b57,4357,103.0,3,1786599468019,2026-08-13T12:37:48.019
8967,588aca26ed1bfc095abf2de16bf97b57,4358,102.0,3,1786599469019,2026-08-13T12:37:49.019
8968,588aca26ed1bfc095abf2de16bf97b57,4359,101.0,3,1786599470020,2026-08-13T12:37:50.020
8969,588aca26ed1bfc095abf2de16bf97b57,4360,100.0,3,1786599471020,2026-08-13T12:37:51.020
8970,588aca26ed1bfc095abf2de16bf97b57,4361,98.0,3,1786599472017,2026-08-13T12:37:52.017
8971,588aca26ed1bfc095abf2de16bf97b57,4362,97.0,3,1786599473016,2026-08-13T12:37:53.016
8972,588aca26ed1bfc095abf2de16bf97b57,4363,99.0,3,1786599474015,2026-08-13T12:37:54.015
8973,588aca26ed1bfc095abf2de16bf97b57,4364,99.0,3,1786599475012,2026-08-13T12:37:55.012
8974,588aca26ed1bfc095abf2de16bf97b57,4365,100.0,3,1786599476012,2026-08-13T12:37:56.012
8975,588aca26ed1bfc095abf2de16bf97b57,4366,101.0,3,1786599477013,2026-08-13T12:37:57.013
8976,588aca26ed1bfc095abf2de16bf97b57,4367,101.0,3,1786599478012,2026-08-13T12:37:58.012
8977,588aca26ed1bfc095abf2de16bf97b57,4368,100.0,3,1786599479012,2026-08-13T12:37:59.012
8978,588aca26ed1bfc095abf2de16bf97b57,4369,100.0,3,1786599480012,2026-08-13T12:38:00.012
8979,588aca26ed1bfc095abf2de16bf97b57,4370,99.0,3,1786599481018,2026-08-13T12:38:01.018
8980,588aca26ed1bfc095abf2de16bf97b57,4371,98.0,3,1786599482012,2026-08-13T12:38:02.012
8981,588aca26ed1bfc095abf2de16bf97b57,4372,97.0,3,1786599483014,2026-08-13T12:38:03.014
8982,588aca26ed1bfc095abf2de16bf97b57,4373,96.0,3,1786599484014,2026-08-13T12:38:04.014
8983,588aca26ed1bfc095abf2de16bf97b57,4374,95.0,3,1786599485013,2026-08-13T12:38:05.013
8984,588aca26ed1bfc095abf2de16bf97b57,4375,94.0,3,1786599486013,2026-08-13T12:38:06.013
8985,588aca26ed1bfc095abf2de16bf97b57,4376,93.0,3,1786599487011,2026-08-13T12:38:07.011
8986,588aca26ed1bfc095abf2de16bf97b57,4377,95.0,3,1786599488012,2026-08-13T12:38:08.012
8987,588aca26ed1bfc095abf2de16bf97b57,4378,95.0,3,1786599489012,2026-08-13T12:38:09.012
8988,588aca26ed1bfc095abf2de16bf97b57,4379,94.0,3,1786599490012,2026-08-13T12:38:10.012
8989,588aca26ed1bfc095abf2de16bf97b57,4380,95.0,3,1786599491012,2026-08-13T12:38:11.012
8990,588aca26ed1bfc095abf2de16bf97b57,4381,97.0,3,1786599492012,2026-08-13T12:38:12.012
8991,588aca26ed1bfc095abf2de16bf97b57,4382,98.0,3,1786599493012,2026-08-13T12:38:13.012
8992,588aca26ed1bfc095abf2de16bf97b57,4383,98.0,3,1786599494012,2026-08-13T12:38:14.012
8993,588aca26ed1bfc095abf2de16bf97b57,4384,99.0,3,1786599495012,2026-08-13T12:38:15.012
8994,588aca26ed1bfc095abf2de16bf97b57,4385,98.0,3,1786599496012,2026-08-13T12:38:16.012
8995,588aca26ed1bfc095abf2de16bf97b57,4386,98.0,3,1786599497013,2026-08-13T12:38:17.013
8996,588aca26ed1bfc095abf2de16bf97b57,4387,98.0,3,1786599498012,2026-08-13T12:38:18.012
8997,588aca26ed1bfc095abf2de16bf97b57,4388,99.0,3,1786599499012,2026-08-13T12:38:19.012
8998,588aca26ed1bfc095abf2de16bf97b57,4389,99.0,3,1786599500011,2026-08-13T12:38:20.011
8999,588aca26ed1bfc095abf2de16bf97b57,4390,100.0,3,1786599501011,2026-08-13T12:38:21.011
9000,588aca26ed1bfc095abf2de16bf97b57,4391,101.0,3,1786599502012,2026-08-13T12:38:22.012
9001,588aca26ed1bfc095abf2de16bf97b57,4392,102.0,3,1786599503022,2026-08-13T12:38:23.022
9002,588aca26ed1bfc095abf2de16bf97b57,4393,103.0,3,1786599504019,2026-08-13T12:38:24.019
9003,588aca26ed1bfc095abf2de16bf97b57,4394,102.0,3,1786599505012,2026-08-13T12:38:25.012
9004,588aca26ed1bfc095abf2de16bf97b57,4395,103.0,3,1786599506012,2026-08-13T12:38:26.012
9005,588aca26ed1bfc095abf2de16bf97b57,4396,104.0,3,1786599507019,2026-08-13T12:38:27.019
9006,588aca26ed1bfc095abf2de16bf97b57,4397,105.0,3,1786599508012,2026-08-13T12:38:28.012
9007,588aca26ed1bfc095abf2de16bf97b57,4398,105.0,3,1786599509012,2026-08-13T12:38:29.012
9008,588aca26ed1bfc095abf2de16bf97b57,4399,105.0,3,1786599510015,2026-08-13T12:38:30.015
9009,588aca26ed1bfc095abf2de16bf97b57,4400,103.0,3,1786599511012,2026-08-13T12:38:31.012
9010,588aca26ed1bfc095abf2de16bf97b57,4401,102.0,3,1786599512012,2026-08-13T12:38:32.012
9011,588aca26ed1bfc095abf2de16bf97b57,4402,98.0,3,1786599513012,2026-08-13T12:38:33.012
9012,588aca26ed1bfc095abf2de16bf97b57,4403,98.0,-1,1786599514012,2026-08-13T12:38:34.012
9013,588aca26ed1bfc095abf2de16bf97b57,4404,102.0,3,1786599515012,2026-08-13T12:38:35.012
9014,588aca26ed1bfc095abf2de16bf97b57,4405,101.0,3,1786599516012,2026-08-13T12:38:36.012
9015,588aca26ed1bfc095abf2de16bf97b57,4406,101.0,3,1786599517012,2026-08-13T12:38:37.012
9016,588aca26ed1bfc095abf2de16bf97b57,4407,101.0,3,1786599518012,2026-08-13T12:38:38.012
9017,588aca26ed1bfc095abf2de16bf97b57,4408,101.0,3,1786599519012,2026-08-13T12:38:39.012
9018,588aca26ed1bfc095abf2de16bf97b57,4409,101.0,3,1786599520012,2026-08-13T12:38:40.012
9019,588aca26ed1bfc095abf2de16bf97b57,4410,101.0,3,1786599521012,2026-08-13T12:38:41.012
9020,588aca26ed1bfc095abf2de16bf97b57,4411,101.0,3,1786599522012,2026-08-13T12:38:42.012
9021,588aca26ed1bfc095abf2de16bf97b57,4412,101.0,3,1786599523019,2026-08-13T12:38:43.019
9022,588aca26ed1bfc095abf2de16bf97b57,4413,100.0,3,1786599524020,2026-08-13T12:38:44.020
9023,588aca26ed1bfc095abf2de16bf97b57,4414,101.0,3,1786599525019,2026-08-13T12:38:45.019
9024,588aca26ed1bfc095abf2de16bf97b57,4415,101.0,3,1786599526019,2026-08-13T12:38:46.019
9025,588aca26ed1bfc095abf2de16bf97b57,4416,101.0,3,1786599527011,2026-08-13T12:38:47.011
9026,588aca26ed1bfc095abf2de16bf97b57,4417,100.0,3,1786599528011,2026-08-13T12:38:48.011
9027,588aca26ed1bfc095abf2de16bf97b57,4418,100.0,3,1786599529015,2026-08-13T12:38:49.015
9028,588aca26ed1bfc095abf2de16bf97b57,4419,99.0,3,1786599530011,2026-08-13T12:38:50.011
9029,588aca26ed1bfc095abf2de16bf97b57,4420,99.0,3,1786599531012,2026-08-13T12:38:51.012
9030,588aca26ed1bfc095abf2de16bf97b57,4421,99.0,3,1786599532012,2026-08-13T12:38:52.012
9031,588aca26ed1bfc095abf2de16bf97b57,4422,99.0,3,1786599533011,2026-08-13T12:38:53.011
9032,588aca26ed1bfc095abf2de16bf97b57,4423,99.0,3,1786599534012,2026-08-13T12:38:54.012
9033,588aca26ed1bfc095abf2de16bf97b57,4424,99.0,3,1786599535012,2026-08-13T12:38:55.012
9034,588aca26ed1bfc095abf2de16bf97b57,4425,100.0,3,1786599536012,2026-08-13T12:38:56.012
9035,588aca26ed1bfc095abf2de16bf97b57,4426,101.0,3,1786599537012,2026-08-13T12:38:57.012
9036,588aca26ed1bfc095abf2de16bf97b57,4427,102.0,3,1786599538012,2026-08-13T12:38:58.012
9037,588aca26ed1bfc095abf2de16bf97b57,4428,101.0,3,1786599539015,2026-08-13T12:38:59.015
9038,588aca26ed1bfc095abf2de16bf97b57,4429,101.0,3,1786599540012,2026-08-13T12:39:00.012
9039,588aca26ed1bfc095abf2de16bf97b57,4430,100.0,3,1786599541012,2026-08-13T12:39:01.012
9040,588aca26ed1bfc095abf2de16bf97b57,4431,100.0,3,1786599542012,2026-08-13T12:39:02.012
9041,588aca26ed1bfc095abf2de16bf97b57,4432,100.0,3,1786599543012,2026-08-13T12:39:03.012
9042,588aca26ed1bfc095abf2de16bf97b57,4433,99.0,3,1786599544012,2026-08-13T12:39:04.012
9043,588aca26ed1bfc095abf2de16bf97b57,4434,99.0,3,1786599545012,2026-08-13T12:39:05.012
9044,588aca26ed1bfc095abf2de16bf97b57,4435,99.0,3,1786599546012,2026-08-13T12:39:06.012
9045,588aca26ed1bfc095abf2de16bf97b57,4436,99.0,3,1786599547012,2026-08-13T12:39:07.012
9046,588aca26ed1bfc095abf2de16bf97b57,4437,99.0,3,1786599548013,2026-08-13T12:39:08.013
9047,588aca26ed1bfc095abf2de16bf97b57,4438,99.0,3,1786599549012,2026-08-13T12:39:09.012
9048,588aca26ed1bfc095abf2de16bf97b57,4439,99.0,3,1786599550012,2026-08-13T12:39:10.012
9049,588aca26ed1bfc095abf2de16bf97b57,4440,100.0,3,1786599551022,2026-08-13T12:39:11.022
9050,588aca26ed1bfc095abf2de16bf97b57,4441,100.0,3,1786599552012,2026-08-13T12:39:12.012
9051,588aca26ed1bfc095abf2de16bf97b57,4442,100.0,3,1786599553012,2026-08-13T12:39:13.012
9052,588aca26ed1bfc095abf2de16bf97b57,4443,101.0,3,1786599554021,2026-08-13T12:39:14.021
9053,588aca26ed1bfc095abf2de16bf97b57,4444,102.0,3,1786599555017,2026-08-13T12:39:15.017
9054,588aca26ed1bfc095abf2de16bf97b57,4445,102.0,3,1786599556014,2026-08-13T12:39:16.014
9055,588aca26ed1bfc095abf2de16bf97b57,4446,102.0,3,1786599557012,2026-08-13T12:39:17.012
9056,588aca26ed1bfc095abf2de16bf97b57,4447,101.0,3,1786599558012,2026-08-13T12:39:18.012
9057,588aca26ed1bfc095abf2de16bf97b57,4448,101.0,3,1786599559012,2026-08-13T12:39:19.012
9058,588aca26ed1bfc095abf2de16bf97b57,4449,100.0,3,1786599560015,2026-08-13T12:39:20.015
9059,588aca26ed1bfc095abf2de16bf97b57,4450,100.0,3,1786599561012,2026-08-13T12:39:21.012
9060,588aca26ed1bfc095abf2de16bf97b57,4451,99.0,3,1786599562014,2026-08-13T12:39:22.014
9061,588aca26ed1bfc095abf2de16bf97b57,4452,101.0,3,1786599563013,2026-08-13T12:39:23.013
9062,588aca26ed1bfc095abf2de16bf97b57,4453,102.0,3,1786599564013,2026-08-13T12:39:24.013
9063,588aca26ed1bfc095abf2de16bf97b57,4454,103.0,3,1786599565013,2026-08-13T12:39:25.013
9064,588aca26ed1bfc095abf2de16bf97b57,4455,104.0,3,1786599566013,2026-08-13T12:39:26.013
9065,588aca26ed1bfc095abf2de16bf97b57,4456,104.0,3,1786599567012,2026-08-13T12:39:27.012
9066,588aca26ed1bfc095abf2de16bf97b57,4457,103.0,3,1786599568012,2026-08-13T12:39:28.012
9067,588aca26ed1bfc095abf2de16bf97b57,4458,101.0,3,1786599569012,2026-08-13T12:39:29.012
9068,588aca26ed1bfc095abf2de16bf97b57,4459,100.0,3,1786599570017,2026-08-13T12:39:30.017
9069,588aca26ed1bfc095abf2de16bf97b57,4460,99.0,3,1786599571012,2026-08-13T12:39:31.012
9070,588aca26ed1bfc095abf2de16bf97b57,4461,98.0,3,1786599572013,2026-08-13T12:39:32.013
9071,588aca26ed1bfc095abf2de16bf97b57,4462,97.0,3,1786599573012,2026-08-13T12:39:33.012
9072,588aca26ed1bfc095abf2de16bf97b57,4463,96.0,3,1786599574013,2026-08-13T12:39:34.013
9073,588aca26ed1bfc095abf2de16bf97b57,4464,96.0,3,1786599575012,2026-08-13T12:39:35.012
9074,588aca26ed1bfc095abf2de16bf97b57,4465,96.0,3,1786599576012,2026-08-13T12:39:36.012
9075,588aca26ed1bfc095abf2de16bf97b57,4466,95.0,3,1786599577012,2026-08-13T12:39:37.012
9076,588aca26ed1bfc095abf2de16bf97b57,4467,95.0,3,1786599578012,2026-08-13T12:39:38.012
9077,588aca26ed1bfc095abf2de16bf97b57,4468,95.0,3,1786599579019,2026-08-13T12:39:39.019
9078,588aca26ed1bfc095abf2de16bf97b57,4469,95.0,3,1786599580020,2026-08-13T12:39:40.020
9079,588aca26ed1bfc095abf2de16bf97b57,4470,95.0,3,1786599581013,2026-08-13T12:39:41.013
9080,588aca26ed1bfc095abf2de16bf97b57,4471,95.0,3,1786599582017,2026-08-13T12:39:42.017
9081,588aca26ed1bfc095abf2de16bf97b57,4472,95.0,3,1786599583012,2026-08-13T12:39:43.012
9082,588aca26ed1bfc095abf2de16bf97b57,4473,96.0,3,1786599584015,2026-08-13T12:39:44.015
9083,588aca26ed1bfc095abf2de16bf97b57,4474,96.0,3,1786599585012,2026-08-13T12:39:45.012
9084,588aca26ed1bfc095abf2de16bf97b57,4475,96.0,3,1786599586012,2026-08-13T12:39:46.012
9085,588aca26ed1bfc095abf2de16bf97b57,4476,96.0,3,1786599587012,2026-08-13T12:39:47.012
9086,588aca26ed1bfc095abf2de16bf97b57,4477,96.0,3,1786599588012,2026-08-13T12:39:48.012
9087,588aca26ed1bfc095abf2de16bf97b57,4478,97.0,3,1786599589012,2026-08-13T12:39:49.012
9088,588aca26ed1bfc095abf2de16bf97b57,4479,98.0,3,1786599590013,2026-08-13T12:39:50.013
9089,588aca26ed1bfc095abf2de16bf97b57,4480,98.0,3,1786599591012,2026-08-13T12:39:51.012
9090,588aca26ed1bfc095abf2de16bf97b57,4481,99.0,3,1786599592012,2026-08-13T12:39:52.012
9091,588aca26ed1bfc095abf2de16bf97b57,4482,99.0,3,1786599593012,2026-08-13T12:39:53.012
9092,588aca26ed1bfc095abf2de16bf97b57,4483,99.0,3,1786599594012,2026-08-13T12:39:54.012
9093,588aca26ed1bfc095abf2de16bf97b57,4484,98.0,3,1786599595012,2026-08-13T12:39:55.012
9094,588aca26ed1bfc095abf2de16bf97b57,4485,98.0,3,1786599596012,2026-08-13T12:39:56.012
9095,588aca26ed1bfc095abf2de16bf97b57,4486,97.0,3,1786599597012,2026-08-13T12:39:57.012
9096,588aca26ed1bfc095abf2de16bf97b57,4487,97.0,3,1786599598012,2026-08-13T12:39:58.012
9097,588aca26ed1bfc095abf2de16bf97b57,4488,97.0,3,1786599599012,2026-08-13T12:39:59.012
9098,588aca26ed1bfc095abf2de16bf97b57,4489,96.0,3,1786599600012,2026-08-13T12:40:00.012
9099,588aca26ed1bfc095abf2de16bf97b57,4490,97.0,3,1786599601013,2026-08-13T12:40:01.013
9100,588aca26ed1bfc095abf2de16bf97b57,4491,97.0,3,1786599602012,2026-08-13T12:40:02.012
9101,588aca26ed1bfc095abf2de16bf97b57,4492,97.0,3,1786599603012,2026-08-13T12:40:03.012
9102,588aca26ed1bfc095abf2de16bf97b57,4493,98.0,3,1786599604012,2026-08-13T12:40:04.012
9103,588aca26ed1bfc095abf2de16bf97b57,4494,98.0,3,1786599605012,2026-08-13T12:40:05.012
9104,588aca26ed1bfc095abf2de16bf97b57,4495,98.0,3,1786599606011,2026-08-13T12:40:06.011
9105,588aca26ed1bfc095abf2de16bf97b57,4496,98.0,3,1786599607012,2026-08-13T12:40:07.012
9106,588aca26ed1bfc095abf2de16bf97b57,4497,99.0,3,1786599608019,2026-08-13T12:40:08.019
9107,588aca26ed1bfc095abf2de16bf97b57,4498,99.0,3,1786599609019,2026-08-13T12:40:09.019
9108,588aca26ed1bfc095abf2de16bf97b57,4499,100.0,3,1786599610019,2026-08-13T12:40:10.019
9109,588aca26ed1bfc095abf2de16bf97b57,4500,101.0,3,1786599611019,2026-08-13T12:40:11.019
9110,588aca26ed1bfc095abf2de16bf97b57,4501,102.0,3,1786599612015,2026-08-13T12:40:12.015
9111,588aca26ed1bfc095abf2de16bf97b57,4502,102.0,3,1786599613017,2026-08-13T12:40:13.017
9112,588aca26ed1bfc095abf2de16bf97b57,4503,101.0,3,1786599614015,2026-08-13T12:40:14.015
9113,588aca26ed1bfc095abf2de16bf97b57,4504,101.0,3,1786599615011,2026-08-13T12:40:15.011
9114,588aca26ed1bfc095abf2de16bf97b57,4505,101.0,3,1786599616016,2026-08-13T12:40:16.016
9115,588aca26ed1bfc095abf2de16bf97b57,4506,101.0,3,1786599617014,2026-08-13T12:40:17.014
9116,588aca26ed1bfc095abf2de16bf97b57,4507,100.0,3,1786599618015,2026-08-13T12:40:18.015
9117,588aca26ed1bfc095abf2de16bf97b57,4508,99.0,3,1786599619012,2026-08-13T12:40:19.012
9118,588aca26ed1bfc095abf2de16bf97b57,4509,99.0,3,1786599620011,2026-08-13T12:40:20.011
9119,588aca26ed1bfc095abf2de16bf97b57,4510,98.0,3,1786599621011,2026-08-13T12:40:21.011
9120,588aca26ed1bfc095abf2de16bf97b57,4511,98.0,3,1786599622013,2026-08-13T12:40:22.013
9121,588aca26ed1bfc095abf2de16bf97b57,4512,97.0,3,1786599623017,2026-08-13T12:40:23.017
9122,588aca26ed1bfc095abf2de16bf97b57,4513,97.0,3,1786599624012,2026-08-13T12:40:24.012
9123,588aca26ed1bfc095abf2de16bf97b57,4514,97.0,3,1786599625012,2026-08-13T12:40:25.012
9124,588aca26ed1bfc095abf2de16bf97b57,4515,97.0,3,1786599626011,2026-08-13T12:40:26.011
9125,588aca26ed1bfc095abf2de16bf97b57,4516,97.0,3,1786599627012,2026-08-13T12:40:27.012
9126,588aca26ed1bfc095abf2de16bf97b57,4517,97.0,3,1786599628013,2026-08-13T12:40:28.013
9127,588aca26ed1bfc095abf2de16bf97b57,4518,96.0,3,1786599629011,2026-08-13T12:40:29.011
9128,588aca26ed1bfc095abf2de16bf97b57,4519,96.0,3,1786599630012,2026-08-13T12:40:30.012
9129,588aca26ed1bfc095abf2de16bf97b57,4520,96.0,3,1786599631011,2026-08-13T12:40:31.011
9130,588aca26ed1bfc095abf2de16bf97b57,4521,96.0,3,1786599632013,2026-08-13T12:40:32.013
9131,588aca26ed1bfc095abf2de16bf97b57,4522,96.0,3,1786599633012,2026-08-13T12:40:33.012
9132,588aca26ed1bfc095abf2de16bf97b57,4523,96.0,3,1786599634012,2026-08-13T12:40:34.012
9133,588aca26ed1bfc095abf2de16bf97b57,4524,96.0,3,1786599635012,2026-08-13T12:40:35.012
9134,588aca26ed1bfc095abf2de16bf97b57,4525,97.0,3,1786599636012,2026-08-13T12:40:36.012
9135,588aca26ed1bfc095abf2de16bf97b57,4526,97.0,3,1786599637012,2026-08-13T12:40:37.012
9136,588aca26ed1bfc095abf2de16bf97b57,4527,98.0,3,1786599638012,2026-08-13T12:40:38.012
9137,588aca26ed1bfc095abf2de16bf97b57,4528,98.0,3,1786599639012,2026-08-13T12:40:39.012
9138,588aca26ed1bfc095abf2de16bf97b57,4529,99.0,3,1786599640011,2026-08-13T12:40:40.011
9139,588aca26ed1bfc095abf2de16bf97b57,4530,100.0,3,1786599641011,2026-08-13T12:40:41.011
9140,588aca26ed1bfc095abf2de16bf97b57,4531,100.0,3,1786599642012,2026-08-13T12:40:42.012
9141,588aca26ed1bfc095abf2de16bf97b57,4532,101.0,3,1786599643012,2026-08-13T12:40:43.012
9142,588aca26ed1bfc095abf2de16bf97b57,4533,101.0,3,1786599644012,2026-08-13T12:40:44.012
9143,588aca26ed1bfc095abf2de16bf97b57,4534,101.0,3,1786599645012,2026-08-13T12:40:45.012
9144,588aca26ed1bfc095abf2de16bf97b57,4535,101.0,3,1786599646013,2026-08-13T12:40:46.013
9145,588aca26ed1bfc095abf2de16bf97b57,4536,102.0,3,1786599647012,2026-08-13T12:40:47.012
9146,588aca26ed1bfc095abf2de16bf97b57,4537,102.0,3,1786599648012,2026-08-13T12:40:48.012
9147,588aca26ed1bfc095abf2de16bf97b57,4538,102.0,3,1786599649012,2026-08-13T12:40:49.012
9148,588aca26ed1bfc095abf2de16bf97b57,4539,102.0,3,1786599650012,2026-08-13T12:40:50.012
9149,588aca26ed1bfc095abf2de16bf97b57,4540,102.0,3,1786599651012,2026-08-13T12:40:51.012
9150,588aca26ed1bfc095abf2de16bf97b57,4541,102.0,3,1786599652012,2026-08-13T12:40:52.012
9151,588aca26ed1bfc095abf2de16bf97b57,4542,103.0,3,1786599653021,2026-08-13T12:40:53.021
9152,588aca26ed1bfc095abf2de16bf97b57,4543,102.0,3,1786599654022,2026-08-13T12:40:54.022
9153,588aca26ed1bfc095abf2de16bf97b57,4544,102.0,3,1786599655019,2026-08-13T12:40:55.019
9154,588aca26ed1bfc095abf2de16bf97b57,4545,101.0,3,1786599656014,2026-08-13T12:40:56.014
9155,588aca26ed1bfc095abf2de16bf97b57,4546,101.0,3,1786599657016,2026-08-13T12:40:57.016
9156,588aca26ed1bfc095abf2de16bf97b57,4547,100.0,3,1786599658017,2026-08-13T12:40:58.017
9157,588aca26ed1bfc095abf2de16bf97b57,4548,99.0,3,1786599659011,2026-08-13T12:40:59.011
9158,588aca26ed1bfc095abf2de16bf97b57,4549,98.0,3,1786599660011,2026-08-13T12:41:00.011
9159,588aca26ed1bfc095abf2de16bf97b57,4550,97.0,3,1786599661015,2026-08-13T12:41:01.015
9160,588aca26ed1bfc095abf2de16bf97b57,4551,96.0,3,1786599662013,2026-08-13T12:41:02.013
9161,588aca26ed1bfc095abf2de16bf97b57,4552,96.0,3,1786599663012,2026-08-13T12:41:03.012
9162,588aca26ed1bfc095abf2de16bf97b57,4553,96.0,3,1786599664012,2026-08-13T12:41:04.012
9163,588aca26ed1bfc095abf2de16bf97b57,4554,96.0,3,1786599665012,2026-08-13T12:41:05.012
9164,588aca26ed1bfc095abf2de16bf97b57,4555,96.0,3,1786599666012,2026-08-13T12:41:06.012
9165,588aca26ed1bfc095abf2de16bf97b57,4556,95.0,3,1786599667012,2026-08-13T12:41:07.012
9166,588aca26ed1bfc095abf2de16bf97b57,4557,94.0,3,1786599668012,2026-08-13T12:41:08.012
9167,588aca26ed1bfc095abf2de16bf97b57,4558,94.0,3,1786599669015,2026-08-13T12:41:09.015
9168,588aca26ed1bfc095abf2de16bf97b57,4559,93.0,3,1786599670013,2026-08-13T12:41:10.013
9169,588aca26ed1bfc095abf2de16bf97b57,4560,93.0,3,1786599671012,2026-08-13T12:41:11.012
9170,588aca26ed1bfc095abf2de16bf97b57,4561,93.0,3,1786599672012,2026-08-13T12:41:12.012
9171,588aca26ed1bfc095abf2de16bf97b57,4562,92.0,3,1786599673017,2026-08-13T12:41:13.017
9172,588aca26ed1bfc095abf2de16bf97b57,4563,92.0,3,1786599674013,2026-08-13T12:41:14.013
9173,588aca26ed1bfc095abf2de16bf97b57,4564,91.0,3,1786599675011,2026-08-13T12:41:15.011
9174,588aca26ed1bfc095abf2de16bf97b57,4565,90.0,3,1786599676015,2026-08-13T12:41:16.015
9175,588aca26ed1bfc095abf2de16bf97b57,4566,90.0,3,1786599677016,2026-08-13T12:41:17.016
9176,588aca26ed1bfc095abf2de16bf97b57,4567,89.0,3,1786599678012,2026-08-13T12:41:18.012
9177,588aca26ed1bfc095abf2de16bf97b57,4568,90.0,3,1786599679012,2026-08-13T12:41:19.012
9178,588aca26ed1bfc095abf2de16bf97b57,4569,90.0,3,1786599680013,2026-08-13T12:41:20.013
9179,588aca26ed1bfc095abf2de16bf97b57,4570,91.0,3,1786599681012,2026-08-13T12:41:21.012
9180,588aca26ed1bfc095abf2de16bf97b57,4571,92.0,3,1786599682024,2026-08-13T12:41:22.024
9181,588aca26ed1bfc095abf2de16bf97b57,4572,93.0,3,1786599683011,2026-08-13T12:41:23.011
9182,588aca26ed1bfc095abf2de16bf97b57,4573,95.0,3,1786599684011,2026-08-13T12:41:24.011
9183,588aca26ed1bfc095abf2de16bf97b57,4574,96.0,3,1786599685030,2026-08-13T12:41:25.030
9184,588aca26ed1bfc095abf2de16bf97b57,4575,96.0,3,1786599686012,2026-08-13T12:41:26.012
9185,588aca26ed1bfc095abf2de16bf97b57,4576,96.0,3,1786599687012,2026-08-13T12:41:27.012
9186,588aca26ed1bfc095abf2de16bf97b57,4577,96.0,3,1786599688012,2026-08-13T12:41:28.012
9187,588aca26ed1bfc095abf2de16bf97b57,4578,95.0,3,1786599689012,2026-08-13T12:41:29.012
9188,588aca26ed1bfc095abf2de16bf97b57,4579,95.0,3,1786599690011,2026-08-13T12:41:30.011
9189,588aca26ed1bfc095abf2de16bf97b57,4580,95.0,3,1786599691011,2026-08-13T12:41:31.011
9190,588aca26ed1bfc095abf2de16bf97b57,4581,96.0,3,1786599692018,2026-08-13T12:41:32.018
9191,588aca26ed1bfc095abf2de16bf97b57,4582,96.0,3,1786599693013,2026-08-13T12:41:33.013
9192,588aca26ed1bfc095abf2de16bf97b57,4583,96.0,3,1786599694012,2026-08-13T12:41:34.012
9193,588aca26ed1bfc095abf2de16bf97b57,4584,96.0,3,1786599695011,2026-08-13T12:41:35.011
9194,588aca26ed1bfc095abf2de16bf97b57,4585,96.0,3,1786599696012,2026-08-13T12:41:36.012
9195,588aca26ed1bfc095abf2de16bf97b57,4586,96.0,3,1786599697011,2026-08-13T12:41:37.011
9196,588aca26ed1bfc095abf2de16bf97b57,4587,97.0,3,1786599698012,2026-08-13T12:41:38.012
9197,588aca26ed1bfc095abf2de16bf97b57,4588,97.0,3,1786599699022,2026-08-13T12:41:39.022
9198,588aca26ed1bfc095abf2de16bf97b57,4589,97.0,3,1786599700011,2026-08-13T12:41:40.011
9199,588aca26ed1bfc095abf2de16bf97b57,4590,97.0,3,1786599701012,2026-08-13T12:41:41.012
9200,588aca26ed1bfc095abf2de16bf97b57,4591,96.0,3,1786599702012,2026-08-13T12:41:42.012
9201,588aca26ed1bfc095abf2de16bf97b57,4592,97.0,3,1786599703012,2026-08-13T12:41:43.012
9202,588aca26ed1bfc095abf2de16bf97b57,4593,97.0,3,1786599704012,2026-08-13T12:41:44.012
9203,588aca26ed1bfc095abf2de16bf97b57,4594,98.0,3,1786599705012,2026-08-13T12:41:45.012
9204,588aca26ed1bfc095abf2de16bf97b57,4595,98.0,3,1786599706012,2026-08-13T12:41:46.012
9205,588aca26ed1bfc095abf2de16bf97b57,4596,99.0,3,1786599707011,2026-08-13T12:41:47.011
9206,588aca26ed1bfc095abf2de16bf97b57,4597,100.0,3,1786599708012,2026-08-13T12:41:48.012
9207,588aca26ed1bfc095abf2de16bf97b57,4598,100.0,3,1786599709030,2026-08-13T12:41:49.030
9208,588aca26ed1bfc095abf2de16bf97b57,4599,101.0,3,1786599710031,2026-08-13T12:41:50.031
9209,588aca26ed1bfc095abf2de16bf97b57,4600,101.0,3,1786599711034,2026-08-13T12:41:51.034
9210,588aca26ed1bfc095abf2de16bf97b57,4601,101.0,3,1786599712034,2026-08-13T12:41:52.034
9211,588aca26ed1bfc095abf2de16bf97b57,4602,101.0,3,1786599713021,2026-08-13T12:41:53.021
9212,588aca26ed1bfc095abf2de16bf97b57,4603,102.0,3,1786599714017,2026-08-13T12:41:54.017
9213,588aca26ed1bfc095abf2de16bf97b57,4604,103.0,3,1786599715017,2026-08-13T12:41:55.017
9214,588aca26ed1bfc095abf2de16bf97b57,4605,102.0,3,1786599716011,2026-08-13T12:41:56.011
9215,588aca26ed1bfc095abf2de16bf97b57,4606,101.0,3,1786599717018,2026-08-13T12:41:57.018
9216,588aca26ed1bfc095abf2de16bf97b57,4607,100.0,3,1786599718020,2026-08-13T12:41:58.020
9217,588aca26ed1bfc095abf2de16bf97b57,4608,99.0,3,1786599719018,2026-08-13T12:41:59.018
9218,588aca26ed1bfc095abf2de16bf97b57,4609,98.0,3,1786599720017,2026-08-13T12:42:00.017
9219,588aca26ed1bfc095abf2de16bf97b57,4610,98.0,3,1786599721017,2026-08-13T12:42:01.017
9220,588aca26ed1bfc095abf2de16bf97b57,4611,99.0,3,1786599722012,2026-08-13T12:42:02.012
9221,588aca26ed1bfc095abf2de16bf97b57,4612,99.0,3,1786599723016,2026-08-13T12:42:03.016
9222,588aca26ed1bfc095abf2de16bf97b57,4613,100.0,3,1786599724011,2026-08-13T12:42:04.011
9223,588aca26ed1bfc095abf2de16bf97b57,4614,100.0,3,1786599725014,2026-08-13T12:42:05.014
9224,588aca26ed1bfc095abf2de16bf97b57,4615,99.0,3,1786599726015,2026-08-13T12:42:06.015
9225,588aca26ed1bfc095abf2de16bf97b57,4616,98.0,3,1786599727017,2026-08-13T12:42:07.017
9226,588aca26ed1bfc095abf2de16bf97b57,4617,97.0,3,1786599728013,2026-08-13T12:42:08.013
9227,588aca26ed1bfc095abf2de16bf97b57,4618,96.0,3,1786599729012,2026-08-13T12:42:09.012
9228,588aca26ed1bfc095abf2de16bf97b57,4619,97.0,3,1786599730012,2026-08-13T12:42:10.012
9229,588aca26ed1bfc095abf2de16bf97b57,4620,98.0,3,1786599731012,2026-08-13T12:42:11.012
9230,588aca26ed1bfc095abf2de16bf97b57,4621,99.0,3,1786599732012,2026-08-13T12:42:12.012
9231,588aca26ed1bfc095abf2de16bf97b57,4622,100.0,3,1786599733012,2026-08-13T12:42:13.012
9232,588aca26ed1bfc095abf2de16bf97b57,4623,100.0,3,1786599734012,2026-08-13T12:42:14.012
9233,588aca26ed1bfc095abf2de16bf97b57,4624,100.0,3,1786599735012,2026-08-13T12:42:15.012
9234,588aca26ed1bfc095abf2de16bf97b57,4625,99.0,3,1786599736012,2026-08-13T12:42:16.012
9235,588aca26ed1bfc095abf2de16bf97b57,4626,99.0,3,1786599737012,2026-08-13T12:42:17.012
9236,588aca26ed1bfc095abf2de16bf97b57,4627,98.0,3,1786599738020,2026-08-13T12:42:18.020
9237,588aca26ed1bfc095abf2de16bf97b57,4628,98.0,3,1786599739011,2026-08-13T12:42:19.011
9238,588aca26ed1bfc095abf2de16bf97b57,4629,98.0,3,1786599740012,2026-08-13T12:42:20.012
9239,588aca26ed1bfc095abf2de16bf97b57,4630,97.0,3,1786599741012,2026-08-13T12:42:21.012
9240,588aca26ed1bfc095abf2de16bf97b57,4631,97.0,3,1786599742014,2026-08-13T12:42:22.014
9241,588aca26ed1bfc095abf2de16bf97b57,4632,97.0,3,1786599743013,2026-08-13T12:42:23.013
9242,588aca26ed1bfc095abf2de16bf97b57,4633,96.0,3,1786599744014,2026-08-13T12:42:24.014
9243,588aca26ed1bfc095abf2de16bf97b57,4634,96.0,3,1786599745013,2026-08-13T12:42:25.013
9244,588aca26ed1bfc095abf2de16bf97b57,4635,96.0,3,1786599746022,2026-08-13T12:42:26.022
9245,588aca26ed1bfc095abf2de16bf97b57,4636,97.0,3,1786599747012,2026-08-13T12:42:27.012
9246,588aca26ed1bfc095abf2de16bf97b57,4637,98.0,3,1786599748012,2026-08-13T12:42:28.012
9247,588aca26ed1bfc095abf2de16bf97b57,4638,98.0,3,1786599749012,2026-08-13T12:42:29.012
9248,588aca26ed1bfc095abf2de16bf97b57,4639,99.0,3,1786599750014,2026-08-13T12:42:30.014
9249,588aca26ed1bfc095abf2de16bf97b57,4640,99.0,3,1786599751013,2026-08-13T12:42:31.013
9250,588aca26ed1bfc095abf2de16bf97b57,4641,99.0,3,1786599752013,2026-08-13T12:42:32.013
9251,588aca26ed1bfc095abf2de16bf97b57,4642,99.0,3,1786599753011,2026-08-13T12:42:33.011
9252,588aca26ed1bfc095abf2de16bf97b57,4643,99.0,3,1786599754012,2026-08-13T12:42:34.012
9253,588aca26ed1bfc095abf2de16bf97b57,4644,99.0,3,1786599755013,2026-08-13T12:42:35.013
9254,588aca26ed1bfc095abf2de16bf97b57,4645,99.0,3,1786599756012,2026-08-13T12:42:36.012
9255,588aca26ed1bfc095abf2de16bf97b57,4646,99.0,3,1786599757013,2026-08-13T12:42:37.013
9256,588aca26ed1bfc095abf2de16bf97b57,4647,100.0,3,1786599758013,2026-08-13T12:42:38.013
9257,588aca26ed1bfc095abf2de16bf97b57,4648,101.0,3,1786599759012,2026-08-13T12:42:39.012
9258,588aca26ed1bfc095abf2de16bf97b57,4649,102.0,3,1786599760012,2026-08-13T12:42:40.012
9259,588aca26ed1bfc095abf2de16bf97b57,4650,103.0,3,1786599761012,2026-08-13T12:42:41.012
9260,588aca26ed1bfc095abf2de16bf97b57,4651,104.0,3,1786599762017,2026-08-13T12:42:42.017
9261,588aca26ed1bfc095abf2de16bf97b57,4652,104.0,3,1786599763012,2026-08-13T12:42:43.012
9262,588aca26ed1bfc095abf2de16bf97b57,4653,104.0,3,1786599764012,2026-08-13T12:42:44.012
9263,588aca26ed1bfc095abf2de16bf97b57,4654,103.0,3,1786599765012,2026-08-13T12:42:45.012
9264,588aca26ed1bfc095abf2de16bf97b57,4655,103.0,3,1786599766012,2026-08-13T12:42:46.012
9265,588aca26ed1bfc095abf2de16bf97b57,4656,102.0,3,1786599767012,2026-08-13T12:42:47.012
9266,588aca26ed1bfc095abf2de16bf97b57,4657,101.0,3,1786599768012,2026-08-13T12:42:48.012
9267,588aca26ed1bfc095abf2de16bf97b57,4658,101.0,3,1786599769012,2026-08-13T12:42:49.012
9268,588aca26ed1bfc095abf2de16bf97b57,4659,101.0,3,1786599770012,2026-08-13T12:42:50.012
9269,588aca26ed1bfc095abf2de16bf97b57,4660,101.0,3,1786599771012,2026-08-13T12:42:51.012
9270,588aca26ed1bfc095abf2de16bf97b57,4661,102.0,3,1786599772012,2026-08-13T12:42:52.012
9271,588aca26ed1bfc095abf2de16bf97b57,4662,102.0,3,1786599773013,2026-08-13T12:42:53.013
9272,588aca26ed1bfc095abf2de16bf97b57,4663,102.0,3,1786599774012,2026-08-13T12:42:54.012
9273,588aca26ed1bfc095abf2de16bf97b57,4664,101.0,3,1786599775012,2026-08-13T12:42:55.012
9274,588aca26ed1bfc095abf2de16bf97b57,4665,100.0,3,1786599776012,2026-08-13T12:42:56.012
9275,588aca26ed1bfc095abf2de16bf97b57,4666,98.0,3,1786599777012,2026-08-13T12:42:57.012
9276,588aca26ed1bfc095abf2de16bf97b57,4667,97.0,3,1786599778012,2026-08-13T12:42:58.012
9277,588aca26ed1bfc095abf2de16bf97b57,4668,96.0,3,1786599779012,2026-08-13T12:42:59.012
9278,588aca26ed1bfc095abf2de16bf97b57,4669,95.0,3,1786599780016,2026-08-13T12:43:00.016
9279,588aca26ed1bfc095abf2de16bf97b57,4670,93.0,3,1786599781012,2026-08-13T12:43:01.012
9280,588aca26ed1bfc095abf2de16bf97b57,4671,93.0,3,1786599782012,2026-08-13T12:43:02.012
9281,588aca26ed1bfc095abf2de16bf97b57,4672,93.0,3,1786599783015,2026-08-13T12:43:03.015
9282,588aca26ed1bfc095abf2de16bf97b57,4673,92.0,3,1786599784015,2026-08-13T12:43:04.015
9283,588aca26ed1bfc095abf2de16bf97b57,4674,94.0,3,1786599785012,2026-08-13T12:43:05.012
9284,588aca26ed1bfc095abf2de16bf97b57,4675,95.0,3,1786599786011,2026-08-13T12:43:06.011
9285,588aca26ed1bfc095abf2de16bf97b57,4676,96.0,3,1786599787012,2026-08-13T12:43:07.012
9286,588aca26ed1bfc095abf2de16bf97b57,4677,97.0,3,1786599788012,2026-08-13T12:43:08.012
9287,588aca26ed1bfc095abf2de16bf97b57,4678,96.0,3,1786599789011,2026-08-13T12:43:09.011
9288,588aca26ed1bfc095abf2de16bf97b57,4679,95.0,3,1786599790012,2026-08-13T12:43:10.012
9289,588aca26ed1bfc095abf2de16bf97b57,4680,94.0,3,1786599791012,2026-08-13T12:43:11.012
9290,588aca26ed1bfc095abf2de16bf97b57,4681,94.0,3,1786599792012,2026-08-13T12:43:12.012
9291,588aca26ed1bfc095abf2de16bf97b57,4682,95.0,3,1786599793012,2026-08-13T12:43:13.012
9292,588aca26ed1bfc095abf2de16bf97b57,4683,96.0,3,1786599794011,2026-08-13T12:43:14.011
9293,588aca26ed1bfc095abf2de16bf97b57,4684,96.0,3,1786599795012,2026-08-13T12:43:15.012
9294,588aca26ed1bfc095abf2de16bf97b57,4685,98.0,3,1786599796012,2026-08-13T12:43:16.012
9295,588aca26ed1bfc095abf2de16bf97b57,4686,98.0,3,1786599797012,2026-08-13T12:43:17.012
9296,588aca26ed1bfc095abf2de16bf97b57,4687,98.0,3,1786599798012,2026-08-13T12:43:18.012
9297,588aca26ed1bfc095abf2de16bf97b57,4688,99.0,3,1786599799012,2026-08-13T12:43:19.012
9298,588aca26ed1bfc095abf2de16bf97b57,4689,99.0,3,1786599800012,2026-08-13T12:43:20.012
9299,588aca26ed1bfc095abf2de16bf97b57,4690,98.0,3,1786599801012,2026-08-13T12:43:21.012
9300,588aca26ed1bfc095abf2de16bf97b57,4691,98.0,3,1786599802012,2026-08-13T12:43:22.012
9301,588aca26ed1bfc095abf2de16bf97b57,4692,98.0,3,1786599803012,2026-08-13T12:43:23.012
9302,588aca26ed1bfc095abf2de16bf97b57,4693,98.0,3,1786599804012,2026-08-13T12:43:24.012
9303,588aca26ed1bfc095abf2de16bf97b57,4694,98.0,3,1786599805013,2026-08-13T12:43:25.013
9304,588aca26ed1bfc095abf2de16bf97b57,4695,98.0,3,1786599806013,2026-08-13T12:43:26.013
9305,588aca26ed1bfc095abf2de16bf97b57,4696,98.0,3,1786599807012,2026-08-13T12:43:27.012
9306,588aca26ed1bfc095abf2de16bf97b57,4697,97.0,3,1786599808012,2026-08-13T12:43:28.012
9307,588aca26ed1bfc095abf2de16bf97b57,4698,97.0,3,1786599809012,2026-08-13T12:43:29.012
9308,588aca26ed1bfc095abf2de16bf97b57,4699,96.0,3,1786599810012,2026-08-13T12:43:30.012
9309,588aca26ed1bfc095abf2de16bf97b57,4700,97.0,3,1786599811012,2026-08-13T12:43:31.012
9310,588aca26ed1bfc095abf2de16bf97b57,4701,98.0,3,1786599812012,2026-08-13T12:43:32.012
9311,588aca26ed1bfc095abf2de16bf97b57,4702,98.0,3,1786599813012,2026-08-13T12:43:33.012
9312,588aca26ed1bfc095abf2de16bf97b57,4703,99.0,3,1786599814013,2026-08-13T12:43:34.013
9313,588aca26ed1bfc095abf2de16bf97b57,4704,100.0,3,1786599815013,2026-08-13T12:43:35.013
9314,588aca26ed1bfc095abf2de16bf97b57,4705,101.0,3,1786599816012,2026-08-13T12:43:36.012
9315,588aca26ed1bfc095abf2de16bf97b57,4706,102.0,3,1786599817021,2026-08-13T12:43:37.021
9316,588aca26ed1bfc095abf2de16bf97b57,4707,102.0,3,1786599818021,2026-08-13T12:43:38.021
9317,588aca26ed1bfc095abf2de16bf97b57,4708,102.0,3,1786599819016,2026-08-13T12:43:39.016
9318,588aca26ed1bfc095abf2de16bf97b57,4709,102.0,3,1786599820019,2026-08-13T12:43:40.019
9319,588aca26ed1bfc095abf2de16bf97b57,4710,102.0,3,1786599821016,2026-08-13T12:43:41.016
9320,588aca26ed1bfc095abf2de16bf97b57,4711,101.0,3,1786599822019,2026-08-13T12:43:42.019
9321,588aca26ed1bfc095abf2de16bf97b57,4712,101.0,3,1786599823018,2026-08-13T12:43:43.018
9322,588aca26ed1bfc095abf2de16bf97b57,4713,100.0,3,1786599824017,2026-08-13T12:43:44.017
9323,588aca26ed1bfc095abf2de16bf97b57,4714,100.0,3,1786599825012,2026-08-13T12:43:45.012
9324,588aca26ed1bfc095abf2de16bf97b57,4715,100.0,3,1786599826021,2026-08-13T12:43:46.021
9325,588aca26ed1bfc095abf2de16bf97b57,4716,100.0,3,1786599827013,2026-08-13T12:43:47.013
9326,588aca26ed1bfc095abf2de16bf97b57,4717,99.0,3,1786599828013,2026-08-13T12:43:48.013
9327,588aca26ed1bfc095abf2de16bf97b57,4718,99.0,3,1786599829014,2026-08-13T12:43:49.014
9328,588aca26ed1bfc095abf2de16bf97b57,4719,98.0,3,1786599830013,2026-08-13T12:43:50.013
9329,588aca26ed1bfc095abf2de16bf97b57,4720,98.0,3,1786599831012,2026-08-13T12:43:51.012
9330,588aca26ed1bfc095abf2de16bf97b57,4721,98.0,3,1786599832012,2026-08-13T12:43:52.012
9331,588aca26ed1bfc095abf2de16bf97b57,4722,97.0,3,1786599833013,2026-08-13T12:43:53.013
9332,588aca26ed1bfc095abf2de16bf97b57,4723,97.0,3,1786599834012,2026-08-13T12:43:54.012
9333,588aca26ed1bfc095abf2de16bf97b57,4724,97.0,3,1786599835014,2026-08-13T12:43:55.014
9334,588aca26ed1bfc095abf2de16bf97b57,4725,97.0,3,1786599836012,2026-08-13T12:43:56.012
9335,588aca26ed1bfc095abf2de16bf97b57,4726,97.0,3,1786599837012,2026-08-13T12:43:57.012
9336,588aca26ed1bfc095abf2de16bf97b57,4727,98.0,3,1786599838011,2026-08-13T12:43:58.011
9337,588aca26ed1bfc095abf2de16bf97b57,4728,98.0,3,1786599839012,2026-08-13T12:43:59.012
9338,588aca26ed1bfc095abf2de16bf97b57,4729,98.0,3,1786599840012,2026-08-13T12:44:00.012
9339,588aca26ed1bfc095abf2de16bf97b57,4730,99.0,3,1786599841012,2026-08-13T12:44:01.012
9340,588aca26ed1bfc095abf2de16bf97b57,4731,100.0,3,1786599842012,2026-08-13T12:44:02.012
9341,588aca26ed1bfc095abf2de16bf97b57,4732,100.0,3,1786599843013,2026-08-13T12:44:03.013
9342,588aca26ed1bfc095abf2de16bf97b57,4733,101.0,3,1786599844012,2026-08-13T12:44:04.012
9343,588aca26ed1bfc095abf2de16bf97b57,4734,102.0,3,1786599845012,2026-08-13T12:44:05.012
9344,588aca26ed1bfc095abf2de16bf97b57,4735,103.0,3,1786599846012,2026-08-13T12:44:06.012
9345,588aca26ed1bfc095abf2de16bf97b57,4736,104.0,3,1786599847019,2026-08-13T12:44:07.019
9346,588aca26ed1bfc095abf2de16bf97b57,4737,105.0,3,1786599848014,2026-08-13T12:44:08.014
9347,588aca26ed1bfc095abf2de16bf97b57,4738,105.0,3,1786599849012,2026-08-13T12:44:09.012
9348,588aca26ed1bfc095abf2de16bf97b57,4739,104.0,3,1786599850012,2026-08-13T12:44:10.012
9349,588aca26ed1bfc095abf2de16bf97b57,4740,103.0,3,1786599851015,2026-08-13T12:44:11.015
9350,588aca26ed1bfc095abf2de16bf97b57,4741,102.0,3,1786599852016,2026-08-13T12:44:12.016
9351,588aca26ed1bfc095abf2de16bf97b57,4742,103.0,3,1786599853012,2026-08-13T12:44:13.012
9352,588aca26ed1bfc095abf2de16bf97b57,4743,103.0,3,1786599854014,2026-08-13T12:44:14.014
9353,588aca26ed1bfc095abf2de16bf97b57,4744,103.0,3,1786599855016,2026-08-13T12:44:15.016
9354,588aca26ed1bfc095abf2de16bf97b57,4745,102.0,3,1786599856027,2026-08-13T12:44:16.027
9355,588aca26ed1bfc095abf2de16bf97b57,4746,101.0,3,1786599857016,2026-08-13T12:44:17.016
9356,588aca26ed1bfc095abf2de16bf97b57,4747,100.0,3,1786599858016,2026-08-13T12:44:18.016
9357,588aca26ed1bfc095abf2de16bf97b57,4748,99.0,3,1786599859016,2026-08-13T12:44:19.016
9358,588aca26ed1bfc095abf2de16bf97b57,4749,99.0,3,1786599860017,2026-08-13T12:44:20.017
9359,588aca26ed1bfc095abf2de16bf97b57,4750,98.0,3,1786599861027,2026-08-13T12:44:21.027
9360,588aca26ed1bfc095abf2de16bf97b57,4751,97.0,3,1786599862016,2026-08-13T12:44:22.016
9361,588aca26ed1bfc095abf2de16bf97b57,4752,96.0,3,1786599863019,2026-08-13T12:44:23.019
9362,588aca26ed1bfc095abf2de16bf97b57,4753,96.0,3,1786599864017,2026-08-13T12:44:24.017
9363,588aca26ed1bfc095abf2de16bf97b57,4754,95.0,3,1786599865029,2026-08-13T12:44:25.029
9364,588aca26ed1bfc095abf2de16bf97b57,4755,95.0,3,1786599866018,2026-08-13T12:44:26.018
9365,588aca26ed1bfc095abf2de16bf97b57,4756,94.0,3,1786599867012,2026-08-13T12:44:27.012
9366,588aca26ed1bfc095abf2de16bf97b57,4757,94.0,3,1786599868012,2026-08-13T12:44:28.012
9367,588aca26ed1bfc095abf2de16bf97b57,4758,94.0,3,1786599869012,2026-08-13T12:44:29.012
9368,588aca26ed1bfc095abf2de16bf97b57,4759,94.0,3,1786599870012,2026-08-13T12:44:30.012
9369,588aca26ed1bfc095abf2de16bf97b57,4760,95.0,3,1786599871012,2026-08-13T12:44:31.012
9370,588aca26ed1bfc095abf2de16bf97b57,4761,96.0,3,1786599872012,2026-08-13T12:44:32.012
9371,588aca26ed1bfc095abf2de16bf97b57,4762,97.0,3,1786599873012,2026-08-13T12:44:33.012
9372,588aca26ed1bfc095abf2de16bf97b57,4763,98.0,3,1786599874012,2026-08-13T12:44:34.012
9373,588aca26ed1bfc095abf2de16bf97b57,4764,99.0,3,1786599875012,2026-08-13T12:44:35.012
9374,588aca26ed1bfc095abf2de16bf97b57,4765,100.0,3,1786599876012,2026-08-13T12:44:36.012
9375,588aca26ed1bfc095abf2de16bf97b57,4766,101.0,3,1786599877012,2026-08-13T12:44:37.012
9376,588aca26ed1bfc095abf2de16bf97b57,4767,102.0,3,1786599878013,2026-08-13T12:44:38.013
9377,588aca26ed1bfc095abf2de16bf97b57,4768,102.0,3,1786599879011,2026-08-13T12:44:39.011
9378,588aca26ed1bfc095abf2de16bf97b57,4769,102.0,3,1786599880012,2026-08-13T12:44:40.012
9379,588aca26ed1bfc095abf2de16bf97b57,4770,102.0,3,1786599881011,2026-08-13T12:44:41.011
9380,588aca26ed1bfc095abf2de16bf97b57,4771,102.0,3,1786599882012,2026-08-13T12:44:42.012
9381,588aca26ed1bfc095abf2de16bf97b57,4772,102.0,3,1786599883012,2026-08-13T12:44:43.012
9382,588aca26ed1bfc095abf2de16bf97b57,4773,102.0,3,1786599884012,2026-08-13T12:44:44.012
9383,588aca26ed1bfc095abf2de16bf97b57,4774,102.0,3,1786599885012,2026-08-13T12:44:45.012
9384,588aca26ed1bfc095abf2de16bf97b57,4775,101.0,3,1786599886012,2026-08-13T12:44:46.012
9385,588aca26ed1bfc095abf2de16bf97b57,4776,101.0,3,1786599887012,2026-08-13T12:44:47.012
9386,588aca26ed1bfc095abf2de16bf97b57,4777,100.0,3,1786599888012,2026-08-13T12:44:48.012
9387,588aca26ed1bfc095abf2de16bf97b57,4778,100.0,3,1786599889012,2026-08-13T12:44:49.012
9388,588aca26ed1bfc095abf2de16bf97b57,4779,100.0,3,1786599890012,2026-08-13T12:44:50.012
9389,588aca26ed1bfc095abf2de16bf97b57,4780,99.0,3,1786599891012,2026-08-13T12:44:51.012
9390,588aca26ed1bfc095abf2de16bf97b57,4781,99.0,3,1786599892013,2026-08-13T12:44:52.013
9391,588aca26ed1bfc095abf2de16bf97b57,4782,99.0,3,1786599893012,2026-08-13T12:44:53.012
9392,588aca26ed1bfc095abf2de16bf97b57,4783,99.0,3,1786599894012,2026-08-13T12:44:54.012
9393,588aca26ed1bfc095abf2de16bf97b57,4784,99.0,3,1786599895012,2026-08-13T12:44:55.012
9394,588aca26ed1bfc095abf2de16bf97b57,4785,99.0,3,1786599896012,2026-08-13T12:44:56.012
9395,588aca26ed1bfc095abf2de16bf97b57,4786,99.0,3,1786599897011,2026-08-13T12:44:57.011
9396,588aca26ed1bfc095abf2de16bf97b57,4787,99.0,3,1786599898012,2026-08-13T12:44:58.012
9397,588aca26ed1bfc095abf2de16bf97b57,4788,99.0,3,1786599899012,2026-08-13T12:44:59.012
9398,588aca26ed1bfc095abf2de16bf97b57,4789,99.0,3,1786599900012,2026-08-13T12:45:00.012
9399,588aca26ed1bfc095abf2de16bf97b57,4790,99.0,3,1786599901012,2026-08-13T12:45:01.012
9400,588aca26ed1bfc095abf2de16bf97b57,4791,99.0,3,1786599902013,2026-08-13T12:45:02.013
9401,588aca26ed1bfc095abf2de16bf97b57,4792,99.0,3,1786599903018,2026-08-13T12:45:03.018
9402,588aca26ed1bfc095abf2de16bf97b57,4793,100.0,3,1786599904020,2026-08-13T12:45:04.020
9403,588aca26ed1bfc095abf2de16bf97b57,4794,100.0,3,1786599905018,2026-08-13T12:45:05.018
9404,588aca26ed1bfc095abf2de16bf97b57,4795,100.0,3,1786599906017,2026-08-13T12:45:06.017
9405,588aca26ed1bfc095abf2de16bf97b57,4796,100.0,3,1786599907012,2026-08-13T12:45:07.012
9406,588aca26ed1bfc095abf2de16bf97b57,4797,100.0,3,1786599908015,2026-08-13T12:45:08.015
9407,588aca26ed1bfc095abf2de16bf97b57,4798,100.0,3,1786599909012,2026-08-13T12:45:09.012
9408,588aca26ed1bfc095abf2de16bf97b57,4799,100.0,3,1786599910017,2026-08-13T12:45:10.017
9409,588aca26ed1bfc095abf2de16bf97b57,4800,100.0,3,1786599911019,2026-08-13T12:45:11.019
9410,588aca26ed1bfc095abf2de16bf97b57,4801,100.0,3,1786599912011,2026-08-13T12:45:12.011
9411,588aca26ed1bfc095abf2de16bf97b57,4802,100.0,3,1786599913018,2026-08-13T12:45:13.018
9412,588aca26ed1bfc095abf2de16bf97b57,4803,100.0,3,1786599914018,2026-08-13T12:45:14.018
9413,588aca26ed1bfc095abf2de16bf97b57,4804,99.0,3,1786599915012,2026-08-13T12:45:15.012
9414,588aca26ed1bfc095abf2de16bf97b57,4805,99.0,3,1786599916017,2026-08-13T12:45:16.017
9415,588aca26ed1bfc095abf2de16bf97b57,4806,99.0,3,1786599917019,2026-08-13T12:45:17.019
9416,588aca26ed1bfc095abf2de16bf97b57,4807,98.0,3,1786599918019,2026-08-13T12:45:18.019
9417,588aca26ed1bfc095abf2de16bf97b57,4808,98.0,3,1786599919016,2026-08-13T12:45:19.016
9418,588aca26ed1bfc095abf2de16bf97b57,4809,99.0,3,1786599920016,2026-08-13T12:45:20.016
9419,588aca26ed1bfc095abf2de16bf97b57,4810,99.0,3,1786599921016,2026-08-13T12:45:21.016
9420,588aca26ed1bfc095abf2de16bf97b57,4811,99.0,3,1786599922015,2026-08-13T12:45:22.015
9421,588aca26ed1bfc095abf2de16bf97b57,4812,99.0,3,1786599923016,2026-08-13T12:45:23.016
9422,588aca26ed1bfc095abf2de16bf97b57,4813,99.0,3,1786599924014,2026-08-13T12:45:24.014
9423,588aca26ed1bfc095abf2de16bf97b57,4814,100.0,3,1786599925012,2026-08-13T12:45:25.012
9424,588aca26ed1bfc095abf2de16bf97b57,4815,100.0,3,1786599926013,2026-08-13T12:45:26.013
9425,588aca26ed1bfc095abf2de16bf97b57,4816,100.0,3,1786599927012,2026-08-13T12:45:27.012
9426,588aca26ed1bfc095abf2de16bf97b57,4817,100.0,3,1786599928011,2026-08-13T12:45:28.011
9427,588aca26ed1bfc095abf2de16bf97b57,4818,100.0,3,1786599929012,2026-08-13T12:45:29.012
9428,588aca26ed1bfc095abf2de16bf97b57,4819,100.0,3,1786599930014,2026-08-13T12:45:30.014
9429,588aca26ed1bfc095abf2de16bf97b57,4820,100.0,3,1786599931011,2026-08-13T12:45:31.011
9430,588aca26ed1bfc095abf2de16bf97b57,4821,100.0,3,1786599932012,2026-08-13T12:45:32.012
9431,588aca26ed1bfc095abf2de16bf97b57,4822,101.0,3,1786599933013,2026-08-13T12:45:33.013
9432,588aca26ed1bfc095abf2de16bf97b57,4823,101.0,3,1786599934012,2026-08-13T12:45:34.012
9433,588aca26ed1bfc095abf2de16bf97b57,4824,102.0,3,1786599935012,2026-08-13T12:45:35.012
9434,588aca26ed1bfc095abf2de16bf97b57,4825,101.0,3,1786599936015,2026-08-13T12:45:36.015
9435,588aca26ed1bfc095abf2de16bf97b57,4826,101.0,3,1786599937014,2026-08-13T12:45:37.014
9436,588aca26ed1bfc095abf2de16bf97b57,4827,101.0,3,1786599938013,2026-08-13T12:45:38.013
9437,588aca26ed1bfc095abf2de16bf97b57,4828,102.0,3,1786599939013,2026-08-13T12:45:39.013
9438,588aca26ed1bfc095abf2de16bf97b57,4829,102.0,3,1786599940012,2026-08-13T12:45:40.012
9439,588aca26ed1bfc095abf2de16bf97b57,4830,103.0,3,1786599941012,2026-08-13T12:45:41.012
9440,588aca26ed1bfc095abf2de16bf97b57,4831,105.0,3,1786599942012,2026-08-13T12:45:42.012
9441,588aca26ed1bfc095abf2de16bf97b57,4832,105.0,3,1786599943012,2026-08-13T12:45:43.012
9442,588aca26ed1bfc095abf2de16bf97b57,4833,106.0,3,1786599944012,2026-08-13T12:45:44.012
9443,588aca26ed1bfc095abf2de16bf97b57,4834,106.0,3,1786599945012,2026-08-13T12:45:45.012
9444,588aca26ed1bfc095abf2de16bf97b57,4835,106.0,3,1786599946018,2026-08-13T12:45:46.018
9445,588aca26ed1bfc095abf2de16bf97b57,4836,106.0,3,1786599947011,2026-08-13T12:45:47.011
9446,588aca26ed1bfc095abf2de16bf97b57,4837,106.0,3,1786599948012,2026-08-13T12:45:48.012
9447,588aca26ed1bfc095abf2de16bf97b57,4838,105.0,3,1786599949012,2026-08-13T12:45:49.012
9448,588aca26ed1bfc095abf2de16bf97b57,4839,105.0,3,1786599950011,2026-08-13T12:45:50.011
9449,588aca26ed1bfc095abf2de16bf97b57,4840,104.0,3,1786599951012,2026-08-13T12:45:51.012
9450,588aca26ed1bfc095abf2de16bf97b57,4841,104.0,3,1786599952012,2026-08-13T12:45:52.012
9451,588aca26ed1bfc095abf2de16bf97b57,4842,103.0,3,1786599953013,2026-08-13T12:45:53.013
9452,588aca26ed1bfc095abf2de16bf97b57,4843,102.0,3,1786599954011,2026-08-13T12:45:54.011
9453,588aca26ed1bfc095abf2de16bf97b57,4844,101.0,3,1786599955012,2026-08-13T12:45:55.012
9454,588aca26ed1bfc095abf2de16bf97b57,4845,101.0,3,1786599956012,2026-08-13T12:45:56.012
9455,588aca26ed1bfc095abf2de16bf97b57,4846,100.0,3,1786599957012,2026-08-13T12:45:57.012
9456,588aca26ed1bfc095abf2de16bf97b57,4847,100.0,3,1786599958012,2026-08-13T12:45:58.012
9457,588aca26ed1bfc095abf2de16bf97b57,4848,99.0,3,1786599959012,2026-08-13T12:45:59.012
9458,588aca26ed1bfc095abf2de16bf97b57,4849,99.0,3,1786599960012,2026-08-13T12:46:00.012
9459,588aca26ed1bfc095abf2de16bf97b57,4850,98.0,3,1786599961012,2026-08-13T12:46:01.012
9460,588aca26ed1bfc095abf2de16bf97b57,4851,98.0,3,1786599962012,2026-08-13T12:46:02.012
9461,588aca26ed1bfc095abf2de16bf97b57,4852,98.0,3,1786599963012,2026-08-13T12:46:03.012
9462,588aca26ed1bfc095abf2de16bf97b57,4853,98.0,3,1786599964012,2026-08-13T12:46:04.012
9463,588aca26ed1bfc095abf2de16bf97b57,4854,98.0,3,1786599965012,2026-08-13T12:46:05.012
9464,588aca26ed1bfc095abf2de16bf97b57,4855,98.0,3,1786599966012,2026-08-13T12:46:06.012
9465,588aca26ed1bfc095abf2de16bf97b57,4856,98.0,3,1786599967012,2026-08-13T12:46:07.012
9466,588aca26ed1bfc095abf2de16bf97b57,4857,98.0,3,1786599968011,2026-08-13T12:46:08.011
9467,588aca26ed1bfc095abf2de16bf97b57,4858,98.0,3,1786599969012,2026-08-13T12:46:09.012
9468,588aca26ed1bfc095abf2de16bf97b57,4859,98.0,3,1786599970013,2026-08-13T12:46:10.013
9469,588aca26ed1bfc095abf2de16bf97b57,4860,98.0,3,1786599971013,2026-08-13T12:46:11.013
9470,588aca26ed1bfc095abf2de16bf97b57,4861,98.0,3,1786599972018,2026-08-13T12:46:12.018
9471,588aca26ed1bfc095abf2de16bf97b57,4862,98.0,3,1786599973020,2026-08-13T12:46:13.020
9472,588aca26ed1bfc095abf2de16bf97b57,4863,98.0,3,1786599974018,2026-08-13T12:46:14.018
9473,588aca26ed1bfc095abf2de16bf97b57,4864,98.0,3,1786599975018,2026-08-13T12:46:15.018
9474,588aca26ed1bfc095abf2de16bf97b57,4865,98.0,3,1786599976017,2026-08-13T12:46:16.017
9475,588aca26ed1bfc095abf2de16bf97b57,4866,98.0,3,1786599977016,2026-08-13T12:46:17.016
9476,588aca26ed1bfc095abf2de16bf97b57,4867,98.0,3,1786599978012,2026-08-13T12:46:18.012
9477,588aca26ed1bfc095abf2de16bf97b57,4868,98.0,3,1786599979024,2026-08-13T12:46:19.024
9478,588aca26ed1bfc095abf2de16bf97b57,4869,99.0,3,1786599980013,2026-08-13T12:46:20.013
9479,588aca26ed1bfc095abf2de16bf97b57,4870,100.0,3,1786599981012,2026-08-13T12:46:21.012
9480,588aca26ed1bfc095abf2de16bf97b57,4871,101.0,3,1786599982012,2026-08-13T12:46:22.012
9481,588aca26ed1bfc095abf2de16bf97b57,4872,102.0,3,1786599983012,2026-08-13T12:46:23.012
9482,588aca26ed1bfc095abf2de16bf97b57,4873,104.0,3,1786599984012,2026-08-13T12:46:24.012
9483,588aca26ed1bfc095abf2de16bf97b57,4874,105.0,3,1786599985012,2026-08-13T12:46:25.012
9484,588aca26ed1bfc095abf2de16bf97b57,4875,106.0,3,1786599986012,2026-08-13T12:46:26.012
9485,588aca26ed1bfc095abf2de16bf97b57,4876,106.0,3,1786599987012,2026-08-13T12:46:27.012
9486,588aca26ed1bfc095abf2de16bf97b57,4877,107.0,3,1786599988014,2026-08-13T12:46:28.014
9487,588aca26ed1bfc095abf2de16bf97b57,4878,107.0,3,1786599989012,2026-08-13T12:46:29.012
9488,588aca26ed1bfc095abf2de16bf97b57,4879,107.0,3,1786599990013,2026-08-13T12:46:30.013
9489,588aca26ed1bfc095abf2de16bf97b57,4880,107.0,3,1786599991011,2026-08-13T12:46:31.011
9490,588aca26ed1bfc095abf2de16bf97b57,4881,106.0,3,1786599992014,2026-08-13T12:46:32.014
9491,588aca26ed1bfc095abf2de16bf97b57,4882,105.0,3,1786599993012,2026-08-13T12:46:33.012
9492,588aca26ed1bfc095abf2de16bf97b57,4883,104.0,3,1786599994012,2026-08-13T12:46:34.012
9493,588aca26ed1bfc095abf2de16bf97b57,4884,104.0,3,1786599995012,2026-08-13T12:46:35.012
9494,588aca26ed1bfc095abf2de16bf97b57,4885,103.0,3,1786599996011,2026-08-13T12:46:36.011
9495,588aca26ed1bfc095abf2de16bf97b57,4886,102.0,3,1786599997011,2026-08-13T12:46:37.011
9496,588aca26ed1bfc095abf2de16bf97b57,4887,101.0,3,1786599998012,2026-08-13T12:46:38.012
9497,588aca26ed1bfc095abf2de16bf97b57,4888,100.0,3,1786599999011,2026-08-13T12:46:39.011
9498,588aca26ed1bfc095abf2de16bf97b57,4889,99.0,3,1786600000011,2026-08-13T12:46:40.011
9499,588aca26ed1bfc095abf2de16bf97b57,4890,99.0,3,1786600001011,2026-08-13T12:46:41.011
9500,588aca26ed1bfc095abf2de16bf97b57,4891,98.0,3,1786600002011,2026-08-13T12:46:42.011
9501,588aca26ed1bfc095abf2de16bf97b57,4892,97.0,3,1786600003012,2026-08-13T12:46:43.012
9502,588aca26ed1bfc095abf2de16bf97b57,4893,97.0,3,1786600004020,2026-08-13T12:46:44.020
9503,588aca26ed1bfc095abf2de16bf97b57,4894,97.0,3,1786600005021,2026-08-13T12:46:45.021
9504,588aca26ed1bfc095abf2de16bf97b57,4895,97.0,3,1786600006019,2026-08-13T12:46:46.019
9505,588aca26ed1bfc095abf2de16bf97b57,4896,97.0,3,1786600007015,2026-08-13T12:46:47.015
9506,588aca26ed1bfc095abf2de16bf97b57,4897,97.0,3,1786600008012,2026-08-13T12:46:48.012
9507,588aca26ed1bfc095abf2de16bf97b57,4898,97.0,3,1786600009015,2026-08-13T12:46:49.015
9508,588aca26ed1bfc095abf2de16bf97b57,4899,97.0,3,1786600010012,2026-08-13T12:46:50.012
9509,588aca26ed1bfc095abf2de16bf97b57,4900,97.0,3,1786600011014,2026-08-13T12:46:51.014
9510,588aca26ed1bfc095abf2de16bf97b57,4901,98.0,3,1786600012019,2026-08-13T12:46:52.019
9511,588aca26ed1bfc095abf2de16bf97b57,4902,98.0,3,1786600013012,2026-08-13T12:46:53.012
9512,588aca26ed1bfc095abf2de16bf97b57,4903,98.0,3,1786600014012,2026-08-13T12:46:54.012
9513,588aca26ed1bfc095abf2de16bf97b57,4904,98.0,3,1786600015012,2026-08-13T12:46:55.012
9514,588aca26ed1bfc095abf2de16bf97b57,4905,99.0,3,1786600016012,2026-08-13T12:46:56.012
9515,588aca26ed1bfc095abf2de16bf97b57,4906,99.0,3,1786600017012,2026-08-13T12:46:57.012
9516,588aca26ed1bfc095abf2de16bf97b57,4907,99.0,3,1786600018014,2026-08-13T12:46:58.014
9517,588aca26ed1bfc095abf2de16bf97b57,4908,100.0,3,1786600019013,2026-08-13T12:46:59.013
9518,588aca26ed1bfc095abf2de16bf97b57,4909,101.0,3,1786600020012,2026-08-13T12:47:00.012
9519,588aca26ed1bfc095abf2de16bf97b57,4910,101.0,3,1786600021012,2026-08-13T12:47:01.012
9520,588aca26ed1bfc095abf2de16bf97b57,4911,101.0,3,1786600022011,2026-08-13T12:47:02.011
9521,588aca26ed1bfc095abf2de16bf97b57,4912,101.0,3,1786600023012,2026-08-13T12:47:03.012
9522,588aca26ed1bfc095abf2de16bf97b57,4913,101.0,3,1786600024012,2026-08-13T12:47:04.012
9523,588aca26ed1bfc095abf2de16bf97b57,4914,101.0,3,1786600025012,2026-08-13T12:47:05.012
9524,588aca26ed1bfc095abf2de16bf97b57,4915,102.0,3,1786600026013,2026-08-13T12:47:06.013
9525,588aca26ed1bfc095abf2de16bf97b57,4916,103.0,3,1786600027012,2026-08-13T12:47:07.012
9526,588aca26ed1bfc095abf2de16bf97b57,4917,103.0,3,1786600028012,2026-08-13T12:47:08.012
9527,588aca26ed1bfc095abf2de16bf97b57,4918,103.0,3,1786600029012,2026-08-13T12:47:09.012
9528,588aca26ed1bfc095abf2de16bf97b57,4919,103.0,3,1786600030021,2026-08-13T12:47:10.021
9529,588aca26ed1bfc095abf2de16bf97b57,4920,102.0,3,1786600031017,2026-08-13T12:47:11.017
9530,588aca26ed1bfc095abf2de16bf97b57,4921,102.0,3,1786600032016,2026-08-13T12:47:12.016
9531,588aca26ed1bfc095abf2de16bf97b57,4922,101.0,3,1786600033012,2026-08-13T12:47:13.012
9532,588aca26ed1bfc095abf2de16bf97b57,4923,100.0,3,1786600034021,2026-08-13T12:47:14.021
9533,588aca26ed1bfc095abf2de16bf97b57,4924,99.0,3,1786600035012,2026-08-13T12:47:15.012
9534,588aca26ed1bfc095abf2de16bf97b57,4925,98.0,3,1786600036012,2026-08-13T12:47:16.012
9535,588aca26ed1bfc095abf2de16bf97b57,4926,97.0,3,1786600037012,2026-08-13T12:47:17.012
9536,588aca26ed1bfc095abf2de16bf97b57,4927,96.0,3,1786600038012,2026-08-13T12:47:18.012
9537,588aca26ed1bfc095abf2de16bf97b57,4928,96.0,3,1786600039011,2026-08-13T12:47:19.011
9538,588aca26ed1bfc095abf2de16bf97b57,4929,95.0,3,1786600040012,2026-08-13T12:47:20.012
9539,588aca26ed1bfc095abf2de16bf97b57,4930,95.0,3,1786600041012,2026-08-13T12:47:21.012
9540,588aca26ed1bfc095abf2de16bf97b57,4931,94.0,3,1786600042012,2026-08-13T12:47:22.012
9541,588aca26ed1bfc095abf2de16bf97b57,4932,94.0,3,1786600043012,2026-08-13T12:47:23.012
9542,588aca26ed1bfc095abf2de16bf97b57,4933,94.0,3,1786600044012,2026-08-13T12:47:24.012
9543,588aca26ed1bfc095abf2de16bf97b57,4934,94.0,3,1786600045012,2026-08-13T12:47:25.012
9544,588aca26ed1bfc095abf2de16bf97b57,4935,95.0,3,1786600046012,2026-08-13T12:47:26.012
9545,588aca26ed1bfc095abf2de16bf97b57,4936,96.0,3,1786600047013,2026-08-13T12:47:27.013
9546,588aca26ed1bfc095abf2de16bf97b57,4937,97.0,3,1786600048012,2026-08-13T12:47:28.012
9547,588aca26ed1bfc095abf2de16bf97b57,4938,98.0,3,1786600049012,2026-08-13T12:47:29.012
9548,588aca26ed1bfc095abf2de16bf97b57,4939,99.0,3,1786600050012,2026-08-13T12:47:30.012
9549,588aca26ed1bfc095abf2de16bf97b57,4940,101.0,3,1786600051012,2026-08-13T12:47:31.012
9550,588aca26ed1bfc095abf2de16bf97b57,4941,101.0,3,1786600052011,2026-08-13T12:47:32.011
9551,588aca26ed1bfc095abf2de16bf97b57,4942,102.0,3,1786600053021,2026-08-13T12:47:33.021
9552,588aca26ed1bfc095abf2de16bf97b57,4943,102.0,3,1786600054021,2026-08-13T12:47:34.021
9553,588aca26ed1bfc095abf2de16bf97b57,4944,102.0,3,1786600055020,2026-08-13T12:47:35.020
9554,588aca26ed1bfc095abf2de16bf97b57,4945,102.0,3,1786600056018,2026-08-13T12:47:36.018
9555,588aca26ed1bfc095abf2de16bf97b57,4946,101.0,3,1786600057019,2026-08-13T12:47:37.019
9556,588aca26ed1bfc095abf2de16bf97b57,4947,101.0,3,1786600058016,2026-08-13T12:47:38.016
9557,588aca26ed1bfc095abf2de16bf97b57,4948,101.0,3,1786600059012,2026-08-13T12:47:39.012
9558,588aca26ed1bfc095abf2de16bf97b57,4949,100.0,3,1786600060015,2026-08-13T12:47:40.015
9559,588aca26ed1bfc095abf2de16bf97b57,4950,100.0,3,1786600061012,2026-08-13T12:47:41.012
9560,588aca26ed1bfc095abf2de16bf97b57,4951,99.0,3,1786600062012,2026-08-13T12:47:42.012
9561,588aca26ed1bfc095abf2de16bf97b57,4952,99.0,3,1786600063012,2026-08-13T12:47:43.012
9562,588aca26ed1bfc095abf2de16bf97b57,4953,99.0,3,1786600064012,2026-08-13T12:47:44.012
9563,588aca26ed1bfc095abf2de16bf97b57,4954,100.0,3,1786600065012,2026-08-13T12:47:45.012
9564,588aca26ed1bfc095abf2de16bf97b57,4955,100.0,3,1786600066012,2026-08-13T12:47:46.012
9565,588aca26ed1bfc095abf2de16bf97b57,4956,100.0,3,1786600067012,2026-08-13T12:47:47.012
9566,588aca26ed1bfc095abf2de16bf97b57,4957,100.0,3,1786600068013,2026-08-13T12:47:48.013
9567,588aca26ed1bfc095abf2de16bf97b57,4958,100.0,3,1786600069012,2026-08-13T12:47:49.012
9568,588aca26ed1bfc095abf2de16bf97b57,4959,100.0,3,1786600070012,2026-08-13T12:47:50.012
9569,588aca26ed1bfc095abf2de16bf97b57,4960,100.0,3,1786600071012,2026-08-13T12:47:51.012
9570,588aca26ed1bfc095abf2de16bf97b57,4961,100.0,3,1786600072012,2026-08-13T12:47:52.012
9571,588aca26ed1bfc095abf2de16bf97b57,4962,100.0,3,1786600073013,2026-08-13T12:47:53.013
9572,588aca26ed1bfc095abf2de16bf97b57,4963,100.0,3,1786600074014,2026-08-13T12:47:54.014
9573,588aca26ed1bfc095abf2de16bf97b57,4964,100.0,3,1786600075013,2026-08-13T12:47:55.013
9574,588aca26ed1bfc095abf2de16bf97b57,4965,100.0,3,1786600076012,2026-08-13T12:47:56.012
9575,588aca26ed1bfc095abf2de16bf97b57,4966,100.0,3,1786600077012,2026-08-13T12:47:57.012
9576,588aca26ed1bfc095abf2de16bf97b57,4967,99.0,3,1786600078013,2026-08-13T12:47:58.013
9577,588aca26ed1bfc095abf2de16bf97b57,4968,99.0,3,1786600079013,2026-08-13T12:47:59.013
9578,588aca26ed1bfc095abf2de16bf97b57,4969,98.0,3,1786600080013,2026-08-13T12:48:00.013
9579,588aca26ed1bfc095abf2de16bf97b57,4970,98.0,3,1786600081012,2026-08-13T12:48:01.012
9580,588aca26ed1bfc095abf2de16bf97b57,4971,98.0,3,1786600082011,2026-08-13T12:48:02.011
9581,588aca26ed1bfc095abf2de16bf97b57,4972,98.0,3,1786600083012,2026-08-13T12:48:03.012
9582,588aca26ed1bfc095abf2de16bf97b57,4973,99.0,3,1786600084012,2026-08-13T12:48:04.012
9583,588aca26ed1bfc095abf2de16bf97b57,4974,99.0,3,1786600085012,2026-08-13T12:48:05.012
9584,588aca26ed1bfc095abf2de16bf97b57,4975,99.0,3,1786600086012,2026-08-13T12:48:06.012
9585,588aca26ed1bfc095abf2de16bf97b57,4976,99.0,3,1786600087012,2026-08-13T12:48:07.012
9586,588aca26ed1bfc095abf2de16bf97b57,4977,99.0,3,1786600088012,2026-08-13T12:48:08.012
9587,588aca26ed1bfc095abf2de16bf97b57,4978,99.0,3,1786600089012,2026-08-13T12:48:09.012
9588,588aca26ed1bfc095abf2de16bf97b57,4979,99.0,3,1786600090012,2026-08-13T12:48:10.012
9589,588aca26ed1bfc095abf2de16bf97b57,4980,99.0,3,1786600091012,2026-08-13T12:48:11.012
9590,588aca26ed1bfc095abf2de16bf97b57,4981,99.0,3,1786600092012,2026-08-13T12:48:12.012
9591,588aca26ed1bfc095abf2de16bf97b57,4982,98.0,3,1786600093012,2026-08-13T12:48:13.012
9592,588aca26ed1bfc095abf2de16bf97b57,4983,98.0,3,1786600094012,2026-08-13T12:48:14.012
9593,588aca26ed1bfc095abf2de16bf97b57,4984,98.0,3,1786600095012,2026-08-13T12:48:15.012
9594,588aca26ed1bfc095abf2de16bf97b57,4985,98.0,3,1786600096012,2026-08-13T12:48:16.012
9595,588aca26ed1bfc095abf2de16bf97b57,4986,98.0,3,1786600097012,2026-08-13T12:48:17.012
9596,588aca26ed1bfc095abf2de16bf97b57,4987,98.0,3,1786600098012,2026-08-13T12:48:18.012
9597,588aca26ed1bfc095abf2de16bf97b57,4988,98.0,3,1786600099012,2026-08-13T12:48:19.012
9598,588aca26ed1bfc095abf2de16bf97b57,4989,97.0,3,1786600100012,2026-08-13T12:48:20.012
9599,588aca26ed1bfc095abf2de16bf97b57,4990,97.0,3,1786600101012,2026-08-13T12:48:21.012
9600,588aca26ed1bfc095abf2de16bf97b57,4991,97.0,3,1786600102012,2026-08-13T12:48:22.012
9601,588aca26ed1bfc095abf2de16bf97b57,4992,97.0,3,1786600103012,2026-08-13T12:48:23.012
9602,588aca26ed1bfc095abf2de16bf97b57,4993,97.0,3,1786600104012,2026-08-13T12:48:24.012
9603,588aca26ed1bfc095abf2de16bf97b57,4994,97.0,3,1786600105013,2026-08-13T12:48:25.013
9604,588aca26ed1bfc095abf2de16bf97b57,4995,97.0,3,1786600106021,2026-08-13T12:48:26.021
9605,588aca26ed1bfc095abf2de16bf97b57,4996,98.0,3,1786600107020,2026-08-13T12:48:27.020
9606,588aca26ed1bfc095abf2de16bf97b57,4997,98.0,3,1786600108020,2026-08-13T12:48:28.020
9607,588aca26ed1bfc095abf2de16bf97b57,4998,99.0,3,1786600109019,2026-08-13T12:48:29.019
9608,588aca26ed1bfc095abf2de16bf97b57,4999,99.0,3,1786600110019,2026-08-13T12:48:30.019
9609,588aca26ed1bfc095abf2de16bf97b57,5000,99.0,3,1786600111018,2026-08-13T12:48:31.018
9610,588aca26ed1bfc095abf2de16bf97b57,5001,100.0,3,1786600112017,2026-08-13T12:48:32.017
9611,588aca26ed1bfc095abf2de16bf97b57,5002,100.0,3,1786600113014,2026-08-13T12:48:33.014
9612,588aca26ed1bfc095abf2de16bf97b57,5003,100.0,3,1786600114012,2026-08-13T12:48:34.012
9613,588aca26ed1bfc095abf2de16bf97b57,5004,99.0,3,1786600115012,2026-08-13T12:48:35.012
9614,588aca26ed1bfc095abf2de16bf97b57,5005,99.0,3,1786600116012,2026-08-13T12:48:36.012
9615,588aca26ed1bfc095abf2de16bf97b57,5006,99.0,3,1786600117012,2026-08-13T12:48:37.012
9616,588aca26ed1bfc095abf2de16bf97b57,5007,99.0,3,1786600118012,2026-08-13T12:48:38.012
9617,588aca26ed1bfc095abf2de16bf97b57,5008,99.0,3,1786600119012,2026-08-13T12:48:39.012
9618,588aca26ed1bfc095abf2de16bf97b57,5009,99.0,3,1786600120012,2026-08-13T12:48:40.012
9619,588aca26ed1bfc095abf2de16bf97b57,5010,99.0,3,1786600121012,2026-08-13T12:48:41.012
9620,588aca26ed1bfc095abf2de16bf97b57,5011,99.0,3,1786600122014,2026-08-13T12:48:42.014
9621,588aca26ed1bfc095abf2de16bf97b57,5012,98.0,3,1786600123013,2026-08-13T12:48:43.013
9622,588aca26ed1bfc095abf2de16bf97b57,5013,98.0,3,1786600124013,2026-08-13T12:48:44.013
9623,588aca26ed1bfc095abf2de16bf97b57,5014,98.0,3,1786600125013,2026-08-13T12:48:45.013
9624,588aca26ed1bfc095abf2de16bf97b57,5015,99.0,3,1786600126012,2026-08-13T12:48:46.012
9625,588aca26ed1bfc095abf2de16bf97b57,5016,100.0,3,1786600127012,2026-08-13T12:48:47.012
9626,588aca26ed1bfc095abf2de16bf97b57,5017,100.0,3,1786600128012,2026-08-13T12:48:48.012
9627,588aca26ed1bfc095abf2de16bf97b57,5018,101.0,3,1786600129012,2026-08-13T12:48:49.012
9628,588aca26ed1bfc095abf2de16bf97b57,5019,101.0,3,1786600130012,2026-08-13T12:48:50.012
9629,588aca26ed1bfc095abf2de16bf97b57,5020,101.0,3,1786600131012,2026-08-13T12:48:51.012
9630,588aca26ed1bfc095abf2de16bf97b57,5021,102.0,3,1786600132012,2026-08-13T12:48:52.012
9631,588aca26ed1bfc095abf2de16bf97b57,5022,102.0,3,1786600133012,2026-08-13T12:48:53.012
9632,588aca26ed1bfc095abf2de16bf97b57,5023,102.0,3,1786600134012,2026-08-13T12:48:54.012
9633,588aca26ed1bfc095abf2de16bf97b57,5024,102.0,3,1786600135012,2026-08-13T12:48:55.012
9634,588aca26ed1bfc095abf2de16bf97b57,5025,102.0,3,1786600136013,2026-08-13T12:48:56.013
9635,588aca26ed1bfc095abf2de16bf97b57,5026,102.0,3,1786600137011,2026-08-13T12:48:57.011
9636,588aca26ed1bfc095abf2de16bf97b57,5027,102.0,3,1786600138012,2026-08-13T12:48:58.012
9637,588aca26ed1bfc095abf2de16bf97b57,5028,101.0,3,1786600139012,2026-08-13T12:48:59.012
9638,588aca26ed1bfc095abf2de16bf97b57,5029,101.0,3,1786600140012,2026-08-13T12:49:00.012
9639,588aca26ed1bfc095abf2de16bf97b57,5030,100.0,3,1786600141013,2026-08-13T12:49:01.013
9640,588aca26ed1bfc095abf2de16bf97b57,5031,100.0,3,1786600142012,2026-08-13T12:49:02.012
9641,588aca26ed1bfc095abf2de16bf97b57,5032,100.0,3,1786600143012,2026-08-13T12:49:03.012
9642,588aca26ed1bfc095abf2de16bf97b57,5033,100.0,3,1786600144012,2026-08-13T12:49:04.012
9643,588aca26ed1bfc095abf2de16bf97b57,5034,100.0,3,1786600145012,2026-08-13T12:49:05.012
9644,588aca26ed1bfc095abf2de16bf97b57,5035,100.0,3,1786600146012,2026-08-13T12:49:06.012
9645,588aca26ed1bfc095abf2de16bf97b57,5036,100.0,3,1786600147012,2026-08-13T12:49:07.012
9646,588aca26ed1bfc095abf2de16bf97b57,5037,100.0,3,1786600148011,2026-08-13T12:49:08.011
9647,588aca26ed1bfc095abf2de16bf97b57,5038,100.0,3,1786600149012,2026-08-13T12:49:09.012
