id,device_id,bpm,accuracy,time_ms,time_iso,synced,fresh
3781,588aca26ed1bfc095abf2de16bf97b57,87.0,3,1786598890603,2026-08-13T12:28:10.603,1,1
3782,588aca26ed1bfc095abf2de16bf97b57,87.0,-1,1786598891607,2026-08-13T12:28:11.607,1,0
3783,588aca26ed1bfc095abf2de16bf97b57,87.0,-1,1786598892608,2026-08-13T12:28:12.608,1,0
3784,588aca26ed1bfc095abf2de16bf97b57,87.0,-1,1786598893605,2026-08-13T12:28:13.605,1,0
3785,588aca26ed1bfc095abf2de16bf97b57,105.0,3,1786598894604,2026-08-13T12:28:14.604,1,1
3786,588aca26ed1bfc095abf2de16bf97b57,106.0,3,1786598895604,2026-08-13T12:28:15.604,1,1
3787,588aca26ed1bfc095abf2de16bf97b57,105.0,3,1786598896604,2026-08-13T12:28:16.604,1,1
3788,588aca26ed1bfc095abf2de16bf97b57,104.0,3,1786598897604,2026-08-13T12:28:17.604,1,1
3789,588aca26ed1bfc095abf2de16bf97b57,103.0,3,1786598898604,2026-08-13T12:28:18.604,1,1
3790,588aca26ed1bfc095abf2de16bf97b57,101.0,3,1786598899604,2026-08-13T12:28:19.604,1,1
3791,588aca26ed1bfc095abf2de16bf97b57,101.0,3,1786598900604,2026-08-13T12:28:20.604,1,1
3792,588aca26ed1bfc095abf2de16bf97b57,101.0,3,1786598901604,2026-08-13T12:28:21.604,1,1
3793,588aca26ed1bfc095abf2de16bf97b57,102.0,3,1786598902604,2026-08-13T12:28:22.604,1,1
3794,588aca26ed1bfc095abf2de16bf97b57,102.0,3,1786598903605,2026-08-13T12:28:23.605,1,1
3795,588aca26ed1bfc095abf2de16bf97b57,102.0,3,1786598904605,2026-08-13T12:28:24.605,1,1
3796,588aca26ed1bfc095abf2de16bf97b57,101.0,3,1786598905605,2026-08-13T12:28:25.605,1,1
3797,588aca26ed1bfc095abf2de16bf97b57,101.0,3,1786598906604,2026-08-13T12:28:26.604,1,1
3798,588aca26ed1bfc095abf2de16bf97b57,100.0,3,1786598907604,2026-08-13T12:28:27.604,1,1
3799,588aca26ed1bfc095abf2de16bf97b57,99.0,3,1786598908603,2026-08-13T12:28:28.603,1,1
3800,588aca26ed1bfc095abf2de16bf97b57,99.0,3,1786598909604,2026-08-13T12:28:29.604,1,1
3801,588aca26ed1bfc095abf2de16bf97b57,99.0,3,1786598910604,2026-08-13T12:28:30.604,1,1
3802,588aca26ed1bfc095abf2de16bf97b57,98.0,3,1786598911604,2026-08-13T12:28:31.604,1,1
3803,588aca26ed1bfc095abf2de16bf97b57,98.0,3,1786598912605,2026-08-13T12:28:32.605,1,1
3804,588aca26ed1bfc095abf2de16bf97b57,98.0,3,1786598913604,2026-08-13T12:28:33.604,1,1
3805,588aca26ed1bfc095abf2de16bf97b57,98.0,3,1786598914604,2026-08-13T12:28:34.604,1,1
3806,588aca26ed1bfc095abf2de16bf97b57,98.0,3,1786598915604,2026-08-13T12:28:35.604,1,1
3807,588aca26ed1bfc095abf2de16bf97b57,98.0,3,1786598916604,2026-08-13T12:28:36.604,1,1
3808,588aca26ed1bfc095abf2de16bf97b57,99.0,3,1786598917604,2026-08-13T12:28:37.604,1,1
3809,588aca26ed1bfc095abf2de16bf97b57,100.0,3,1786598918604,2026-08-13T12:28:38.604,1,1
3810,588aca26ed1bfc095abf2de16bf97b57,100.0,3,1786598919604,2026-08-13T12:28:39.604,1,1
3811,588aca26ed1bfc095abf2de16bf97b57,100.0,3,1786598920604,2026-08-13T12:28:40.604,1,1
3812,588aca26ed1bfc095abf2de16bf97b57,100.0,3,1786598921604,2026-08-13T12:28:41.604,1,1
3813,588aca26ed1bfc095abf2de16bf97b57,100.0,3,1786598922604,2026-08-13T12:28:42.604,1,1
3814,588aca26ed1bfc095abf2de16bf97b57,99.0,3,1786598923614,2026-08-13T12:28:43.614,1,1
3815,588aca26ed1bfc095abf2de16bf97b57,99.0,3,1786598924609,2026-08-13T12:28:44.609,1,1
3816,588aca26ed1bfc095abf2de16bf97b57,98.0,3,1786598925615,2026-08-13T12:28:45.615,1,1
3817,588aca26ed1bfc095abf2de16bf97b57,97.0,3,1786598926612,2026-08-13T12:28:46.612,1,1
3818,588aca26ed1bfc095abf2de16bf97b57,97.0,3,1786598927608,2026-08-13T12:28:47.608,1,1
3819,588aca26ed1bfc095abf2de16bf97b57,97.0,3,1786598928609,2026-08-13T12:28:48.609,1,1
3820,588aca26ed1bfc095abf2de16bf97b57,96.0,3,1786598929609,2026-08-13T12:28:49.609,1,1
3821,588aca26ed1bfc095abf2de16bf97b57,96.0,3,1786598930608,2026-08-13T12:28:50.608,1,1
3822,588aca26ed1bfc095abf2de16bf97b57,96.0,3,1786598931607,2026-08-13T12:28:51.607,1,1
3823,588aca26ed1bfc095abf2de16bf97b57,97.0,3,1786598932605,2026-08-13T12:28:52.605,1,1
3824,588aca26ed1bfc095abf2de16bf97b57,98.0,3,1786598933605,2026-08-13T12:28:53.605,1,1
3825,588aca26ed1bfc095abf2de16bf97b57,98.0,3,1786598934605,2026-08-13T12:28:54.605,1,1
3826,588aca26ed1bfc095abf2de16bf97b57,98.0,3,1786598935604,2026-08-13T12:28:55.604,1,1
3827,588aca26ed1bfc095abf2de16bf97b57,97.0,3,1786598936604,2026-08-13T12:28:56.604,1,1
3828,588aca26ed1bfc095abf2de16bf97b57,97.0,3,1786598937604,2026-08-13T12:28:57.604,1,1
3829,588aca26ed1bfc095abf2de16bf97b57,96.0,3,1786598938604,2026-08-13T12:28:58.604,1,1
3830,588aca26ed1bfc095abf2de16bf97b57,96.0,3,1786598939604,2026-08-13T12:28:59.604,1,1
3831,588aca26ed1bfc095abf2de16bf97b57,95.0,3,1786598940603,2026-08-13T12:29:00.603,1,1
3832,588aca26ed1bfc095abf2de16bf97b57,94.0,3,1786598941604,2026-08-13T12:29:01.604,1,1
3833,588aca26ed1bfc095abf2de16bf97b57,94.0,3,1786598942605,2026-08-13T12:29:02.605,1,1
3834,588aca26ed1bfc095abf2de16bf97b57,93.0,3,1786598943605,2026-08-13T12:29:03.605,1,1
3835,588aca26ed1bfc095abf2de16bf97b57,92.0,3,1786598944604,2026-08-13T12:29:04.604,1,1
3836,588aca26ed1bfc095abf2de16bf97b57,93.0,3,1786598945605,2026-08-13T12:29:05.605,1,1
3837,588aca26ed1bfc095abf2de16bf97b57,93.0,3,1786598946604,2026-08-13T12:29:06.604,1,1
3838,588aca26ed1bfc095abf2de16bf97b57,94.0,3,1786598947604,2026-08-13T12:29:07.604,1,1
3839,588aca26ed1bfc095abf2de16bf97b57,94.0,3,1786598948604,2026-08-13T12:29:08.604,1,1
3840,588aca26ed1bfc095abf2de16bf97b57,95.0,3,1786598949603,2026-08-13T12:29:09.603,1,1
3841,588aca26ed1bfc095abf2de16bf97b57,96.0,3,1786598950604,2026-08-13T12:29:10.604,1,1
3842,588aca26ed1bfc095abf2de16bf97b57,96.0,3,1786598951604,2026-08-13T12:29:11.604,1,1
3843,588aca26ed1bfc095abf2de16bf97b57,96.0,3,1786598952604,2026-08-13T12:29:12.604,1,1
3844,588aca26ed1bfc095abf2de16bf97b57,96.0,3,1786598953605,2026-08-13T12:29:13.605,1,1
3845,588aca26ed1bfc095abf2de16bf97b57,96.0,3,1786598954605,2026-08-13T12:29:14.605,1,1
3846,588aca26ed1bfc095abf2de16bf97b57,96.0,3,1786598955604,2026-08-13T12:29:15.604,1,1
3847,588aca26ed1bfc095abf2de16bf97b57,96.0,3,1786598956604,2026-08-13T12:29:16.604,1,1
3848,588aca26ed1bfc095abf2de16bf97b57,96.0,3,1786598957604,2026-08-13T12:29:17.604,1,1
3849,588aca26ed1bfc095abf2de16bf97b57,95.0,3,1786598958605,2026-08-13T12:29:18.605,1,1
3850,588aca26ed1bfc095abf2de16bf97b57,95.0,3,1786598959612,2026-08-13T12:29:19.612,1,1
3851,588aca26ed1bfc095abf2de16bf97b57,95.0,3,1786598960611,2026-08-13T12:29:20.611,1,1
3852,588aca26ed1bfc095abf2de16bf97b57,94.0,3,1786598961611,2026-08-13T12:29:21.611,1,1
3853,588aca26ed1bfc095abf2de16bf97b57,93.0,3,1786598962609,2026-08-13T12:29:22.609,1,1
3854,588aca26ed1bfc095abf2de16bf97b57,93.0,3,1786598963609,2026-08-13T12:29:23.609,1,1
3855,588aca26ed1bfc095abf2de16bf97b57,93.0,3,1786598964608,2026-08-13T12:29:24.608,1,1
3856,588aca26ed1bfc095abf2de16bf97b57,93.0,3,1786598965605,2026-08-13T12:29:25.605,1,1
3857,588aca26ed1bfc095abf2de16bf97b57,93.0,3,1786598966605,2026-08-13T12:29:26.605,1,1
3858,588aca26ed1bfc095abf2de16bf97b57,94.0,3,1786598967604,2026-08-13T12:29:27.604,1,1
3859,588aca26ed1bfc095abf2de16bf97b57,94.0,3,1786598968604,2026-08-13T12:29:28.604,1,1
3860,588aca26ed1bfc095abf2de16bf97b57,93.0,3,1786598969605,2026-08-13T12:29:29.605,1,1
3861,588aca26ed1bfc095abf2de16bf97b57,94.0,3,1786598970604,2026-08-13T12:29:30.604,1,1
3862,588aca26ed1bfc095abf2de16bf97b57,94.0,3,1786598971605,2026-08-13T12:29:31.605,1,1
3863,588aca26ed1bfc095abf2de16bf97b57,94.0,3,1786598972605,2026-08-13T12:29:32.605,1,1
3864,588aca26ed1bfc095abf2de16bf97b57,95.0,3,1786598973605,2026-08-13T12:29:33.605,1,1
3865,588aca26ed1bfc095abf2de16bf97b57,95.0,3,1786598974604,2026-08-13T12:29:34.604,1,1
3866,588aca26ed1bfc095abf2de16bf97b57,95.0,3,1786598975604,2026-08-13T12:29:35.604,1,1
3867,588aca26ed1bfc095abf2de16bf97b57,96.0,3,1786598976604,2026-08-13T12:29:36.604,1,1
3868,588aca26ed1bfc095abf2de16bf97b57,96.0,3,1786598977604,2026-08-13T12:29:37.604,1,1
3869,588aca26ed1bfc095abf2de16bf97b57,97.0,3,1786598978604,2026-08-13T12:29:38.604,1,1
3870,588aca26ed1bfc095abf2de16bf97b57,97.0,3,1786598979604,2026-08-13T12:29:39.604,1,1
3871,588aca26ed1bfc095abf2de16bf97b57,97.0,3,1786598980603,2026-08-13T12:29:40.603,1,1
3872,588aca26ed1bfc095abf2de16bf97b57,96.0,3,1786598981604,2026-08-13T12:29:41.604,1,1
3873,588aca26ed1bfc095abf2de16bf97b57,95.0,3,1786598982604,2026-08-13T12:29:42.604,1,1
3874,588aca26ed1bfc095abf2de16bf97b57,96.0,3,1786598983604,2026-08-13T12:29:43.604,1,1
3875,588aca26ed1bfc095abf2de16bf97b57,97.0,3,1786598984604,2026-08-13T12:29:44.604,1,1
3876,588aca26ed1bfc095abf2de16bf97b57,97.0,3,1786598985604,2026-08-13T12:29:45.604,1,1
3877,588aca26ed1bfc095abf2de16bf97b57,96.0,3,1786598986604,2026-08-13T12:29:46.604,1,1
3878,588aca26ed1bfc095abf2de16bf97b57,96.0,3,1786598987604,2026-08-13T12:29:47.604,1,1
3879,588aca26ed1bfc095abf2de16bf97b57,98.0,3,1786598988604,2026-08-13T12:29:48.604,1,1
3880,588aca26ed1bfc095abf2de16bf97b57,98.0,3,1786598989604,2026-08-13T12:29:49.604,1,1
3881,588aca26ed1bfc095abf2de16bf97b57,97.0,3,1786598990604,2026-08-13T12:29:50.604,1,1
3882,588aca26ed1bfc095abf2de16bf97b57,97.0,3,1786598991604,2026-08-13T12:29:51.604,1,1
3883,588aca26ed1bfc095abf2de16bf97b57,97.0,3,1786598992604,2026-08-13T12:29:52.604,1,1
3884,588aca26ed1bfc095abf2de16bf97b57,96.0,3,1786598993604,2026-08-13T12:29:53.604,1,1
3885,588aca26ed1bfc095abf2de16bf97b57,96.0,3,1786598994604,2026-08-13T12:29:54.604,1,1
3886,588aca26ed1bfc095abf2de16bf97b57,96.0,3,1786598995604,2026-08-13T12:29:55.604,1,1
3887,588aca26ed1bfc095abf2de16bf97b57,95.0,3,1786598996604,2026-08-13T12:29:56.604,1,1
3888,588aca26ed1bfc095abf2de16bf97b57,95.0,3,1786598997604,2026-08-13T12:29:57.604,1,1
3889,588aca26ed1bfc095abf2de16bf97b57,95.0,3,1786598998604,2026-08-13T12:29:58.604,1,1
3890,588aca26ed1bfc095abf2de16bf97b57,94.0,3,1786598999603,2026-08-13T12:29:59.603,1,1
3891,588aca26ed1bfc095abf2de16bf97b57,94.0,3,1786599000604,2026-08-13T12:30:00.604,1,1
3892,588aca26ed1bfc095abf2de16bf97b57,93.0,3,1786599001604,2026-08-13T12:30:01.604,1,1
3893,588aca26ed1bfc095abf2de16bf97b57,94.0,3,1786599002604,2026-08-13T12:30:02.604,1,1
3894,588aca26ed1bfc095abf2de16bf97b57,93.0,3,1786599003608,2026-08-13T12:30:03.608,1,1
3895,588aca26ed1bfc095abf2de16bf97b57,92.0,3,1786599004603,2026-08-13T12:30:04.603,1,1
3896,588aca26ed1bfc095abf2de16bf97b57,91.0,3,1786599005604,2026-08-13T12:30:05.604,1,1
3897,588aca26ed1bfc095abf2de16bf97b57,90.0,3,1786599006604,2026-08-13T12:30:06.604,1,1
3898,588aca26ed1bfc095abf2de16bf97b57,89.0,3,1786599007604,2026-08-13T12:30:07.604,1,1
3899,588aca26ed1bfc095abf2de16bf97b57,89.0,3,1786599008604,2026-08-13T12:30:08.604,1,1
3900,588aca26ed1bfc095abf2de16bf97b57,90.0,3,1786599009604,2026-08-13T12:30:09.604,1,1
3901,588aca26ed1bfc095abf2de16bf97b57,90.0,3,1786599010604,2026-08-13T12:30:10.604,1,1
3902,588aca26ed1bfc095abf2de16bf97b57,90.0,3,1786599011604,2026-08-13T12:30:11.604,1,1
3903,588aca26ed1bfc095abf2de16bf97b57,90.0,3,1786599012604,2026-08-13T12:30:12.604,1,1
3904,588aca26ed1bfc095abf2de16bf97b57,90.0,3,1786599013604,2026-08-13T12:30:13.604,1,1
3905,588aca26ed1bfc095abf2de16bf97b57,89.0,3,1786599014604,2026-08-13T12:30:14.604,1,1
3906,588aca26ed1bfc095abf2de16bf97b57,89.0,3,1786599015604,2026-08-13T12:30:15.604,1,1
3907,588aca26ed1bfc095abf2de16bf97b57,89.0,3,1786599016604,2026-08-13T12:30:16.604,1,1
3908,588aca26ed1bfc095abf2de16bf97b57,89.0,3,1786599017605,2026-08-13T12:30:17.605,1,1
3909,588aca26ed1bfc095abf2de16bf97b57,89.0,3,1786599018604,2026-08-13T12:30:18.604,1,1
3910,588aca26ed1bfc095abf2de16bf97b57,90.0,3,1786599019605,2026-08-13T12:30:19.605,1,1
3911,588aca26ed1bfc095abf2de16bf97b57,90.0,3,1786599020604,2026-08-13T12:30:20.604,1,1
3912,588aca26ed1bfc095abf2de16bf97b57,90.0,3,1786599021604,2026-08-13T12:30:21.604,1,1
3913,588aca26ed1bfc095abf2de16bf97b57,90.0,3,1786599022605,2026-08-13T12:30:22.605,1,1
3914,588aca26ed1bfc095abf2de16bf97b57,90.0,3,1786599023605,2026-08-13T12:30:23.605,1,1
3915,588aca26ed1bfc095abf2de16bf97b57,90.0,3,1786599024604,2026-08-13T12:30:24.604,1,1
3916,588aca26ed1bfc095abf2de16bf97b57,90.0,3,1786599025605,2026-08-13T12:30:25.605,1,1
3917,588aca26ed1bfc095abf2de16bf97b57,89.0,3,1786599026604,2026-08-13T12:30:26.604,1,1
3918,588aca26ed1bfc095abf2de16bf97b57,90.0,3,1786599027603,2026-08-13T12:30:27.603,1,1
3919,588aca26ed1bfc095abf2de16bf97b57,91.0,3,1786599028604,2026-08-13T12:30:28.604,1,1
3920,588aca26ed1bfc095abf2de16bf97b57,90.0,3,1786599029604,2026-08-13T12:30:29.604,1,1
3921,588aca26ed1bfc095abf2de16bf97b57,91.0,3,1786599030603,2026-08-13T12:30:30.603,1,1
3922,588aca26ed1bfc095abf2de16bf97b57,91.0,3,1786599031604,2026-08-13T12:30:31.604,1,1
3923,588aca26ed1bfc095abf2de16bf97b57,91.0,3,1786599032604,2026-08-13T12:30:32.604,1,1
3924,588aca26ed1bfc095abf2de16bf97b57,92.0,3,1786599033604,2026-08-13T12:30:33.604,1,1
3925,588aca26ed1bfc095abf2de16bf97b57,92.0,3,1786599034604,2026-08-13T12:30:34.604,1,1
3926,588aca26ed1bfc095abf2de16bf97b57,93.0,3,1786599035604,2026-08-13T12:30:35.604,1,1
3927,588aca26ed1bfc095abf2de16bf97b57,93.0,3,1786599036604,2026-08-13T12:30:36.604,1,1
3928,588aca26ed1bfc095abf2de16bf97b57,93.0,3,1786599037604,2026-08-13T12:30:37.604,1,1
3929,588aca26ed1bfc095abf2de16bf97b57,93.0,3,1786599038604,2026-08-13T12:30:38.604,1,1
3930,588aca26ed1bfc095abf2de16bf97b57,93.0,3,1786599039605,2026-08-13T12:30:39.605,1,1
3931,588aca26ed1bfc095abf2de16bf97b57,93.0,3,1786599040604,2026-08-13T12:30:40.604,1,1
3932,588aca26ed1bfc095abf2de16bf97b57,93.0,3,1786599041611,2026-08-13T12:30:41.611,1,1
3933,588aca26ed1bfc095abf2de16bf97b57,93.0,3,1786599042612,2026-08-13T12:30:42.612,1,1
3934,588aca26ed1bfc095abf2de16bf97b57,94.0,3,1786599043607,2026-08-13T12:30:43.607,1,1
3935,588aca26ed1bfc095abf2de16bf97b57,94.0,3,1786599044611,2026-08-13T12:30:44.611,1,1
3936,588aca26ed1bfc095abf2de16bf97b57,94.0,3,1786599045610,2026-08-13T12:30:45.610,1,1
3937,588aca26ed1bfc095abf2de16bf97b57,94.0,3,1786599046608,2026-08-13T12:30:46.608,1,1
3938,588aca26ed1bfc095abf2de16bf97b57,94.0,3,1786599047609,2026-08-13T12:30:47.609,1,1
3939,588aca26ed1bfc095abf2de16bf97b57,93.0,3,1786599048609,2026-08-13T12:30:48.609,1,1
3940,588aca26ed1bfc095abf2de16bf97b57,93.0,3,1786599049607,2026-08-13T12:30:49.607,1,1
3941,588aca26ed1bfc095abf2de16bf97b57,93.0,3,1786599050607,2026-08-13T12:30:50.607,1,1
3942,588aca26ed1bfc095abf2de16bf97b57,93.0,3,1786599051605,2026-08-13T12:30:51.605,1,1
3943,588aca26ed1bfc095abf2de16bf97b57,94.0,3,1786599052606,2026-08-13T12:30:52.606,1,1
3944,588aca26ed1bfc095abf2de16bf97b57,94.0,3,1786599053604,2026-08-13T12:30:53.604,1,1
3945,588aca26ed1bfc095abf2de16bf97b57,94.0,3,1786599054604,2026-08-13T12:30:54.604,1,1
3946,588aca26ed1bfc095abf2de16bf97b57,93.0,3,1786599055604,2026-08-13T12:30:55.604,1,1
3947,588aca26ed1bfc095abf2de16bf97b57,92.0,3,1786599056604,2026-08-13T12:30:56.604,1,1
3948,588aca26ed1bfc095abf2de16bf97b57,92.0,3,1786599057604,2026-08-13T12:30:57.604,1,1
3949,588aca26ed1bfc095abf2de16bf97b57,91.0,3,1786599058605,2026-08-13T12:30:58.605,1,1
3950,588aca26ed1bfc095abf2de16bf97b57,90.0,3,1786599059606,2026-08-13T12:30:59.606,1,1
3951,588aca26ed1bfc095abf2de16bf97b57,91.0,3,1786599060605,2026-08-13T12:31:00.605,1,1
3952,588aca26ed1bfc095abf2de16bf97b57,90.0,3,1786599061617,2026-08-13T12:31:01.617,1,1
3953,588aca26ed1bfc095abf2de16bf97b57,90.0,3,1786599062605,2026-08-13T12:31:02.605,1,1
3954,588aca26ed1bfc095abf2de16bf97b57,89.0,3,1786599063607,2026-08-13T12:31:03.607,1,1
3955,588aca26ed1bfc095abf2de16bf97b57,90.0,3,1786599064605,2026-08-13T12:31:04.605,1,1
3956,588aca26ed1bfc095abf2de16bf97b57,91.0,3,1786599065606,2026-08-13T12:31:05.606,1,1
3957,588aca26ed1bfc095abf2de16bf97b57,92.0,3,1786599066606,2026-08-13T12:31:06.606,1,1
3958,588aca26ed1bfc095abf2de16bf97b57,92.0,3,1786599067604,2026-08-13T12:31:07.604,1,1
3959,588aca26ed1bfc095abf2de16bf97b57,92.0,3,1786599068605,2026-08-13T12:31:08.605,1,1
3960,588aca26ed1bfc095abf2de16bf97b57,91.0,3,1786599069603,2026-08-13T12:31:09.603,1,1
3961,588aca26ed1bfc095abf2de16bf97b57,91.0,3,1786599070604,2026-08-13T12:31:10.604,1,1
3962,588aca26ed1bfc095abf2de16bf97b57,91.0,3,1786599071604,2026-08-13T12:31:11.604,1,1
3963,588aca26ed1bfc095abf2de16bf97b57,90.0,3,1786599072604,2026-08-13T12:31:12.604,1,1
3964,588aca26ed1bfc095abf2de16bf97b57,90.0,3,1786599073604,2026-08-13T12:31:13.604,1,1
3965,588aca26ed1bfc095abf2de16bf97b57,90.0,3,1786599074604,2026-08-13T12:31:14.604,1,1
3966,588aca26ed1bfc095abf2de16bf97b57,91.0,3,1786599075604,2026-08-13T12:31:15.604,1,1
3967,588aca26ed1bfc095abf2de16bf97b57,91.0,3,1786599076604,2026-08-13T12:31:16.604,1,1
3968,588aca26ed1bfc095abf2de16bf97b57,91.0,3,1786599077605,2026-08-13T12:31:17.605,1,1
3969,588aca26ed1bfc095abf2de16bf97b57,91.0,3,1786599078604,2026-08-13T12:31:18.604,1,1
3970,588aca26ed1bfc095abf2de16bf97b57,91.0,3,1786599079604,2026-08-13T12:31:19.604,1,1
3971,588aca26ed1bfc095abf2de16bf97b57,91.0,3,1786599080604,2026-08-13T12:31:20.604,1,1
3972,588aca26ed1bfc095abf2de16bf97b57,92.0,3,1786599081604,2026-08-13T12:31:21.604,1,1
3973,588aca26ed1bfc095abf2de16bf97b57,92.0,3,1786599082604,2026-08-13T12:31:22.604,1,1
3974,588aca26ed1bfc095abf2de16bf97b57,93.0,3,1786599083604,2026-08-13T12:31:23.604,1,1
3975,588aca26ed1bfc095abf2de16bf97b57,94.0,3,1786599084604,2026-08-13T12:31:24.604,1,1
3976,588aca26ed1bfc095abf2de16bf97b57,95.0,3,1786599085604,2026-08-13T12:31:25.604,1,1
3977,588aca26ed1bfc095abf2de16bf97b57,95.0,3,1786599086603,2026-08-13T12:31:26.603,1,1
3978,588aca26ed1bfc095abf2de16bf97b57,95.0,3,1786599087605,2026-08-13T12:31:27.605,1,1
3979,588aca26ed1bfc095abf2de16bf97b57,95.0,3,1786599088604,2026-08-13T12:31:28.604,1,1
3980,588aca26ed1bfc095abf2de16bf97b57,96.0,3,1786599089604,2026-08-13T12:31:29.604,1,1
3981,588aca26ed1bfc095abf2de16bf97b57,95.0,3,1786599090604,2026-08-13T12:31:30.604,1,1
3982,588aca26ed1bfc095abf2de16bf97b57,96.0,3,1786599091605,2026-08-13T12:31:31.605,1,1
3983,588aca26ed1bfc095abf2de16bf97b57,98.0,3,1786599092604,2026-08-13T12:31:32.604,1,1
3984,588aca26ed1bfc095abf2de16bf97b57,95.0,3,1786599093604,2026-08-13T12:31:33.604,1,1
3985,588aca26ed1bfc095abf2de16bf97b57,94.0,3,1786599094604,2026-08-13T12:31:34.604,1,1
3986,588aca26ed1bfc095abf2de16bf97b57,94.0,3,1786599095604,2026-08-13T12:31:35.604,1,1
3987,588aca26ed1bfc095abf2de16bf97b57,94.0,3,1786599096604,2026-08-13T12:31:36.604,1,1
3988,588aca26ed1bfc095abf2de16bf97b57,93.0,3,1786599097604,2026-08-13T12:31:37.604,1,1
3989,588aca26ed1bfc095abf2de16bf97b57,93.0,3,1786599098604,2026-08-13T12:31:38.604,1,1
3990,588aca26ed1bfc095abf2de16bf97b57,95.0,3,1786599099604,2026-08-13T12:31:39.604,1,1
3991,588aca26ed1bfc095abf2de16bf97b57,97.0,3,1786599100604,2026-08-13T12:31:40.604,1,1
3992,588aca26ed1bfc095abf2de16bf97b57,98.0,3,1786599101604,2026-08-13T12:31:41.604,1,1
3993,588aca26ed1bfc095abf2de16bf97b57,98.0,3,1786599102604,2026-08-13T12:31:42.604,1,1
3994,588aca26ed1bfc095abf2de16bf97b57,99.0,3,1786599103604,2026-08-13T12:31:43.604,1,1
3995,588aca26ed1bfc095abf2de16bf97b57,99.0,3,1786599104604,2026-08-13T12:31:44.604,1,1
3996,588aca26ed1bfc095abf2de16bf97b57,99.0,3,1786599105604,2026-08-13T12:31:45.604,1,1
3997,588aca26ed1bfc095abf2de16bf97b57,98.0,3,1786599106604,2026-08-13T12:31:46.604,1,1
3998,588aca26ed1bfc095abf2de16bf97b57,97.0,3,1786599107603,2026-08-13T12:31:47.603,1,1
3999,588aca26ed1bfc095abf2de16bf97b57,96.0,3,1786599108604,2026-08-13T12:31:48.604,1,1
4000,588aca26ed1bfc095abf2de16bf97b57,95.0,3,1786599109604,2026-08-13T12:31:49.604,1,1
4001,588aca26ed1bfc095abf2de16bf97b57,94.0,3,1786599110604,2026-08-13T12:31:50.604,1,1
4002,588aca26ed1bfc095abf2de16bf97b57,92.0,3,1786599111604,2026-08-13T12:31:51.604,1,1
4003,588aca26ed1bfc095abf2de16bf97b57,91.0,3,1786599112603,2026-08-13T12:31:52.603,1,1
4004,588aca26ed1bfc095abf2de16bf97b57,90.0,3,1786599113604,2026-08-13T12:31:53.604,1,1
4005,588aca26ed1bfc095abf2de16bf97b57,89.0,3,1786599114611,2026-08-13T12:31:54.611,1,1
4006,588aca26ed1bfc095abf2de16bf97b57,90.0,3,1786599115605,2026-08-13T12:31:55.605,1,1
4007,588aca26ed1bfc095abf2de16bf97b57,90.0,3,1786599116605,2026-08-13T12:31:56.605,1,1
4008,588aca26ed1bfc095abf2de16bf97b57,91.0,3,1786599117606,2026-08-13T12:31:57.606,1,1
4009,588aca26ed1bfc095abf2de16bf97b57,91.0,3,1786599118614,2026-08-13T12:31:58.614,1,1
4010,588aca26ed1bfc095abf2de16bf97b57,91.0,3,1786599119607,2026-08-13T12:31:59.607,1,1
4011,588aca26ed1bfc095abf2de16bf97b57,91.0,3,1786599120612,2026-08-13T12:32:00.612,1,1
4012,588aca26ed1bfc095abf2de16bf97b57,92.0,3,1786599121613,2026-08-13T12:32:01.613,1,1
4013,588aca26ed1bfc095abf2de16bf97b57,93.0,3,1786599122613,2026-08-13T12:32:02.613,1,1
4014,588aca26ed1bfc095abf2de16bf97b57,94.0,3,1786599123612,2026-08-13T12:32:03.612,1,1
4015,588aca26ed1bfc095abf2de16bf97b57,95.0,3,1786599124612,2026-08-13T12:32:04.612,1,1
4016,588aca26ed1bfc095abf2de16bf97b57,97.0,3,1786599125611,2026-08-13T12:32:05.611,1,1
4017,588aca26ed1bfc095abf2de16bf97b57,98.0,3,1786599126610,2026-08-13T12:32:06.610,1,1
4018,588aca26ed1bfc095abf2de16bf97b57,98.0,3,1786599127610,2026-08-13T12:32:07.610,1,1
4019,588aca26ed1bfc095abf2de16bf97b57,98.0,3,1786599128609,2026-08-13T12:32:08.609,1,1
4020,588aca26ed1bfc095abf2de16bf97b57,97.0,3,1786599129609,2026-08-13T12:32:09.609,1,1
4021,588aca26ed1bfc095abf2de16bf97b57,97.0,3,1786599130607,2026-08-13T12:32:10.607,1,1
4022,588aca26ed1bfc095abf2de16bf97b57,97.0,3,1786599131606,2026-08-13T12:32:11.606,1,1
4023,588aca26ed1bfc095abf2de16bf97b57,97.0,3,1786599132609,2026-08-13T12:32:12.609,1,1
4024,588aca26ed1bfc095abf2de16bf97b57,96.0,3,1786599133609,2026-08-13T12:32:13.609,1,1
4025,588aca26ed1bfc095abf2de16bf97b57,96.0,3,1786599134608,2026-08-13T12:32:14.608,1,1
4026,588aca26ed1bfc095abf2de16bf97b57,95.0,3,1786599135607,2026-08-13T12:32:15.607,1,1
4027,588aca26ed1bfc095abf2de16bf97b57,95.0,3,1786599136608,2026-08-13T12:32:16.608,1,1
4028,588aca26ed1bfc095abf2de16bf97b57,94.0,3,1786599137610,2026-08-13T12:32:17.610,1,1
4029,588aca26ed1bfc095abf2de16bf97b57,93.0,3,1786599138610,2026-08-13T12:32:18.610,1,1
4030,588aca26ed1bfc095abf2de16bf97b57,93.0,3,1786599139609,2026-08-13T12:32:19.609,1,1
4031,588aca26ed1bfc095abf2de16bf97b57,92.0,3,1786599140610,2026-08-13T12:32:20.610,1,1
4032,588aca26ed1bfc095abf2de16bf97b57,91.0,3,1786599141612,2026-08-13T12:32:21.612,1,1
4033,588aca26ed1bfc095abf2de16bf97b57,90.0,3,1786599142607,2026-08-13T12:32:22.607,1,1
4034,588aca26ed1bfc095abf2de16bf97b57,90.0,3,1786599143612,2026-08-13T12:32:23.612,1,1
4035,588aca26ed1bfc095abf2de16bf97b57,90.0,3,1786599144612,2026-08-13T12:32:24.612,1,1
4036,588aca26ed1bfc095abf2de16bf97b57,90.0,3,1786599145610,2026-08-13T12:32:25.610,1,1
4037,588aca26ed1bfc095abf2de16bf97b57,90.0,3,1786599146613,2026-08-13T12:32:26.613,1,1
4038,588aca26ed1bfc095abf2de16bf97b57,91.0,3,1786599147609,2026-08-13T12:32:27.609,1,1
4039,588aca26ed1bfc095abf2de16bf97b57,91.0,3,1786599148612,2026-08-13T12:32:28.612,1,1
4040,588aca26ed1bfc095abf2de16bf97b57,92.0,3,1786599149615,2026-08-13T12:32:29.615,1,1
4041,588aca26ed1bfc095abf2de16bf97b57,92.0,3,1786599150614,2026-08-13T12:32:30.614,1,1
4042,588aca26ed1bfc095abf2de16bf97b57,93.0,3,1786599151609,2026-08-13T12:32:31.609,1,1
4043,588aca26ed1bfc095abf2de16bf97b57,94.0,3,1786599152614,2026-08-13T12:32:32.614,1,1
4044,588aca26ed1bfc095abf2de16bf97b57,95.0,3,1786599153612,2026-08-13T12:32:33.612,1,1
4045,588aca26ed1bfc095abf2de16bf97b57,96.0,3,1786599154612,2026-08-13T12:32:34.612,1,1
4046,588aca26ed1bfc095abf2de16bf97b57,97.0,3,1786599155614,2026-08-13T12:32:35.614,1,1
4047,588aca26ed1bfc095abf2de16bf97b57,98.0,3,1786599156606,2026-08-13T12:32:36.606,1,1
4048,588aca26ed1bfc095abf2de16bf97b57,99.0,3,1786599157605,2026-08-13T12:32:37.605,1,1
4049,588aca26ed1bfc095abf2de16bf97b57,99.0,3,1786599158604,2026-08-13T12:32:38.604,1,1
4050,588aca26ed1bfc095abf2de16bf97b57,99.0,3,1786599159604,2026-08-13T12:32:39.604,1,1
4051,588aca26ed1bfc095abf2de16bf97b57,99.0,3,1786599160604,2026-08-13T12:32:40.604,1,1
4052,588aca26ed1bfc095abf2de16bf97b57,99.0,3,1786599161605,2026-08-13T12:32:41.605,1,1
4053,588aca26ed1bfc095abf2de16bf97b57,98.0,3,1786599162613,2026-08-13T12:32:42.613,1,1
4054,588aca26ed1bfc095abf2de16bf97b57,97.0,3,1786599163613,2026-08-13T12:32:43.613,1,1
4055,588aca26ed1bfc095abf2de16bf97b57,96.0,3,1786599164615,2026-08-13T12:32:44.615,1,1
4056,588aca26ed1bfc095abf2de16bf97b57,95.0,3,1786599165613,2026-08-13T12:32:45.613,1,1
4057,588aca26ed1bfc095abf2de16bf97b57,95.0,3,1786599166604,2026-08-13T12:32:46.604,1,1
4058,588aca26ed1bfc095abf2de16bf97b57,95.0,3,1786599167609,2026-08-13T12:32:47.609,1,1
4059,588aca26ed1bfc095abf2de16bf97b57,95.0,3,1786599168610,2026-08-13T12:32:48.610,1,1
4060,588aca26ed1bfc095abf2de16bf97b57,95.0,3,1786599169612,2026-08-13T12:32:49.612,1,1
4061,588aca26ed1bfc095abf2de16bf97b57,95.0,3,1786599170608,2026-08-13T12:32:50.608,1,1
4062,588aca26ed1bfc095abf2de16bf97b57,94.0,3,1786599171612,2026-08-13T12:32:51.612,1,1
4063,588aca26ed1bfc095abf2de16bf97b57,94.0,3,1786599172613,2026-08-13T12:32:52.613,1,1
4064,588aca26ed1bfc095abf2de16bf97b57,94.0,3,1786599173608,2026-08-13T12:32:53.608,1,1
4065,588aca26ed1bfc095abf2de16bf97b57,94.0,3,1786599174611,2026-08-13T12:32:54.611,1,1
4066,588aca26ed1bfc095abf2de16bf97b57,95.0,3,1786599175610,2026-08-13T12:32:55.610,1,1
4067,588aca26ed1bfc095abf2de16bf97b57,95.0,3,1786599176610,2026-08-13T12:32:56.610,1,1
4068,588aca26ed1bfc095abf2de16bf97b57,96.0,3,1786599177609,2026-08-13T12:32:57.609,1,1
4069,588aca26ed1bfc095abf2de16bf97b57,97.0,3,1786599178611,2026-08-13T12:32:58.611,1,1
4070,588aca26ed1bfc095abf2de16bf97b57,97.0,3,1786599179611,2026-08-13T12:32:59.611,1,1
4071,588aca26ed1bfc095abf2de16bf97b57,98.0,3,1786599180606,2026-08-13T12:33:00.606,1,1
4072,588aca26ed1bfc095abf2de16bf97b57,99.0,3,1786599181612,2026-08-13T12:33:01.612,1,1
4073,588aca26ed1bfc095abf2de16bf97b57,100.0,3,1786599182609,2026-08-13T12:33:02.609,1,1
4074,588aca26ed1bfc095abf2de16bf97b57,100.0,3,1786599183608,2026-08-13T12:33:03.608,1,1
4075,588aca26ed1bfc095abf2de16bf97b57,100.0,3,1786599184610,2026-08-13T12:33:04.610,1,1
4076,588aca26ed1bfc095abf2de16bf97b57,100.0,3,1786599185611,2026-08-13T12:33:05.611,1,1
4077,588aca26ed1bfc095abf2de16bf97b57,100.0,3,1786599186610,2026-08-13T12:33:06.610,1,1
4078,588aca26ed1bfc095abf2de16bf97b57,100.0,3,1786599187611,2026-08-13T12:33:07.611,1,1
4079,588aca26ed1bfc095abf2de16bf97b57,100.0,3,1786599188609,2026-08-13T12:33:08.609,1,1
4080,588aca26ed1bfc095abf2de16bf97b57,99.0,3,1786599189608,2026-08-13T12:33:09.608,1,1
4081,588aca26ed1bfc095abf2de16bf97b57,98.0,3,1786599190604,2026-08-13T12:33:10.604,1,1
4082,588aca26ed1bfc095abf2de16bf97b57,97.0,3,1786599191607,2026-08-13T12:33:11.607,1,1
4083,588aca26ed1bfc095abf2de16bf97b57,96.0,3,1786599192606,2026-08-13T12:33:12.606,1,1
4084,588aca26ed1bfc095abf2de16bf97b57,95.0,3,1786599193607,2026-08-13T12:33:13.607,1,1
4085,588aca26ed1bfc095abf2de16bf97b57,94.0,3,1786599194612,2026-08-13T12:33:14.612,1,1
4086,588aca26ed1bfc095abf2de16bf97b57,94.0,3,1786599195604,2026-08-13T12:33:15.604,1,1
4087,588aca26ed1bfc095abf2de16bf97b57,94.0,3,1786599196604,2026-08-13T12:33:16.604,1,1
4088,588aca26ed1bfc095abf2de16bf97b57,94.0,3,1786599197604,2026-08-13T12:33:17.604,1,1
4089,588aca26ed1bfc095abf2de16bf97b57,94.0,3,1786599198604,2026-08-13T12:33:18.604,1,1
4090,588aca26ed1bfc095abf2de16bf97b57,94.0,3,1786599199604,2026-08-13T12:33:19.604,1,1
4091,588aca26ed1bfc095abf2de16bf97b57,94.0,3,1786599200604,2026-08-13T12:33:20.604,1,1
4092,588aca26ed1bfc095abf2de16bf97b57,93.0,3,1786599201604,2026-08-13T12:33:21.604,1,1
4093,588aca26ed1bfc095abf2de16bf97b57,93.0,3,1786599202604,2026-08-13T12:33:22.604,1,1
4094,588aca26ed1bfc095abf2de16bf97b57,93.0,3,1786599203604,2026-08-13T12:33:23.604,1,1
4095,588aca26ed1bfc095abf2de16bf97b57,93.0,3,1786599204604,2026-08-13T12:33:24.604,1,1
4096,588aca26ed1bfc095abf2de16bf97b57,93.0,3,1786599205604,2026-08-13T12:33:25.604,1,1
4097,588aca26ed1bfc095abf2de16bf97b57,93.0,3,1786599206605,2026-08-13T12:33:26.605,1,1
4098,588aca26ed1bfc095abf2de16bf97b57,93.0,3,1786599207605,2026-08-13T12:33:27.605,1,1
4099,588aca26ed1bfc095abf2de16bf97b57,93.0,3,1786599208604,2026-08-13T12:33:28.604,1,1
4100,588aca26ed1bfc095abf2de16bf97b57,93.0,3,1786599209604,2026-08-13T12:33:29.604,1,1
4101,588aca26ed1bfc095abf2de16bf97b57,93.0,3,1786599210604,2026-08-13T12:33:30.604,1,1
4102,588aca26ed1bfc095abf2de16bf97b57,93.0,3,1786599211604,2026-08-13T12:33:31.604,1,1
4103,588aca26ed1bfc095abf2de16bf97b57,93.0,3,1786599212604,2026-08-13T12:33:32.604,1,1
4104,588aca26ed1bfc095abf2de16bf97b57,93.0,3,1786599213604,2026-08-13T12:33:33.604,1,1
4105,588aca26ed1bfc095abf2de16bf97b57,94.0,3,1786599214607,2026-08-13T12:33:34.607,1,1
4106,588aca26ed1bfc095abf2de16bf97b57,94.0,3,1786599215604,2026-08-13T12:33:35.604,1,1
4107,588aca26ed1bfc095abf2de16bf97b57,95.0,3,1786599216605,2026-08-13T12:33:36.605,1,1
4108,588aca26ed1bfc095abf2de16bf97b57,95.0,3,1786599217605,2026-08-13T12:33:37.605,1,1
4109,588aca26ed1bfc095abf2de16bf97b57,95.0,3,1786599218604,2026-08-13T12:33:38.604,1,1
4110,588aca26ed1bfc095abf2de16bf97b57,94.0,3,1786599219606,2026-08-13T12:33:39.606,1,1
4111,588aca26ed1bfc095abf2de16bf97b57,94.0,3,1786599220605,2026-08-13T12:33:40.605,1,1
4112,588aca26ed1bfc095abf2de16bf97b57,95.0,3,1786599221604,2026-08-13T12:33:41.604,1,1
4113,588aca26ed1bfc095abf2de16bf97b57,95.0,3,1786599222604,2026-08-13T12:33:42.604,1,1
4114,588aca26ed1bfc095abf2de16bf97b57,95.0,3,1786599223604,2026-08-13T12:33:43.604,1,1
4115,588aca26ed1bfc095abf2de16bf97b57,96.0,3,1786599224604,2026-08-13T12:33:44.604,1,1
4116,588aca26ed1bfc095abf2de16bf97b57,96.0,3,1786599225604,2026-08-13T12:33:45.604,1,1
4117,588aca26ed1bfc095abf2de16bf97b57,96.0,3,1786599226604,2026-08-13T12:33:46.604,1,1
4118,588aca26ed1bfc095abf2de16bf97b57,96.0,3,1786599227604,2026-08-13T12:33:47.604,1,1
4119,588aca26ed1bfc095abf2de16bf97b57,96.0,3,1786599228604,2026-08-13T12:33:48.604,1,1
4120,588aca26ed1bfc095abf2de16bf97b57,95.0,3,1786599229605,2026-08-13T12:33:49.605,1,1
4121,588aca26ed1bfc095abf2de16bf97b57,95.0,3,1786599230604,2026-08-13T12:33:50.604,1,1
4122,588aca26ed1bfc095abf2de16bf97b57,95.0,3,1786599231604,2026-08-13T12:33:51.604,1,1
4123,588aca26ed1bfc095abf2de16bf97b57,94.0,3,1786599232604,2026-08-13T12:33:52.604,1,1
4124,588aca26ed1bfc095abf2de16bf97b57,94.0,3,1786599233604,2026-08-13T12:33:53.604,1,1
4125,588aca26ed1bfc095abf2de16bf97b57,95.0,3,1786599234604,2026-08-13T12:33:54.604,1,1
4126,588aca26ed1bfc095abf2de16bf97b57,96.0,3,1786599235604,2026-08-13T12:33:55.604,1,1
4127,588aca26ed1bfc095abf2de16bf97b57,96.0,3,1786599236603,2026-08-13T12:33:56.603,1,1
4128,588aca26ed1bfc095abf2de16bf97b57,96.0,3,1786599237604,2026-08-13T12:33:57.604,1,1
4129,588aca26ed1bfc095abf2de16bf97b57,97.0,3,1786599238604,2026-08-13T12:33:58.604,1,1
4130,588aca26ed1bfc095abf2de16bf97b57,98.0,3,1786599239604,2026-08-13T12:33:59.604,1,1
4131,588aca26ed1bfc095abf2de16bf97b57,98.0,3,1786599240605,2026-08-13T12:34:00.605,1,1
4132,588aca26ed1bfc095abf2de16bf97b57,99.0,3,1786599241613,2026-08-13T12:34:01.613,1,1
4133,588aca26ed1bfc095abf2de16bf97b57,100.0,3,1786599242614,2026-08-13T12:34:02.614,1,1
4134,588aca26ed1bfc095abf2de16bf97b57,100.0,3,1786599243613,2026-08-13T12:34:03.613,1,1
4135,588aca26ed1bfc095abf2de16bf97b57,101.0,3,1786599244610,2026-08-13T12:34:04.610,1,1
4136,588aca26ed1bfc095abf2de16bf97b57,101.0,3,1786599245608,2026-08-13T12:34:05.608,1,1
4137,588aca26ed1bfc095abf2de16bf97b57,102.0,3,1786599246607,2026-08-13T12:34:06.607,1,1
4138,588aca26ed1bfc095abf2de16bf97b57,102.0,3,1786599247604,2026-08-13T12:34:07.604,1,1
4139,588aca26ed1bfc095abf2de16bf97b57,102.0,3,1786599248604,2026-08-13T12:34:08.604,1,1
4140,588aca26ed1bfc095abf2de16bf97b57,103.0,3,1786599249604,2026-08-13T12:34:09.604,1,1
4141,588aca26ed1bfc095abf2de16bf97b57,103.0,3,1786599250606,2026-08-13T12:34:10.606,1,1
4142,588aca26ed1bfc095abf2de16bf97b57,103.0,3,1786599251604,2026-08-13T12:34:11.604,1,1
4143,588aca26ed1bfc095abf2de16bf97b57,102.0,3,1786599252604,2026-08-13T12:34:12.604,1,1
4144,588aca26ed1bfc095abf2de16bf97b57,102.0,3,1786599253604,2026-08-13T12:34:13.604,1,1
4145,588aca26ed1bfc095abf2de16bf97b57,101.0,3,1786599254605,2026-08-13T12:34:14.605,1,1
4146,588aca26ed1bfc095abf2de16bf97b57,101.0,3,1786599255604,2026-08-13T12:34:15.604,1,1
4147,588aca26ed1bfc095abf2de16bf97b57,100.0,3,1786599256604,2026-08-13T12:34:16.604,1,1
4148,588aca26ed1bfc095abf2de16bf97b57,100.0,3,1786599257604,2026-08-13T12:34:17.604,1,1
4149,588aca26ed1bfc095abf2de16bf97b57,101.0,3,1786599258604,2026-08-13T12:34:18.604,1,1
4150,588aca26ed1bfc095abf2de16bf97b57,101.0,3,1786599259604,2026-08-13T12:34:19.604,1,1
4151,588aca26ed1bfc095abf2de16bf97b57,101.0,3,1786599260612,2026-08-13T12:34:20.612,1,1
4152,588aca26ed1bfc095abf2de16bf97b57,101.0,3,1786599261613,2026-08-13T12:34:21.613,1,1
4153,588aca26ed1bfc095abf2de16bf97b57,101.0,3,1786599262611,2026-08-13T12:34:22.611,1,1
4154,588aca26ed1bfc095abf2de16bf97b57,100.0,3,1786599263608,2026-08-13T12:34:23.608,1,1
4155,588aca26ed1bfc095abf2de16bf97b57,99.0,3,1786599264616,2026-08-13T12:34:24.616,1,1
4156,588aca26ed1bfc095abf2de16bf97b57,98.0,3,1786599265604,2026-08-13T12:34:25.604,1,1
4157,588aca26ed1bfc095abf2de16bf97b57,99.0,3,1786599266604,2026-08-13T12:34:26.604,1,1
4158,588aca26ed1bfc095abf2de16bf97b57,99.0,3,1786599267604,2026-08-13T12:34:27.604,1,1
4159,588aca26ed1bfc095abf2de16bf97b57,98.0,3,1786599268604,2026-08-13T12:34:28.604,1,1
4160,588aca26ed1bfc095abf2de16bf97b57,97.0,3,1786599269608,2026-08-13T12:34:29.608,1,1
4161,588aca26ed1bfc095abf2de16bf97b57,96.0,3,1786599270605,2026-08-13T12:34:30.605,1,1
4162,588aca26ed1bfc095abf2de16bf97b57,97.0,3,1786599271611,2026-08-13T12:34:31.611,1,1
4163,588aca26ed1bfc095abf2de16bf97b57,98.0,3,1786599272604,2026-08-13T12:34:32.604,1,1
4164,588aca26ed1bfc095abf2de16bf97b57,98.0,3,1786599273604,2026-08-13T12:34:33.604,1,1
4165,588aca26ed1bfc095abf2de16bf97b57,98.0,3,1786599274604,2026-08-13T12:34:34.604,1,1
4166,588aca26ed1bfc095abf2de16bf97b57,97.0,3,1786599275604,2026-08-13T12:34:35.604,1,1
4167,588aca26ed1bfc095abf2de16bf97b57,97.0,3,1786599276604,2026-08-13T12:34:36.604,1,1
4168,588aca26ed1bfc095abf2de16bf97b57,98.0,3,1786599277603,2026-08-13T12:34:37.603,1,1
4169,588aca26ed1bfc095abf2de16bf97b57,98.0,3,1786599278603,2026-08-13T12:34:38.603,1,1
4170,588aca26ed1bfc095abf2de16bf97b57,98.0,3,1786599279607,2026-08-13T12:34:39.607,1,1
4171,588aca26ed1bfc095abf2de16bf97b57,99.0,3,1786599280604,2026-08-13T12:34:40.604,1,1
4172,588aca26ed1bfc095abf2de16bf97b57,99.0,3,1786599281603,2026-08-13T12:34:41.603,1,1
4173,588aca26ed1bfc095abf2de16bf97b57,99.0,3,1786599282603,2026-08-13T12:34:42.603,1,1
4174,588aca26ed1bfc095abf2de16bf97b57,100.0,3,1786599283603,2026-08-13T12:34:43.603,1,1
4175,588aca26ed1bfc095abf2de16bf97b57,99.0,3,1786599284603,2026-08-13T12:34:44.603,1,1
4176,588aca26ed1bfc095abf2de16bf97b57,100.0,3,1786599285604,2026-08-13T12:34:45.604,1,1
4177,588aca26ed1bfc095abf2de16bf97b57,100.0,3,1786599286604,2026-08-13T12:34:46.604,1,1
4178,588aca26ed1bfc095abf2de16bf97b57,99.0,3,1786599287604,2026-08-13T12:34:47.604,1,1
4179,588aca26ed1bfc095abf2de16bf97b57,99.0,3,1786599288605,2026-08-13T12:34:48.605,1,1
4180,588aca26ed1bfc095abf2de16bf97b57,100.0,3,1786599289604,2026-08-13T12:34:49.604,1,1
4181,588aca26ed1bfc095abf2de16bf97b57,99.0,3,1786599290604,2026-08-13T12:34:50.604,1,1
4182,588aca26ed1bfc095abf2de16bf97b57,98.0,3,1786599291603,2026-08-13T12:34:51.603,1,1
4183,588aca26ed1bfc095abf2de16bf97b57,98.0,3,1786599292604,2026-08-13T12:34:52.604,1,1
4184,588aca26ed1bfc095abf2de16bf97b57,99.0,3,1786599293604,2026-08-13T12:34:53.604,1,1
4185,588aca26ed1bfc095abf2de16bf97b57,102.0,3,1786599294604,2026-08-13T12:34:54.604,1,1
4186,588aca26ed1bfc095abf2de16bf97b57,104.0,3,1786599295610,2026-08-13T12:34:55.610,1,1
4187,588aca26ed1bfc095abf2de16bf97b57,106.0,3,1786599296604,2026-08-13T12:34:56.604,1,1
4188,588aca26ed1bfc095abf2de16bf97b57,107.0,3,1786599297607,2026-08-13T12:34:57.607,1,1
4189,588aca26ed1bfc095abf2de16bf97b57,107.0,3,1786599298607,2026-08-13T12:34:58.607,1,1
4190,588aca26ed1bfc095abf2de16bf97b57,107.0,3,1786599299604,2026-08-13T12:34:59.604,1,1
4191,588aca26ed1bfc095abf2de16bf97b57,106.0,3,1786599300604,2026-08-13T12:35:00.604,1,1
4192,588aca26ed1bfc095abf2de16bf97b57,106.0,3,1786599301604,2026-08-13T12:35:01.604,1,1
4193,588aca26ed1bfc095abf2de16bf97b57,106.0,3,1786599302616,2026-08-13T12:35:02.616,1,1
4194,588aca26ed1bfc095abf2de16bf97b57,106.0,3,1786599303605,2026-08-13T12:35:03.605,1,1
4195,588aca26ed1bfc095abf2de16bf97b57,106.0,3,1786599304604,2026-08-13T12:35:04.604,1,1
4196,588aca26ed1bfc095abf2de16bf97b57,105.0,3,1786599305605,2026-08-13T12:35:05.605,1,1
4197,588aca26ed1bfc095abf2de16bf97b57,105.0,3,1786599306604,2026-08-13T12:35:06.604,1,1
4198,588aca26ed1bfc095abf2de16bf97b57,105.0,3,1786599307603,2026-08-13T12:35:07.603,1,1
4199,588aca26ed1bfc095abf2de16bf97b57,104.0,3,1786599310239,2026-08-13T12:35:10.239,1,1
4200,588aca26ed1bfc095abf2de16bf97b57,104.0,3,1786599311012,2026-08-13T12:35:11.012,1,1
4201,588aca26ed1bfc095abf2de16bf97b57,104.0,3,1786599312011,2026-08-13T12:35:12.011,1,1
4202,588aca26ed1bfc095abf2de16bf97b57,103.0,3,1786599313011,2026-08-13T12:35:13.011,1,1
4203,588aca26ed1bfc095abf2de16bf97b57,103.0,3,1786599314011,2026-08-13T12:35:14.011,1,1
4204,588aca26ed1bfc095abf2de16bf97b57,101.0,3,1786599315011,2026-08-13T12:35:15.011,1,1
4205,588aca26ed1bfc095abf2de16bf97b57,101.0,3,1786599316011,2026-08-13T12:35:16.011,1,1
4206,588aca26ed1bfc095abf2de16bf97b57,100.0,3,1786599317011,2026-08-13T12:35:17.011,1,1
4207,588aca26ed1bfc095abf2de16bf97b57,100.0,3,1786599318015,2026-08-13T12:35:18.015,1,1
4208,588aca26ed1bfc095abf2de16bf97b57,100.0,3,1786599319015,2026-08-13T12:35:19.015,1,1
4209,588aca26ed1bfc095abf2de16bf97b57,101.0,3,1786599320013,2026-08-13T12:35:20.013,1,1
4210,588aca26ed1bfc095abf2de16bf97b57,101.0,3,1786599321012,2026-08-13T12:35:21.012,1,1
4211,588aca26ed1bfc095abf2de16bf97b57,101.0,3,1786599322012,2026-08-13T12:35:22.012,1,1
4212,588aca26ed1bfc095abf2de16bf97b57,102.0,3,1786599323014,2026-08-13T12:35:23.014,1,1
4213,588aca26ed1bfc095abf2de16bf97b57,102.0,3,1786599324012,2026-08-13T12:35:24.012,1,1
4214,588aca26ed1bfc095abf2de16bf97b57,102.0,3,1786599325011,2026-08-13T12:35:25.011,1,1
4215,588aca26ed1bfc095abf2de16bf97b57,103.0,3,1786599326011,2026-08-13T12:35:26.011,1,1
4216,588aca26ed1bfc095abf2de16bf97b57,102.0,3,1786599327011,2026-08-13T12:35:27.011,1,1
4217,588aca26ed1bfc095abf2de16bf97b57,102.0,3,1786599328012,2026-08-13T12:35:28.012,1,1
4218,588aca26ed1bfc095abf2de16bf97b57,101.0,3,1786599329014,2026-08-13T12:35:29.014,1,1
4219,588aca26ed1bfc095abf2de16bf97b57,100.0,3,1786599330011,2026-08-13T12:35:30.011,1,1
4220,588aca26ed1bfc095abf2de16bf97b57,100.0,3,1786599331012,2026-08-13T12:35:31.012,1,1
4221,588aca26ed1bfc095abf2de16bf97b57,100.0,3,1786599332068,2026-08-13T12:35:32.068,1,1
4222,588aca26ed1bfc095abf2de16bf97b57,101.0,3,1786599333011,2026-08-13T12:35:33.011,1,1
4223,588aca26ed1bfc095abf2de16bf97b57,102.0,3,1786599334013,2026-08-13T12:35:34.013,1,1
4224,588aca26ed1bfc095abf2de16bf97b57,101.0,3,1786599335013,2026-08-13T12:35:35.013,1,1
4225,588aca26ed1bfc095abf2de16bf97b57,101.0,3,1786599336015,2026-08-13T12:35:36.015,1,1
4226,588aca26ed1bfc095abf2de16bf97b57,100.0,3,1786599337011,2026-08-13T12:35:37.011,1,1
4227,588aca26ed1bfc095abf2de16bf97b57,100.0,3,1786599338014,2026-08-13T12:35:38.014,1,1
4228,588aca26ed1bfc095abf2de16bf97b57,99.0,3,1786599339013,2026-08-13T12:35:39.013,1,1
4229,588aca26ed1bfc095abf2de16bf97b57,100.0,3,1786599340013,2026-08-13T12:35:40.013,1,1
4230,588aca26ed1bfc095abf2de16bf97b57,100.0,3,1786599341015,2026-08-13T12:35:41.015,1,1
4231,588aca26ed1bfc095abf2de16bf97b57,101.0,3,1786599342013,2026-08-13T12:35:42.013,1,1
4232,588aca26ed1bfc095abf2de16bf97b57,102.0,3,1786599343012,2026-08-13T12:35:43.012,1,1
4233,588aca26ed1bfc095abf2de16bf97b57,102.0,3,1786599344018,2026-08-13T12:35:44.018,1,1
4234,588aca26ed1bfc095abf2de16bf97b57,102.0,3,1786599345012,2026-08-13T12:35:45.012,1,1
4235,588aca26ed1bfc095abf2de16bf97b57,103.0,3,1786599346012,2026-08-13T12:35:46.012,1,1
4236,588aca26ed1bfc095abf2de16bf97b57,104.0,3,1786599347058,2026-08-13T12:35:47.058,1,1
4237,588aca26ed1bfc095abf2de16bf97b57,104.0,3,1786599348014,2026-08-13T12:35:48.014,1,1
4238,588aca26ed1bfc095abf2de16bf97b57,103.0,3,1786599349015,2026-08-13T12:35:49.015,1,1
4239,588aca26ed1bfc095abf2de16bf97b57,103.0,3,1786599350013,2026-08-13T12:35:50.013,1,1
4240,588aca26ed1bfc095abf2de16bf97b57,104.0,3,1786599351014,2026-08-13T12:35:51.014,1,1
4241,588aca26ed1bfc095abf2de16bf97b57,103.0,3,1786599352013,2026-08-13T12:35:52.013,1,1
4242,588aca26ed1bfc095abf2de16bf97b57,103.0,3,1786599353013,2026-08-13T12:35:53.013,1,1
4243,588aca26ed1bfc095abf2de16bf97b57,102.0,3,1786599354014,2026-08-13T12:35:54.014,1,1
4244,588aca26ed1bfc095abf2de16bf97b57,101.0,3,1786599355012,2026-08-13T12:35:55.012,1,1
4245,588aca26ed1bfc095abf2de16bf97b57,100.0,3,1786599356051,2026-08-13T12:35:56.051,1,1
4246,588aca26ed1bfc095abf2de16bf97b57,99.0,3,1786599357013,2026-08-13T12:35:57.013,1,1
4247,588aca26ed1bfc095abf2de16bf97b57,98.0,3,1786599358013,2026-08-13T12:35:58.013,1,1
4248,588aca26ed1bfc095abf2de16bf97b57,98.0,3,1786599359014,2026-08-13T12:35:59.014,1,1
4249,588aca26ed1bfc095abf2de16bf97b57,99.0,3,1786599360016,2026-08-13T12:36:00.016,1,1
4250,588aca26ed1bfc095abf2de16bf97b57,100.0,3,1786599361011,2026-08-13T12:36:01.011,1,1
4251,588aca26ed1bfc095abf2de16bf97b57,100.0,3,1786599362011,2026-08-13T12:36:02.011,1,1
4252,588aca26ed1bfc095abf2de16bf97b57,101.0,3,1786599363012,2026-08-13T12:36:03.012,1,1
4253,588aca26ed1bfc095abf2de16bf97b57,101.0,3,1786599364013,2026-08-13T12:36:04.013,1,1
4254,588aca26ed1bfc095abf2de16bf97b57,101.0,3,1786599365013,2026-08-13T12:36:05.013,1,1
4255,588aca26ed1bfc095abf2de16bf97b57,102.0,3,1786599366015,2026-08-13T12:36:06.015,1,1
4256,588aca26ed1bfc095abf2de16bf97b57,102.0,3,1786599367011,2026-08-13T12:36:07.011,1,1
4257,588aca26ed1bfc095abf2de16bf97b57,101.0,3,1786599368012,2026-08-13T12:36:08.012,1,1
4258,588aca26ed1bfc095abf2de16bf97b57,102.0,3,1786599369013,2026-08-13T12:36:09.013,1,1
4259,588aca26ed1bfc095abf2de16bf97b57,102.0,3,1786599370012,2026-08-13T12:36:10.012,1,1
4260,588aca26ed1bfc095abf2de16bf97b57,102.0,3,1786599371012,2026-08-13T12:36:11.012,1,1
4261,588aca26ed1bfc095abf2de16bf97b57,102.0,3,1786599372012,2026-08-13T12:36:12.012,1,1
4262,588aca26ed1bfc095abf2de16bf97b57,101.0,3,1786599373013,2026-08-13T12:36:13.013,1,1
4263,588aca26ed1bfc095abf2de16bf97b57,101.0,3,1786599374013,2026-08-13T12:36:14.013,1,1
4264,588aca26ed1bfc095abf2de16bf97b57,101.0,3,1786599375013,2026-08-13T12:36:15.013,1,1
4265,588aca26ed1bfc095abf2de16bf97b57,101.0,3,1786599376013,2026-08-13T12:36:16.013,1,1
4266,588aca26ed1bfc095abf2de16bf97b57,101.0,3,1786599377014,2026-08-13T12:36:17.014,1,1
4267,588aca26ed1bfc095abf2de16bf97b57,102.0,3,1786599378015,2026-08-13T12:36:18.015,1,1
4268,588aca26ed1bfc095abf2de16bf97b57,102.0,3,1786599379011,2026-08-13T12:36:19.011,1,1
4269,588aca26ed1bfc095abf2de16bf97b57,101.0,3,1786599380013,2026-08-13T12:36:20.013,1,1
4270,588aca26ed1bfc095abf2de16bf97b57,101.0,3,1786599381012,2026-08-13T12:36:21.012,1,1
4271,588aca26ed1bfc095abf2de16bf97b57,99.0,3,1786599382019,2026-08-13T12:36:22.019,1,1
4272,588aca26ed1bfc095abf2de16bf97b57,97.0,3,1786599383015,2026-08-13T12:36:23.015,1,1
4273,588aca26ed1bfc095abf2de16bf97b57,98.0,3,1786599384016,2026-08-13T12:36:24.016,1,1
4274,588aca26ed1bfc095abf2de16bf97b57,97.0,3,1786599385012,2026-08-13T12:36:25.012,1,1
4275,588aca26ed1bfc095abf2de16bf97b57,98.0,3,1786599386011,2026-08-13T12:36:26.011,1,1
4276,588aca26ed1bfc095abf2de16bf97b57,101.0,3,1786599387012,2026-08-13T12:36:27.012,1,1
4277,588aca26ed1bfc095abf2de16bf97b57,103.0,3,1786599388012,2026-08-13T12:36:28.012,1,1
4278,588aca26ed1bfc095abf2de16bf97b57,104.0,3,1786599389012,2026-08-13T12:36:29.012,1,1
4279,588aca26ed1bfc095abf2de16bf97b57,106.0,3,1786599390012,2026-08-13T12:36:30.012,1,1
4280,588aca26ed1bfc095abf2de16bf97b57,105.0,3,1786599391012,2026-08-13T12:36:31.012,1,1
4281,588aca26ed1bfc095abf2de16bf97b57,105.0,3,1786599392012,2026-08-13T12:36:32.012,1,1
4282,588aca26ed1bfc095abf2de16bf97b57,105.0,3,1786599393013,2026-08-13T12:36:33.013,1,1
4283,588aca26ed1bfc095abf2de16bf97b57,105.0,3,1786599394022,2026-08-13T12:36:34.022,1,1
4284,588aca26ed1bfc095abf2de16bf97b57,105.0,3,1786599395013,2026-08-13T12:36:35.013,1,1
4285,588aca26ed1bfc095abf2de16bf97b57,106.0,3,1786599396015,2026-08-13T12:36:36.015,1,1
4286,588aca26ed1bfc095abf2de16bf97b57,107.0,3,1786599397013,2026-08-13T12:36:37.013,1,1
4287,588aca26ed1bfc095abf2de16bf97b57,106.0,3,1786599398013,2026-08-13T12:36:38.013,1,1
4288,588aca26ed1bfc095abf2de16bf97b57,105.0,3,1786599399013,2026-08-13T12:36:39.013,1,1
4289,588aca26ed1bfc095abf2de16bf97b57,104.0,3,1786599400013,2026-08-13T12:36:40.013,1,1
4290,588aca26ed1bfc095abf2de16bf97b57,103.0,3,1786599401011,2026-08-13T12:36:41.011,1,1
4291,588aca26ed1bfc095abf2de16bf97b57,103.0,3,1786599402012,2026-08-13T12:36:42.012,1,1
4292,588aca26ed1bfc095abf2de16bf97b57,104.0,3,1786599403011,2026-08-13T12:36:43.011,1,1
4293,588aca26ed1bfc095abf2de16bf97b57,104.0,3,1786599404012,2026-08-13T12:36:44.012,1,1
4294,588aca26ed1bfc095abf2de16bf97b57,104.0,3,1786599405013,2026-08-13T12:36:45.013,1,1
4295,588aca26ed1bfc095abf2de16bf97b57,103.0,3,1786599406013,2026-08-13T12:36:46.013,1,1
4296,588aca26ed1bfc095abf2de16bf97b57,103.0,3,1786599407014,2026-08-13T12:36:47.014,1,1
4297,588aca26ed1bfc095abf2de16bf97b57,105.0,3,1786599408012,2026-08-13T12:36:48.012,1,1
4298,588aca26ed1bfc095abf2de16bf97b57,106.0,3,1786599409012,2026-08-13T12:36:49.012,1,1
4299,588aca26ed1bfc095abf2de16bf97b57,108.0,3,1786599410012,2026-08-13T12:36:50.012,1,1
4300,588aca26ed1bfc095abf2de16bf97b57,109.0,3,1786599411011,2026-08-13T12:36:51.011,1,1
4301,588aca26ed1bfc095abf2de16bf97b57,110.0,3,1786599412015,2026-08-13T12:36:52.015,1,1
4302,588aca26ed1bfc095abf2de16bf97b57,112.0,3,1786599413014,2026-08-13T12:36:53.014,1,1
4303,588aca26ed1bfc095abf2de16bf97b57,112.0,3,1786599414015,2026-08-13T12:36:54.015,1,1
4304,588aca26ed1bfc095abf2de16bf97b57,113.0,3,1786599415012,2026-08-13T12:36:55.012,1,1
4305,588aca26ed1bfc095abf2de16bf97b57,112.0,3,1786599416012,2026-08-13T12:36:56.012,1,1
4306,588aca26ed1bfc095abf2de16bf97b57,112.0,3,1786599417012,2026-08-13T12:36:57.012,1,1
4307,588aca26ed1bfc095abf2de16bf97b57,112.0,3,1786599418012,2026-08-13T12:36:58.012,1,1
4308,588aca26ed1bfc095abf2de16bf97b57,112.0,3,1786599419013,2026-08-13T12:36:59.013,1,1
4309,588aca26ed1bfc095abf2de16bf97b57,111.0,3,1786599420012,2026-08-13T12:37:00.012,1,1
4310,588aca26ed1bfc095abf2de16bf97b57,110.0,3,1786599421012,2026-08-13T12:37:01.012,1,1
4311,588aca26ed1bfc095abf2de16bf97b57,109.0,3,1786599422012,2026-08-13T12:37:02.012,1,1
4312,588aca26ed1bfc095abf2de16bf97b57,108.0,3,1786599423015,2026-08-13T12:37:03.015,1,1
4313,588aca26ed1bfc095abf2de16bf97b57,107.0,3,1786599424014,2026-08-13T12:37:04.014,1,1
4314,588aca26ed1bfc095abf2de16bf97b57,105.0,3,1786599425011,2026-08-13T12:37:05.011,1,1
4315,588aca26ed1bfc095abf2de16bf97b57,105.0,3,1786599426012,2026-08-13T12:37:06.012,1,1
4316,588aca26ed1bfc095abf2de16bf97b57,104.0,3,1786599427022,2026-08-13T12:37:07.022,1,1
4317,588aca26ed1bfc095abf2de16bf97b57,103.0,3,1786599428019,2026-08-13T12:37:08.019,1,1
4318,588aca26ed1bfc095abf2de16bf97b57,103.0,3,1786599429020,2026-08-13T12:37:09.020,1,1
4319,588aca26ed1bfc095abf2de16bf97b57,103.0,3,1786599430018,2026-08-13T12:37:10.018,1,1
4320,588aca26ed1bfc095abf2de16bf97b57,105.0,3,1786599431011,2026-08-13T12:37:11.011,1,1
4321,588aca26ed1bfc095abf2de16bf97b57,106.0,3,1786599432016,2026-08-13T12:37:12.016,1,1
4322,588aca26ed1bfc095abf2de16bf97b57,108.0,3,1786599433016,2026-08-13T12:37:13.016,1,1
4323,588aca26ed1bfc095abf2de16bf97b57,109.0,3,1786599434011,2026-08-13T12:37:14.011,1,1
4324,588aca26ed1bfc095abf2de16bf97b57,109.0,3,1786599435012,2026-08-13T12:37:15.012,1,1
4325,588aca26ed1bfc095abf2de16bf97b57,109.0,3,1786599436014,2026-08-13T12:37:16.014,1,1
4326,588aca26ed1bfc095abf2de16bf97b57,110.0,3,1786599437014,2026-08-13T12:37:17.014,1,1
4327,588aca26ed1bfc095abf2de16bf97b57,110.0,3,1786599438014,2026-08-13T12:37:18.014,1,1
4328,588aca26ed1bfc095abf2de16bf97b57,111.0,3,1786599439013,2026-08-13T12:37:19.013,1,1
4329,588aca26ed1bfc095abf2de16bf97b57,109.0,3,1786599440014,2026-08-13T12:37:20.014,1,1
4330,588aca26ed1bfc095abf2de16bf97b57,109.0,3,1786599441013,2026-08-13T12:37:21.013,1,1
4331,588aca26ed1bfc095abf2de16bf97b57,109.0,3,1786599442013,2026-08-13T12:37:22.013,1,1
4332,588aca26ed1bfc095abf2de16bf97b57,109.0,3,1786599443013,2026-08-13T12:37:23.013,1,1
4333,588aca26ed1bfc095abf2de16bf97b57,110.0,3,1786599444014,2026-08-13T12:37:24.014,1,1
4334,588aca26ed1bfc095abf2de16bf97b57,109.0,3,1786599445015,2026-08-13T12:37:25.015,1,1
4335,588aca26ed1bfc095abf2de16bf97b57,108.0,3,1786599446011,2026-08-13T12:37:26.011,1,1
4336,588aca26ed1bfc095abf2de16bf97b57,109.0,3,1786599447014,2026-08-13T12:37:27.014,1,1
4337,588aca26ed1bfc095abf2de16bf97b57,108.0,3,1786599448014,2026-08-13T12:37:28.014,1,1
4338,588aca26ed1bfc095abf2de16bf97b57,107.0,3,1786599449015,2026-08-13T12:37:29.015,1,1
4339,588aca26ed1bfc095abf2de16bf97b57,106.0,3,1786599450013,2026-08-13T12:37:30.013,1,1
4340,588aca26ed1bfc095abf2de16bf97b57,105.0,3,1786599451015,2026-08-13T12:37:31.015,1,1
4341,588aca26ed1bfc095abf2de16bf97b57,104.0,3,1786599452014,2026-08-13T12:37:32.014,1,1
4342,588aca26ed1bfc095abf2de16bf97b57,102.0,3,1786599453013,2026-08-13T12:37:33.013,1,1
4343,588aca26ed1bfc095abf2de16bf97b57,103.0,3,1786599454012,2026-08-13T12:37:34.012,1,1
4344,588aca26ed1bfc095abf2de16bf97b57,102.0,3,1786599455018,2026-08-13T12:37:35.018,1,1
4345,588aca26ed1bfc095abf2de16bf97b57,102.0,3,1786599456012,2026-08-13T12:37:36.012,1,1
4346,588aca26ed1bfc095abf2de16bf97b57,102.0,3,1786599457012,2026-08-13T12:37:37.012,1,1
4347,588aca26ed1bfc095abf2de16bf97b57,102.0,3,1786599458012,2026-08-13T12:37:38.012,1,1
4348,588aca26ed1bfc095abf2de16bf97b57,101.0,3,1786599459012,2026-08-13T12:37:39.012,1,1
4349,588aca26ed1bfc095abf2de16bf97b57,100.0,3,1786599460013,2026-08-13T12:37:40.013,1,1
4350,588aca26ed1bfc095abf2de16bf97b57,100.0,3,1786599461012,2026-08-13T12:37:41.012,1,1
4351,588aca26ed1bfc095abf2de16bf97b57,100.0,3,1786599462012,2026-08-13T12:37:42.012,1,1
4352,588aca26ed1bfc095abf2de16bf97b57,101.0,3,1786599463012,2026-08-13T12:37:43.012,1,1
4353,588aca26ed1bfc095abf2de16bf97b57,101.0,3,1786599464012,2026-08-13T12:37:44.012,1,1
4354,588aca26ed1bfc095abf2de16bf97b57,102.0,3,1786599465012,2026-08-13T12:37:45.012,1,1
4355,588aca26ed1bfc095abf2de16bf97b57,103.0,3,1786599466012,2026-08-13T12:37:46.012,1,1
4356,588aca26ed1bfc095abf2de16bf97b57,103.0,3,1786599467012,2026-08-13T12:37:47.012,1,1
4357,588aca26ed1bfc095abf2de16bf97b57,103.0,3,1786599468019,2026-08-13T12:37:48.019,1,1
4358,588aca26ed1bfc095abf2de16bf97b57,102.0,3,1786599469019,2026-08-13T12:37:49.019,1,1
4359,588aca26ed1bfc095abf2de16bf97b57,101.0,3,1786599470020,2026-08-13T12:37:50.020,1,1
4360,588aca26ed1bfc095abf2de16bf97b57,100.0,3,1786599471020,2026-08-13T12:37:51.020,1,1
4361,588aca26ed1bfc095abf2de16bf97b57,98.0,3,1786599472017,2026-08-13T12:37:52.017,1,1
4362,588aca26ed1bfc095abf2de16bf97b57,97.0,3,1786599473016,2026-08-13T12:37:53.016,1,1
4363,588aca26ed1bfc095abf2de16bf97b57,99.0,3,1786599474015,2026-08-13T12:37:54.015,1,1
4364,588aca26ed1bfc095abf2de16bf97b57,99.0,3,1786599475012,2026-08-13T12:37:55.012,1,1
4365,588aca26ed1bfc095abf2de16bf97b57,100.0,3,1786599476012,2026-08-13T12:37:56.012,1,1
4366,588aca26ed1bfc095abf2de16bf97b57,101.0,3,1786599477013,2026-08-13T12:37:57.013,1,1
4367,588aca26ed1bfc095abf2de16bf97b57,101.0,3,1786599478012,2026-08-13T12:37:58.012,1,1
4368,588aca26ed1bfc095abf2de16bf97b57,100.0,3,1786599479012,2026-08-13T12:37:59.012,1,1
4369,588aca26ed1bfc095abf2de16bf97b57,100.0,3,1786599480012,2026-08-13T12:38:00.012,1,1
4370,588aca26ed1bfc095abf2de16bf97b57,99.0,3,1786599481018,2026-08-13T12:38:01.018,1,1
4371,588aca26ed1bfc095abf2de16bf97b57,98.0,3,1786599482012,2026-08-13T12:38:02.012,1,1
4372,588aca26ed1bfc095abf2de16bf97b57,97.0,3,1786599483014,2026-08-13T12:38:03.014,1,1
4373,588aca26ed1bfc095abf2de16bf97b57,96.0,3,1786599484014,2026-08-13T12:38:04.014,1,1
4374,588aca26ed1bfc095abf2de16bf97b57,95.0,3,1786599485013,2026-08-13T12:38:05.013,1,1
4375,588aca26ed1bfc095abf2de16bf97b57,94.0,3,1786599486013,2026-08-13T12:38:06.013,1,1
4376,588aca26ed1bfc095abf2de16bf97b57,93.0,3,1786599487011,2026-08-13T12:38:07.011,1,1
4377,588aca26ed1bfc095abf2de16bf97b57,95.0,3,1786599488012,2026-08-13T12:38:08.012,1,1
4378,588aca26ed1bfc095abf2de16bf97b57,95.0,3,1786599489012,2026-08-13T12:38:09.012,1,1
4379,588aca26ed1bfc095abf2de16bf97b57,94.0,3,1786599490012,2026-08-13T12:38:10.012,1,1
4380,588aca26ed1bfc095abf2de16bf97b57,95.0,3,1786599491012,2026-08-13T12:38:11.012,1,1
4381,588aca26ed1bfc095abf2de16bf97b57,97.0,3,1786599492012,2026-08-13T12:38:12.012,1,1
4382,588aca26ed1bfc095abf2de16bf97b57,98.0,3,1786599493012,2026-08-13T12:38:13.012,1,1
4383,588aca26ed1bfc095abf2de16bf97b57,98.0,3,1786599494012,2026-08-13T12:38:14.012,1,1
4384,588aca26ed1bfc095abf2de16bf97b57,99.0,3,1786599495012,2026-08-13T12:38:15.012,1,1
4385,588aca26ed1bfc095abf2de16bf97b57,98.0,3,1786599496012,2026-08-13T12:38:16.012,1,1
4386,588aca26ed1bfc095abf2de16bf97b57,98.0,3,1786599497013,2026-08-13T12:38:17.013,1,1
4387,588aca26ed1bfc095abf2de16bf97b57,98.0,3,1786599498012,2026-08-13T12:38:18.012,1,1
4388,588aca26ed1bfc095abf2de16bf97b57,99.0,3,1786599499012,2026-08-13T12:38:19.012,1,1
4389,588aca26ed1bfc095abf2de16bf97b57,99.0,3,1786599500011,2026-08-13T12:38:20.011,1,1
4390,588aca26ed1bfc095abf2de16bf97b57,100.0,3,1786599501011,2026-08-13T12:38:21.011,1,1
4391,588aca26ed1bfc095abf2de16bf97b57,101.0,3,1786599502012,2026-08-13T12:38:22.012,1,1
4392,588aca26ed1bfc095abf2de16bf97b57,102.0,3,1786599503022,2026-08-13T12:38:23.022,1,1
4393,588aca26ed1bfc095abf2de16bf97b57,103.0,3,1786599504019,2026-08-13T12:38:24.019,1,1
4394,588aca26ed1bfc095abf2de16bf97b57,102.0,3,1786599505012,2026-08-13T12:38:25.012,1,1
4395,588aca26ed1bfc095abf2de16bf97b57,103.0,3,1786599506012,2026-08-13T12:38:26.012,1,1
4396,588aca26ed1bfc095abf2de16bf97b57,104.0,3,1786599507019,2026-08-13T12:38:27.019,1,1
4397,588aca26ed1bfc095abf2de16bf97b57,105.0,3,1786599508012,2026-08-13T12:38:28.012,1,1
4398,588aca26ed1bfc095abf2de16bf97b57,105.0,3,1786599509012,2026-08-13T12:38:29.012,1,1
4399,588aca26ed1bfc095abf2de16bf97b57,105.0,3,1786599510015,2026-08-13T12:38:30.015,1,1
4400,588aca26ed1bfc095abf2de16bf97b57,103.0,3,1786599511012,2026-08-13T12:38:31.012,1,1
4401,588aca26ed1bfc095abf2de16bf97b57,102.0,3,1786599512012,2026-08-13T12:38:32.012,1,1
4402,588aca26ed1bfc095abf2de16bf97b57,98.0,3,1786599513012,2026-08-13T12:38:33.012,1,1
4403,588aca26ed1bfc095abf2de16bf97b57,98.0,-1,1786599514012,2026-08-13T12:38:34.012,1,0
4404,588aca26ed1bfc095abf2de16bf97b57,102.0,3,1786599515012,2026-08-13T12:38:35.012,1,1
4405,588aca26ed1bfc095abf2de16bf97b57,101.0,3,1786599516012,2026-08-13T12:38:36.012,1,1
4406,588aca26ed1bfc095abf2de16bf97b57,101.0,3,1786599517012,2026-08-13T12:38:37.012,1,1
4407,588aca26ed1bfc095abf2de16bf97b57,101.0,3,1786599518012,2026-08-13T12:38:38.012,1,1
4408,588aca26ed1bfc095abf2de16bf97b57,101.0,3,1786599519012,2026-08-13T12:38:39.012,1,1
4409,588aca26ed1bfc095abf2de16bf97b57,101.0,3,1786599520012,2026-08-13T12:38:40.012,1,1
4410,588aca26ed1bfc095abf2de16bf97b57,101.0,3,1786599521012,2026-08-13T12:38:41.012,1,1
4411,588aca26ed1bfc095abf2de16bf97b57,101.0,3,1786599522012,2026-08-13T12:38:42.012,1,1
4412,588aca26ed1bfc095abf2de16bf97b57,101.0,3,1786599523019,2026-08-13T12:38:43.019,1,1
4413,588aca26ed1bfc095abf2de16bf97b57,100.0,3,1786599524020,2026-08-13T12:38:44.020,1,1
4414,588aca26ed1bfc095abf2de16bf97b57,101.0,3,1786599525019,2026-08-13T12:38:45.019,1,1
4415,588aca26ed1bfc095abf2de16bf97b57,101.0,3,1786599526019,2026-08-13T12:38:46.019,1,1
4416,588aca26ed1bfc095abf2de16bf97b57,101.0,3,1786599527011,2026-08-13T12:38:47.011,1,1
4417,588aca26ed1bfc095abf2de16bf97b57,100.0,3,1786599528011,2026-08-13T12:38:48.011,1,1
4418,588aca26ed1bfc095abf2de16bf97b57,100.0,3,1786599529015,2026-08-13T12:38:49.015,1,1
4419,588aca26ed1bfc095abf2de16bf97b57,99.0,3,1786599530011,2026-08-13T12:38:50.011,1,1
4420,588aca26ed1bfc095abf2de16bf97b57,99.0,3,1786599531012,2026-08-13T12:38:51.012,1,1
4421,588aca26ed1bfc095abf2de16bf97b57,99.0,3,1786599532012,2026-08-13T12:38:52.012,1,1
4422,588aca26ed1bfc095abf2de16bf97b57,99.0,3,1786599533011,2026-08-13T12:38:53.011,1,1
4423,588aca26ed1bfc095abf2de16bf97b57,99.0,3,1786599534012,2026-08-13T12:38:54.012,1,1
4424,588aca26ed1bfc095abf2de16bf97b57,99.0,3,1786599535012,2026-08-13T12:38:55.012,1,1
4425,588aca26ed1bfc095abf2de16bf97b57,100.0,3,1786599536012,2026-08-13T12:38:56.012,1,1
4426,588aca26ed1bfc095abf2de16bf97b57,101.0,3,1786599537012,2026-08-13T12:38:57.012,1,1
4427,588aca26ed1bfc095abf2de16bf97b57,102.0,3,1786599538012,2026-08-13T12:38:58.012,1,1
4428,588aca26ed1bfc095abf2de16bf97b57,101.0,3,1786599539015,2026-08-13T12:38:59.015,1,1
4429,588aca26ed1bfc095abf2de16bf97b57,101.0,3,1786599540012,2026-08-13T12:39:00.012,1,1
4430,588aca26ed1bfc095abf2de16bf97b57,100.0,3,1786599541012,2026-08-13T12:39:01.012,1,1
4431,588aca26ed1bfc095abf2de16bf97b57,100.0,3,1786599542012,2026-08-13T12:39:02.012,1,1
4432,588aca26ed1bfc095abf2de16bf97b57,100.0,3,1786599543012,2026-08-13T12:39:03.012,1,1
4433,588aca26ed1bfc095abf2de16bf97b57,99.0,3,1786599544012,2026-08-13T12:39:04.012,1,1
4434,588aca26ed1bfc095abf2de16bf97b57,99.0,3,1786599545012,2026-08-13T12:39:05.012,1,1
4435,588aca26ed1bfc095abf2de16bf97b57,99.0,3,1786599546012,2026-08-13T12:39:06.012,1,1
4436,588aca26ed1bfc095abf2de16bf97b57,99.0,3,1786599547012,2026-08-13T12:39:07.012,1,1
4437,588aca26ed1bfc095abf2de16bf97b57,99.0,3,1786599548013,2026-08-13T12:39:08.013,1,1
4438,588aca26ed1bfc095abf2de16bf97b57,99.0,3,1786599549012,2026-08-13T12:39:09.012,1,1
4439,588aca26ed1bfc095abf2de16bf97b57,99.0,3,1786599550012,2026-08-13T12:39:10.012,1,1
4440,588aca26ed1bfc095abf2de16bf97b57,100.0,3,1786599551022,2026-08-13T12:39:11.022,1,1
4441,588aca26ed1bfc095abf2de16bf97b57,100.0,3,1786599552012,2026-08-13T12:39:12.012,1,1
4442,588aca26ed1bfc095abf2de16bf97b57,100.0,3,1786599553012,2026-08-13T12:39:13.012,1,1
4443,588aca26ed1bfc095abf2de16bf97b57,101.0,3,1786599554021,2026-08-13T12:39:14.021,1,1
4444,588aca26ed1bfc095abf2de16bf97b57,102.0,3,1786599555017,2026-08-13T12:39:15.017,1,1
4445,588aca26ed1bfc095abf2de16bf97b57,102.0,3,1786599556014,2026-08-13T12:39:16.014,1,1
4446,588aca26ed1bfc095abf2de16bf97b57,102.0,3,1786599557012,2026-08-13T12:39:17.012,1,1
4447,588aca26ed1bfc095abf2de16bf97b57,101.0,3,1786599558012,2026-08-13T12:39:18.012,1,1
4448,588aca26ed1bfc095abf2de16bf97b57,101.0,3,1786599559012,2026-08-13T12:39:19.012,1,1
4449,588aca26ed1bfc095abf2de16bf97b57,100.0,3,1786599560015,2026-08-13T12:39:20.015,1,1
4450,588aca26ed1bfc095abf2de16bf97b57,100.0,3,1786599561012,2026-08-13T12:39:21.012,1,1
4451,588aca26ed1bfc095abf2de16bf97b57,99.0,3,1786599562014,2026-08-13T12:39:22.014,1,1
4452,588aca26ed1bfc095abf2de16bf97b57,101.0,3,1786599563013,2026-08-13T12:39:23.013,1,1
4453,588aca26ed1bfc095abf2de16bf97b57,102.0,3,1786599564013,2026-08-13T12:39:24.013,1,1
4454,588aca26ed1bfc095abf2de16bf97b57,103.0,3,1786599565013,2026-08-13T12:39:25.013,1,1
4455,588aca26ed1bfc095abf2de16bf97b57,104.0,3,1786599566013,2026-08-13T12:39:26.013,1,1
4456,588aca26ed1bfc095abf2de16bf97b57,104.0,3,1786599567012,2026-08-13T12:39:27.012,1,1
4457,588aca26ed1bfc095abf2de16bf97b57,103.0,3,1786599568012,2026-08-13T12:39:28.012,1,1
4458,588aca26ed1bfc095abf2de16bf97b57,101.0,3,1786599569012,2026-08-13T12:39:29.012,1,1
4459,588aca26ed1bfc095abf2de16bf97b57,100.0,3,1786599570017,2026-08-13T12:39:30.017,1,1
4460,588aca26ed1bfc095abf2de16bf97b57,99.0,3,1786599571012,2026-08-13T12:39:31.012,1,1
4461,588aca26ed1bfc095abf2de16bf97b57,98.0,3,1786599572013,2026-08-13T12:39:32.013,1,1
4462,588aca26ed1bfc095abf2de16bf97b57,97.0,3,1786599573012,2026-08-13T12:39:33.012,1,1
4463,588aca26ed1bfc095abf2de16bf97b57,96.0,3,1786599574013,2026-08-13T12:39:34.013,1,1
4464,588aca26ed1bfc095abf2de16bf97b57,96.0,3,1786599575012,2026-08-13T12:39:35.012,1,1
4465,588aca26ed1bfc095abf2de16bf97b57,96.0,3,1786599576012,2026-08-13T12:39:36.012,1,1
4466,588aca26ed1bfc095abf2de16bf97b57,95.0,3,1786599577012,2026-08-13T12:39:37.012,1,1
4467,588aca26ed1bfc095abf2de16bf97b57,95.0,3,1786599578012,2026-08-13T12:39:38.012,1,1
4468,588aca26ed1bfc095abf2de16bf97b57,95.0,3,1786599579019,2026-08-13T12:39:39.019,1,1
4469,588aca26ed1bfc095abf2de16bf97b57,95.0,3,1786599580020,2026-08-13T12:39:40.020,1,1
4470,588aca26ed1bfc095abf2de16bf97b57,95.0,3,1786599581013,2026-08-13T12:39:41.013,1,1
4471,588aca26ed1bfc095abf2de16bf97b57,95.0,3,1786599582017,2026-08-13T12:39:42.017,1,1
4472,588aca26ed1bfc095abf2de16bf97b57,95.0,3,1786599583012,2026-08-13T12:39:43.012,1,1
4473,588aca26ed1bfc095abf2de16bf97b57,96.0,3,1786599584015,2026-08-13T12:39:44.015,1,1
4474,588aca26ed1bfc095abf2de16bf97b57,96.0,3,1786599585012,2026-08-13T12:39:45.012,1,1
4475,588aca26ed1bfc095abf2de16bf97b57,96.0,3,1786599586012,2026-08-13T12:39:46.012,1,1
4476,588aca26ed1bfc095abf2de16bf97b57,96.0,3,1786599587012,2026-08-13T12:39:47.012,1,1
4477,588aca26ed1bfc095abf2de16bf97b57,96.0,3,1786599588012,2026-08-13T12:39:48.012,1,1
4478,588aca26ed1bfc095abf2de16bf97b57,97.0,3,1786599589012,2026-08-13T12:39:49.012,1,1
4479,588aca26ed1bfc095abf2de16bf97b57,98.0,3,1786599590013,2026-08-13T12:39:50.013,1,1
4480,588aca26ed1bfc095abf2de16bf97b57,98.0,3,1786599591012,2026-08-13T12:39:51.012,1,1
4481,588aca26ed1bfc095abf2de16bf97b57,99.0,3,1786599592012,2026-08-13T12:39:52.012,1,1
4482,588aca26ed1bfc095abf2de16bf97b57,99.0,3,1786599593012,2026-08-13T12:39:53.012,1,1
4483,588aca26ed1bfc095abf2de16bf97b57,99.0,3,1786599594012,2026-08-13T12:39:54.012,1,1
4484,588aca26ed1bfc095abf2de16bf97b57,98.0,3,1786599595012,2026-08-13T12:39:55.012,1,1
4485,588aca26ed1bfc095abf2de16bf97b57,98.0,3,1786599596012,2026-08-13T12:39:56.012,1,1
4486,588aca26ed1bfc095abf2de16bf97b57,97.0,3,1786599597012,2026-08-13T12:39:57.012,1,1
4487,588aca26ed1bfc095abf2de16bf97b57,97.0,3,1786599598012,2026-08-13T12:39:58.012,1,1
4488,588aca26ed1bfc095abf2de16bf97b57,97.0,3,1786599599012,2026-08-13T12:39:59.012,1,1
4489,588aca26ed1bfc095abf2de16bf97b57,96.0,3,1786599600012,2026-08-13T12:40:00.012,1,1
4490,588aca26ed1bfc095abf2de16bf97b57,97.0,3,1786599601013,2026-08-13T12:40:01.013,1,1
4491,588aca26ed1bfc095abf2de16bf97b57,97.0,3,1786599602012,2026-08-13T12:40:02.012,1,1
4492,588aca26ed1bfc095abf2de16bf97b57,97.0,3,1786599603012,2026-08-13T12:40:03.012,1,1
4493,588aca26ed1bfc095abf2de16bf97b57,98.0,3,1786599604012,2026-08-13T12:40:04.012,1,1
4494,588aca26ed1bfc095abf2de16bf97b57,98.0,3,1786599605012,2026-08-13T12:40:05.012,1,1
4495,588aca26ed1bfc095abf2de16bf97b57,98.0,3,1786599606011,2026-08-13T12:40:06.011,1,1
4496,588aca26ed1bfc095abf2de16bf97b57,98.0,3,1786599607012,2026-08-13T12:40:07.012,1,1
4497,588aca26ed1bfc095abf2de16bf97b57,99.0,3,1786599608019,2026-08-13T12:40:08.019,1,1
4498,588aca26ed1bfc095abf2de16bf97b57,99.0,3,1786599609019,2026-08-13T12:40:09.019,1,1
4499,588aca26ed1bfc095abf2de16bf97b57,100.0,3,1786599610019,2026-08-13T12:40:10.019,1,1
4500,588aca26ed1bfc095abf2de16bf97b57,101.0,3,1786599611019,2026-08-13T12:40:11.019,1,1
4501,588aca26ed1bfc095abf2de16bf97b57,102.0,3,1786599612015,2026-08-13T12:40:12.015,1,1
4502,588aca26ed1bfc095abf2de16bf97b57,102.0,3,1786599613017,2026-08-13T12:40:13.017,1,1
4503,588aca26ed1bfc095abf2de16bf97b57,101.0,3,1786599614015,2026-08-13T12:40:14.015,1,1
4504,588aca26ed1bfc095abf2de16bf97b57,101.0,3,1786599615011,2026-08-13T12:40:15.011,1,1
4505,588aca26ed1bfc095abf2de16bf97b57,101.0,3,1786599616016,2026-08-13T12:40:16.016,1,1
4506,588aca26ed1bfc095abf2de16bf97b57,101.0,3,1786599617014,2026-08-13T12:40:17.014,1,1
4507,588aca26ed1bfc095abf2de16bf97b57,100.0,3,1786599618015,2026-08-13T12:40:18.015,1,1
4508,588aca26ed1bfc095abf2de16bf97b57,99.0,3,1786599619012,2026-08-13T12:40:19.012,1,1
4509,588aca26ed1bfc095abf2de16bf97b57,99.0,3,1786599620011,2026-08-13T12:40:20.011,1,1
4510,588aca26ed1bfc095abf2de16bf97b57,98.0,3,1786599621011,2026-08-13T12:40:21.011,1,1
4511,588aca26ed1bfc095abf2de16bf97b57,98.0,3,1786599622013,2026-08-13T12:40:22.013,1,1
4512,588aca26ed1bfc095abf2de16bf97b57,97.0,3,1786599623017,2026-08-13T12:40:23.017,1,1
4513,588aca26ed1bfc095abf2de16bf97b57,97.0,3,1786599624012,2026-08-13T12:40:24.012,1,1
4514,588aca26ed1bfc095abf2de16bf97b57,97.0,3,1786599625012,2026-08-13T12:40:25.012,1,1
4515,588aca26ed1bfc095abf2de16bf97b57,97.0,3,1786599626011,2026-08-13T12:40:26.011,1,1
4516,588aca26ed1bfc095abf2de16bf97b57,97.0,3,1786599627012,2026-08-13T12:40:27.012,1,1
4517,588aca26ed1bfc095abf2de16bf97b57,97.0,3,1786599628013,2026-08-13T12:40:28.013,1,1
4518,588aca26ed1bfc095abf2de16bf97b57,96.0,3,1786599629011,2026-08-13T12:40:29.011,1,1
4519,588aca26ed1bfc095abf2de16bf97b57,96.0,3,1786599630012,2026-08-13T12:40:30.012,1,1
4520,588aca26ed1bfc095abf2de16bf97b57,96.0,3,1786599631011,2026-08-13T12:40:31.011,1,1
4521,588aca26ed1bfc095abf2de16bf97b57,96.0,3,1786599632013,2026-08-13T12:40:32.013,1,1
4522,588aca26ed1bfc095abf2de16bf97b57,96.0,3,1786599633012,2026-08-13T12:40:33.012,1,1
4523,588aca26ed1bfc095abf2de16bf97b57,96.0,3,1786599634012,2026-08-13T12:40:34.012,1,1
4524,588aca26ed1bfc095abf2de16bf97b57,96.0,3,1786599635012,2026-08-13T12:40:35.012,1,1
4525,588aca26ed1bfc095abf2de16bf97b57,97.0,3,1786599636012,2026-08-13T12:40:36.012,1,1
4526,588aca26ed1bfc095abf2de16bf97b57,97.0,3,1786599637012,2026-08-13T12:40:37.012,1,1
4527,588aca26ed1bfc095abf2de16bf97b57,98.0,3,1786599638012,2026-08-13T12:40:38.012,1,1
4528,588aca26ed1bfc095abf2de16bf97b57,98.0,3,1786599639012,2026-08-13T12:40:39.012,1,1
4529,588aca26ed1bfc095abf2de16bf97b57,99.0,3,1786599640011,2026-08-13T12:40:40.011,1,1
4530,588aca26ed1bfc095abf2de16bf97b57,100.0,3,1786599641011,2026-08-13T12:40:41.011,1,1
4531,588aca26ed1bfc095abf2de16bf97b57,100.0,3,1786599642012,2026-08-13T12:40:42.012,1,1
4532,588aca26ed1bfc095abf2de16bf97b57,101.0,3,1786599643012,2026-08-13T12:40:43.012,1,1
4533,588aca26ed1bfc095abf2de16bf97b57,101.0,3,1786599644012,2026-08-13T12:40:44.012,1,1
4534,588aca26ed1bfc095abf2de16bf97b57,101.0,3,1786599645012,2026-08-13T12:40:45.012,1,1
4535,588aca26ed1bfc095abf2de16bf97b57,101.0,3,1786599646013,2026-08-13T12:40:46.013,1,1
4536,588aca26ed1bfc095abf2de16bf97b57,102.0,3,1786599647012,2026-08-13T12:40:47.012,1,1
4537,588aca26ed1bfc095abf2de16bf97b57,102.0,3,1786599648012,2026-08-13T12:40:48.012,1,1
4538,588aca26ed1bfc095abf2de16bf97b57,102.0,3,1786599649012,2026-08-13T12:40:49.012,1,1
4539,588aca26ed1bfc095abf2de16bf97b57,102.0,3,1786599650012,2026-08-13T12:40:50.012,1,1
4540,588aca26ed1bfc095abf2de16bf97b57,102.0,3,1786599651012,2026-08-13T12:40:51.012,1,1
4541,588aca26ed1bfc095abf2de16bf97b57,102.0,3,1786599652012,2026-08-13T12:40:52.012,1,1
4542,588aca26ed1bfc095abf2de16bf97b57,103.0,3,1786599653021,2026-08-13T12:40:53.021,1,1
4543,588aca26ed1bfc095abf2de16bf97b57,102.0,3,1786599654022,2026-08-13T12:40:54.022,1,1
4544,588aca26ed1bfc095abf2de16bf97b57,102.0,3,1786599655019,2026-08-13T12:40:55.019,1,1
4545,588aca26ed1bfc095abf2de16bf97b57,101.0,3,1786599656014,2026-08-13T12:40:56.014,1,1
4546,588aca26ed1bfc095abf2de16bf97b57,101.0,3,1786599657016,2026-08-13T12:40:57.016,1,1
4547,588aca26ed1bfc095abf2de16bf97b57,100.0,3,1786599658017,2026-08-13T12:40:58.017,1,1
4548,588aca26ed1bfc095abf2de16bf97b57,99.0,3,1786599659011,2026-08-13T12:40:59.011,1,1
4549,588aca26ed1bfc095abf2de16bf97b57,98.0,3,1786599660011,2026-08-13T12:41:00.011,1,1
4550,588aca26ed1bfc095abf2de16bf97b57,97.0,3,1786599661015,2026-08-13T12:41:01.015,1,1
4551,588aca26ed1bfc095abf2de16bf97b57,96.0,3,1786599662013,2026-08-13T12:41:02.013,1,1
4552,588aca26ed1bfc095abf2de16bf97b57,96.0,3,1786599663012,2026-08-13T12:41:03.012,1,1
4553,588aca26ed1bfc095abf2de16bf97b57,96.0,3,1786599664012,2026-08-13T12:41:04.012,1,1
4554,588aca26ed1bfc095abf2de16bf97b57,96.0,3,1786599665012,2026-08-13T12:41:05.012,1,1
4555,588aca26ed1bfc095abf2de16bf97b57,96.0,3,1786599666012,2026-08-13T12:41:06.012,1,1
4556,588aca26ed1bfc095abf2de16bf97b57,95.0,3,1786599667012,2026-08-13T12:41:07.012,1,1
4557,588aca26ed1bfc095abf2de16bf97b57,94.0,3,1786599668012,2026-08-13T12:41:08.012,1,1
4558,588aca26ed1bfc095abf2de16bf97b57,94.0,3,1786599669015,2026-08-13T12:41:09.015,1,1
4559,588aca26ed1bfc095abf2de16bf97b57,93.0,3,1786599670013,2026-08-13T12:41:10.013,1,1
4560,588aca26ed1bfc095abf2de16bf97b57,93.0,3,1786599671012,2026-08-13T12:41:11.012,1,1
4561,588aca26ed1bfc095abf2de16bf97b57,93.0,3,1786599672012,2026-08-13T12:41:12.012,1,1
4562,588aca26ed1bfc095abf2de16bf97b57,92.0,3,1786599673017,2026-08-13T12:41:13.017,1,1
4563,588aca26ed1bfc095abf2de16bf97b57,92.0,3,1786599674013,2026-08-13T12:41:14.013,1,1
4564,588aca26ed1bfc095abf2de16bf97b57,91.0,3,1786599675011,2026-08-13T12:41:15.011,1,1
4565,588aca26ed1bfc095abf2de16bf97b57,90.0,3,1786599676015,2026-08-13T12:41:16.015,1,1
4566,588aca26ed1bfc095abf2de16bf97b57,90.0,3,1786599677016,2026-08-13T12:41:17.016,1,1
4567,588aca26ed1bfc095abf2de16bf97b57,89.0,3,1786599678012,2026-08-13T12:41:18.012,1,1
4568,588aca26ed1bfc095abf2de16bf97b57,90.0,3,1786599679012,2026-08-13T12:41:19.012,1,1
4569,588aca26ed1bfc095abf2de16bf97b57,90.0,3,1786599680013,2026-08-13T12:41:20.013,1,1
4570,588aca26ed1bfc095abf2de16bf97b57,91.0,3,1786599681012,2026-08-13T12:41:21.012,1,1
4571,588aca26ed1bfc095abf2de16bf97b57,92.0,3,1786599682024,2026-08-13T12:41:22.024,1,1
4572,588aca26ed1bfc095abf2de16bf97b57,93.0,3,1786599683011,2026-08-13T12:41:23.011,1,1
4573,588aca26ed1bfc095abf2de16bf97b57,95.0,3,1786599684011,2026-08-13T12:41:24.011,1,1
4574,588aca26ed1bfc095abf2de16bf97b57,96.0,3,1786599685030,2026-08-13T12:41:25.030,1,1
4575,588aca26ed1bfc095abf2de16bf97b57,96.0,3,1786599686012,2026-08-13T12:41:26.012,1,1
4576,588aca26ed1bfc095abf2de16bf97b57,96.0,3,1786599687012,2026-08-13T12:41:27.012,1,1
4577,588aca26ed1bfc095abf2de16bf97b57,96.0,3,1786599688012,2026-08-13T12:41:28.012,1,1
4578,588aca26ed1bfc095abf2de16bf97b57,95.0,3,1786599689012,2026-08-13T12:41:29.012,1,1
4579,588aca26ed1bfc095abf2de16bf97b57,95.0,3,1786599690011,2026-08-13T12:41:30.011,1,1
4580,588aca26ed1bfc095abf2de16bf97b57,95.0,3,1786599691011,2026-08-13T12:41:31.011,1,1
4581,588aca26ed1bfc095abf2de16bf97b57,96.0,3,1786599692018,2026-08-13T12:41:32.018,1,1
4582,588aca26ed1bfc095abf2de16bf97b57,96.0,3,1786599693013,2026-08-13T12:41:33.013,1,1
4583,588aca26ed1bfc095abf2de16bf97b57,96.0,3,1786599694012,2026-08-13T12:41:34.012,1,1
4584,588aca26ed1bfc095abf2de16bf97b57,96.0,3,1786599695011,2026-08-13T12:41:35.011,1,1
4585,588aca26ed1bfc095abf2de16bf97b57,96.0,3,1786599696012,2026-08-13T12:41:36.012,1,1
4586,588aca26ed1bfc095abf2de16bf97b57,96.0,3,1786599697011,2026-08-13T12:41:37.011,1,1
4587,588aca26ed1bfc095abf2de16bf97b57,97.0,3,1786599698012,2026-08-13T12:41:38.012,1,1
4588,588aca26ed1bfc095abf2de16bf97b57,97.0,3,1786599699022,2026-08-13T12:41:39.022,1,1
4589,588aca26ed1bfc095abf2de16bf97b57,97.0,3,1786599700011,2026-08-13T12:41:40.011,1,1
4590,588aca26ed1bfc095abf2de16bf97b57,97.0,3,1786599701012,2026-08-13T12:41:41.012,1,1
4591,588aca26ed1bfc095abf2de16bf97b57,96.0,3,1786599702012,2026-08-13T12:41:42.012,1,1
4592,588aca26ed1bfc095abf2de16bf97b57,97.0,3,1786599703012,2026-08-13T12:41:43.012,1,1
4593,588aca26ed1bfc095abf2de16bf97b57,97.0,3,1786599704012,2026-08-13T12:41:44.012,1,1
4594,588aca26ed1bfc095abf2de16bf97b57,98.0,3,1786599705012,2026-08-13T12:41:45.012,1,1
4595,588aca26ed1bfc095abf2de16bf97b57,98.0,3,1786599706012,2026-08-13T12:41:46.012,1,1
4596,588aca26ed1bfc095abf2de16bf97b57,99.0,3,1786599707011,2026-08-13T12:41:47.011,1,1
4597,588aca26ed1bfc095abf2de16bf97b57,100.0,3,1786599708012,2026-08-13T12:41:48.012,1,1
4598,588aca26ed1bfc095abf2de16bf97b57,100.0,3,1786599709030,2026-08-13T12:41:49.030,1,1
4599,588aca26ed1bfc095abf2de16bf97b57,101.0,3,1786599710031,2026-08-13T12:41:50.031,1,1
4600,588aca26ed1bfc095abf2de16bf97b57,101.0,3,1786599711034,2026-08-13T12:41:51.034,1,1
4601,588aca26ed1bfc095abf2de16bf97b57,101.0,3,1786599712034,2026-08-13T12:41:52.034,1,1
4602,588aca26ed1bfc095abf2de16bf97b57,101.0,3,1786599713021,2026-08-13T12:41:53.021,1,0
4603,588aca26ed1bfc095abf2de16bf97b57,102.0,3,1786599714017,2026-08-13T12:41:54.017,1,1
4604,588aca26ed1bfc095abf2de16bf97b57,103.0,3,1786599715017,2026-08-13T12:41:55.017,1,1
4605,588aca26ed1bfc095abf2de16bf97b57,102.0,3,1786599716011,2026-08-13T12:41:56.011,1,1
4606,588aca26ed1bfc095abf2de16bf97b57,101.0,3,1786599717018,2026-08-13T12:41:57.018,1,1
4607,588aca26ed1bfc095abf2de16bf97b57,100.0,3,1786599718020,2026-08-13T12:41:58.020,1,1
4608,588aca26ed1bfc095abf2de16bf97b57,99.0,3,1786599719018,2026-08-13T12:41:59.018,1,1
4609,588aca26ed1bfc095abf2de16bf97b57,98.0,3,1786599720017,2026-08-13T12:42:00.017,1,1
4610,588aca26ed1bfc095abf2de16bf97b57,98.0,3,1786599721017,2026-08-13T12:42:01.017,1,1
4611,588aca26ed1bfc095abf2de16bf97b57,99.0,3,1786599722012,2026-08-13T12:42:02.012,1,1
4612,588aca26ed1bfc095abf2de16bf97b57,99.0,3,1786599723016,2026-08-13T12:42:03.016,1,1
4613,588aca26ed1bfc095abf2de16bf97b57,100.0,3,1786599724011,2026-08-13T12:42:04.011,1,1
4614,588aca26ed1bfc095abf2de16bf97b57,100.0,3,1786599725014,2026-08-13T12:42:05.014,1,1
4615,588aca26ed1bfc095abf2de16bf97b57,99.0,3,1786599726015,2026-08-13T12:42:06.015,1,1
4616,588aca26ed1bfc095abf2de16bf97b57,98.0,3,1786599727017,2026-08-13T12:42:07.017,1,1
4617,588aca26ed1bfc095abf2de16bf97b57,97.0,3,1786599728013,2026-08-13T12:42:08.013,1,1
4618,588aca26ed1bfc095abf2de16bf97b57,96.0,3,1786599729012,2026-08-13T12:42:09.012,1,1
4619,588aca26ed1bfc095abf2de16bf97b57,97.0,3,1786599730012,2026-08-13T12:42:10.012,1,1
4620,588aca26ed1bfc095abf2de16bf97b57,98.0,3,1786599731012,2026-08-13T12:42:11.012,1,1
4621,588aca26ed1bfc095abf2de16bf97b57,99.0,3,1786599732012,2026-08-13T12:42:12.012,1,1
4622,588aca26ed1bfc095abf2de16bf97b57,100.0,3,1786599733012,2026-08-13T12:42:13.012,1,1
4623,588aca26ed1bfc095abf2de16bf97b57,100.0,3,1786599734012,2026-08-13T12:42:14.012,1,1
4624,588aca26ed1bfc095abf2de16bf97b57,100.0,3,1786599735012,2026-08-13T12:42:15.012,1,1
4625,588aca26ed1bfc095abf2de16bf97b57,99.0,3,1786599736012,2026-08-13T12:42:16.012,1,1
4626,588aca26ed1bfc095abf2de16bf97b57,99.0,3,1786599737012,2026-08-13T12:42:17.012,1,1
4627,588aca26ed1bfc095abf2de16bf97b57,98.0,3,1786599738020,2026-08-13T12:42:18.020,1,1
4628,588aca26ed1bfc095abf2de16bf97b57,98.0,3,1786599739011,2026-08-13T12:42:19.011,1,1
4629,588aca26ed1bfc095abf2de16bf97b57,98.0,3,1786599740012,2026-08-13T12:42:20.012,1,1
4630,588aca26ed1bfc095abf2de16bf97b57,97.0,3,1786599741012,2026-08-13T12:42:21.012,1,1
4631,588aca26ed1bfc095abf2de16bf97b57,97.0,3,1786599742014,2026-08-13T12:42:22.014,1,1
4632,588aca26ed1bfc095abf2de16bf97b57,97.0,3,1786599743013,2026-08-13T12:42:23.013,1,1
4633,588aca26ed1bfc095abf2de16bf97b57,96.0,3,1786599744014,2026-08-13T12:42:24.014,1,1
4634,588aca26ed1bfc095abf2de16bf97b57,96.0,3,1786599745013,2026-08-13T12:42:25.013,1,1
4635,588aca26ed1bfc095abf2de16bf97b57,96.0,3,1786599746022,2026-08-13T12:42:26.022,1,1
4636,588aca26ed1bfc095abf2de16bf97b57,97.0,3,1786599747012,2026-08-13T12:42:27.012,1,1
4637,588aca26ed1bfc095abf2de16bf97b57,98.0,3,1786599748012,2026-08-13T12:42:28.012,1,1
4638,588aca26ed1bfc095abf2de16bf97b57,98.0,3,1786599749012,2026-08-13T12:42:29.012,1,1
4639,588aca26ed1bfc095abf2de16bf97b57,99.0,3,1786599750014,2026-08-13T12:42:30.014,1,1
4640,588aca26ed1bfc095abf2de16bf97b57,99.0,3,1786599751013,2026-08-13T12:42:31.013,1,1
4641,588aca26ed1bfc095abf2de16bf97b57,99.0,3,1786599752013,2026-08-13T12:42:32.013,1,1
4642,588aca26ed1bfc095abf2de16bf97b57,99.0,3,1786599753011,2026-08-13T12:42:33.011,1,1
4643,588aca26ed1bfc095abf2de16bf97b57,99.0,3,1786599754012,2026-08-13T12:42:34.012,1,1
4644,588aca26ed1bfc095abf2de16bf97b57,99.0,3,1786599755013,2026-08-13T12:42:35.013,1,1
4645,588aca26ed1bfc095abf2de16bf97b57,99.0,3,1786599756012,2026-08-13T12:42:36.012,1,1
4646,588aca26ed1bfc095abf2de16bf97b57,99.0,3,1786599757013,2026-08-13T12:42:37.013,1,1
4647,588aca26ed1bfc095abf2de16bf97b57,100.0,3,1786599758013,2026-08-13T12:42:38.013,1,1
4648,588aca26ed1bfc095abf2de16bf97b57,101.0,3,1786599759012,2026-08-13T12:42:39.012,1,1
4649,588aca26ed1bfc095abf2de16bf97b57,102.0,3,1786599760012,2026-08-13T12:42:40.012,1,1
4650,588aca26ed1bfc095abf2de16bf97b57,103.0,3,1786599761012,2026-08-13T12:42:41.012,1,1
4651,588aca26ed1bfc095abf2de16bf97b57,104.0,3,1786599762017,2026-08-13T12:42:42.017,1,1
4652,588aca26ed1bfc095abf2de16bf97b57,104.0,3,1786599763012,2026-08-13T12:42:43.012,1,1
4653,588aca26ed1bfc095abf2de16bf97b57,104.0,3,1786599764012,2026-08-13T12:42:44.012,1,1
4654,588aca26ed1bfc095abf2de16bf97b57,103.0,3,1786599765012,2026-08-13T12:42:45.012,1,1
4655,588aca26ed1bfc095abf2de16bf97b57,103.0,3,1786599766012,2026-08-13T12:42:46.012,1,1
4656,588aca26ed1bfc095abf2de16bf97b57,102.0,3,1786599767012,2026-08-13T12:42:47.012,1,1
4657,588aca26ed1bfc095abf2de16bf97b57,101.0,3,1786599768012,2026-08-13T12:42:48.012,1,1
4658,588aca26ed1bfc095abf2de16bf97b57,101.0,3,1786599769012,2026-08-13T12:42:49.012,1,1
4659,588aca26ed1bfc095abf2de16bf97b57,101.0,3,1786599770012,2026-08-13T12:42:50.012,1,1
4660,588aca26ed1bfc095abf2de16bf97b57,101.0,3,1786599771012,2026-08-13T12:42:51.012,1,1
4661,588aca26ed1bfc095abf2de16bf97b57,102.0,3,1786599772012,2026-08-13T12:42:52.012,1,1
4662,588aca26ed1bfc095abf2de16bf97b57,102.0,3,1786599773013,2026-08-13T12:42:53.013,1,1
4663,588aca26ed1bfc095abf2de16bf97b57,102.0,3,1786599774012,2026-08-13T12:42:54.012,1,1
4664,588aca26ed1bfc095abf2de16bf97b57,101.0,3,1786599775012,2026-08-13T12:42:55.012,1,1
4665,588aca26ed1bfc095abf2de16bf97b57,100.0,3,1786599776012,2026-08-13T12:42:56.012,1,1
4666,588aca26ed1bfc095abf2de16bf97b57,98.0,3,1786599777012,2026-08-13T12:42:57.012,1,1
4667,588aca26ed1bfc095abf2de16bf97b57,97.0,3,1786599778012,2026-08-13T12:42:58.012,1,1
4668,588aca26ed1bfc095abf2de16bf97b57,96.0,3,1786599779012,2026-08-13T12:42:59.012,1,1
4669,588aca26ed1bfc095abf2de16bf97b57,95.0,3,1786599780016,2026-08-13T12:43:00.016,1,1
4670,588aca26ed1bfc095abf2de16bf97b57,93.0,3,1786599781012,2026-08-13T12:43:01.012,1,1
4671,588aca26ed1bfc095abf2de16bf97b57,93.0,3,1786599782012,2026-08-13T12:43:02.012,1,1
4672,588aca26ed1bfc095abf2de16bf97b57,93.0,3,1786599783015,2026-08-13T12:43:03.015,1,1
4673,588aca26ed1bfc095abf2de16bf97b57,92.0,3,1786599784015,2026-08-13T12:43:04.015,1,1
4674,588aca26ed1bfc095abf2de16bf97b57,94.0,3,1786599785012,2026-08-13T12:43:05.012,1,1
4675,588aca26ed1bfc095abf2de16bf97b57,95.0,3,1786599786011,2026-08-13T12:43:06.011,1,1
4676,588aca26ed1bfc095abf2de16bf97b57,96.0,3,1786599787012,2026-08-13T12:43:07.012,1,1
4677,588aca26ed1bfc095abf2de16bf97b57,97.0,3,1786599788012,2026-08-13T12:43:08.012,1,1
4678,588aca26ed1bfc095abf2de16bf97b57,96.0,3,1786599789011,2026-08-13T12:43:09.011,1,1
4679,588aca26ed1bfc095abf2de16bf97b57,95.0,3,1786599790012,2026-08-13T12:43:10.012,1,1
4680,588aca26ed1bfc095abf2de16bf97b57,94.0,3,1786599791012,2026-08-13T12:43:11.012,1,1
4681,588aca26ed1bfc095abf2de16bf97b57,94.0,3,1786599792012,2026-08-13T12:43:12.012,1,1
4682,588aca26ed1bfc095abf2de16bf97b57,95.0,3,1786599793012,2026-08-13T12:43:13.012,1,1
4683,588aca26ed1bfc095abf2de16bf97b57,96.0,3,1786599794011,2026-08-13T12:43:14.011,1,1
4684,588aca26ed1bfc095abf2de16bf97b57,96.0,3,1786599795012,2026-08-13T12:43:15.012,1,1
4685,588aca26ed1bfc095abf2de16bf97b57,98.0,3,1786599796012,2026-08-13T12:43:16.012,1,1
4686,588aca26ed1bfc095abf2de16bf97b57,98.0,3,1786599797012,2026-08-13T12:43:17.012,1,1
4687,588aca26ed1bfc095abf2de16bf97b57,98.0,3,1786599798012,2026-08-13T12:43:18.012,1,1
4688,588aca26ed1bfc095abf2de16bf97b57,99.0,3,1786599799012,2026-08-13T12:43:19.012,1,1
4689,588aca26ed1bfc095abf2de16bf97b57,99.0,3,1786599800012,2026-08-13T12:43:20.012,1,1
4690,588aca26ed1bfc095abf2de16bf97b57,98.0,3,1786599801012,2026-08-13T12:43:21.012,1,1
4691,588aca26ed1bfc095abf2de16bf97b57,98.0,3,1786599802012,2026-08-13T12:43:22.012,1,1
4692,588aca26ed1bfc095abf2de16bf97b57,98.0,3,1786599803012,2026-08-13T12:43:23.012,1,1
4693,588aca26ed1bfc095abf2de16bf97b57,98.0,3,1786599804012,2026-08-13T12:43:24.012,1,1
4694,588aca26ed1bfc095abf2de16bf97b57,98.0,3,1786599805013,2026-08-13T12:43:25.013,1,1
4695,588aca26ed1bfc095abf2de16bf97b57,98.0,3,1786599806013,2026-08-13T12:43:26.013,1,1
4696,588aca26ed1bfc095abf2de16bf97b57,98.0,3,1786599807012,2026-08-13T12:43:27.012,1,1
4697,588aca26ed1bfc095abf2de16bf97b57,97.0,3,1786599808012,2026-08-13T12:43:28.012,1,1
4698,588aca26ed1bfc095abf2de16bf97b57,97.0,3,1786599809012,2026-08-13T12:43:29.012,1,1
4699,588aca26ed1bfc095abf2de16bf97b57,96.0,3,1786599810012,2026-08-13T12:43:30.012,1,1
4700,588aca26ed1bfc095abf2de16bf97b57,97.0,3,1786599811012,2026-08-13T12:43:31.012,1,1
4701,588aca26ed1bfc095abf2de16bf97b57,98.0,3,1786599812012,2026-08-13T12:43:32.012,1,1
4702,588aca26ed1bfc095abf2de16bf97b57,98.0,3,1786599813012,2026-08-13T12:43:33.012,1,1
4703,588aca26ed1bfc095abf2de16bf97b57,99.0,3,1786599814013,2026-08-13T12:43:34.013,1,1
4704,588aca26ed1bfc095abf2de16bf97b57,100.0,3,1786599815013,2026-08-13T12:43:35.013,1,1
4705,588aca26ed1bfc095abf2de16bf97b57,101.0,3,1786599816012,2026-08-13T12:43:36.012,1,1
4706,588aca26ed1bfc095abf2de16bf97b57,102.0,3,1786599817021,2026-08-13T12:43:37.021,1,1
4707,588aca26ed1bfc095abf2de16bf97b57,102.0,3,1786599818021,2026-08-13T12:43:38.021,1,1
4708,588aca26ed1bfc095abf2de16bf97b57,102.0,3,1786599819016,2026-08-13T12:43:39.016,1,1
4709,588aca26ed1bfc095abf2de16bf97b57,102.0,3,1786599820019,2026-08-13T12:43:40.019,1,1
4710,588aca26ed1bfc095abf2de16bf97b57,102.0,3,1786599821016,2026-08-13T12:43:41.016,1,1
4711,588aca26ed1bfc095abf2de16bf97b57,101.0,3,1786599822019,2026-08-13T12:43:42.019,1,1
4712,588aca26ed1bfc095abf2de16bf97b57,101.0,3,1786599823018,2026-08-13T12:43:43.018,1,1
4713,588aca26ed1bfc095abf2de16bf97b57,100.0,3,1786599824017,2026-08-13T12:43:44.017,1,1
4714,588aca26ed1bfc095abf2de16bf97b57,100.0,3,1786599825012,2026-08-13T12:43:45.012,1,1
4715,588aca26ed1bfc095abf2de16bf97b57,100.0,3,1786599826021,2026-08-13T12:43:46.021,1,1
4716,588aca26ed1bfc095abf2de16bf97b57,100.0,3,1786599827013,2026-08-13T12:43:47.013,1,1
4717,588aca26ed1bfc095abf2de16bf97b57,99.0,3,1786599828013,2026-08-13T12:43:48.013,1,1
4718,588aca26ed1bfc095abf2de16bf97b57,99.0,3,1786599829014,2026-08-13T12:43:49.014,1,1
4719,588aca26ed1bfc095abf2de16bf97b57,98.0,3,1786599830013,2026-08-13T12:43:50.013,1,1
4720,588aca26ed1bfc095abf2de16bf97b57,98.0,3,1786599831012,2026-08-13T12:43:51.012,1,1
4721,588aca26ed1bfc095abf2de16bf97b57,98.0,3,1786599832012,2026-08-13T12:43:52.012,1,1
4722,588aca26ed1bfc095abf2de16bf97b57,97.0,3,1786599833013,2026-08-13T12:43:53.013,1,1
4723,588aca26ed1bfc095abf2de16bf97b57,97.0,3,1786599834012,2026-08-13T12:43:54.012,1,1
4724,588aca26ed1bfc095abf2de16bf97b57,97.0,3,1786599835014,2026-08-13T12:43:55.014,1,1
4725,588aca26ed1bfc095abf2de16bf97b57,97.0,3,1786599836012,2026-08-13T12:43:56.012,1,1
4726,588aca26ed1bfc095abf2de16bf97b57,97.0,3,1786599837012,2026-08-13T12:43:57.012,1,1
4727,588aca26ed1bfc095abf2de16bf97b57,98.0,3,1786599838011,2026-08-13T12:43:58.011,1,1
4728,588aca26ed1bfc095abf2de16bf97b57,98.0,3,1786599839012,2026-08-13T12:43:59.012,1,1
4729,588aca26ed1bfc095abf2de16bf97b57,98.0,3,1786599840012,2026-08-13T12:44:00.012,1,1
4730,588aca26ed1bfc095abf2de16bf97b57,99.0,3,1786599841012,2026-08-13T12:44:01.012,1,1
4731,588aca26ed1bfc095abf2de16bf97b57,100.0,3,1786599842012,2026-08-13T12:44:02.012,1,1
4732,588aca26ed1bfc095abf2de16bf97b57,100.0,3,1786599843013,2026-08-13T12:44:03.013,1,1
4733,588aca26ed1bfc095abf2de16bf97b57,101.0,3,1786599844012,2026-08-13T12:44:04.012,1,1
4734,588aca26ed1bfc095abf2de16bf97b57,102.0,3,1786599845012,2026-08-13T12:44:05.012,1,1
4735,588aca26ed1bfc095abf2de16bf97b57,103.0,3,1786599846012,2026-08-13T12:44:06.012,1,1
4736,588aca26ed1bfc095abf2de16bf97b57,104.0,3,1786599847019,2026-08-13T12:44:07.019,1,1
4737,588aca26ed1bfc095abf2de16bf97b57,105.0,3,1786599848014,2026-08-13T12:44:08.014,1,1
4738,588aca26ed1bfc095abf2de16bf97b57,105.0,3,1786599849012,2026-08-13T12:44:09.012,1,1
4739,588aca26ed1bfc095abf2de16bf97b57,104.0,3,1786599850012,2026-08-13T12:44:10.012,1,1
4740,588aca26ed1bfc095abf2de16bf97b57,103.0,3,1786599851015,2026-08-13T12:44:11.015,1,1
4741,588aca26ed1bfc095abf2de16bf97b57,102.0,3,1786599852016,2026-08-13T12:44:12.016,1,1
4742,588aca26ed1bfc095abf2de16bf97b57,103.0,3,1786599853012,2026-08-13T12:44:13.012,1,1
4743,588aca26ed1bfc095abf2de16bf97b57,103.0,3,1786599854014,2026-08-13T12:44:14.014,1,1
4744,588aca26ed1bfc095abf2de16bf97b57,103.0,3,1786599855016,2026-08-13T12:44:15.016,1,1
4745,588aca26ed1bfc095abf2de16bf97b57,102.0,3,1786599856027,2026-08-13T12:44:16.027,1,1
4746,588aca26ed1bfc095abf2de16bf97b57,101.0,3,1786599857016,2026-08-13T12:44:17.016,1,1
4747,588aca26ed1bfc095abf2de16bf97b57,100.0,3,1786599858016,2026-08-13T12:44:18.016,1,1
4748,588aca26ed1bfc095abf2de16bf97b57,99.0,3,1786599859016,2026-08-13T12:44:19.016,1,1
4749,588aca26ed1bfc095abf2de16bf97b57,99.0,3,1786599860017,2026-08-13T12:44:20.017,1,1
4750,588aca26ed1bfc095abf2de16bf97b57,98.0,3,1786599861027,2026-08-13T12:44:21.027,1,1
4751,588aca26ed1bfc095abf2de16bf97b57,97.0,3,1786599862016,2026-08-13T12:44:22.016,1,1
4752,588aca26ed1bfc095abf2de16bf97b57,96.0,3,1786599863019,2026-08-13T12:44:23.019,1,1
4753,588aca26ed1bfc095abf2de16bf97b57,96.0,3,1786599864017,2026-08-13T12:44:24.017,1,1
4754,588aca26ed1bfc095abf2de16bf97b57,95.0,3,1786599865029,2026-08-13T12:44:25.029,1,1
4755,588aca26ed1bfc095abf2de16bf97b57,95.0,3,1786599866018,2026-08-13T12:44:26.018,1,1
4756,588aca26ed1bfc095abf2de16bf97b57,94.0,3,1786599867012,2026-08-13T12:44:27.012,1,1
4757,588aca26ed1bfc095abf2de16bf97b57,94.0,3,1786599868012,2026-08-13T12:44:28.012,1,1
4758,588aca26ed1bfc095abf2de16bf97b57,94.0,3,1786599869012,2026-08-13T12:44:29.012,1,1
4759,588aca26ed1bfc095abf2de16bf97b57,94.0,3,1786599870012,2026-08-13T12:44:30.012,1,1
4760,588aca26ed1bfc095abf2de16bf97b57,95.0,3,1786599871012,2026-08-13T12:44:31.012,1,1
4761,588aca26ed1bfc095abf2de16bf97b57,96.0,3,1786599872012,2026-08-13T12:44:32.012,1,1
4762,588aca26ed1bfc095abf2de16bf97b57,97.0,3,1786599873012,2026-08-13T12:44:33.012,1,1
4763,588aca26ed1bfc095abf2de16bf97b57,98.0,3,1786599874012,2026-08-13T12:44:34.012,1,1
4764,588aca26ed1bfc095abf2de16bf97b57,99.0,3,1786599875012,2026-08-13T12:44:35.012,1,1
4765,588aca26ed1bfc095abf2de16bf97b57,100.0,3,1786599876012,2026-08-13T12:44:36.012,1,1
4766,588aca26ed1bfc095abf2de16bf97b57,101.0,3,1786599877012,2026-08-13T12:44:37.012,1,1
4767,588aca26ed1bfc095abf2de16bf97b57,102.0,3,1786599878013,2026-08-13T12:44:38.013,1,1
4768,588aca26ed1bfc095abf2de16bf97b57,102.0,3,1786599879011,2026-08-13T12:44:39.011,1,1
4769,588aca26ed1bfc095abf2de16bf97b57,102.0,3,1786599880012,2026-08-13T12:44:40.012,1,1
4770,588aca26ed1bfc095abf2de16bf97b57,102.0,3,1786599881011,2026-08-13T12:44:41.011,1,1
4771,588aca26ed1bfc095abf2de16bf97b57,102.0,3,1786599882012,2026-08-13T12:44:42.012,1,1
4772,588aca26ed1bfc095abf2de16bf97b57,102.0,3,1786599883012,2026-08-13T12:44:43.012,1,1
4773,588aca26ed1bfc095abf2de16bf97b57,102.0,3,1786599884012,2026-08-13T12:44:44.012,1,1
4774,588aca26ed1bfc095abf2de16bf97b57,102.0,3,1786599885012,2026-08-13T12:44:45.012,1,1
4775,588aca26ed1bfc095abf2de16bf97b57,101.0,3,1786599886012,2026-08-13T12:44:46.012,1,1
4776,588aca26ed1bfc095abf2de16bf97b57,101.0,3,1786599887012,2026-08-13T12:44:47.012,1,1
4777,588aca26ed1bfc095abf2de16bf97b57,100.0,3,1786599888012,2026-08-13T12:44:48.012,1,1
4778,588aca26ed1bfc095abf2de16bf97b57,100.0,3,1786599889012,2026-08-13T12:44:49.012,1,1
4779,588aca26ed1bfc095abf2de16bf97b57,100.0,3,1786599890012,2026-08-13T12:44:50.012,1,1
4780,588aca26ed1bfc095abf2de16bf97b57,99.0,3,1786599891012,2026-08-13T12:44:51.012,1,1
4781,588aca26ed1bfc095abf2de16bf97b57,99.0,3,1786599892013,2026-08-13T12:44:52.013,1,1
4782,588aca26ed1bfc095abf2de16bf97b57,99.0,3,1786599893012,2026-08-13T12:44:53.012,1,1
4783,588aca26ed1bfc095abf2de16bf97b57,99.0,3,1786599894012,2026-08-13T12:44:54.012,1,1
4784,588aca26ed1bfc095abf2de16bf97b57,99.0,3,1786599895012,2026-08-13T12:44:55.012,1,1
4785,588aca26ed1bfc095abf2de16bf97b57,99.0,3,1786599896012,2026-08-13T12:44:56.012,1,1
4786,588aca26ed1bfc095abf2de16bf97b57,99.0,3,1786599897011,2026-08-13T12:44:57.011,1,1
4787,588aca26ed1bfc095abf2de16bf97b57,99.0,3,1786599898012,2026-08-13T12:44:58.012,1,1
4788,588aca26ed1bfc095abf2de16bf97b57,99.0,3,1786599899012,2026-08-13T12:44:59.012,1,1
4789,588aca26ed1bfc095abf2de16bf97b57,99.0,3,1786599900012,2026-08-13T12:45:00.012,1,1
4790,588aca26ed1bfc095abf2de16bf97b57,99.0,3,1786599901012,2026-08-13T12:45:01.012,1,1
4791,588aca26ed1bfc095abf2de16bf97b57,99.0,3,1786599902013,2026-08-13T12:45:02.013,1,1
4792,588aca26ed1bfc095abf2de16bf97b57,99.0,3,1786599903018,2026-08-13T12:45:03.018,1,1
4793,588aca26ed1bfc095abf2de16bf97b57,100.0,3,1786599904020,2026-08-13T12:45:04.020,1,1
4794,588aca26ed1bfc095abf2de16bf97b57,100.0,3,1786599905018,2026-08-13T12:45:05.018,1,1
4795,588aca26ed1bfc095abf2de16bf97b57,100.0,3,1786599906017,2026-08-13T12:45:06.017,1,1
4796,588aca26ed1bfc095abf2de16bf97b57,100.0,3,1786599907012,2026-08-13T12:45:07.012,1,1
4797,588aca26ed1bfc095abf2de16bf97b57,100.0,3,1786599908015,2026-08-13T12:45:08.015,1,1
4798,588aca26ed1bfc095abf2de16bf97b57,100.0,3,1786599909012,2026-08-13T12:45:09.012,1,1
4799,588aca26ed1bfc095abf2de16bf97b57,100.0,3,1786599910017,2026-08-13T12:45:10.017,1,1
4800,588aca26ed1bfc095abf2de16bf97b57,100.0,3,1786599911019,2026-08-13T12:45:11.019,1,1
4801,588aca26ed1bfc095abf2de16bf97b57,100.0,3,1786599912011,2026-08-13T12:45:12.011,1,1
4802,588aca26ed1bfc095abf2de16bf97b57,100.0,3,1786599913018,2026-08-13T12:45:13.018,1,1
4803,588aca26ed1bfc095abf2de16bf97b57,100.0,3,1786599914018,2026-08-13T12:45:14.018,1,1
4804,588aca26ed1bfc095abf2de16bf97b57,99.0,3,1786599915012,2026-08-13T12:45:15.012,1,1
4805,588aca26ed1bfc095abf2de16bf97b57,99.0,3,1786599916017,2026-08-13T12:45:16.017,1,1
4806,588aca26ed1bfc095abf2de16bf97b57,99.0,3,1786599917019,2026-08-13T12:45:17.019,1,1
4807,588aca26ed1bfc095abf2de16bf97b57,98.0,3,1786599918019,2026-08-13T12:45:18.019,1,1
4808,588aca26ed1bfc095abf2de16bf97b57,98.0,3,1786599919016,2026-08-13T12:45:19.016,1,1
4809,588aca26ed1bfc095abf2de16bf97b57,99.0,3,1786599920016,2026-08-13T12:45:20.016,1,1
4810,588aca26ed1bfc095abf2de16bf97b57,99.0,3,1786599921016,2026-08-13T12:45:21.016,1,1
4811,588aca26ed1bfc095abf2de16bf97b57,99.0,3,1786599922015,2026-08-13T12:45:22.015,1,1
4812,588aca26ed1bfc095abf2de16bf97b57,99.0,3,1786599923016,2026-08-13T12:45:23.016,1,1
4813,588aca26ed1bfc095abf2de16bf97b57,99.0,3,1786599924014,2026-08-13T12:45:24.014,1,1
4814,588aca26ed1bfc095abf2de16bf97b57,100.0,3,1786599925012,2026-08-13T12:45:25.012,1,1
4815,588aca26ed1bfc095abf2de16bf97b57,100.0,3,1786599926013,2026-08-13T12:45:26.013,1,1
4816,588aca26ed1bfc095abf2de16bf97b57,100.0,3,1786599927012,2026-08-13T12:45:27.012,1,1
4817,588aca26ed1bfc095abf2de16bf97b57,100.0,3,1786599928011,2026-08-13T12:45:28.011,1,1
4818,588aca26ed1bfc095abf2de16bf97b57,100.0,3,1786599929012,2026-08-13T12:45:29.012,1,1
4819,588aca26ed1bfc095abf2de16bf97b57,100.0,3,1786599930014,2026-08-13T12:45:30.014,1,1
4820,588aca26ed1bfc095abf2de16bf97b57,100.0,3,1786599931011,2026-08-13T12:45:31.011,1,1
4821,588aca26ed1bfc095abf2de16bf97b57,100.0,3,1786599932012,2026-08-13T12:45:32.012,1,1
4822,588aca26ed1bfc095abf2de16bf97b57,101.0,3,1786599933013,2026-08-13T12:45:33.013,1,1
4823,588aca26ed1bfc095abf2de16bf97b57,101.0,3,1786599934012,2026-08-13T12:45:34.012,1,1
4824,588aca26ed1bfc095abf2de16bf97b57,102.0,3,1786599935012,2026-08-13T12:45:35.012,1,1
4825,588aca26ed1bfc095abf2de16bf97b57,101.0,3,1786599936015,2026-08-13T12:45:36.015,1,1
4826,588aca26ed1bfc095abf2de16bf97b57,101.0,3,1786599937014,2026-08-13T12:45:37.014,1,1
4827,588aca26ed1bfc095abf2de16bf97b57,101.0,3,1786599938013,2026-08-13T12:45:38.013,1,1
4828,588aca26ed1bfc095abf2de16bf97b57,102.0,3,1786599939013,2026-08-13T12:45:39.013,1,1
4829,588aca26ed1bfc095abf2de16bf97b57,102.0,3,1786599940012,2026-08-13T12:45:40.012,1,1
4830,588aca26ed1bfc095abf2de16bf97b57,103.0,3,1786599941012,2026-08-13T12:45:41.012,1,1
4831,588aca26ed1bfc095abf2de16bf97b57,105.0,3,1786599942012,2026-08-13T12:45:42.012,1,1
4832,588aca26ed1bfc095abf2de16bf97b57,105.0,3,1786599943012,2026-08-13T12:45:43.012,1,1
4833,588aca26ed1bfc095abf2de16bf97b57,106.0,3,1786599944012,2026-08-13T12:45:44.012,1,1
4834,588aca26ed1bfc095abf2de16bf97b57,106.0,3,1786599945012,2026-08-13T12:45:45.012,1,1
4835,588aca26ed1bfc095abf2de16bf97b57,106.0,3,1786599946018,2026-08-13T12:45:46.018,1,1
4836,588aca26ed1bfc095abf2de16bf97b57,106.0,3,1786599947011,2026-08-13T12:45:47.011,1,1
4837,588aca26ed1bfc095abf2de16bf97b57,106.0,3,1786599948012,2026-08-13T12:45:48.012,1,1
4838,588aca26ed1bfc095abf2de16bf97b57,105.0,3,1786599949012,2026-08-13T12:45:49.012,1,1
4839,588aca26ed1bfc095abf2de16bf97b57,105.0,3,1786599950011,2026-08-13T12:45:50.011,1,1
4840,588aca26ed1bfc095abf2de16bf97b57,104.0,3,1786599951012,2026-08-13T12:45:51.012,1,1
4841,588aca26ed1bfc095abf2de16bf97b57,104.0,3,1786599952012,2026-08-13T12:45:52.012,1,1
4842,588aca26ed1bfc095abf2de16bf97b57,103.0,3,1786599953013,2026-08-13T12:45:53.013,1,1
4843,588aca26ed1bfc095abf2de16bf97b57,102.0,3,1786599954011,2026-08-13T12:45:54.011,1,1
4844,588aca26ed1bfc095abf2de16bf97b57,101.0,3,1786599955012,2026-08-13T12:45:55.012,1,1
4845,588aca26ed1bfc095abf2de16bf97b57,101.0,3,1786599956012,2026-08-13T12:45:56.012,1,1
4846,588aca26ed1bfc095abf2de16bf97b57,100.0,3,1786599957012,2026-08-13T12:45:57.012,1,1
4847,588aca26ed1bfc095abf2de16bf97b57,100.0,3,1786599958012,2026-08-13T12:45:58.012,1,1
4848,588aca26ed1bfc095abf2de16bf97b57,99.0,3,1786599959012,2026-08-13T12:45:59.012,1,1
4849,588aca26ed1bfc095abf2de16bf97b57,99.0,3,1786599960012,2026-08-13T12:46:00.012,1,1
4850,588aca26ed1bfc095abf2de16bf97b57,98.0,3,1786599961012,2026-08-13T12:46:01.012,1,1
4851,588aca26ed1bfc095abf2de16bf97b57,98.0,3,1786599962012,2026-08-13T12:46:02.012,1,1
4852,588aca26ed1bfc095abf2de16bf97b57,98.0,3,1786599963012,2026-08-13T12:46:03.012,1,1
4853,588aca26ed1bfc095abf2de16bf97b57,98.0,3,1786599964012,2026-08-13T12:46:04.012,1,1
4854,588aca26ed1bfc095abf2de16bf97b57,98.0,3,1786599965012,2026-08-13T12:46:05.012,1,1
4855,588aca26ed1bfc095abf2de16bf97b57,98.0,3,1786599966012,2026-08-13T12:46:06.012,1,1
4856,588aca26ed1bfc095abf2de16bf97b57,98.0,3,1786599967012,2026-08-13T12:46:07.012,1,1
4857,588aca26ed1bfc095abf2de16bf97b57,98.0,3,1786599968011,2026-08-13T12:46:08.011,1,1
4858,588aca26ed1bfc095abf2de16bf97b57,98.0,3,1786599969012,2026-08-13T12:46:09.012,1,1
4859,588aca26ed1bfc095abf2de16bf97b57,98.0,3,1786599970013,2026-08-13T12:46:10.013,1,1
4860,588aca26ed1bfc095abf2de16bf97b57,98.0,3,1786599971013,2026-08-13T12:46:11.013,1,1
4861,588aca26ed1bfc095abf2de16bf97b57,98.0,3,1786599972018,2026-08-13T12:46:12.018,1,1
4862,588aca26ed1bfc095abf2de16bf97b57,98.0,3,1786599973020,2026-08-13T12:46:13.020,1,1
4863,588aca26ed1bfc095abf2de16bf97b57,98.0,3,1786599974018,2026-08-13T12:46:14.018,1,1
4864,588aca26ed1bfc095abf2de16bf97b57,98.0,3,1786599975018,2026-08-13T12:46:15.018,1,1
4865,588aca26ed1bfc095abf2de16bf97b57,98.0,3,1786599976017,2026-08-13T12:46:16.017,1,1
4866,588aca26ed1bfc095abf2de16bf97b57,98.0,3,1786599977016,2026-08-13T12:46:17.016,1,1
4867,588aca26ed1bfc095abf2de16bf97b57,98.0,3,1786599978012,2026-08-13T12:46:18.012,1,1
4868,588aca26ed1bfc095abf2de16bf97b57,98.0,3,1786599979024,2026-08-13T12:46:19.024,1,1
4869,588aca26ed1bfc095abf2de16bf97b57,99.0,3,1786599980013,2026-08-13T12:46:20.013,1,1
4870,588aca26ed1bfc095abf2de16bf97b57,100.0,3,1786599981012,2026-08-13T12:46:21.012,1,1
4871,588aca26ed1bfc095abf2de16bf97b57,101.0,3,1786599982012,2026-08-13T12:46:22.012,1,1
4872,588aca26ed1bfc095abf2de16bf97b57,102.0,3,1786599983012,2026-08-13T12:46:23.012,1,1
4873,588aca26ed1bfc095abf2de16bf97b57,104.0,3,1786599984012,2026-08-13T12:46:24.012,1,1
4874,588aca26ed1bfc095abf2de16bf97b57,105.0,3,1786599985012,2026-08-13T12:46:25.012,1,1
4875,588aca26ed1bfc095abf2de16bf97b57,106.0,3,1786599986012,2026-08-13T12:46:26.012,1,1
4876,588aca26ed1bfc095abf2de16bf97b57,106.0,3,1786599987012,2026-08-13T12:46:27.012,1,1
4877,588aca26ed1bfc095abf2de16bf97b57,107.0,3,1786599988014,2026-08-13T12:46:28.014,1,1
4878,588aca26ed1bfc095abf2de16bf97b57,107.0,3,1786599989012,2026-08-13T12:46:29.012,1,1
4879,588aca26ed1bfc095abf2de16bf97b57,107.0,3,1786599990013,2026-08-13T12:46:30.013,1,1
4880,588aca26ed1bfc095abf2de16bf97b57,107.0,3,1786599991011,2026-08-13T12:46:31.011,1,1
4881,588aca26ed1bfc095abf2de16bf97b57,106.0,3,1786599992014,2026-08-13T12:46:32.014,1,1
4882,588aca26ed1bfc095abf2de16bf97b57,105.0,3,1786599993012,2026-08-13T12:46:33.012,1,1
4883,588aca26ed1bfc095abf2de16bf97b57,104.0,3,1786599994012,2026-08-13T12:46:34.012,1,1
4884,588aca26ed1bfc095abf2de16bf97b57,104.0,3,1786599995012,2026-08-13T12:46:35.012,1,1
4885,588aca26ed1bfc095abf2de16bf97b57,103.0,3,1786599996011,2026-08-13T12:46:36.011,1,1
4886,588aca26ed1bfc095abf2de16bf97b57,102.0,3,1786599997011,2026-08-13T12:46:37.011,1,1
4887,588aca26ed1bfc095abf2de16bf97b57,101.0,3,1786599998012,2026-08-13T12:46:38.012,1,1
4888,588aca26ed1bfc095abf2de16bf97b57,100.0,3,1786599999011,2026-08-13T12:46:39.011,1,1
4889,588aca26ed1bfc095abf2de16bf97b57,99.0,3,1786600000011,2026-08-13T12:46:40.011,1,1
4890,588aca26ed1bfc095abf2de16bf97b57,99.0,3,1786600001011,2026-08-13T12:46:41.011,1,1
4891,588aca26ed1bfc095abf2de16bf97b57,98.0,3,1786600002011,2026-08-13T12:46:42.011,1,1
4892,588aca26ed1bfc095abf2de16bf97b57,97.0,3,1786600003012,2026-08-13T12:46:43.012,1,1
4893,588aca26ed1bfc095abf2de16bf97b57,97.0,3,1786600004020,2026-08-13T12:46:44.020,1,1
4894,588aca26ed1bfc095abf2de16bf97b57,97.0,3,1786600005021,2026-08-13T12:46:45.021,1,1
4895,588aca26ed1bfc095abf2de16bf97b57,97.0,3,1786600006019,2026-08-13T12:46:46.019,1,1
4896,588aca26ed1bfc095abf2de16bf97b57,97.0,3,1786600007015,2026-08-13T12:46:47.015,1,1
4897,588aca26ed1bfc095abf2de16bf97b57,97.0,3,1786600008012,2026-08-13T12:46:48.012,1,1
4898,588aca26ed1bfc095abf2de16bf97b57,97.0,3,1786600009015,2026-08-13T12:46:49.015,1,1
4899,588aca26ed1bfc095abf2de16bf97b57,97.0,3,1786600010012,2026-08-13T12:46:50.012,1,1
4900,588aca26ed1bfc095abf2de16bf97b57,97.0,3,1786600011014,2026-08-13T12:46:51.014,1,1
4901,588aca26ed1bfc095abf2de16bf97b57,98.0,3,1786600012019,2026-08-13T12:46:52.019,1,1
4902,588aca26ed1bfc095abf2de16bf97b57,98.0,3,1786600013012,2026-08-13T12:46:53.012,1,1
4903,588aca26ed1bfc095abf2de16bf97b57,98.0,3,1786600014012,2026-08-13T12:46:54.012,1,1
4904,588aca26ed1bfc095abf2de16bf97b57,98.0,3,1786600015012,2026-08-13T12:46:55.012,1,1
4905,588aca26ed1bfc095abf2de16bf97b57,99.0,3,1786600016012,2026-08-13T12:46:56.012,1,1
4906,588aca26ed1bfc095abf2de16bf97b57,99.0,3,1786600017012,2026-08-13T12:46:57.012,1,1
4907,588aca26ed1bfc095abf2de16bf97b57,99.0,3,1786600018014,2026-08-13T12:46:58.014,1,1
4908,588aca26ed1bfc095abf2de16bf97b57,100.0,3,1786600019013,2026-08-13T12:46:59.013,1,1
4909,588aca26ed1bfc095abf2de16bf97b57,101.0,3,1786600020012,2026-08-13T12:47:00.012,1,1
4910,588aca26ed1bfc095abf2de16bf97b57,101.0,3,1786600021012,2026-08-13T12:47:01.012,1,1
4911,588aca26ed1bfc095abf2de16bf97b57,101.0,3,1786600022011,2026-08-13T12:47:02.011,1,1
4912,588aca26ed1bfc095abf2de16bf97b57,101.0,3,1786600023012,2026-08-13T12:47:03.012,1,1
4913,588aca26ed1bfc095abf2de16bf97b57,101.0,3,1786600024012,2026-08-13T12:47:04.012,1,1
4914,588aca26ed1bfc095abf2de16bf97b57,101.0,3,1786600025012,2026-08-13T12:47:05.012,1,1
4915,588aca26ed1bfc095abf2de16bf97b57,102.0,3,1786600026013,2026-08-13T12:47:06.013,1,1
4916,588aca26ed1bfc095abf2de16bf97b57,103.0,3,1786600027012,2026-08-13T12:47:07.012,1,1
4917,588aca26ed1bfc095abf2de16bf97b57,103.0,3,1786600028012,2026-08-13T12:47:08.012,1,1
4918,588aca26ed1bfc095abf2de16bf97b57,103.0,3,1786600029012,2026-08-13T12:47:09.012,1,1
4919,588aca26ed1bfc095abf2de16bf97b57,103.0,3,1786600030021,2026-08-13T12:47:10.021,1,1
4920,588aca26ed1bfc095abf2de16bf97b57,102.0,3,1786600031017,2026-08-13T12:47:11.017,1,1
4921,588aca26ed1bfc095abf2de16bf97b57,102.0,3,1786600032016,2026-08-13T12:47:12.016,1,1
4922,588aca26ed1bfc095abf2de16bf97b57,101.0,3,1786600033012,2026-08-13T12:47:13.012,1,1
4923,588aca26ed1bfc095abf2de16bf97b57,100.0,3,1786600034021,2026-08-13T12:47:14.021,1,1
4924,588aca26ed1bfc095abf2de16bf97b57,99.0,3,1786600035012,2026-08-13T12:47:15.012,1,1
4925,588aca26ed1bfc095abf2de16bf97b57,98.0,3,1786600036012,2026-08-13T12:47:16.012,1,1
4926,588aca26ed1bfc095abf2de16bf97b57,97.0,3,1786600037012,2026-08-13T12:47:17.012,1,1
4927,588aca26ed1bfc095abf2de16bf97b57,96.0,3,1786600038012,2026-08-13T12:47:18.012,1,1
4928,588aca26ed1bfc095abf2de16bf97b57,96.0,3,1786600039011,2026-08-13T12:47:19.011,1,1
4929,588aca26ed1bfc095abf2de16bf97b57,95.0,3,1786600040012,2026-08-13T12:47:20.012,1,1
4930,588aca26ed1bfc095abf2de16bf97b57,95.0,3,1786600041012,2026-08-13T12:47:21.012,1,1
4931,588aca26ed1bfc095abf2de16bf97b57,94.0,3,1786600042012,2026-08-13T12:47:22.012,1,1
4932,588aca26ed1bfc095abf2de16bf97b57,94.0,3,1786600043012,2026-08-13T12:47:23.012,1,1
4933,588aca26ed1bfc095abf2de16bf97b57,94.0,3,1786600044012,2026-08-13T12:47:24.012,1,1
4934,588aca26ed1bfc095abf2de16bf97b57,94.0,3,1786600045012,2026-08-13T12:47:25.012,1,1
4935,588aca26ed1bfc095abf2de16bf97b57,95.0,3,1786600046012,2026-08-13T12:47:26.012,1,1
4936,588aca26ed1bfc095abf2de16bf97b57,96.0,3,1786600047013,2026-08-13T12:47:27.013,1,1
4937,588aca26ed1bfc095abf2de16bf97b57,97.0,3,1786600048012,2026-08-13T12:47:28.012,1,1
4938,588aca26ed1bfc095abf2de16bf97b57,98.0,3,1786600049012,2026-08-13T12:47:29.012,1,1
4939,588aca26ed1bfc095abf2de16bf97b57,99.0,3,1786600050012,2026-08-13T12:47:30.012,1,1
4940,588aca26ed1bfc095abf2de16bf97b57,101.0,3,1786600051012,2026-08-13T12:47:31.012,1,1
4941,588aca26ed1bfc095abf2de16bf97b57,101.0,3,1786600052011,2026-08-13T12:47:32.011,1,1
4942,588aca26ed1bfc095abf2de16bf97b57,102.0,3,1786600053021,2026-08-13T12:47:33.021,1,1
4943,588aca26ed1bfc095abf2de16bf97b57,102.0,3,1786600054021,2026-08-13T12:47:34.021,1,1
4944,588aca26ed1bfc095abf2de16bf97b57,102.0,3,1786600055020,2026-08-13T12:47:35.020,1,1
4945,588aca26ed1bfc095abf2de16bf97b57,102.0,3,1786600056018,2026-08-13T12:47:36.018,1,1
4946,588aca26ed1bfc095abf2de16bf97b57,101.0,3,1786600057019,2026-08-13T12:47:37.019,1,1
4947,588aca26ed1bfc095abf2de16bf97b57,101.0,3,1786600058016,2026-08-13T12:47:38.016,1,1
4948,588aca26ed1bfc095abf2de16bf97b57,101.0,3,1786600059012,2026-08-13T12:47:39.012,1,1
4949,588aca26ed1bfc095abf2de16bf97b57,100.0,3,1786600060015,2026-08-13T12:47:40.015,1,1
4950,588aca26ed1bfc095abf2de16bf97b57,100.0,3,1786600061012,2026-08-13T12:47:41.012,1,1
4951,588aca26ed1bfc095abf2de16bf97b57,99.0,3,1786600062012,2026-08-13T12:47:42.012,1,1
4952,588aca26ed1bfc095abf2de16bf97b57,99.0,3,1786600063012,2026-08-13T12:47:43.012,1,1
4953,588aca26ed1bfc095abf2de16bf97b57,99.0,3,1786600064012,2026-08-13T12:47:44.012,1,1
4954,588aca26ed1bfc095abf2de16bf97b57,100.0,3,1786600065012,2026-08-13T12:47:45.012,1,1
4955,588aca26ed1bfc095abf2de16bf97b57,100.0,3,1786600066012,2026-08-13T12:47:46.012,1,1
4956,588aca26ed1bfc095abf2de16bf97b57,100.0,3,1786600067012,2026-08-13T12:47:47.012,1,1
4957,588aca26ed1bfc095abf2de16bf97b57,100.0,3,1786600068013,2026-08-13T12:47:48.013,1,1
4958,588aca26ed1bfc095abf2de16bf97b57,100.0,3,1786600069012,2026-08-13T12:47:49.012,1,1
4959,588aca26ed1bfc095abf2de16bf97b57,100.0,3,1786600070012,2026-08-13T12:47:50.012,1,1
4960,588aca26ed1bfc095abf2de16bf97b57,100.0,3,1786600071012,2026-08-13T12:47:51.012,1,1
4961,588aca26ed1bfc095abf2de16bf97b57,100.0,3,1786600072012,2026-08-13T12:47:52.012,1,1
4962,588aca26ed1bfc095abf2de16bf97b57,100.0,3,1786600073013,2026-08-13T12:47:53.013,1,1
4963,588aca26ed1bfc095abf2de16bf97b57,100.0,3,1786600074014,2026-08-13T12:47:54.014,1,1
4964,588aca26ed1bfc095abf2de16bf97b57,100.0,3,1786600075013,2026-08-13T12:47:55.013,1,1
4965,588aca26ed1bfc095abf2de16bf97b57,100.0,3,1786600076012,2026-08-13T12:47:56.012,1,1
4966,588aca26ed1bfc095abf2de16bf97b57,100.0,3,1786600077012,2026-08-13T12:47:57.012,1,1
4967,588aca26ed1bfc095abf2de16bf97b57,99.0,3,1786600078013,2026-08-13T12:47:58.013,1,1
4968,588aca26ed1bfc095abf2de16bf97b57,99.0,3,1786600079013,2026-08-13T12:47:59.013,1,1
4969,588aca26ed1bfc095abf2de16bf97b57,98.0,3,1786600080013,2026-08-13T12:48:00.013,1,1
4970,588aca26ed1bfc095abf2de16bf97b57,98.0,3,1786600081012,2026-08-13T12:48:01.012,1,1
4971,588aca26ed1bfc095abf2de16bf97b57,98.0,3,1786600082011,2026-08-13T12:48:02.011,1,1
4972,588aca26ed1bfc095abf2de16bf97b57,98.0,3,1786600083012,2026-08-13T12:48:03.012,1,1
4973,588aca26ed1bfc095abf2de16bf97b57,99.0,3,1786600084012,2026-08-13T12:48:04.012,1,1
4974,588aca26ed1bfc095abf2de16bf97b57,99.0,3,1786600085012,2026-08-13T12:48:05.012,1,1
4975,588aca26ed1bfc095abf2de16bf97b57,99.0,3,1786600086012,2026-08-13T12:48:06.012,1,1
4976,588aca26ed1bfc095abf2de16bf97b57,99.0,3,1786600087012,2026-08-13T12:48:07.012,1,1
4977,588aca26ed1bfc095abf2de16bf97b57,99.0,3,1786600088012,2026-08-13T12:48:08.012,1,1
4978,588aca26ed1bfc095abf2de16bf97b57,99.0,3,1786600089012,2026-08-13T12:48:09.012,1,1
4979,588aca26ed1bfc095abf2de16bf97b57,99.0,3,1786600090012,2026-08-13T12:48:10.012,1,1
4980,588aca26ed1bfc095abf2de16bf97b57,99.0,3,1786600091012,2026-08-13T12:48:11.012,1,1
4981,588aca26ed1bfc095abf2de16bf97b57,99.0,3,1786600092012,2026-08-13T12:48:12.012,1,1
4982,588aca26ed1bfc095abf2de16bf97b57,98.0,3,1786600093012,2026-08-13T12:48:13.012,1,1
4983,588aca26ed1bfc095abf2de16bf97b57,98.0,3,1786600094012,2026-08-13T12:48:14.012,1,1
4984,588aca26ed1bfc095abf2de16bf97b57,98.0,3,1786600095012,2026-08-13T12:48:15.012,1,1
4985,588aca26ed1bfc095abf2de16bf97b57,98.0,3,1786600096012,2026-08-13T12:48:16.012,1,1
4986,588aca26ed1bfc095abf2de16bf97b57,98.0,3,1786600097012,2026-08-13T12:48:17.012,1,1
4987,588aca26ed1bfc095abf2de16bf97b57,98.0,3,1786600098012,2026-08-13T12:48:18.012,1,1
4988,588aca26ed1bfc095abf2de16bf97b57,98.0,3,1786600099012,2026-08-13T12:48:19.012,1,1
4989,588aca26ed1bfc095abf2de16bf97b57,97.0,3,1786600100012,2026-08-13T12:48:20.012,1,1
4990,588aca26ed1bfc095abf2de16bf97b57,97.0,3,1786600101012,2026-08-13T12:48:21.012,1,1
4991,588aca26ed1bfc095abf2de16bf97b57,97.0,3,1786600102012,2026-08-13T12:48:22.012,1,1
4992,588aca26ed1bfc095abf2de16bf97b57,97.0,3,1786600103012,2026-08-13T12:48:23.012,1,1
4993,588aca26ed1bfc095abf2de16bf97b57,97.0,3,1786600104012,2026-08-13T12:48:24.012,1,1
4994,588aca26ed1bfc095abf2de16bf97b57,97.0,3,1786600105013,2026-08-13T12:48:25.013,1,1
4995,588aca26ed1bfc095abf2de16bf97b57,97.0,3,1786600106021,2026-08-13T12:48:26.021,1,1
4996,588aca26ed1bfc095abf2de16bf97b57,98.0,3,1786600107020,2026-08-13T12:48:27.020,1,1
4997,588aca26ed1bfc095abf2de16bf97b57,98.0,3,1786600108020,2026-08-13T12:48:28.020,1,1
4998,588aca26ed1bfc095abf2de16bf97b57,99.0,3,1786600109019,2026-08-13T12:48:29.019,1,1
4999,588aca26ed1bfc095abf2de16bf97b57,99.0,3,1786600110019,2026-08-13T12:48:30.019,1,1
5000,588aca26ed1bfc095abf2de16bf97b57,99.0,3,1786600111018,2026-08-13T12:48:31.018,1,1
5001,588aca26ed1bfc095abf2de16bf97b57,100.0,3,1786600112017,2026-08-13T12:48:32.017,1,1
5002,588aca26ed1bfc095abf2de16bf97b57,100.0,3,1786600113014,2026-08-13T12:48:33.014,1,1
5003,588aca26ed1bfc095abf2de16bf97b57,100.0,3,1786600114012,2026-08-13T12:48:34.012,1,1
5004,588aca26ed1bfc095abf2de16bf97b57,99.0,3,1786600115012,2026-08-13T12:48:35.012,1,1
5005,588aca26ed1bfc095abf2de16bf97b57,99.0,3,1786600116012,2026-08-13T12:48:36.012,1,1
5006,588aca26ed1bfc095abf2de16bf97b57,99.0,3,1786600117012,2026-08-13T12:48:37.012,1,1
5007,588aca26ed1bfc095abf2de16bf97b57,99.0,3,1786600118012,2026-08-13T12:48:38.012,1,1
5008,588aca26ed1bfc095abf2de16bf97b57,99.0,3,1786600119012,2026-08-13T12:48:39.012,1,1
5009,588aca26ed1bfc095abf2de16bf97b57,99.0,3,1786600120012,2026-08-13T12:48:40.012,1,1
5010,588aca26ed1bfc095abf2de16bf97b57,99.0,3,1786600121012,2026-08-13T12:48:41.012,1,1
5011,588aca26ed1bfc095abf2de16bf97b57,99.0,3,1786600122014,2026-08-13T12:48:42.014,1,1
5012,588aca26ed1bfc095abf2de16bf97b57,98.0,3,1786600123013,2026-08-13T12:48:43.013,1,1
5013,588aca26ed1bfc095abf2de16bf97b57,98.0,3,1786600124013,2026-08-13T12:48:44.013,1,1
5014,588aca26ed1bfc095abf2de16bf97b57,98.0,3,1786600125013,2026-08-13T12:48:45.013,1,1
5015,588aca26ed1bfc095abf2de16bf97b57,99.0,3,1786600126012,2026-08-13T12:48:46.012,1,1
5016,588aca26ed1bfc095abf2de16bf97b57,100.0,3,1786600127012,2026-08-13T12:48:47.012,1,1
5017,588aca26ed1bfc095abf2de16bf97b57,100.0,3,1786600128012,2026-08-13T12:48:48.012,1,1
5018,588aca26ed1bfc095abf2de16bf97b57,101.0,3,1786600129012,2026-08-13T12:48:49.012,1,1
5019,588aca26ed1bfc095abf2de16bf97b57,101.0,3,1786600130012,2026-08-13T12:48:50.012,1,1
5020,588aca26ed1bfc095abf2de16bf97b57,101.0,3,1786600131012,2026-08-13T12:48:51.012,1,1
5021,588aca26ed1bfc095abf2de16bf97b57,102.0,3,1786600132012,2026-08-13T12:48:52.012,1,1
5022,588aca26ed1bfc095abf2de16bf97b57,102.0,3,1786600133012,2026-08-13T12:48:53.012,1,1
5023,588aca26ed1bfc095abf2de16bf97b57,102.0,3,1786600134012,2026-08-13T12:48:54.012,1,1
5024,588aca26ed1bfc095abf2de16bf97b57,102.0,3,1786600135012,2026-08-13T12:48:55.012,1,1
5025,588aca26ed1bfc095abf2de16bf97b57,102.0,3,1786600136013,2026-08-13T12:48:56.013,1,1
5026,588aca26ed1bfc095abf2de16bf97b57,102.0,3,1786600137011,2026-08-13T12:48:57.011,1,1
5027,588aca26ed1bfc095abf2de16bf97b57,102.0,3,1786600138012,2026-08-13T12:48:58.012,1,1
5028,588aca26ed1bfc095abf2de16bf97b57,101.0,3,1786600139012,2026-08-13T12:48:59.012,1,1
5029,588aca26ed1bfc095abf2de16bf97b57,101.0,3,1786600140012,2026-08-13T12:49:00.012,1,1
5030,588aca26ed1bfc095abf2de16bf97b57,100.0,3,1786600141013,2026-08-13T12:49:01.013,1,1
5031,588aca26ed1bfc095abf2de16bf97b57,100.0,3,1786600142012,2026-08-13T12:49:02.012,1,1
5032,588aca26ed1bfc095abf2de16bf97b57,100.0,3,1786600143012,2026-08-13T12:49:03.012,1,1
5033,588aca26ed1bfc095abf2de16bf97b57,100.0,3,1786600144012,2026-08-13T12:49:04.012,1,1
5034,588aca26ed1bfc095abf2de16bf97b57,100.0,3,1786600145012,2026-08-13T12:49:05.012,1,1
5035,588aca26ed1bfc095abf2de16bf97b57,100.0,3,1786600146012,2026-08-13T12:49:06.012,1,1
5036,588aca26ed1bfc095abf2de16bf97b57,100.0,3,1786600147012,2026-08-13T12:49:07.012,1,1
5037,588aca26ed1bfc095abf2de16bf97b57,100.0,3,1786600148011,2026-08-13T12:49:08.011,1,1
5038,588aca26ed1bfc095abf2de16bf97b57,100.0,3,1786600149012,2026-08-13T12:49:09.012,1,1
5039,588aca26ed1bfc095abf2de16bf97b57,100.0,3,1786600150012,2026-08-13T12:49:10.012,0,1
5040,588aca26ed1bfc095abf2de16bf97b57,100.0,3,1786600151014,2026-08-13T12:49:11.014,0,1
5041,588aca26ed1bfc095abf2de16bf97b57,100.0,3,1786600152013,2026-08-13T12:49:12.013,0,1
5042,588aca26ed1bfc095abf2de16bf97b57,100.0,3,1786600153021,2026-08-13T12:49:13.021,0,1
5043,588aca26ed1bfc095abf2de16bf97b57,99.0,3,1786600154012,2026-08-13T12:49:14.012,0,1
5044,588aca26ed1bfc095abf2de16bf97b57,100.0,3,1786600155014,2026-08-13T12:49:15.014,0,1
5045,588aca26ed1bfc095abf2de16bf97b57,100.0,3,1786600156022,2026-08-13T12:49:16.022,0,1
5046,588aca26ed1bfc095abf2de16bf97b57,100.0,3,1786600157012,2026-08-13T12:49:17.012,0,1
5047,588aca26ed1bfc095abf2de16bf97b57,100.0,3,1786600158013,2026-08-13T12:49:18.013,0,1
5048,588aca26ed1bfc095abf2de16bf97b57,101.0,3,1786600159012,2026-08-13T12:49:19.012,0,1
5049,588aca26ed1bfc095abf2de16bf97b57,101.0,3,1786600160012,2026-08-13T12:49:20.012,0,1
