id,device_id,record_id,bpm,accuracy,time_ms,time_iso
7137,588aca26ed1bfc095abf2de16bf97b57,2521,92.0,3,1786597314772,2026-08-13T12:01:54.772
7138,588aca26ed1bfc095abf2de16bf97b57,2522,93.0,3,1786597315773,2026-08-13T12:01:55.773
7139,588aca26ed1bfc095abf2de16bf97b57,2523,95.0,3,1786597316775,2026-08-13T12:01:56.775
7140,588aca26ed1bfc095abf2de16bf97b57,2524,95.0,3,1786597317772,2026-08-13T12:01:57.772
7141,588aca26ed1bfc095abf2de16bf97b57,2525,95.0,3,1786597318772,2026-08-13T12:01:58.772
7142,588aca26ed1bfc095abf2de16bf97b57,2526,95.0,3,1786597319772,2026-08-13T12:01:59.772
7143,588aca26ed1bfc095abf2de16bf97b57,2527,95.0,3,1786597320772,2026-08-13T12:02:00.772
7144,588aca26ed1bfc095abf2de16bf97b57,2528,95.0,3,1786597321773,2026-08-13T12:02:01.773
7145,588aca26ed1bfc095abf2de16bf97b57,2529,95.0,3,1786597322772,2026-08-13T12:02:02.772
7146,588aca26ed1bfc095abf2de16bf97b57,2530,95.0,3,1786597323773,2026-08-13T12:02:03.773
7147,588aca26ed1bfc095abf2de16bf97b57,2531,96.0,3,1786597324775,2026-08-13T12:02:04.775
7148,588aca26ed1bfc095abf2de16bf97b57,2532,96.0,3,1786597325774,2026-08-13T12:02:05.774
7149,588aca26ed1bfc095abf2de16bf97b57,2533,96.0,3,1786597326777,2026-08-13T12:02:06.777
7150,588aca26ed1bfc095abf2de16bf97b57,2534,95.0,3,1786597327773,2026-08-13T12:02:07.773
7151,588aca26ed1bfc095abf2de16bf97b57,2535,95.0,3,1786597328774,2026-08-13T12:02:08.774
7152,588aca26ed1bfc095abf2de16bf97b57,2536,95.0,3,1786597329773,2026-08-13T12:02:09.773
7153,588aca26ed1bfc095abf2de16bf97b57,2537,95.0,3,1786597330773,2026-08-13T12:02:10.773
7154,588aca26ed1bfc095abf2de16bf97b57,2538,94.0,3,1786597331773,2026-08-13T12:02:11.773
7155,588aca26ed1bfc095abf2de16bf97b57,2539,94.0,3,1786597332773,2026-08-13T12:02:12.773
7156,588aca26ed1bfc095abf2de16bf97b57,2540,93.0,3,1786597333773,2026-08-13T12:02:13.773
7157,588aca26ed1bfc095abf2de16bf97b57,2541,94.0,3,1786597334774,2026-08-13T12:02:14.774
7158,588aca26ed1bfc095abf2de16bf97b57,2542,95.0,3,1786597335773,2026-08-13T12:02:15.773
7159,588aca26ed1bfc095abf2de16bf97b57,2543,97.0,3,1786597336772,2026-08-13T12:02:16.772
7160,588aca26ed1bfc095abf2de16bf97b57,2544,98.0,3,1786597337772,2026-08-13T12:02:17.772
7161,588aca26ed1bfc095abf2de16bf97b57,2545,99.0,3,1786597338773,2026-08-13T12:02:18.773
7162,588aca26ed1bfc095abf2de16bf97b57,2546,99.0,3,1786597339773,2026-08-13T12:02:19.773
7163,588aca26ed1bfc095abf2de16bf97b57,2547,99.0,3,1786597340772,2026-08-13T12:02:20.772
7164,588aca26ed1bfc095abf2de16bf97b57,2548,99.0,3,1786597341772,2026-08-13T12:02:21.772
7165,588aca26ed1bfc095abf2de16bf97b57,2549,99.0,3,1786597342773,2026-08-13T12:02:22.773
7166,588aca26ed1bfc095abf2de16bf97b57,2550,99.0,3,1786597343772,2026-08-13T12:02:23.772
7167,588aca26ed1bfc095abf2de16bf97b57,2551,100.0,3,1786597344772,2026-08-13T12:02:24.772
7168,588aca26ed1bfc095abf2de16bf97b57,2552,100.0,3,1786597345772,2026-08-13T12:02:25.772
7169,588aca26ed1bfc095abf2de16bf97b57,2553,99.0,3,1786597346772,2026-08-13T12:02:26.772
7170,588aca26ed1bfc095abf2de16bf97b57,2554,99.0,3,1786597347774,2026-08-13T12:02:27.774
7171,588aca26ed1bfc095abf2de16bf97b57,2555,98.0,3,1786597348772,2026-08-13T12:02:28.772
7172,588aca26ed1bfc095abf2de16bf97b57,2556,97.0,3,1786597349772,2026-08-13T12:02:29.772
7173,588aca26ed1bfc095abf2de16bf97b57,2557,97.0,3,1786597350772,2026-08-13T12:02:30.772
7174,588aca26ed1bfc095abf2de16bf97b57,2558,97.0,3,1786597351772,2026-08-13T12:02:31.772
7175,588aca26ed1bfc095abf2de16bf97b57,2559,97.0,3,1786597352773,2026-08-13T12:02:32.773
7176,588aca26ed1bfc095abf2de16bf97b57,2560,97.0,3,1786597353772,2026-08-13T12:02:33.772
7177,588aca26ed1bfc095abf2de16bf97b57,2561,98.0,3,1786597354772,2026-08-13T12:02:34.772
7178,588aca26ed1bfc095abf2de16bf97b57,2562,98.0,3,1786597355773,2026-08-13T12:02:35.773
7179,588aca26ed1bfc095abf2de16bf97b57,2563,98.0,3,1786597356773,2026-08-13T12:02:36.773
7180,588aca26ed1bfc095abf2de16bf97b57,2564,98.0,3,1786597357773,2026-08-13T12:02:37.773
7181,588aca26ed1bfc095abf2de16bf97b57,2565,97.0,3,1786597358772,2026-08-13T12:02:38.772
7182,588aca26ed1bfc095abf2de16bf97b57,2566,98.0,3,1786597359772,2026-08-13T12:02:39.772
7183,588aca26ed1bfc095abf2de16bf97b57,2567,99.0,3,1786597360772,2026-08-13T12:02:40.772
7184,588aca26ed1bfc095abf2de16bf97b57,2568,100.0,3,1786597361773,2026-08-13T12:02:41.773
7185,588aca26ed1bfc095abf2de16bf97b57,2569,100.0,3,1786597362772,2026-08-13T12:02:42.772
7186,588aca26ed1bfc095abf2de16bf97b57,2570,100.0,3,1786597363776,2026-08-13T12:02:43.776
7187,588aca26ed1bfc095abf2de16bf97b57,2571,99.0,3,1786597364776,2026-08-13T12:02:44.776
7188,588aca26ed1bfc095abf2de16bf97b57,2572,98.0,3,1786597365775,2026-08-13T12:02:45.775
7189,588aca26ed1bfc095abf2de16bf97b57,2573,97.0,3,1786597366779,2026-08-13T12:02:46.779
7190,588aca26ed1bfc095abf2de16bf97b57,2574,96.0,3,1786597367776,2026-08-13T12:02:47.776
7191,588aca26ed1bfc095abf2de16bf97b57,2575,95.0,3,1786597368776,2026-08-13T12:02:48.776
7192,588aca26ed1bfc095abf2de16bf97b57,2576,95.0,3,1786597369775,2026-08-13T12:02:49.775
7193,588aca26ed1bfc095abf2de16bf97b57,2577,94.0,3,1786597370778,2026-08-13T12:02:50.778
7194,588aca26ed1bfc095abf2de16bf97b57,2578,94.0,3,1786597371772,2026-08-13T12:02:51.772
7195,588aca26ed1bfc095abf2de16bf97b57,2579,93.0,3,1786597372778,2026-08-13T12:02:52.778
7196,588aca26ed1bfc095abf2de16bf97b57,2580,93.0,3,1786597373772,2026-08-13T12:02:53.772
7197,588aca26ed1bfc095abf2de16bf97b57,2581,93.0,3,1786597374776,2026-08-13T12:02:54.776
7198,588aca26ed1bfc095abf2de16bf97b57,2582,93.0,3,1786597375775,2026-08-13T12:02:55.775
7199,588aca26ed1bfc095abf2de16bf97b57,2583,93.0,3,1786597376776,2026-08-13T12:02:56.776
7200,588aca26ed1bfc095abf2de16bf97b57,2584,93.0,3,1786597377773,2026-08-13T12:02:57.773
7201,588aca26ed1bfc095abf2de16bf97b57,2585,92.0,3,1786597378774,2026-08-13T12:02:58.774
7202,588aca26ed1bfc095abf2de16bf97b57,2586,92.0,3,1786597379775,2026-08-13T12:02:59.775
7203,588aca26ed1bfc095abf2de16bf97b57,2587,91.0,3,1786597380773,2026-08-13T12:03:00.773
7204,588aca26ed1bfc095abf2de16bf97b57,2588,91.0,3,1786597381772,2026-08-13T12:03:01.772
7205,588aca26ed1bfc095abf2de16bf97b57,2589,91.0,3,1786597382776,2026-08-13T12:03:02.776
7206,588aca26ed1bfc095abf2de16bf97b57,2590,91.0,3,1786597383774,2026-08-13T12:03:03.774
7207,588aca26ed1bfc095abf2de16bf97b57,2591,91.0,3,1786597384772,2026-08-13T12:03:04.772
7208,588aca26ed1bfc095abf2de16bf97b57,2592,91.0,3,1786597385773,2026-08-13T12:03:05.773
7209,588aca26ed1bfc095abf2de16bf97b57,2593,91.0,3,1786597386774,2026-08-13T12:03:06.774
7210,588aca26ed1bfc095abf2de16bf97b57,2594,91.0,3,1786597387772,2026-08-13T12:03:07.772
7211,588aca26ed1bfc095abf2de16bf97b57,2595,91.0,3,1786597388774,2026-08-13T12:03:08.774
7212,588aca26ed1bfc095abf2de16bf97b57,2596,92.0,3,1786597389772,2026-08-13T12:03:09.772
7213,588aca26ed1bfc095abf2de16bf97b57,2597,92.0,3,1786597390772,2026-08-13T12:03:10.772
7214,588aca26ed1bfc095abf2de16bf97b57,2598,92.0,3,1786597391772,2026-08-13T12:03:11.772
7215,588aca26ed1bfc095abf2de16bf97b57,2599,92.0,3,1786597392852,2026-08-13T12:03:12.852
7216,588aca26ed1bfc095abf2de16bf97b57,2600,92.0,3,1786597393772,2026-08-13T12:03:13.772
7217,588aca26ed1bfc095abf2de16bf97b57,2601,92.0,3,1786597394772,2026-08-13T12:03:14.772
7218,588aca26ed1bfc095abf2de16bf97b57,2602,93.0,3,1786597395782,2026-08-13T12:03:15.782
7219,588aca26ed1bfc095abf2de16bf97b57,2603,94.0,3,1786597396772,2026-08-13T12:03:16.772
7220,588aca26ed1bfc095abf2de16bf97b57,2604,94.0,3,1786597397772,2026-08-13T12:03:17.772
7221,588aca26ed1bfc095abf2de16bf97b57,2605,95.0,3,1786597398772,2026-08-13T12:03:18.772
7222,588aca26ed1bfc095abf2de16bf97b57,2606,95.0,3,1786597399772,2026-08-13T12:03:19.772
7223,588aca26ed1bfc095abf2de16bf97b57,2607,96.0,3,1786597400787,2026-08-13T12:03:20.787
7224,588aca26ed1bfc095abf2de16bf97b57,2608,96.0,3,1786597401772,2026-08-13T12:03:21.772
7225,588aca26ed1bfc095abf2de16bf97b57,2609,96.0,3,1786597402778,2026-08-13T12:03:22.778
7226,588aca26ed1bfc095abf2de16bf97b57,2610,97.0,3,1786597403773,2026-08-13T12:03:23.773
7227,588aca26ed1bfc095abf2de16bf97b57,2611,97.0,3,1786597404772,2026-08-13T12:03:24.772
7228,588aca26ed1bfc095abf2de16bf97b57,2612,96.0,3,1786597405772,2026-08-13T12:03:25.772
7229,588aca26ed1bfc095abf2de16bf97b57,2613,96.0,3,1786597406776,2026-08-13T12:03:26.776
7230,588aca26ed1bfc095abf2de16bf97b57,2614,96.0,3,1786597407777,2026-08-13T12:03:27.777
7231,588aca26ed1bfc095abf2de16bf97b57,2615,95.0,3,1786597408785,2026-08-13T12:03:28.785
7232,588aca26ed1bfc095abf2de16bf97b57,2616,95.0,3,1786597409774,2026-08-13T12:03:29.774
7233,588aca26ed1bfc095abf2de16bf97b57,2617,94.0,3,1786597410773,2026-08-13T12:03:30.773
7234,588aca26ed1bfc095abf2de16bf97b57,2618,94.0,3,1786597411778,2026-08-13T12:03:31.778
7235,588aca26ed1bfc095abf2de16bf97b57,2619,95.0,3,1786597412772,2026-08-13T12:03:32.772
7236,588aca26ed1bfc095abf2de16bf97b57,2620,95.0,3,1786597413772,2026-08-13T12:03:33.772
7237,588aca26ed1bfc095abf2de16bf97b57,2621,95.0,3,1786597414773,2026-08-13T12:03:34.773
7238,588aca26ed1bfc095abf2de16bf97b57,2622,95.0,3,1786597415772,2026-08-13T12:03:35.772
7239,588aca26ed1bfc095abf2de16bf97b57,2623,96.0,3,1786597416775,2026-08-13T12:03:36.775
7240,588aca26ed1bfc095abf2de16bf97b57,2624,96.0,3,1786597417772,2026-08-13T12:03:37.772
7241,588aca26ed1bfc095abf2de16bf97b57,2625,97.0,3,1786597418772,2026-08-13T12:03:38.772
7242,588aca26ed1bfc095abf2de16bf97b57,2626,98.0,3,1786597419772,2026-08-13T12:03:39.772
7243,588aca26ed1bfc095abf2de16bf97b57,2627,98.0,3,1786597420785,2026-08-13T12:03:40.785
7244,588aca26ed1bfc095abf2de16bf97b57,2628,98.0,3,1786597421772,2026-08-13T12:03:41.772
7245,588aca26ed1bfc095abf2de16bf97b57,2629,99.0,3,1786597422777,2026-08-13T12:03:42.777
7246,588aca26ed1bfc095abf2de16bf97b57,2630,99.0,3,1786597423772,2026-08-13T12:03:43.772
7247,588aca26ed1bfc095abf2de16bf97b57,2631,98.0,3,1786597424772,2026-08-13T12:03:44.772
7248,588aca26ed1bfc095abf2de16bf97b57,2632,99.0,3,1786597425772,2026-08-13T12:03:45.772
7249,588aca26ed1bfc095abf2de16bf97b57,2633,99.0,3,1786597426772,2026-08-13T12:03:46.772
7250,588aca26ed1bfc095abf2de16bf97b57,2634,100.0,3,1786597427772,2026-08-13T12:03:47.772
7251,588aca26ed1bfc095abf2de16bf97b57,2635,100.0,3,1786597428772,2026-08-13T12:03:48.772
7252,588aca26ed1bfc095abf2de16bf97b57,2636,100.0,3,1786597429776,2026-08-13T12:03:49.776
7253,588aca26ed1bfc095abf2de16bf97b57,2637,100.0,3,1786597430775,2026-08-13T12:03:50.775
7254,588aca26ed1bfc095abf2de16bf97b57,2638,99.0,3,1786597431774,2026-08-13T12:03:51.774
7255,588aca26ed1bfc095abf2de16bf97b57,2639,99.0,3,1786597432772,2026-08-13T12:03:52.772
7256,588aca26ed1bfc095abf2de16bf97b57,2640,98.0,3,1786597433773,2026-08-13T12:03:53.773
7257,588aca26ed1bfc095abf2de16bf97b57,2641,97.0,3,1786597434772,2026-08-13T12:03:54.772
7258,588aca26ed1bfc095abf2de16bf97b57,2642,97.0,3,1786597435772,2026-08-13T12:03:55.772
7259,588aca26ed1bfc095abf2de16bf97b57,2643,96.0,3,1786597436772,2026-08-13T12:03:56.772
7260,588aca26ed1bfc095abf2de16bf97b57,2644,95.0,3,1786597437772,2026-08-13T12:03:57.772
7261,588aca26ed1bfc095abf2de16bf97b57,2645,95.0,3,1786597438772,2026-08-13T12:03:58.772
7262,588aca26ed1bfc095abf2de16bf97b57,2646,95.0,3,1786597439774,2026-08-13T12:03:59.774
7263,588aca26ed1bfc095abf2de16bf97b57,2647,95.0,3,1786597440772,2026-08-13T12:04:00.772
7264,588aca26ed1bfc095abf2de16bf97b57,2648,95.0,3,1786597441772,2026-08-13T12:04:01.772
7265,588aca26ed1bfc095abf2de16bf97b57,2649,96.0,3,1786597442772,2026-08-13T12:04:02.772
7266,588aca26ed1bfc095abf2de16bf97b57,2650,97.0,3,1786597443772,2026-08-13T12:04:03.772
7267,588aca26ed1bfc095abf2de16bf97b57,2651,97.0,3,1786597444779,2026-08-13T12:04:04.779
7268,588aca26ed1bfc095abf2de16bf97b57,2652,97.0,3,1786597445775,2026-08-13T12:04:05.775
7269,588aca26ed1bfc095abf2de16bf97b57,2653,98.0,3,1786597446774,2026-08-13T12:04:06.774
7270,588aca26ed1bfc095abf2de16bf97b57,2654,98.0,3,1786597447773,2026-08-13T12:04:07.773
7271,588aca26ed1bfc095abf2de16bf97b57,2655,97.0,3,1786597448773,2026-08-13T12:04:08.773
7272,588aca26ed1bfc095abf2de16bf97b57,2656,97.0,3,1786597449773,2026-08-13T12:04:09.773
7273,588aca26ed1bfc095abf2de16bf97b57,2657,97.0,3,1786597450772,2026-08-13T12:04:10.772
7274,588aca26ed1bfc095abf2de16bf97b57,2658,97.0,3,1786597451772,2026-08-13T12:04:11.772
7275,588aca26ed1bfc095abf2de16bf97b57,2659,97.0,3,1786597452772,2026-08-13T12:04:12.772
7276,588aca26ed1bfc095abf2de16bf97b57,2660,97.0,3,1786597453772,2026-08-13T12:04:13.772
7277,588aca26ed1bfc095abf2de16bf97b57,2661,97.0,3,1786597454772,2026-08-13T12:04:14.772
7278,588aca26ed1bfc095abf2de16bf97b57,2662,97.0,3,1786597455772,2026-08-13T12:04:15.772
7279,588aca26ed1bfc095abf2de16bf97b57,2663,97.0,3,1786597456772,2026-08-13T12:04:16.772
7280,588aca26ed1bfc095abf2de16bf97b57,2664,97.0,3,1786597457773,2026-08-13T12:04:17.773
7281,588aca26ed1bfc095abf2de16bf97b57,2665,97.0,3,1786597458775,2026-08-13T12:04:18.775
7282,588aca26ed1bfc095abf2de16bf97b57,2666,97.0,3,1786597459773,2026-08-13T12:04:19.773
7283,588aca26ed1bfc095abf2de16bf97b57,2667,97.0,3,1786597460772,2026-08-13T12:04:20.772
7284,588aca26ed1bfc095abf2de16bf97b57,2668,97.0,3,1786597461773,2026-08-13T12:04:21.773
7285,588aca26ed1bfc095abf2de16bf97b57,2669,97.0,3,1786597462775,2026-08-13T12:04:22.775
7286,588aca26ed1bfc095abf2de16bf97b57,2670,97.0,3,1786597463773,2026-08-13T12:04:23.773
7287,588aca26ed1bfc095abf2de16bf97b57,2671,98.0,3,1786597464772,2026-08-13T12:04:24.772
7288,588aca26ed1bfc095abf2de16bf97b57,2672,99.0,3,1786597465773,2026-08-13T12:04:25.773
7289,588aca26ed1bfc095abf2de16bf97b57,2673,99.0,3,1786597466773,2026-08-13T12:04:26.773
7290,588aca26ed1bfc095abf2de16bf97b57,2674,100.0,3,1786597467772,2026-08-13T12:04:27.772
7291,588aca26ed1bfc095abf2de16bf97b57,2675,100.0,3,1786597468772,2026-08-13T12:04:28.772
7292,588aca26ed1bfc095abf2de16bf97b57,2676,99.0,3,1786597469772,2026-08-13T12:04:29.772
7293,588aca26ed1bfc095abf2de16bf97b57,2677,98.0,3,1786597470773,2026-08-13T12:04:30.773
7294,588aca26ed1bfc095abf2de16bf97b57,2678,97.0,3,1786597471772,2026-08-13T12:04:31.772
7295,588aca26ed1bfc095abf2de16bf97b57,2679,97.0,3,1786597472778,2026-08-13T12:04:32.778
7296,588aca26ed1bfc095abf2de16bf97b57,2680,96.0,3,1786597473778,2026-08-13T12:04:33.778
7297,588aca26ed1bfc095abf2de16bf97b57,2681,96.0,3,1786597474777,2026-08-13T12:04:34.777
7298,588aca26ed1bfc095abf2de16bf97b57,2682,96.0,3,1786597475777,2026-08-13T12:04:35.777
7299,588aca26ed1bfc095abf2de16bf97b57,2683,95.0,3,1786597476776,2026-08-13T12:04:36.776
7300,588aca26ed1bfc095abf2de16bf97b57,2684,95.0,3,1786597477777,2026-08-13T12:04:37.777
7301,588aca26ed1bfc095abf2de16bf97b57,2685,95.0,3,1786597478777,2026-08-13T12:04:38.777
7302,588aca26ed1bfc095abf2de16bf97b57,2686,96.0,3,1786597479774,2026-08-13T12:04:39.774
7303,588aca26ed1bfc095abf2de16bf97b57,2687,96.0,3,1786597480775,2026-08-13T12:04:40.775
7304,588aca26ed1bfc095abf2de16bf97b57,2688,97.0,3,1786597481779,2026-08-13T12:04:41.779
7305,588aca26ed1bfc095abf2de16bf97b57,2689,98.0,3,1786597482773,2026-08-13T12:04:42.773
7306,588aca26ed1bfc095abf2de16bf97b57,2690,99.0,3,1786597483772,2026-08-13T12:04:43.772
7307,588aca26ed1bfc095abf2de16bf97b57,2691,99.0,3,1786597485310,2026-08-13T12:04:45.310
7308,588aca26ed1bfc095abf2de16bf97b57,2692,99.0,3,1786597486309,2026-08-13T12:04:46.309
7309,588aca26ed1bfc095abf2de16bf97b57,2693,99.0,3,1786597487309,2026-08-13T12:04:47.309
7310,588aca26ed1bfc095abf2de16bf97b57,2694,98.0,3,1786597488308,2026-08-13T12:04:48.308
7311,588aca26ed1bfc095abf2de16bf97b57,2695,97.0,3,1786597489309,2026-08-13T12:04:49.309
7312,588aca26ed1bfc095abf2de16bf97b57,2696,97.0,3,1786597490308,2026-08-13T12:04:50.308
7313,588aca26ed1bfc095abf2de16bf97b57,2697,96.0,3,1786597491308,2026-08-13T12:04:51.308
7314,588aca26ed1bfc095abf2de16bf97b57,2698,96.0,3,1786597492308,2026-08-13T12:04:52.308
7315,588aca26ed1bfc095abf2de16bf97b57,2699,95.0,3,1786597493308,2026-08-13T12:04:53.308
7316,588aca26ed1bfc095abf2de16bf97b57,2700,95.0,3,1786597494308,2026-08-13T12:04:54.308
7317,588aca26ed1bfc095abf2de16bf97b57,2701,94.0,3,1786597495308,2026-08-13T12:04:55.308
7318,588aca26ed1bfc095abf2de16bf97b57,2702,94.0,3,1786597496308,2026-08-13T12:04:56.308
7319,588aca26ed1bfc095abf2de16bf97b57,2703,94.0,3,1786597497313,2026-08-13T12:04:57.313
7320,588aca26ed1bfc095abf2de16bf97b57,2704,94.0,3,1786597498314,2026-08-13T12:04:58.314
7321,588aca26ed1bfc095abf2de16bf97b57,2705,95.0,3,1786597499313,2026-08-13T12:04:59.313
7322,588aca26ed1bfc095abf2de16bf97b57,2706,95.0,3,1786597500310,2026-08-13T12:05:00.310
7323,588aca26ed1bfc095abf2de16bf97b57,2707,95.0,3,1786597501314,2026-08-13T12:05:01.314
7324,588aca26ed1bfc095abf2de16bf97b57,2708,96.0,3,1786597502309,2026-08-13T12:05:02.309
7325,588aca26ed1bfc095abf2de16bf97b57,2709,97.0,3,1786597503309,2026-08-13T12:05:03.309
7326,588aca26ed1bfc095abf2de16bf97b57,2710,98.0,3,1786597504310,2026-08-13T12:05:04.310
7327,588aca26ed1bfc095abf2de16bf97b57,2711,99.0,3,1786597505308,2026-08-13T12:05:05.308
7328,588aca26ed1bfc095abf2de16bf97b57,2712,99.0,3,1786597506308,2026-08-13T12:05:06.308
7329,588aca26ed1bfc095abf2de16bf97b57,2713,99.0,3,1786597507308,2026-08-13T12:05:07.308
7330,588aca26ed1bfc095abf2de16bf97b57,2714,98.0,3,1786597508308,2026-08-13T12:05:08.308
7331,588aca26ed1bfc095abf2de16bf97b57,2715,97.0,3,1786597509308,2026-08-13T12:05:09.308
7332,588aca26ed1bfc095abf2de16bf97b57,2716,97.0,3,1786597510309,2026-08-13T12:05:10.309
7333,588aca26ed1bfc095abf2de16bf97b57,2717,97.0,3,1786597511308,2026-08-13T12:05:11.308
7334,588aca26ed1bfc095abf2de16bf97b57,2718,96.0,3,1786597512308,2026-08-13T12:05:12.308
7335,588aca26ed1bfc095abf2de16bf97b57,2719,96.0,3,1786597513314,2026-08-13T12:05:13.314
7336,588aca26ed1bfc095abf2de16bf97b57,2720,96.0,3,1786597514316,2026-08-13T12:05:14.316
7337,588aca26ed1bfc095abf2de16bf97b57,2721,95.0,3,1786597515312,2026-08-13T12:05:15.312
7338,588aca26ed1bfc095abf2de16bf97b57,2722,95.0,3,1786597516310,2026-08-13T12:05:16.310
7339,588aca26ed1bfc095abf2de16bf97b57,2723,95.0,3,1786597517311,2026-08-13T12:05:17.311
7340,588aca26ed1bfc095abf2de16bf97b57,2724,94.0,3,1786597518310,2026-08-13T12:05:18.310
7341,588aca26ed1bfc095abf2de16bf97b57,2725,94.0,3,1786597519310,2026-08-13T12:05:19.310
7342,588aca26ed1bfc095abf2de16bf97b57,2726,93.0,3,1786597520309,2026-08-13T12:05:20.309
7343,588aca26ed1bfc095abf2de16bf97b57,2727,93.0,3,1786597521311,2026-08-13T12:05:21.311
7344,588aca26ed1bfc095abf2de16bf97b57,2728,93.0,3,1786597522312,2026-08-13T12:05:22.312
7345,588aca26ed1bfc095abf2de16bf97b57,2729,93.0,3,1786597523308,2026-08-13T12:05:23.308
7346,588aca26ed1bfc095abf2de16bf97b57,2730,93.0,3,1786597524308,2026-08-13T12:05:24.308
7347,588aca26ed1bfc095abf2de16bf97b57,2731,93.0,3,1786597525309,2026-08-13T12:05:25.309
7348,588aca26ed1bfc095abf2de16bf97b57,2732,93.0,3,1786597526309,2026-08-13T12:05:26.309
7349,588aca26ed1bfc095abf2de16bf97b57,2733,94.0,3,1786597527308,2026-08-13T12:05:27.308
7350,588aca26ed1bfc095abf2de16bf97b57,2734,94.0,3,1786597528308,2026-08-13T12:05:28.308
7351,588aca26ed1bfc095abf2de16bf97b57,2735,94.0,3,1786597529309,2026-08-13T12:05:29.309
7352,588aca26ed1bfc095abf2de16bf97b57,2736,94.0,3,1786597530308,2026-08-13T12:05:30.308
7353,588aca26ed1bfc095abf2de16bf97b57,2737,94.0,3,1786597531308,2026-08-13T12:05:31.308
7354,588aca26ed1bfc095abf2de16bf97b57,2738,94.0,3,1786597532308,2026-08-13T12:05:32.308
7355,588aca26ed1bfc095abf2de16bf97b57,2739,94.0,3,1786597533313,2026-08-13T12:05:33.313
7356,588aca26ed1bfc095abf2de16bf97b57,2740,94.0,3,1786597534311,2026-08-13T12:05:34.311
7357,588aca26ed1bfc095abf2de16bf97b57,2741,94.0,3,1786597535312,2026-08-13T12:05:35.312
7358,588aca26ed1bfc095abf2de16bf97b57,2742,95.0,3,1786597536309,2026-08-13T12:05:36.309
7359,588aca26ed1bfc095abf2de16bf97b57,2743,95.0,3,1786597537308,2026-08-13T12:05:37.308
7360,588aca26ed1bfc095abf2de16bf97b57,2744,96.0,3,1786597538310,2026-08-13T12:05:38.310
7361,588aca26ed1bfc095abf2de16bf97b57,2745,97.0,3,1786597539308,2026-08-13T12:05:39.308
7362,588aca26ed1bfc095abf2de16bf97b57,2746,97.0,3,1786597540308,2026-08-13T12:05:40.308
7363,588aca26ed1bfc095abf2de16bf97b57,2747,98.0,3,1786597541310,2026-08-13T12:05:41.310
7364,588aca26ed1bfc095abf2de16bf97b57,2748,98.0,3,1786597542308,2026-08-13T12:05:42.308
7365,588aca26ed1bfc095abf2de16bf97b57,2749,98.0,3,1786597543308,2026-08-13T12:05:43.308
7366,588aca26ed1bfc095abf2de16bf97b57,2750,98.0,3,1786597544314,2026-08-13T12:05:44.314
7367,588aca26ed1bfc095abf2de16bf97b57,2751,98.0,3,1786597545310,2026-08-13T12:05:45.310
7368,588aca26ed1bfc095abf2de16bf97b57,2752,98.0,3,1786597546311,2026-08-13T12:05:46.311
7369,588aca26ed1bfc095abf2de16bf97b57,2753,97.0,3,1786597547314,2026-08-13T12:05:47.314
7370,588aca26ed1bfc095abf2de16bf97b57,2754,97.0,3,1786597548310,2026-08-13T12:05:48.310
7371,588aca26ed1bfc095abf2de16bf97b57,2755,98.0,3,1786597549308,2026-08-13T12:05:49.308
7372,588aca26ed1bfc095abf2de16bf97b57,2756,98.0,3,1786597550308,2026-08-13T12:05:50.308
7373,588aca26ed1bfc095abf2de16bf97b57,2757,98.0,3,1786597551311,2026-08-13T12:05:51.311
7374,588aca26ed1bfc095abf2de16bf97b57,2758,97.0,3,1786597552308,2026-08-13T12:05:52.308
7375,588aca26ed1bfc095abf2de16bf97b57,2759,97.0,3,1786597553308,2026-08-13T12:05:53.308
7376,588aca26ed1bfc095abf2de16bf97b57,2760,97.0,3,1786597554308,2026-08-13T12:05:54.308
7377,588aca26ed1bfc095abf2de16bf97b57,2761,97.0,3,1786597555308,2026-08-13T12:05:55.308
7378,588aca26ed1bfc095abf2de16bf97b57,2762,98.0,3,1786597556309,2026-08-13T12:05:56.309
7379,588aca26ed1bfc095abf2de16bf97b57,2763,98.0,3,1786597557309,2026-08-13T12:05:57.309
7380,588aca26ed1bfc095abf2de16bf97b57,2764,98.0,3,1786597558314,2026-08-13T12:05:58.314
7381,588aca26ed1bfc095abf2de16bf97b57,2765,98.0,3,1786597559313,2026-08-13T12:05:59.313
7382,588aca26ed1bfc095abf2de16bf97b57,2766,98.0,3,1786597560308,2026-08-13T12:06:00.308
7383,588aca26ed1bfc095abf2de16bf97b57,2767,97.0,3,1786597561310,2026-08-13T12:06:01.310
7384,588aca26ed1bfc095abf2de16bf97b57,2768,97.0,3,1786597562308,2026-08-13T12:06:02.308
7385,588aca26ed1bfc095abf2de16bf97b57,2769,97.0,3,1786597563308,2026-08-13T12:06:03.308
7386,588aca26ed1bfc095abf2de16bf97b57,2770,97.0,3,1786597564309,2026-08-13T12:06:04.309
7387,588aca26ed1bfc095abf2de16bf97b57,2771,97.0,3,1786597565308,2026-08-13T12:06:05.308
7388,588aca26ed1bfc095abf2de16bf97b57,2772,97.0,3,1786597566308,2026-08-13T12:06:06.308
7389,588aca26ed1bfc095abf2de16bf97b57,2773,97.0,3,1786597567309,2026-08-13T12:06:07.309
7390,588aca26ed1bfc095abf2de16bf97b57,2774,97.0,3,1786597568308,2026-08-13T12:06:08.308
7391,588aca26ed1bfc095abf2de16bf97b57,2775,96.0,3,1786597569308,2026-08-13T12:06:09.308
7392,588aca26ed1bfc095abf2de16bf97b57,2776,96.0,3,1786597570312,2026-08-13T12:06:10.312
7393,588aca26ed1bfc095abf2de16bf97b57,2777,96.0,3,1786597571309,2026-08-13T12:06:11.309
7394,588aca26ed1bfc095abf2de16bf97b57,2778,96.0,3,1786597572310,2026-08-13T12:06:12.310
7395,588aca26ed1bfc095abf2de16bf97b57,2779,95.0,3,1786597573310,2026-08-13T12:06:13.310
7396,588aca26ed1bfc095abf2de16bf97b57,2780,95.0,3,1786597574313,2026-08-13T12:06:14.313
7397,588aca26ed1bfc095abf2de16bf97b57,2781,95.0,3,1786597575311,2026-08-13T12:06:15.311
7398,588aca26ed1bfc095abf2de16bf97b57,2782,95.0,3,1786597576308,2026-08-13T12:06:16.308
7399,588aca26ed1bfc095abf2de16bf97b57,2783,95.0,3,1786597577308,2026-08-13T12:06:17.308
7400,588aca26ed1bfc095abf2de16bf97b57,2784,95.0,3,1786597578308,2026-08-13T12:06:18.308
7401,588aca26ed1bfc095abf2de16bf97b57,2785,95.0,3,1786597579308,2026-08-13T12:06:19.308
7402,588aca26ed1bfc095abf2de16bf97b57,2786,95.0,3,1786597580308,2026-08-13T12:06:20.308
7403,588aca26ed1bfc095abf2de16bf97b57,2787,96.0,3,1786597581312,2026-08-13T12:06:21.312
7404,588aca26ed1bfc095abf2de16bf97b57,2788,96.0,3,1786597582313,2026-08-13T12:06:22.313
7405,588aca26ed1bfc095abf2de16bf97b57,2789,97.0,3,1786597583318,2026-08-13T12:06:23.318
7406,588aca26ed1bfc095abf2de16bf97b57,2790,98.0,3,1786597584313,2026-08-13T12:06:24.313
7407,588aca26ed1bfc095abf2de16bf97b57,2791,99.0,3,1786597585310,2026-08-13T12:06:25.310
7408,588aca26ed1bfc095abf2de16bf97b57,2792,100.0,3,1786597586311,2026-08-13T12:06:26.311
7409,588aca26ed1bfc095abf2de16bf97b57,2793,101.0,3,1786597587308,2026-08-13T12:06:27.308
7410,588aca26ed1bfc095abf2de16bf97b57,2794,100.0,3,1786597588308,2026-08-13T12:06:28.308
7411,588aca26ed1bfc095abf2de16bf97b57,2795,100.0,3,1786597589308,2026-08-13T12:06:29.308
7412,588aca26ed1bfc095abf2de16bf97b57,2796,100.0,3,1786597590309,2026-08-13T12:06:30.309
7413,588aca26ed1bfc095abf2de16bf97b57,2797,99.0,3,1786597591308,2026-08-13T12:06:31.308
7414,588aca26ed1bfc095abf2de16bf97b57,2798,98.0,3,1786597592308,2026-08-13T12:06:32.308
7415,588aca26ed1bfc095abf2de16bf97b57,2799,98.0,3,1786597593308,2026-08-13T12:06:33.308
7416,588aca26ed1bfc095abf2de16bf97b57,2800,97.0,3,1786597594309,2026-08-13T12:06:34.309
7417,588aca26ed1bfc095abf2de16bf97b57,2801,96.0,3,1786597595308,2026-08-13T12:06:35.308
7418,588aca26ed1bfc095abf2de16bf97b57,2802,96.0,3,1786597596313,2026-08-13T12:06:36.313
7419,588aca26ed1bfc095abf2de16bf97b57,2803,96.0,3,1786597597309,2026-08-13T12:06:37.309
7420,588aca26ed1bfc095abf2de16bf97b57,2804,95.0,3,1786597598313,2026-08-13T12:06:38.313
7421,588aca26ed1bfc095abf2de16bf97b57,2805,95.0,3,1786597599311,2026-08-13T12:06:39.311
7422,588aca26ed1bfc095abf2de16bf97b57,2806,95.0,3,1786597600311,2026-08-13T12:06:40.311
7423,588aca26ed1bfc095abf2de16bf97b57,2807,95.0,3,1786597601310,2026-08-13T12:06:41.310
7424,588aca26ed1bfc095abf2de16bf97b57,2808,94.0,3,1786597602310,2026-08-13T12:06:42.310
7425,588aca26ed1bfc095abf2de16bf97b57,2809,94.0,3,1786597603308,2026-08-13T12:06:43.308
7426,588aca26ed1bfc095abf2de16bf97b57,2810,94.0,3,1786597604309,2026-08-13T12:06:44.309
7427,588aca26ed1bfc095abf2de16bf97b57,2811,94.0,3,1786597605309,2026-08-13T12:06:45.309
7428,588aca26ed1bfc095abf2de16bf97b57,2812,94.0,3,1786597606308,2026-08-13T12:06:46.308
7429,588aca26ed1bfc095abf2de16bf97b57,2813,94.0,3,1786597607309,2026-08-13T12:06:47.309
7430,588aca26ed1bfc095abf2de16bf97b57,2814,94.0,3,1786597608309,2026-08-13T12:06:48.309
7431,588aca26ed1bfc095abf2de16bf97b57,2815,94.0,3,1786597609308,2026-08-13T12:06:49.308
7432,588aca26ed1bfc095abf2de16bf97b57,2816,94.0,3,1786597610308,2026-08-13T12:06:50.308
7433,588aca26ed1bfc095abf2de16bf97b57,2817,94.0,3,1786597611308,2026-08-13T12:06:51.308
7434,588aca26ed1bfc095abf2de16bf97b57,2818,94.0,3,1786597612308,2026-08-13T12:06:52.308
7435,588aca26ed1bfc095abf2de16bf97b57,2819,94.0,3,1786597613309,2026-08-13T12:06:53.309
7436,588aca26ed1bfc095abf2de16bf97b57,2820,94.0,3,1786597614308,2026-08-13T12:06:54.308
7437,588aca26ed1bfc095abf2de16bf97b57,2821,94.0,3,1786597615308,2026-08-13T12:06:55.308
7438,588aca26ed1bfc095abf2de16bf97b57,2822,94.0,3,1786597616309,2026-08-13T12:06:56.309
7439,588aca26ed1bfc095abf2de16bf97b57,2823,95.0,3,1786597617314,2026-08-13T12:06:57.314
7440,588aca26ed1bfc095abf2de16bf97b57,2824,95.0,3,1786597618313,2026-08-13T12:06:58.313
7441,588aca26ed1bfc095abf2de16bf97b57,2825,97.0,3,1786597619311,2026-08-13T12:06:59.311
7442,588aca26ed1bfc095abf2de16bf97b57,2826,97.0,3,1786597620309,2026-08-13T12:07:00.309
7443,588aca26ed1bfc095abf2de16bf97b57,2827,98.0,3,1786597621309,2026-08-13T12:07:01.309
7444,588aca26ed1bfc095abf2de16bf97b57,2828,99.0,3,1786597622309,2026-08-13T12:07:02.309
7445,588aca26ed1bfc095abf2de16bf97b57,2829,99.0,3,1786597623308,2026-08-13T12:07:03.308
7446,588aca26ed1bfc095abf2de16bf97b57,2830,100.0,3,1786597624308,2026-08-13T12:07:04.308
7447,588aca26ed1bfc095abf2de16bf97b57,2831,99.0,3,1786597625308,2026-08-13T12:07:05.308
7448,588aca26ed1bfc095abf2de16bf97b57,2832,98.0,3,1786597626308,2026-08-13T12:07:06.308
7449,588aca26ed1bfc095abf2de16bf97b57,2833,98.0,3,1786597627308,2026-08-13T12:07:07.308
7450,588aca26ed1bfc095abf2de16bf97b57,2834,97.0,3,1786597628308,2026-08-13T12:07:08.308
7451,588aca26ed1bfc095abf2de16bf97b57,2835,97.0,3,1786597629308,2026-08-13T12:07:09.308
7452,588aca26ed1bfc095abf2de16bf97b57,2836,96.0,3,1786597630309,2026-08-13T12:07:10.309
7453,588aca26ed1bfc095abf2de16bf97b57,2837,96.0,3,1786597631308,2026-08-13T12:07:11.308
7454,588aca26ed1bfc095abf2de16bf97b57,2838,95.0,3,1786597632309,2026-08-13T12:07:12.309
7455,588aca26ed1bfc095abf2de16bf97b57,2839,95.0,3,1786597633315,2026-08-13T12:07:13.315
7456,588aca26ed1bfc095abf2de16bf97b57,2840,95.0,3,1786597634312,2026-08-13T12:07:14.312
7457,588aca26ed1bfc095abf2de16bf97b57,2841,95.0,3,1786597635310,2026-08-13T12:07:15.310
7458,588aca26ed1bfc095abf2de16bf97b57,2842,95.0,3,1786597636310,2026-08-13T12:07:16.310
7459,588aca26ed1bfc095abf2de16bf97b57,2843,95.0,3,1786597637309,2026-08-13T12:07:17.309
7460,588aca26ed1bfc095abf2de16bf97b57,2844,94.0,3,1786597638309,2026-08-13T12:07:18.309
7461,588aca26ed1bfc095abf2de16bf97b57,2845,94.0,3,1786597639309,2026-08-13T12:07:19.309
7462,588aca26ed1bfc095abf2de16bf97b57,2846,94.0,3,1786597640308,2026-08-13T12:07:20.308
7463,588aca26ed1bfc095abf2de16bf97b57,2847,94.0,3,1786597641308,2026-08-13T12:07:21.308
7464,588aca26ed1bfc095abf2de16bf97b57,2848,94.0,3,1786597642309,2026-08-13T12:07:22.309
7465,588aca26ed1bfc095abf2de16bf97b57,2849,94.0,3,1786597643308,2026-08-13T12:07:23.308
7466,588aca26ed1bfc095abf2de16bf97b57,2850,94.0,3,1786597644308,2026-08-13T12:07:24.308
7467,588aca26ed1bfc095abf2de16bf97b57,2851,94.0,3,1786597645312,2026-08-13T12:07:25.312
7468,588aca26ed1bfc095abf2de16bf97b57,2852,94.0,3,1786597646311,2026-08-13T12:07:26.311
7469,588aca26ed1bfc095abf2de16bf97b57,2853,93.0,3,1786597647313,2026-08-13T12:07:27.313
7470,588aca26ed1bfc095abf2de16bf97b57,2854,93.0,3,1786597648311,2026-08-13T12:07:28.311
7471,588aca26ed1bfc095abf2de16bf97b57,2855,93.0,3,1786597649311,2026-08-13T12:07:29.311
7472,588aca26ed1bfc095abf2de16bf97b57,2856,93.0,3,1786597650308,2026-08-13T12:07:30.308
7473,588aca26ed1bfc095abf2de16bf97b57,2857,93.0,3,1786597651308,2026-08-13T12:07:31.308
7474,588aca26ed1bfc095abf2de16bf97b57,2858,93.0,3,1786597652309,2026-08-13T12:07:32.309
7475,588aca26ed1bfc095abf2de16bf97b57,2859,93.0,3,1786597653308,2026-08-13T12:07:33.308
7476,588aca26ed1bfc095abf2de16bf97b57,2860,93.0,3,1786597654309,2026-08-13T12:07:34.309
7477,588aca26ed1bfc095abf2de16bf97b57,2861,93.0,3,1786597655308,2026-08-13T12:07:35.308
7478,588aca26ed1bfc095abf2de16bf97b57,2862,93.0,3,1786597656314,2026-08-13T12:07:36.314
7479,588aca26ed1bfc095abf2de16bf97b57,2863,93.0,3,1786597657312,2026-08-13T12:07:37.312
7480,588aca26ed1bfc095abf2de16bf97b57,2864,93.0,3,1786597658310,2026-08-13T12:07:38.310
7481,588aca26ed1bfc095abf2de16bf97b57,2865,93.0,3,1786597659308,2026-08-13T12:07:39.308
7482,588aca26ed1bfc095abf2de16bf97b57,2866,93.0,3,1786597660308,2026-08-13T12:07:40.308
7483,588aca26ed1bfc095abf2de16bf97b57,2867,93.0,3,1786597661308,2026-08-13T12:07:41.308
7484,588aca26ed1bfc095abf2de16bf97b57,2868,94.0,3,1786597662308,2026-08-13T12:07:42.308
7485,588aca26ed1bfc095abf2de16bf97b57,2869,94.0,3,1786597663308,2026-08-13T12:07:43.308
7486,588aca26ed1bfc095abf2de16bf97b57,2870,94.0,3,1786597664316,2026-08-13T12:07:44.316
7487,588aca26ed1bfc095abf2de16bf97b57,2871,94.0,3,1786597665315,2026-08-13T12:07:45.315
7488,588aca26ed1bfc095abf2de16bf97b57,2872,94.0,3,1786597666313,2026-08-13T12:07:46.313
7489,588aca26ed1bfc095abf2de16bf97b57,2873,95.0,3,1786597667309,2026-08-13T12:07:47.309
7490,588aca26ed1bfc095abf2de16bf97b57,2874,95.0,3,1786597668308,2026-08-13T12:07:48.308
7491,588aca26ed1bfc095abf2de16bf97b57,2875,95.0,3,1786597669308,2026-08-13T12:07:49.308
7492,588aca26ed1bfc095abf2de16bf97b57,2876,96.0,3,1786597670308,2026-08-13T12:07:50.308
7493,588aca26ed1bfc095abf2de16bf97b57,2877,97.0,3,1786597671308,2026-08-13T12:07:51.308
7494,588aca26ed1bfc095abf2de16bf97b57,2878,98.0,3,1786597672308,2026-08-13T12:07:52.308
7495,588aca26ed1bfc095abf2de16bf97b57,2879,98.0,3,1786597673308,2026-08-13T12:07:53.308
7496,588aca26ed1bfc095abf2de16bf97b57,2880,99.0,3,1786597674314,2026-08-13T12:07:54.314
7497,588aca26ed1bfc095abf2de16bf97b57,2881,98.0,3,1786597675310,2026-08-13T12:07:55.310
7498,588aca26ed1bfc095abf2de16bf97b57,2882,98.0,3,1786597676311,2026-08-13T12:07:56.311
7499,588aca26ed1bfc095abf2de16bf97b57,2883,97.0,3,1786597677308,2026-08-13T12:07:57.308
7500,588aca26ed1bfc095abf2de16bf97b57,2884,97.0,3,1786597678308,2026-08-13T12:07:58.308
7501,588aca26ed1bfc095abf2de16bf97b57,2885,97.0,3,1786597679308,2026-08-13T12:07:59.308
7502,588aca26ed1bfc095abf2de16bf97b57,2886,96.0,3,1786597680309,2026-08-13T12:08:00.309
7503,588aca26ed1bfc095abf2de16bf97b57,2887,96.0,3,1786597681309,2026-08-13T12:08:01.309
7504,588aca26ed1bfc095abf2de16bf97b57,2888,96.0,3,1786597682308,2026-08-13T12:08:02.308
7505,588aca26ed1bfc095abf2de16bf97b57,2889,96.0,3,1786597683308,2026-08-13T12:08:03.308
7506,588aca26ed1bfc095abf2de16bf97b57,2890,97.0,3,1786597684309,2026-08-13T12:08:04.309
7507,588aca26ed1bfc095abf2de16bf97b57,2891,97.0,3,1786597685312,2026-08-13T12:08:05.312
7508,588aca26ed1bfc095abf2de16bf97b57,2892,97.0,3,1786597686313,2026-08-13T12:08:06.313
7509,588aca26ed1bfc095abf2de16bf97b57,2893,97.0,3,1786597687311,2026-08-13T12:08:07.311
7510,588aca26ed1bfc095abf2de16bf97b57,2894,96.0,3,1786597688312,2026-08-13T12:08:08.312
7511,588aca26ed1bfc095abf2de16bf97b57,2895,96.0,3,1786597689309,2026-08-13T12:08:09.309
7512,588aca26ed1bfc095abf2de16bf97b57,2896,96.0,3,1786597690309,2026-08-13T12:08:10.309
7513,588aca26ed1bfc095abf2de16bf97b57,2897,96.0,3,1786597691308,2026-08-13T12:08:11.308
7514,588aca26ed1bfc095abf2de16bf97b57,2898,96.0,3,1786597692308,2026-08-13T12:08:12.308
7515,588aca26ed1bfc095abf2de16bf97b57,2899,96.0,3,1786597693308,2026-08-13T12:08:13.308
7516,588aca26ed1bfc095abf2de16bf97b57,2900,96.0,3,1786597694308,2026-08-13T12:08:14.308
7517,588aca26ed1bfc095abf2de16bf97b57,2901,96.0,3,1786597695308,2026-08-13T12:08:15.308
7518,588aca26ed1bfc095abf2de16bf97b57,2902,96.0,3,1786597696309,2026-08-13T12:08:16.309
7519,588aca26ed1bfc095abf2de16bf97b57,2903,96.0,3,1786597697309,2026-08-13T12:08:17.309
7520,588aca26ed1bfc095abf2de16bf97b57,2904,96.0,3,1786597698309,2026-08-13T12:08:18.309
7521,588aca26ed1bfc095abf2de16bf97b57,2905,96.0,3,1786597699310,2026-08-13T12:08:19.310
7522,588aca26ed1bfc095abf2de16bf97b57,2906,96.0,3,1786597700310,2026-08-13T12:08:20.310
7523,588aca26ed1bfc095abf2de16bf97b57,2907,96.0,3,1786597701308,2026-08-13T12:08:21.308
7524,588aca26ed1bfc095abf2de16bf97b57,2908,97.0,3,1786597702308,2026-08-13T12:08:22.308
7525,588aca26ed1bfc095abf2de16bf97b57,2909,98.0,3,1786597703308,2026-08-13T12:08:23.308
7526,588aca26ed1bfc095abf2de16bf97b57,2910,100.0,3,1786597704308,2026-08-13T12:08:24.308
7527,588aca26ed1bfc095abf2de16bf97b57,2911,100.0,3,1786597705308,2026-08-13T12:08:25.308
7528,588aca26ed1bfc095abf2de16bf97b57,2912,100.0,3,1786597706314,2026-08-13T12:08:26.314
7529,588aca26ed1bfc095abf2de16bf97b57,2913,100.0,3,1786597707315,2026-08-13T12:08:27.315
7530,588aca26ed1bfc095abf2de16bf97b57,2914,99.0,3,1786597708312,2026-08-13T12:08:28.312
7531,588aca26ed1bfc095abf2de16bf97b57,2915,99.0,3,1786597709311,2026-08-13T12:08:29.311
7532,588aca26ed1bfc095abf2de16bf97b57,2916,98.0,3,1786597710308,2026-08-13T12:08:30.308
7533,588aca26ed1bfc095abf2de16bf97b57,2917,97.0,3,1786597711309,2026-08-13T12:08:31.309
7534,588aca26ed1bfc095abf2de16bf97b57,2918,97.0,3,1786597712308,2026-08-13T12:08:32.308
7535,588aca26ed1bfc095abf2de16bf97b57,2919,97.0,3,1786597713308,2026-08-13T12:08:33.308
7536,588aca26ed1bfc095abf2de16bf97b57,2920,97.0,3,1786597714308,2026-08-13T12:08:34.308
7537,588aca26ed1bfc095abf2de16bf97b57,2921,96.0,3,1786597715309,2026-08-13T12:08:35.309
7538,588aca26ed1bfc095abf2de16bf97b57,2922,96.0,3,1786597716314,2026-08-13T12:08:36.314
7539,588aca26ed1bfc095abf2de16bf97b57,2923,95.0,3,1786597717314,2026-08-13T12:08:37.314
7540,588aca26ed1bfc095abf2de16bf97b57,2924,95.0,3,1786597718308,2026-08-13T12:08:38.308
7541,588aca26ed1bfc095abf2de16bf97b57,2925,95.0,3,1786597719309,2026-08-13T12:08:39.309
7542,588aca26ed1bfc095abf2de16bf97b57,2926,95.0,3,1786597720308,2026-08-13T12:08:40.308
7543,588aca26ed1bfc095abf2de16bf97b57,2927,95.0,3,1786597721308,2026-08-13T12:08:41.308
7544,588aca26ed1bfc095abf2de16bf97b57,2928,95.0,3,1786597722309,2026-08-13T12:08:42.309
7545,588aca26ed1bfc095abf2de16bf97b57,2929,95.0,3,1786597723309,2026-08-13T12:08:43.309
7546,588aca26ed1bfc095abf2de16bf97b57,2930,95.0,3,1786597724308,2026-08-13T12:08:44.308
7547,588aca26ed1bfc095abf2de16bf97b57,2931,95.0,3,1786597725308,2026-08-13T12:08:45.308
7548,588aca26ed1bfc095abf2de16bf97b57,2932,95.0,3,1786597726308,2026-08-13T12:08:46.308
7549,588aca26ed1bfc095abf2de16bf97b57,2933,95.0,3,1786597727308,2026-08-13T12:08:47.308
7550,588aca26ed1bfc095abf2de16bf97b57,2934,94.0,3,1786597728313,2026-08-13T12:08:48.313
7551,588aca26ed1bfc095abf2de16bf97b57,2935,94.0,3,1786597729314,2026-08-13T12:08:49.314
7552,588aca26ed1bfc095abf2de16bf97b57,2936,94.0,3,1786597730311,2026-08-13T12:08:50.311
7553,588aca26ed1bfc095abf2de16bf97b57,2937,94.0,3,1786597731314,2026-08-13T12:08:51.314
7554,588aca26ed1bfc095abf2de16bf97b57,2938,95.0,3,1786597732309,2026-08-13T12:08:52.309
7555,588aca26ed1bfc095abf2de16bf97b57,2939,95.0,3,1786597733308,2026-08-13T12:08:53.308
7556,588aca26ed1bfc095abf2de16bf97b57,2940,95.0,3,1786597734308,2026-08-13T12:08:54.308
7557,588aca26ed1bfc095abf2de16bf97b57,2941,95.0,3,1786597735308,2026-08-13T12:08:55.308
7558,588aca26ed1bfc095abf2de16bf97b57,2942,94.0,3,1786597736308,2026-08-13T12:08:56.308
7559,588aca26ed1bfc095abf2de16bf97b57,2943,95.0,3,1786597737308,2026-08-13T12:08:57.308
7560,588aca26ed1bfc095abf2de16bf97b57,2944,95.0,3,1786597738308,2026-08-13T12:08:58.308
7561,588aca26ed1bfc095abf2de16bf97b57,2945,96.0,3,1786597739308,2026-08-13T12:08:59.308
7562,588aca26ed1bfc095abf2de16bf97b57,2946,97.0,3,1786597740316,2026-08-13T12:09:00.316
7563,588aca26ed1bfc095abf2de16bf97b57,2947,98.0,3,1786597741314,2026-08-13T12:09:01.314
7564,588aca26ed1bfc095abf2de16bf97b57,2948,99.0,3,1786597742311,2026-08-13T12:09:02.311
7565,588aca26ed1bfc095abf2de16bf97b57,2949,100.0,3,1786597743311,2026-08-13T12:09:03.311
7566,588aca26ed1bfc095abf2de16bf97b57,2950,101.0,3,1786597744308,2026-08-13T12:09:04.308
7567,588aca26ed1bfc095abf2de16bf97b57,2951,100.0,3,1786597745311,2026-08-13T12:09:05.311
7568,588aca26ed1bfc095abf2de16bf97b57,2952,99.0,3,1786597746309,2026-08-13T12:09:06.309
7569,588aca26ed1bfc095abf2de16bf97b57,2953,101.0,3,1786597747308,2026-08-13T12:09:07.308
7570,588aca26ed1bfc095abf2de16bf97b57,2954,102.0,3,1786597748309,2026-08-13T12:09:08.309
7571,588aca26ed1bfc095abf2de16bf97b57,2955,104.0,3,1786597749310,2026-08-13T12:09:09.310
7572,588aca26ed1bfc095abf2de16bf97b57,2956,104.0,3,1786597750308,2026-08-13T12:09:10.308
7573,588aca26ed1bfc095abf2de16bf97b57,2957,105.0,3,1786597751308,2026-08-13T12:09:11.308
7574,588aca26ed1bfc095abf2de16bf97b57,2958,104.0,3,1786597752310,2026-08-13T12:09:12.310
7575,588aca26ed1bfc095abf2de16bf97b57,2959,104.0,3,1786597753308,2026-08-13T12:09:13.308
7576,588aca26ed1bfc095abf2de16bf97b57,2960,104.0,3,1786597754308,2026-08-13T12:09:14.308
7577,588aca26ed1bfc095abf2de16bf97b57,2961,104.0,3,1786597755308,2026-08-13T12:09:15.308
7578,588aca26ed1bfc095abf2de16bf97b57,2962,104.0,3,1786597756308,2026-08-13T12:09:16.308
7579,588aca26ed1bfc095abf2de16bf97b57,2963,105.0,3,1786597757309,2026-08-13T12:09:17.309
7580,588aca26ed1bfc095abf2de16bf97b57,2964,105.0,3,1786597758308,2026-08-13T12:09:18.308
7581,588aca26ed1bfc095abf2de16bf97b57,2965,106.0,3,1786597759309,2026-08-13T12:09:19.309
7582,588aca26ed1bfc095abf2de16bf97b57,2966,105.0,3,1786597760308,2026-08-13T12:09:20.308
7583,588aca26ed1bfc095abf2de16bf97b57,2967,105.0,3,1786597761309,2026-08-13T12:09:21.309
7584,588aca26ed1bfc095abf2de16bf97b57,2968,106.0,3,1786597762308,2026-08-13T12:09:22.308
7585,588aca26ed1bfc095abf2de16bf97b57,2969,106.0,3,1786597763308,2026-08-13T12:09:23.308
7586,588aca26ed1bfc095abf2de16bf97b57,2970,106.0,3,1786597764308,2026-08-13T12:09:24.308
7587,588aca26ed1bfc095abf2de16bf97b57,2971,105.0,3,1786597765308,2026-08-13T12:09:25.308
7588,588aca26ed1bfc095abf2de16bf97b57,2972,103.0,3,1786597766309,2026-08-13T12:09:26.309
7589,588aca26ed1bfc095abf2de16bf97b57,2973,102.0,3,1786597767309,2026-08-13T12:09:27.309
7590,588aca26ed1bfc095abf2de16bf97b57,2974,100.0,3,1786597768315,2026-08-13T12:09:28.315
7591,588aca26ed1bfc095abf2de16bf97b57,2975,99.0,3,1786597769314,2026-08-13T12:09:29.314
7592,588aca26ed1bfc095abf2de16bf97b57,2976,98.0,3,1786597770313,2026-08-13T12:09:30.313
7593,588aca26ed1bfc095abf2de16bf97b57,2977,97.0,3,1786597771312,2026-08-13T12:09:31.312
7594,588aca26ed1bfc095abf2de16bf97b57,2978,96.0,3,1786597772313,2026-08-13T12:09:32.313
7595,588aca26ed1bfc095abf2de16bf97b57,2979,97.0,3,1786597773310,2026-08-13T12:09:33.310
7596,588aca26ed1bfc095abf2de16bf97b57,2980,96.0,3,1786597774313,2026-08-13T12:09:34.313
7597,588aca26ed1bfc095abf2de16bf97b57,2981,96.0,3,1786597775310,2026-08-13T12:09:35.310
7598,588aca26ed1bfc095abf2de16bf97b57,2982,96.0,3,1786597776308,2026-08-13T12:09:36.308
7599,588aca26ed1bfc095abf2de16bf97b57,2983,97.0,3,1786597777308,2026-08-13T12:09:37.308
7600,588aca26ed1bfc095abf2de16bf97b57,2984,97.0,3,1786597778308,2026-08-13T12:09:38.308
7601,588aca26ed1bfc095abf2de16bf97b57,2985,98.0,3,1786597779308,2026-08-13T12:09:39.308
7602,588aca26ed1bfc095abf2de16bf97b57,2986,100.0,3,1786597780308,2026-08-13T12:09:40.308
7603,588aca26ed1bfc095abf2de16bf97b57,2987,100.0,3,1786597781308,2026-08-13T12:09:41.308
7604,588aca26ed1bfc095abf2de16bf97b57,2988,101.0,3,1786597782308,2026-08-13T12:09:42.308
7605,588aca26ed1bfc095abf2de16bf97b57,2989,101.0,3,1786597783308,2026-08-13T12:09:43.308
7606,588aca26ed1bfc095abf2de16bf97b57,2990,102.0,3,1786597784308,2026-08-13T12:09:44.308
7607,588aca26ed1bfc095abf2de16bf97b57,2991,102.0,3,1786597785308,2026-08-13T12:09:45.308
7608,588aca26ed1bfc095abf2de16bf97b57,2992,102.0,3,1786597786308,2026-08-13T12:09:46.308
7609,588aca26ed1bfc095abf2de16bf97b57,2993,102.0,3,1786597787308,2026-08-13T12:09:47.308
7610,588aca26ed1bfc095abf2de16bf97b57,2994,102.0,3,1786597788308,2026-08-13T12:09:48.308
7611,588aca26ed1bfc095abf2de16bf97b57,2995,102.0,3,1786597789308,2026-08-13T12:09:49.308
7612,588aca26ed1bfc095abf2de16bf97b57,2996,102.0,3,1786597790312,2026-08-13T12:09:50.312
7613,588aca26ed1bfc095abf2de16bf97b57,2997,102.0,3,1786597791310,2026-08-13T12:09:51.310
7614,588aca26ed1bfc095abf2de16bf97b57,2998,102.0,3,1786597792310,2026-08-13T12:09:52.310
7615,588aca26ed1bfc095abf2de16bf97b57,2999,103.0,3,1786597793309,2026-08-13T12:09:53.309
7616,588aca26ed1bfc095abf2de16bf97b57,3000,103.0,3,1786597794308,2026-08-13T12:09:54.308
7617,588aca26ed1bfc095abf2de16bf97b57,3001,103.0,3,1786597795317,2026-08-13T12:09:55.317
7618,588aca26ed1bfc095abf2de16bf97b57,3002,103.0,3,1786597796308,2026-08-13T12:09:56.308
7619,588aca26ed1bfc095abf2de16bf97b57,3003,103.0,3,1786597797310,2026-08-13T12:09:57.310
7620,588aca26ed1bfc095abf2de16bf97b57,3004,104.0,3,1786597798314,2026-08-13T12:09:58.314
7621,588aca26ed1bfc095abf2de16bf97b57,3005,104.0,3,1786597799310,2026-08-13T12:09:59.310
7622,588aca26ed1bfc095abf2de16bf97b57,3006,104.0,3,1786597800311,2026-08-13T12:10:00.311
7623,588aca26ed1bfc095abf2de16bf97b57,3007,104.0,3,1786597801308,2026-08-13T12:10:01.308
7624,588aca26ed1bfc095abf2de16bf97b57,3008,105.0,3,1786597802310,2026-08-13T12:10:02.310
7625,588aca26ed1bfc095abf2de16bf97b57,3009,104.0,3,1786597803308,2026-08-13T12:10:03.308
7626,588aca26ed1bfc095abf2de16bf97b57,3010,105.0,3,1786597804308,2026-08-13T12:10:04.308
7627,588aca26ed1bfc095abf2de16bf97b57,3011,106.0,3,1786597805309,2026-08-13T12:10:05.309
7628,588aca26ed1bfc095abf2de16bf97b57,3012,107.0,3,1786597806309,2026-08-13T12:10:06.309
7629,588aca26ed1bfc095abf2de16bf97b57,3013,107.0,3,1786597807308,2026-08-13T12:10:07.308
7630,588aca26ed1bfc095abf2de16bf97b57,3014,107.0,3,1786597808310,2026-08-13T12:10:08.310
7631,588aca26ed1bfc095abf2de16bf97b57,3015,107.0,3,1786597809311,2026-08-13T12:10:09.311
7632,588aca26ed1bfc095abf2de16bf97b57,3016,107.0,3,1786597810311,2026-08-13T12:10:10.311
7633,588aca26ed1bfc095abf2de16bf97b57,3017,107.0,3,1786597811308,2026-08-13T12:10:11.308
7634,588aca26ed1bfc095abf2de16bf97b57,3018,107.0,3,1786597812310,2026-08-13T12:10:12.310
7635,588aca26ed1bfc095abf2de16bf97b57,3019,107.0,3,1786597813311,2026-08-13T12:10:13.311
7636,588aca26ed1bfc095abf2de16bf97b57,3020,107.0,3,1786597814310,2026-08-13T12:10:14.310
7637,588aca26ed1bfc095abf2de16bf97b57,3021,107.0,3,1786597815310,2026-08-13T12:10:15.310
7638,588aca26ed1bfc095abf2de16bf97b57,3022,107.0,3,1786597816311,2026-08-13T12:10:16.311
7639,588aca26ed1bfc095abf2de16bf97b57,3023,107.0,3,1786597817309,2026-08-13T12:10:17.309
7640,588aca26ed1bfc095abf2de16bf97b57,3024,108.0,3,1786597818311,2026-08-13T12:10:18.311
7641,588aca26ed1bfc095abf2de16bf97b57,3025,108.0,3,1786597819310,2026-08-13T12:10:19.310
7642,588aca26ed1bfc095abf2de16bf97b57,3026,108.0,3,1786597820310,2026-08-13T12:10:20.310
7643,588aca26ed1bfc095abf2de16bf97b57,3027,109.0,3,1786597821311,2026-08-13T12:10:21.311
7644,588aca26ed1bfc095abf2de16bf97b57,3028,109.0,3,1786597822311,2026-08-13T12:10:22.311
7645,588aca26ed1bfc095abf2de16bf97b57,3029,108.0,3,1786597823309,2026-08-13T12:10:23.309
7646,588aca26ed1bfc095abf2de16bf97b57,3030,108.0,3,1786597824310,2026-08-13T12:10:24.310
7647,588aca26ed1bfc095abf2de16bf97b57,3031,109.0,3,1786597825311,2026-08-13T12:10:25.311
7648,588aca26ed1bfc095abf2de16bf97b57,3032,108.0,3,1786597826311,2026-08-13T12:10:26.311
7649,588aca26ed1bfc095abf2de16bf97b57,3033,108.0,3,1786597827310,2026-08-13T12:10:27.310
7650,588aca26ed1bfc095abf2de16bf97b57,3034,108.0,3,1786597828311,2026-08-13T12:10:28.311
7651,588aca26ed1bfc095abf2de16bf97b57,3035,108.0,3,1786597829311,2026-08-13T12:10:29.311
7652,588aca26ed1bfc095abf2de16bf97b57,3036,108.0,3,1786597830311,2026-08-13T12:10:30.311
7653,588aca26ed1bfc095abf2de16bf97b57,3037,107.0,3,1786597831310,2026-08-13T12:10:31.310
7654,588aca26ed1bfc095abf2de16bf97b57,3038,107.0,3,1786597832311,2026-08-13T12:10:32.311
7655,588aca26ed1bfc095abf2de16bf97b57,3039,106.0,3,1786597833308,2026-08-13T12:10:33.308
7656,588aca26ed1bfc095abf2de16bf97b57,3040,105.0,3,1786597834309,2026-08-13T12:10:34.309
7657,588aca26ed1bfc095abf2de16bf97b57,3041,105.0,3,1786597835319,2026-08-13T12:10:35.319
7658,588aca26ed1bfc095abf2de16bf97b57,3042,104.0,3,1786597836315,2026-08-13T12:10:36.315
7659,588aca26ed1bfc095abf2de16bf97b57,3043,103.0,3,1786597837314,2026-08-13T12:10:37.314
7660,588aca26ed1bfc095abf2de16bf97b57,3044,102.0,3,1786597838312,2026-08-13T12:10:38.312
7661,588aca26ed1bfc095abf2de16bf97b57,3045,101.0,3,1786597839310,2026-08-13T12:10:39.310
7662,588aca26ed1bfc095abf2de16bf97b57,3046,100.0,3,1786597840309,2026-08-13T12:10:40.309
7663,588aca26ed1bfc095abf2de16bf97b57,3047,99.0,3,1786597841308,2026-08-13T12:10:41.308
7664,588aca26ed1bfc095abf2de16bf97b57,3048,98.0,3,1786597842309,2026-08-13T12:10:42.309
7665,588aca26ed1bfc095abf2de16bf97b57,3049,98.0,3,1786597843308,2026-08-13T12:10:43.308
7666,588aca26ed1bfc095abf2de16bf97b57,3050,98.0,3,1786597844309,2026-08-13T12:10:44.309
7667,588aca26ed1bfc095abf2de16bf97b57,3051,99.0,3,1786597845308,2026-08-13T12:10:45.308
7668,588aca26ed1bfc095abf2de16bf97b57,3052,99.0,3,1786597846308,2026-08-13T12:10:46.308
7669,588aca26ed1bfc095abf2de16bf97b57,3053,100.0,3,1786597847309,2026-08-13T12:10:47.309
7670,588aca26ed1bfc095abf2de16bf97b57,3054,100.0,3,1786597848310,2026-08-13T12:10:48.310
7671,588aca26ed1bfc095abf2de16bf97b57,3055,100.0,3,1786597849311,2026-08-13T12:10:49.311
7672,588aca26ed1bfc095abf2de16bf97b57,3056,100.0,3,1786597850309,2026-08-13T12:10:50.309
7673,588aca26ed1bfc095abf2de16bf97b57,3057,100.0,3,1786597851309,2026-08-13T12:10:51.309
7674,588aca26ed1bfc095abf2de16bf97b57,3058,100.0,3,1786597852309,2026-08-13T12:10:52.309
7675,588aca26ed1bfc095abf2de16bf97b57,3059,100.0,3,1786597853308,2026-08-13T12:10:53.308
7676,588aca26ed1bfc095abf2de16bf97b57,3060,99.0,3,1786597854309,2026-08-13T12:10:54.309
7677,588aca26ed1bfc095abf2de16bf97b57,3061,99.0,3,1786597855308,2026-08-13T12:10:55.308
7678,588aca26ed1bfc095abf2de16bf97b57,3062,99.0,3,1786597856308,2026-08-13T12:10:56.308
7679,588aca26ed1bfc095abf2de16bf97b57,3063,100.0,3,1786597857309,2026-08-13T12:10:57.309
7680,588aca26ed1bfc095abf2de16bf97b57,3064,99.0,3,1786597858308,2026-08-13T12:10:58.308
7681,588aca26ed1bfc095abf2de16bf97b57,3065,99.0,3,1786597859309,2026-08-13T12:10:59.309
7682,588aca26ed1bfc095abf2de16bf97b57,3066,99.0,3,1786597860309,2026-08-13T12:11:00.309
7683,588aca26ed1bfc095abf2de16bf97b57,3067,98.0,3,1786597861308,2026-08-13T12:11:01.308
7684,588aca26ed1bfc095abf2de16bf97b57,3068,98.0,3,1786597862309,2026-08-13T12:11:02.309
7685,588aca26ed1bfc095abf2de16bf97b57,3069,97.0,3,1786597863310,2026-08-13T12:11:03.310
7686,588aca26ed1bfc095abf2de16bf97b57,3070,97.0,3,1786597864309,2026-08-13T12:11:04.309
7687,588aca26ed1bfc095abf2de16bf97b57,3071,96.0,3,1786597865314,2026-08-13T12:11:05.314
7688,588aca26ed1bfc095abf2de16bf97b57,3072,96.0,3,1786597866312,2026-08-13T12:11:06.312
7689,588aca26ed1bfc095abf2de16bf97b57,3073,95.0,3,1786597867311,2026-08-13T12:11:07.311
7690,588aca26ed1bfc095abf2de16bf97b57,3074,95.0,3,1786597868314,2026-08-13T12:11:08.314
7691,588aca26ed1bfc095abf2de16bf97b57,3075,94.0,3,1786597869312,2026-08-13T12:11:09.312
7692,588aca26ed1bfc095abf2de16bf97b57,3076,94.0,3,1786597870311,2026-08-13T12:11:10.311
7693,588aca26ed1bfc095abf2de16bf97b57,3077,93.0,3,1786597871308,2026-08-13T12:11:11.308
7694,588aca26ed1bfc095abf2de16bf97b57,3078,93.0,3,1786597872308,2026-08-13T12:11:12.308
7695,588aca26ed1bfc095abf2de16bf97b57,3079,93.0,3,1786597873308,2026-08-13T12:11:13.308
7696,588aca26ed1bfc095abf2de16bf97b57,3080,93.0,3,1786597874308,2026-08-13T12:11:14.308
7697,588aca26ed1bfc095abf2de16bf97b57,3081,93.0,3,1786597875308,2026-08-13T12:11:15.308
7698,588aca26ed1bfc095abf2de16bf97b57,3082,94.0,3,1786597876308,2026-08-13T12:11:16.308
7699,588aca26ed1bfc095abf2de16bf97b57,3083,94.0,3,1786597877310,2026-08-13T12:11:17.310
7700,588aca26ed1bfc095abf2de16bf97b57,3084,95.0,3,1786597878312,2026-08-13T12:11:18.312
7701,588aca26ed1bfc095abf2de16bf97b57,3085,96.0,3,1786597879310,2026-08-13T12:11:19.310
7702,588aca26ed1bfc095abf2de16bf97b57,3086,97.0,3,1786597880310,2026-08-13T12:11:20.310
7703,588aca26ed1bfc095abf2de16bf97b57,3087,97.0,3,1786597881308,2026-08-13T12:11:21.308
7704,588aca26ed1bfc095abf2de16bf97b57,3088,96.0,3,1786597882308,2026-08-13T12:11:22.308
7705,588aca26ed1bfc095abf2de16bf97b57,3089,95.0,3,1786597883308,2026-08-13T12:11:23.308
7706,588aca26ed1bfc095abf2de16bf97b57,3090,94.0,3,1786597884309,2026-08-13T12:11:24.309
7707,588aca26ed1bfc095abf2de16bf97b57,3091,96.0,3,1786597885309,2026-08-13T12:11:25.309
7708,588aca26ed1bfc095abf2de16bf97b57,3092,95.0,3,1786597886309,2026-08-13T12:11:26.309
7709,588aca26ed1bfc095abf2de16bf97b57,3093,94.0,3,1786597887309,2026-08-13T12:11:27.309
7710,588aca26ed1bfc095abf2de16bf97b57,3094,93.0,3,1786597888308,2026-08-13T12:11:28.308
7711,588aca26ed1bfc095abf2de16bf97b57,3095,92.0,3,1786597889308,2026-08-13T12:11:29.308
7712,588aca26ed1bfc095abf2de16bf97b57,3096,92.0,3,1786597890308,2026-08-13T12:11:30.308
7713,588aca26ed1bfc095abf2de16bf97b57,3097,91.0,3,1786597891308,2026-08-13T12:11:31.308
7714,588aca26ed1bfc095abf2de16bf97b57,3098,90.0,3,1786597892309,2026-08-13T12:11:32.309
7715,588aca26ed1bfc095abf2de16bf97b57,3099,90.0,3,1786597893308,2026-08-13T12:11:33.308
7716,588aca26ed1bfc095abf2de16bf97b57,3100,90.0,3,1786597894309,2026-08-13T12:11:34.309
7717,588aca26ed1bfc095abf2de16bf97b57,3101,89.0,3,1786597895309,2026-08-13T12:11:35.309
7718,588aca26ed1bfc095abf2de16bf97b57,3102,89.0,3,1786597896309,2026-08-13T12:11:36.309
7719,588aca26ed1bfc095abf2de16bf97b57,3103,89.0,3,1786597897308,2026-08-13T12:11:37.308
7720,588aca26ed1bfc095abf2de16bf97b57,3104,89.0,3,1786597898309,2026-08-13T12:11:38.309
7721,588aca26ed1bfc095abf2de16bf97b57,3105,89.0,3,1786597899308,2026-08-13T12:11:39.308
7722,588aca26ed1bfc095abf2de16bf97b57,3106,89.0,3,1786597900309,2026-08-13T12:11:40.309
7723,588aca26ed1bfc095abf2de16bf97b57,3107,89.0,3,1786597901308,2026-08-13T12:11:41.308
7724,588aca26ed1bfc095abf2de16bf97b57,3108,89.0,3,1786597902309,2026-08-13T12:11:42.309
7725,588aca26ed1bfc095abf2de16bf97b57,3109,89.0,3,1786597903308,2026-08-13T12:11:43.308
7726,588aca26ed1bfc095abf2de16bf97b57,3110,89.0,3,1786597904309,2026-08-13T12:11:44.309
7727,588aca26ed1bfc095abf2de16bf97b57,3111,90.0,3,1786597905308,2026-08-13T12:11:45.308
7728,588aca26ed1bfc095abf2de16bf97b57,3112,89.0,3,1786597906308,2026-08-13T12:11:46.308
7729,588aca26ed1bfc095abf2de16bf97b57,3113,90.0,3,1786597907309,2026-08-13T12:11:47.309
7730,588aca26ed1bfc095abf2de16bf97b57,3114,90.0,3,1786597908319,2026-08-13T12:11:48.319
7731,588aca26ed1bfc095abf2de16bf97b57,3115,90.0,3,1786597909319,2026-08-13T12:11:49.319
7732,588aca26ed1bfc095abf2de16bf97b57,3116,90.0,3,1786597910318,2026-08-13T12:11:50.318
7733,588aca26ed1bfc095abf2de16bf97b57,3117,90.0,3,1786597911315,2026-08-13T12:11:51.315
7734,588aca26ed1bfc095abf2de16bf97b57,3118,90.0,3,1786597912316,2026-08-13T12:11:52.316
7735,588aca26ed1bfc095abf2de16bf97b57,3119,90.0,3,1786597913309,2026-08-13T12:11:53.309
7736,588aca26ed1bfc095abf2de16bf97b57,3120,90.0,3,1786597914310,2026-08-13T12:11:54.310
7737,588aca26ed1bfc095abf2de16bf97b57,3121,89.0,3,1786597915311,2026-08-13T12:11:55.311
7738,588aca26ed1bfc095abf2de16bf97b57,3122,90.0,3,1786597916319,2026-08-13T12:11:56.319
7739,588aca26ed1bfc095abf2de16bf97b57,3123,90.0,3,1786597917310,2026-08-13T12:11:57.310
7740,588aca26ed1bfc095abf2de16bf97b57,3124,90.0,3,1786597918308,2026-08-13T12:11:58.308
7741,588aca26ed1bfc095abf2de16bf97b57,3125,90.0,3,1786597919309,2026-08-13T12:11:59.309
7742,588aca26ed1bfc095abf2de16bf97b57,3126,90.0,3,1786597920309,2026-08-13T12:12:00.309
7743,588aca26ed1bfc095abf2de16bf97b57,3127,90.0,3,1786597921308,2026-08-13T12:12:01.308
7744,588aca26ed1bfc095abf2de16bf97b57,3128,90.0,3,1786597922309,2026-08-13T12:12:02.309
7745,588aca26ed1bfc095abf2de16bf97b57,3129,91.0,3,1786597923309,2026-08-13T12:12:03.309
7746,588aca26ed1bfc095abf2de16bf97b57,3130,91.0,3,1786597924310,2026-08-13T12:12:04.310
7747,588aca26ed1bfc095abf2de16bf97b57,3131,91.0,3,1786597925309,2026-08-13T12:12:05.309
7748,588aca26ed1bfc095abf2de16bf97b57,3132,90.0,3,1786597926310,2026-08-13T12:12:06.310
7749,588aca26ed1bfc095abf2de16bf97b57,3133,91.0,3,1786597927310,2026-08-13T12:12:07.310
7750,588aca26ed1bfc095abf2de16bf97b57,3134,91.0,3,1786597928311,2026-08-13T12:12:08.311
7751,588aca26ed1bfc095abf2de16bf97b57,3135,91.0,3,1786597929309,2026-08-13T12:12:09.309
7752,588aca26ed1bfc095abf2de16bf97b57,3136,91.0,3,1786597930309,2026-08-13T12:12:10.309
7753,588aca26ed1bfc095abf2de16bf97b57,3137,91.0,3,1786597931309,2026-08-13T12:12:11.309
7754,588aca26ed1bfc095abf2de16bf97b57,3138,91.0,3,1786597932309,2026-08-13T12:12:12.309
7755,588aca26ed1bfc095abf2de16bf97b57,3139,91.0,3,1786597933315,2026-08-13T12:12:13.315
7756,588aca26ed1bfc095abf2de16bf97b57,3140,90.0,3,1786597934317,2026-08-13T12:12:14.317
7757,588aca26ed1bfc095abf2de16bf97b57,3141,90.0,3,1786597935308,2026-08-13T12:12:15.308
7758,588aca26ed1bfc095abf2de16bf97b57,3142,90.0,3,1786597936309,2026-08-13T12:12:16.309
7759,588aca26ed1bfc095abf2de16bf97b57,3143,90.0,3,1786597937309,2026-08-13T12:12:17.309
7760,588aca26ed1bfc095abf2de16bf97b57,3144,90.0,3,1786597938309,2026-08-13T12:12:18.309
7761,588aca26ed1bfc095abf2de16bf97b57,3145,90.0,3,1786597939309,2026-08-13T12:12:19.309
7762,588aca26ed1bfc095abf2de16bf97b57,3146,90.0,3,1786597940308,2026-08-13T12:12:20.308
7763,588aca26ed1bfc095abf2de16bf97b57,3147,90.0,3,1786597941309,2026-08-13T12:12:21.309
7764,588aca26ed1bfc095abf2de16bf97b57,3148,90.0,3,1786597942308,2026-08-13T12:12:22.308
7765,588aca26ed1bfc095abf2de16bf97b57,3149,89.0,3,1786597943309,2026-08-13T12:12:23.309
7766,588aca26ed1bfc095abf2de16bf97b57,3150,88.0,3,1786597944308,2026-08-13T12:12:24.308
7767,588aca26ed1bfc095abf2de16bf97b57,3151,87.0,3,1786597945308,2026-08-13T12:12:25.308
7768,588aca26ed1bfc095abf2de16bf97b57,3152,87.0,3,1786597946309,2026-08-13T12:12:26.309
7769,588aca26ed1bfc095abf2de16bf97b57,3153,87.0,3,1786597947310,2026-08-13T12:12:27.310
7770,588aca26ed1bfc095abf2de16bf97b57,3154,87.0,3,1786597948309,2026-08-13T12:12:28.309
7771,588aca26ed1bfc095abf2de16bf97b57,3155,87.0,3,1786597949308,2026-08-13T12:12:29.308
7772,588aca26ed1bfc095abf2de16bf97b57,3156,87.0,3,1786597950308,2026-08-13T12:12:30.308
7773,588aca26ed1bfc095abf2de16bf97b57,3157,87.0,3,1786597951309,2026-08-13T12:12:31.309
7774,588aca26ed1bfc095abf2de16bf97b57,3158,87.0,3,1786597952308,2026-08-13T12:12:32.308
7775,588aca26ed1bfc095abf2de16bf97b57,3159,87.0,3,1786597953310,2026-08-13T12:12:33.310
7776,588aca26ed1bfc095abf2de16bf97b57,3160,87.0,3,1786597954308,2026-08-13T12:12:34.308
7777,588aca26ed1bfc095abf2de16bf97b57,3161,87.0,3,1786597955308,2026-08-13T12:12:35.308
7778,588aca26ed1bfc095abf2de16bf97b57,3162,87.0,3,1786597956309,2026-08-13T12:12:36.309
7779,588aca26ed1bfc095abf2de16bf97b57,3163,88.0,3,1786597957308,2026-08-13T12:12:37.308
7780,588aca26ed1bfc095abf2de16bf97b57,3164,88.0,3,1786597958308,2026-08-13T12:12:38.308
7781,588aca26ed1bfc095abf2de16bf97b57,3165,88.0,3,1786597959308,2026-08-13T12:12:39.308
7782,588aca26ed1bfc095abf2de16bf97b57,3166,88.0,3,1786597960308,2026-08-13T12:12:40.308
7783,588aca26ed1bfc095abf2de16bf97b57,3167,88.0,3,1786597961308,2026-08-13T12:12:41.308
7784,588aca26ed1bfc095abf2de16bf97b57,3168,87.0,3,1786597962308,2026-08-13T12:12:42.308
7785,588aca26ed1bfc095abf2de16bf97b57,3169,87.0,3,1786597963309,2026-08-13T12:12:43.309
7786,588aca26ed1bfc095abf2de16bf97b57,3170,87.0,3,1786597964309,2026-08-13T12:12:44.309
7787,588aca26ed1bfc095abf2de16bf97b57,3171,87.0,3,1786597965308,2026-08-13T12:12:45.308
7788,588aca26ed1bfc095abf2de16bf97b57,3172,87.0,3,1786597966320,2026-08-13T12:12:46.320
7789,588aca26ed1bfc095abf2de16bf97b57,3173,87.0,3,1786597967315,2026-08-13T12:12:47.315
7790,588aca26ed1bfc095abf2de16bf97b57,3174,87.0,3,1786597968317,2026-08-13T12:12:48.317
7791,588aca26ed1bfc095abf2de16bf97b57,3175,88.0,3,1786597969316,2026-08-13T12:12:49.316
7792,588aca26ed1bfc095abf2de16bf97b57,3176,88.0,3,1786597970312,2026-08-13T12:12:50.312
7793,588aca26ed1bfc095abf2de16bf97b57,3177,88.0,3,1786597971313,2026-08-13T12:12:51.313
7794,588aca26ed1bfc095abf2de16bf97b57,3178,88.0,3,1786597972315,2026-08-13T12:12:52.315
7795,588aca26ed1bfc095abf2de16bf97b57,3179,87.0,3,1786597973316,2026-08-13T12:12:53.316
7796,588aca26ed1bfc095abf2de16bf97b57,3180,87.0,3,1786597974315,2026-08-13T12:12:54.315
7797,588aca26ed1bfc095abf2de16bf97b57,3181,86.0,3,1786597975314,2026-08-13T12:12:55.314
7798,588aca26ed1bfc095abf2de16bf97b57,3182,86.0,3,1786597976316,2026-08-13T12:12:56.316
7799,588aca26ed1bfc095abf2de16bf97b57,3183,86.0,3,1786597977314,2026-08-13T12:12:57.314
7800,588aca26ed1bfc095abf2de16bf97b57,3184,86.0,3,1786597978315,2026-08-13T12:12:58.315
7801,588aca26ed1bfc095abf2de16bf97b57,3185,86.0,3,1786597979315,2026-08-13T12:12:59.315
7802,588aca26ed1bfc095abf2de16bf97b57,3186,86.0,3,1786597980310,2026-08-13T12:13:00.310
7803,588aca26ed1bfc095abf2de16bf97b57,3187,86.0,3,1786597981309,2026-08-13T12:13:01.309
7804,588aca26ed1bfc095abf2de16bf97b57,3188,86.0,3,1786597982310,2026-08-13T12:13:02.310
7805,588aca26ed1bfc095abf2de16bf97b57,3189,86.0,3,1786597983309,2026-08-13T12:13:03.309
7806,588aca26ed1bfc095abf2de16bf97b57,3190,86.0,3,1786597984308,2026-08-13T12:13:04.308
7807,588aca26ed1bfc095abf2de16bf97b57,3191,86.0,3,1786597985309,2026-08-13T12:13:05.309
7808,588aca26ed1bfc095abf2de16bf97b57,3192,85.0,3,1786597986309,2026-08-13T12:13:06.309
7809,588aca26ed1bfc095abf2de16bf97b57,3193,84.0,3,1786597987310,2026-08-13T12:13:07.310
7810,588aca26ed1bfc095abf2de16bf97b57,3194,84.0,3,1786597988310,2026-08-13T12:13:08.310
7811,588aca26ed1bfc095abf2de16bf97b57,3195,83.0,3,1786597989309,2026-08-13T12:13:09.309
7812,588aca26ed1bfc095abf2de16bf97b57,3196,83.0,3,1786597990308,2026-08-13T12:13:10.308
7813,588aca26ed1bfc095abf2de16bf97b57,3197,83.0,3,1786597991310,2026-08-13T12:13:11.310
7814,588aca26ed1bfc095abf2de16bf97b57,3198,83.0,3,1786597992308,2026-08-13T12:13:12.308
7815,588aca26ed1bfc095abf2de16bf97b57,3199,83.0,3,1786597993308,2026-08-13T12:13:13.308
7816,588aca26ed1bfc095abf2de16bf97b57,3200,84.0,3,1786597994309,2026-08-13T12:13:14.309
7817,588aca26ed1bfc095abf2de16bf97b57,3201,85.0,3,1786597995308,2026-08-13T12:13:15.308
7818,588aca26ed1bfc095abf2de16bf97b57,3202,85.0,3,1786597996309,2026-08-13T12:13:16.309
7819,588aca26ed1bfc095abf2de16bf97b57,3203,85.0,3,1786597997309,2026-08-13T12:13:17.309
7820,588aca26ed1bfc095abf2de16bf97b57,3204,84.0,3,1786597998309,2026-08-13T12:13:18.309
7821,588aca26ed1bfc095abf2de16bf97b57,3205,84.0,3,1786597999308,2026-08-13T12:13:19.308
7822,588aca26ed1bfc095abf2de16bf97b57,3206,83.0,3,1786598000308,2026-08-13T12:13:20.308
7823,588aca26ed1bfc095abf2de16bf97b57,3207,82.0,3,1786598001310,2026-08-13T12:13:21.310
7824,588aca26ed1bfc095abf2de16bf97b57,3208,81.0,3,1786598002308,2026-08-13T12:13:22.308
7825,588aca26ed1bfc095abf2de16bf97b57,3209,81.0,3,1786598003308,2026-08-13T12:13:23.308
7826,588aca26ed1bfc095abf2de16bf97b57,3210,81.0,3,1786598004308,2026-08-13T12:13:24.308
7827,588aca26ed1bfc095abf2de16bf97b57,3211,81.0,3,1786598005319,2026-08-13T12:13:25.319
7828,588aca26ed1bfc095abf2de16bf97b57,3212,80.0,3,1786598006317,2026-08-13T12:13:26.317
7829,588aca26ed1bfc095abf2de16bf97b57,3213,80.0,3,1786598007315,2026-08-13T12:13:27.315
7830,588aca26ed1bfc095abf2de16bf97b57,3214,79.0,3,1786598008314,2026-08-13T12:13:28.314
7831,588aca26ed1bfc095abf2de16bf97b57,3215,78.0,3,1786598009314,2026-08-13T12:13:29.314
7832,588aca26ed1bfc095abf2de16bf97b57,3216,78.0,3,1786598010314,2026-08-13T12:13:30.314
7833,588aca26ed1bfc095abf2de16bf97b57,3217,78.0,3,1786598011311,2026-08-13T12:13:31.311
7834,588aca26ed1bfc095abf2de16bf97b57,3218,78.0,3,1786598012308,2026-08-13T12:13:32.308
7835,588aca26ed1bfc095abf2de16bf97b57,3219,78.0,3,1786598013314,2026-08-13T12:13:33.314
7836,588aca26ed1bfc095abf2de16bf97b57,3220,78.0,3,1786598014309,2026-08-13T12:13:34.309
7837,588aca26ed1bfc095abf2de16bf97b57,3221,79.0,3,1786598015309,2026-08-13T12:13:35.309
7838,588aca26ed1bfc095abf2de16bf97b57,3222,79.0,3,1786598016309,2026-08-13T12:13:36.309
7839,588aca26ed1bfc095abf2de16bf97b57,3223,80.0,3,1786598017315,2026-08-13T12:13:37.315
7840,588aca26ed1bfc095abf2de16bf97b57,3224,80.0,3,1786598018312,2026-08-13T12:13:38.312
7841,588aca26ed1bfc095abf2de16bf97b57,3225,81.0,3,1786598019308,2026-08-13T12:13:39.308
7842,588aca26ed1bfc095abf2de16bf97b57,3226,82.0,3,1786598020312,2026-08-13T12:13:40.312
7843,588aca26ed1bfc095abf2de16bf97b57,3227,82.0,3,1786598021308,2026-08-13T12:13:41.308
7844,588aca26ed1bfc095abf2de16bf97b57,3228,82.0,3,1786598022309,2026-08-13T12:13:42.309
7845,588aca26ed1bfc095abf2de16bf97b57,3229,82.0,3,1786598023309,2026-08-13T12:13:43.309
7846,588aca26ed1bfc095abf2de16bf97b57,3230,82.0,3,1786598024308,2026-08-13T12:13:44.308
7847,588aca26ed1bfc095abf2de16bf97b57,3231,82.0,3,1786598025308,2026-08-13T12:13:45.308
7848,588aca26ed1bfc095abf2de16bf97b57,3232,82.0,3,1786598026309,2026-08-13T12:13:46.309
7849,588aca26ed1bfc095abf2de16bf97b57,3233,82.0,3,1786598027308,2026-08-13T12:13:47.308
7850,588aca26ed1bfc095abf2de16bf97b57,3234,82.0,3,1786598028308,2026-08-13T12:13:48.308
7851,588aca26ed1bfc095abf2de16bf97b57,3235,83.0,3,1786598029308,2026-08-13T12:13:49.308
7852,588aca26ed1bfc095abf2de16bf97b57,3236,83.0,3,1786598030317,2026-08-13T12:13:50.317
7853,588aca26ed1bfc095abf2de16bf97b57,3237,83.0,3,1786598031308,2026-08-13T12:13:51.308
7854,588aca26ed1bfc095abf2de16bf97b57,3238,83.0,3,1786598032308,2026-08-13T12:13:52.308
7855,588aca26ed1bfc095abf2de16bf97b57,3239,83.0,3,1786598033308,2026-08-13T12:13:53.308
7856,588aca26ed1bfc095abf2de16bf97b57,3240,83.0,3,1786598034308,2026-08-13T12:13:54.308
7857,588aca26ed1bfc095abf2de16bf97b57,3241,84.0,3,1786598035308,2026-08-13T12:13:55.308
7858,588aca26ed1bfc095abf2de16bf97b57,3242,84.0,3,1786598036308,2026-08-13T12:13:56.308
7859,588aca26ed1bfc095abf2de16bf97b57,3243,84.0,3,1786598037308,2026-08-13T12:13:57.308
7860,588aca26ed1bfc095abf2de16bf97b57,3244,85.0,3,1786598038308,2026-08-13T12:13:58.308
7861,588aca26ed1bfc095abf2de16bf97b57,3245,85.0,3,1786598039308,2026-08-13T12:13:59.308
7862,588aca26ed1bfc095abf2de16bf97b57,3246,85.0,3,1786598040308,2026-08-13T12:14:00.308
7863,588aca26ed1bfc095abf2de16bf97b57,3247,85.0,3,1786598041308,2026-08-13T12:14:01.308
7864,588aca26ed1bfc095abf2de16bf97b57,3248,86.0,3,1786598042309,2026-08-13T12:14:02.309
7865,588aca26ed1bfc095abf2de16bf97b57,3249,86.0,3,1786598043308,2026-08-13T12:14:03.308
7866,588aca26ed1bfc095abf2de16bf97b57,3250,86.0,3,1786598044315,2026-08-13T12:14:04.315
7867,588aca26ed1bfc095abf2de16bf97b57,3251,86.0,3,1786598045309,2026-08-13T12:14:05.309
7868,588aca26ed1bfc095abf2de16bf97b57,3252,86.0,3,1786598046329,2026-08-13T12:14:06.329
7869,588aca26ed1bfc095abf2de16bf97b57,3253,86.0,3,1786598047325,2026-08-13T12:14:07.325
7870,588aca26ed1bfc095abf2de16bf97b57,3254,86.0,3,1786598048326,2026-08-13T12:14:08.326
7871,588aca26ed1bfc095abf2de16bf97b57,3255,87.0,3,1786598049328,2026-08-13T12:14:09.328
7872,588aca26ed1bfc095abf2de16bf97b57,3256,87.0,3,1786598050328,2026-08-13T12:14:10.328
7873,588aca26ed1bfc095abf2de16bf97b57,3257,87.0,3,1786598051308,2026-08-13T12:14:11.308
7874,588aca26ed1bfc095abf2de16bf97b57,3258,87.0,3,1786598052313,2026-08-13T12:14:12.313
7875,588aca26ed1bfc095abf2de16bf97b57,3259,87.0,3,1786598053310,2026-08-13T12:14:13.310
7876,588aca26ed1bfc095abf2de16bf97b57,3260,87.0,3,1786598054309,2026-08-13T12:14:14.309
7877,588aca26ed1bfc095abf2de16bf97b57,3261,88.0,3,1786598055309,2026-08-13T12:14:15.309
7878,588aca26ed1bfc095abf2de16bf97b57,3262,89.0,3,1786598056309,2026-08-13T12:14:16.309
7879,588aca26ed1bfc095abf2de16bf97b57,3263,90.0,3,1786598057309,2026-08-13T12:14:17.309
7880,588aca26ed1bfc095abf2de16bf97b57,3264,90.0,3,1786598058308,2026-08-13T12:14:18.308
7881,588aca26ed1bfc095abf2de16bf97b57,3265,90.0,3,1786598059309,2026-08-13T12:14:19.309
7882,588aca26ed1bfc095abf2de16bf97b57,3266,89.0,3,1786598060309,2026-08-13T12:14:20.309
7883,588aca26ed1bfc095abf2de16bf97b57,3267,88.0,3,1786598061309,2026-08-13T12:14:21.309
7884,588aca26ed1bfc095abf2de16bf97b57,3268,88.0,3,1786598062309,2026-08-13T12:14:22.309
7885,588aca26ed1bfc095abf2de16bf97b57,3269,88.0,3,1786598063309,2026-08-13T12:14:23.309
7886,588aca26ed1bfc095abf2de16bf97b57,3270,87.0,3,1786598064308,2026-08-13T12:14:24.308
7887,588aca26ed1bfc095abf2de16bf97b57,3271,87.0,3,1786598065308,2026-08-13T12:14:25.308
7888,588aca26ed1bfc095abf2de16bf97b57,3272,86.0,3,1786598066308,2026-08-13T12:14:26.308
7889,588aca26ed1bfc095abf2de16bf97b57,3273,86.0,3,1786598067309,2026-08-13T12:14:27.309
7890,588aca26ed1bfc095abf2de16bf97b57,3274,86.0,3,1786598068308,2026-08-13T12:14:28.308
7891,588aca26ed1bfc095abf2de16bf97b57,3275,86.0,3,1786598069308,2026-08-13T12:14:29.308
7892,588aca26ed1bfc095abf2de16bf97b57,3276,86.0,3,1786598070308,2026-08-13T12:14:30.308
7893,588aca26ed1bfc095abf2de16bf97b57,3277,85.0,3,1786598071308,2026-08-13T12:14:31.308
7894,588aca26ed1bfc095abf2de16bf97b57,3278,85.0,3,1786598072308,2026-08-13T12:14:32.308
7895,588aca26ed1bfc095abf2de16bf97b57,3279,85.0,3,1786598073308,2026-08-13T12:14:33.308
7896,588aca26ed1bfc095abf2de16bf97b57,3280,85.0,3,1786598074308,2026-08-13T12:14:34.308
7897,588aca26ed1bfc095abf2de16bf97b57,3281,85.0,3,1786598075308,2026-08-13T12:14:35.308
7898,588aca26ed1bfc095abf2de16bf97b57,3282,85.0,3,1786598076308,2026-08-13T12:14:36.308
7899,588aca26ed1bfc095abf2de16bf97b57,3283,85.0,3,1786598077309,2026-08-13T12:14:37.309
7900,588aca26ed1bfc095abf2de16bf97b57,3284,86.0,3,1786598078310,2026-08-13T12:14:38.310
7901,588aca26ed1bfc095abf2de16bf97b57,3285,86.0,3,1786598079309,2026-08-13T12:14:39.309
7902,588aca26ed1bfc095abf2de16bf97b57,3286,86.0,3,1786598080318,2026-08-13T12:14:40.318
7903,588aca26ed1bfc095abf2de16bf97b57,3287,86.0,3,1786598081318,2026-08-13T12:14:41.318
7904,588aca26ed1bfc095abf2de16bf97b57,3288,85.0,3,1786598082314,2026-08-13T12:14:42.314
7905,588aca26ed1bfc095abf2de16bf97b57,3289,85.0,3,1786598083311,2026-08-13T12:14:43.311
7906,588aca26ed1bfc095abf2de16bf97b57,3290,85.0,3,1786598084314,2026-08-13T12:14:44.314
7907,588aca26ed1bfc095abf2de16bf97b57,3291,85.0,3,1786598085313,2026-08-13T12:14:45.313
7908,588aca26ed1bfc095abf2de16bf97b57,3292,85.0,3,1786598086312,2026-08-13T12:14:46.312
7909,588aca26ed1bfc095abf2de16bf97b57,3293,85.0,3,1786598087309,2026-08-13T12:14:47.309
7910,588aca26ed1bfc095abf2de16bf97b57,3294,85.0,3,1786598088308,2026-08-13T12:14:48.308
7911,588aca26ed1bfc095abf2de16bf97b57,3295,86.0,3,1786598089309,2026-08-13T12:14:49.309
7912,588aca26ed1bfc095abf2de16bf97b57,3296,86.0,3,1786598090308,2026-08-13T12:14:50.308
7913,588aca26ed1bfc095abf2de16bf97b57,3297,86.0,3,1786598091308,2026-08-13T12:14:51.308
7914,588aca26ed1bfc095abf2de16bf97b57,3298,86.0,3,1786598092309,2026-08-13T12:14:52.309
7915,588aca26ed1bfc095abf2de16bf97b57,3299,85.0,3,1786598093313,2026-08-13T12:14:53.313
7916,588aca26ed1bfc095abf2de16bf97b57,3300,85.0,3,1786598094313,2026-08-13T12:14:54.313
7917,588aca26ed1bfc095abf2de16bf97b57,3301,85.0,3,1786598095310,2026-08-13T12:14:55.310
7918,588aca26ed1bfc095abf2de16bf97b57,3302,86.0,3,1786598096309,2026-08-13T12:14:56.309
7919,588aca26ed1bfc095abf2de16bf97b57,3303,86.0,3,1786598097308,2026-08-13T12:14:57.308
7920,588aca26ed1bfc095abf2de16bf97b57,3304,86.0,3,1786598098308,2026-08-13T12:14:58.308
7921,588aca26ed1bfc095abf2de16bf97b57,3305,86.0,3,1786598099309,2026-08-13T12:14:59.309
7922,588aca26ed1bfc095abf2de16bf97b57,3306,86.0,3,1786598100311,2026-08-13T12:15:00.311
7923,588aca26ed1bfc095abf2de16bf97b57,3307,86.0,3,1786598101308,2026-08-13T12:15:01.308
7924,588aca26ed1bfc095abf2de16bf97b57,3308,87.0,3,1786598102308,2026-08-13T12:15:02.308
7925,588aca26ed1bfc095abf2de16bf97b57,3309,87.0,3,1786598103309,2026-08-13T12:15:03.309
7926,588aca26ed1bfc095abf2de16bf97b57,3310,87.0,3,1786598104309,2026-08-13T12:15:04.309
7927,588aca26ed1bfc095abf2de16bf97b57,3311,87.0,3,1786598105309,2026-08-13T12:15:05.309
7928,588aca26ed1bfc095abf2de16bf97b57,3312,87.0,3,1786598106308,2026-08-13T12:15:06.308
7929,588aca26ed1bfc095abf2de16bf97b57,3313,87.0,3,1786598107309,2026-08-13T12:15:07.309
7930,588aca26ed1bfc095abf2de16bf97b57,3314,87.0,3,1786598108309,2026-08-13T12:15:08.309
7931,588aca26ed1bfc095abf2de16bf97b57,3315,87.0,3,1786598109308,2026-08-13T12:15:09.308
7932,588aca26ed1bfc095abf2de16bf97b57,3316,87.0,3,1786598110309,2026-08-13T12:15:10.309
7933,588aca26ed1bfc095abf2de16bf97b57,3317,87.0,3,1786598111321,2026-08-13T12:15:11.321
7934,588aca26ed1bfc095abf2de16bf97b57,3318,87.0,3,1786598112309,2026-08-13T12:15:12.309
7935,588aca26ed1bfc095abf2de16bf97b57,3319,87.0,3,1786598113315,2026-08-13T12:15:13.315
7936,588aca26ed1bfc095abf2de16bf97b57,3320,86.0,3,1786598114315,2026-08-13T12:15:14.315
7937,588aca26ed1bfc095abf2de16bf97b57,3321,86.0,3,1786598115314,2026-08-13T12:15:15.314
7938,588aca26ed1bfc095abf2de16bf97b57,3322,85.0,3,1786598116314,2026-08-13T12:15:16.314
7939,588aca26ed1bfc095abf2de16bf97b57,3323,85.0,3,1786598117313,2026-08-13T12:15:17.313
7940,588aca26ed1bfc095abf2de16bf97b57,3324,85.0,3,1786598118308,2026-08-13T12:15:18.308
7941,588aca26ed1bfc095abf2de16bf97b57,3325,84.0,3,1786598119311,2026-08-13T12:15:19.311
7942,588aca26ed1bfc095abf2de16bf97b57,3326,84.0,3,1786598120311,2026-08-13T12:15:20.311
7943,588aca26ed1bfc095abf2de16bf97b57,3327,83.0,3,1786598121310,2026-08-13T12:15:21.310
7944,588aca26ed1bfc095abf2de16bf97b57,3328,83.0,3,1786598122308,2026-08-13T12:15:22.308
7945,588aca26ed1bfc095abf2de16bf97b57,3329,82.0,3,1786598123316,2026-08-13T12:15:23.316
7946,588aca26ed1bfc095abf2de16bf97b57,3330,82.0,3,1786598124308,2026-08-13T12:15:24.308
7947,588aca26ed1bfc095abf2de16bf97b57,3331,82.0,3,1786598125309,2026-08-13T12:15:25.309
7948,588aca26ed1bfc095abf2de16bf97b57,3332,81.0,3,1786598126308,2026-08-13T12:15:26.308
7949,588aca26ed1bfc095abf2de16bf97b57,3333,81.0,3,1786598127311,2026-08-13T12:15:27.311
7950,588aca26ed1bfc095abf2de16bf97b57,3334,82.0,3,1786598128310,2026-08-13T12:15:28.310
7951,588aca26ed1bfc095abf2de16bf97b57,3335,82.0,3,1786598129308,2026-08-13T12:15:29.308
7952,588aca26ed1bfc095abf2de16bf97b57,3336,82.0,3,1786598130309,2026-08-13T12:15:30.309
7953,588aca26ed1bfc095abf2de16bf97b57,3337,82.0,3,1786598131309,2026-08-13T12:15:31.309
7954,588aca26ed1bfc095abf2de16bf97b57,3338,82.0,3,1786598132309,2026-08-13T12:15:32.309
7955,588aca26ed1bfc095abf2de16bf97b57,3339,82.0,3,1786598133308,2026-08-13T12:15:33.308
7956,588aca26ed1bfc095abf2de16bf97b57,3340,82.0,3,1786598134309,2026-08-13T12:15:34.309
7957,588aca26ed1bfc095abf2de16bf97b57,3341,82.0,3,1786598135308,2026-08-13T12:15:35.308
7958,588aca26ed1bfc095abf2de16bf97b57,3342,82.0,3,1786598136309,2026-08-13T12:15:36.309
7959,588aca26ed1bfc095abf2de16bf97b57,3343,82.0,3,1786598137309,2026-08-13T12:15:37.309
7960,588aca26ed1bfc095abf2de16bf97b57,3344,82.0,3,1786598138308,2026-08-13T12:15:38.308
7961,588aca26ed1bfc095abf2de16bf97b57,3345,83.0,3,1786598139309,2026-08-13T12:15:39.309
7962,588aca26ed1bfc095abf2de16bf97b57,3346,83.0,3,1786598140308,2026-08-13T12:15:40.308
7963,588aca26ed1bfc095abf2de16bf97b57,3347,83.0,3,1786598141308,2026-08-13T12:15:41.308
7964,588aca26ed1bfc095abf2de16bf97b57,3348,83.0,3,1786598142309,2026-08-13T12:15:42.309
7965,588aca26ed1bfc095abf2de16bf97b57,3349,83.0,3,1786598143308,2026-08-13T12:15:43.308
7966,588aca26ed1bfc095abf2de16bf97b57,3350,83.0,3,1786598144309,2026-08-13T12:15:44.309
7967,588aca26ed1bfc095abf2de16bf97b57,3351,83.0,3,1786598145308,2026-08-13T12:15:45.308
7968,588aca26ed1bfc095abf2de16bf97b57,3352,83.0,3,1786598146309,2026-08-13T12:15:46.309
7969,588aca26ed1bfc095abf2de16bf97b57,3353,83.0,3,1786598147311,2026-08-13T12:15:47.311
7970,588aca26ed1bfc095abf2de16bf97b57,3354,84.0,3,1786598148316,2026-08-13T12:15:48.316
7971,588aca26ed1bfc095abf2de16bf97b57,3355,84.0,3,1786598149315,2026-08-13T12:15:49.315
7972,588aca26ed1bfc095abf2de16bf97b57,3356,84.0,3,1786598150313,2026-08-13T12:15:50.313
7973,588aca26ed1bfc095abf2de16bf97b57,3357,84.0,3,1786598151309,2026-08-13T12:15:51.309
7974,588aca26ed1bfc095abf2de16bf97b57,3358,84.0,3,1786598152308,2026-08-13T12:15:52.308
7975,588aca26ed1bfc095abf2de16bf97b57,3359,84.0,3,1786598153309,2026-08-13T12:15:53.309
7976,588aca26ed1bfc095abf2de16bf97b57,3360,84.0,3,1786598154310,2026-08-13T12:15:54.310
7977,588aca26ed1bfc095abf2de16bf97b57,3361,85.0,3,1786598155310,2026-08-13T12:15:55.310
7978,588aca26ed1bfc095abf2de16bf97b57,3362,86.0,3,1786598156311,2026-08-13T12:15:56.311
7979,588aca26ed1bfc095abf2de16bf97b57,3363,87.0,3,1786598157308,2026-08-13T12:15:57.308
7980,588aca26ed1bfc095abf2de16bf97b57,3364,88.0,3,1786598158311,2026-08-13T12:15:58.311
7981,588aca26ed1bfc095abf2de16bf97b57,3365,89.0,3,1786598159310,2026-08-13T12:15:59.310
7982,588aca26ed1bfc095abf2de16bf97b57,3366,90.0,3,1786598160309,2026-08-13T12:16:00.309
7983,588aca26ed1bfc095abf2de16bf97b57,3367,91.0,3,1786598161311,2026-08-13T12:16:01.311
7984,588aca26ed1bfc095abf2de16bf97b57,3368,92.0,3,1786598162308,2026-08-13T12:16:02.308
7985,588aca26ed1bfc095abf2de16bf97b57,3369,93.0,3,1786598163310,2026-08-13T12:16:03.310
7986,588aca26ed1bfc095abf2de16bf97b57,3370,90.0,3,1786598164311,2026-08-13T12:16:04.311
7987,588aca26ed1bfc095abf2de16bf97b57,3371,92.0,3,1786598165311,2026-08-13T12:16:05.311
7988,588aca26ed1bfc095abf2de16bf97b57,3372,95.0,3,1786598166308,2026-08-13T12:16:06.308
7989,588aca26ed1bfc095abf2de16bf97b57,3373,96.0,3,1786598167310,2026-08-13T12:16:07.310
7990,588aca26ed1bfc095abf2de16bf97b57,3374,98.0,3,1786598168308,2026-08-13T12:16:08.308
7991,588aca26ed1bfc095abf2de16bf97b57,3375,98.0,3,1786598169308,2026-08-13T12:16:09.308
7992,588aca26ed1bfc095abf2de16bf97b57,3376,100.0,3,1786598170308,2026-08-13T12:16:10.308
7993,588aca26ed1bfc095abf2de16bf97b57,3377,100.0,3,1786598171308,2026-08-13T12:16:11.308
7994,588aca26ed1bfc095abf2de16bf97b57,3378,100.0,3,1786598172308,2026-08-13T12:16:12.308
7995,588aca26ed1bfc095abf2de16bf97b57,3379,100.0,3,1786598173308,2026-08-13T12:16:13.308
7996,588aca26ed1bfc095abf2de16bf97b57,3380,100.0,3,1786598174308,2026-08-13T12:16:14.308
7997,588aca26ed1bfc095abf2de16bf97b57,3381,99.0,3,1786598175309,2026-08-13T12:16:15.309
7998,588aca26ed1bfc095abf2de16bf97b57,3382,100.0,3,1786598176308,2026-08-13T12:16:16.308
7999,588aca26ed1bfc095abf2de16bf97b57,3383,99.0,3,1786598177308,2026-08-13T12:16:17.308
8000,588aca26ed1bfc095abf2de16bf97b57,3384,99.0,3,1786598178308,2026-08-13T12:16:18.308
8001,588aca26ed1bfc095abf2de16bf97b57,3385,98.0,3,1786598179318,2026-08-13T12:16:19.318
8002,588aca26ed1bfc095abf2de16bf97b57,3386,98.0,3,1786598180312,2026-08-13T12:16:20.312
8003,588aca26ed1bfc095abf2de16bf97b57,3387,98.0,3,1786598181310,2026-08-13T12:16:21.310
8004,588aca26ed1bfc095abf2de16bf97b57,3388,97.0,3,1786598182308,2026-08-13T12:16:22.308
8005,588aca26ed1bfc095abf2de16bf97b57,3389,97.0,3,1786598183308,2026-08-13T12:16:23.308
8006,588aca26ed1bfc095abf2de16bf97b57,3390,96.0,3,1786598184308,2026-08-13T12:16:24.308
8007,588aca26ed1bfc095abf2de16bf97b57,3391,96.0,3,1786598185308,2026-08-13T12:16:25.308
8008,588aca26ed1bfc095abf2de16bf97b57,3392,97.0,3,1786598186308,2026-08-13T12:16:26.308
8009,588aca26ed1bfc095abf2de16bf97b57,3393,97.0,3,1786598187308,2026-08-13T12:16:27.308
8010,588aca26ed1bfc095abf2de16bf97b57,3394,97.0,3,1786598188308,2026-08-13T12:16:28.308
8011,588aca26ed1bfc095abf2de16bf97b57,3395,97.0,3,1786598189308,2026-08-13T12:16:29.308
8012,588aca26ed1bfc095abf2de16bf97b57,3396,97.0,3,1786598190308,2026-08-13T12:16:30.308
8013,588aca26ed1bfc095abf2de16bf97b57,3397,98.0,3,1786598191308,2026-08-13T12:16:31.308
8014,588aca26ed1bfc095abf2de16bf97b57,3398,98.0,3,1786598192308,2026-08-13T12:16:32.308
8015,588aca26ed1bfc095abf2de16bf97b57,3399,98.0,3,1786598193310,2026-08-13T12:16:33.310
8016,588aca26ed1bfc095abf2de16bf97b57,3400,97.0,3,1786598194309,2026-08-13T12:16:34.309
8017,588aca26ed1bfc095abf2de16bf97b57,3401,96.0,3,1786598195309,2026-08-13T12:16:35.309
8018,588aca26ed1bfc095abf2de16bf97b57,3402,95.0,3,1786598196310,2026-08-13T12:16:36.310
8019,588aca26ed1bfc095abf2de16bf97b57,3403,94.0,3,1786598197309,2026-08-13T12:16:37.309
8020,588aca26ed1bfc095abf2de16bf97b57,3404,93.0,3,1786598198310,2026-08-13T12:16:38.310
8021,588aca26ed1bfc095abf2de16bf97b57,3405,93.0,3,1786598199308,2026-08-13T12:16:39.308
8022,588aca26ed1bfc095abf2de16bf97b57,3406,92.0,3,1786598200308,2026-08-13T12:16:40.308
8023,588aca26ed1bfc095abf2de16bf97b57,3407,92.0,3,1786598201314,2026-08-13T12:16:41.314
8024,588aca26ed1bfc095abf2de16bf97b57,3408,92.0,3,1786598202308,2026-08-13T12:16:42.308
8025,588aca26ed1bfc095abf2de16bf97b57,3409,93.0,3,1786598203308,2026-08-13T12:16:43.308
8026,588aca26ed1bfc095abf2de16bf97b57,3410,92.0,3,1786598204308,2026-08-13T12:16:44.308
8027,588aca26ed1bfc095abf2de16bf97b57,3411,92.0,3,1786598205308,2026-08-13T12:16:45.308
8028,588aca26ed1bfc095abf2de16bf97b57,3412,92.0,3,1786598206308,2026-08-13T12:16:46.308
8029,588aca26ed1bfc095abf2de16bf97b57,3413,92.0,3,1786598207309,2026-08-13T12:16:47.309
8030,588aca26ed1bfc095abf2de16bf97b57,3414,92.0,3,1786598208309,2026-08-13T12:16:48.309
8031,588aca26ed1bfc095abf2de16bf97b57,3415,93.0,3,1786598209309,2026-08-13T12:16:49.309
8032,588aca26ed1bfc095abf2de16bf97b57,3416,93.0,3,1786598210309,2026-08-13T12:16:50.309
8033,588aca26ed1bfc095abf2de16bf97b57,3417,93.0,3,1786598211309,2026-08-13T12:16:51.309
8034,588aca26ed1bfc095abf2de16bf97b57,3418,94.0,3,1786598212309,2026-08-13T12:16:52.309
8035,588aca26ed1bfc095abf2de16bf97b57,3419,94.0,3,1786598213318,2026-08-13T12:16:53.318
8036,588aca26ed1bfc095abf2de16bf97b57,3420,94.0,3,1786598214317,2026-08-13T12:16:54.317
8037,588aca26ed1bfc095abf2de16bf97b57,3421,93.0,3,1786598215312,2026-08-13T12:16:55.312
8038,588aca26ed1bfc095abf2de16bf97b57,3422,93.0,3,1786598216317,2026-08-13T12:16:56.317
8039,588aca26ed1bfc095abf2de16bf97b57,3423,92.0,3,1786598217314,2026-08-13T12:16:57.314
8040,588aca26ed1bfc095abf2de16bf97b57,3424,92.0,3,1786598218313,2026-08-13T12:16:58.313
8041,588aca26ed1bfc095abf2de16bf97b57,3425,91.0,3,1786598219308,2026-08-13T12:16:59.308
8042,588aca26ed1bfc095abf2de16bf97b57,3426,91.0,3,1786598220309,2026-08-13T12:17:00.309
8043,588aca26ed1bfc095abf2de16bf97b57,3427,91.0,3,1786598221309,2026-08-13T12:17:01.309
8044,588aca26ed1bfc095abf2de16bf97b57,3428,91.0,3,1786598222308,2026-08-13T12:17:02.308
8045,588aca26ed1bfc095abf2de16bf97b57,3429,91.0,3,1786598223309,2026-08-13T12:17:03.309
8046,588aca26ed1bfc095abf2de16bf97b57,3430,91.0,3,1786598224308,2026-08-13T12:17:04.308
8047,588aca26ed1bfc095abf2de16bf97b57,3431,91.0,3,1786598225309,2026-08-13T12:17:05.309
8048,588aca26ed1bfc095abf2de16bf97b57,3432,91.0,3,1786598226309,2026-08-13T12:17:06.309
8049,588aca26ed1bfc095abf2de16bf97b57,3433,91.0,3,1786598227308,2026-08-13T12:17:07.308
8050,588aca26ed1bfc095abf2de16bf97b57,3434,91.0,3,1786598228309,2026-08-13T12:17:08.309
8051,588aca26ed1bfc095abf2de16bf97b57,3435,91.0,3,1786598229309,2026-08-13T12:17:09.309
8052,588aca26ed1bfc095abf2de16bf97b57,3436,91.0,3,1786598230309,2026-08-13T12:17:10.309
8053,588aca26ed1bfc095abf2de16bf97b57,3437,91.0,3,1786598231308,2026-08-13T12:17:11.308
8054,588aca26ed1bfc095abf2de16bf97b57,3438,92.0,3,1786598232308,2026-08-13T12:17:12.308
8055,588aca26ed1bfc095abf2de16bf97b57,3439,92.0,3,1786598233309,2026-08-13T12:17:13.309
8056,588aca26ed1bfc095abf2de16bf97b57,3440,93.0,3,1786598234308,2026-08-13T12:17:14.308
8057,588aca26ed1bfc095abf2de16bf97b57,3441,94.0,3,1786598235308,2026-08-13T12:17:15.308
8058,588aca26ed1bfc095abf2de16bf97b57,3442,94.0,3,1786598236311,2026-08-13T12:17:16.311
8059,588aca26ed1bfc095abf2de16bf97b57,3443,95.0,3,1786598237317,2026-08-13T12:17:17.317
8060,588aca26ed1bfc095abf2de16bf97b57,3444,95.0,3,1786598238313,2026-08-13T12:17:18.313
8061,588aca26ed1bfc095abf2de16bf97b57,3445,94.0,3,1786598239311,2026-08-13T12:17:19.311
8062,588aca26ed1bfc095abf2de16bf97b57,3446,94.0,3,1786598240309,2026-08-13T12:17:20.309
8063,588aca26ed1bfc095abf2de16bf97b57,3447,93.0,3,1786598241309,2026-08-13T12:17:21.309
8064,588aca26ed1bfc095abf2de16bf97b57,3448,93.0,3,1786598242308,2026-08-13T12:17:22.308
8065,588aca26ed1bfc095abf2de16bf97b57,3449,92.0,3,1786598243309,2026-08-13T12:17:23.309
8066,588aca26ed1bfc095abf2de16bf97b57,3450,92.0,3,1786598244308,2026-08-13T12:17:24.308
8067,588aca26ed1bfc095abf2de16bf97b57,3451,91.0,3,1786598245311,2026-08-13T12:17:25.311
8068,588aca26ed1bfc095abf2de16bf97b57,3452,90.0,3,1786598246310,2026-08-13T12:17:26.310
8069,588aca26ed1bfc095abf2de16bf97b57,3453,90.0,3,1786598247310,2026-08-13T12:17:27.310
8070,588aca26ed1bfc095abf2de16bf97b57,3454,89.0,3,1786598248308,2026-08-13T12:17:28.308
8071,588aca26ed1bfc095abf2de16bf97b57,3455,89.0,3,1786598249316,2026-08-13T12:17:29.316
8072,588aca26ed1bfc095abf2de16bf97b57,3456,89.0,3,1786598250309,2026-08-13T12:17:30.309
8073,588aca26ed1bfc095abf2de16bf97b57,3457,89.0,3,1786598251309,2026-08-13T12:17:31.309
8074,588aca26ed1bfc095abf2de16bf97b57,3458,89.0,3,1786598252308,2026-08-13T12:17:32.308
8075,588aca26ed1bfc095abf2de16bf97b57,3459,90.0,3,1786598253308,2026-08-13T12:17:33.308
8076,588aca26ed1bfc095abf2de16bf97b57,3460,90.0,3,1786598254309,2026-08-13T12:17:34.309
8077,588aca26ed1bfc095abf2de16bf97b57,3461,91.0,3,1786598255308,2026-08-13T12:17:35.308
8078,588aca26ed1bfc095abf2de16bf97b57,3462,91.0,3,1786598256308,2026-08-13T12:17:36.308
8079,588aca26ed1bfc095abf2de16bf97b57,3463,91.0,3,1786598257310,2026-08-13T12:17:37.310
8080,588aca26ed1bfc095abf2de16bf97b57,3464,90.0,3,1786598258326,2026-08-13T12:17:38.326
8081,588aca26ed1bfc095abf2de16bf97b57,3465,90.0,3,1786598259316,2026-08-13T12:17:39.316
8082,588aca26ed1bfc095abf2de16bf97b57,3466,90.0,3,1786598260316,2026-08-13T12:17:40.316
8083,588aca26ed1bfc095abf2de16bf97b57,3467,90.0,3,1786598261313,2026-08-13T12:17:41.313
8084,588aca26ed1bfc095abf2de16bf97b57,3468,91.0,3,1786598262311,2026-08-13T12:17:42.311
8085,588aca26ed1bfc095abf2de16bf97b57,3469,91.0,3,1786598263311,2026-08-13T12:17:43.311
8086,588aca26ed1bfc095abf2de16bf97b57,3470,91.0,3,1786598264308,2026-08-13T12:17:44.308
8087,588aca26ed1bfc095abf2de16bf97b57,3471,91.0,3,1786598265308,2026-08-13T12:17:45.308
8088,588aca26ed1bfc095abf2de16bf97b57,3472,90.0,3,1786598266308,2026-08-13T12:17:46.308
8089,588aca26ed1bfc095abf2de16bf97b57,3473,90.0,3,1786598267308,2026-08-13T12:17:47.308
8090,588aca26ed1bfc095abf2de16bf97b57,3474,89.0,3,1786598268308,2026-08-13T12:17:48.308
8091,588aca26ed1bfc095abf2de16bf97b57,3475,90.0,3,1786598269308,2026-08-13T12:17:49.308
8092,588aca26ed1bfc095abf2de16bf97b57,3476,89.0,3,1786598270311,2026-08-13T12:17:50.311
8093,588aca26ed1bfc095abf2de16bf97b57,3477,89.0,3,1786598271310,2026-08-13T12:17:51.310
8094,588aca26ed1bfc095abf2de16bf97b57,3478,90.0,3,1786598272309,2026-08-13T12:17:52.309
8095,588aca26ed1bfc095abf2de16bf97b57,3479,91.0,3,1786598273308,2026-08-13T12:17:53.308
8096,588aca26ed1bfc095abf2de16bf97b57,3480,92.0,3,1786598274308,2026-08-13T12:17:54.308
8097,588aca26ed1bfc095abf2de16bf97b57,3481,93.0,3,1786598275309,2026-08-13T12:17:55.309
8098,588aca26ed1bfc095abf2de16bf97b57,3482,93.0,3,1786598276308,2026-08-13T12:17:56.308
8099,588aca26ed1bfc095abf2de16bf97b57,3483,94.0,3,1786598277309,2026-08-13T12:17:57.309
8100,588aca26ed1bfc095abf2de16bf97b57,3484,94.0,3,1786598278308,2026-08-13T12:17:58.308
8101,588aca26ed1bfc095abf2de16bf97b57,3485,94.0,3,1786598279308,2026-08-13T12:17:59.308
8102,588aca26ed1bfc095abf2de16bf97b57,3486,94.0,3,1786598280308,2026-08-13T12:18:00.308
8103,588aca26ed1bfc095abf2de16bf97b57,3487,95.0,3,1786598281308,2026-08-13T12:18:01.308
8104,588aca26ed1bfc095abf2de16bf97b57,3488,96.0,3,1786598282310,2026-08-13T12:18:02.310
8105,588aca26ed1bfc095abf2de16bf97b57,3489,96.0,3,1786598283317,2026-08-13T12:18:03.317
8106,588aca26ed1bfc095abf2de16bf97b57,3490,96.0,3,1786598284312,2026-08-13T12:18:04.312
8107,588aca26ed1bfc095abf2de16bf97b57,3491,96.0,3,1786598285310,2026-08-13T12:18:05.310
8108,588aca26ed1bfc095abf2de16bf97b57,3492,95.0,3,1786598286311,2026-08-13T12:18:06.311
8109,588aca26ed1bfc095abf2de16bf97b57,3493,96.0,3,1786598287314,2026-08-13T12:18:07.314
8110,588aca26ed1bfc095abf2de16bf97b57,3494,96.0,3,1786598288312,2026-08-13T12:18:08.312
8111,588aca26ed1bfc095abf2de16bf97b57,3495,96.0,3,1786598289309,2026-08-13T12:18:09.309
8112,588aca26ed1bfc095abf2de16bf97b57,3496,95.0,3,1786598290311,2026-08-13T12:18:10.311
8113,588aca26ed1bfc095abf2de16bf97b57,3497,95.0,3,1786598291308,2026-08-13T12:18:11.308
8114,588aca26ed1bfc095abf2de16bf97b57,3498,95.0,3,1786598292308,2026-08-13T12:18:12.308
8115,588aca26ed1bfc095abf2de16bf97b57,3499,95.0,3,1786598293309,2026-08-13T12:18:13.309
8116,588aca26ed1bfc095abf2de16bf97b57,3500,95.0,3,1786598294308,2026-08-13T12:18:14.308
8117,588aca26ed1bfc095abf2de16bf97b57,3501,95.0,3,1786598295308,2026-08-13T12:18:15.308
8118,588aca26ed1bfc095abf2de16bf97b57,3502,95.0,3,1786598296309,2026-08-13T12:18:16.309
8119,588aca26ed1bfc095abf2de16bf97b57,3503,95.0,3,1786598297311,2026-08-13T12:18:17.311
8120,588aca26ed1bfc095abf2de16bf97b57,3504,94.0,3,1786598298310,2026-08-13T12:18:18.310
8121,588aca26ed1bfc095abf2de16bf97b57,3505,94.0,3,1786598299314,2026-08-13T12:18:19.314
8122,588aca26ed1bfc095abf2de16bf97b57,3506,95.0,3,1786598300316,2026-08-13T12:18:20.316
8123,588aca26ed1bfc095abf2de16bf97b57,3507,95.0,3,1786598301309,2026-08-13T12:18:21.309
8124,588aca26ed1bfc095abf2de16bf97b57,3508,94.0,3,1786598302309,2026-08-13T12:18:22.309
8125,588aca26ed1bfc095abf2de16bf97b57,3509,94.0,3,1786598303309,2026-08-13T12:18:23.309
8126,588aca26ed1bfc095abf2de16bf97b57,3510,94.0,3,1786598304309,2026-08-13T12:18:24.309
8127,588aca26ed1bfc095abf2de16bf97b57,3511,93.0,3,1786598305309,2026-08-13T12:18:25.309
8128,588aca26ed1bfc095abf2de16bf97b57,3512,93.0,3,1786598306309,2026-08-13T12:18:26.309
8129,588aca26ed1bfc095abf2de16bf97b57,3513,93.0,3,1786598307308,2026-08-13T12:18:27.308
8130,588aca26ed1bfc095abf2de16bf97b57,3514,93.0,3,1786598308310,2026-08-13T12:18:28.310
8131,588aca26ed1bfc095abf2de16bf97b57,3515,93.0,3,1786598309312,2026-08-13T12:18:29.312
8132,588aca26ed1bfc095abf2de16bf97b57,3516,93.0,3,1786598310316,2026-08-13T12:18:30.316
8133,588aca26ed1bfc095abf2de16bf97b57,3517,94.0,3,1786598311313,2026-08-13T12:18:31.313
8134,588aca26ed1bfc095abf2de16bf97b57,3518,94.0,3,1786598312314,2026-08-13T12:18:32.314
8135,588aca26ed1bfc095abf2de16bf97b57,3519,95.0,3,1786598313312,2026-08-13T12:18:33.312
8136,588aca26ed1bfc095abf2de16bf97b57,3520,95.0,3,1786598314312,2026-08-13T12:18:34.312
8137,588aca26ed1bfc095abf2de16bf97b57,3521,96.0,3,1786598315312,2026-08-13T12:18:35.312
8138,588aca26ed1bfc095abf2de16bf97b57,3522,97.0,3,1786598316309,2026-08-13T12:18:36.309
8139,588aca26ed1bfc095abf2de16bf97b57,3523,97.0,3,1786598317311,2026-08-13T12:18:37.311
8140,588aca26ed1bfc095abf2de16bf97b57,3524,97.0,3,1786598318309,2026-08-13T12:18:38.309
8141,588aca26ed1bfc095abf2de16bf97b57,3525,97.0,3,1786598319310,2026-08-13T12:18:39.310
8142,588aca26ed1bfc095abf2de16bf97b57,3526,96.0,3,1786598320309,2026-08-13T12:18:40.309
8143,588aca26ed1bfc095abf2de16bf97b57,3527,96.0,3,1786598321308,2026-08-13T12:18:41.308
8144,588aca26ed1bfc095abf2de16bf97b57,3528,96.0,3,1786598322308,2026-08-13T12:18:42.308
8145,588aca26ed1bfc095abf2de16bf97b57,3529,96.0,3,1786598323309,2026-08-13T12:18:43.309
8146,588aca26ed1bfc095abf2de16bf97b57,3530,96.0,3,1786598324309,2026-08-13T12:18:44.309
8147,588aca26ed1bfc095abf2de16bf97b57,3531,96.0,3,1786598325308,2026-08-13T12:18:45.308
8148,588aca26ed1bfc095abf2de16bf97b57,3532,95.0,3,1786598326308,2026-08-13T12:18:46.308
8149,588aca26ed1bfc095abf2de16bf97b57,3533,95.0,3,1786598327308,2026-08-13T12:18:47.308
8150,588aca26ed1bfc095abf2de16bf97b57,3534,95.0,3,1786598328308,2026-08-13T12:18:48.308
8151,588aca26ed1bfc095abf2de16bf97b57,3535,94.0,3,1786598329309,2026-08-13T12:18:49.309
8152,588aca26ed1bfc095abf2de16bf97b57,3536,94.0,3,1786598330313,2026-08-13T12:18:50.313
8153,588aca26ed1bfc095abf2de16bf97b57,3537,94.0,3,1786598331308,2026-08-13T12:18:51.308
8154,588aca26ed1bfc095abf2de16bf97b57,3538,94.0,3,1786598332308,2026-08-13T12:18:52.308
8155,588aca26ed1bfc095abf2de16bf97b57,3539,94.0,3,1786598333309,2026-08-13T12:18:53.309
8156,588aca26ed1bfc095abf2de16bf97b57,3540,94.0,3,1786598334309,2026-08-13T12:18:54.309
8157,588aca26ed1bfc095abf2de16bf97b57,3541,94.0,3,1786598335308,2026-08-13T12:18:55.308
8158,588aca26ed1bfc095abf2de16bf97b57,3542,94.0,3,1786598336309,2026-08-13T12:18:56.309
8159,588aca26ed1bfc095abf2de16bf97b57,3543,94.0,3,1786598337308,2026-08-13T12:18:57.308
8160,588aca26ed1bfc095abf2de16bf97b57,3544,94.0,3,1786598338309,2026-08-13T12:18:58.309
8161,588aca26ed1bfc095abf2de16bf97b57,3545,95.0,3,1786598339318,2026-08-13T12:18:59.318
8162,588aca26ed1bfc095abf2de16bf97b57,3546,95.0,3,1786598340314,2026-08-13T12:19:00.314
8163,588aca26ed1bfc095abf2de16bf97b57,3547,95.0,3,1786598341312,2026-08-13T12:19:01.312
8164,588aca26ed1bfc095abf2de16bf97b57,3548,95.0,3,1786598342309,2026-08-13T12:19:02.309
8165,588aca26ed1bfc095abf2de16bf97b57,3549,95.0,3,1786598343311,2026-08-13T12:19:03.311
8166,588aca26ed1bfc095abf2de16bf97b57,3550,95.0,3,1786598344309,2026-08-13T12:19:04.309
8167,588aca26ed1bfc095abf2de16bf97b57,3551,95.0,3,1786598345309,2026-08-13T12:19:05.309
8168,588aca26ed1bfc095abf2de16bf97b57,3552,95.0,3,1786598346308,2026-08-13T12:19:06.308
8169,588aca26ed1bfc095abf2de16bf97b57,3553,95.0,3,1786598347309,2026-08-13T12:19:07.309
8170,588aca26ed1bfc095abf2de16bf97b57,3554,95.0,3,1786598348309,2026-08-13T12:19:08.309
8171,588aca26ed1bfc095abf2de16bf97b57,3555,95.0,3,1786598349308,2026-08-13T12:19:09.308
8172,588aca26ed1bfc095abf2de16bf97b57,3556,95.0,3,1786598350308,2026-08-13T12:19:10.308
8173,588aca26ed1bfc095abf2de16bf97b57,3557,95.0,3,1786598351308,2026-08-13T12:19:11.308
8174,588aca26ed1bfc095abf2de16bf97b57,3558,95.0,3,1786598352310,2026-08-13T12:19:12.310
8175,588aca26ed1bfc095abf2de16bf97b57,3559,95.0,3,1786598353310,2026-08-13T12:19:13.310
8176,588aca26ed1bfc095abf2de16bf97b57,3560,95.0,3,1786598354309,2026-08-13T12:19:14.309
8177,588aca26ed1bfc095abf2de16bf97b57,3561,95.0,3,1786598355308,2026-08-13T12:19:15.308
8178,588aca26ed1bfc095abf2de16bf97b57,3562,95.0,3,1786598356308,2026-08-13T12:19:16.308
8179,588aca26ed1bfc095abf2de16bf97b57,3563,95.0,3,1786598357309,2026-08-13T12:19:17.309
8180,588aca26ed1bfc095abf2de16bf97b57,3564,95.0,3,1786598358308,2026-08-13T12:19:18.308
8181,588aca26ed1bfc095abf2de16bf97b57,3565,95.0,3,1786598359308,2026-08-13T12:19:19.308
8182,588aca26ed1bfc095abf2de16bf97b57,3566,95.0,3,1786598360309,2026-08-13T12:19:20.309
8183,588aca26ed1bfc095abf2de16bf97b57,3567,95.0,3,1786598361308,2026-08-13T12:19:21.308
8184,588aca26ed1bfc095abf2de16bf97b57,3568,96.0,3,1786598362308,2026-08-13T12:19:22.308
8185,588aca26ed1bfc095abf2de16bf97b57,3569,96.0,3,1786598363308,2026-08-13T12:19:23.308
8186,588aca26ed1bfc095abf2de16bf97b57,3570,97.0,3,1786598364308,2026-08-13T12:19:24.308
8187,588aca26ed1bfc095abf2de16bf97b57,3571,97.0,3,1786598365308,2026-08-13T12:19:25.308
8188,588aca26ed1bfc095abf2de16bf97b57,3572,97.0,3,1786598366308,2026-08-13T12:19:26.308
8189,588aca26ed1bfc095abf2de16bf97b57,3573,97.0,3,1786598367319,2026-08-13T12:19:27.319
8190,588aca26ed1bfc095abf2de16bf97b57,3574,97.0,3,1786598368317,2026-08-13T12:19:28.317
8191,588aca26ed1bfc095abf2de16bf97b57,3575,98.0,3,1786598369315,2026-08-13T12:19:29.315
8192,588aca26ed1bfc095abf2de16bf97b57,3576,98.0,3,1786598370316,2026-08-13T12:19:30.316
8193,588aca26ed1bfc095abf2de16bf97b57,3577,98.0,3,1786598371315,2026-08-13T12:19:31.315
8194,588aca26ed1bfc095abf2de16bf97b57,3578,97.0,3,1786598372313,2026-08-13T12:19:32.313
8195,588aca26ed1bfc095abf2de16bf97b57,3579,97.0,3,1786598373312,2026-08-13T12:19:33.312
8196,588aca26ed1bfc095abf2de16bf97b57,3580,97.0,3,1786598374311,2026-08-13T12:19:34.311
8197,588aca26ed1bfc095abf2de16bf97b57,3581,98.0,3,1786598375310,2026-08-13T12:19:35.310
8198,588aca26ed1bfc095abf2de16bf97b57,3582,98.0,3,1786598376308,2026-08-13T12:19:36.308
8199,588aca26ed1bfc095abf2de16bf97b57,3583,98.0,3,1786598377308,2026-08-13T12:19:37.308
8200,588aca26ed1bfc095abf2de16bf97b57,3584,99.0,3,1786598378308,2026-08-13T12:19:38.308
8201,588aca26ed1bfc095abf2de16bf97b57,3585,99.0,3,1786598379309,2026-08-13T12:19:39.309
8202,588aca26ed1bfc095abf2de16bf97b57,3586,99.0,3,1786598380309,2026-08-13T12:19:40.309
8203,588aca26ed1bfc095abf2de16bf97b57,3587,99.0,3,1786598381310,2026-08-13T12:19:41.310
8204,588aca26ed1bfc095abf2de16bf97b57,3588,99.0,3,1786598382309,2026-08-13T12:19:42.309
8205,588aca26ed1bfc095abf2de16bf97b57,3589,98.0,3,1786598383310,2026-08-13T12:19:43.310
8206,588aca26ed1bfc095abf2de16bf97b57,3590,98.0,3,1786598384308,2026-08-13T12:19:44.308
8207,588aca26ed1bfc095abf2de16bf97b57,3591,98.0,3,1786598385309,2026-08-13T12:19:45.309
8208,588aca26ed1bfc095abf2de16bf97b57,3592,98.0,3,1786598386308,2026-08-13T12:19:46.308
8209,588aca26ed1bfc095abf2de16bf97b57,3593,98.0,3,1786598387309,2026-08-13T12:19:47.309
8210,588aca26ed1bfc095abf2de16bf97b57,3594,98.0,3,1786598388309,2026-08-13T12:19:48.309
8211,588aca26ed1bfc095abf2de16bf97b57,3595,98.0,3,1786598389309,2026-08-13T12:19:49.309
8212,588aca26ed1bfc095abf2de16bf97b57,3596,97.0,3,1786598390310,2026-08-13T12:19:50.310
8213,588aca26ed1bfc095abf2de16bf97b57,3597,97.0,3,1786598391308,2026-08-13T12:19:51.308
8214,588aca26ed1bfc095abf2de16bf97b57,3598,97.0,3,1786598392308,2026-08-13T12:19:52.308
8215,588aca26ed1bfc095abf2de16bf97b57,3599,96.0,3,1786598393308,2026-08-13T12:19:53.308
8216,588aca26ed1bfc095abf2de16bf97b57,3600,95.0,3,1786598394308,2026-08-13T12:19:54.308
8217,588aca26ed1bfc095abf2de16bf97b57,3601,95.0,3,1786598395309,2026-08-13T12:19:55.309
8218,588aca26ed1bfc095abf2de16bf97b57,3602,95.0,3,1786598396309,2026-08-13T12:19:56.309
8219,588aca26ed1bfc095abf2de16bf97b57,3603,95.0,3,1786598397318,2026-08-13T12:19:57.318
8220,588aca26ed1bfc095abf2de16bf97b57,3604,95.0,3,1786598398308,2026-08-13T12:19:58.308
8221,588aca26ed1bfc095abf2de16bf97b57,3605,95.0,3,1786598399314,2026-08-13T12:19:59.314
8222,588aca26ed1bfc095abf2de16bf97b57,3606,95.0,3,1786598400311,2026-08-13T12:20:00.311
8223,588aca26ed1bfc095abf2de16bf97b57,3607,95.0,3,1786598401309,2026-08-13T12:20:01.309
8224,588aca26ed1bfc095abf2de16bf97b57,3608,96.0,3,1786598402308,2026-08-13T12:20:02.308
8225,588aca26ed1bfc095abf2de16bf97b57,3609,97.0,3,1786598403309,2026-08-13T12:20:03.309
8226,588aca26ed1bfc095abf2de16bf97b57,3610,98.0,3,1786598404309,2026-08-13T12:20:04.309
8227,588aca26ed1bfc095abf2de16bf97b57,3611,98.0,3,1786598405311,2026-08-13T12:20:05.311
8228,588aca26ed1bfc095abf2de16bf97b57,3612,99.0,3,1786598406310,2026-08-13T12:20:06.310
8229,588aca26ed1bfc095abf2de16bf97b57,3613,100.0,3,1786598407309,2026-08-13T12:20:07.309
8230,588aca26ed1bfc095abf2de16bf97b57,3614,100.0,3,1786598408308,2026-08-13T12:20:08.308
8231,588aca26ed1bfc095abf2de16bf97b57,3615,100.0,3,1786598409309,2026-08-13T12:20:09.309
8232,588aca26ed1bfc095abf2de16bf97b57,3616,101.0,3,1786598410308,2026-08-13T12:20:10.308
8233,588aca26ed1bfc095abf2de16bf97b57,3617,102.0,3,1786598411308,2026-08-13T12:20:11.308
8234,588aca26ed1bfc095abf2de16bf97b57,3618,101.0,3,1786598412309,2026-08-13T12:20:12.309
8235,588aca26ed1bfc095abf2de16bf97b57,3619,100.0,3,1786598413308,2026-08-13T12:20:13.308
8236,588aca26ed1bfc095abf2de16bf97b57,3620,100.0,3,1786598414308,2026-08-13T12:20:14.308
8237,588aca26ed1bfc095abf2de16bf97b57,3621,99.0,3,1786598415309,2026-08-13T12:20:15.309
8238,588aca26ed1bfc095abf2de16bf97b57,3622,99.0,3,1786598416308,2026-08-13T12:20:16.308
8239,588aca26ed1bfc095abf2de16bf97b57,3623,99.0,3,1786598417308,2026-08-13T12:20:17.308
8240,588aca26ed1bfc095abf2de16bf97b57,3624,99.0,3,1786598418309,2026-08-13T12:20:18.309
8241,588aca26ed1bfc095abf2de16bf97b57,3625,98.0,3,1786598419309,2026-08-13T12:20:19.309
8242,588aca26ed1bfc095abf2de16bf97b57,3626,97.0,3,1786598420319,2026-08-13T12:20:20.319
8243,588aca26ed1bfc095abf2de16bf97b57,3627,98.0,3,1786598421316,2026-08-13T12:20:21.316
8244,588aca26ed1bfc095abf2de16bf97b57,3628,98.0,3,1786598422315,2026-08-13T12:20:22.315
8245,588aca26ed1bfc095abf2de16bf97b57,3629,98.0,3,1786598423315,2026-08-13T12:20:23.315
8246,588aca26ed1bfc095abf2de16bf97b57,3630,98.0,3,1786598424313,2026-08-13T12:20:24.313
8247,588aca26ed1bfc095abf2de16bf97b57,3631,98.0,3,1786598425311,2026-08-13T12:20:25.311
8248,588aca26ed1bfc095abf2de16bf97b57,3632,97.0,3,1786598426310,2026-08-13T12:20:26.310
8249,588aca26ed1bfc095abf2de16bf97b57,3633,96.0,3,1786598427308,2026-08-13T12:20:27.308
8250,588aca26ed1bfc095abf2de16bf97b57,3634,95.0,3,1786598428309,2026-08-13T12:20:28.309
8251,588aca26ed1bfc095abf2de16bf97b57,3635,94.0,3,1786598429309,2026-08-13T12:20:29.309
8252,588aca26ed1bfc095abf2de16bf97b57,3636,94.0,3,1786598430313,2026-08-13T12:20:30.313
8253,588aca26ed1bfc095abf2de16bf97b57,3637,93.0,3,1786598431309,2026-08-13T12:20:31.309
8254,588aca26ed1bfc095abf2de16bf97b57,3638,93.0,3,1786598432311,2026-08-13T12:20:32.311
8255,588aca26ed1bfc095abf2de16bf97b57,3639,93.0,3,1786598433311,2026-08-13T12:20:33.311
8256,588aca26ed1bfc095abf2de16bf97b57,3640,93.0,3,1786598434310,2026-08-13T12:20:34.310
8257,588aca26ed1bfc095abf2de16bf97b57,3641,94.0,3,1786598435309,2026-08-13T12:20:35.309
8258,588aca26ed1bfc095abf2de16bf97b57,3642,94.0,3,1786598436309,2026-08-13T12:20:36.309
8259,588aca26ed1bfc095abf2de16bf97b57,3643,94.0,3,1786598437309,2026-08-13T12:20:37.309
8260,588aca26ed1bfc095abf2de16bf97b57,3644,95.0,3,1786598438309,2026-08-13T12:20:38.309
8261,588aca26ed1bfc095abf2de16bf97b57,3645,95.0,3,1786598439309,2026-08-13T12:20:39.309
8262,588aca26ed1bfc095abf2de16bf97b57,3646,95.0,3,1786598440308,2026-08-13T12:20:40.308
8263,588aca26ed1bfc095abf2de16bf97b57,3647,97.0,3,1786598441310,2026-08-13T12:20:41.310
8264,588aca26ed1bfc095abf2de16bf97b57,3648,97.0,3,1786598442309,2026-08-13T12:20:42.309
8265,588aca26ed1bfc095abf2de16bf97b57,3649,98.0,3,1786598443308,2026-08-13T12:20:43.308
8266,588aca26ed1bfc095abf2de16bf97b57,3650,98.0,3,1786598444309,2026-08-13T12:20:44.309
8267,588aca26ed1bfc095abf2de16bf97b57,3651,98.0,3,1786598445309,2026-08-13T12:20:45.309
8268,588aca26ed1bfc095abf2de16bf97b57,3652,97.0,3,1786598446308,2026-08-13T12:20:46.308
8269,588aca26ed1bfc095abf2de16bf97b57,3653,97.0,3,1786598447318,2026-08-13T12:20:47.318
8270,588aca26ed1bfc095abf2de16bf97b57,3654,96.0,3,1786598448317,2026-08-13T12:20:48.317
8271,588aca26ed1bfc095abf2de16bf97b57,3655,96.0,3,1786598449315,2026-08-13T12:20:49.315
8272,588aca26ed1bfc095abf2de16bf97b57,3656,96.0,3,1786598450323,2026-08-13T12:20:50.323
8273,588aca26ed1bfc095abf2de16bf97b57,3657,96.0,3,1786598451312,2026-08-13T12:20:51.312
8274,588aca26ed1bfc095abf2de16bf97b57,3658,96.0,3,1786598452312,2026-08-13T12:20:52.312
8275,588aca26ed1bfc095abf2de16bf97b57,3659,96.0,3,1786598453310,2026-08-13T12:20:53.310
8276,588aca26ed1bfc095abf2de16bf97b57,3660,97.0,3,1786598454315,2026-08-13T12:20:54.315
8277,588aca26ed1bfc095abf2de16bf97b57,3661,97.0,3,1786598455309,2026-08-13T12:20:55.309
8278,588aca26ed1bfc095abf2de16bf97b57,3662,97.0,3,1786598456309,2026-08-13T12:20:56.309
8279,588aca26ed1bfc095abf2de16bf97b57,3663,97.0,3,1786598457309,2026-08-13T12:20:57.309
8280,588aca26ed1bfc095abf2de16bf97b57,3664,96.0,3,1786598458312,2026-08-13T12:20:58.312
8281,588aca26ed1bfc095abf2de16bf97b57,3665,96.0,3,1786598459310,2026-08-13T12:20:59.310
8282,588aca26ed1bfc095abf2de16bf97b57,3666,95.0,3,1786598460309,2026-08-13T12:21:00.309
8283,588aca26ed1bfc095abf2de16bf97b57,3667,94.0,3,1786598461309,2026-08-13T12:21:01.309
8284,588aca26ed1bfc095abf2de16bf97b57,3668,94.0,3,1786598462308,2026-08-13T12:21:02.308
8285,588aca26ed1bfc095abf2de16bf97b57,3669,93.0,3,1786598463309,2026-08-13T12:21:03.309
8286,588aca26ed1bfc095abf2de16bf97b57,3670,93.0,3,1786598464308,2026-08-13T12:21:04.308
8287,588aca26ed1bfc095abf2de16bf97b57,3671,93.0,3,1786598465309,2026-08-13T12:21:05.309
8288,588aca26ed1bfc095abf2de16bf97b57,3672,94.0,3,1786598466309,2026-08-13T12:21:06.309
8289,588aca26ed1bfc095abf2de16bf97b57,3673,94.0,3,1786598467308,2026-08-13T12:21:07.308
8290,588aca26ed1bfc095abf2de16bf97b57,3674,94.0,3,1786598468308,2026-08-13T12:21:08.308
8291,588aca26ed1bfc095abf2de16bf97b57,3675,93.0,3,1786598469308,2026-08-13T12:21:09.308
8292,588aca26ed1bfc095abf2de16bf97b57,3676,94.0,3,1786598470308,2026-08-13T12:21:10.308
8293,588aca26ed1bfc095abf2de16bf97b57,3677,95.0,3,1786598471319,2026-08-13T12:21:11.319
8294,588aca26ed1bfc095abf2de16bf97b57,3678,96.0,3,1786598472314,2026-08-13T12:21:12.314
8295,588aca26ed1bfc095abf2de16bf97b57,3679,96.0,3,1786598473313,2026-08-13T12:21:13.313
8296,588aca26ed1bfc095abf2de16bf97b57,3680,97.0,3,1786598474312,2026-08-13T12:21:14.312
8297,588aca26ed1bfc095abf2de16bf97b57,3681,99.0,3,1786598475315,2026-08-13T12:21:15.315
8298,588aca26ed1bfc095abf2de16bf97b57,3682,100.0,3,1786598476314,2026-08-13T12:21:16.314
8299,588aca26ed1bfc095abf2de16bf97b57,3683,102.0,3,1786598477311,2026-08-13T12:21:17.311
8300,588aca26ed1bfc095abf2de16bf97b57,3684,103.0,3,1786598478311,2026-08-13T12:21:18.311
8301,588aca26ed1bfc095abf2de16bf97b57,3685,104.0,3,1786598479309,2026-08-13T12:21:19.309
8302,588aca26ed1bfc095abf2de16bf97b57,3686,105.0,3,1786598480309,2026-08-13T12:21:20.309
8303,588aca26ed1bfc095abf2de16bf97b57,3687,106.0,3,1786598481309,2026-08-13T12:21:21.309
8304,588aca26ed1bfc095abf2de16bf97b57,3688,107.0,3,1786598482309,2026-08-13T12:21:22.309
8305,588aca26ed1bfc095abf2de16bf97b57,3689,106.0,3,1786598483308,2026-08-13T12:21:23.308
8306,588aca26ed1bfc095abf2de16bf97b57,3690,106.0,3,1786598484313,2026-08-13T12:21:24.313
8307,588aca26ed1bfc095abf2de16bf97b57,3691,105.0,3,1786598485309,2026-08-13T12:21:25.309
8308,588aca26ed1bfc095abf2de16bf97b57,3692,105.0,3,1786598486308,2026-08-13T12:21:26.308
8309,588aca26ed1bfc095abf2de16bf97b57,3693,105.0,3,1786598487310,2026-08-13T12:21:27.310
8310,588aca26ed1bfc095abf2de16bf97b57,3694,105.0,3,1786598488308,2026-08-13T12:21:28.308
8311,588aca26ed1bfc095abf2de16bf97b57,3695,105.0,3,1786598489308,2026-08-13T12:21:29.308
8312,588aca26ed1bfc095abf2de16bf97b57,3696,106.0,3,1786598490308,2026-08-13T12:21:30.308
8313,588aca26ed1bfc095abf2de16bf97b57,3697,107.0,3,1786598491309,2026-08-13T12:21:31.309
8314,588aca26ed1bfc095abf2de16bf97b57,3698,107.0,3,1786598492308,2026-08-13T12:21:32.308
8315,588aca26ed1bfc095abf2de16bf97b57,3699,105.0,3,1786598493309,2026-08-13T12:21:33.309
8316,588aca26ed1bfc095abf2de16bf97b57,3700,104.0,3,1786598494309,2026-08-13T12:21:34.309
8317,588aca26ed1bfc095abf2de16bf97b57,3701,103.0,3,1786598495308,2026-08-13T12:21:35.308
8318,588aca26ed1bfc095abf2de16bf97b57,3702,102.0,3,1786598496308,2026-08-13T12:21:36.308
8319,588aca26ed1bfc095abf2de16bf97b57,3703,100.0,3,1786598497317,2026-08-13T12:21:37.317
8320,588aca26ed1bfc095abf2de16bf97b57,3704,99.0,3,1786598498315,2026-08-13T12:21:38.315
8321,588aca26ed1bfc095abf2de16bf97b57,3705,98.0,3,1786598499314,2026-08-13T12:21:39.314
8322,588aca26ed1bfc095abf2de16bf97b57,3706,97.0,3,1786598500311,2026-08-13T12:21:40.311
8323,588aca26ed1bfc095abf2de16bf97b57,3707,96.0,3,1786598501321,2026-08-13T12:21:41.321
8324,588aca26ed1bfc095abf2de16bf97b57,3708,95.0,3,1786598502308,2026-08-13T12:21:42.308
8325,588aca26ed1bfc095abf2de16bf97b57,3709,95.0,3,1786598503308,2026-08-13T12:21:43.308
8326,588aca26ed1bfc095abf2de16bf97b57,3710,95.0,3,1786598504309,2026-08-13T12:21:44.309
8327,588aca26ed1bfc095abf2de16bf97b57,3711,96.0,3,1786598505311,2026-08-13T12:21:45.311
8328,588aca26ed1bfc095abf2de16bf97b57,3712,97.0,3,1786598506310,2026-08-13T12:21:46.310
8329,588aca26ed1bfc095abf2de16bf97b57,3713,98.0,3,1786598507309,2026-08-13T12:21:47.309
8330,588aca26ed1bfc095abf2de16bf97b57,3714,98.0,3,1786598508309,2026-08-13T12:21:48.309
8331,588aca26ed1bfc095abf2de16bf97b57,3715,98.0,3,1786598509309,2026-08-13T12:21:49.309
8332,588aca26ed1bfc095abf2de16bf97b57,3716,97.0,3,1786598510308,2026-08-13T12:21:50.308
8333,588aca26ed1bfc095abf2de16bf97b57,3717,97.0,3,1786598511309,2026-08-13T12:21:51.309
8334,588aca26ed1bfc095abf2de16bf97b57,3718,97.0,3,1786598512308,2026-08-13T12:21:52.308
8335,588aca26ed1bfc095abf2de16bf97b57,3719,97.0,3,1786598513308,2026-08-13T12:21:53.308
8336,588aca26ed1bfc095abf2de16bf97b57,3720,97.0,3,1786598514309,2026-08-13T12:21:54.309
8337,588aca26ed1bfc095abf2de16bf97b57,3721,98.0,3,1786598515313,2026-08-13T12:21:55.313
8338,588aca26ed1bfc095abf2de16bf97b57,3722,98.0,3,1786598516323,2026-08-13T12:21:56.323
8339,588aca26ed1bfc095abf2de16bf97b57,3723,97.0,3,1786598517313,2026-08-13T12:21:57.313
8340,588aca26ed1bfc095abf2de16bf97b57,3724,96.0,3,1786598518311,2026-08-13T12:21:58.311
8341,588aca26ed1bfc095abf2de16bf97b57,3725,95.0,3,1786598519309,2026-08-13T12:21:59.309
8342,588aca26ed1bfc095abf2de16bf97b57,3726,95.0,3,1786598520308,2026-08-13T12:22:00.308
8343,588aca26ed1bfc095abf2de16bf97b57,3727,95.0,3,1786598521309,2026-08-13T12:22:01.309
8344,588aca26ed1bfc095abf2de16bf97b57,3728,96.0,3,1786598522308,2026-08-13T12:22:02.308
8345,588aca26ed1bfc095abf2de16bf97b57,3729,97.0,3,1786598523308,2026-08-13T12:22:03.308
8346,588aca26ed1bfc095abf2de16bf97b57,3730,96.0,3,1786598524308,2026-08-13T12:22:04.308
8347,588aca26ed1bfc095abf2de16bf97b57,3731,96.0,3,1786598525308,2026-08-13T12:22:05.308
8348,588aca26ed1bfc095abf2de16bf97b57,3732,96.0,3,1786598526308,2026-08-13T12:22:06.308
8349,588aca26ed1bfc095abf2de16bf97b57,3733,96.0,3,1786598527308,2026-08-13T12:22:07.308
8350,588aca26ed1bfc095abf2de16bf97b57,3734,96.0,3,1786598528308,2026-08-13T12:22:08.308
8351,588aca26ed1bfc095abf2de16bf97b57,3735,96.0,3,1786598529310,2026-08-13T12:22:09.310
8352,588aca26ed1bfc095abf2de16bf97b57,3736,95.0,3,1786598530308,2026-08-13T12:22:10.308
8353,588aca26ed1bfc095abf2de16bf97b57,3737,94.0,3,1786598531309,2026-08-13T12:22:11.309
8354,588aca26ed1bfc095abf2de16bf97b57,3738,94.0,3,1786598532309,2026-08-13T12:22:12.309
8355,588aca26ed1bfc095abf2de16bf97b57,3739,94.0,3,1786598533308,2026-08-13T12:22:13.308
8356,588aca26ed1bfc095abf2de16bf97b57,3740,93.0,3,1786598534309,2026-08-13T12:22:14.309
8357,588aca26ed1bfc095abf2de16bf97b57,3741,93.0,3,1786598535317,2026-08-13T12:22:15.317
8358,588aca26ed1bfc095abf2de16bf97b57,3742,92.0,3,1786598536317,2026-08-13T12:22:16.317
8359,588aca26ed1bfc095abf2de16bf97b57,3743,91.0,3,1786598537315,2026-08-13T12:22:17.315
8360,588aca26ed1bfc095abf2de16bf97b57,3744,90.0,3,1786598538315,2026-08-13T12:22:18.315
8361,588aca26ed1bfc095abf2de16bf97b57,3745,91.0,3,1786598539316,2026-08-13T12:22:19.316
8362,588aca26ed1bfc095abf2de16bf97b57,3746,92.0,3,1786598540314,2026-08-13T12:22:20.314
8363,588aca26ed1bfc095abf2de16bf97b57,3747,93.0,3,1786598541318,2026-08-13T12:22:21.318
8364,588aca26ed1bfc095abf2de16bf97b57,3748,94.0,3,1786598542308,2026-08-13T12:22:22.308
8365,588aca26ed1bfc095abf2de16bf97b57,3749,94.0,3,1786598543308,2026-08-13T12:22:23.308
8366,588aca26ed1bfc095abf2de16bf97b57,3750,94.0,3,1786598544308,2026-08-13T12:22:24.308
8367,588aca26ed1bfc095abf2de16bf97b57,3751,94.0,3,1786598545309,2026-08-13T12:22:25.309
8368,588aca26ed1bfc095abf2de16bf97b57,3752,94.0,3,1786598546308,2026-08-13T12:22:26.308
8369,588aca26ed1bfc095abf2de16bf97b57,3753,94.0,3,1786598547310,2026-08-13T12:22:27.310
8370,588aca26ed1bfc095abf2de16bf97b57,3754,94.0,3,1786598548311,2026-08-13T12:22:28.311
8371,588aca26ed1bfc095abf2de16bf97b57,3755,94.0,3,1786598549309,2026-08-13T12:22:29.309
8372,588aca26ed1bfc095abf2de16bf97b57,3756,93.0,3,1786598550309,2026-08-13T12:22:30.309
8373,588aca26ed1bfc095abf2de16bf97b57,3757,93.0,3,1786598551308,2026-08-13T12:22:31.308
8374,588aca26ed1bfc095abf2de16bf97b57,3758,93.0,3,1786598552308,2026-08-13T12:22:32.308
8375,588aca26ed1bfc095abf2de16bf97b57,3759,93.0,3,1786598553309,2026-08-13T12:22:33.309
8376,588aca26ed1bfc095abf2de16bf97b57,3760,94.0,3,1786598554309,2026-08-13T12:22:34.309
8377,588aca26ed1bfc095abf2de16bf97b57,3761,95.0,3,1786598555309,2026-08-13T12:22:35.309
8378,588aca26ed1bfc095abf2de16bf97b57,3762,96.0,3,1786598556309,2026-08-13T12:22:36.309
8379,588aca26ed1bfc095abf2de16bf97b57,3763,97.0,3,1786598557309,2026-08-13T12:22:37.309
8380,588aca26ed1bfc095abf2de16bf97b57,3764,98.0,3,1786598558308,2026-08-13T12:22:38.308
8381,588aca26ed1bfc095abf2de16bf97b57,3765,98.0,3,1786598559308,2026-08-13T12:22:39.308
8382,588aca26ed1bfc095abf2de16bf97b57,3766,97.0,3,1786598560309,2026-08-13T12:22:40.309
8383,588aca26ed1bfc095abf2de16bf97b57,3767,97.0,3,1786598561309,2026-08-13T12:22:41.309
8384,588aca26ed1bfc095abf2de16bf97b57,3768,96.0,3,1786598562328,2026-08-13T12:22:42.328
8385,588aca26ed1bfc095abf2de16bf97b57,3769,96.0,3,1786598563309,2026-08-13T12:22:43.309
8386,588aca26ed1bfc095abf2de16bf97b57,3770,95.0,3,1786598564316,2026-08-13T12:22:44.316
8387,588aca26ed1bfc095abf2de16bf97b57,3771,95.0,3,1786598565323,2026-08-13T12:22:45.323
8388,588aca26ed1bfc095abf2de16bf97b57,3772,94.0,3,1786598566315,2026-08-13T12:22:46.315
8389,588aca26ed1bfc095abf2de16bf97b57,3773,94.0,3,1786598567313,2026-08-13T12:22:47.313
