id,device_id,bpm,accuracy,time_ms,time_iso,synced,fresh
2521,588aca26ed1bfc095abf2de16bf97b57,92.0,3,1786597314772,2026-08-13T12:01:54.772,1,1
2522,588aca26ed1bfc095abf2de16bf97b57,93.0,3,1786597315773,2026-08-13T12:01:55.773,1,1
2523,588aca26ed1bfc095abf2de16bf97b57,95.0,3,1786597316775,2026-08-13T12:01:56.775,1,1
2524,588aca26ed1bfc095abf2de16bf97b57,95.0,3,1786597317772,2026-08-13T12:01:57.772,1,1
2525,588aca26ed1bfc095abf2de16bf97b57,95.0,3,1786597318772,2026-08-13T12:01:58.772,1,1
2526,588aca26ed1bfc095abf2de16bf97b57,95.0,3,1786597319772,2026-08-13T12:01:59.772,1,1
2527,588aca26ed1bfc095abf2de16bf97b57,95.0,3,1786597320772,2026-08-13T12:02:00.772,1,1
2528,588aca26ed1bfc095abf2de16bf97b57,95.0,3,1786597321773,2026-08-13T12:02:01.773,1,1
2529,588aca26ed1bfc095abf2de16bf97b57,95.0,3,1786597322772,2026-08-13T12:02:02.772,1,1
2530,588aca26ed1bfc095abf2de16bf97b57,95.0,3,1786597323773,2026-08-13T12:02:03.773,1,1
2531,588aca26ed1bfc095abf2de16bf97b57,96.0,3,1786597324775,2026-08-13T12:02:04.775,1,1
2532,588aca26ed1bfc095abf2de16bf97b57,96.0,3,1786597325774,2026-08-13T12:02:05.774,1,1
2533,588aca26ed1bfc095abf2de16bf97b57,96.0,3,1786597326777,2026-08-13T12:02:06.777,1,1
2534,588aca26ed1bfc095abf2de16bf97b57,95.0,3,1786597327773,2026-08-13T12:02:07.773,1,1
2535,588aca26ed1bfc095abf2de16bf97b57,95.0,3,1786597328774,2026-08-13T12:02:08.774,1,1
2536,588aca26ed1bfc095abf2de16bf97b57,95.0,3,1786597329773,2026-08-13T12:02:09.773,1,1
2537,588aca26ed1bfc095abf2de16bf97b57,95.0,3,1786597330773,2026-08-13T12:02:10.773,1,1
2538,588aca26ed1bfc095abf2de16bf97b57,94.0,3,1786597331773,2026-08-13T12:02:11.773,1,1
2539,588aca26ed1bfc095abf2de16bf97b57,94.0,3,1786597332773,2026-08-13T12:02:12.773,1,1
2540,588aca26ed1bfc095abf2de16bf97b57,93.0,3,1786597333773,2026-08-13T12:02:13.773,1,1
2541,588aca26ed1bfc095abf2de16bf97b57,94.0,3,1786597334774,2026-08-13T12:02:14.774,1,1
2542,588aca26ed1bfc095abf2de16bf97b57,95.0,3,1786597335773,2026-08-13T12:02:15.773,1,1
2543,588aca26ed1bfc095abf2de16bf97b57,97.0,3,1786597336772,2026-08-13T12:02:16.772,1,1
2544,588aca26ed1bfc095abf2de16bf97b57,98.0,3,1786597337772,2026-08-13T12:02:17.772,1,1
2545,588aca26ed1bfc095abf2de16bf97b57,99.0,3,1786597338773,2026-08-13T12:02:18.773,1,1
2546,588aca26ed1bfc095abf2de16bf97b57,99.0,3,1786597339773,2026-08-13T12:02:19.773,1,1
2547,588aca26ed1bfc095abf2de16bf97b57,99.0,3,1786597340772,2026-08-13T12:02:20.772,1,1
2548,588aca26ed1bfc095abf2de16bf97b57,99.0,3,1786597341772,2026-08-13T12:02:21.772,1,1
2549,588aca26ed1bfc095abf2de16bf97b57,99.0,3,1786597342773,2026-08-13T12:02:22.773,1,1
2550,588aca26ed1bfc095abf2de16bf97b57,99.0,3,1786597343772,2026-08-13T12:02:23.772,1,1
2551,588aca26ed1bfc095abf2de16bf97b57,100.0,3,1786597344772,2026-08-13T12:02:24.772,1,1
2552,588aca26ed1bfc095abf2de16bf97b57,100.0,3,1786597345772,2026-08-13T12:02:25.772,1,1
2553,588aca26ed1bfc095abf2de16bf97b57,99.0,3,1786597346772,2026-08-13T12:02:26.772,1,1
2554,588aca26ed1bfc095abf2de16bf97b57,99.0,3,1786597347774,2026-08-13T12:02:27.774,1,1
2555,588aca26ed1bfc095abf2de16bf97b57,98.0,3,1786597348772,2026-08-13T12:02:28.772,1,1
2556,588aca26ed1bfc095abf2de16bf97b57,97.0,3,1786597349772,2026-08-13T12:02:29.772,1,1
2557,588aca26ed1bfc095abf2de16bf97b57,97.0,3,1786597350772,2026-08-13T12:02:30.772,1,1
2558,588aca26ed1bfc095abf2de16bf97b57,97.0,3,1786597351772,2026-08-13T12:02:31.772,1,1
2559,588aca26ed1bfc095abf2de16bf97b57,97.0,3,1786597352773,2026-08-13T12:02:32.773,1,1
2560,588aca26ed1bfc095abf2de16bf97b57,97.0,3,1786597353772,2026-08-13T12:02:33.772,1,1
2561,588aca26ed1bfc095abf2de16bf97b57,98.0,3,1786597354772,2026-08-13T12:02:34.772,1,1
2562,588aca26ed1bfc095abf2de16bf97b57,98.0,3,1786597355773,2026-08-13T12:02:35.773,1,1
2563,588aca26ed1bfc095abf2de16bf97b57,98.0,3,1786597356773,2026-08-13T12:02:36.773,1,1
2564,588aca26ed1bfc095abf2de16bf97b57,98.0,3,1786597357773,2026-08-13T12:02:37.773,1,1
2565,588aca26ed1bfc095abf2de16bf97b57,97.0,3,1786597358772,2026-08-13T12:02:38.772,1,1
2566,588aca26ed1bfc095abf2de16bf97b57,98.0,3,1786597359772,2026-08-13T12:02:39.772,1,1
2567,588aca26ed1bfc095abf2de16bf97b57,99.0,3,1786597360772,2026-08-13T12:02:40.772,1,1
2568,588aca26ed1bfc095abf2de16bf97b57,100.0,3,1786597361773,2026-08-13T12:02:41.773,1,1
2569,588aca26ed1bfc095abf2de16bf97b57,100.0,3,1786597362772,2026-08-13T12:02:42.772,1,1
2570,588aca26ed1bfc095abf2de16bf97b57,100.0,3,1786597363776,2026-08-13T12:02:43.776,1,1
2571,588aca26ed1bfc095abf2de16bf97b57,99.0,3,1786597364776,2026-08-13T12:02:44.776,1,1
2572,588aca26ed1bfc095abf2de16bf97b57,98.0,3,1786597365775,2026-08-13T12:02:45.775,1,1
2573,588aca26ed1bfc095abf2de16bf97b57,97.0,3,1786597366779,2026-08-13T12:02:46.779,1,1
2574,588aca26ed1bfc095abf2de16bf97b57,96.0,3,1786597367776,2026-08-13T12:02:47.776,1,1
2575,588aca26ed1bfc095abf2de16bf97b57,95.0,3,1786597368776,2026-08-13T12:02:48.776,1,1
2576,588aca26ed1bfc095abf2de16bf97b57,95.0,3,1786597369775,2026-08-13T12:02:49.775,1,1
2577,588aca26ed1bfc095abf2de16bf97b57,94.0,3,1786597370778,2026-08-13T12:02:50.778,1,1
2578,588aca26ed1bfc095abf2de16bf97b57,94.0,3,1786597371772,2026-08-13T12:02:51.772,1,1
2579,588aca26ed1bfc095abf2de16bf97b57,93.0,3,1786597372778,2026-08-13T12:02:52.778,1,1
2580,588aca26ed1bfc095abf2de16bf97b57,93.0,3,1786597373772,2026-08-13T12:02:53.772,1,1
2581,588aca26ed1bfc095abf2de16bf97b57,93.0,3,1786597374776,2026-08-13T12:02:54.776,1,1
2582,588aca26ed1bfc095abf2de16bf97b57,93.0,3,1786597375775,2026-08-13T12:02:55.775,1,1
2583,588aca26ed1bfc095abf2de16bf97b57,93.0,3,1786597376776,2026-08-13T12:02:56.776,1,1
2584,588aca26ed1bfc095abf2de16bf97b57,93.0,3,1786597377773,2026-08-13T12:02:57.773,1,1
2585,588aca26ed1bfc095abf2de16bf97b57,92.0,3,1786597378774,2026-08-13T12:02:58.774,1,1
2586,588aca26ed1bfc095abf2de16bf97b57,92.0,3,1786597379775,2026-08-13T12:02:59.775,1,1
2587,588aca26ed1bfc095abf2de16bf97b57,91.0,3,1786597380773,2026-08-13T12:03:00.773,1,1
2588,588aca26ed1bfc095abf2de16bf97b57,91.0,3,1786597381772,2026-08-13T12:03:01.772,1,1
2589,588aca26ed1bfc095abf2de16bf97b57,91.0,3,1786597382776,2026-08-13T12:03:02.776,1,1
2590,588aca26ed1bfc095abf2de16bf97b57,91.0,3,1786597383774,2026-08-13T12:03:03.774,1,1
2591,588aca26ed1bfc095abf2de16bf97b57,91.0,3,1786597384772,2026-08-13T12:03:04.772,1,1
2592,588aca26ed1bfc095abf2de16bf97b57,91.0,3,1786597385773,2026-08-13T12:03:05.773,1,1
2593,588aca26ed1bfc095abf2de16bf97b57,91.0,3,1786597386774,2026-08-13T12:03:06.774,1,1
2594,588aca26ed1bfc095abf2de16bf97b57,91.0,3,1786597387772,2026-08-13T12:03:07.772,1,1
2595,588aca26ed1bfc095abf2de16bf97b57,91.0,3,1786597388774,2026-08-13T12:03:08.774,1,1
2596,588aca26ed1bfc095abf2de16bf97b57,92.0,3,1786597389772,2026-08-13T12:03:09.772,1,1
2597,588aca26ed1bfc095abf2de16bf97b57,92.0,3,1786597390772,2026-08-13T12:03:10.772,1,1
2598,588aca26ed1bfc095abf2de16bf97b57,92.0,3,1786597391772,2026-08-13T12:03:11.772,1,1
2599,588aca26ed1bfc095abf2de16bf97b57,92.0,3,1786597392852,2026-08-13T12:03:12.852,1,1
2600,588aca26ed1bfc095abf2de16bf97b57,92.0,3,1786597393772,2026-08-13T12:03:13.772,1,1
2601,588aca26ed1bfc095abf2de16bf97b57,92.0,3,1786597394772,2026-08-13T12:03:14.772,1,1
2602,588aca26ed1bfc095abf2de16bf97b57,93.0,3,1786597395782,2026-08-13T12:03:15.782,1,1
2603,588aca26ed1bfc095abf2de16bf97b57,94.0,3,1786597396772,2026-08-13T12:03:16.772,1,1
2604,588aca26ed1bfc095abf2de16bf97b57,94.0,3,1786597397772,2026-08-13T12:03:17.772,1,1
2605,588aca26ed1bfc095abf2de16bf97b57,95.0,3,1786597398772,2026-08-13T12:03:18.772,1,1
2606,588aca26ed1bfc095abf2de16bf97b57,95.0,3,1786597399772,2026-08-13T12:03:19.772,1,1
2607,588aca26ed1bfc095abf2de16bf97b57,96.0,3,1786597400787,2026-08-13T12:03:20.787,1,1
2608,588aca26ed1bfc095abf2de16bf97b57,96.0,3,1786597401772,2026-08-13T12:03:21.772,1,1
2609,588aca26ed1bfc095abf2de16bf97b57,96.0,3,1786597402778,2026-08-13T12:03:22.778,1,1
2610,588aca26ed1bfc095abf2de16bf97b57,97.0,3,1786597403773,2026-08-13T12:03:23.773,1,1
2611,588aca26ed1bfc095abf2de16bf97b57,97.0,3,1786597404772,2026-08-13T12:03:24.772,1,1
2612,588aca26ed1bfc095abf2de16bf97b57,96.0,3,1786597405772,2026-08-13T12:03:25.772,1,1
2613,588aca26ed1bfc095abf2de16bf97b57,96.0,3,1786597406776,2026-08-13T12:03:26.776,1,1
2614,588aca26ed1bfc095abf2de16bf97b57,96.0,3,1786597407777,2026-08-13T12:03:27.777,1,1
2615,588aca26ed1bfc095abf2de16bf97b57,95.0,3,1786597408785,2026-08-13T12:03:28.785,1,1
2616,588aca26ed1bfc095abf2de16bf97b57,95.0,3,1786597409774,2026-08-13T12:03:29.774,1,1
2617,588aca26ed1bfc095abf2de16bf97b57,94.0,3,1786597410773,2026-08-13T12:03:30.773,1,1
2618,588aca26ed1bfc095abf2de16bf97b57,94.0,3,1786597411778,2026-08-13T12:03:31.778,1,1
2619,588aca26ed1bfc095abf2de16bf97b57,95.0,3,1786597412772,2026-08-13T12:03:32.772,1,1
2620,588aca26ed1bfc095abf2de16bf97b57,95.0,3,1786597413772,2026-08-13T12:03:33.772,1,1
2621,588aca26ed1bfc095abf2de16bf97b57,95.0,3,1786597414773,2026-08-13T12:03:34.773,1,1
2622,588aca26ed1bfc095abf2de16bf97b57,95.0,3,1786597415772,2026-08-13T12:03:35.772,1,1
2623,588aca26ed1bfc095abf2de16bf97b57,96.0,3,1786597416775,2026-08-13T12:03:36.775,1,1
2624,588aca26ed1bfc095abf2de16bf97b57,96.0,3,1786597417772,2026-08-13T12:03:37.772,1,1
2625,588aca26ed1bfc095abf2de16bf97b57,97.0,3,1786597418772,2026-08-13T12:03:38.772,1,1
2626,588aca26ed1bfc095abf2de16bf97b57,98.0,3,1786597419772,2026-08-13T12:03:39.772,1,1
2627,588aca26ed1bfc095abf2de16bf97b57,98.0,3,1786597420785,2026-08-13T12:03:40.785,1,1
2628,588aca26ed1bfc095abf2de16bf97b57,98.0,3,1786597421772,2026-08-13T12:03:41.772,1,1
2629,588aca26ed1bfc095abf2de16bf97b57,99.0,3,1786597422777,2026-08-13T12:03:42.777,1,1
2630,588aca26ed1bfc095abf2de16bf97b57,99.0,3,1786597423772,2026-08-13T12:03:43.772,1,1
2631,588aca26ed1bfc095abf2de16bf97b57,98.0,3,1786597424772,2026-08-13T12:03:44.772,1,1
2632,588aca26ed1bfc095abf2de16bf97b57,99.0,3,1786597425772,2026-08-13T12:03:45.772,1,1
2633,588aca26ed1bfc095abf2de16bf97b57,99.0,3,1786597426772,2026-08-13T12:03:46.772,1,1
2634,588aca26ed1bfc095abf2de16bf97b57,100.0,3,1786597427772,2026-08-13T12:03:47.772,1,1
2635,588aca26ed1bfc095abf2de16bf97b57,100.0,3,1786597428772,2026-08-13T12:03:48.772,1,1
2636,588aca26ed1bfc095abf2de16bf97b57,100.0,3,1786597429776,2026-08-13T12:03:49.776,1,1
2637,588aca26ed1bfc095abf2de16bf97b57,100.0,3,1786597430775,2026-08-13T12:03:50.775,1,1
2638,588aca26ed1bfc095abf2de16bf97b57,99.0,3,1786597431774,2026-08-13T12:03:51.774,1,1
2639,588aca26ed1bfc095abf2de16bf97b57,99.0,3,1786597432772,2026-08-13T12:03:52.772,1,1
2640,588aca26ed1bfc095abf2de16bf97b57,98.0,3,1786597433773,2026-08-13T12:03:53.773,1,1
2641,588aca26ed1bfc095abf2de16bf97b57,97.0,3,1786597434772,2026-08-13T12:03:54.772,1,1
2642,588aca26ed1bfc095abf2de16bf97b57,97.0,3,1786597435772,2026-08-13T12:03:55.772,1,1
2643,588aca26ed1bfc095abf2de16bf97b57,96.0,3,1786597436772,2026-08-13T12:03:56.772,1,1
2644,588aca26ed1bfc095abf2de16bf97b57,95.0,3,1786597437772,2026-08-13T12:03:57.772,1,1
2645,588aca26ed1bfc095abf2de16bf97b57,95.0,3,1786597438772,2026-08-13T12:03:58.772,1,1
2646,588aca26ed1bfc095abf2de16bf97b57,95.0,3,1786597439774,2026-08-13T12:03:59.774,1,1
2647,588aca26ed1bfc095abf2de16bf97b57,95.0,3,1786597440772,2026-08-13T12:04:00.772,1,1
2648,588aca26ed1bfc095abf2de16bf97b57,95.0,3,1786597441772,2026-08-13T12:04:01.772,1,1
2649,588aca26ed1bfc095abf2de16bf97b57,96.0,3,1786597442772,2026-08-13T12:04:02.772,1,1
2650,588aca26ed1bfc095abf2de16bf97b57,97.0,3,1786597443772,2026-08-13T12:04:03.772,1,1
2651,588aca26ed1bfc095abf2de16bf97b57,97.0,3,1786597444779,2026-08-13T12:04:04.779,1,1
2652,588aca26ed1bfc095abf2de16bf97b57,97.0,3,1786597445775,2026-08-13T12:04:05.775,1,1
2653,588aca26ed1bfc095abf2de16bf97b57,98.0,3,1786597446774,2026-08-13T12:04:06.774,1,1
2654,588aca26ed1bfc095abf2de16bf97b57,98.0,3,1786597447773,2026-08-13T12:04:07.773,1,1
2655,588aca26ed1bfc095abf2de16bf97b57,97.0,3,1786597448773,2026-08-13T12:04:08.773,1,1
2656,588aca26ed1bfc095abf2de16bf97b57,97.0,3,1786597449773,2026-08-13T12:04:09.773,1,1
2657,588aca26ed1bfc095abf2de16bf97b57,97.0,3,1786597450772,2026-08-13T12:04:10.772,1,1
2658,588aca26ed1bfc095abf2de16bf97b57,97.0,3,1786597451772,2026-08-13T12:04:11.772,1,1
2659,588aca26ed1bfc095abf2de16bf97b57,97.0,3,1786597452772,2026-08-13T12:04:12.772,1,1
2660,588aca26ed1bfc095abf2de16bf97b57,97.0,3,1786597453772,2026-08-13T12:04:13.772,1,1
2661,588aca26ed1bfc095abf2de16bf97b57,97.0,3,1786597454772,2026-08-13T12:04:14.772,1,1
2662,588aca26ed1bfc095abf2de16bf97b57,97.0,3,1786597455772,2026-08-13T12:04:15.772,1,1
2663,588aca26ed1bfc095abf2de16bf97b57,97.0,3,1786597456772,2026-08-13T12:04:16.772,1,1
2664,588aca26ed1bfc095abf2de16bf97b57,97.0,3,1786597457773,2026-08-13T12:04:17.773,1,1
2665,588aca26ed1bfc095abf2de16bf97b57,97.0,3,1786597458775,2026-08-13T12:04:18.775,1,1
2666,588aca26ed1bfc095abf2de16bf97b57,97.0,3,1786597459773,2026-08-13T12:04:19.773,1,1
2667,588aca26ed1bfc095abf2de16bf97b57,97.0,3,1786597460772,2026-08-13T12:04:20.772,1,1
2668,588aca26ed1bfc095abf2de16bf97b57,97.0,3,1786597461773,2026-08-13T12:04:21.773,1,1
2669,588aca26ed1bfc095abf2de16bf97b57,97.0,3,1786597462775,2026-08-13T12:04:22.775,1,1
2670,588aca26ed1bfc095abf2de16bf97b57,97.0,3,1786597463773,2026-08-13T12:04:23.773,1,1
2671,588aca26ed1bfc095abf2de16bf97b57,98.0,3,1786597464772,2026-08-13T12:04:24.772,1,1
2672,588aca26ed1bfc095abf2de16bf97b57,99.0,3,1786597465773,2026-08-13T12:04:25.773,1,1
2673,588aca26ed1bfc095abf2de16bf97b57,99.0,3,1786597466773,2026-08-13T12:04:26.773,1,1
2674,588aca26ed1bfc095abf2de16bf97b57,100.0,3,1786597467772,2026-08-13T12:04:27.772,1,1
2675,588aca26ed1bfc095abf2de16bf97b57,100.0,3,1786597468772,2026-08-13T12:04:28.772,1,1
2676,588aca26ed1bfc095abf2de16bf97b57,99.0,3,1786597469772,2026-08-13T12:04:29.772,1,1
2677,588aca26ed1bfc095abf2de16bf97b57,98.0,3,1786597470773,2026-08-13T12:04:30.773,1,1
2678,588aca26ed1bfc095abf2de16bf97b57,97.0,3,1786597471772,2026-08-13T12:04:31.772,1,1
2679,588aca26ed1bfc095abf2de16bf97b57,97.0,3,1786597472778,2026-08-13T12:04:32.778,1,1
2680,588aca26ed1bfc095abf2de16bf97b57,96.0,3,1786597473778,2026-08-13T12:04:33.778,1,1
2681,588aca26ed1bfc095abf2de16bf97b57,96.0,3,1786597474777,2026-08-13T12:04:34.777,1,1
2682,588aca26ed1bfc095abf2de16bf97b57,96.0,3,1786597475777,2026-08-13T12:04:35.777,1,1
2683,588aca26ed1bfc095abf2de16bf97b57,95.0,3,1786597476776,2026-08-13T12:04:36.776,1,1
2684,588aca26ed1bfc095abf2de16bf97b57,95.0,3,1786597477777,2026-08-13T12:04:37.777,1,1
2685,588aca26ed1bfc095abf2de16bf97b57,95.0,3,1786597478777,2026-08-13T12:04:38.777,1,1
2686,588aca26ed1bfc095abf2de16bf97b57,96.0,3,1786597479774,2026-08-13T12:04:39.774,1,1
2687,588aca26ed1bfc095abf2de16bf97b57,96.0,3,1786597480775,2026-08-13T12:04:40.775,1,1
2688,588aca26ed1bfc095abf2de16bf97b57,97.0,3,1786597481779,2026-08-13T12:04:41.779,1,1
2689,588aca26ed1bfc095abf2de16bf97b57,98.0,3,1786597482773,2026-08-13T12:04:42.773,1,1
2690,588aca26ed1bfc095abf2de16bf97b57,99.0,3,1786597483772,2026-08-13T12:04:43.772,1,1
2691,588aca26ed1bfc095abf2de16bf97b57,99.0,3,1786597485310,2026-08-13T12:04:45.310,1,1
2692,588aca26ed1bfc095abf2de16bf97b57,99.0,3,1786597486309,2026-08-13T12:04:46.309,1,1
2693,588aca26ed1bfc095abf2de16bf97b57,99.0,3,1786597487309,2026-08-13T12:04:47.309,1,1
2694,588aca26ed1bfc095abf2de16bf97b57,98.0,3,1786597488308,2026-08-13T12:04:48.308,1,1
2695,588aca26ed1bfc095abf2de16bf97b57,97.0,3,1786597489309,2026-08-13T12:04:49.309,1,1
2696,588aca26ed1bfc095abf2de16bf97b57,97.0,3,1786597490308,2026-08-13T12:04:50.308,1,1
2697,588aca26ed1bfc095abf2de16bf97b57,96.0,3,1786597491308,2026-08-13T12:04:51.308,1,1
2698,588aca26ed1bfc095abf2de16bf97b57,96.0,3,1786597492308,2026-08-13T12:04:52.308,1,1
2699,588aca26ed1bfc095abf2de16bf97b57,95.0,3,1786597493308,2026-08-13T12:04:53.308,1,1
2700,588aca26ed1bfc095abf2de16bf97b57,95.0,3,1786597494308,2026-08-13T12:04:54.308,1,1
2701,588aca26ed1bfc095abf2de16bf97b57,94.0,3,1786597495308,2026-08-13T12:04:55.308,1,1
2702,588aca26ed1bfc095abf2de16bf97b57,94.0,3,1786597496308,2026-08-13T12:04:56.308,1,1
2703,588aca26ed1bfc095abf2de16bf97b57,94.0,3,1786597497313,2026-08-13T12:04:57.313,1,1
2704,588aca26ed1bfc095abf2de16bf97b57,94.0,3,1786597498314,2026-08-13T12:04:58.314,1,1
2705,588aca26ed1bfc095abf2de16bf97b57,95.0,3,1786597499313,2026-08-13T12:04:59.313,1,1
2706,588aca26ed1bfc095abf2de16bf97b57,95.0,3,1786597500310,2026-08-13T12:05:00.310,1,1
2707,588aca26ed1bfc095abf2de16bf97b57,95.0,3,1786597501314,2026-08-13T12:05:01.314,1,1
2708,588aca26ed1bfc095abf2de16bf97b57,96.0,3,1786597502309,2026-08-13T12:05:02.309,1,1
2709,588aca26ed1bfc095abf2de16bf97b57,97.0,3,1786597503309,2026-08-13T12:05:03.309,1,1
2710,588aca26ed1bfc095abf2de16bf97b57,98.0,3,1786597504310,2026-08-13T12:05:04.310,1,1
2711,588aca26ed1bfc095abf2de16bf97b57,99.0,3,1786597505308,2026-08-13T12:05:05.308,1,1
2712,588aca26ed1bfc095abf2de16bf97b57,99.0,3,1786597506308,2026-08-13T12:05:06.308,1,1
2713,588aca26ed1bfc095abf2de16bf97b57,99.0,3,1786597507308,2026-08-13T12:05:07.308,1,1
2714,588aca26ed1bfc095abf2de16bf97b57,98.0,3,1786597508308,2026-08-13T12:05:08.308,1,1
2715,588aca26ed1bfc095abf2de16bf97b57,97.0,3,1786597509308,2026-08-13T12:05:09.308,1,1
2716,588aca26ed1bfc095abf2de16bf97b57,97.0,3,1786597510309,2026-08-13T12:05:10.309,1,1
2717,588aca26ed1bfc095abf2de16bf97b57,97.0,3,1786597511308,2026-08-13T12:05:11.308,1,1
2718,588aca26ed1bfc095abf2de16bf97b57,96.0,3,1786597512308,2026-08-13T12:05:12.308,1,1
2719,588aca26ed1bfc095abf2de16bf97b57,96.0,3,1786597513314,2026-08-13T12:05:13.314,1,1
2720,588aca26ed1bfc095abf2de16bf97b57,96.0,3,1786597514316,2026-08-13T12:05:14.316,1,1
2721,588aca26ed1bfc095abf2de16bf97b57,95.0,3,1786597515312,2026-08-13T12:05:15.312,1,1
2722,588aca26ed1bfc095abf2de16bf97b57,95.0,3,1786597516310,2026-08-13T12:05:16.310,1,1
2723,588aca26ed1bfc095abf2de16bf97b57,95.0,3,1786597517311,2026-08-13T12:05:17.311,1,1
2724,588aca26ed1bfc095abf2de16bf97b57,94.0,3,1786597518310,2026-08-13T12:05:18.310,1,1
2725,588aca26ed1bfc095abf2de16bf97b57,94.0,3,1786597519310,2026-08-13T12:05:19.310,1,1
2726,588aca26ed1bfc095abf2de16bf97b57,93.0,3,1786597520309,2026-08-13T12:05:20.309,1,1
2727,588aca26ed1bfc095abf2de16bf97b57,93.0,3,1786597521311,2026-08-13T12:05:21.311,1,1
2728,588aca26ed1bfc095abf2de16bf97b57,93.0,3,1786597522312,2026-08-13T12:05:22.312,1,1
2729,588aca26ed1bfc095abf2de16bf97b57,93.0,3,1786597523308,2026-08-13T12:05:23.308,1,1
2730,588aca26ed1bfc095abf2de16bf97b57,93.0,3,1786597524308,2026-08-13T12:05:24.308,1,1
2731,588aca26ed1bfc095abf2de16bf97b57,93.0,3,1786597525309,2026-08-13T12:05:25.309,1,1
2732,588aca26ed1bfc095abf2de16bf97b57,93.0,3,1786597526309,2026-08-13T12:05:26.309,1,1
2733,588aca26ed1bfc095abf2de16bf97b57,94.0,3,1786597527308,2026-08-13T12:05:27.308,1,1
2734,588aca26ed1bfc095abf2de16bf97b57,94.0,3,1786597528308,2026-08-13T12:05:28.308,1,1
2735,588aca26ed1bfc095abf2de16bf97b57,94.0,3,1786597529309,2026-08-13T12:05:29.309,1,1
2736,588aca26ed1bfc095abf2de16bf97b57,94.0,3,1786597530308,2026-08-13T12:05:30.308,1,1
2737,588aca26ed1bfc095abf2de16bf97b57,94.0,3,1786597531308,2026-08-13T12:05:31.308,1,1
2738,588aca26ed1bfc095abf2de16bf97b57,94.0,3,1786597532308,2026-08-13T12:05:32.308,1,1
2739,588aca26ed1bfc095abf2de16bf97b57,94.0,3,1786597533313,2026-08-13T12:05:33.313,1,1
2740,588aca26ed1bfc095abf2de16bf97b57,94.0,3,1786597534311,2026-08-13T12:05:34.311,1,1
2741,588aca26ed1bfc095abf2de16bf97b57,94.0,3,1786597535312,2026-08-13T12:05:35.312,1,1
2742,588aca26ed1bfc095abf2de16bf97b57,95.0,3,1786597536309,2026-08-13T12:05:36.309,1,1
2743,588aca26ed1bfc095abf2de16bf97b57,95.0,3,1786597537308,2026-08-13T12:05:37.308,1,1
2744,588aca26ed1bfc095abf2de16bf97b57,96.0,3,1786597538310,2026-08-13T12:05:38.310,1,1
2745,588aca26ed1bfc095abf2de16bf97b57,97.0,3,1786597539308,2026-08-13T12:05:39.308,1,1
2746,588aca26ed1bfc095abf2de16bf97b57,97.0,3,1786597540308,2026-08-13T12:05:40.308,1,1
2747,588aca26ed1bfc095abf2de16bf97b57,98.0,3,1786597541310,2026-08-13T12:05:41.310,1,1
2748,588aca26ed1bfc095abf2de16bf97b57,98.0,3,1786597542308,2026-08-13T12:05:42.308,1,1
2749,588aca26ed1bfc095abf2de16bf97b57,98.0,3,1786597543308,2026-08-13T12:05:43.308,1,1
2750,588aca26ed1bfc095abf2de16bf97b57,98.0,3,1786597544314,2026-08-13T12:05:44.314,1,1
2751,588aca26ed1bfc095abf2de16bf97b57,98.0,3,1786597545310,2026-08-13T12:05:45.310,1,1
2752,588aca26ed1bfc095abf2de16bf97b57,98.0,3,1786597546311,2026-08-13T12:05:46.311,1,1
2753,588aca26ed1bfc095abf2de16bf97b57,97.0,3,1786597547314,2026-08-13T12:05:47.314,1,1
2754,588aca26ed1bfc095abf2de16bf97b57,97.0,3,1786597548310,2026-08-13T12:05:48.310,1,1
2755,588aca26ed1bfc095abf2de16bf97b57,98.0,3,1786597549308,2026-08-13T12:05:49.308,1,1
2756,588aca26ed1bfc095abf2de16bf97b57,98.0,3,1786597550308,2026-08-13T12:05:50.308,1,1
2757,588aca26ed1bfc095abf2de16bf97b57,98.0,3,1786597551311,2026-08-13T12:05:51.311,1,1
2758,588aca26ed1bfc095abf2de16bf97b57,97.0,3,1786597552308,2026-08-13T12:05:52.308,1,1
2759,588aca26ed1bfc095abf2de16bf97b57,97.0,3,1786597553308,2026-08-13T12:05:53.308,1,1
2760,588aca26ed1bfc095abf2de16bf97b57,97.0,3,1786597554308,2026-08-13T12:05:54.308,1,1
2761,588aca26ed1bfc095abf2de16bf97b57,97.0,3,1786597555308,2026-08-13T12:05:55.308,1,1
2762,588aca26ed1bfc095abf2de16bf97b57,98.0,3,1786597556309,2026-08-13T12:05:56.309,1,1
2763,588aca26ed1bfc095abf2de16bf97b57,98.0,3,1786597557309,2026-08-13T12:05:57.309,1,1
2764,588aca26ed1bfc095abf2de16bf97b57,98.0,3,1786597558314,2026-08-13T12:05:58.314,1,1
2765,588aca26ed1bfc095abf2de16bf97b57,98.0,3,1786597559313,2026-08-13T12:05:59.313,1,1
2766,588aca26ed1bfc095abf2de16bf97b57,98.0,3,1786597560308,2026-08-13T12:06:00.308,1,1
2767,588aca26ed1bfc095abf2de16bf97b57,97.0,3,1786597561310,2026-08-13T12:06:01.310,1,1
2768,588aca26ed1bfc095abf2de16bf97b57,97.0,3,1786597562308,2026-08-13T12:06:02.308,1,1
2769,588aca26ed1bfc095abf2de16bf97b57,97.0,3,1786597563308,2026-08-13T12:06:03.308,1,1
2770,588aca26ed1bfc095abf2de16bf97b57,97.0,3,1786597564309,2026-08-13T12:06:04.309,1,1
2771,588aca26ed1bfc095abf2de16bf97b57,97.0,3,1786597565308,2026-08-13T12:06:05.308,1,1
2772,588aca26ed1bfc095abf2de16bf97b57,97.0,3,1786597566308,2026-08-13T12:06:06.308,1,1
2773,588aca26ed1bfc095abf2de16bf97b57,97.0,3,1786597567309,2026-08-13T12:06:07.309,1,1
2774,588aca26ed1bfc095abf2de16bf97b57,97.0,3,1786597568308,2026-08-13T12:06:08.308,1,1
2775,588aca26ed1bfc095abf2de16bf97b57,96.0,3,1786597569308,2026-08-13T12:06:09.308,1,1
2776,588aca26ed1bfc095abf2de16bf97b57,96.0,3,1786597570312,2026-08-13T12:06:10.312,1,1
2777,588aca26ed1bfc095abf2de16bf97b57,96.0,3,1786597571309,2026-08-13T12:06:11.309,1,1
2778,588aca26ed1bfc095abf2de16bf97b57,96.0,3,1786597572310,2026-08-13T12:06:12.310,1,1
2779,588aca26ed1bfc095abf2de16bf97b57,95.0,3,1786597573310,2026-08-13T12:06:13.310,1,1
2780,588aca26ed1bfc095abf2de16bf97b57,95.0,3,1786597574313,2026-08-13T12:06:14.313,1,1
2781,588aca26ed1bfc095abf2de16bf97b57,95.0,3,1786597575311,2026-08-13T12:06:15.311,1,1
2782,588aca26ed1bfc095abf2de16bf97b57,95.0,3,1786597576308,2026-08-13T12:06:16.308,1,1
2783,588aca26ed1bfc095abf2de16bf97b57,95.0,3,1786597577308,2026-08-13T12:06:17.308,1,1
2784,588aca26ed1bfc095abf2de16bf97b57,95.0,3,1786597578308,2026-08-13T12:06:18.308,1,1
2785,588aca26ed1bfc095abf2de16bf97b57,95.0,3,1786597579308,2026-08-13T12:06:19.308,1,1
2786,588aca26ed1bfc095abf2de16bf97b57,95.0,3,1786597580308,2026-08-13T12:06:20.308,1,1
2787,588aca26ed1bfc095abf2de16bf97b57,96.0,3,1786597581312,2026-08-13T12:06:21.312,1,1
2788,588aca26ed1bfc095abf2de16bf97b57,96.0,3,1786597582313,2026-08-13T12:06:22.313,1,1
2789,588aca26ed1bfc095abf2de16bf97b57,97.0,3,1786597583318,2026-08-13T12:06:23.318,1,1
2790,588aca26ed1bfc095abf2de16bf97b57,98.0,3,1786597584313,2026-08-13T12:06:24.313,1,1
2791,588aca26ed1bfc095abf2de16bf97b57,99.0,3,1786597585310,2026-08-13T12:06:25.310,1,1
2792,588aca26ed1bfc095abf2de16bf97b57,100.0,3,1786597586311,2026-08-13T12:06:26.311,1,1
2793,588aca26ed1bfc095abf2de16bf97b57,101.0,3,1786597587308,2026-08-13T12:06:27.308,1,1
2794,588aca26ed1bfc095abf2de16bf97b57,100.0,3,1786597588308,2026-08-13T12:06:28.308,1,1
2795,588aca26ed1bfc095abf2de16bf97b57,100.0,3,1786597589308,2026-08-13T12:06:29.308,1,1
2796,588aca26ed1bfc095abf2de16bf97b57,100.0,3,1786597590309,2026-08-13T12:06:30.309,1,1
2797,588aca26ed1bfc095abf2de16bf97b57,99.0,3,1786597591308,2026-08-13T12:06:31.308,1,1
2798,588aca26ed1bfc095abf2de16bf97b57,98.0,3,1786597592308,2026-08-13T12:06:32.308,1,1
2799,588aca26ed1bfc095abf2de16bf97b57,98.0,3,1786597593308,2026-08-13T12:06:33.308,1,1
2800,588aca26ed1bfc095abf2de16bf97b57,97.0,3,1786597594309,2026-08-13T12:06:34.309,1,1
2801,588aca26ed1bfc095abf2de16bf97b57,96.0,3,1786597595308,2026-08-13T12:06:35.308,1,1
2802,588aca26ed1bfc095abf2de16bf97b57,96.0,3,1786597596313,2026-08-13T12:06:36.313,1,1
2803,588aca26ed1bfc095abf2de16bf97b57,96.0,3,1786597597309,2026-08-13T12:06:37.309,1,1
2804,588aca26ed1bfc095abf2de16bf97b57,95.0,3,1786597598313,2026-08-13T12:06:38.313,1,1
2805,588aca26ed1bfc095abf2de16bf97b57,95.0,3,1786597599311,2026-08-13T12:06:39.311,1,1
2806,588aca26ed1bfc095abf2de16bf97b57,95.0,3,1786597600311,2026-08-13T12:06:40.311,1,1
2807,588aca26ed1bfc095abf2de16bf97b57,95.0,3,1786597601310,2026-08-13T12:06:41.310,1,1
2808,588aca26ed1bfc095abf2de16bf97b57,94.0,3,1786597602310,2026-08-13T12:06:42.310,1,1
2809,588aca26ed1bfc095abf2de16bf97b57,94.0,3,1786597603308,2026-08-13T12:06:43.308,1,1
2810,588aca26ed1bfc095abf2de16bf97b57,94.0,3,1786597604309,2026-08-13T12:06:44.309,1,1
2811,588aca26ed1bfc095abf2de16bf97b57,94.0,3,1786597605309,2026-08-13T12:06:45.309,1,1
2812,588aca26ed1bfc095abf2de16bf97b57,94.0,3,1786597606308,2026-08-13T12:06:46.308,1,1
2813,588aca26ed1bfc095abf2de16bf97b57,94.0,3,1786597607309,2026-08-13T12:06:47.309,1,1
2814,588aca26ed1bfc095abf2de16bf97b57,94.0,3,1786597608309,2026-08-13T12:06:48.309,1,1
2815,588aca26ed1bfc095abf2de16bf97b57,94.0,3,1786597609308,2026-08-13T12:06:49.308,1,1
2816,588aca26ed1bfc095abf2de16bf97b57,94.0,3,1786597610308,2026-08-13T12:06:50.308,1,1
2817,588aca26ed1bfc095abf2de16bf97b57,94.0,3,1786597611308,2026-08-13T12:06:51.308,1,1
2818,588aca26ed1bfc095abf2de16bf97b57,94.0,3,1786597612308,2026-08-13T12:06:52.308,1,1
2819,588aca26ed1bfc095abf2de16bf97b57,94.0,3,1786597613309,2026-08-13T12:06:53.309,1,1
2820,588aca26ed1bfc095abf2de16bf97b57,94.0,3,1786597614308,2026-08-13T12:06:54.308,1,1
2821,588aca26ed1bfc095abf2de16bf97b57,94.0,3,1786597615308,2026-08-13T12:06:55.308,1,1
2822,588aca26ed1bfc095abf2de16bf97b57,94.0,3,1786597616309,2026-08-13T12:06:56.309,1,1
2823,588aca26ed1bfc095abf2de16bf97b57,95.0,3,1786597617314,2026-08-13T12:06:57.314,1,1
2824,588aca26ed1bfc095abf2de16bf97b57,95.0,3,1786597618313,2026-08-13T12:06:58.313,1,1
2825,588aca26ed1bfc095abf2de16bf97b57,97.0,3,1786597619311,2026-08-13T12:06:59.311,1,1
2826,588aca26ed1bfc095abf2de16bf97b57,97.0,3,1786597620309,2026-08-13T12:07:00.309,1,1
2827,588aca26ed1bfc095abf2de16bf97b57,98.0,3,1786597621309,2026-08-13T12:07:01.309,1,1
2828,588aca26ed1bfc095abf2de16bf97b57,99.0,3,1786597622309,2026-08-13T12:07:02.309,1,1
2829,588aca26ed1bfc095abf2de16bf97b57,99.0,3,1786597623308,2026-08-13T12:07:03.308,1,1
2830,588aca26ed1bfc095abf2de16bf97b57,100.0,3,1786597624308,2026-08-13T12:07:04.308,1,1
2831,588aca26ed1bfc095abf2de16bf97b57,99.0,3,1786597625308,2026-08-13T12:07:05.308,1,1
2832,588aca26ed1bfc095abf2de16bf97b57,98.0,3,1786597626308,2026-08-13T12:07:06.308,1,1
2833,588aca26ed1bfc095abf2de16bf97b57,98.0,3,1786597627308,2026-08-13T12:07:07.308,1,1
2834,588aca26ed1bfc095abf2de16bf97b57,97.0,3,1786597628308,2026-08-13T12:07:08.308,1,1
2835,588aca26ed1bfc095abf2de16bf97b57,97.0,3,1786597629308,2026-08-13T12:07:09.308,1,1
2836,588aca26ed1bfc095abf2de16bf97b57,96.0,3,1786597630309,2026-08-13T12:07:10.309,1,1
2837,588aca26ed1bfc095abf2de16bf97b57,96.0,3,1786597631308,2026-08-13T12:07:11.308,1,1
2838,588aca26ed1bfc095abf2de16bf97b57,95.0,3,1786597632309,2026-08-13T12:07:12.309,1,1
2839,588aca26ed1bfc095abf2de16bf97b57,95.0,3,1786597633315,2026-08-13T12:07:13.315,1,1
2840,588aca26ed1bfc095abf2de16bf97b57,95.0,3,1786597634312,2026-08-13T12:07:14.312,1,1
2841,588aca26ed1bfc095abf2de16bf97b57,95.0,3,1786597635310,2026-08-13T12:07:15.310,1,1
2842,588aca26ed1bfc095abf2de16bf97b57,95.0,3,1786597636310,2026-08-13T12:07:16.310,1,1
2843,588aca26ed1bfc095abf2de16bf97b57,95.0,3,1786597637309,2026-08-13T12:07:17.309,1,1
2844,588aca26ed1bfc095abf2de16bf97b57,94.0,3,1786597638309,2026-08-13T12:07:18.309,1,1
2845,588aca26ed1bfc095abf2de16bf97b57,94.0,3,1786597639309,2026-08-13T12:07:19.309,1,1
2846,588aca26ed1bfc095abf2de16bf97b57,94.0,3,1786597640308,2026-08-13T12:07:20.308,1,1
2847,588aca26ed1bfc095abf2de16bf97b57,94.0,3,1786597641308,2026-08-13T12:07:21.308,1,1
2848,588aca26ed1bfc095abf2de16bf97b57,94.0,3,1786597642309,2026-08-13T12:07:22.309,1,1
2849,588aca26ed1bfc095abf2de16bf97b57,94.0,3,1786597643308,2026-08-13T12:07:23.308,1,1
2850,588aca26ed1bfc095abf2de16bf97b57,94.0,3,1786597644308,2026-08-13T12:07:24.308,1,1
2851,588aca26ed1bfc095abf2de16bf97b57,94.0,3,1786597645312,2026-08-13T12:07:25.312,1,1
2852,588aca26ed1bfc095abf2de16bf97b57,94.0,3,1786597646311,2026-08-13T12:07:26.311,1,1
2853,588aca26ed1bfc095abf2de16bf97b57,93.0,3,1786597647313,2026-08-13T12:07:27.313,1,1
2854,588aca26ed1bfc095abf2de16bf97b57,93.0,3,1786597648311,2026-08-13T12:07:28.311,1,1
2855,588aca26ed1bfc095abf2de16bf97b57,93.0,3,1786597649311,2026-08-13T12:07:29.311,1,1
2856,588aca26ed1bfc095abf2de16bf97b57,93.0,3,1786597650308,2026-08-13T12:07:30.308,1,1
2857,588aca26ed1bfc095abf2de16bf97b57,93.0,3,1786597651308,2026-08-13T12:07:31.308,1,1
2858,588aca26ed1bfc095abf2de16bf97b57,93.0,3,1786597652309,2026-08-13T12:07:32.309,1,1
2859,588aca26ed1bfc095abf2de16bf97b57,93.0,3,1786597653308,2026-08-13T12:07:33.308,1,1
2860,588aca26ed1bfc095abf2de16bf97b57,93.0,3,1786597654309,2026-08-13T12:07:34.309,1,1
2861,588aca26ed1bfc095abf2de16bf97b57,93.0,3,1786597655308,2026-08-13T12:07:35.308,1,1
2862,588aca26ed1bfc095abf2de16bf97b57,93.0,3,1786597656314,2026-08-13T12:07:36.314,1,1
2863,588aca26ed1bfc095abf2de16bf97b57,93.0,3,1786597657312,2026-08-13T12:07:37.312,1,1
2864,588aca26ed1bfc095abf2de16bf97b57,93.0,3,1786597658310,2026-08-13T12:07:38.310,1,1
2865,588aca26ed1bfc095abf2de16bf97b57,93.0,3,1786597659308,2026-08-13T12:07:39.308,1,1
2866,588aca26ed1bfc095abf2de16bf97b57,93.0,3,1786597660308,2026-08-13T12:07:40.308,1,1
2867,588aca26ed1bfc095abf2de16bf97b57,93.0,3,1786597661308,2026-08-13T12:07:41.308,1,1
2868,588aca26ed1bfc095abf2de16bf97b57,94.0,3,1786597662308,2026-08-13T12:07:42.308,1,1
2869,588aca26ed1bfc095abf2de16bf97b57,94.0,3,1786597663308,2026-08-13T12:07:43.308,1,1
2870,588aca26ed1bfc095abf2de16bf97b57,94.0,3,1786597664316,2026-08-13T12:07:44.316,1,1
2871,588aca26ed1bfc095abf2de16bf97b57,94.0,3,1786597665315,2026-08-13T12:07:45.315,1,1
2872,588aca26ed1bfc095abf2de16bf97b57,94.0,3,1786597666313,2026-08-13T12:07:46.313,1,1
2873,588aca26ed1bfc095abf2de16bf97b57,95.0,3,1786597667309,2026-08-13T12:07:47.309,1,1
2874,588aca26ed1bfc095abf2de16bf97b57,95.0,3,1786597668308,2026-08-13T12:07:48.308,1,1
2875,588aca26ed1bfc095abf2de16bf97b57,95.0,3,1786597669308,2026-08-13T12:07:49.308,1,1
2876,588aca26ed1bfc095abf2de16bf97b57,96.0,3,1786597670308,2026-08-13T12:07:50.308,1,1
2877,588aca26ed1bfc095abf2de16bf97b57,97.0,3,1786597671308,2026-08-13T12:07:51.308,1,1
2878,588aca26ed1bfc095abf2de16bf97b57,98.0,3,1786597672308,2026-08-13T12:07:52.308,1,1
2879,588aca26ed1bfc095abf2de16bf97b57,98.0,3,1786597673308,2026-08-13T12:07:53.308,1,1
2880,588aca26ed1bfc095abf2de16bf97b57,99.0,3,1786597674314,2026-08-13T12:07:54.314,1,1
2881,588aca26ed1bfc095abf2de16bf97b57,98.0,3,1786597675310,2026-08-13T12:07:55.310,1,1
2882,588aca26ed1bfc095abf2de16bf97b57,98.0,3,1786597676311,2026-08-13T12:07:56.311,1,1
2883,588aca26ed1bfc095abf2de16bf97b57,97.0,3,1786597677308,2026-08-13T12:07:57.308,1,1
2884,588aca26ed1bfc095abf2de16bf97b57,97.0,3,1786597678308,2026-08-13T12:07:58.308,1,1
2885,588aca26ed1bfc095abf2de16bf97b57,97.0,3,1786597679308,2026-08-13T12:07:59.308,1,1
2886,588aca26ed1bfc095abf2de16bf97b57,96.0,3,1786597680309,2026-08-13T12:08:00.309,1,1
2887,588aca26ed1bfc095abf2de16bf97b57,96.0,3,1786597681309,2026-08-13T12:08:01.309,1,1
2888,588aca26ed1bfc095abf2de16bf97b57,96.0,3,1786597682308,2026-08-13T12:08:02.308,1,1
2889,588aca26ed1bfc095abf2de16bf97b57,96.0,3,1786597683308,2026-08-13T12:08:03.308,1,1
2890,588aca26ed1bfc095abf2de16bf97b57,97.0,3,1786597684309,2026-08-13T12:08:04.309,1,1
2891,588aca26ed1bfc095abf2de16bf97b57,97.0,3,1786597685312,2026-08-13T12:08:05.312,1,1
2892,588aca26ed1bfc095abf2de16bf97b57,97.0,3,1786597686313,2026-08-13T12:08:06.313,1,1
2893,588aca26ed1bfc095abf2de16bf97b57,97.0,3,1786597687311,2026-08-13T12:08:07.311,1,1
2894,588aca26ed1bfc095abf2de16bf97b57,96.0,3,1786597688312,2026-08-13T12:08:08.312,1,1
2895,588aca26ed1bfc095abf2de16bf97b57,96.0,3,1786597689309,2026-08-13T12:08:09.309,1,1
2896,588aca26ed1bfc095abf2de16bf97b57,96.0,3,1786597690309,2026-08-13T12:08:10.309,1,1
2897,588aca26ed1bfc095abf2de16bf97b57,96.0,3,1786597691308,2026-08-13T12:08:11.308,1,1
2898,588aca26ed1bfc095abf2de16bf97b57,96.0,3,1786597692308,2026-08-13T12:08:12.308,1,1
2899,588aca26ed1bfc095abf2de16bf97b57,96.0,3,1786597693308,2026-08-13T12:08:13.308,1,1
2900,588aca26ed1bfc095abf2de16bf97b57,96.0,3,1786597694308,2026-08-13T12:08:14.308,1,1
2901,588aca26ed1bfc095abf2de16bf97b57,96.0,3,1786597695308,2026-08-13T12:08:15.308,1,1
2902,588aca26ed1bfc095abf2de16bf97b57,96.0,3,1786597696309,2026-08-13T12:08:16.309,1,1
2903,588aca26ed1bfc095abf2de16bf97b57,96.0,3,1786597697309,2026-08-13T12:08:17.309,1,1
2904,588aca26ed1bfc095abf2de16bf97b57,96.0,3,1786597698309,2026-08-13T12:08:18.309,1,1
2905,588aca26ed1bfc095abf2de16bf97b57,96.0,3,1786597699310,2026-08-13T12:08:19.310,1,1
2906,588aca26ed1bfc095abf2de16bf97b57,96.0,3,1786597700310,2026-08-13T12:08:20.310,1,1
2907,588aca26ed1bfc095abf2de16bf97b57,96.0,3,1786597701308,2026-08-13T12:08:21.308,1,1
2908,588aca26ed1bfc095abf2de16bf97b57,97.0,3,1786597702308,2026-08-13T12:08:22.308,1,1
2909,588aca26ed1bfc095abf2de16bf97b57,98.0,3,1786597703308,2026-08-13T12:08:23.308,1,1
2910,588aca26ed1bfc095abf2de16bf97b57,100.0,3,1786597704308,2026-08-13T12:08:24.308,1,1
2911,588aca26ed1bfc095abf2de16bf97b57,100.0,3,1786597705308,2026-08-13T12:08:25.308,1,1
2912,588aca26ed1bfc095abf2de16bf97b57,100.0,3,1786597706314,2026-08-13T12:08:26.314,1,1
2913,588aca26ed1bfc095abf2de16bf97b57,100.0,3,1786597707315,2026-08-13T12:08:27.315,1,1
2914,588aca26ed1bfc095abf2de16bf97b57,99.0,3,1786597708312,2026-08-13T12:08:28.312,1,1
2915,588aca26ed1bfc095abf2de16bf97b57,99.0,3,1786597709311,2026-08-13T12:08:29.311,1,1
2916,588aca26ed1bfc095abf2de16bf97b57,98.0,3,1786597710308,2026-08-13T12:08:30.308,1,1
2917,588aca26ed1bfc095abf2de16bf97b57,97.0,3,1786597711309,2026-08-13T12:08:31.309,1,1
2918,588aca26ed1bfc095abf2de16bf97b57,97.0,3,1786597712308,2026-08-13T12:08:32.308,1,1
2919,588aca26ed1bfc095abf2de16bf97b57,97.0,3,1786597713308,2026-08-13T12:08:33.308,1,1
2920,588aca26ed1bfc095abf2de16bf97b57,97.0,3,1786597714308,2026-08-13T12:08:34.308,1,1
2921,588aca26ed1bfc095abf2de16bf97b57,96.0,3,1786597715309,2026-08-13T12:08:35.309,1,1
2922,588aca26ed1bfc095abf2de16bf97b57,96.0,3,1786597716314,2026-08-13T12:08:36.314,1,1
2923,588aca26ed1bfc095abf2de16bf97b57,95.0,3,1786597717314,2026-08-13T12:08:37.314,1,1
2924,588aca26ed1bfc095abf2de16bf97b57,95.0,3,1786597718308,2026-08-13T12:08:38.308,1,1
2925,588aca26ed1bfc095abf2de16bf97b57,95.0,3,1786597719309,2026-08-13T12:08:39.309,1,1
2926,588aca26ed1bfc095abf2de16bf97b57,95.0,3,1786597720308,2026-08-13T12:08:40.308,1,1
2927,588aca26ed1bfc095abf2de16bf97b57,95.0,3,1786597721308,2026-08-13T12:08:41.308,1,1
2928,588aca26ed1bfc095abf2de16bf97b57,95.0,3,1786597722309,2026-08-13T12:08:42.309,1,1
2929,588aca26ed1bfc095abf2de16bf97b57,95.0,3,1786597723309,2026-08-13T12:08:43.309,1,1
2930,588aca26ed1bfc095abf2de16bf97b57,95.0,3,1786597724308,2026-08-13T12:08:44.308,1,1
2931,588aca26ed1bfc095abf2de16bf97b57,95.0,3,1786597725308,2026-08-13T12:08:45.308,1,1
2932,588aca26ed1bfc095abf2de16bf97b57,95.0,3,1786597726308,2026-08-13T12:08:46.308,1,1
2933,588aca26ed1bfc095abf2de16bf97b57,95.0,3,1786597727308,2026-08-13T12:08:47.308,1,1
2934,588aca26ed1bfc095abf2de16bf97b57,94.0,3,1786597728313,2026-08-13T12:08:48.313,1,1
2935,588aca26ed1bfc095abf2de16bf97b57,94.0,3,1786597729314,2026-08-13T12:08:49.314,1,1
2936,588aca26ed1bfc095abf2de16bf97b57,94.0,3,1786597730311,2026-08-13T12:08:50.311,1,1
2937,588aca26ed1bfc095abf2de16bf97b57,94.0,3,1786597731314,2026-08-13T12:08:51.314,1,1
2938,588aca26ed1bfc095abf2de16bf97b57,95.0,3,1786597732309,2026-08-13T12:08:52.309,1,1
2939,588aca26ed1bfc095abf2de16bf97b57,95.0,3,1786597733308,2026-08-13T12:08:53.308,1,1
2940,588aca26ed1bfc095abf2de16bf97b57,95.0,3,1786597734308,2026-08-13T12:08:54.308,1,1
2941,588aca26ed1bfc095abf2de16bf97b57,95.0,3,1786597735308,2026-08-13T12:08:55.308,1,1
2942,588aca26ed1bfc095abf2de16bf97b57,94.0,3,1786597736308,2026-08-13T12:08:56.308,1,1
2943,588aca26ed1bfc095abf2de16bf97b57,95.0,3,1786597737308,2026-08-13T12:08:57.308,1,1
2944,588aca26ed1bfc095abf2de16bf97b57,95.0,3,1786597738308,2026-08-13T12:08:58.308,1,1
2945,588aca26ed1bfc095abf2de16bf97b57,96.0,3,1786597739308,2026-08-13T12:08:59.308,1,1
2946,588aca26ed1bfc095abf2de16bf97b57,97.0,3,1786597740316,2026-08-13T12:09:00.316,1,1
2947,588aca26ed1bfc095abf2de16bf97b57,98.0,3,1786597741314,2026-08-13T12:09:01.314,1,1
2948,588aca26ed1bfc095abf2de16bf97b57,99.0,3,1786597742311,2026-08-13T12:09:02.311,1,1
2949,588aca26ed1bfc095abf2de16bf97b57,100.0,3,1786597743311,2026-08-13T12:09:03.311,1,1
2950,588aca26ed1bfc095abf2de16bf97b57,101.0,3,1786597744308,2026-08-13T12:09:04.308,1,1
2951,588aca26ed1bfc095abf2de16bf97b57,100.0,3,1786597745311,2026-08-13T12:09:05.311,1,1
2952,588aca26ed1bfc095abf2de16bf97b57,99.0,3,1786597746309,2026-08-13T12:09:06.309,1,1
2953,588aca26ed1bfc095abf2de16bf97b57,101.0,3,1786597747308,2026-08-13T12:09:07.308,1,1
2954,588aca26ed1bfc095abf2de16bf97b57,102.0,3,1786597748309,2026-08-13T12:09:08.309,1,1
2955,588aca26ed1bfc095abf2de16bf97b57,104.0,3,1786597749310,2026-08-13T12:09:09.310,1,1
2956,588aca26ed1bfc095abf2de16bf97b57,104.0,3,1786597750308,2026-08-13T12:09:10.308,1,1
2957,588aca26ed1bfc095abf2de16bf97b57,105.0,3,1786597751308,2026-08-13T12:09:11.308,1,1
2958,588aca26ed1bfc095abf2de16bf97b57,104.0,3,1786597752310,2026-08-13T12:09:12.310,1,1
2959,588aca26ed1bfc095abf2de16bf97b57,104.0,3,1786597753308,2026-08-13T12:09:13.308,1,1
2960,588aca26ed1bfc095abf2de16bf97b57,104.0,3,1786597754308,2026-08-13T12:09:14.308,1,1
2961,588aca26ed1bfc095abf2de16bf97b57,104.0,3,1786597755308,2026-08-13T12:09:15.308,1,1
2962,588aca26ed1bfc095abf2de16bf97b57,104.0,3,1786597756308,2026-08-13T12:09:16.308,1,1
2963,588aca26ed1bfc095abf2de16bf97b57,105.0,3,1786597757309,2026-08-13T12:09:17.309,1,1
2964,588aca26ed1bfc095abf2de16bf97b57,105.0,3,1786597758308,2026-08-13T12:09:18.308,1,1
2965,588aca26ed1bfc095abf2de16bf97b57,106.0,3,1786597759309,2026-08-13T12:09:19.309,1,1
2966,588aca26ed1bfc095abf2de16bf97b57,105.0,3,1786597760308,2026-08-13T12:09:20.308,1,1
2967,588aca26ed1bfc095abf2de16bf97b57,105.0,3,1786597761309,2026-08-13T12:09:21.309,1,1
2968,588aca26ed1bfc095abf2de16bf97b57,106.0,3,1786597762308,2026-08-13T12:09:22.308,1,1
2969,588aca26ed1bfc095abf2de16bf97b57,106.0,3,1786597763308,2026-08-13T12:09:23.308,1,1
2970,588aca26ed1bfc095abf2de16bf97b57,106.0,3,1786597764308,2026-08-13T12:09:24.308,1,1
2971,588aca26ed1bfc095abf2de16bf97b57,105.0,3,1786597765308,2026-08-13T12:09:25.308,1,1
2972,588aca26ed1bfc095abf2de16bf97b57,103.0,3,1786597766309,2026-08-13T12:09:26.309,1,1
2973,588aca26ed1bfc095abf2de16bf97b57,102.0,3,1786597767309,2026-08-13T12:09:27.309,1,1
2974,588aca26ed1bfc095abf2de16bf97b57,100.0,3,1786597768315,2026-08-13T12:09:28.315,1,1
2975,588aca26ed1bfc095abf2de16bf97b57,99.0,3,1786597769314,2026-08-13T12:09:29.314,1,1
2976,588aca26ed1bfc095abf2de16bf97b57,98.0,3,1786597770313,2026-08-13T12:09:30.313,1,1
2977,588aca26ed1bfc095abf2de16bf97b57,97.0,3,1786597771312,2026-08-13T12:09:31.312,1,1
2978,588aca26ed1bfc095abf2de16bf97b57,96.0,3,1786597772313,2026-08-13T12:09:32.313,1,1
2979,588aca26ed1bfc095abf2de16bf97b57,97.0,3,1786597773310,2026-08-13T12:09:33.310,1,1
2980,588aca26ed1bfc095abf2de16bf97b57,96.0,3,1786597774313,2026-08-13T12:09:34.313,1,1
2981,588aca26ed1bfc095abf2de16bf97b57,96.0,3,1786597775310,2026-08-13T12:09:35.310,1,1
2982,588aca26ed1bfc095abf2de16bf97b57,96.0,3,1786597776308,2026-08-13T12:09:36.308,1,1
2983,588aca26ed1bfc095abf2de16bf97b57,97.0,3,1786597777308,2026-08-13T12:09:37.308,1,1
2984,588aca26ed1bfc095abf2de16bf97b57,97.0,3,1786597778308,2026-08-13T12:09:38.308,1,1
2985,588aca26ed1bfc095abf2de16bf97b57,98.0,3,1786597779308,2026-08-13T12:09:39.308,1,1
2986,588aca26ed1bfc095abf2de16bf97b57,100.0,3,1786597780308,2026-08-13T12:09:40.308,1,1
2987,588aca26ed1bfc095abf2de16bf97b57,100.0,3,1786597781308,2026-08-13T12:09:41.308,1,1
2988,588aca26ed1bfc095abf2de16bf97b57,101.0,3,1786597782308,2026-08-13T12:09:42.308,1,1
2989,588aca26ed1bfc095abf2de16bf97b57,101.0,3,1786597783308,2026-08-13T12:09:43.308,1,1
2990,588aca26ed1bfc095abf2de16bf97b57,102.0,3,1786597784308,2026-08-13T12:09:44.308,1,1
2991,588aca26ed1bfc095abf2de16bf97b57,102.0,3,1786597785308,2026-08-13T12:09:45.308,1,1
2992,588aca26ed1bfc095abf2de16bf97b57,102.0,3,1786597786308,2026-08-13T12:09:46.308,1,1
2993,588aca26ed1bfc095abf2de16bf97b57,102.0,3,1786597787308,2026-08-13T12:09:47.308,1,1
2994,588aca26ed1bfc095abf2de16bf97b57,102.0,3,1786597788308,2026-08-13T12:09:48.308,1,1
2995,588aca26ed1bfc095abf2de16bf97b57,102.0,3,1786597789308,2026-08-13T12:09:49.308,1,1
2996,588aca26ed1bfc095abf2de16bf97b57,102.0,3,1786597790312,2026-08-13T12:09:50.312,1,1
2997,588aca26ed1bfc095abf2de16bf97b57,102.0,3,1786597791310,2026-08-13T12:09:51.310,1,1
2998,588aca26ed1bfc095abf2de16bf97b57,102.0,3,1786597792310,2026-08-13T12:09:52.310,1,1
2999,588aca26ed1bfc095abf2de16bf97b57,103.0,3,1786597793309,2026-08-13T12:09:53.309,1,1
3000,588aca26ed1bfc095abf2de16bf97b57,103.0,3,1786597794308,2026-08-13T12:09:54.308,1,1
3001,588aca26ed1bfc095abf2de16bf97b57,103.0,3,1786597795317,2026-08-13T12:09:55.317,1,1
3002,588aca26ed1bfc095abf2de16bf97b57,103.0,3,1786597796308,2026-08-13T12:09:56.308,1,1
3003,588aca26ed1bfc095abf2de16bf97b57,103.0,3,1786597797310,2026-08-13T12:09:57.310,1,1
3004,588aca26ed1bfc095abf2de16bf97b57,104.0,3,1786597798314,2026-08-13T12:09:58.314,1,1
3005,588aca26ed1bfc095abf2de16bf97b57,104.0,3,1786597799310,2026-08-13T12:09:59.310,1,1
3006,588aca26ed1bfc095abf2de16bf97b57,104.0,3,1786597800311,2026-08-13T12:10:00.311,1,1
3007,588aca26ed1bfc095abf2de16bf97b57,104.0,3,1786597801308,2026-08-13T12:10:01.308,1,1
3008,588aca26ed1bfc095abf2de16bf97b57,105.0,3,1786597802310,2026-08-13T12:10:02.310,1,1
3009,588aca26ed1bfc095abf2de16bf97b57,104.0,3,1786597803308,2026-08-13T12:10:03.308,1,1
3010,588aca26ed1bfc095abf2de16bf97b57,105.0,3,1786597804308,2026-08-13T12:10:04.308,1,1
3011,588aca26ed1bfc095abf2de16bf97b57,106.0,3,1786597805309,2026-08-13T12:10:05.309,1,1
3012,588aca26ed1bfc095abf2de16bf97b57,107.0,3,1786597806309,2026-08-13T12:10:06.309,1,1
3013,588aca26ed1bfc095abf2de16bf97b57,107.0,3,1786597807308,2026-08-13T12:10:07.308,1,1
3014,588aca26ed1bfc095abf2de16bf97b57,107.0,3,1786597808310,2026-08-13T12:10:08.310,1,1
3015,588aca26ed1bfc095abf2de16bf97b57,107.0,3,1786597809311,2026-08-13T12:10:09.311,1,1
3016,588aca26ed1bfc095abf2de16bf97b57,107.0,3,1786597810311,2026-08-13T12:10:10.311,1,1
3017,588aca26ed1bfc095abf2de16bf97b57,107.0,3,1786597811308,2026-08-13T12:10:11.308,1,1
3018,588aca26ed1bfc095abf2de16bf97b57,107.0,3,1786597812310,2026-08-13T12:10:12.310,1,1
3019,588aca26ed1bfc095abf2de16bf97b57,107.0,3,1786597813311,2026-08-13T12:10:13.311,1,1
3020,588aca26ed1bfc095abf2de16bf97b57,107.0,3,1786597814310,2026-08-13T12:10:14.310,1,1
3021,588aca26ed1bfc095abf2de16bf97b57,107.0,3,1786597815310,2026-08-13T12:10:15.310,1,1
3022,588aca26ed1bfc095abf2de16bf97b57,107.0,3,1786597816311,2026-08-13T12:10:16.311,1,1
3023,588aca26ed1bfc095abf2de16bf97b57,107.0,3,1786597817309,2026-08-13T12:10:17.309,1,1
3024,588aca26ed1bfc095abf2de16bf97b57,108.0,3,1786597818311,2026-08-13T12:10:18.311,1,1
3025,588aca26ed1bfc095abf2de16bf97b57,108.0,3,1786597819310,2026-08-13T12:10:19.310,1,1
3026,588aca26ed1bfc095abf2de16bf97b57,108.0,3,1786597820310,2026-08-13T12:10:20.310,1,1
3027,588aca26ed1bfc095abf2de16bf97b57,109.0,3,1786597821311,2026-08-13T12:10:21.311,1,1
3028,588aca26ed1bfc095abf2de16bf97b57,109.0,3,1786597822311,2026-08-13T12:10:22.311,1,1
3029,588aca26ed1bfc095abf2de16bf97b57,108.0,3,1786597823309,2026-08-13T12:10:23.309,1,1
3030,588aca26ed1bfc095abf2de16bf97b57,108.0,3,1786597824310,2026-08-13T12:10:24.310,1,1
3031,588aca26ed1bfc095abf2de16bf97b57,109.0,3,1786597825311,2026-08-13T12:10:25.311,1,1
3032,588aca26ed1bfc095abf2de16bf97b57,108.0,3,1786597826311,2026-08-13T12:10:26.311,1,1
3033,588aca26ed1bfc095abf2de16bf97b57,108.0,3,1786597827310,2026-08-13T12:10:27.310,1,1
3034,588aca26ed1bfc095abf2de16bf97b57,108.0,3,1786597828311,2026-08-13T12:10:28.311,1,1
3035,588aca26ed1bfc095abf2de16bf97b57,108.0,3,1786597829311,2026-08-13T12:10:29.311,1,1
3036,588aca26ed1bfc095abf2de16bf97b57,108.0,3,1786597830311,2026-08-13T12:10:30.311,1,1
3037,588aca26ed1bfc095abf2de16bf97b57,107.0,3,1786597831310,2026-08-13T12:10:31.310,1,1
3038,588aca26ed1bfc095abf2de16bf97b57,107.0,3,1786597832311,2026-08-13T12:10:32.311,1,1
3039,588aca26ed1bfc095abf2de16bf97b57,106.0,3,1786597833308,2026-08-13T12:10:33.308,1,1
3040,588aca26ed1bfc095abf2de16bf97b57,105.0,3,1786597834309,2026-08-13T12:10:34.309,1,1
3041,588aca26ed1bfc095abf2de16bf97b57,105.0,3,1786597835319,2026-08-13T12:10:35.319,1,1
3042,588aca26ed1bfc095abf2de16bf97b57,104.0,3,1786597836315,2026-08-13T12:10:36.315,1,1
3043,588aca26ed1bfc095abf2de16bf97b57,103.0,3,1786597837314,2026-08-13T12:10:37.314,1,1
3044,588aca26ed1bfc095abf2de16bf97b57,102.0,3,1786597838312,2026-08-13T12:10:38.312,1,1
3045,588aca26ed1bfc095abf2de16bf97b57,101.0,3,1786597839310,2026-08-13T12:10:39.310,1,1
3046,588aca26ed1bfc095abf2de16bf97b57,100.0,3,1786597840309,2026-08-13T12:10:40.309,1,1
3047,588aca26ed1bfc095abf2de16bf97b57,99.0,3,1786597841308,2026-08-13T12:10:41.308,1,1
3048,588aca26ed1bfc095abf2de16bf97b57,98.0,3,1786597842309,2026-08-13T12:10:42.309,1,1
3049,588aca26ed1bfc095abf2de16bf97b57,98.0,3,1786597843308,2026-08-13T12:10:43.308,1,1
3050,588aca26ed1bfc095abf2de16bf97b57,98.0,3,1786597844309,2026-08-13T12:10:44.309,1,1
3051,588aca26ed1bfc095abf2de16bf97b57,99.0,3,1786597845308,2026-08-13T12:10:45.308,1,1
3052,588aca26ed1bfc095abf2de16bf97b57,99.0,3,1786597846308,2026-08-13T12:10:46.308,1,1
3053,588aca26ed1bfc095abf2de16bf97b57,100.0,3,1786597847309,2026-08-13T12:10:47.309,1,1
3054,588aca26ed1bfc095abf2de16bf97b57,100.0,3,1786597848310,2026-08-13T12:10:48.310,1,1
3055,588aca26ed1bfc095abf2de16bf97b57,100.0,3,1786597849311,2026-08-13T12:10:49.311,1,1
3056,588aca26ed1bfc095abf2de16bf97b57,100.0,3,1786597850309,2026-08-13T12:10:50.309,1,1
3057,588aca26ed1bfc095abf2de16bf97b57,100.0,3,1786597851309,2026-08-13T12:10:51.309,1,1
3058,588aca26ed1bfc095abf2de16bf97b57,100.0,3,1786597852309,2026-08-13T12:10:52.309,1,1
3059,588aca26ed1bfc095abf2de16bf97b57,100.0,3,1786597853308,2026-08-13T12:10:53.308,1,1
3060,588aca26ed1bfc095abf2de16bf97b57,99.0,3,1786597854309,2026-08-13T12:10:54.309,1,1
3061,588aca26ed1bfc095abf2de16bf97b57,99.0,3,1786597855308,2026-08-13T12:10:55.308,1,1
3062,588aca26ed1bfc095abf2de16bf97b57,99.0,3,1786597856308,2026-08-13T12:10:56.308,1,1
3063,588aca26ed1bfc095abf2de16bf97b57,100.0,3,1786597857309,2026-08-13T12:10:57.309,1,1
3064,588aca26ed1bfc095abf2de16bf97b57,99.0,3,1786597858308,2026-08-13T12:10:58.308,1,1
3065,588aca26ed1bfc095abf2de16bf97b57,99.0,3,1786597859309,2026-08-13T12:10:59.309,1,1
3066,588aca26ed1bfc095abf2de16bf97b57,99.0,3,1786597860309,2026-08-13T12:11:00.309,1,1
3067,588aca26ed1bfc095abf2de16bf97b57,98.0,3,1786597861308,2026-08-13T12:11:01.308,1,1
3068,588aca26ed1bfc095abf2de16bf97b57,98.0,3,1786597862309,2026-08-13T12:11:02.309,1,1
3069,588aca26ed1bfc095abf2de16bf97b57,97.0,3,1786597863310,2026-08-13T12:11:03.310,1,1
3070,588aca26ed1bfc095abf2de16bf97b57,97.0,3,1786597864309,2026-08-13T12:11:04.309,1,1
3071,588aca26ed1bfc095abf2de16bf97b57,96.0,3,1786597865314,2026-08-13T12:11:05.314,1,1
3072,588aca26ed1bfc095abf2de16bf97b57,96.0,3,1786597866312,2026-08-13T12:11:06.312,1,1
3073,588aca26ed1bfc095abf2de16bf97b57,95.0,3,1786597867311,2026-08-13T12:11:07.311,1,1
3074,588aca26ed1bfc095abf2de16bf97b57,95.0,3,1786597868314,2026-08-13T12:11:08.314,1,1
3075,588aca26ed1bfc095abf2de16bf97b57,94.0,3,1786597869312,2026-08-13T12:11:09.312,1,1
3076,588aca26ed1bfc095abf2de16bf97b57,94.0,3,1786597870311,2026-08-13T12:11:10.311,1,1
3077,588aca26ed1bfc095abf2de16bf97b57,93.0,3,1786597871308,2026-08-13T12:11:11.308,1,1
3078,588aca26ed1bfc095abf2de16bf97b57,93.0,3,1786597872308,2026-08-13T12:11:12.308,1,1
3079,588aca26ed1bfc095abf2de16bf97b57,93.0,3,1786597873308,2026-08-13T12:11:13.308,1,1
3080,588aca26ed1bfc095abf2de16bf97b57,93.0,3,1786597874308,2026-08-13T12:11:14.308,1,1
3081,588aca26ed1bfc095abf2de16bf97b57,93.0,3,1786597875308,2026-08-13T12:11:15.308,1,1
3082,588aca26ed1bfc095abf2de16bf97b57,94.0,3,1786597876308,2026-08-13T12:11:16.308,1,1
3083,588aca26ed1bfc095abf2de16bf97b57,94.0,3,1786597877310,2026-08-13T12:11:17.310,1,1
3084,588aca26ed1bfc095abf2de16bf97b57,95.0,3,1786597878312,2026-08-13T12:11:18.312,1,1
3085,588aca26ed1bfc095abf2de16bf97b57,96.0,3,1786597879310,2026-08-13T12:11:19.310,1,1
3086,588aca26ed1bfc095abf2de16bf97b57,97.0,3,1786597880310,2026-08-13T12:11:20.310,1,1
3087,588aca26ed1bfc095abf2de16bf97b57,97.0,3,1786597881308,2026-08-13T12:11:21.308,1,1
3088,588aca26ed1bfc095abf2de16bf97b57,96.0,3,1786597882308,2026-08-13T12:11:22.308,1,1
3089,588aca26ed1bfc095abf2de16bf97b57,95.0,3,1786597883308,2026-08-13T12:11:23.308,1,1
3090,588aca26ed1bfc095abf2de16bf97b57,94.0,3,1786597884309,2026-08-13T12:11:24.309,1,1
3091,588aca26ed1bfc095abf2de16bf97b57,96.0,3,1786597885309,2026-08-13T12:11:25.309,1,1
3092,588aca26ed1bfc095abf2de16bf97b57,95.0,3,1786597886309,2026-08-13T12:11:26.309,1,1
3093,588aca26ed1bfc095abf2de16bf97b57,94.0,3,1786597887309,2026-08-13T12:11:27.309,1,1
3094,588aca26ed1bfc095abf2de16bf97b57,93.0,3,1786597888308,2026-08-13T12:11:28.308,1,1
3095,588aca26ed1bfc095abf2de16bf97b57,92.0,3,1786597889308,2026-08-13T12:11:29.308,1,1
3096,588aca26ed1bfc095abf2de16bf97b57,92.0,3,1786597890308,2026-08-13T12:11:30.308,1,1
3097,588aca26ed1bfc095abf2de16bf97b57,91.0,3,1786597891308,2026-08-13T12:11:31.308,1,1
3098,588aca26ed1bfc095abf2de16bf97b57,90.0,3,1786597892309,2026-08-13T12:11:32.309,1,1
3099,588aca26ed1bfc095abf2de16bf97b57,90.0,3,1786597893308,2026-08-13T12:11:33.308,1,1
3100,588aca26ed1bfc095abf2de16bf97b57,90.0,3,1786597894309,2026-08-13T12:11:34.309,1,1
3101,588aca26ed1bfc095abf2de16bf97b57,89.0,3,1786597895309,2026-08-13T12:11:35.309,1,1
3102,588aca26ed1bfc095abf2de16bf97b57,89.0,3,1786597896309,2026-08-13T12:11:36.309,1,1
3103,588aca26ed1bfc095abf2de16bf97b57,89.0,3,1786597897308,2026-08-13T12:11:37.308,1,1
3104,588aca26ed1bfc095abf2de16bf97b57,89.0,3,1786597898309,2026-08-13T12:11:38.309,1,1
3105,588aca26ed1bfc095abf2de16bf97b57,89.0,3,1786597899308,2026-08-13T12:11:39.308,1,1
3106,588aca26ed1bfc095abf2de16bf97b57,89.0,3,1786597900309,2026-08-13T12:11:40.309,1,1
3107,588aca26ed1bfc095abf2de16bf97b57,89.0,3,1786597901308,2026-08-13T12:11:41.308,1,1
3108,588aca26ed1bfc095abf2de16bf97b57,89.0,3,1786597902309,2026-08-13T12:11:42.309,1,1
3109,588aca26ed1bfc095abf2de16bf97b57,89.0,3,1786597903308,2026-08-13T12:11:43.308,1,1
3110,588aca26ed1bfc095abf2de16bf97b57,89.0,3,1786597904309,2026-08-13T12:11:44.309,1,1
3111,588aca26ed1bfc095abf2de16bf97b57,90.0,3,1786597905308,2026-08-13T12:11:45.308,1,1
3112,588aca26ed1bfc095abf2de16bf97b57,89.0,3,1786597906308,2026-08-13T12:11:46.308,1,1
3113,588aca26ed1bfc095abf2de16bf97b57,90.0,3,1786597907309,2026-08-13T12:11:47.309,1,1
3114,588aca26ed1bfc095abf2de16bf97b57,90.0,3,1786597908319,2026-08-13T12:11:48.319,1,1
3115,588aca26ed1bfc095abf2de16bf97b57,90.0,3,1786597909319,2026-08-13T12:11:49.319,1,1
3116,588aca26ed1bfc095abf2de16bf97b57,90.0,3,1786597910318,2026-08-13T12:11:50.318,1,1
3117,588aca26ed1bfc095abf2de16bf97b57,90.0,3,1786597911315,2026-08-13T12:11:51.315,1,1
3118,588aca26ed1bfc095abf2de16bf97b57,90.0,3,1786597912316,2026-08-13T12:11:52.316,1,1
3119,588aca26ed1bfc095abf2de16bf97b57,90.0,3,1786597913309,2026-08-13T12:11:53.309,1,1
3120,588aca26ed1bfc095abf2de16bf97b57,90.0,3,1786597914310,2026-08-13T12:11:54.310,1,1
3121,588aca26ed1bfc095abf2de16bf97b57,89.0,3,1786597915311,2026-08-13T12:11:55.311,1,1
3122,588aca26ed1bfc095abf2de16bf97b57,90.0,3,1786597916319,2026-08-13T12:11:56.319,1,1
3123,588aca26ed1bfc095abf2de16bf97b57,90.0,3,1786597917310,2026-08-13T12:11:57.310,1,1
3124,588aca26ed1bfc095abf2de16bf97b57,90.0,3,1786597918308,2026-08-13T12:11:58.308,1,1
3125,588aca26ed1bfc095abf2de16bf97b57,90.0,3,1786597919309,2026-08-13T12:11:59.309,1,1
3126,588aca26ed1bfc095abf2de16bf97b57,90.0,3,1786597920309,2026-08-13T12:12:00.309,1,1
3127,588aca26ed1bfc095abf2de16bf97b57,90.0,3,1786597921308,2026-08-13T12:12:01.308,1,1
3128,588aca26ed1bfc095abf2de16bf97b57,90.0,3,1786597922309,2026-08-13T12:12:02.309,1,1
3129,588aca26ed1bfc095abf2de16bf97b57,91.0,3,1786597923309,2026-08-13T12:12:03.309,1,1
3130,588aca26ed1bfc095abf2de16bf97b57,91.0,3,1786597924310,2026-08-13T12:12:04.310,1,1
3131,588aca26ed1bfc095abf2de16bf97b57,91.0,3,1786597925309,2026-08-13T12:12:05.309,1,1
3132,588aca26ed1bfc095abf2de16bf97b57,90.0,3,1786597926310,2026-08-13T12:12:06.310,1,1
3133,588aca26ed1bfc095abf2de16bf97b57,91.0,3,1786597927310,2026-08-13T12:12:07.310,1,1
3134,588aca26ed1bfc095abf2de16bf97b57,91.0,3,1786597928311,2026-08-13T12:12:08.311,1,1
3135,588aca26ed1bfc095abf2de16bf97b57,91.0,3,1786597929309,2026-08-13T12:12:09.309,1,1
3136,588aca26ed1bfc095abf2de16bf97b57,91.0,3,1786597930309,2026-08-13T12:12:10.309,1,1
3137,588aca26ed1bfc095abf2de16bf97b57,91.0,3,1786597931309,2026-08-13T12:12:11.309,1,1
3138,588aca26ed1bfc095abf2de16bf97b57,91.0,3,1786597932309,2026-08-13T12:12:12.309,1,1
3139,588aca26ed1bfc095abf2de16bf97b57,91.0,3,1786597933315,2026-08-13T12:12:13.315,1,1
3140,588aca26ed1bfc095abf2de16bf97b57,90.0,3,1786597934317,2026-08-13T12:12:14.317,1,1
3141,588aca26ed1bfc095abf2de16bf97b57,90.0,3,1786597935308,2026-08-13T12:12:15.308,1,1
3142,588aca26ed1bfc095abf2de16bf97b57,90.0,3,1786597936309,2026-08-13T12:12:16.309,1,1
3143,588aca26ed1bfc095abf2de16bf97b57,90.0,3,1786597937309,2026-08-13T12:12:17.309,1,1
3144,588aca26ed1bfc095abf2de16bf97b57,90.0,3,1786597938309,2026-08-13T12:12:18.309,1,1
3145,588aca26ed1bfc095abf2de16bf97b57,90.0,3,1786597939309,2026-08-13T12:12:19.309,1,1
3146,588aca26ed1bfc095abf2de16bf97b57,90.0,3,1786597940308,2026-08-13T12:12:20.308,1,1
3147,588aca26ed1bfc095abf2de16bf97b57,90.0,3,1786597941309,2026-08-13T12:12:21.309,1,1
3148,588aca26ed1bfc095abf2de16bf97b57,90.0,3,1786597942308,2026-08-13T12:12:22.308,1,1
3149,588aca26ed1bfc095abf2de16bf97b57,89.0,3,1786597943309,2026-08-13T12:12:23.309,1,1
3150,588aca26ed1bfc095abf2de16bf97b57,88.0,3,1786597944308,2026-08-13T12:12:24.308,1,1
3151,588aca26ed1bfc095abf2de16bf97b57,87.0,3,1786597945308,2026-08-13T12:12:25.308,1,1
3152,588aca26ed1bfc095abf2de16bf97b57,87.0,3,1786597946309,2026-08-13T12:12:26.309,1,1
3153,588aca26ed1bfc095abf2de16bf97b57,87.0,3,1786597947310,2026-08-13T12:12:27.310,1,1
3154,588aca26ed1bfc095abf2de16bf97b57,87.0,3,1786597948309,2026-08-13T12:12:28.309,1,1
3155,588aca26ed1bfc095abf2de16bf97b57,87.0,3,1786597949308,2026-08-13T12:12:29.308,1,1
3156,588aca26ed1bfc095abf2de16bf97b57,87.0,3,1786597950308,2026-08-13T12:12:30.308,1,1
3157,588aca26ed1bfc095abf2de16bf97b57,87.0,3,1786597951309,2026-08-13T12:12:31.309,1,1
3158,588aca26ed1bfc095abf2de16bf97b57,87.0,3,1786597952308,2026-08-13T12:12:32.308,1,1
3159,588aca26ed1bfc095abf2de16bf97b57,87.0,3,1786597953310,2026-08-13T12:12:33.310,1,1
3160,588aca26ed1bfc095abf2de16bf97b57,87.0,3,1786597954308,2026-08-13T12:12:34.308,1,1
3161,588aca26ed1bfc095abf2de16bf97b57,87.0,3,1786597955308,2026-08-13T12:12:35.308,1,1
3162,588aca26ed1bfc095abf2de16bf97b57,87.0,3,1786597956309,2026-08-13T12:12:36.309,1,1
3163,588aca26ed1bfc095abf2de16bf97b57,88.0,3,1786597957308,2026-08-13T12:12:37.308,1,1
3164,588aca26ed1bfc095abf2de16bf97b57,88.0,3,1786597958308,2026-08-13T12:12:38.308,1,1
3165,588aca26ed1bfc095abf2de16bf97b57,88.0,3,1786597959308,2026-08-13T12:12:39.308,1,1
3166,588aca26ed1bfc095abf2de16bf97b57,88.0,3,1786597960308,2026-08-13T12:12:40.308,1,1
3167,588aca26ed1bfc095abf2de16bf97b57,88.0,3,1786597961308,2026-08-13T12:12:41.308,1,1
3168,588aca26ed1bfc095abf2de16bf97b57,87.0,3,1786597962308,2026-08-13T12:12:42.308,1,1
3169,588aca26ed1bfc095abf2de16bf97b57,87.0,3,1786597963309,2026-08-13T12:12:43.309,1,1
3170,588aca26ed1bfc095abf2de16bf97b57,87.0,3,1786597964309,2026-08-13T12:12:44.309,1,1
3171,588aca26ed1bfc095abf2de16bf97b57,87.0,3,1786597965308,2026-08-13T12:12:45.308,1,1
3172,588aca26ed1bfc095abf2de16bf97b57,87.0,3,1786597966320,2026-08-13T12:12:46.320,1,1
3173,588aca26ed1bfc095abf2de16bf97b57,87.0,3,1786597967315,2026-08-13T12:12:47.315,1,1
3174,588aca26ed1bfc095abf2de16bf97b57,87.0,3,1786597968317,2026-08-13T12:12:48.317,1,1
3175,588aca26ed1bfc095abf2de16bf97b57,88.0,3,1786597969316,2026-08-13T12:12:49.316,1,1
3176,588aca26ed1bfc095abf2de16bf97b57,88.0,3,1786597970312,2026-08-13T12:12:50.312,1,1
3177,588aca26ed1bfc095abf2de16bf97b57,88.0,3,1786597971313,2026-08-13T12:12:51.313,1,1
3178,588aca26ed1bfc095abf2de16bf97b57,88.0,3,1786597972315,2026-08-13T12:12:52.315,1,1
3179,588aca26ed1bfc095abf2de16bf97b57,87.0,3,1786597973316,2026-08-13T12:12:53.316,1,1
3180,588aca26ed1bfc095abf2de16bf97b57,87.0,3,1786597974315,2026-08-13T12:12:54.315,1,1
3181,588aca26ed1bfc095abf2de16bf97b57,86.0,3,1786597975314,2026-08-13T12:12:55.314,1,1
3182,588aca26ed1bfc095abf2de16bf97b57,86.0,3,1786597976316,2026-08-13T12:12:56.316,1,1
3183,588aca26ed1bfc095abf2de16bf97b57,86.0,3,1786597977314,2026-08-13T12:12:57.314,1,1
3184,588aca26ed1bfc095abf2de16bf97b57,86.0,3,1786597978315,2026-08-13T12:12:58.315,1,1
3185,588aca26ed1bfc095abf2de16bf97b57,86.0,3,1786597979315,2026-08-13T12:12:59.315,1,1
3186,588aca26ed1bfc095abf2de16bf97b57,86.0,3,1786597980310,2026-08-13T12:13:00.310,1,1
3187,588aca26ed1bfc095abf2de16bf97b57,86.0,3,1786597981309,2026-08-13T12:13:01.309,1,1
3188,588aca26ed1bfc095abf2de16bf97b57,86.0,3,1786597982310,2026-08-13T12:13:02.310,1,1
3189,588aca26ed1bfc095abf2de16bf97b57,86.0,3,1786597983309,2026-08-13T12:13:03.309,1,1
3190,588aca26ed1bfc095abf2de16bf97b57,86.0,3,1786597984308,2026-08-13T12:13:04.308,1,1
3191,588aca26ed1bfc095abf2de16bf97b57,86.0,3,1786597985309,2026-08-13T12:13:05.309,1,1
3192,588aca26ed1bfc095abf2de16bf97b57,85.0,3,1786597986309,2026-08-13T12:13:06.309,1,1
3193,588aca26ed1bfc095abf2de16bf97b57,84.0,3,1786597987310,2026-08-13T12:13:07.310,1,1
3194,588aca26ed1bfc095abf2de16bf97b57,84.0,3,1786597988310,2026-08-13T12:13:08.310,1,1
3195,588aca26ed1bfc095abf2de16bf97b57,83.0,3,1786597989309,2026-08-13T12:13:09.309,1,1
3196,588aca26ed1bfc095abf2de16bf97b57,83.0,3,1786597990308,2026-08-13T12:13:10.308,1,1
3197,588aca26ed1bfc095abf2de16bf97b57,83.0,3,1786597991310,2026-08-13T12:13:11.310,1,1
3198,588aca26ed1bfc095abf2de16bf97b57,83.0,3,1786597992308,2026-08-13T12:13:12.308,1,1
3199,588aca26ed1bfc095abf2de16bf97b57,83.0,3,1786597993308,2026-08-13T12:13:13.308,1,1
3200,588aca26ed1bfc095abf2de16bf97b57,84.0,3,1786597994309,2026-08-13T12:13:14.309,1,1
3201,588aca26ed1bfc095abf2de16bf97b57,85.0,3,1786597995308,2026-08-13T12:13:15.308,1,1
3202,588aca26ed1bfc095abf2de16bf97b57,85.0,3,1786597996309,2026-08-13T12:13:16.309,1,1
3203,588aca26ed1bfc095abf2de16bf97b57,85.0,3,1786597997309,2026-08-13T12:13:17.309,1,1
3204,588aca26ed1bfc095abf2de16bf97b57,84.0,3,1786597998309,2026-08-13T12:13:18.309,1,1
3205,588aca26ed1bfc095abf2de16bf97b57,84.0,3,1786597999308,2026-08-13T12:13:19.308,1,1
3206,588aca26ed1bfc095abf2de16bf97b57,83.0,3,1786598000308,2026-08-13T12:13:20.308,1,1
3207,588aca26ed1bfc095abf2de16bf97b57,82.0,3,1786598001310,2026-08-13T12:13:21.310,1,1
3208,588aca26ed1bfc095abf2de16bf97b57,81.0,3,1786598002308,2026-08-13T12:13:22.308,1,1
3209,588aca26ed1bfc095abf2de16bf97b57,81.0,3,1786598003308,2026-08-13T12:13:23.308,1,1
3210,588aca26ed1bfc095abf2de16bf97b57,81.0,3,1786598004308,2026-08-13T12:13:24.308,1,1
3211,588aca26ed1bfc095abf2de16bf97b57,81.0,3,1786598005319,2026-08-13T12:13:25.319,1,1
3212,588aca26ed1bfc095abf2de16bf97b57,80.0,3,1786598006317,2026-08-13T12:13:26.317,1,1
3213,588aca26ed1bfc095abf2de16bf97b57,80.0,3,1786598007315,2026-08-13T12:13:27.315,1,1
3214,588aca26ed1bfc095abf2de16bf97b57,79.0,3,1786598008314,2026-08-13T12:13:28.314,1,1
3215,588aca26ed1bfc095abf2de16bf97b57,78.0,3,1786598009314,2026-08-13T12:13:29.314,1,1
3216,588aca26ed1bfc095abf2de16bf97b57,78.0,3,1786598010314,2026-08-13T12:13:30.314,1,1
3217,588aca26ed1bfc095abf2de16bf97b57,78.0,3,1786598011311,2026-08-13T12:13:31.311,1,1
3218,588aca26ed1bfc095abf2de16bf97b57,78.0,3,1786598012308,2026-08-13T12:13:32.308,1,1
3219,588aca26ed1bfc095abf2de16bf97b57,78.0,3,1786598013314,2026-08-13T12:13:33.314,1,1
3220,588aca26ed1bfc095abf2de16bf97b57,78.0,3,1786598014309,2026-08-13T12:13:34.309,1,1
3221,588aca26ed1bfc095abf2de16bf97b57,79.0,3,1786598015309,2026-08-13T12:13:35.309,1,1
3222,588aca26ed1bfc095abf2de16bf97b57,79.0,3,1786598016309,2026-08-13T12:13:36.309,1,1
3223,588aca26ed1bfc095abf2de16bf97b57,80.0,3,1786598017315,2026-08-13T12:13:37.315,1,1
3224,588aca26ed1bfc095abf2de16bf97b57,80.0,3,1786598018312,2026-08-13T12:13:38.312,1,1
3225,588aca26ed1bfc095abf2de16bf97b57,81.0,3,1786598019308,2026-08-13T12:13:39.308,1,1
3226,588aca26ed1bfc095abf2de16bf97b57,82.0,3,1786598020312,2026-08-13T12:13:40.312,1,1
3227,588aca26ed1bfc095abf2de16bf97b57,82.0,3,1786598021308,2026-08-13T12:13:41.308,1,1
3228,588aca26ed1bfc095abf2de16bf97b57,82.0,3,1786598022309,2026-08-13T12:13:42.309,1,1
3229,588aca26ed1bfc095abf2de16bf97b57,82.0,3,1786598023309,2026-08-13T12:13:43.309,1,1
3230,588aca26ed1bfc095abf2de16bf97b57,82.0,3,1786598024308,2026-08-13T12:13:44.308,1,1
3231,588aca26ed1bfc095abf2de16bf97b57,82.0,3,1786598025308,2026-08-13T12:13:45.308,1,1
3232,588aca26ed1bfc095abf2de16bf97b57,82.0,3,1786598026309,2026-08-13T12:13:46.309,1,1
3233,588aca26ed1bfc095abf2de16bf97b57,82.0,3,1786598027308,2026-08-13T12:13:47.308,1,1
3234,588aca26ed1bfc095abf2de16bf97b57,82.0,3,1786598028308,2026-08-13T12:13:48.308,1,1
3235,588aca26ed1bfc095abf2de16bf97b57,83.0,3,1786598029308,2026-08-13T12:13:49.308,1,1
3236,588aca26ed1bfc095abf2de16bf97b57,83.0,3,1786598030317,2026-08-13T12:13:50.317,1,1
3237,588aca26ed1bfc095abf2de16bf97b57,83.0,3,1786598031308,2026-08-13T12:13:51.308,1,1
3238,588aca26ed1bfc095abf2de16bf97b57,83.0,3,1786598032308,2026-08-13T12:13:52.308,1,1
3239,588aca26ed1bfc095abf2de16bf97b57,83.0,3,1786598033308,2026-08-13T12:13:53.308,1,1
3240,588aca26ed1bfc095abf2de16bf97b57,83.0,3,1786598034308,2026-08-13T12:13:54.308,1,1
3241,588aca26ed1bfc095abf2de16bf97b57,84.0,3,1786598035308,2026-08-13T12:13:55.308,1,1
3242,588aca26ed1bfc095abf2de16bf97b57,84.0,3,1786598036308,2026-08-13T12:13:56.308,1,1
3243,588aca26ed1bfc095abf2de16bf97b57,84.0,3,1786598037308,2026-08-13T12:13:57.308,1,1
3244,588aca26ed1bfc095abf2de16bf97b57,85.0,3,1786598038308,2026-08-13T12:13:58.308,1,1
3245,588aca26ed1bfc095abf2de16bf97b57,85.0,3,1786598039308,2026-08-13T12:13:59.308,1,1
3246,588aca26ed1bfc095abf2de16bf97b57,85.0,3,1786598040308,2026-08-13T12:14:00.308,1,1
3247,588aca26ed1bfc095abf2de16bf97b57,85.0,3,1786598041308,2026-08-13T12:14:01.308,1,1
3248,588aca26ed1bfc095abf2de16bf97b57,86.0,3,1786598042309,2026-08-13T12:14:02.309,1,1
3249,588aca26ed1bfc095abf2de16bf97b57,86.0,3,1786598043308,2026-08-13T12:14:03.308,1,1
3250,588aca26ed1bfc095abf2de16bf97b57,86.0,3,1786598044315,2026-08-13T12:14:04.315,1,1
3251,588aca26ed1bfc095abf2de16bf97b57,86.0,3,1786598045309,2026-08-13T12:14:05.309,1,1
3252,588aca26ed1bfc095abf2de16bf97b57,86.0,3,1786598046329,2026-08-13T12:14:06.329,1,1
3253,588aca26ed1bfc095abf2de16bf97b57,86.0,3,1786598047325,2026-08-13T12:14:07.325,1,1
3254,588aca26ed1bfc095abf2de16bf97b57,86.0,3,1786598048326,2026-08-13T12:14:08.326,1,1
3255,588aca26ed1bfc095abf2de16bf97b57,87.0,3,1786598049328,2026-08-13T12:14:09.328,1,1
3256,588aca26ed1bfc095abf2de16bf97b57,87.0,3,1786598050328,2026-08-13T12:14:10.328,1,1
3257,588aca26ed1bfc095abf2de16bf97b57,87.0,3,1786598051308,2026-08-13T12:14:11.308,1,0
3258,588aca26ed1bfc095abf2de16bf97b57,87.0,3,1786598052313,2026-08-13T12:14:12.313,1,1
3259,588aca26ed1bfc095abf2de16bf97b57,87.0,3,1786598053310,2026-08-13T12:14:13.310,1,1
3260,588aca26ed1bfc095abf2de16bf97b57,87.0,3,1786598054309,2026-08-13T12:14:14.309,1,1
3261,588aca26ed1bfc095abf2de16bf97b57,88.0,3,1786598055309,2026-08-13T12:14:15.309,1,1
3262,588aca26ed1bfc095abf2de16bf97b57,89.0,3,1786598056309,2026-08-13T12:14:16.309,1,1
3263,588aca26ed1bfc095abf2de16bf97b57,90.0,3,1786598057309,2026-08-13T12:14:17.309,1,1
3264,588aca26ed1bfc095abf2de16bf97b57,90.0,3,1786598058308,2026-08-13T12:14:18.308,1,1
3265,588aca26ed1bfc095abf2de16bf97b57,90.0,3,1786598059309,2026-08-13T12:14:19.309,1,1
3266,588aca26ed1bfc095abf2de16bf97b57,89.0,3,1786598060309,2026-08-13T12:14:20.309,1,1
3267,588aca26ed1bfc095abf2de16bf97b57,88.0,3,1786598061309,2026-08-13T12:14:21.309,1,1
3268,588aca26ed1bfc095abf2de16bf97b57,88.0,3,1786598062309,2026-08-13T12:14:22.309,1,1
3269,588aca26ed1bfc095abf2de16bf97b57,88.0,3,1786598063309,2026-08-13T12:14:23.309,1,1
3270,588aca26ed1bfc095abf2de16bf97b57,87.0,3,1786598064308,2026-08-13T12:14:24.308,1,1
3271,588aca26ed1bfc095abf2de16bf97b57,87.0,3,1786598065308,2026-08-13T12:14:25.308,1,1
3272,588aca26ed1bfc095abf2de16bf97b57,86.0,3,1786598066308,2026-08-13T12:14:26.308,1,1
3273,588aca26ed1bfc095abf2de16bf97b57,86.0,3,1786598067309,2026-08-13T12:14:27.309,1,1
3274,588aca26ed1bfc095abf2de16bf97b57,86.0,3,1786598068308,2026-08-13T12:14:28.308,1,1
3275,588aca26ed1bfc095abf2de16bf97b57,86.0,3,1786598069308,2026-08-13T12:14:29.308,1,1
3276,588aca26ed1bfc095abf2de16bf97b57,86.0,3,1786598070308,2026-08-13T12:14:30.308,1,1
3277,588aca26ed1bfc095abf2de16bf97b57,85.0,3,1786598071308,2026-08-13T12:14:31.308,1,1
3278,588aca26ed1bfc095abf2de16bf97b57,85.0,3,1786598072308,2026-08-13T12:14:32.308,1,1
3279,588aca26ed1bfc095abf2de16bf97b57,85.0,3,1786598073308,2026-08-13T12:14:33.308,1,1
3280,588aca26ed1bfc095abf2de16bf97b57,85.0,3,1786598074308,2026-08-13T12:14:34.308,1,1
3281,588aca26ed1bfc095abf2de16bf97b57,85.0,3,1786598075308,2026-08-13T12:14:35.308,1,1
3282,588aca26ed1bfc095abf2de16bf97b57,85.0,3,1786598076308,2026-08-13T12:14:36.308,1,1
3283,588aca26ed1bfc095abf2de16bf97b57,85.0,3,1786598077309,2026-08-13T12:14:37.309,1,1
3284,588aca26ed1bfc095abf2de16bf97b57,86.0,3,1786598078310,2026-08-13T12:14:38.310,1,1
3285,588aca26ed1bfc095abf2de16bf97b57,86.0,3,1786598079309,2026-08-13T12:14:39.309,1,1
3286,588aca26ed1bfc095abf2de16bf97b57,86.0,3,1786598080318,2026-08-13T12:14:40.318,1,1
3287,588aca26ed1bfc095abf2de16bf97b57,86.0,3,1786598081318,2026-08-13T12:14:41.318,1,1
3288,588aca26ed1bfc095abf2de16bf97b57,85.0,3,1786598082314,2026-08-13T12:14:42.314,1,1
3289,588aca26ed1bfc095abf2de16bf97b57,85.0,3,1786598083311,2026-08-13T12:14:43.311,1,1
3290,588aca26ed1bfc095abf2de16bf97b57,85.0,3,1786598084314,2026-08-13T12:14:44.314,1,1
3291,588aca26ed1bfc095abf2de16bf97b57,85.0,3,1786598085313,2026-08-13T12:14:45.313,1,1
3292,588aca26ed1bfc095abf2de16bf97b57,85.0,3,1786598086312,2026-08-13T12:14:46.312,1,1
3293,588aca26ed1bfc095abf2de16bf97b57,85.0,3,1786598087309,2026-08-13T12:14:47.309,1,1
3294,588aca26ed1bfc095abf2de16bf97b57,85.0,3,1786598088308,2026-08-13T12:14:48.308,1,1
3295,588aca26ed1bfc095abf2de16bf97b57,86.0,3,1786598089309,2026-08-13T12:14:49.309,1,1
3296,588aca26ed1bfc095abf2de16bf97b57,86.0,3,1786598090308,2026-08-13T12:14:50.308,1,1
3297,588aca26ed1bfc095abf2de16bf97b57,86.0,3,1786598091308,2026-08-13T12:14:51.308,1,1
3298,588aca26ed1bfc095abf2de16bf97b57,86.0,3,1786598092309,2026-08-13T12:14:52.309,1,1
3299,588aca26ed1bfc095abf2de16bf97b57,85.0,3,1786598093313,2026-08-13T12:14:53.313,1,1
3300,588aca26ed1bfc095abf2de16bf97b57,85.0,3,1786598094313,2026-08-13T12:14:54.313,1,1
3301,588aca26ed1bfc095abf2de16bf97b57,85.0,3,1786598095310,2026-08-13T12:14:55.310,1,1
3302,588aca26ed1bfc095abf2de16bf97b57,86.0,3,1786598096309,2026-08-13T12:14:56.309,1,1
3303,588aca26ed1bfc095abf2de16bf97b57,86.0,3,1786598097308,2026-08-13T12:14:57.308,1,1
3304,588aca26ed1bfc095abf2de16bf97b57,86.0,3,1786598098308,2026-08-13T12:14:58.308,1,1
3305,588aca26ed1bfc095abf2de16bf97b57,86.0,3,1786598099309,2026-08-13T12:14:59.309,1,1
3306,588aca26ed1bfc095abf2de16bf97b57,86.0,3,1786598100311,2026-08-13T12:15:00.311,1,1
3307,588aca26ed1bfc095abf2de16bf97b57,86.0,3,1786598101308,2026-08-13T12:15:01.308,1,1
3308,588aca26ed1bfc095abf2de16bf97b57,87.0,3,1786598102308,2026-08-13T12:15:02.308,1,1
3309,588aca26ed1bfc095abf2de16bf97b57,87.0,3,1786598103309,2026-08-13T12:15:03.309,1,1
3310,588aca26ed1bfc095abf2de16bf97b57,87.0,3,1786598104309,2026-08-13T12:15:04.309,1,1
3311,588aca26ed1bfc095abf2de16bf97b57,87.0,3,1786598105309,2026-08-13T12:15:05.309,1,1
3312,588aca26ed1bfc095abf2de16bf97b57,87.0,3,1786598106308,2026-08-13T12:15:06.308,1,1
3313,588aca26ed1bfc095abf2de16bf97b57,87.0,3,1786598107309,2026-08-13T12:15:07.309,1,1
3314,588aca26ed1bfc095abf2de16bf97b57,87.0,3,1786598108309,2026-08-13T12:15:08.309,1,1
3315,588aca26ed1bfc095abf2de16bf97b57,87.0,3,1786598109308,2026-08-13T12:15:09.308,1,1
3316,588aca26ed1bfc095abf2de16bf97b57,87.0,3,1786598110309,2026-08-13T12:15:10.309,1,1
3317,588aca26ed1bfc095abf2de16bf97b57,87.0,3,1786598111321,2026-08-13T12:15:11.321,1,1
3318,588aca26ed1bfc095abf2de16bf97b57,87.0,3,1786598112309,2026-08-13T12:15:12.309,1,1
3319,588aca26ed1bfc095abf2de16bf97b57,87.0,3,1786598113315,2026-08-13T12:15:13.315,1,1
3320,588aca26ed1bfc095abf2de16bf97b57,86.0,3,1786598114315,2026-08-13T12:15:14.315,1,1
3321,588aca26ed1bfc095abf2de16bf97b57,86.0,3,1786598115314,2026-08-13T12:15:15.314,1,1
3322,588aca26ed1bfc095abf2de16bf97b57,85.0,3,1786598116314,2026-08-13T12:15:16.314,1,1
3323,588aca26ed1bfc095abf2de16bf97b57,85.0,3,1786598117313,2026-08-13T12:15:17.313,1,1
3324,588aca26ed1bfc095abf2de16bf97b57,85.0,3,1786598118308,2026-08-13T12:15:18.308,1,1
3325,588aca26ed1bfc095abf2de16bf97b57,84.0,3,1786598119311,2026-08-13T12:15:19.311,1,1
3326,588aca26ed1bfc095abf2de16bf97b57,84.0,3,1786598120311,2026-08-13T12:15:20.311,1,1
3327,588aca26ed1bfc095abf2de16bf97b57,83.0,3,1786598121310,2026-08-13T12:15:21.310,1,1
3328,588aca26ed1bfc095abf2de16bf97b57,83.0,3,1786598122308,2026-08-13T12:15:22.308,1,1
3329,588aca26ed1bfc095abf2de16bf97b57,82.0,3,1786598123316,2026-08-13T12:15:23.316,1,1
3330,588aca26ed1bfc095abf2de16bf97b57,82.0,3,1786598124308,2026-08-13T12:15:24.308,1,1
3331,588aca26ed1bfc095abf2de16bf97b57,82.0,3,1786598125309,2026-08-13T12:15:25.309,1,1
3332,588aca26ed1bfc095abf2de16bf97b57,81.0,3,1786598126308,2026-08-13T12:15:26.308,1,1
3333,588aca26ed1bfc095abf2de16bf97b57,81.0,3,1786598127311,2026-08-13T12:15:27.311,1,1
3334,588aca26ed1bfc095abf2de16bf97b57,82.0,3,1786598128310,2026-08-13T12:15:28.310,1,1
3335,588aca26ed1bfc095abf2de16bf97b57,82.0,3,1786598129308,2026-08-13T12:15:29.308,1,1
3336,588aca26ed1bfc095abf2de16bf97b57,82.0,3,1786598130309,2026-08-13T12:15:30.309,1,1
3337,588aca26ed1bfc095abf2de16bf97b57,82.0,3,1786598131309,2026-08-13T12:15:31.309,1,1
3338,588aca26ed1bfc095abf2de16bf97b57,82.0,3,1786598132309,2026-08-13T12:15:32.309,1,1
3339,588aca26ed1bfc095abf2de16bf97b57,82.0,3,1786598133308,2026-08-13T12:15:33.308,1,1
3340,588aca26ed1bfc095abf2de16bf97b57,82.0,3,1786598134309,2026-08-13T12:15:34.309,1,1
3341,588aca26ed1bfc095abf2de16bf97b57,82.0,3,1786598135308,2026-08-13T12:15:35.308,1,1
3342,588aca26ed1bfc095abf2de16bf97b57,82.0,3,1786598136309,2026-08-13T12:15:36.309,1,1
3343,588aca26ed1bfc095abf2de16bf97b57,82.0,3,1786598137309,2026-08-13T12:15:37.309,1,1
3344,588aca26ed1bfc095abf2de16bf97b57,82.0,3,1786598138308,2026-08-13T12:15:38.308,1,1
3345,588aca26ed1bfc095abf2de16bf97b57,83.0,3,1786598139309,2026-08-13T12:15:39.309,1,1
3346,588aca26ed1bfc095abf2de16bf97b57,83.0,3,1786598140308,2026-08-13T12:15:40.308,1,1
3347,588aca26ed1bfc095abf2de16bf97b57,83.0,3,1786598141308,2026-08-13T12:15:41.308,1,1
3348,588aca26ed1bfc095abf2de16bf97b57,83.0,3,1786598142309,2026-08-13T12:15:42.309,1,1
3349,588aca26ed1bfc095abf2de16bf97b57,83.0,3,1786598143308,2026-08-13T12:15:43.308,1,1
3350,588aca26ed1bfc095abf2de16bf97b57,83.0,3,1786598144309,2026-08-13T12:15:44.309,1,1
3351,588aca26ed1bfc095abf2de16bf97b57,83.0,3,1786598145308,2026-08-13T12:15:45.308,1,1
3352,588aca26ed1bfc095abf2de16bf97b57,83.0,3,1786598146309,2026-08-13T12:15:46.309,1,1
3353,588aca26ed1bfc095abf2de16bf97b57,83.0,3,1786598147311,2026-08-13T12:15:47.311,1,1
3354,588aca26ed1bfc095abf2de16bf97b57,84.0,3,1786598148316,2026-08-13T12:15:48.316,1,1
3355,588aca26ed1bfc095abf2de16bf97b57,84.0,3,1786598149315,2026-08-13T12:15:49.315,1,1
3356,588aca26ed1bfc095abf2de16bf97b57,84.0,3,1786598150313,2026-08-13T12:15:50.313,1,1
3357,588aca26ed1bfc095abf2de16bf97b57,84.0,3,1786598151309,2026-08-13T12:15:51.309,1,1
3358,588aca26ed1bfc095abf2de16bf97b57,84.0,3,1786598152308,2026-08-13T12:15:52.308,1,1
3359,588aca26ed1bfc095abf2de16bf97b57,84.0,3,1786598153309,2026-08-13T12:15:53.309,1,1
3360,588aca26ed1bfc095abf2de16bf97b57,84.0,3,1786598154310,2026-08-13T12:15:54.310,1,1
3361,588aca26ed1bfc095abf2de16bf97b57,85.0,3,1786598155310,2026-08-13T12:15:55.310,1,1
3362,588aca26ed1bfc095abf2de16bf97b57,86.0,3,1786598156311,2026-08-13T12:15:56.311,1,1
3363,588aca26ed1bfc095abf2de16bf97b57,87.0,3,1786598157308,2026-08-13T12:15:57.308,1,1
3364,588aca26ed1bfc095abf2de16bf97b57,88.0,3,1786598158311,2026-08-13T12:15:58.311,1,1
3365,588aca26ed1bfc095abf2de16bf97b57,89.0,3,1786598159310,2026-08-13T12:15:59.310,1,1
3366,588aca26ed1bfc095abf2de16bf97b57,90.0,3,1786598160309,2026-08-13T12:16:00.309,1,1
3367,588aca26ed1bfc095abf2de16bf97b57,91.0,3,1786598161311,2026-08-13T12:16:01.311,1,1
3368,588aca26ed1bfc095abf2de16bf97b57,92.0,3,1786598162308,2026-08-13T12:16:02.308,1,1
3369,588aca26ed1bfc095abf2de16bf97b57,93.0,3,1786598163310,2026-08-13T12:16:03.310,1,1
3370,588aca26ed1bfc095abf2de16bf97b57,90.0,3,1786598164311,2026-08-13T12:16:04.311,1,1
3371,588aca26ed1bfc095abf2de16bf97b57,92.0,3,1786598165311,2026-08-13T12:16:05.311,1,1
3372,588aca26ed1bfc095abf2de16bf97b57,95.0,3,1786598166308,2026-08-13T12:16:06.308,1,1
3373,588aca26ed1bfc095abf2de16bf97b57,96.0,3,1786598167310,2026-08-13T12:16:07.310,1,1
3374,588aca26ed1bfc095abf2de16bf97b57,98.0,3,1786598168308,2026-08-13T12:16:08.308,1,1
3375,588aca26ed1bfc095abf2de16bf97b57,98.0,3,1786598169308,2026-08-13T12:16:09.308,1,1
3376,588aca26ed1bfc095abf2de16bf97b57,100.0,3,1786598170308,2026-08-13T12:16:10.308,1,1
3377,588aca26ed1bfc095abf2de16bf97b57,100.0,3,1786598171308,2026-08-13T12:16:11.308,1,1
3378,588aca26ed1bfc095abf2de16bf97b57,100.0,3,1786598172308,2026-08-13T12:16:12.308,1,1
3379,588aca26ed1bfc095abf2de16bf97b57,100.0,3,1786598173308,2026-08-13T12:16:13.308,1,1
3380,588aca26ed1bfc095abf2de16bf97b57,100.0,3,1786598174308,2026-08-13T12:16:14.308,1,1
3381,588aca26ed1bfc095abf2de16bf97b57,99.0,3,1786598175309,2026-08-13T12:16:15.309,1,1
3382,588aca26ed1bfc095abf2de16bf97b57,100.0,3,1786598176308,2026-08-13T12:16:16.308,1,1
3383,588aca26ed1bfc095abf2de16bf97b57,99.0,3,1786598177308,2026-08-13T12:16:17.308,1,1
3384,588aca26ed1bfc095abf2de16bf97b57,99.0,3,1786598178308,2026-08-13T12:16:18.308,1,1
3385,588aca26ed1bfc095abf2de16bf97b57,98.0,3,1786598179318,2026-08-13T12:16:19.318,1,1
3386,588aca26ed1bfc095abf2de16bf97b57,98.0,3,1786598180312,2026-08-13T12:16:20.312,1,1
3387,588aca26ed1bfc095abf2de16bf97b57,98.0,3,1786598181310,2026-08-13T12:16:21.310,1,1
3388,588aca26ed1bfc095abf2de16bf97b57,97.0,3,1786598182308,2026-08-13T12:16:22.308,1,1
3389,588aca26ed1bfc095abf2de16bf97b57,97.0,3,1786598183308,2026-08-13T12:16:23.308,1,1
3390,588aca26ed1bfc095abf2de16bf97b57,96.0,3,1786598184308,2026-08-13T12:16:24.308,1,1
3391,588aca26ed1bfc095abf2de16bf97b57,96.0,3,1786598185308,2026-08-13T12:16:25.308,1,1
3392,588aca26ed1bfc095abf2de16bf97b57,97.0,3,1786598186308,2026-08-13T12:16:26.308,1,1
3393,588aca26ed1bfc095abf2de16bf97b57,97.0,3,1786598187308,2026-08-13T12:16:27.308,1,1
3394,588aca26ed1bfc095abf2de16bf97b57,97.0,3,1786598188308,2026-08-13T12:16:28.308,1,1
3395,588aca26ed1bfc095abf2de16bf97b57,97.0,3,1786598189308,2026-08-13T12:16:29.308,1,1
3396,588aca26ed1bfc095abf2de16bf97b57,97.0,3,1786598190308,2026-08-13T12:16:30.308,1,1
3397,588aca26ed1bfc095abf2de16bf97b57,98.0,3,1786598191308,2026-08-13T12:16:31.308,1,1
3398,588aca26ed1bfc095abf2de16bf97b57,98.0,3,1786598192308,2026-08-13T12:16:32.308,1,1
3399,588aca26ed1bfc095abf2de16bf97b57,98.0,3,1786598193310,2026-08-13T12:16:33.310,1,1
3400,588aca26ed1bfc095abf2de16bf97b57,97.0,3,1786598194309,2026-08-13T12:16:34.309,1,1
3401,588aca26ed1bfc095abf2de16bf97b57,96.0,3,1786598195309,2026-08-13T12:16:35.309,1,1
3402,588aca26ed1bfc095abf2de16bf97b57,95.0,3,1786598196310,2026-08-13T12:16:36.310,1,1
3403,588aca26ed1bfc095abf2de16bf97b57,94.0,3,1786598197309,2026-08-13T12:16:37.309,1,1
3404,588aca26ed1bfc095abf2de16bf97b57,93.0,3,1786598198310,2026-08-13T12:16:38.310,1,1
3405,588aca26ed1bfc095abf2de16bf97b57,93.0,3,1786598199308,2026-08-13T12:16:39.308,1,1
3406,588aca26ed1bfc095abf2de16bf97b57,92.0,3,1786598200308,2026-08-13T12:16:40.308,1,1
3407,588aca26ed1bfc095abf2de16bf97b57,92.0,3,1786598201314,2026-08-13T12:16:41.314,1,1
3408,588aca26ed1bfc095abf2de16bf97b57,92.0,3,1786598202308,2026-08-13T12:16:42.308,1,1
3409,588aca26ed1bfc095abf2de16bf97b57,93.0,3,1786598203308,2026-08-13T12:16:43.308,1,1
3410,588aca26ed1bfc095abf2de16bf97b57,92.0,3,1786598204308,2026-08-13T12:16:44.308,1,1
3411,588aca26ed1bfc095abf2de16bf97b57,92.0,3,1786598205308,2026-08-13T12:16:45.308,1,1
3412,588aca26ed1bfc095abf2de16bf97b57,92.0,3,1786598206308,2026-08-13T12:16:46.308,1,1
3413,588aca26ed1bfc095abf2de16bf97b57,92.0,3,1786598207309,2026-08-13T12:16:47.309,1,1
3414,588aca26ed1bfc095abf2de16bf97b57,92.0,3,1786598208309,2026-08-13T12:16:48.309,1,1
3415,588aca26ed1bfc095abf2de16bf97b57,93.0,3,1786598209309,2026-08-13T12:16:49.309,1,1
3416,588aca26ed1bfc095abf2de16bf97b57,93.0,3,1786598210309,2026-08-13T12:16:50.309,1,1
3417,588aca26ed1bfc095abf2de16bf97b57,93.0,3,1786598211309,2026-08-13T12:16:51.309,1,1
3418,588aca26ed1bfc095abf2de16bf97b57,94.0,3,1786598212309,2026-08-13T12:16:52.309,1,1
3419,588aca26ed1bfc095abf2de16bf97b57,94.0,3,1786598213318,2026-08-13T12:16:53.318,1,1
3420,588aca26ed1bfc095abf2de16bf97b57,94.0,3,1786598214317,2026-08-13T12:16:54.317,1,1
3421,588aca26ed1bfc095abf2de16bf97b57,93.0,3,1786598215312,2026-08-13T12:16:55.312,1,1
3422,588aca26ed1bfc095abf2de16bf97b57,93.0,3,1786598216317,2026-08-13T12:16:56.317,1,1
3423,588aca26ed1bfc095abf2de16bf97b57,92.0,3,1786598217314,2026-08-13T12:16:57.314,1,1
3424,588aca26ed1bfc095abf2de16bf97b57,92.0,3,1786598218313,2026-08-13T12:16:58.313,1,1
3425,588aca26ed1bfc095abf2de16bf97b57,91.0,3,1786598219308,2026-08-13T12:16:59.308,1,1
3426,588aca26ed1bfc095abf2de16bf97b57,91.0,3,1786598220309,2026-08-13T12:17:00.309,1,1
3427,588aca26ed1bfc095abf2de16bf97b57,91.0,3,1786598221309,2026-08-13T12:17:01.309,1,1
3428,588aca26ed1bfc095abf2de16bf97b57,91.0,3,1786598222308,2026-08-13T12:17:02.308,1,1
3429,588aca26ed1bfc095abf2de16bf97b57,91.0,3,1786598223309,2026-08-13T12:17:03.309,1,1
3430,588aca26ed1bfc095abf2de16bf97b57,91.0,3,1786598224308,2026-08-13T12:17:04.308,1,1
3431,588aca26ed1bfc095abf2de16bf97b57,91.0,3,1786598225309,2026-08-13T12:17:05.309,1,1
3432,588aca26ed1bfc095abf2de16bf97b57,91.0,3,1786598226309,2026-08-13T12:17:06.309,1,1
3433,588aca26ed1bfc095abf2de16bf97b57,91.0,3,1786598227308,2026-08-13T12:17:07.308,1,1
3434,588aca26ed1bfc095abf2de16bf97b57,91.0,3,1786598228309,2026-08-13T12:17:08.309,1,1
3435,588aca26ed1bfc095abf2de16bf97b57,91.0,3,1786598229309,2026-08-13T12:17:09.309,1,1
3436,588aca26ed1bfc095abf2de16bf97b57,91.0,3,1786598230309,2026-08-13T12:17:10.309,1,1
3437,588aca26ed1bfc095abf2de16bf97b57,91.0,3,1786598231308,2026-08-13T12:17:11.308,1,1
3438,588aca26ed1bfc095abf2de16bf97b57,92.0,3,1786598232308,2026-08-13T12:17:12.308,1,1
3439,588aca26ed1bfc095abf2de16bf97b57,92.0,3,1786598233309,2026-08-13T12:17:13.309,1,1
3440,588aca26ed1bfc095abf2de16bf97b57,93.0,3,1786598234308,2026-08-13T12:17:14.308,1,1
3441,588aca26ed1bfc095abf2de16bf97b57,94.0,3,1786598235308,2026-08-13T12:17:15.308,1,1
3442,588aca26ed1bfc095abf2de16bf97b57,94.0,3,1786598236311,2026-08-13T12:17:16.311,1,1
3443,588aca26ed1bfc095abf2de16bf97b57,95.0,3,1786598237317,2026-08-13T12:17:17.317,1,1
3444,588aca26ed1bfc095abf2de16bf97b57,95.0,3,1786598238313,2026-08-13T12:17:18.313,1,1
3445,588aca26ed1bfc095abf2de16bf97b57,94.0,3,1786598239311,2026-08-13T12:17:19.311,1,1
3446,588aca26ed1bfc095abf2de16bf97b57,94.0,3,1786598240309,2026-08-13T12:17:20.309,1,1
3447,588aca26ed1bfc095abf2de16bf97b57,93.0,3,1786598241309,2026-08-13T12:17:21.309,1,1
3448,588aca26ed1bfc095abf2de16bf97b57,93.0,3,1786598242308,2026-08-13T12:17:22.308,1,1
3449,588aca26ed1bfc095abf2de16bf97b57,92.0,3,1786598243309,2026-08-13T12:17:23.309,1,1
3450,588aca26ed1bfc095abf2de16bf97b57,92.0,3,1786598244308,2026-08-13T12:17:24.308,1,1
3451,588aca26ed1bfc095abf2de16bf97b57,91.0,3,1786598245311,2026-08-13T12:17:25.311,1,1
3452,588aca26ed1bfc095abf2de16bf97b57,90.0,3,1786598246310,2026-08-13T12:17:26.310,1,1
3453,588aca26ed1bfc095abf2de16bf97b57,90.0,3,1786598247310,2026-08-13T12:17:27.310,1,1
3454,588aca26ed1bfc095abf2de16bf97b57,89.0,3,1786598248308,2026-08-13T12:17:28.308,1,1
3455,588aca26ed1bfc095abf2de16bf97b57,89.0,3,1786598249316,2026-08-13T12:17:29.316,1,1
3456,588aca26ed1bfc095abf2de16bf97b57,89.0,3,1786598250309,2026-08-13T12:17:30.309,1,1
3457,588aca26ed1bfc095abf2de16bf97b57,89.0,3,1786598251309,2026-08-13T12:17:31.309,1,1
3458,588aca26ed1bfc095abf2de16bf97b57,89.0,3,1786598252308,2026-08-13T12:17:32.308,1,1
3459,588aca26ed1bfc095abf2de16bf97b57,90.0,3,1786598253308,2026-08-13T12:17:33.308,1,1
3460,588aca26ed1bfc095abf2de16bf97b57,90.0,3,1786598254309,2026-08-13T12:17:34.309,1,1
3461,588aca26ed1bfc095abf2de16bf97b57,91.0,3,1786598255308,2026-08-13T12:17:35.308,1,1
3462,588aca26ed1bfc095abf2de16bf97b57,91.0,3,1786598256308,2026-08-13T12:17:36.308,1,1
3463,588aca26ed1bfc095abf2de16bf97b57,91.0,3,1786598257310,2026-08-13T12:17:37.310,1,1
3464,588aca26ed1bfc095abf2de16bf97b57,90.0,3,1786598258326,2026-08-13T12:17:38.326,1,1
3465,588aca26ed1bfc095abf2de16bf97b57,90.0,3,1786598259316,2026-08-13T12:17:39.316,1,1
3466,588aca26ed1bfc095abf2de16bf97b57,90.0,3,1786598260316,2026-08-13T12:17:40.316,1,1
3467,588aca26ed1bfc095abf2de16bf97b57,90.0,3,1786598261313,2026-08-13T12:17:41.313,1,1
3468,588aca26ed1bfc095abf2de16bf97b57,91.0,3,1786598262311,2026-08-13T12:17:42.311,1,1
3469,588aca26ed1bfc095abf2de16bf97b57,91.0,3,1786598263311,2026-08-13T12:17:43.311,1,1
3470,588aca26ed1bfc095abf2de16bf97b57,91.0,3,1786598264308,2026-08-13T12:17:44.308,1,1
3471,588aca26ed1bfc095abf2de16bf97b57,91.0,3,1786598265308,2026-08-13T12:17:45.308,1,1
3472,588aca26ed1bfc095abf2de16bf97b57,90.0,3,1786598266308,2026-08-13T12:17:46.308,1,1
3473,588aca26ed1bfc095abf2de16bf97b57,90.0,3,1786598267308,2026-08-13T12:17:47.308,1,1
3474,588aca26ed1bfc095abf2de16bf97b57,89.0,3,1786598268308,2026-08-13T12:17:48.308,1,1
3475,588aca26ed1bfc095abf2de16bf97b57,90.0,3,1786598269308,2026-08-13T12:17:49.308,1,1
3476,588aca26ed1bfc095abf2de16bf97b57,89.0,3,1786598270311,2026-08-13T12:17:50.311,1,1
3477,588aca26ed1bfc095abf2de16bf97b57,89.0,3,1786598271310,2026-08-13T12:17:51.310,1,1
3478,588aca26ed1bfc095abf2de16bf97b57,90.0,3,1786598272309,2026-08-13T12:17:52.309,1,1
3479,588aca26ed1bfc095abf2de16bf97b57,91.0,3,1786598273308,2026-08-13T12:17:53.308,1,1
3480,588aca26ed1bfc095abf2de16bf97b57,92.0,3,1786598274308,2026-08-13T12:17:54.308,1,1
3481,588aca26ed1bfc095abf2de16bf97b57,93.0,3,1786598275309,2026-08-13T12:17:55.309,1,1
3482,588aca26ed1bfc095abf2de16bf97b57,93.0,3,1786598276308,2026-08-13T12:17:56.308,1,1
3483,588aca26ed1bfc095abf2de16bf97b57,94.0,3,1786598277309,2026-08-13T12:17:57.309,1,1
3484,588aca26ed1bfc095abf2de16bf97b57,94.0,3,1786598278308,2026-08-13T12:17:58.308,1,1
3485,588aca26ed1bfc095abf2de16bf97b57,94.0,3,1786598279308,2026-08-13T12:17:59.308,1,1
3486,588aca26ed1bfc095abf2de16bf97b57,94.0,3,1786598280308,2026-08-13T12:18:00.308,1,1
3487,588aca26ed1bfc095abf2de16bf97b57,95.0,3,1786598281308,2026-08-13T12:18:01.308,1,1
3488,588aca26ed1bfc095abf2de16bf97b57,96.0,3,1786598282310,2026-08-13T12:18:02.310,1,1
3489,588aca26ed1bfc095abf2de16bf97b57,96.0,3,1786598283317,2026-08-13T12:18:03.317,1,1
3490,588aca26ed1bfc095abf2de16bf97b57,96.0,3,1786598284312,2026-08-13T12:18:04.312,1,1
3491,588aca26ed1bfc095abf2de16bf97b57,96.0,3,1786598285310,2026-08-13T12:18:05.310,1,1
3492,588aca26ed1bfc095abf2de16bf97b57,95.0,3,1786598286311,2026-08-13T12:18:06.311,1,1
3493,588aca26ed1bfc095abf2de16bf97b57,96.0,3,1786598287314,2026-08-13T12:18:07.314,1,1
3494,588aca26ed1bfc095abf2de16bf97b57,96.0,3,1786598288312,2026-08-13T12:18:08.312,1,1
3495,588aca26ed1bfc095abf2de16bf97b57,96.0,3,1786598289309,2026-08-13T12:18:09.309,1,1
3496,588aca26ed1bfc095abf2de16bf97b57,95.0,3,1786598290311,2026-08-13T12:18:10.311,1,1
3497,588aca26ed1bfc095abf2de16bf97b57,95.0,3,1786598291308,2026-08-13T12:18:11.308,1,1
3498,588aca26ed1bfc095abf2de16bf97b57,95.0,3,1786598292308,2026-08-13T12:18:12.308,1,1
3499,588aca26ed1bfc095abf2de16bf97b57,95.0,3,1786598293309,2026-08-13T12:18:13.309,1,1
3500,588aca26ed1bfc095abf2de16bf97b57,95.0,3,1786598294308,2026-08-13T12:18:14.308,1,1
3501,588aca26ed1bfc095abf2de16bf97b57,95.0,3,1786598295308,2026-08-13T12:18:15.308,1,1
3502,588aca26ed1bfc095abf2de16bf97b57,95.0,3,1786598296309,2026-08-13T12:18:16.309,1,1
3503,588aca26ed1bfc095abf2de16bf97b57,95.0,3,1786598297311,2026-08-13T12:18:17.311,1,1
3504,588aca26ed1bfc095abf2de16bf97b57,94.0,3,1786598298310,2026-08-13T12:18:18.310,1,1
3505,588aca26ed1bfc095abf2de16bf97b57,94.0,3,1786598299314,2026-08-13T12:18:19.314,1,1
3506,588aca26ed1bfc095abf2de16bf97b57,95.0,3,1786598300316,2026-08-13T12:18:20.316,1,1
3507,588aca26ed1bfc095abf2de16bf97b57,95.0,3,1786598301309,2026-08-13T12:18:21.309,1,1
3508,588aca26ed1bfc095abf2de16bf97b57,94.0,3,1786598302309,2026-08-13T12:18:22.309,1,1
3509,588aca26ed1bfc095abf2de16bf97b57,94.0,3,1786598303309,2026-08-13T12:18:23.309,1,1
3510,588aca26ed1bfc095abf2de16bf97b57,94.0,3,1786598304309,2026-08-13T12:18:24.309,1,1
3511,588aca26ed1bfc095abf2de16bf97b57,93.0,3,1786598305309,2026-08-13T12:18:25.309,1,1
3512,588aca26ed1bfc095abf2de16bf97b57,93.0,3,1786598306309,2026-08-13T12:18:26.309,1,1
3513,588aca26ed1bfc095abf2de16bf97b57,93.0,3,1786598307308,2026-08-13T12:18:27.308,1,1
3514,588aca26ed1bfc095abf2de16bf97b57,93.0,3,1786598308310,2026-08-13T12:18:28.310,1,1
3515,588aca26ed1bfc095abf2de16bf97b57,93.0,3,1786598309312,2026-08-13T12:18:29.312,1,1
3516,588aca26ed1bfc095abf2de16bf97b57,93.0,3,1786598310316,2026-08-13T12:18:30.316,1,1
3517,588aca26ed1bfc095abf2de16bf97b57,94.0,3,1786598311313,2026-08-13T12:18:31.313,1,1
3518,588aca26ed1bfc095abf2de16bf97b57,94.0,3,1786598312314,2026-08-13T12:18:32.314,1,1
3519,588aca26ed1bfc095abf2de16bf97b57,95.0,3,1786598313312,2026-08-13T12:18:33.312,1,1
3520,588aca26ed1bfc095abf2de16bf97b57,95.0,3,1786598314312,2026-08-13T12:18:34.312,1,1
3521,588aca26ed1bfc095abf2de16bf97b57,96.0,3,1786598315312,2026-08-13T12:18:35.312,1,1
3522,588aca26ed1bfc095abf2de16bf97b57,97.0,3,1786598316309,2026-08-13T12:18:36.309,1,1
3523,588aca26ed1bfc095abf2de16bf97b57,97.0,3,1786598317311,2026-08-13T12:18:37.311,1,1
3524,588aca26ed1bfc095abf2de16bf97b57,97.0,3,1786598318309,2026-08-13T12:18:38.309,1,1
3525,588aca26ed1bfc095abf2de16bf97b57,97.0,3,1786598319310,2026-08-13T12:18:39.310,1,1
3526,588aca26ed1bfc095abf2de16bf97b57,96.0,3,1786598320309,2026-08-13T12:18:40.309,1,1
3527,588aca26ed1bfc095abf2de16bf97b57,96.0,3,1786598321308,2026-08-13T12:18:41.308,1,1
3528,588aca26ed1bfc095abf2de16bf97b57,96.0,3,1786598322308,2026-08-13T12:18:42.308,1,1
3529,588aca26ed1bfc095abf2de16bf97b57,96.0,3,1786598323309,2026-08-13T12:18:43.309,1,1
3530,588aca26ed1bfc095abf2de16bf97b57,96.0,3,1786598324309,2026-08-13T12:18:44.309,1,1
3531,588aca26ed1bfc095abf2de16bf97b57,96.0,3,1786598325308,2026-08-13T12:18:45.308,1,1
3532,588aca26ed1bfc095abf2de16bf97b57,95.0,3,1786598326308,2026-08-13T12:18:46.308,1,1
3533,588aca26ed1bfc095abf2de16bf97b57,95.0,3,1786598327308,2026-08-13T12:18:47.308,1,1
3534,588aca26ed1bfc095abf2de16bf97b57,95.0,3,1786598328308,2026-08-13T12:18:48.308,1,1
3535,588aca26ed1bfc095abf2de16bf97b57,94.0,3,1786598329309,2026-08-13T12:18:49.309,1,1
3536,588aca26ed1bfc095abf2de16bf97b57,94.0,3,1786598330313,2026-08-13T12:18:50.313,1,1
3537,588aca26ed1bfc095abf2de16bf97b57,94.0,3,1786598331308,2026-08-13T12:18:51.308,1,1
3538,588aca26ed1bfc095abf2de16bf97b57,94.0,3,1786598332308,2026-08-13T12:18:52.308,1,1
3539,588aca26ed1bfc095abf2de16bf97b57,94.0,3,1786598333309,2026-08-13T12:18:53.309,1,1
3540,588aca26ed1bfc095abf2de16bf97b57,94.0,3,1786598334309,2026-08-13T12:18:54.309,1,1
3541,588aca26ed1bfc095abf2de16bf97b57,94.0,3,1786598335308,2026-08-13T12:18:55.308,1,1
3542,588aca26ed1bfc095abf2de16bf97b57,94.0,3,1786598336309,2026-08-13T12:18:56.309,1,1
3543,588aca26ed1bfc095abf2de16bf97b57,94.0,3,1786598337308,2026-08-13T12:18:57.308,1,1
3544,588aca26ed1bfc095abf2de16bf97b57,94.0,3,1786598338309,2026-08-13T12:18:58.309,1,1
3545,588aca26ed1bfc095abf2de16bf97b57,95.0,3,1786598339318,2026-08-13T12:18:59.318,1,1
3546,588aca26ed1bfc095abf2de16bf97b57,95.0,3,1786598340314,2026-08-13T12:19:00.314,1,1
3547,588aca26ed1bfc095abf2de16bf97b57,95.0,3,1786598341312,2026-08-13T12:19:01.312,1,1
3548,588aca26ed1bfc095abf2de16bf97b57,95.0,3,1786598342309,2026-08-13T12:19:02.309,1,1
3549,588aca26ed1bfc095abf2de16bf97b57,95.0,3,1786598343311,2026-08-13T12:19:03.311,1,1
3550,588aca26ed1bfc095abf2de16bf97b57,95.0,3,1786598344309,2026-08-13T12:19:04.309,1,1
3551,588aca26ed1bfc095abf2de16bf97b57,95.0,3,1786598345309,2026-08-13T12:19:05.309,1,1
3552,588aca26ed1bfc095abf2de16bf97b57,95.0,3,1786598346308,2026-08-13T12:19:06.308,1,1
3553,588aca26ed1bfc095abf2de16bf97b57,95.0,3,1786598347309,2026-08-13T12:19:07.309,1,1
3554,588aca26ed1bfc095abf2de16bf97b57,95.0,3,1786598348309,2026-08-13T12:19:08.309,1,1
3555,588aca26ed1bfc095abf2de16bf97b57,95.0,3,1786598349308,2026-08-13T12:19:09.308,1,1
3556,588aca26ed1bfc095abf2de16bf97b57,95.0,3,1786598350308,2026-08-13T12:19:10.308,1,1
3557,588aca26ed1bfc095abf2de16bf97b57,95.0,3,1786598351308,2026-08-13T12:19:11.308,1,1
3558,588aca26ed1bfc095abf2de16bf97b57,95.0,3,1786598352310,2026-08-13T12:19:12.310,1,1
3559,588aca26ed1bfc095abf2de16bf97b57,95.0,3,1786598353310,2026-08-13T12:19:13.310,1,1
3560,588aca26ed1bfc095abf2de16bf97b57,95.0,3,1786598354309,2026-08-13T12:19:14.309,1,1
3561,588aca26ed1bfc095abf2de16bf97b57,95.0,3,1786598355308,2026-08-13T12:19:15.308,1,1
3562,588aca26ed1bfc095abf2de16bf97b57,95.0,3,1786598356308,2026-08-13T12:19:16.308,1,1
3563,588aca26ed1bfc095abf2de16bf97b57,95.0,3,1786598357309,2026-08-13T12:19:17.309,1,1
3564,588aca26ed1bfc095abf2de16bf97b57,95.0,3,1786598358308,2026-08-13T12:19:18.308,1,1
3565,588aca26ed1bfc095abf2de16bf97b57,95.0,3,1786598359308,2026-08-13T12:19:19.308,1,1
3566,588aca26ed1bfc095abf2de16bf97b57,95.0,3,1786598360309,2026-08-13T12:19:20.309,1,1
3567,588aca26ed1bfc095abf2de16bf97b57,95.0,3,1786598361308,2026-08-13T12:19:21.308,1,1
3568,588aca26ed1bfc095abf2de16bf97b57,96.0,3,1786598362308,2026-08-13T12:19:22.308,1,1
3569,588aca26ed1bfc095abf2de16bf97b57,96.0,3,1786598363308,2026-08-13T12:19:23.308,1,1
3570,588aca26ed1bfc095abf2de16bf97b57,97.0,3,1786598364308,2026-08-13T12:19:24.308,1,1
3571,588aca26ed1bfc095abf2de16bf97b57,97.0,3,1786598365308,2026-08-13T12:19:25.308,1,1
3572,588aca26ed1bfc095abf2de16bf97b57,97.0,3,1786598366308,2026-08-13T12:19:26.308,1,1
3573,588aca26ed1bfc095abf2de16bf97b57,97.0,3,1786598367319,2026-08-13T12:19:27.319,1,1
3574,588aca26ed1bfc095abf2de16bf97b57,97.0,3,1786598368317,2026-08-13T12:19:28.317,1,1
3575,588aca26ed1bfc095abf2de16bf97b57,98.0,3,1786598369315,2026-08-13T12:19:29.315,1,1
3576,588aca26ed1bfc095abf2de16bf97b57,98.0,3,1786598370316,2026-08-13T12:19:30.316,1,1
3577,588aca26ed1bfc095abf2de16bf97b57,98.0,3,1786598371315,2026-08-13T12:19:31.315,1,1
3578,588aca26ed1bfc095abf2de16bf97b57,97.0,3,1786598372313,2026-08-13T12:19:32.313,1,1
3579,588aca26ed1bfc095abf2de16bf97b57,97.0,3,1786598373312,2026-08-13T12:19:33.312,1,1
3580,588aca26ed1bfc095abf2de16bf97b57,97.0,3,1786598374311,2026-08-13T12:19:34.311,1,1
3581,588aca26ed1bfc095abf2de16bf97b57,98.0,3,1786598375310,2026-08-13T12:19:35.310,1,1
3582,588aca26ed1bfc095abf2de16bf97b57,98.0,3,1786598376308,2026-08-13T12:19:36.308,1,1
3583,588aca26ed1bfc095abf2de16bf97b57,98.0,3,1786598377308,2026-08-13T12:19:37.308,1,1
3584,588aca26ed1bfc095abf2de16bf97b57,99.0,3,1786598378308,2026-08-13T12:19:38.308,1,1
3585,588aca26ed1bfc095abf2de16bf97b57,99.0,3,1786598379309,2026-08-13T12:19:39.309,1,1
3586,588aca26ed1bfc095abf2de16bf97b57,99.0,3,1786598380309,2026-08-13T12:19:40.309,1,1
3587,588aca26ed1bfc095abf2de16bf97b57,99.0,3,1786598381310,2026-08-13T12:19:41.310,1,1
3588,588aca26ed1bfc095abf2de16bf97b57,99.0,3,1786598382309,2026-08-13T12:19:42.309,1,1
3589,588aca26ed1bfc095abf2de16bf97b57,98.0,3,1786598383310,2026-08-13T12:19:43.310,1,1
3590,588aca26ed1bfc095abf2de16bf97b57,98.0,3,1786598384308,2026-08-13T12:19:44.308,1,1
3591,588aca26ed1bfc095abf2de16bf97b57,98.0,3,1786598385309,2026-08-13T12:19:45.309,1,1
3592,588aca26ed1bfc095abf2de16bf97b57,98.0,3,1786598386308,2026-08-13T12:19:46.308,1,1
3593,588aca26ed1bfc095abf2de16bf97b57,98.0,3,1786598387309,2026-08-13T12:19:47.309,1,1
3594,588aca26ed1bfc095abf2de16bf97b57,98.0,3,1786598388309,2026-08-13T12:19:48.309,1,1
3595,588aca26ed1bfc095abf2de16bf97b57,98.0,3,1786598389309,2026-08-13T12:19:49.309,1,1
3596,588aca26ed1bfc095abf2de16bf97b57,97.0,3,1786598390310,2026-08-13T12:19:50.310,1,1
3597,588aca26ed1bfc095abf2de16bf97b57,97.0,3,1786598391308,2026-08-13T12:19:51.308,1,1
3598,588aca26ed1bfc095abf2de16bf97b57,97.0,3,1786598392308,2026-08-13T12:19:52.308,1,1
3599,588aca26ed1bfc095abf2de16bf97b57,96.0,3,1786598393308,2026-08-13T12:19:53.308,1,1
3600,588aca26ed1bfc095abf2de16bf97b57,95.0,3,1786598394308,2026-08-13T12:19:54.308,1,1
3601,588aca26ed1bfc095abf2de16bf97b57,95.0,3,1786598395309,2026-08-13T12:19:55.309,1,1
3602,588aca26ed1bfc095abf2de16bf97b57,95.0,3,1786598396309,2026-08-13T12:19:56.309,1,1
3603,588aca26ed1bfc095abf2de16bf97b57,95.0,3,1786598397318,2026-08-13T12:19:57.318,1,1
3604,588aca26ed1bfc095abf2de16bf97b57,95.0,3,1786598398308,2026-08-13T12:19:58.308,1,1
3605,588aca26ed1bfc095abf2de16bf97b57,95.0,3,1786598399314,2026-08-13T12:19:59.314,1,1
3606,588aca26ed1bfc095abf2de16bf97b57,95.0,3,1786598400311,2026-08-13T12:20:00.311,1,1
3607,588aca26ed1bfc095abf2de16bf97b57,95.0,3,1786598401309,2026-08-13T12:20:01.309,1,1
3608,588aca26ed1bfc095abf2de16bf97b57,96.0,3,1786598402308,2026-08-13T12:20:02.308,1,1
3609,588aca26ed1bfc095abf2de16bf97b57,97.0,3,1786598403309,2026-08-13T12:20:03.309,1,1
3610,588aca26ed1bfc095abf2de16bf97b57,98.0,3,1786598404309,2026-08-13T12:20:04.309,1,1
3611,588aca26ed1bfc095abf2de16bf97b57,98.0,3,1786598405311,2026-08-13T12:20:05.311,1,1
3612,588aca26ed1bfc095abf2de16bf97b57,99.0,3,1786598406310,2026-08-13T12:20:06.310,1,1
3613,588aca26ed1bfc095abf2de16bf97b57,100.0,3,1786598407309,2026-08-13T12:20:07.309,1,1
3614,588aca26ed1bfc095abf2de16bf97b57,100.0,3,1786598408308,2026-08-13T12:20:08.308,1,1
3615,588aca26ed1bfc095abf2de16bf97b57,100.0,3,1786598409309,2026-08-13T12:20:09.309,1,1
3616,588aca26ed1bfc095abf2de16bf97b57,101.0,3,1786598410308,2026-08-13T12:20:10.308,1,1
3617,588aca26ed1bfc095abf2de16bf97b57,102.0,3,1786598411308,2026-08-13T12:20:11.308,1,1
3618,588aca26ed1bfc095abf2de16bf97b57,101.0,3,1786598412309,2026-08-13T12:20:12.309,1,1
3619,588aca26ed1bfc095abf2de16bf97b57,100.0,3,1786598413308,2026-08-13T12:20:13.308,1,1
3620,588aca26ed1bfc095abf2de16bf97b57,100.0,3,1786598414308,2026-08-13T12:20:14.308,1,1
3621,588aca26ed1bfc095abf2de16bf97b57,99.0,3,1786598415309,2026-08-13T12:20:15.309,1,1
3622,588aca26ed1bfc095abf2de16bf97b57,99.0,3,1786598416308,2026-08-13T12:20:16.308,1,1
3623,588aca26ed1bfc095abf2de16bf97b57,99.0,3,1786598417308,2026-08-13T12:20:17.308,1,1
3624,588aca26ed1bfc095abf2de16bf97b57,99.0,3,1786598418309,2026-08-13T12:20:18.309,1,1
3625,588aca26ed1bfc095abf2de16bf97b57,98.0,3,1786598419309,2026-08-13T12:20:19.309,1,1
3626,588aca26ed1bfc095abf2de16bf97b57,97.0,3,1786598420319,2026-08-13T12:20:20.319,1,1
3627,588aca26ed1bfc095abf2de16bf97b57,98.0,3,1786598421316,2026-08-13T12:20:21.316,1,1
3628,588aca26ed1bfc095abf2de16bf97b57,98.0,3,1786598422315,2026-08-13T12:20:22.315,1,1
3629,588aca26ed1bfc095abf2de16bf97b57,98.0,3,1786598423315,2026-08-13T12:20:23.315,1,1
3630,588aca26ed1bfc095abf2de16bf97b57,98.0,3,1786598424313,2026-08-13T12:20:24.313,1,1
3631,588aca26ed1bfc095abf2de16bf97b57,98.0,3,1786598425311,2026-08-13T12:20:25.311,1,1
3632,588aca26ed1bfc095abf2de16bf97b57,97.0,3,1786598426310,2026-08-13T12:20:26.310,1,1
3633,588aca26ed1bfc095abf2de16bf97b57,96.0,3,1786598427308,2026-08-13T12:20:27.308,1,1
3634,588aca26ed1bfc095abf2de16bf97b57,95.0,3,1786598428309,2026-08-13T12:20:28.309,1,1
3635,588aca26ed1bfc095abf2de16bf97b57,94.0,3,1786598429309,2026-08-13T12:20:29.309,1,1
3636,588aca26ed1bfc095abf2de16bf97b57,94.0,3,1786598430313,2026-08-13T12:20:30.313,1,1
3637,588aca26ed1bfc095abf2de16bf97b57,93.0,3,1786598431309,2026-08-13T12:20:31.309,1,1
3638,588aca26ed1bfc095abf2de16bf97b57,93.0,3,1786598432311,2026-08-13T12:20:32.311,1,1
3639,588aca26ed1bfc095abf2de16bf97b57,93.0,3,1786598433311,2026-08-13T12:20:33.311,1,1
3640,588aca26ed1bfc095abf2de16bf97b57,93.0,3,1786598434310,2026-08-13T12:20:34.310,1,1
3641,588aca26ed1bfc095abf2de16bf97b57,94.0,3,1786598435309,2026-08-13T12:20:35.309,1,1
3642,588aca26ed1bfc095abf2de16bf97b57,94.0,3,1786598436309,2026-08-13T12:20:36.309,1,1
3643,588aca26ed1bfc095abf2de16bf97b57,94.0,3,1786598437309,2026-08-13T12:20:37.309,1,1
3644,588aca26ed1bfc095abf2de16bf97b57,95.0,3,1786598438309,2026-08-13T12:20:38.309,1,1
3645,588aca26ed1bfc095abf2de16bf97b57,95.0,3,1786598439309,2026-08-13T12:20:39.309,1,1
3646,588aca26ed1bfc095abf2de16bf97b57,95.0,3,1786598440308,2026-08-13T12:20:40.308,1,1
3647,588aca26ed1bfc095abf2de16bf97b57,97.0,3,1786598441310,2026-08-13T12:20:41.310,1,1
3648,588aca26ed1bfc095abf2de16bf97b57,97.0,3,1786598442309,2026-08-13T12:20:42.309,1,1
3649,588aca26ed1bfc095abf2de16bf97b57,98.0,3,1786598443308,2026-08-13T12:20:43.308,1,1
3650,588aca26ed1bfc095abf2de16bf97b57,98.0,3,1786598444309,2026-08-13T12:20:44.309,1,1
3651,588aca26ed1bfc095abf2de16bf97b57,98.0,3,1786598445309,2026-08-13T12:20:45.309,1,1
3652,588aca26ed1bfc095abf2de16bf97b57,97.0,3,1786598446308,2026-08-13T12:20:46.308,1,1
3653,588aca26ed1bfc095abf2de16bf97b57,97.0,3,1786598447318,2026-08-13T12:20:47.318,1,1
3654,588aca26ed1bfc095abf2de16bf97b57,96.0,3,1786598448317,2026-08-13T12:20:48.317,1,1
3655,588aca26ed1bfc095abf2de16bf97b57,96.0,3,1786598449315,2026-08-13T12:20:49.315,1,1
3656,588aca26ed1bfc095abf2de16bf97b57,96.0,3,1786598450323,2026-08-13T12:20:50.323,1,1
3657,588aca26ed1bfc095abf2de16bf97b57,96.0,3,1786598451312,2026-08-13T12:20:51.312,1,1
3658,588aca26ed1bfc095abf2de16bf97b57,96.0,3,1786598452312,2026-08-13T12:20:52.312,1,1
3659,588aca26ed1bfc095abf2de16bf97b57,96.0,3,1786598453310,2026-08-13T12:20:53.310,1,1
3660,588aca26ed1bfc095abf2de16bf97b57,97.0,3,1786598454315,2026-08-13T12:20:54.315,1,1
3661,588aca26ed1bfc095abf2de16bf97b57,97.0,3,1786598455309,2026-08-13T12:20:55.309,1,1
3662,588aca26ed1bfc095abf2de16bf97b57,97.0,3,1786598456309,2026-08-13T12:20:56.309,1,1
3663,588aca26ed1bfc095abf2de16bf97b57,97.0,3,1786598457309,2026-08-13T12:20:57.309,1,1
3664,588aca26ed1bfc095abf2de16bf97b57,96.0,3,1786598458312,2026-08-13T12:20:58.312,1,1
3665,588aca26ed1bfc095abf2de16bf97b57,96.0,3,1786598459310,2026-08-13T12:20:59.310,1,1
3666,588aca26ed1bfc095abf2de16bf97b57,95.0,3,1786598460309,2026-08-13T12:21:00.309,1,1
3667,588aca26ed1bfc095abf2de16bf97b57,94.0,3,1786598461309,2026-08-13T12:21:01.309,1,1
3668,588aca26ed1bfc095abf2de16bf97b57,94.0,3,1786598462308,2026-08-13T12:21:02.308,1,1
3669,588aca26ed1bfc095abf2de16bf97b57,93.0,3,1786598463309,2026-08-13T12:21:03.309,1,1
3670,588aca26ed1bfc095abf2de16bf97b57,93.0,3,1786598464308,2026-08-13T12:21:04.308,1,1
3671,588aca26ed1bfc095abf2de16bf97b57,93.0,3,1786598465309,2026-08-13T12:21:05.309,1,1
3672,588aca26ed1bfc095abf2de16bf97b57,94.0,3,1786598466309,2026-08-13T12:21:06.309,1,1
3673,588aca26ed1bfc095abf2de16bf97b57,94.0,3,1786598467308,2026-08-13T12:21:07.308,1,1
3674,588aca26ed1bfc095abf2de16bf97b57,94.0,3,1786598468308,2026-08-13T12:21:08.308,1,1
3675,588aca26ed1bfc095abf2de16bf97b57,93.0,3,1786598469308,2026-08-13T12:21:09.308,1,1
3676,588aca26ed1bfc095abf2de16bf97b57,94.0,3,1786598470308,2026-08-13T12:21:10.308,1,1
3677,588aca26ed1bfc095abf2de16bf97b57,95.0,3,1786598471319,2026-08-13T12:21:11.319,1,1
3678,588aca26ed1bfc095abf2de16bf97b57,96.0,3,1786598472314,2026-08-13T12:21:12.314,1,1
3679,588aca26ed1bfc095abf2de16bf97b57,96.0,3,1786598473313,2026-08-13T12:21:13.313,1,1
3680,588aca26ed1bfc095abf2de16bf97b57,97.0,3,1786598474312,2026-08-13T12:21:14.312,1,1
3681,588aca26ed1bfc095abf2de16bf97b57,99.0,3,1786598475315,2026-08-13T12:21:15.315,1,1
3682,588aca26ed1bfc095abf2de16bf97b57,100.0,3,1786598476314,2026-08-13T12:21:16.314,1,1
3683,588aca26ed1bfc095abf2de16bf97b57,102.0,3,1786598477311,2026-08-13T12:21:17.311,1,1
3684,588aca26ed1bfc095abf2de16bf97b57,103.0,3,1786598478311,2026-08-13T12:21:18.311,1,1
3685,588aca26ed1bfc095abf2de16bf97b57,104.0,3,1786598479309,2026-08-13T12:21:19.309,1,1
3686,588aca26ed1bfc095abf2de16bf97b57,105.0,3,1786598480309,2026-08-13T12:21:20.309,1,1
3687,588aca26ed1bfc095abf2de16bf97b57,106.0,3,1786598481309,2026-08-13T12:21:21.309,1,1
3688,588aca26ed1bfc095abf2de16bf97b57,107.0,3,1786598482309,2026-08-13T12:21:22.309,1,1
3689,588aca26ed1bfc095abf2de16bf97b57,106.0,3,1786598483308,2026-08-13T12:21:23.308,1,1
3690,588aca26ed1bfc095abf2de16bf97b57,106.0,3,1786598484313,2026-08-13T12:21:24.313,1,1
3691,588aca26ed1bfc095abf2de16bf97b57,105.0,3,1786598485309,2026-08-13T12:21:25.309,1,1
3692,588aca26ed1bfc095abf2de16bf97b57,105.0,3,1786598486308,2026-08-13T12:21:26.308,1,1
3693,588aca26ed1bfc095abf2de16bf97b57,105.0,3,1786598487310,2026-08-13T12:21:27.310,1,1
3694,588aca26ed1bfc095abf2de16bf97b57,105.0,3,1786598488308,2026-08-13T12:21:28.308,1,1
3695,588aca26ed1bfc095abf2de16bf97b57,105.0,3,1786598489308,2026-08-13T12:21:29.308,1,1
3696,588aca26ed1bfc095abf2de16bf97b57,106.0,3,1786598490308,2026-08-13T12:21:30.308,1,1
3697,588aca26ed1bfc095abf2de16bf97b57,107.0,3,1786598491309,2026-08-13T12:21:31.309,1,1
3698,588aca26ed1bfc095abf2de16bf97b57,107.0,3,1786598492308,2026-08-13T12:21:32.308,1,1
3699,588aca26ed1bfc095abf2de16bf97b57,105.0,3,1786598493309,2026-08-13T12:21:33.309,1,1
3700,588aca26ed1bfc095abf2de16bf97b57,104.0,3,1786598494309,2026-08-13T12:21:34.309,1,1
3701,588aca26ed1bfc095abf2de16bf97b57,103.0,3,1786598495308,2026-08-13T12:21:35.308,1,1
3702,588aca26ed1bfc095abf2de16bf97b57,102.0,3,1786598496308,2026-08-13T12:21:36.308,1,1
3703,588aca26ed1bfc095abf2de16bf97b57,100.0,3,1786598497317,2026-08-13T12:21:37.317,1,1
3704,588aca26ed1bfc095abf2de16bf97b57,99.0,3,1786598498315,2026-08-13T12:21:38.315,1,1
3705,588aca26ed1bfc095abf2de16bf97b57,98.0,3,1786598499314,2026-08-13T12:21:39.314,1,1
3706,588aca26ed1bfc095abf2de16bf97b57,97.0,3,1786598500311,2026-08-13T12:21:40.311,1,1
3707,588aca26ed1bfc095abf2de16bf97b57,96.0,3,1786598501321,2026-08-13T12:21:41.321,1,1
3708,588aca26ed1bfc095abf2de16bf97b57,95.0,3,1786598502308,2026-08-13T12:21:42.308,1,1
3709,588aca26ed1bfc095abf2de16bf97b57,95.0,3,1786598503308,2026-08-13T12:21:43.308,1,1
3710,588aca26ed1bfc095abf2de16bf97b57,95.0,3,1786598504309,2026-08-13T12:21:44.309,1,1
3711,588aca26ed1bfc095abf2de16bf97b57,96.0,3,1786598505311,2026-08-13T12:21:45.311,1,1
3712,588aca26ed1bfc095abf2de16bf97b57,97.0,3,1786598506310,2026-08-13T12:21:46.310,1,1
3713,588aca26ed1bfc095abf2de16bf97b57,98.0,3,1786598507309,2026-08-13T12:21:47.309,1,1
3714,588aca26ed1bfc095abf2de16bf97b57,98.0,3,1786598508309,2026-08-13T12:21:48.309,1,1
3715,588aca26ed1bfc095abf2de16bf97b57,98.0,3,1786598509309,2026-08-13T12:21:49.309,1,1
3716,588aca26ed1bfc095abf2de16bf97b57,97.0,3,1786598510308,2026-08-13T12:21:50.308,1,1
3717,588aca26ed1bfc095abf2de16bf97b57,97.0,3,1786598511309,2026-08-13T12:21:51.309,1,1
3718,588aca26ed1bfc095abf2de16bf97b57,97.0,3,1786598512308,2026-08-13T12:21:52.308,1,1
3719,588aca26ed1bfc095abf2de16bf97b57,97.0,3,1786598513308,2026-08-13T12:21:53.308,1,1
3720,588aca26ed1bfc095abf2de16bf97b57,97.0,3,1786598514309,2026-08-13T12:21:54.309,1,1
3721,588aca26ed1bfc095abf2de16bf97b57,98.0,3,1786598515313,2026-08-13T12:21:55.313,1,1
3722,588aca26ed1bfc095abf2de16bf97b57,98.0,3,1786598516323,2026-08-13T12:21:56.323,1,1
3723,588aca26ed1bfc095abf2de16bf97b57,97.0,3,1786598517313,2026-08-13T12:21:57.313,1,1
3724,588aca26ed1bfc095abf2de16bf97b57,96.0,3,1786598518311,2026-08-13T12:21:58.311,1,1
3725,588aca26ed1bfc095abf2de16bf97b57,95.0,3,1786598519309,2026-08-13T12:21:59.309,1,1
3726,588aca26ed1bfc095abf2de16bf97b57,95.0,3,1786598520308,2026-08-13T12:22:00.308,1,1
3727,588aca26ed1bfc095abf2de16bf97b57,95.0,3,1786598521309,2026-08-13T12:22:01.309,1,1
3728,588aca26ed1bfc095abf2de16bf97b57,96.0,3,1786598522308,2026-08-13T12:22:02.308,1,1
3729,588aca26ed1bfc095abf2de16bf97b57,97.0,3,1786598523308,2026-08-13T12:22:03.308,1,1
3730,588aca26ed1bfc095abf2de16bf97b57,96.0,3,1786598524308,2026-08-13T12:22:04.308,1,1
3731,588aca26ed1bfc095abf2de16bf97b57,96.0,3,1786598525308,2026-08-13T12:22:05.308,1,1
3732,588aca26ed1bfc095abf2de16bf97b57,96.0,3,1786598526308,2026-08-13T12:22:06.308,1,1
3733,588aca26ed1bfc095abf2de16bf97b57,96.0,3,1786598527308,2026-08-13T12:22:07.308,1,1
3734,588aca26ed1bfc095abf2de16bf97b57,96.0,3,1786598528308,2026-08-13T12:22:08.308,1,1
3735,588aca26ed1bfc095abf2de16bf97b57,96.0,3,1786598529310,2026-08-13T12:22:09.310,1,1
3736,588aca26ed1bfc095abf2de16bf97b57,95.0,3,1786598530308,2026-08-13T12:22:10.308,1,1
3737,588aca26ed1bfc095abf2de16bf97b57,94.0,3,1786598531309,2026-08-13T12:22:11.309,1,1
3738,588aca26ed1bfc095abf2de16bf97b57,94.0,3,1786598532309,2026-08-13T12:22:12.309,1,1
3739,588aca26ed1bfc095abf2de16bf97b57,94.0,3,1786598533308,2026-08-13T12:22:13.308,1,1
3740,588aca26ed1bfc095abf2de16bf97b57,93.0,3,1786598534309,2026-08-13T12:22:14.309,1,1
3741,588aca26ed1bfc095abf2de16bf97b57,93.0,3,1786598535317,2026-08-13T12:22:15.317,1,1
3742,588aca26ed1bfc095abf2de16bf97b57,92.0,3,1786598536317,2026-08-13T12:22:16.317,1,1
3743,588aca26ed1bfc095abf2de16bf97b57,91.0,3,1786598537315,2026-08-13T12:22:17.315,1,1
3744,588aca26ed1bfc095abf2de16bf97b57,90.0,3,1786598538315,2026-08-13T12:22:18.315,1,1
3745,588aca26ed1bfc095abf2de16bf97b57,91.0,3,1786598539316,2026-08-13T12:22:19.316,1,1
3746,588aca26ed1bfc095abf2de16bf97b57,92.0,3,1786598540314,2026-08-13T12:22:20.314,1,1
3747,588aca26ed1bfc095abf2de16bf97b57,93.0,3,1786598541318,2026-08-13T12:22:21.318,1,1
3748,588aca26ed1bfc095abf2de16bf97b57,94.0,3,1786598542308,2026-08-13T12:22:22.308,1,1
3749,588aca26ed1bfc095abf2de16bf97b57,94.0,3,1786598543308,2026-08-13T12:22:23.308,1,1
3750,588aca26ed1bfc095abf2de16bf97b57,94.0,3,1786598544308,2026-08-13T12:22:24.308,1,1
3751,588aca26ed1bfc095abf2de16bf97b57,94.0,3,1786598545309,2026-08-13T12:22:25.309,1,1
3752,588aca26ed1bfc095abf2de16bf97b57,94.0,3,1786598546308,2026-08-13T12:22:26.308,1,1
3753,588aca26ed1bfc095abf2de16bf97b57,94.0,3,1786598547310,2026-08-13T12:22:27.310,1,1
3754,588aca26ed1bfc095abf2de16bf97b57,94.0,3,1786598548311,2026-08-13T12:22:28.311,1,1
3755,588aca26ed1bfc095abf2de16bf97b57,94.0,3,1786598549309,2026-08-13T12:22:29.309,1,1
3756,588aca26ed1bfc095abf2de16bf97b57,93.0,3,1786598550309,2026-08-13T12:22:30.309,1,1
3757,588aca26ed1bfc095abf2de16bf97b57,93.0,3,1786598551308,2026-08-13T12:22:31.308,1,1
3758,588aca26ed1bfc095abf2de16bf97b57,93.0,3,1786598552308,2026-08-13T12:22:32.308,1,1
3759,588aca26ed1bfc095abf2de16bf97b57,93.0,3,1786598553309,2026-08-13T12:22:33.309,1,1
3760,588aca26ed1bfc095abf2de16bf97b57,94.0,3,1786598554309,2026-08-13T12:22:34.309,1,1
3761,588aca26ed1bfc095abf2de16bf97b57,95.0,3,1786598555309,2026-08-13T12:22:35.309,1,1
3762,588aca26ed1bfc095abf2de16bf97b57,96.0,3,1786598556309,2026-08-13T12:22:36.309,1,1
3763,588aca26ed1bfc095abf2de16bf97b57,97.0,3,1786598557309,2026-08-13T12:22:37.309,1,1
3764,588aca26ed1bfc095abf2de16bf97b57,98.0,3,1786598558308,2026-08-13T12:22:38.308,1,1
3765,588aca26ed1bfc095abf2de16bf97b57,98.0,3,1786598559308,2026-08-13T12:22:39.308,1,1
3766,588aca26ed1bfc095abf2de16bf97b57,97.0,3,1786598560309,2026-08-13T12:22:40.309,1,1
3767,588aca26ed1bfc095abf2de16bf97b57,97.0,3,1786598561309,2026-08-13T12:22:41.309,1,1
3768,588aca26ed1bfc095abf2de16bf97b57,96.0,3,1786598562328,2026-08-13T12:22:42.328,1,1
3769,588aca26ed1bfc095abf2de16bf97b57,96.0,3,1786598563309,2026-08-13T12:22:43.309,1,1
3770,588aca26ed1bfc095abf2de16bf97b57,95.0,3,1786598564316,2026-08-13T12:22:44.316,1,1
3771,588aca26ed1bfc095abf2de16bf97b57,95.0,3,1786598565323,2026-08-13T12:22:45.323,1,1
3772,588aca26ed1bfc095abf2de16bf97b57,94.0,3,1786598566315,2026-08-13T12:22:46.315,1,1
3773,588aca26ed1bfc095abf2de16bf97b57,94.0,3,1786598567313,2026-08-13T12:22:47.313,1,1
3774,588aca26ed1bfc095abf2de16bf97b57,94.0,3,1786598568313,2026-08-13T12:22:48.313,0,1
3775,588aca26ed1bfc095abf2de16bf97b57,93.0,3,1786598569308,2026-08-13T12:22:49.308,0,1
3776,588aca26ed1bfc095abf2de16bf97b57,93.0,3,1786598570311,2026-08-13T12:22:50.311,0,1
3777,588aca26ed1bfc095abf2de16bf97b57,92.0,3,1786598571308,2026-08-13T12:22:51.308,0,1
3778,588aca26ed1bfc095abf2de16bf97b57,92.0,3,1786598572308,2026-08-13T12:22:52.308,0,1
3779,588aca26ed1bfc095abf2de16bf97b57,92.0,3,1786598573309,2026-08-13T12:22:53.309,0,1
3780,588aca26ed1bfc095abf2de16bf97b57,91.0,3,1786598574308,2026-08-13T12:22:54.308,0,1
