id,device_id,bpm,accuracy,time_ms,time_iso,synced,fresh
1258,588aca26ed1bfc095abf2de16bf97b57,88.0,3,1786591805177,2026-08-13T10:30:05.177,1,1
1259,588aca26ed1bfc095abf2de16bf97b57,88.0,-1,1786591806176,2026-08-13T10:30:06.176,1,0
1260,588aca26ed1bfc095abf2de16bf97b57,88.0,-1,1786591807178,2026-08-13T10:30:07.178,1,0
1261,588aca26ed1bfc095abf2de16bf97b57,82.0,3,1786591808179,2026-08-13T10:30:08.179,1,1
1262,588aca26ed1bfc095abf2de16bf97b57,83.0,3,1786591809178,2026-08-13T10:30:09.178,1,1
1263,588aca26ed1bfc095abf2de16bf97b57,83.0,3,1786591810181,2026-08-13T10:30:10.181,1,1
1264,588aca26ed1bfc095abf2de16bf97b57,82.0,3,1786591811178,2026-08-13T10:30:11.178,1,1
1265,588aca26ed1bfc095abf2de16bf97b57,83.0,3,1786591812176,2026-08-13T10:30:12.176,1,1
1266,588aca26ed1bfc095abf2de16bf97b57,83.0,3,1786591813176,2026-08-13T10:30:13.176,1,1
1267,588aca26ed1bfc095abf2de16bf97b57,84.0,3,1786591814177,2026-08-13T10:30:14.177,1,1
1268,588aca26ed1bfc095abf2de16bf97b57,84.0,3,1786591815177,2026-08-13T10:30:15.177,1,1
1269,588aca26ed1bfc095abf2de16bf97b57,84.0,3,1786591816177,2026-08-13T10:30:16.177,1,1
1270,588aca26ed1bfc095abf2de16bf97b57,85.0,3,1786591817179,2026-08-13T10:30:17.179,1,1
1271,588aca26ed1bfc095abf2de16bf97b57,86.0,3,1786591818179,2026-08-13T10:30:18.179,1,1
1272,588aca26ed1bfc095abf2de16bf97b57,87.0,3,1786591819177,2026-08-13T10:30:19.177,1,1
1273,588aca26ed1bfc095abf2de16bf97b57,88.0,3,1786591820177,2026-08-13T10:30:20.177,1,1
1274,588aca26ed1bfc095abf2de16bf97b57,87.0,3,1786591821177,2026-08-13T10:30:21.177,1,1
1275,588aca26ed1bfc095abf2de16bf97b57,88.0,3,1786591822178,2026-08-13T10:30:22.178,1,1
1276,588aca26ed1bfc095abf2de16bf97b57,89.0,3,1786591823176,2026-08-13T10:30:23.176,1,1
1277,588aca26ed1bfc095abf2de16bf97b57,88.0,3,1786591824176,2026-08-13T10:30:24.176,1,1
1278,588aca26ed1bfc095abf2de16bf97b57,89.0,3,1786591825176,2026-08-13T10:30:25.176,1,1
1279,588aca26ed1bfc095abf2de16bf97b57,88.0,3,1786591826177,2026-08-13T10:30:26.177,1,1
1280,588aca26ed1bfc095abf2de16bf97b57,88.0,3,1786591827176,2026-08-13T10:30:27.176,1,1
1281,588aca26ed1bfc095abf2de16bf97b57,89.0,3,1786591828176,2026-08-13T10:30:28.176,1,1
1282,588aca26ed1bfc095abf2de16bf97b57,89.0,3,1786591829176,2026-08-13T10:30:29.176,1,1
1283,588aca26ed1bfc095abf2de16bf97b57,89.0,3,1786591830176,2026-08-13T10:30:30.176,1,1
1284,588aca26ed1bfc095abf2de16bf97b57,89.0,3,1786591831177,2026-08-13T10:30:31.177,1,1
1285,588aca26ed1bfc095abf2de16bf97b57,89.0,3,1786591832185,2026-08-13T10:30:32.185,1,1
1286,588aca26ed1bfc095abf2de16bf97b57,89.0,3,1786591833184,2026-08-13T10:30:33.184,1,1
1287,588aca26ed1bfc095abf2de16bf97b57,89.0,3,1786591834182,2026-08-13T10:30:34.182,1,1
1288,588aca26ed1bfc095abf2de16bf97b57,89.0,3,1786591835183,2026-08-13T10:30:35.183,1,1
1289,588aca26ed1bfc095abf2de16bf97b57,89.0,3,1786591836178,2026-08-13T10:30:36.178,1,1
1290,588aca26ed1bfc095abf2de16bf97b57,89.0,3,1786591837176,2026-08-13T10:30:37.176,1,1
1291,588aca26ed1bfc095abf2de16bf97b57,90.0,3,1786591838177,2026-08-13T10:30:38.177,1,1
1292,588aca26ed1bfc095abf2de16bf97b57,91.0,3,1786591839176,2026-08-13T10:30:39.176,1,1
1293,588aca26ed1bfc095abf2de16bf97b57,92.0,3,1786591840177,2026-08-13T10:30:40.177,1,1
1294,588aca26ed1bfc095abf2de16bf97b57,93.0,3,1786591841177,2026-08-13T10:30:41.177,1,1
1295,588aca26ed1bfc095abf2de16bf97b57,93.0,3,1786591842177,2026-08-13T10:30:42.177,1,1
1296,588aca26ed1bfc095abf2de16bf97b57,94.0,3,1786591843177,2026-08-13T10:30:43.177,1,1
1297,588aca26ed1bfc095abf2de16bf97b57,94.0,3,1786591844176,2026-08-13T10:30:44.176,1,1
1298,588aca26ed1bfc095abf2de16bf97b57,94.0,3,1786591845176,2026-08-13T10:30:45.176,1,1
1299,588aca26ed1bfc095abf2de16bf97b57,94.0,3,1786591846176,2026-08-13T10:30:46.176,1,1
1300,588aca26ed1bfc095abf2de16bf97b57,93.0,3,1786591847182,2026-08-13T10:30:47.182,1,1
1301,588aca26ed1bfc095abf2de16bf97b57,92.0,3,1786591848176,2026-08-13T10:30:48.176,1,1
1302,588aca26ed1bfc095abf2de16bf97b57,91.0,3,1786591849176,2026-08-13T10:30:49.176,1,1
1303,588aca26ed1bfc095abf2de16bf97b57,91.0,3,1786591850176,2026-08-13T10:30:50.176,1,1
1304,588aca26ed1bfc095abf2de16bf97b57,90.0,3,1786591851177,2026-08-13T10:30:51.177,1,1
1305,588aca26ed1bfc095abf2de16bf97b57,89.0,3,1786591852177,2026-08-13T10:30:52.177,1,1
1306,588aca26ed1bfc095abf2de16bf97b57,89.0,3,1786591853176,2026-08-13T10:30:53.176,1,1
1307,588aca26ed1bfc095abf2de16bf97b57,89.0,3,1786591854176,2026-08-13T10:30:54.176,1,1
1308,588aca26ed1bfc095abf2de16bf97b57,89.0,3,1786591855184,2026-08-13T10:30:55.184,1,1
1309,588aca26ed1bfc095abf2de16bf97b57,89.0,3,1786591856182,2026-08-13T10:30:56.182,1,1
1310,588aca26ed1bfc095abf2de16bf97b57,88.0,3,1786591857182,2026-08-13T10:30:57.182,1,1
1311,588aca26ed1bfc095abf2de16bf97b57,88.0,3,1786591858180,2026-08-13T10:30:58.180,1,1
1312,588aca26ed1bfc095abf2de16bf97b57,88.0,3,1786591859178,2026-08-13T10:30:59.178,1,1
1313,588aca26ed1bfc095abf2de16bf97b57,88.0,3,1786591860178,2026-08-13T10:31:00.178,1,1
1314,588aca26ed1bfc095abf2de16bf97b57,87.0,3,1786591861176,2026-08-13T10:31:01.176,1,1
1315,588aca26ed1bfc095abf2de16bf97b57,87.0,3,1786591862177,2026-08-13T10:31:02.177,1,1
1316,588aca26ed1bfc095abf2de16bf97b57,87.0,3,1786591863176,2026-08-13T10:31:03.176,1,1
1317,588aca26ed1bfc095abf2de16bf97b57,87.0,3,1786591864177,2026-08-13T10:31:04.177,1,1
1318,588aca26ed1bfc095abf2de16bf97b57,87.0,3,1786591865182,2026-08-13T10:31:05.182,1,1
1319,588aca26ed1bfc095abf2de16bf97b57,88.0,3,1786591866179,2026-08-13T10:31:06.179,1,1
1320,588aca26ed1bfc095abf2de16bf97b57,88.0,3,1786591867179,2026-08-13T10:31:07.179,1,1
1321,588aca26ed1bfc095abf2de16bf97b57,88.0,3,1786591868179,2026-08-13T10:31:08.179,1,1
1322,588aca26ed1bfc095abf2de16bf97b57,89.0,3,1786591869179,2026-08-13T10:31:09.179,1,1
1323,588aca26ed1bfc095abf2de16bf97b57,89.0,3,1786591870179,2026-08-13T10:31:10.179,1,1
1324,588aca26ed1bfc095abf2de16bf97b57,89.0,3,1786591871176,2026-08-13T10:31:11.176,1,1
1325,588aca26ed1bfc095abf2de16bf97b57,89.0,3,1786591872177,2026-08-13T10:31:12.177,1,1
1326,588aca26ed1bfc095abf2de16bf97b57,89.0,3,1786591873176,2026-08-13T10:31:13.176,1,1
1327,588aca26ed1bfc095abf2de16bf97b57,89.0,3,1786591874176,2026-08-13T10:31:14.176,1,1
1328,588aca26ed1bfc095abf2de16bf97b57,89.0,3,1786591875177,2026-08-13T10:31:15.177,1,1
1329,588aca26ed1bfc095abf2de16bf97b57,90.0,3,1786591876176,2026-08-13T10:31:16.176,1,1
1330,588aca26ed1bfc095abf2de16bf97b57,91.0,3,1786591877176,2026-08-13T10:31:17.176,1,1
1331,588aca26ed1bfc095abf2de16bf97b57,91.0,3,1786591878178,2026-08-13T10:31:18.178,1,1
1332,588aca26ed1bfc095abf2de16bf97b57,91.0,3,1786591879176,2026-08-13T10:31:19.176,1,1
1333,588aca26ed1bfc095abf2de16bf97b57,91.0,3,1786591880177,2026-08-13T10:31:20.177,1,1
1334,588aca26ed1bfc095abf2de16bf97b57,91.0,3,1786591881176,2026-08-13T10:31:21.176,1,1
1335,588aca26ed1bfc095abf2de16bf97b57,91.0,3,1786591882186,2026-08-13T10:31:22.186,1,1
1336,588aca26ed1bfc095abf2de16bf97b57,91.0,3,1786591883183,2026-08-13T10:31:23.183,1,1
1337,588aca26ed1bfc095abf2de16bf97b57,91.0,3,1786591884184,2026-08-13T10:31:24.184,1,1
1338,588aca26ed1bfc095abf2de16bf97b57,91.0,3,1786591885182,2026-08-13T10:31:25.182,1,1
1339,588aca26ed1bfc095abf2de16bf97b57,92.0,3,1786591886182,2026-08-13T10:31:26.182,1,1
1340,588aca26ed1bfc095abf2de16bf97b57,92.0,3,1786591887179,2026-08-13T10:31:27.179,1,1
1341,588aca26ed1bfc095abf2de16bf97b57,92.0,3,1786591888176,2026-08-13T10:31:28.176,1,1
1342,588aca26ed1bfc095abf2de16bf97b57,93.0,3,1786591889176,2026-08-13T10:31:29.176,1,1
1343,588aca26ed1bfc095abf2de16bf97b57,92.0,3,1786591890176,2026-08-13T10:31:30.176,1,1
1344,588aca26ed1bfc095abf2de16bf97b57,91.0,3,1786591891176,2026-08-13T10:31:31.176,1,1
1345,588aca26ed1bfc095abf2de16bf97b57,91.0,3,1786591892176,2026-08-13T10:31:32.176,1,1
1346,588aca26ed1bfc095abf2de16bf97b57,92.0,3,1786591893176,2026-08-13T10:31:33.176,1,1
1347,588aca26ed1bfc095abf2de16bf97b57,93.0,3,1786591894177,2026-08-13T10:31:34.177,1,1
1348,588aca26ed1bfc095abf2de16bf97b57,94.0,3,1786591895176,2026-08-13T10:31:35.176,1,1
1349,588aca26ed1bfc095abf2de16bf97b57,95.0,3,1786591896176,2026-08-13T10:31:36.176,1,1
1350,588aca26ed1bfc095abf2de16bf97b57,96.0,3,1786591897178,2026-08-13T10:31:37.178,1,1
1351,588aca26ed1bfc095abf2de16bf97b57,97.0,3,1786591898178,2026-08-13T10:31:38.178,1,1
1352,588aca26ed1bfc095abf2de16bf97b57,97.0,3,1786591899176,2026-08-13T10:31:39.176,1,1
1353,588aca26ed1bfc095abf2de16bf97b57,97.0,3,1786591900177,2026-08-13T10:31:40.177,1,1
1354,588aca26ed1bfc095abf2de16bf97b57,96.0,3,1786591901177,2026-08-13T10:31:41.177,1,1
1355,588aca26ed1bfc095abf2de16bf97b57,95.0,3,1786591902177,2026-08-13T10:31:42.177,1,1
1356,588aca26ed1bfc095abf2de16bf97b57,96.0,3,1786591903176,2026-08-13T10:31:43.176,1,1
1357,588aca26ed1bfc095abf2de16bf97b57,95.0,3,1786591904177,2026-08-13T10:31:44.177,1,1
1358,588aca26ed1bfc095abf2de16bf97b57,95.0,3,1786591905176,2026-08-13T10:31:45.176,1,1
1359,588aca26ed1bfc095abf2de16bf97b57,94.0,3,1786591906176,2026-08-13T10:31:46.176,1,1
1360,588aca26ed1bfc095abf2de16bf97b57,94.0,3,1786591907177,2026-08-13T10:31:47.177,1,1
1361,588aca26ed1bfc095abf2de16bf97b57,93.0,3,1786591908177,2026-08-13T10:31:48.177,1,1
1362,588aca26ed1bfc095abf2de16bf97b57,92.0,3,1786591909178,2026-08-13T10:31:49.178,1,1
1363,588aca26ed1bfc095abf2de16bf97b57,92.0,3,1786591910176,2026-08-13T10:31:50.176,1,1
1364,588aca26ed1bfc095abf2de16bf97b57,92.0,3,1786591911176,2026-08-13T10:31:51.176,1,1
1365,588aca26ed1bfc095abf2de16bf97b57,91.0,3,1786591912177,2026-08-13T10:31:52.177,1,1
1366,588aca26ed1bfc095abf2de16bf97b57,91.0,3,1786591913177,2026-08-13T10:31:53.177,1,1
1367,588aca26ed1bfc095abf2de16bf97b57,91.0,3,1786591914187,2026-08-13T10:31:54.187,1,1
1368,588aca26ed1bfc095abf2de16bf97b57,90.0,3,1786591915183,2026-08-13T10:31:55.183,1,1
1369,588aca26ed1bfc095abf2de16bf97b57,90.0,3,1786591916184,2026-08-13T10:31:56.184,1,1
1370,588aca26ed1bfc095abf2de16bf97b57,89.0,3,1786591917185,2026-08-13T10:31:57.185,1,1
1371,588aca26ed1bfc095abf2de16bf97b57,88.0,3,1786591918184,2026-08-13T10:31:58.184,1,1
1372,588aca26ed1bfc095abf2de16bf97b57,87.0,3,1786591919176,2026-08-13T10:31:59.176,1,1
1373,588aca26ed1bfc095abf2de16bf97b57,86.0,3,1786591920182,2026-08-13T10:32:00.182,1,1
1374,588aca26ed1bfc095abf2de16bf97b57,86.0,3,1786591921180,2026-08-13T10:32:01.180,1,1
1375,588aca26ed1bfc095abf2de16bf97b57,87.0,3,1786591922180,2026-08-13T10:32:02.180,1,1
1376,588aca26ed1bfc095abf2de16bf97b57,87.0,3,1786591923176,2026-08-13T10:32:03.176,1,1
1377,588aca26ed1bfc095abf2de16bf97b57,87.0,3,1786591924176,2026-08-13T10:32:04.176,1,1
1378,588aca26ed1bfc095abf2de16bf97b57,88.0,3,1786591925178,2026-08-13T10:32:05.178,1,1
1379,588aca26ed1bfc095abf2de16bf97b57,88.0,3,1786591926177,2026-08-13T10:32:06.177,1,1
1380,588aca26ed1bfc095abf2de16bf97b57,89.0,3,1786591927176,2026-08-13T10:32:07.176,1,1
1381,588aca26ed1bfc095abf2de16bf97b57,89.0,3,1786591928177,2026-08-13T10:32:08.177,1,1
1382,588aca26ed1bfc095abf2de16bf97b57,88.0,3,1786591929176,2026-08-13T10:32:09.176,1,1
1383,588aca26ed1bfc095abf2de16bf97b57,88.0,3,1786591930176,2026-08-13T10:32:10.176,1,1
1384,588aca26ed1bfc095abf2de16bf97b57,87.0,3,1786591931176,2026-08-13T10:32:11.176,1,1
1385,588aca26ed1bfc095abf2de16bf97b57,87.0,3,1786591932178,2026-08-13T10:32:12.178,1,1
1386,588aca26ed1bfc095abf2de16bf97b57,87.0,3,1786591933178,2026-08-13T10:32:13.178,1,1
1387,588aca26ed1bfc095abf2de16bf97b57,87.0,3,1786591934176,2026-08-13T10:32:14.176,1,1
1388,588aca26ed1bfc095abf2de16bf97b57,87.0,3,1786591935179,2026-08-13T10:32:15.179,1,1
1389,588aca26ed1bfc095abf2de16bf97b57,87.0,3,1786591936179,2026-08-13T10:32:16.179,1,1
1390,588aca26ed1bfc095abf2de16bf97b57,87.0,3,1786591937178,2026-08-13T10:32:17.178,1,1
1391,588aca26ed1bfc095abf2de16bf97b57,87.0,3,1786591938177,2026-08-13T10:32:18.177,1,1
1392,588aca26ed1bfc095abf2de16bf97b57,87.0,3,1786591939177,2026-08-13T10:32:19.177,1,1
1393,588aca26ed1bfc095abf2de16bf97b57,87.0,3,1786591940177,2026-08-13T10:32:20.177,1,1
1394,588aca26ed1bfc095abf2de16bf97b57,87.0,3,1786591941176,2026-08-13T10:32:21.176,1,1
1395,588aca26ed1bfc095abf2de16bf97b57,87.0,3,1786591942176,2026-08-13T10:32:22.176,1,1
1396,588aca26ed1bfc095abf2de16bf97b57,88.0,3,1786591943177,2026-08-13T10:32:23.177,1,1
1397,588aca26ed1bfc095abf2de16bf97b57,89.0,3,1786591944176,2026-08-13T10:32:24.176,1,1
1398,588aca26ed1bfc095abf2de16bf97b57,89.0,3,1786591945177,2026-08-13T10:32:25.177,1,1
1399,588aca26ed1bfc095abf2de16bf97b57,90.0,3,1786591946176,2026-08-13T10:32:26.176,1,1
1400,588aca26ed1bfc095abf2de16bf97b57,90.0,3,1786591947177,2026-08-13T10:32:27.177,1,1
1401,588aca26ed1bfc095abf2de16bf97b57,89.0,3,1786591948178,2026-08-13T10:32:28.178,1,1
1402,588aca26ed1bfc095abf2de16bf97b57,90.0,3,1786591949177,2026-08-13T10:32:29.177,1,1
1403,588aca26ed1bfc095abf2de16bf97b57,90.0,3,1786591950176,2026-08-13T10:32:30.176,1,1
1404,588aca26ed1bfc095abf2de16bf97b57,90.0,3,1786591951176,2026-08-13T10:32:31.176,1,1
1405,588aca26ed1bfc095abf2de16bf97b57,90.0,3,1786591952177,2026-08-13T10:32:32.177,1,1
1406,588aca26ed1bfc095abf2de16bf97b57,91.0,3,1786591953178,2026-08-13T10:32:33.178,1,1
1407,588aca26ed1bfc095abf2de16bf97b57,91.0,3,1786591954177,2026-08-13T10:32:34.177,1,1
1408,588aca26ed1bfc095abf2de16bf97b57,90.0,3,1786591955176,2026-08-13T10:32:35.176,1,1
1409,588aca26ed1bfc095abf2de16bf97b57,90.0,3,1786591956176,2026-08-13T10:32:36.176,1,1
1410,588aca26ed1bfc095abf2de16bf97b57,91.0,3,1786591957176,2026-08-13T10:32:37.176,1,1
1411,588aca26ed1bfc095abf2de16bf97b57,91.0,3,1786591958176,2026-08-13T10:32:38.176,1,1
1412,588aca26ed1bfc095abf2de16bf97b57,89.0,3,1786591959176,2026-08-13T10:32:39.176,1,1
1413,588aca26ed1bfc095abf2de16bf97b57,88.0,3,1786591960176,2026-08-13T10:32:40.176,1,1
1414,588aca26ed1bfc095abf2de16bf97b57,89.0,3,1786591961176,2026-08-13T10:32:41.176,1,1
1415,588aca26ed1bfc095abf2de16bf97b57,90.0,3,1786591962177,2026-08-13T10:32:42.177,1,1
1416,588aca26ed1bfc095abf2de16bf97b57,91.0,3,1786591963177,2026-08-13T10:32:43.177,1,1
1417,588aca26ed1bfc095abf2de16bf97b57,91.0,3,1786591964177,2026-08-13T10:32:44.177,1,1
1418,588aca26ed1bfc095abf2de16bf97b57,90.0,3,1786591965177,2026-08-13T10:32:45.177,1,1
1419,588aca26ed1bfc095abf2de16bf97b57,90.0,3,1786591966186,2026-08-13T10:32:46.186,1,1
1420,588aca26ed1bfc095abf2de16bf97b57,89.0,3,1786591967185,2026-08-13T10:32:47.185,1,1
1421,588aca26ed1bfc095abf2de16bf97b57,88.0,3,1786591968187,2026-08-13T10:32:48.187,1,1
1422,588aca26ed1bfc095abf2de16bf97b57,88.0,3,1786591969185,2026-08-13T10:32:49.185,1,1
1423,588aca26ed1bfc095abf2de16bf97b57,87.0,3,1786591970182,2026-08-13T10:32:50.182,1,1
1424,588aca26ed1bfc095abf2de16bf97b57,86.0,3,1786591971184,2026-08-13T10:32:51.184,1,1
1425,588aca26ed1bfc095abf2de16bf97b57,86.0,3,1786591972186,2026-08-13T10:32:52.186,1,1
1426,588aca26ed1bfc095abf2de16bf97b57,86.0,3,1786591973185,2026-08-13T10:32:53.185,1,1
1427,588aca26ed1bfc095abf2de16bf97b57,86.0,3,1786591974186,2026-08-13T10:32:54.186,1,1
1428,588aca26ed1bfc095abf2de16bf97b57,85.0,3,1786591975177,2026-08-13T10:32:55.177,1,1
1429,588aca26ed1bfc095abf2de16bf97b57,85.0,3,1786591976177,2026-08-13T10:32:56.177,1,1
1430,588aca26ed1bfc095abf2de16bf97b57,84.0,3,1786591977176,2026-08-13T10:32:57.176,1,1
1431,588aca26ed1bfc095abf2de16bf97b57,84.0,3,1786591978178,2026-08-13T10:32:58.178,1,1
1432,588aca26ed1bfc095abf2de16bf97b57,84.0,3,1786591979177,2026-08-13T10:32:59.177,1,1
1433,588aca26ed1bfc095abf2de16bf97b57,84.0,3,1786591980177,2026-08-13T10:33:00.177,1,1
1434,588aca26ed1bfc095abf2de16bf97b57,84.0,3,1786591981177,2026-08-13T10:33:01.177,1,1
1435,588aca26ed1bfc095abf2de16bf97b57,85.0,3,1786591982177,2026-08-13T10:33:02.177,1,1
1436,588aca26ed1bfc095abf2de16bf97b57,85.0,3,1786591983185,2026-08-13T10:33:03.185,1,1
1437,588aca26ed1bfc095abf2de16bf97b57,85.0,3,1786591984185,2026-08-13T10:33:04.185,1,1
1438,588aca26ed1bfc095abf2de16bf97b57,85.0,3,1786591985186,2026-08-13T10:33:05.186,1,1
1439,588aca26ed1bfc095abf2de16bf97b57,86.0,3,1786591986178,2026-08-13T10:33:06.178,1,1
1440,588aca26ed1bfc095abf2de16bf97b57,86.0,3,1786591987182,2026-08-13T10:33:07.182,1,1
1441,588aca26ed1bfc095abf2de16bf97b57,86.0,3,1786591988176,2026-08-13T10:33:08.176,1,1
1442,588aca26ed1bfc095abf2de16bf97b57,87.0,3,1786591989176,2026-08-13T10:33:09.176,1,1
1443,588aca26ed1bfc095abf2de16bf97b57,87.0,3,1786591990183,2026-08-13T10:33:10.183,1,1
1444,588aca26ed1bfc095abf2de16bf97b57,88.0,3,1786591991183,2026-08-13T10:33:11.183,1,1
1445,588aca26ed1bfc095abf2de16bf97b57,88.0,3,1786591992180,2026-08-13T10:33:12.180,1,1
1446,588aca26ed1bfc095abf2de16bf97b57,88.0,3,1786591993178,2026-08-13T10:33:13.178,1,1
1447,588aca26ed1bfc095abf2de16bf97b57,88.0,3,1786591994180,2026-08-13T10:33:14.180,1,1
1448,588aca26ed1bfc095abf2de16bf97b57,88.0,3,1786591995182,2026-08-13T10:33:15.182,1,1
1449,588aca26ed1bfc095abf2de16bf97b57,88.0,3,1786591996176,2026-08-13T10:33:16.176,1,1
1450,588aca26ed1bfc095abf2de16bf97b57,88.0,3,1786591997180,2026-08-13T10:33:17.180,1,1
1451,588aca26ed1bfc095abf2de16bf97b57,89.0,3,1786591998180,2026-08-13T10:33:18.180,1,1
1452,588aca26ed1bfc095abf2de16bf97b57,89.0,3,1786591999181,2026-08-13T10:33:19.181,1,1
1453,588aca26ed1bfc095abf2de16bf97b57,89.0,3,1786592000185,2026-08-13T10:33:20.185,1,1
1454,588aca26ed1bfc095abf2de16bf97b57,89.0,3,1786592001176,2026-08-13T10:33:21.176,1,1
1455,588aca26ed1bfc095abf2de16bf97b57,88.0,3,1786592002176,2026-08-13T10:33:22.176,1,1
1456,588aca26ed1bfc095abf2de16bf97b57,88.0,3,1786592003179,2026-08-13T10:33:23.179,1,1
1457,588aca26ed1bfc095abf2de16bf97b57,89.0,3,1786592004177,2026-08-13T10:33:24.177,1,1
1458,588aca26ed1bfc095abf2de16bf97b57,89.0,3,1786592005181,2026-08-13T10:33:25.181,1,1
1459,588aca26ed1bfc095abf2de16bf97b57,90.0,3,1786592006183,2026-08-13T10:33:26.183,1,1
1460,588aca26ed1bfc095abf2de16bf97b57,90.0,3,1786592007176,2026-08-13T10:33:27.176,1,1
1461,588aca26ed1bfc095abf2de16bf97b57,89.0,3,1786592008181,2026-08-13T10:33:28.181,1,1
1462,588aca26ed1bfc095abf2de16bf97b57,89.0,3,1786592009181,2026-08-13T10:33:29.181,1,1
1463,588aca26ed1bfc095abf2de16bf97b57,88.0,3,1786592010176,2026-08-13T10:33:30.176,1,1
1464,588aca26ed1bfc095abf2de16bf97b57,88.0,3,1786592011177,2026-08-13T10:33:31.177,1,1
1465,588aca26ed1bfc095abf2de16bf97b57,88.0,3,1786592012181,2026-08-13T10:33:32.181,1,1
1466,588aca26ed1bfc095abf2de16bf97b57,88.0,3,1786592013179,2026-08-13T10:33:33.179,1,1
1467,588aca26ed1bfc095abf2de16bf97b57,88.0,3,1786592014176,2026-08-13T10:33:34.176,1,1
1468,588aca26ed1bfc095abf2de16bf97b57,87.0,3,1786592015178,2026-08-13T10:33:35.178,1,1
1469,588aca26ed1bfc095abf2de16bf97b57,87.0,3,1786592016179,2026-08-13T10:33:36.179,1,1
1470,588aca26ed1bfc095abf2de16bf97b57,87.0,3,1786592017179,2026-08-13T10:33:37.179,1,1
1471,588aca26ed1bfc095abf2de16bf97b57,87.0,3,1786592018178,2026-08-13T10:33:38.178,1,1
1472,588aca26ed1bfc095abf2de16bf97b57,88.0,3,1786592019177,2026-08-13T10:33:39.177,1,1
1473,588aca26ed1bfc095abf2de16bf97b57,88.0,3,1786592020176,2026-08-13T10:33:40.176,1,1
1474,588aca26ed1bfc095abf2de16bf97b57,88.0,3,1786592021177,2026-08-13T10:33:41.177,1,1
1475,588aca26ed1bfc095abf2de16bf97b57,88.0,3,1786592022177,2026-08-13T10:33:42.177,1,1
1476,588aca26ed1bfc095abf2de16bf97b57,89.0,3,1786592023176,2026-08-13T10:33:43.176,1,1
1477,588aca26ed1bfc095abf2de16bf97b57,89.0,3,1786592024186,2026-08-13T10:33:44.186,1,1
1478,588aca26ed1bfc095abf2de16bf97b57,89.0,3,1786592025184,2026-08-13T10:33:45.184,1,1
1479,588aca26ed1bfc095abf2de16bf97b57,89.0,3,1786592026184,2026-08-13T10:33:46.184,1,1
1480,588aca26ed1bfc095abf2de16bf97b57,89.0,3,1786592027185,2026-08-13T10:33:47.185,1,1
1481,588aca26ed1bfc095abf2de16bf97b57,88.0,3,1786592028187,2026-08-13T10:33:48.187,1,1
1482,588aca26ed1bfc095abf2de16bf97b57,88.0,3,1786592029183,2026-08-13T10:33:49.183,1,1
1483,588aca26ed1bfc095abf2de16bf97b57,87.0,3,1786592030189,2026-08-13T10:33:50.189,1,1
1484,588aca26ed1bfc095abf2de16bf97b57,87.0,3,1786592031178,2026-08-13T10:33:51.178,1,0
1485,588aca26ed1bfc095abf2de16bf97b57,87.0,3,1786592032176,2026-08-13T10:33:52.176,1,1
1486,588aca26ed1bfc095abf2de16bf97b57,87.0,3,1786592033176,2026-08-13T10:33:53.176,1,1
1487,588aca26ed1bfc095abf2de16bf97b57,87.0,3,1786592034176,2026-08-13T10:33:54.176,1,1
1488,588aca26ed1bfc095abf2de16bf97b57,87.0,3,1786592035176,2026-08-13T10:33:55.176,1,1
1489,588aca26ed1bfc095abf2de16bf97b57,86.0,3,1786592036178,2026-08-13T10:33:56.178,1,1
1490,588aca26ed1bfc095abf2de16bf97b57,86.0,3,1786592037176,2026-08-13T10:33:57.176,1,1
1491,588aca26ed1bfc095abf2de16bf97b57,86.0,3,1786592038177,2026-08-13T10:33:58.177,1,1
1492,588aca26ed1bfc095abf2de16bf97b57,86.0,3,1786592039176,2026-08-13T10:33:59.176,1,1
1493,588aca26ed1bfc095abf2de16bf97b57,87.0,3,1786592040250,2026-08-13T10:34:00.250,1,1
1494,588aca26ed1bfc095abf2de16bf97b57,87.0,3,1786592041177,2026-08-13T10:34:01.177,1,1
1495,588aca26ed1bfc095abf2de16bf97b57,86.0,3,1786592042178,2026-08-13T10:34:02.178,1,1
1496,588aca26ed1bfc095abf2de16bf97b57,87.0,3,1786592043177,2026-08-13T10:34:03.177,1,1
1497,588aca26ed1bfc095abf2de16bf97b57,89.0,3,1786592044177,2026-08-13T10:34:04.177,1,1
1498,588aca26ed1bfc095abf2de16bf97b57,90.0,3,1786592045177,2026-08-13T10:34:05.177,1,1
1499,588aca26ed1bfc095abf2de16bf97b57,91.0,3,1786592046176,2026-08-13T10:34:06.176,1,1
1500,588aca26ed1bfc095abf2de16bf97b57,92.0,3,1786592047176,2026-08-13T10:34:07.176,1,1
1501,588aca26ed1bfc095abf2de16bf97b57,93.0,3,1786592048176,2026-08-13T10:34:08.176,1,1
1502,588aca26ed1bfc095abf2de16bf97b57,94.0,3,1786592049177,2026-08-13T10:34:09.177,1,1
1503,588aca26ed1bfc095abf2de16bf97b57,94.0,3,1786592050176,2026-08-13T10:34:10.176,1,1
1504,588aca26ed1bfc095abf2de16bf97b57,94.0,3,1786592051176,2026-08-13T10:34:11.176,1,1
1505,588aca26ed1bfc095abf2de16bf97b57,94.0,3,1786592052176,2026-08-13T10:34:12.176,1,1
1506,588aca26ed1bfc095abf2de16bf97b57,94.0,3,1786592053177,2026-08-13T10:34:13.177,1,1
1507,588aca26ed1bfc095abf2de16bf97b57,94.0,3,1786592054181,2026-08-13T10:34:14.181,1,1
1508,588aca26ed1bfc095abf2de16bf97b57,94.0,3,1786592055176,2026-08-13T10:34:15.176,1,1
1509,588aca26ed1bfc095abf2de16bf97b57,93.0,3,1786592056176,2026-08-13T10:34:16.176,1,1
1510,588aca26ed1bfc095abf2de16bf97b57,93.0,3,1786592057176,2026-08-13T10:34:17.176,1,1
1511,588aca26ed1bfc095abf2de16bf97b57,92.0,3,1786592058177,2026-08-13T10:34:18.177,1,1
1512,588aca26ed1bfc095abf2de16bf97b57,91.0,3,1786592059176,2026-08-13T10:34:19.176,1,1
1513,588aca26ed1bfc095abf2de16bf97b57,90.0,3,1786592060176,2026-08-13T10:34:20.176,1,1
1514,588aca26ed1bfc095abf2de16bf97b57,89.0,3,1786592061176,2026-08-13T10:34:21.176,1,1
1515,588aca26ed1bfc095abf2de16bf97b57,90.0,3,1786592062179,2026-08-13T10:34:22.179,1,1
1516,588aca26ed1bfc095abf2de16bf97b57,90.0,3,1786592063178,2026-08-13T10:34:23.178,1,1
1517,588aca26ed1bfc095abf2de16bf97b57,90.0,3,1786592064177,2026-08-13T10:34:24.177,1,1
1518,588aca26ed1bfc095abf2de16bf97b57,90.0,3,1786592065176,2026-08-13T10:34:25.176,1,1
1519,588aca26ed1bfc095abf2de16bf97b57,90.0,3,1786592066176,2026-08-13T10:34:26.176,1,1
1520,588aca26ed1bfc095abf2de16bf97b57,90.0,3,1786592067176,2026-08-13T10:34:27.176,1,1
1521,588aca26ed1bfc095abf2de16bf97b57,90.0,3,1786592068176,2026-08-13T10:34:28.176,1,1
1522,588aca26ed1bfc095abf2de16bf97b57,90.0,3,1786592069176,2026-08-13T10:34:29.176,1,1
1523,588aca26ed1bfc095abf2de16bf97b57,91.0,3,1786592070177,2026-08-13T10:34:30.177,1,1
1524,588aca26ed1bfc095abf2de16bf97b57,92.0,3,1786592071194,2026-08-13T10:34:31.194,1,1
1525,588aca26ed1bfc095abf2de16bf97b57,92.0,3,1786592072185,2026-08-13T10:34:32.185,1,1
1526,588aca26ed1bfc095abf2de16bf97b57,93.0,3,1786592073183,2026-08-13T10:34:33.183,1,1
1527,588aca26ed1bfc095abf2de16bf97b57,93.0,3,1786592074183,2026-08-13T10:34:34.183,1,1
1528,588aca26ed1bfc095abf2de16bf97b57,93.0,3,1786592075182,2026-08-13T10:34:35.182,1,1
1529,588aca26ed1bfc095abf2de16bf97b57,92.0,3,1786592076182,2026-08-13T10:34:36.182,1,1
1530,588aca26ed1bfc095abf2de16bf97b57,91.0,3,1786592077180,2026-08-13T10:34:37.180,1,1
1531,588aca26ed1bfc095abf2de16bf97b57,90.0,3,1786592078180,2026-08-13T10:34:38.180,1,1
1532,588aca26ed1bfc095abf2de16bf97b57,90.0,3,1786592079182,2026-08-13T10:34:39.182,1,1
1533,588aca26ed1bfc095abf2de16bf97b57,89.0,3,1786592080182,2026-08-13T10:34:40.182,1,1
1534,588aca26ed1bfc095abf2de16bf97b57,89.0,3,1786592081181,2026-08-13T10:34:41.181,1,1
1535,588aca26ed1bfc095abf2de16bf97b57,89.0,3,1786592082182,2026-08-13T10:34:42.182,1,1
1536,588aca26ed1bfc095abf2de16bf97b57,88.0,3,1786592083181,2026-08-13T10:34:43.181,1,1
1537,588aca26ed1bfc095abf2de16bf97b57,88.0,3,1786592084181,2026-08-13T10:34:44.181,1,1
1538,588aca26ed1bfc095abf2de16bf97b57,87.0,3,1786592085179,2026-08-13T10:34:45.179,1,1
1539,588aca26ed1bfc095abf2de16bf97b57,87.0,3,1786592086181,2026-08-13T10:34:46.181,1,1
1540,588aca26ed1bfc095abf2de16bf97b57,87.0,3,1786592087177,2026-08-13T10:34:47.177,1,1
1541,588aca26ed1bfc095abf2de16bf97b57,87.0,3,1786592088182,2026-08-13T10:34:48.182,1,1
1542,588aca26ed1bfc095abf2de16bf97b57,87.0,3,1786592089181,2026-08-13T10:34:49.181,1,1
1543,588aca26ed1bfc095abf2de16bf97b57,87.0,3,1786592090182,2026-08-13T10:34:50.182,1,1
1544,588aca26ed1bfc095abf2de16bf97b57,88.0,3,1786592091181,2026-08-13T10:34:51.181,1,1
1545,588aca26ed1bfc095abf2de16bf97b57,89.0,3,1786592092179,2026-08-13T10:34:52.179,1,1
1546,588aca26ed1bfc095abf2de16bf97b57,89.0,3,1786592093178,2026-08-13T10:34:53.178,1,1
1547,588aca26ed1bfc095abf2de16bf97b57,89.0,3,1786592094178,2026-08-13T10:34:54.178,1,1
1548,588aca26ed1bfc095abf2de16bf97b57,89.0,3,1786592095178,2026-08-13T10:34:55.178,1,1
1549,588aca26ed1bfc095abf2de16bf97b57,89.0,3,1786592096178,2026-08-13T10:34:56.178,1,1
1550,588aca26ed1bfc095abf2de16bf97b57,89.0,3,1786592097177,2026-08-13T10:34:57.177,1,1
1551,588aca26ed1bfc095abf2de16bf97b57,88.0,3,1786592098176,2026-08-13T10:34:58.176,1,1
1552,588aca26ed1bfc095abf2de16bf97b57,89.0,3,1786592099176,2026-08-13T10:34:59.176,1,1
1553,588aca26ed1bfc095abf2de16bf97b57,89.0,3,1786592100176,2026-08-13T10:35:00.176,1,1
1554,588aca26ed1bfc095abf2de16bf97b57,90.0,3,1786592101176,2026-08-13T10:35:01.176,1,1
1555,588aca26ed1bfc095abf2de16bf97b57,90.0,3,1786592102176,2026-08-13T10:35:02.176,1,1
1556,588aca26ed1bfc095abf2de16bf97b57,90.0,3,1786592103177,2026-08-13T10:35:03.177,1,1
1557,588aca26ed1bfc095abf2de16bf97b57,91.0,3,1786592104176,2026-08-13T10:35:04.176,1,1
1558,588aca26ed1bfc095abf2de16bf97b57,90.0,3,1786592105177,2026-08-13T10:35:05.177,1,1
1559,588aca26ed1bfc095abf2de16bf97b57,91.0,3,1786592106177,2026-08-13T10:35:06.177,1,1
1560,588aca26ed1bfc095abf2de16bf97b57,92.0,3,1786592107176,2026-08-13T10:35:07.176,1,1
1561,588aca26ed1bfc095abf2de16bf97b57,93.0,3,1786592108177,2026-08-13T10:35:08.177,1,1
1562,588aca26ed1bfc095abf2de16bf97b57,94.0,3,1786592109176,2026-08-13T10:35:09.176,1,1
1563,588aca26ed1bfc095abf2de16bf97b57,94.0,3,1786592110176,2026-08-13T10:35:10.176,1,1
1564,588aca26ed1bfc095abf2de16bf97b57,95.0,3,1786592111176,2026-08-13T10:35:11.176,1,1
1565,588aca26ed1bfc095abf2de16bf97b57,95.0,3,1786592112176,2026-08-13T10:35:12.176,1,1
1566,588aca26ed1bfc095abf2de16bf97b57,96.0,3,1786592113176,2026-08-13T10:35:13.176,1,1
1567,588aca26ed1bfc095abf2de16bf97b57,96.0,3,1786592114178,2026-08-13T10:35:14.178,1,1
1568,588aca26ed1bfc095abf2de16bf97b57,97.0,3,1786592115179,2026-08-13T10:35:15.179,1,1
1569,588aca26ed1bfc095abf2de16bf97b57,98.0,3,1786592116179,2026-08-13T10:35:16.179,1,1
1570,588aca26ed1bfc095abf2de16bf97b57,98.0,3,1786592117179,2026-08-13T10:35:17.179,1,1
1571,588aca26ed1bfc095abf2de16bf97b57,98.0,3,1786592118177,2026-08-13T10:35:18.177,1,1
1572,588aca26ed1bfc095abf2de16bf97b57,97.0,3,1786592119176,2026-08-13T10:35:19.176,1,1
1573,588aca26ed1bfc095abf2de16bf97b57,96.0,3,1786592120176,2026-08-13T10:35:20.176,1,1
1574,588aca26ed1bfc095abf2de16bf97b57,96.0,3,1786592121176,2026-08-13T10:35:21.176,1,1
1575,588aca26ed1bfc095abf2de16bf97b57,95.0,3,1786592122176,2026-08-13T10:35:22.176,1,1
1576,588aca26ed1bfc095abf2de16bf97b57,94.0,3,1786592123176,2026-08-13T10:35:23.176,1,1
1577,588aca26ed1bfc095abf2de16bf97b57,93.0,3,1786592124177,2026-08-13T10:35:24.177,1,1
1578,588aca26ed1bfc095abf2de16bf97b57,93.0,3,1786592125179,2026-08-13T10:35:25.179,1,1
1579,588aca26ed1bfc095abf2de16bf97b57,92.0,3,1786592126176,2026-08-13T10:35:26.176,1,1
1580,588aca26ed1bfc095abf2de16bf97b57,91.0,3,1786592127176,2026-08-13T10:35:27.176,1,1
1581,588aca26ed1bfc095abf2de16bf97b57,90.0,3,1786592128176,2026-08-13T10:35:28.176,1,1
1582,588aca26ed1bfc095abf2de16bf97b57,90.0,3,1786592129176,2026-08-13T10:35:29.176,1,1
1583,588aca26ed1bfc095abf2de16bf97b57,90.0,3,1786592130176,2026-08-13T10:35:30.176,1,1
1584,588aca26ed1bfc095abf2de16bf97b57,90.0,3,1786592131176,2026-08-13T10:35:31.176,1,1
1585,588aca26ed1bfc095abf2de16bf97b57,90.0,3,1786592132178,2026-08-13T10:35:32.178,1,1
1586,588aca26ed1bfc095abf2de16bf97b57,90.0,3,1786592133185,2026-08-13T10:35:33.185,1,1
1587,588aca26ed1bfc095abf2de16bf97b57,90.0,3,1786592134178,2026-08-13T10:35:34.178,1,1
1588,588aca26ed1bfc095abf2de16bf97b57,90.0,3,1786592135177,2026-08-13T10:35:35.177,1,1
1589,588aca26ed1bfc095abf2de16bf97b57,90.0,3,1786592136186,2026-08-13T10:35:36.186,1,1
1590,588aca26ed1bfc095abf2de16bf97b57,90.0,3,1786592137183,2026-08-13T10:35:37.183,1,1
1591,588aca26ed1bfc095abf2de16bf97b57,89.0,3,1786592138183,2026-08-13T10:35:38.183,1,1
1592,588aca26ed1bfc095abf2de16bf97b57,89.0,3,1786592139183,2026-08-13T10:35:39.183,1,1
1593,588aca26ed1bfc095abf2de16bf97b57,90.0,3,1786592140183,2026-08-13T10:35:40.183,1,1
1594,588aca26ed1bfc095abf2de16bf97b57,90.0,3,1786592141182,2026-08-13T10:35:41.182,1,1
1595,588aca26ed1bfc095abf2de16bf97b57,90.0,3,1786592142180,2026-08-13T10:35:42.180,1,1
1596,588aca26ed1bfc095abf2de16bf97b57,90.0,3,1786592143177,2026-08-13T10:35:43.177,1,1
1597,588aca26ed1bfc095abf2de16bf97b57,90.0,3,1786592144178,2026-08-13T10:35:44.178,1,1
1598,588aca26ed1bfc095abf2de16bf97b57,90.0,3,1786592145177,2026-08-13T10:35:45.177,1,1
1599,588aca26ed1bfc095abf2de16bf97b57,90.0,3,1786592146176,2026-08-13T10:35:46.176,1,1
1600,588aca26ed1bfc095abf2de16bf97b57,90.0,3,1786592147176,2026-08-13T10:35:47.176,1,1
1601,588aca26ed1bfc095abf2de16bf97b57,90.0,3,1786592148176,2026-08-13T10:35:48.176,1,1
1602,588aca26ed1bfc095abf2de16bf97b57,90.0,3,1786592149177,2026-08-13T10:35:49.177,1,1
1603,588aca26ed1bfc095abf2de16bf97b57,91.0,3,1786592150176,2026-08-13T10:35:50.176,1,1
1604,588aca26ed1bfc095abf2de16bf97b57,91.0,3,1786592151177,2026-08-13T10:35:51.177,1,1
1605,588aca26ed1bfc095abf2de16bf97b57,91.0,3,1786592152176,2026-08-13T10:35:52.176,1,1
1606,588aca26ed1bfc095abf2de16bf97b57,91.0,3,1786592153176,2026-08-13T10:35:53.176,1,1
1607,588aca26ed1bfc095abf2de16bf97b57,90.0,3,1786592154177,2026-08-13T10:35:54.177,1,1
1608,588aca26ed1bfc095abf2de16bf97b57,91.0,3,1786592155177,2026-08-13T10:35:55.177,1,1
1609,588aca26ed1bfc095abf2de16bf97b57,91.0,3,1786592156177,2026-08-13T10:35:56.177,1,1
1610,588aca26ed1bfc095abf2de16bf97b57,91.0,3,1786592157177,2026-08-13T10:35:57.177,1,1
1611,588aca26ed1bfc095abf2de16bf97b57,90.0,3,1786592158186,2026-08-13T10:35:58.186,1,1
1612,588aca26ed1bfc095abf2de16bf97b57,90.0,3,1786592159176,2026-08-13T10:35:59.176,1,1
1613,588aca26ed1bfc095abf2de16bf97b57,90.0,3,1786592160177,2026-08-13T10:36:00.177,1,1
1614,588aca26ed1bfc095abf2de16bf97b57,89.0,3,1786592161177,2026-08-13T10:36:01.177,1,1
1615,588aca26ed1bfc095abf2de16bf97b57,89.0,3,1786592162176,2026-08-13T10:36:02.176,1,1
1616,588aca26ed1bfc095abf2de16bf97b57,90.0,3,1786592163176,2026-08-13T10:36:03.176,1,1
1617,588aca26ed1bfc095abf2de16bf97b57,90.0,3,1786592164176,2026-08-13T10:36:04.176,1,1
1618,588aca26ed1bfc095abf2de16bf97b57,90.0,3,1786592165179,2026-08-13T10:36:05.179,1,1
1619,588aca26ed1bfc095abf2de16bf97b57,91.0,3,1786592166177,2026-08-13T10:36:06.177,1,1
1620,588aca26ed1bfc095abf2de16bf97b57,91.0,3,1786592167176,2026-08-13T10:36:07.176,1,1
1621,588aca26ed1bfc095abf2de16bf97b57,91.0,3,1786592168178,2026-08-13T10:36:08.178,1,1
1622,588aca26ed1bfc095abf2de16bf97b57,91.0,3,1786592169178,2026-08-13T10:36:09.178,1,1
1623,588aca26ed1bfc095abf2de16bf97b57,92.0,3,1786592170177,2026-08-13T10:36:10.177,1,1
1624,588aca26ed1bfc095abf2de16bf97b57,92.0,3,1786592171176,2026-08-13T10:36:11.176,1,1
1625,588aca26ed1bfc095abf2de16bf97b57,93.0,3,1786592172176,2026-08-13T10:36:12.176,1,1
1626,588aca26ed1bfc095abf2de16bf97b57,94.0,3,1786592173177,2026-08-13T10:36:13.177,1,1
1627,588aca26ed1bfc095abf2de16bf97b57,95.0,3,1786592174176,2026-08-13T10:36:14.176,1,1
1628,588aca26ed1bfc095abf2de16bf97b57,95.0,3,1786592175177,2026-08-13T10:36:15.177,1,1
1629,588aca26ed1bfc095abf2de16bf97b57,96.0,3,1786592176177,2026-08-13T10:36:16.177,1,1
1630,588aca26ed1bfc095abf2de16bf97b57,96.0,3,1786592177177,2026-08-13T10:36:17.177,1,1
1631,588aca26ed1bfc095abf2de16bf97b57,96.0,3,1786592178176,2026-08-13T10:36:18.176,1,1
1632,588aca26ed1bfc095abf2de16bf97b57,96.0,3,1786592179176,2026-08-13T10:36:19.176,1,1
1633,588aca26ed1bfc095abf2de16bf97b57,97.0,3,1786592180176,2026-08-13T10:36:20.176,1,1
1634,588aca26ed1bfc095abf2de16bf97b57,97.0,3,1786592181179,2026-08-13T10:36:21.179,1,1
1635,588aca26ed1bfc095abf2de16bf97b57,97.0,3,1786592182178,2026-08-13T10:36:22.178,1,1
1636,588aca26ed1bfc095abf2de16bf97b57,97.0,3,1786592183179,2026-08-13T10:36:23.179,1,1
1637,588aca26ed1bfc095abf2de16bf97b57,98.0,3,1786592184178,2026-08-13T10:36:24.178,1,1
1638,588aca26ed1bfc095abf2de16bf97b57,98.0,3,1786592185181,2026-08-13T10:36:25.181,1,1
1639,588aca26ed1bfc095abf2de16bf97b57,99.0,3,1786592186177,2026-08-13T10:36:26.177,1,1
1640,588aca26ed1bfc095abf2de16bf97b57,99.0,3,1786592187176,2026-08-13T10:36:27.176,1,1
1641,588aca26ed1bfc095abf2de16bf97b57,99.0,3,1786592188177,2026-08-13T10:36:28.177,1,1
1642,588aca26ed1bfc095abf2de16bf97b57,99.0,3,1786592189176,2026-08-13T10:36:29.176,1,1
1643,588aca26ed1bfc095abf2de16bf97b57,98.0,3,1786592190175,2026-08-13T10:36:30.175,1,1
1644,588aca26ed1bfc095abf2de16bf97b57,97.0,3,1786592191176,2026-08-13T10:36:31.176,1,1
1645,588aca26ed1bfc095abf2de16bf97b57,96.0,3,1786592192177,2026-08-13T10:36:32.177,1,1
1646,588aca26ed1bfc095abf2de16bf97b57,95.0,3,1786592193176,2026-08-13T10:36:33.176,1,1
1647,588aca26ed1bfc095abf2de16bf97b57,94.0,3,1786592194176,2026-08-13T10:36:34.176,1,1
1648,588aca26ed1bfc095abf2de16bf97b57,93.0,3,1786592195176,2026-08-13T10:36:35.176,1,1
1649,588aca26ed1bfc095abf2de16bf97b57,92.0,3,1786592196177,2026-08-13T10:36:36.177,1,1
1650,588aca26ed1bfc095abf2de16bf97b57,91.0,3,1786592197176,2026-08-13T10:36:37.176,1,1
1651,588aca26ed1bfc095abf2de16bf97b57,91.0,3,1786592198176,2026-08-13T10:36:38.176,1,1
1652,588aca26ed1bfc095abf2de16bf97b57,91.0,3,1786592199185,2026-08-13T10:36:39.185,1,1
1653,588aca26ed1bfc095abf2de16bf97b57,91.0,3,1786592200182,2026-08-13T10:36:40.182,1,1
1654,588aca26ed1bfc095abf2de16bf97b57,91.0,3,1786592201183,2026-08-13T10:36:41.183,1,1
1655,588aca26ed1bfc095abf2de16bf97b57,91.0,3,1786592202180,2026-08-13T10:36:42.180,1,1
1656,588aca26ed1bfc095abf2de16bf97b57,91.0,3,1786592203178,2026-08-13T10:36:43.178,1,1
1657,588aca26ed1bfc095abf2de16bf97b57,92.0,3,1786592204178,2026-08-13T10:36:44.178,1,1
1658,588aca26ed1bfc095abf2de16bf97b57,92.0,3,1786592205177,2026-08-13T10:36:45.177,1,1
1659,588aca26ed1bfc095abf2de16bf97b57,92.0,3,1786592206177,2026-08-13T10:36:46.177,1,1
1660,588aca26ed1bfc095abf2de16bf97b57,92.0,3,1786592207176,2026-08-13T10:36:47.176,1,1
1661,588aca26ed1bfc095abf2de16bf97b57,92.0,3,1786592208177,2026-08-13T10:36:48.177,1,1
1662,588aca26ed1bfc095abf2de16bf97b57,91.0,3,1786592209176,2026-08-13T10:36:49.176,1,1
1663,588aca26ed1bfc095abf2de16bf97b57,90.0,3,1786592210176,2026-08-13T10:36:50.176,1,1
1664,588aca26ed1bfc095abf2de16bf97b57,90.0,3,1786592211177,2026-08-13T10:36:51.177,1,1
1665,588aca26ed1bfc095abf2de16bf97b57,90.0,3,1786592212178,2026-08-13T10:36:52.178,1,1
1666,588aca26ed1bfc095abf2de16bf97b57,89.0,3,1786592213176,2026-08-13T10:36:53.176,1,1
1667,588aca26ed1bfc095abf2de16bf97b57,90.0,3,1786592214177,2026-08-13T10:36:54.177,1,1
1668,588aca26ed1bfc095abf2de16bf97b57,90.0,3,1786592215177,2026-08-13T10:36:55.177,1,1
1669,588aca26ed1bfc095abf2de16bf97b57,90.0,3,1786592216177,2026-08-13T10:36:56.177,1,1
1670,588aca26ed1bfc095abf2de16bf97b57,91.0,3,1786592217177,2026-08-13T10:36:57.177,1,1
1671,588aca26ed1bfc095abf2de16bf97b57,92.0,3,1786592218176,2026-08-13T10:36:58.176,1,1
1672,588aca26ed1bfc095abf2de16bf97b57,92.0,3,1786592219177,2026-08-13T10:36:59.177,1,1
1673,588aca26ed1bfc095abf2de16bf97b57,94.0,3,1786592220176,2026-08-13T10:37:00.176,1,1
1674,588aca26ed1bfc095abf2de16bf97b57,94.0,3,1786592221176,2026-08-13T10:37:01.176,1,1
1675,588aca26ed1bfc095abf2de16bf97b57,95.0,3,1786592222176,2026-08-13T10:37:02.176,1,1
1676,588aca26ed1bfc095abf2de16bf97b57,95.0,3,1786592223177,2026-08-13T10:37:03.177,1,1
1677,588aca26ed1bfc095abf2de16bf97b57,94.0,3,1786592224184,2026-08-13T10:37:04.184,1,1
1678,588aca26ed1bfc095abf2de16bf97b57,94.0,3,1786592225184,2026-08-13T10:37:05.184,1,1
1679,588aca26ed1bfc095abf2de16bf97b57,93.0,3,1786592226176,2026-08-13T10:37:06.176,1,1
1680,588aca26ed1bfc095abf2de16bf97b57,94.0,3,1786592227178,2026-08-13T10:37:07.178,1,1
1681,588aca26ed1bfc095abf2de16bf97b57,93.0,3,1786592228179,2026-08-13T10:37:08.179,1,1
1682,588aca26ed1bfc095abf2de16bf97b57,95.0,3,1786592229179,2026-08-13T10:37:09.179,1,1
1683,588aca26ed1bfc095abf2de16bf97b57,96.0,3,1786592230179,2026-08-13T10:37:10.179,1,1
1684,588aca26ed1bfc095abf2de16bf97b57,96.0,3,1786592231178,2026-08-13T10:37:11.178,1,1
1685,588aca26ed1bfc095abf2de16bf97b57,96.0,3,1786592232179,2026-08-13T10:37:12.179,1,1
1686,588aca26ed1bfc095abf2de16bf97b57,96.0,3,1786592233177,2026-08-13T10:37:13.177,1,1
1687,588aca26ed1bfc095abf2de16bf97b57,97.0,3,1786592234179,2026-08-13T10:37:14.179,1,1
1688,588aca26ed1bfc095abf2de16bf97b57,98.0,3,1786592235179,2026-08-13T10:37:15.179,1,1
1689,588aca26ed1bfc095abf2de16bf97b57,100.0,3,1786592236178,2026-08-13T10:37:16.178,1,1
1690,588aca26ed1bfc095abf2de16bf97b57,99.0,3,1786592237179,2026-08-13T10:37:17.179,1,1
1691,588aca26ed1bfc095abf2de16bf97b57,101.0,3,1786592238178,2026-08-13T10:37:18.178,1,1
1692,588aca26ed1bfc095abf2de16bf97b57,100.0,3,1786592239178,2026-08-13T10:37:19.178,1,1
1693,588aca26ed1bfc095abf2de16bf97b57,99.0,3,1786592240177,2026-08-13T10:37:20.177,1,1
1694,588aca26ed1bfc095abf2de16bf97b57,100.0,3,1786592241177,2026-08-13T10:37:21.177,1,1
1695,588aca26ed1bfc095abf2de16bf97b57,100.0,3,1786592242177,2026-08-13T10:37:22.177,1,1
1696,588aca26ed1bfc095abf2de16bf97b57,99.0,3,1786592243176,2026-08-13T10:37:23.176,1,1
1697,588aca26ed1bfc095abf2de16bf97b57,99.0,3,1786592244183,2026-08-13T10:37:24.183,1,1
1698,588aca26ed1bfc095abf2de16bf97b57,101.0,3,1786592245177,2026-08-13T10:37:25.177,1,1
1699,588aca26ed1bfc095abf2de16bf97b57,102.0,3,1786592246179,2026-08-13T10:37:26.179,1,1
1700,588aca26ed1bfc095abf2de16bf97b57,101.0,3,1786592247179,2026-08-13T10:37:27.179,1,1
1701,588aca26ed1bfc095abf2de16bf97b57,100.0,3,1786592248176,2026-08-13T10:37:28.176,1,1
1702,588aca26ed1bfc095abf2de16bf97b57,101.0,3,1786592249178,2026-08-13T10:37:29.178,1,1
1703,588aca26ed1bfc095abf2de16bf97b57,102.0,3,1786592250176,2026-08-13T10:37:30.176,1,1
1704,588aca26ed1bfc095abf2de16bf97b57,102.0,3,1786592251178,2026-08-13T10:37:31.178,1,1
1705,588aca26ed1bfc095abf2de16bf97b57,101.0,3,1786592252176,2026-08-13T10:37:32.176,1,1
1706,588aca26ed1bfc095abf2de16bf97b57,103.0,3,1786592253178,2026-08-13T10:37:33.178,1,1
1707,588aca26ed1bfc095abf2de16bf97b57,104.0,3,1786592254183,2026-08-13T10:37:34.183,1,1
1708,588aca26ed1bfc095abf2de16bf97b57,105.0,3,1786592255183,2026-08-13T10:37:35.183,1,1
1709,588aca26ed1bfc095abf2de16bf97b57,104.0,3,1786592256176,2026-08-13T10:37:36.176,1,1
1710,588aca26ed1bfc095abf2de16bf97b57,102.0,3,1786592257176,2026-08-13T10:37:37.176,1,1
1711,588aca26ed1bfc095abf2de16bf97b57,103.0,3,1786592258176,2026-08-13T10:37:38.176,1,1
1712,588aca26ed1bfc095abf2de16bf97b57,105.0,3,1786592259176,2026-08-13T10:37:39.176,1,1
1713,588aca26ed1bfc095abf2de16bf97b57,105.0,3,1786592260176,2026-08-13T10:37:40.176,1,1
1714,588aca26ed1bfc095abf2de16bf97b57,105.0,3,1786592261176,2026-08-13T10:37:41.176,1,1
1715,588aca26ed1bfc095abf2de16bf97b57,104.0,3,1786592262176,2026-08-13T10:37:42.176,1,1
1716,588aca26ed1bfc095abf2de16bf97b57,105.0,3,1786592263179,2026-08-13T10:37:43.179,1,1
1717,588aca26ed1bfc095abf2de16bf97b57,105.0,3,1786592264178,2026-08-13T10:37:44.178,1,1
1718,588aca26ed1bfc095abf2de16bf97b57,105.0,3,1786592265177,2026-08-13T10:37:45.177,1,0
1719,588aca26ed1bfc095abf2de16bf97b57,105.0,3,1786592266177,2026-08-13T10:37:46.177,1,1
1720,588aca26ed1bfc095abf2de16bf97b57,104.0,3,1786592267177,2026-08-13T10:37:47.177,1,1
1721,588aca26ed1bfc095abf2de16bf97b57,104.0,3,1786592268178,2026-08-13T10:37:48.178,1,1
1722,588aca26ed1bfc095abf2de16bf97b57,104.0,3,1786592269178,2026-08-13T10:37:49.178,1,1
1723,588aca26ed1bfc095abf2de16bf97b57,105.0,3,1786592270179,2026-08-13T10:37:50.179,1,1
1724,588aca26ed1bfc095abf2de16bf97b57,104.0,3,1786592271179,2026-08-13T10:37:51.179,1,1
1725,588aca26ed1bfc095abf2de16bf97b57,104.0,3,1786592272178,2026-08-13T10:37:52.178,1,1
1726,588aca26ed1bfc095abf2de16bf97b57,103.0,3,1786592273179,2026-08-13T10:37:53.179,1,1
1727,588aca26ed1bfc095abf2de16bf97b57,103.0,3,1786592274297,2026-08-13T10:37:54.297,1,1
1728,588aca26ed1bfc095abf2de16bf97b57,103.0,3,1786592275177,2026-08-13T10:37:55.177,1,1
1729,588aca26ed1bfc095abf2de16bf97b57,103.0,3,1786592276178,2026-08-13T10:37:56.178,1,1
1730,588aca26ed1bfc095abf2de16bf97b57,104.0,3,1786592277177,2026-08-13T10:37:57.177,1,1
1731,588aca26ed1bfc095abf2de16bf97b57,104.0,3,1786592278177,2026-08-13T10:37:58.177,1,1
1732,588aca26ed1bfc095abf2de16bf97b57,105.0,3,1786592279176,2026-08-13T10:37:59.176,1,1
1733,588aca26ed1bfc095abf2de16bf97b57,105.0,3,1786592280176,2026-08-13T10:38:00.176,1,1
1734,588aca26ed1bfc095abf2de16bf97b57,105.0,3,1786592281176,2026-08-13T10:38:01.176,1,1
1735,588aca26ed1bfc095abf2de16bf97b57,105.0,3,1786592282176,2026-08-13T10:38:02.176,1,1
1736,588aca26ed1bfc095abf2de16bf97b57,106.0,3,1786592283177,2026-08-13T10:38:03.177,1,1
1737,588aca26ed1bfc095abf2de16bf97b57,106.0,3,1786592284186,2026-08-13T10:38:04.186,1,1
1738,588aca26ed1bfc095abf2de16bf97b57,106.0,3,1786592285176,2026-08-13T10:38:05.176,1,1
1739,588aca26ed1bfc095abf2de16bf97b57,106.0,3,1786592286177,2026-08-13T10:38:06.177,1,1
1740,588aca26ed1bfc095abf2de16bf97b57,106.0,3,1786592287176,2026-08-13T10:38:07.176,1,1
1741,588aca26ed1bfc095abf2de16bf97b57,104.0,3,1786592288176,2026-08-13T10:38:08.176,1,1
1742,588aca26ed1bfc095abf2de16bf97b57,105.0,3,1786592289177,2026-08-13T10:38:09.177,1,1
1743,588aca26ed1bfc095abf2de16bf97b57,103.0,3,1786592290177,2026-08-13T10:38:10.177,1,1
1744,588aca26ed1bfc095abf2de16bf97b57,103.0,3,1786592291176,2026-08-13T10:38:11.176,1,1
1745,588aca26ed1bfc095abf2de16bf97b57,103.0,3,1786592292176,2026-08-13T10:38:12.176,1,1
1746,588aca26ed1bfc095abf2de16bf97b57,102.0,3,1786592293179,2026-08-13T10:38:13.179,1,1
1747,588aca26ed1bfc095abf2de16bf97b57,101.0,3,1786592294177,2026-08-13T10:38:14.177,1,1
1748,588aca26ed1bfc095abf2de16bf97b57,100.0,3,1786592295176,2026-08-13T10:38:15.176,1,1
1749,588aca26ed1bfc095abf2de16bf97b57,100.0,3,1786592296176,2026-08-13T10:38:16.176,1,1
1750,588aca26ed1bfc095abf2de16bf97b57,100.0,3,1786592297176,2026-08-13T10:38:17.176,1,1
1751,588aca26ed1bfc095abf2de16bf97b57,101.0,3,1786592298179,2026-08-13T10:38:18.179,1,1
1752,588aca26ed1bfc095abf2de16bf97b57,100.0,3,1786592299179,2026-08-13T10:38:19.179,1,1
1753,588aca26ed1bfc095abf2de16bf97b57,100.0,3,1786592300178,2026-08-13T10:38:20.178,1,1
1754,588aca26ed1bfc095abf2de16bf97b57,100.0,3,1786592301178,2026-08-13T10:38:21.178,1,1
1755,588aca26ed1bfc095abf2de16bf97b57,99.0,3,1786592302176,2026-08-13T10:38:22.176,1,1
1756,588aca26ed1bfc095abf2de16bf97b57,99.0,3,1786592303179,2026-08-13T10:38:23.179,1,1
1757,588aca26ed1bfc095abf2de16bf97b57,100.0,3,1786592304179,2026-08-13T10:38:24.179,1,1
1758,588aca26ed1bfc095abf2de16bf97b57,99.0,3,1786592305179,2026-08-13T10:38:25.179,1,1
1759,588aca26ed1bfc095abf2de16bf97b57,100.0,3,1786592306178,2026-08-13T10:38:26.178,1,1
1760,588aca26ed1bfc095abf2de16bf97b57,98.0,3,1786592307179,2026-08-13T10:38:27.179,1,1
1761,588aca26ed1bfc095abf2de16bf97b57,99.0,3,1786592308179,2026-08-13T10:38:28.179,1,1
1762,588aca26ed1bfc095abf2de16bf97b57,101.0,3,1786592309179,2026-08-13T10:38:29.179,1,1
1763,588aca26ed1bfc095abf2de16bf97b57,100.0,3,1786592310179,2026-08-13T10:38:30.179,1,1
1764,588aca26ed1bfc095abf2de16bf97b57,98.0,3,1786592311178,2026-08-13T10:38:31.178,1,1
1765,588aca26ed1bfc095abf2de16bf97b57,97.0,3,1786592312179,2026-08-13T10:38:32.179,1,1
1766,588aca26ed1bfc095abf2de16bf97b57,95.0,3,1786592313179,2026-08-13T10:38:33.179,1,1
1767,588aca26ed1bfc095abf2de16bf97b57,96.0,3,1786592314179,2026-08-13T10:38:34.179,1,1
1768,588aca26ed1bfc095abf2de16bf97b57,97.0,3,1786592315179,2026-08-13T10:38:35.179,1,1
1769,588aca26ed1bfc095abf2de16bf97b57,96.0,3,1786592316179,2026-08-13T10:38:36.179,1,1
1770,588aca26ed1bfc095abf2de16bf97b57,96.0,3,1786592317179,2026-08-13T10:38:37.179,1,1
1771,588aca26ed1bfc095abf2de16bf97b57,96.0,3,1786592318179,2026-08-13T10:38:38.179,1,1
1772,588aca26ed1bfc095abf2de16bf97b57,95.0,3,1786592319179,2026-08-13T10:38:39.179,1,1
1773,588aca26ed1bfc095abf2de16bf97b57,95.0,3,1786592320179,2026-08-13T10:38:40.179,1,1
1774,588aca26ed1bfc095abf2de16bf97b57,95.0,3,1786592321179,2026-08-13T10:38:41.179,1,1
1775,588aca26ed1bfc095abf2de16bf97b57,96.0,3,1786592322179,2026-08-13T10:38:42.179,1,1
1776,588aca26ed1bfc095abf2de16bf97b57,96.0,3,1786592323176,2026-08-13T10:38:43.176,1,1
1777,588aca26ed1bfc095abf2de16bf97b57,96.0,3,1786592324176,2026-08-13T10:38:44.176,1,1
1778,588aca26ed1bfc095abf2de16bf97b57,98.0,3,1786592325177,2026-08-13T10:38:45.177,1,1
1779,588aca26ed1bfc095abf2de16bf97b57,97.0,3,1786592326176,2026-08-13T10:38:46.176,1,1
1780,588aca26ed1bfc095abf2de16bf97b57,97.0,3,1786592327176,2026-08-13T10:38:47.176,1,1
1781,588aca26ed1bfc095abf2de16bf97b57,98.0,3,1786592328179,2026-08-13T10:38:48.179,1,1
1782,588aca26ed1bfc095abf2de16bf97b57,98.0,3,1786592329179,2026-08-13T10:38:49.179,1,1
1783,588aca26ed1bfc095abf2de16bf97b57,98.0,3,1786592330178,2026-08-13T10:38:50.178,1,1
1784,588aca26ed1bfc095abf2de16bf97b57,97.0,3,1786592331272,2026-08-13T10:38:51.272,1,1
1785,588aca26ed1bfc095abf2de16bf97b57,99.0,3,1786592332177,2026-08-13T10:38:52.177,1,1
1786,588aca26ed1bfc095abf2de16bf97b57,100.0,3,1786592333176,2026-08-13T10:38:53.176,1,1
1787,588aca26ed1bfc095abf2de16bf97b57,102.0,3,1786592334178,2026-08-13T10:38:54.178,1,1
1788,588aca26ed1bfc095abf2de16bf97b57,103.0,3,1786592335177,2026-08-13T10:38:55.177,1,1
1789,588aca26ed1bfc095abf2de16bf97b57,104.0,3,1786592336176,2026-08-13T10:38:56.176,1,1
1790,588aca26ed1bfc095abf2de16bf97b57,105.0,3,1786592337177,2026-08-13T10:38:57.177,1,1
1791,588aca26ed1bfc095abf2de16bf97b57,104.0,3,1786592338179,2026-08-13T10:38:58.179,1,1
1792,588aca26ed1bfc095abf2de16bf97b57,104.0,3,1786592339179,2026-08-13T10:38:59.179,1,1
1793,588aca26ed1bfc095abf2de16bf97b57,104.0,3,1786592340179,2026-08-13T10:39:00.179,1,1
1794,588aca26ed1bfc095abf2de16bf97b57,104.0,3,1786592341178,2026-08-13T10:39:01.178,1,1
1795,588aca26ed1bfc095abf2de16bf97b57,105.0,3,1786592342179,2026-08-13T10:39:02.179,1,1
1796,588aca26ed1bfc095abf2de16bf97b57,104.0,3,1786592343179,2026-08-13T10:39:03.179,1,1
1797,588aca26ed1bfc095abf2de16bf97b57,105.0,3,1786592344179,2026-08-13T10:39:04.179,1,1
1798,588aca26ed1bfc095abf2de16bf97b57,105.0,3,1786592345179,2026-08-13T10:39:05.179,1,1
1799,588aca26ed1bfc095abf2de16bf97b57,105.0,3,1786592346179,2026-08-13T10:39:06.179,1,1
1800,588aca26ed1bfc095abf2de16bf97b57,105.0,3,1786592347179,2026-08-13T10:39:07.179,1,1
1801,588aca26ed1bfc095abf2de16bf97b57,105.0,3,1786592348179,2026-08-13T10:39:08.179,1,1
1802,588aca26ed1bfc095abf2de16bf97b57,104.0,3,1786592349179,2026-08-13T10:39:09.179,1,1
1803,588aca26ed1bfc095abf2de16bf97b57,103.0,3,1786592350179,2026-08-13T10:39:10.179,1,1
1804,588aca26ed1bfc095abf2de16bf97b57,104.0,3,1786592351176,2026-08-13T10:39:11.176,1,1
1805,588aca26ed1bfc095abf2de16bf97b57,104.0,3,1786592352177,2026-08-13T10:39:12.177,1,1
1806,588aca26ed1bfc095abf2de16bf97b57,103.0,3,1786592353177,2026-08-13T10:39:13.177,1,1
1807,588aca26ed1bfc095abf2de16bf97b57,102.0,3,1786592354176,2026-08-13T10:39:14.176,1,1
1808,588aca26ed1bfc095abf2de16bf97b57,101.0,3,1786592355179,2026-08-13T10:39:15.179,1,1
1809,588aca26ed1bfc095abf2de16bf97b57,100.0,3,1786592356186,2026-08-13T10:39:16.186,1,1
1810,588aca26ed1bfc095abf2de16bf97b57,101.0,3,1786592357185,2026-08-13T10:39:17.185,1,1
1811,588aca26ed1bfc095abf2de16bf97b57,102.0,3,1786592358176,2026-08-13T10:39:18.176,1,1
1812,588aca26ed1bfc095abf2de16bf97b57,101.0,3,1786592359182,2026-08-13T10:39:19.182,1,1
1813,588aca26ed1bfc095abf2de16bf97b57,101.0,3,1786592360181,2026-08-13T10:39:20.181,1,1
1814,588aca26ed1bfc095abf2de16bf97b57,100.0,3,1786592361178,2026-08-13T10:39:21.178,1,1
1815,588aca26ed1bfc095abf2de16bf97b57,100.0,3,1786592362179,2026-08-13T10:39:22.179,1,1
1816,588aca26ed1bfc095abf2de16bf97b57,101.0,3,1786592363179,2026-08-13T10:39:23.179,1,1
1817,588aca26ed1bfc095abf2de16bf97b57,99.0,3,1786592364177,2026-08-13T10:39:24.177,1,1
1818,588aca26ed1bfc095abf2de16bf97b57,97.0,3,1786592365177,2026-08-13T10:39:25.177,1,1
1819,588aca26ed1bfc095abf2de16bf97b57,98.0,3,1786592366177,2026-08-13T10:39:26.177,1,1
1820,588aca26ed1bfc095abf2de16bf97b57,99.0,3,1786592367177,2026-08-13T10:39:27.177,1,1
1821,588aca26ed1bfc095abf2de16bf97b57,98.0,3,1786592368182,2026-08-13T10:39:28.182,1,1
1822,588aca26ed1bfc095abf2de16bf97b57,98.0,3,1786592369177,2026-08-13T10:39:29.177,1,1
1823,588aca26ed1bfc095abf2de16bf97b57,97.0,3,1786592370176,2026-08-13T10:39:30.176,1,1
1824,588aca26ed1bfc095abf2de16bf97b57,96.0,3,1786592371176,2026-08-13T10:39:31.176,1,1
1825,588aca26ed1bfc095abf2de16bf97b57,95.0,3,1786592372176,2026-08-13T10:39:32.176,1,1
1826,588aca26ed1bfc095abf2de16bf97b57,93.0,3,1786592373177,2026-08-13T10:39:33.177,1,1
1827,588aca26ed1bfc095abf2de16bf97b57,92.0,3,1786592374177,2026-08-13T10:39:34.177,1,1
1828,588aca26ed1bfc095abf2de16bf97b57,92.0,3,1786592375178,2026-08-13T10:39:35.178,1,1
1829,588aca26ed1bfc095abf2de16bf97b57,92.0,3,1786592376177,2026-08-13T10:39:36.177,1,1
1830,588aca26ed1bfc095abf2de16bf97b57,92.0,3,1786592377177,2026-08-13T10:39:37.177,1,1
1831,588aca26ed1bfc095abf2de16bf97b57,92.0,3,1786592378176,2026-08-13T10:39:38.176,1,1
1832,588aca26ed1bfc095abf2de16bf97b57,92.0,3,1786592379176,2026-08-13T10:39:39.176,1,1
1833,588aca26ed1bfc095abf2de16bf97b57,91.0,3,1786592380177,2026-08-13T10:39:40.177,1,1
1834,588aca26ed1bfc095abf2de16bf97b57,90.0,3,1786592381177,2026-08-13T10:39:41.177,1,1
1835,588aca26ed1bfc095abf2de16bf97b57,89.0,3,1786592382177,2026-08-13T10:39:42.177,1,1
1836,588aca26ed1bfc095abf2de16bf97b57,88.0,3,1786592383177,2026-08-13T10:39:43.177,1,1
1837,588aca26ed1bfc095abf2de16bf97b57,88.0,3,1786592384176,2026-08-13T10:39:44.176,1,1
1838,588aca26ed1bfc095abf2de16bf97b57,88.0,3,1786592385176,2026-08-13T10:39:45.176,1,1
1839,588aca26ed1bfc095abf2de16bf97b57,88.0,3,1786592386176,2026-08-13T10:39:46.176,1,1
1840,588aca26ed1bfc095abf2de16bf97b57,88.0,3,1786592387177,2026-08-13T10:39:47.177,1,1
1841,588aca26ed1bfc095abf2de16bf97b57,88.0,3,1786592388176,2026-08-13T10:39:48.176,1,1
1842,588aca26ed1bfc095abf2de16bf97b57,87.0,3,1786592389177,2026-08-13T10:39:49.177,1,1
1843,588aca26ed1bfc095abf2de16bf97b57,87.0,3,1786592390185,2026-08-13T10:39:50.185,1,1
1844,588aca26ed1bfc095abf2de16bf97b57,87.0,3,1786592391182,2026-08-13T10:39:51.182,1,1
1845,588aca26ed1bfc095abf2de16bf97b57,87.0,3,1786592392180,2026-08-13T10:39:52.180,1,1
1846,588aca26ed1bfc095abf2de16bf97b57,88.0,3,1786592393178,2026-08-13T10:39:53.178,1,1
1847,588aca26ed1bfc095abf2de16bf97b57,88.0,3,1786592394176,2026-08-13T10:39:54.176,1,1
1848,588aca26ed1bfc095abf2de16bf97b57,88.0,3,1786592395177,2026-08-13T10:39:55.177,1,1
1849,588aca26ed1bfc095abf2de16bf97b57,88.0,3,1786592396178,2026-08-13T10:39:56.178,1,1
1850,588aca26ed1bfc095abf2de16bf97b57,88.0,3,1786592397178,2026-08-13T10:39:57.178,1,1
1851,588aca26ed1bfc095abf2de16bf97b57,89.0,3,1786592398186,2026-08-13T10:39:58.186,1,1
1852,588aca26ed1bfc095abf2de16bf97b57,89.0,3,1786592399177,2026-08-13T10:39:59.177,1,1
1853,588aca26ed1bfc095abf2de16bf97b57,89.0,3,1786592400178,2026-08-13T10:40:00.178,1,1
1854,588aca26ed1bfc095abf2de16bf97b57,89.0,3,1786592401177,2026-08-13T10:40:01.177,1,1
1855,588aca26ed1bfc095abf2de16bf97b57,88.0,3,1786592402182,2026-08-13T10:40:02.182,1,1
1856,588aca26ed1bfc095abf2de16bf97b57,87.0,3,1786592403177,2026-08-13T10:40:03.177,1,1
1857,588aca26ed1bfc095abf2de16bf97b57,86.0,3,1786592404176,2026-08-13T10:40:04.176,1,1
1858,588aca26ed1bfc095abf2de16bf97b57,85.0,3,1786592405182,2026-08-13T10:40:05.182,1,1
1859,588aca26ed1bfc095abf2de16bf97b57,84.0,3,1786592406176,2026-08-13T10:40:06.176,1,1
1860,588aca26ed1bfc095abf2de16bf97b57,84.0,3,1786592407178,2026-08-13T10:40:07.178,1,1
1861,588aca26ed1bfc095abf2de16bf97b57,84.0,3,1786592408178,2026-08-13T10:40:08.178,1,1
1862,588aca26ed1bfc095abf2de16bf97b57,83.0,3,1786592409176,2026-08-13T10:40:09.176,1,1
1863,588aca26ed1bfc095abf2de16bf97b57,83.0,3,1786592410176,2026-08-13T10:40:10.176,1,1
1864,588aca26ed1bfc095abf2de16bf97b57,83.0,3,1786592411177,2026-08-13T10:40:11.177,1,1
1865,588aca26ed1bfc095abf2de16bf97b57,83.0,3,1786592412177,2026-08-13T10:40:12.177,1,1
1866,588aca26ed1bfc095abf2de16bf97b57,84.0,3,1786592413176,2026-08-13T10:40:13.176,1,1
1867,588aca26ed1bfc095abf2de16bf97b57,85.0,3,1786592414176,2026-08-13T10:40:14.176,1,1
1868,588aca26ed1bfc095abf2de16bf97b57,86.0,3,1786592415177,2026-08-13T10:40:15.177,1,1
1869,588aca26ed1bfc095abf2de16bf97b57,86.0,3,1786592416176,2026-08-13T10:40:16.176,1,1
1870,588aca26ed1bfc095abf2de16bf97b57,86.0,3,1786592417176,2026-08-13T10:40:17.176,1,1
1871,588aca26ed1bfc095abf2de16bf97b57,85.0,3,1786592418176,2026-08-13T10:40:18.176,1,1
1872,588aca26ed1bfc095abf2de16bf97b57,85.0,3,1786592419176,2026-08-13T10:40:19.176,1,1
1873,588aca26ed1bfc095abf2de16bf97b57,84.0,3,1786592420186,2026-08-13T10:40:20.186,1,1
1874,588aca26ed1bfc095abf2de16bf97b57,84.0,3,1786592421185,2026-08-13T10:40:21.185,1,1
1875,588aca26ed1bfc095abf2de16bf97b57,84.0,3,1786592422182,2026-08-13T10:40:22.182,1,1
1876,588aca26ed1bfc095abf2de16bf97b57,83.0,3,1786592423181,2026-08-13T10:40:23.181,1,1
1877,588aca26ed1bfc095abf2de16bf97b57,83.0,3,1786592424179,2026-08-13T10:40:24.179,1,1
1878,588aca26ed1bfc095abf2de16bf97b57,82.0,3,1786592425181,2026-08-13T10:40:25.181,1,1
1879,588aca26ed1bfc095abf2de16bf97b57,82.0,3,1786592426181,2026-08-13T10:40:26.181,1,1
1880,588aca26ed1bfc095abf2de16bf97b57,81.0,3,1786592427178,2026-08-13T10:40:27.178,1,1
1881,588aca26ed1bfc095abf2de16bf97b57,80.0,3,1786592428178,2026-08-13T10:40:28.178,1,1
1882,588aca26ed1bfc095abf2de16bf97b57,80.0,3,1786592429177,2026-08-13T10:40:29.177,1,1
1883,588aca26ed1bfc095abf2de16bf97b57,80.0,3,1786592430176,2026-08-13T10:40:30.176,1,1
1884,588aca26ed1bfc095abf2de16bf97b57,81.0,3,1786592431176,2026-08-13T10:40:31.176,1,1
1885,588aca26ed1bfc095abf2de16bf97b57,81.0,3,1786592432176,2026-08-13T10:40:32.176,1,1
1886,588aca26ed1bfc095abf2de16bf97b57,81.0,3,1786592433176,2026-08-13T10:40:33.176,1,1
1887,588aca26ed1bfc095abf2de16bf97b57,81.0,3,1786592434178,2026-08-13T10:40:34.178,1,1
1888,588aca26ed1bfc095abf2de16bf97b57,82.0,3,1786592435178,2026-08-13T10:40:35.178,1,1
1889,588aca26ed1bfc095abf2de16bf97b57,83.0,3,1786592436176,2026-08-13T10:40:36.176,1,1
1890,588aca26ed1bfc095abf2de16bf97b57,83.0,3,1786592437177,2026-08-13T10:40:37.177,1,1
1891,588aca26ed1bfc095abf2de16bf97b57,83.0,3,1786592438177,2026-08-13T10:40:38.177,1,1
1892,588aca26ed1bfc095abf2de16bf97b57,83.0,3,1786592439177,2026-08-13T10:40:39.177,1,1
1893,588aca26ed1bfc095abf2de16bf97b57,82.0,3,1786592440176,2026-08-13T10:40:40.176,1,1
1894,588aca26ed1bfc095abf2de16bf97b57,81.0,3,1786592441176,2026-08-13T10:40:41.176,1,1
1895,588aca26ed1bfc095abf2de16bf97b57,81.0,3,1786592442176,2026-08-13T10:40:42.176,1,1
1896,588aca26ed1bfc095abf2de16bf97b57,81.0,3,1786592443176,2026-08-13T10:40:43.176,1,1
1897,588aca26ed1bfc095abf2de16bf97b57,81.0,3,1786592444184,2026-08-13T10:40:44.184,1,1
1898,588aca26ed1bfc095abf2de16bf97b57,81.0,3,1786592445182,2026-08-13T10:40:45.182,1,1
1899,588aca26ed1bfc095abf2de16bf97b57,81.0,3,1786592446183,2026-08-13T10:40:46.183,1,1
1900,588aca26ed1bfc095abf2de16bf97b57,82.0,3,1786592447181,2026-08-13T10:40:47.181,1,1
1901,588aca26ed1bfc095abf2de16bf97b57,82.0,3,1786592448179,2026-08-13T10:40:48.179,1,1
1902,588aca26ed1bfc095abf2de16bf97b57,81.0,3,1786592449179,2026-08-13T10:40:49.179,1,1
1903,588aca26ed1bfc095abf2de16bf97b57,80.0,3,1786592450179,2026-08-13T10:40:50.179,1,1
1904,588aca26ed1bfc095abf2de16bf97b57,80.0,3,1786592451179,2026-08-13T10:40:51.179,1,1
1905,588aca26ed1bfc095abf2de16bf97b57,79.0,3,1786592452176,2026-08-13T10:40:52.176,1,1
1906,588aca26ed1bfc095abf2de16bf97b57,80.0,3,1786592453176,2026-08-13T10:40:53.176,1,1
1907,588aca26ed1bfc095abf2de16bf97b57,80.0,3,1786592454177,2026-08-13T10:40:54.177,1,1
1908,588aca26ed1bfc095abf2de16bf97b57,80.0,3,1786592455176,2026-08-13T10:40:55.176,1,1
1909,588aca26ed1bfc095abf2de16bf97b57,80.0,3,1786592456176,2026-08-13T10:40:56.176,1,1
1910,588aca26ed1bfc095abf2de16bf97b57,79.0,3,1786592457181,2026-08-13T10:40:57.181,1,1
1911,588aca26ed1bfc095abf2de16bf97b57,79.0,3,1786592458177,2026-08-13T10:40:58.177,1,1
1912,588aca26ed1bfc095abf2de16bf97b57,78.0,3,1786592459178,2026-08-13T10:40:59.178,1,1
1913,588aca26ed1bfc095abf2de16bf97b57,78.0,3,1786592460177,2026-08-13T10:41:00.177,1,1
1914,588aca26ed1bfc095abf2de16bf97b57,78.0,3,1786592461177,2026-08-13T10:41:01.177,1,1
1915,588aca26ed1bfc095abf2de16bf97b57,78.0,3,1786592462177,2026-08-13T10:41:02.177,1,1
1916,588aca26ed1bfc095abf2de16bf97b57,78.0,3,1786592463177,2026-08-13T10:41:03.177,1,1
1917,588aca26ed1bfc095abf2de16bf97b57,79.0,3,1786592464176,2026-08-13T10:41:04.176,1,1
1918,588aca26ed1bfc095abf2de16bf97b57,79.0,3,1786592465176,2026-08-13T10:41:05.176,1,1
1919,588aca26ed1bfc095abf2de16bf97b57,79.0,3,1786592466177,2026-08-13T10:41:06.177,1,1
1920,588aca26ed1bfc095abf2de16bf97b57,79.0,3,1786592467177,2026-08-13T10:41:07.177,1,1
1921,588aca26ed1bfc095abf2de16bf97b57,78.0,3,1786592468177,2026-08-13T10:41:08.177,1,1
1922,588aca26ed1bfc095abf2de16bf97b57,78.0,3,1786592469176,2026-08-13T10:41:09.176,1,1
1923,588aca26ed1bfc095abf2de16bf97b57,78.0,3,1786592470176,2026-08-13T10:41:10.176,1,1
1924,588aca26ed1bfc095abf2de16bf97b57,78.0,3,1786592471176,2026-08-13T10:41:11.176,1,1
1925,588aca26ed1bfc095abf2de16bf97b57,78.0,3,1786592472176,2026-08-13T10:41:12.176,1,1
1926,588aca26ed1bfc095abf2de16bf97b57,78.0,3,1786592473176,2026-08-13T10:41:13.176,1,1
1927,588aca26ed1bfc095abf2de16bf97b57,78.0,3,1786592474177,2026-08-13T10:41:14.177,1,1
1928,588aca26ed1bfc095abf2de16bf97b57,78.0,3,1786592475177,2026-08-13T10:41:15.177,1,1
1929,588aca26ed1bfc095abf2de16bf97b57,78.0,3,1786592476176,2026-08-13T10:41:16.176,1,1
1930,588aca26ed1bfc095abf2de16bf97b57,78.0,3,1786592477177,2026-08-13T10:41:17.177,1,1
1931,588aca26ed1bfc095abf2de16bf97b57,78.0,3,1786592478176,2026-08-13T10:41:18.176,1,1
1932,588aca26ed1bfc095abf2de16bf97b57,79.0,3,1786592479176,2026-08-13T10:41:19.176,1,1
1933,588aca26ed1bfc095abf2de16bf97b57,79.0,3,1786592480177,2026-08-13T10:41:20.177,1,1
1934,588aca26ed1bfc095abf2de16bf97b57,78.0,3,1786592481176,2026-08-13T10:41:21.176,1,1
1935,588aca26ed1bfc095abf2de16bf97b57,78.0,3,1786592482176,2026-08-13T10:41:22.176,1,1
1936,588aca26ed1bfc095abf2de16bf97b57,77.0,3,1786592483176,2026-08-13T10:41:23.176,1,1
1937,588aca26ed1bfc095abf2de16bf97b57,77.0,3,1786592484176,2026-08-13T10:41:24.176,1,1
1938,588aca26ed1bfc095abf2de16bf97b57,76.0,3,1786592485176,2026-08-13T10:41:25.176,1,1
1939,588aca26ed1bfc095abf2de16bf97b57,76.0,3,1786592486176,2026-08-13T10:41:26.176,1,0
1940,588aca26ed1bfc095abf2de16bf97b57,76.0,3,1786592487176,2026-08-13T10:41:27.176,1,1
1941,588aca26ed1bfc095abf2de16bf97b57,76.0,3,1786592488176,2026-08-13T10:41:28.176,1,1
1942,588aca26ed1bfc095abf2de16bf97b57,76.0,3,1786592489176,2026-08-13T10:41:29.176,1,1
1943,588aca26ed1bfc095abf2de16bf97b57,76.0,3,1786592490176,2026-08-13T10:41:30.176,1,1
1944,588aca26ed1bfc095abf2de16bf97b57,77.0,3,1786592491214,2026-08-13T10:41:31.214,1,1
1945,588aca26ed1bfc095abf2de16bf97b57,77.0,3,1786592492176,2026-08-13T10:41:32.176,1,1
1946,588aca26ed1bfc095abf2de16bf97b57,77.0,3,1786592493179,2026-08-13T10:41:33.179,1,1
1947,588aca26ed1bfc095abf2de16bf97b57,77.0,3,1786592494177,2026-08-13T10:41:34.177,1,1
1948,588aca26ed1bfc095abf2de16bf97b57,77.0,3,1786592495177,2026-08-13T10:41:35.177,1,1
1949,588aca26ed1bfc095abf2de16bf97b57,78.0,3,1786592496176,2026-08-13T10:41:36.176,1,1
1950,588aca26ed1bfc095abf2de16bf97b57,78.0,3,1786592497178,2026-08-13T10:41:37.178,1,1
1951,588aca26ed1bfc095abf2de16bf97b57,79.0,3,1786592498186,2026-08-13T10:41:38.186,1,1
1952,588aca26ed1bfc095abf2de16bf97b57,79.0,3,1786592499186,2026-08-13T10:41:39.186,1,1
1953,588aca26ed1bfc095abf2de16bf97b57,79.0,3,1786592500177,2026-08-13T10:41:40.177,1,1
1954,588aca26ed1bfc095abf2de16bf97b57,79.0,3,1786592501184,2026-08-13T10:41:41.184,1,1
1955,588aca26ed1bfc095abf2de16bf97b57,79.0,3,1786592502183,2026-08-13T10:41:42.183,1,1
1956,588aca26ed1bfc095abf2de16bf97b57,78.0,3,1786592503182,2026-08-13T10:41:43.182,1,1
1957,588aca26ed1bfc095abf2de16bf97b57,78.0,3,1786592504182,2026-08-13T10:41:44.182,1,1
1958,588aca26ed1bfc095abf2de16bf97b57,78.0,3,1786592505180,2026-08-13T10:41:45.180,1,1
1959,588aca26ed1bfc095abf2de16bf97b57,78.0,3,1786592506176,2026-08-13T10:41:46.176,1,1
1960,588aca26ed1bfc095abf2de16bf97b57,78.0,3,1786592507178,2026-08-13T10:41:47.178,1,1
1961,588aca26ed1bfc095abf2de16bf97b57,78.0,3,1786592508179,2026-08-13T10:41:48.179,1,1
1962,588aca26ed1bfc095abf2de16bf97b57,78.0,3,1786592509178,2026-08-13T10:41:49.178,1,1
1963,588aca26ed1bfc095abf2de16bf97b57,78.0,3,1786592510177,2026-08-13T10:41:50.177,1,1
1964,588aca26ed1bfc095abf2de16bf97b57,78.0,3,1786592511176,2026-08-13T10:41:51.176,1,1
1965,588aca26ed1bfc095abf2de16bf97b57,77.0,3,1786592512177,2026-08-13T10:41:52.177,1,1
1966,588aca26ed1bfc095abf2de16bf97b57,77.0,3,1786592513177,2026-08-13T10:41:53.177,1,1
1967,588aca26ed1bfc095abf2de16bf97b57,78.0,3,1786592514183,2026-08-13T10:41:54.183,1,1
1968,588aca26ed1bfc095abf2de16bf97b57,78.0,3,1786592515176,2026-08-13T10:41:55.176,1,1
1969,588aca26ed1bfc095abf2de16bf97b57,80.0,3,1786592516176,2026-08-13T10:41:56.176,1,1
1970,588aca26ed1bfc095abf2de16bf97b57,81.0,3,1786592517178,2026-08-13T10:41:57.178,1,1
1971,588aca26ed1bfc095abf2de16bf97b57,82.0,3,1786592518180,2026-08-13T10:41:58.180,1,1
1972,588aca26ed1bfc095abf2de16bf97b57,82.0,3,1786592519179,2026-08-13T10:41:59.179,1,1
1973,588aca26ed1bfc095abf2de16bf97b57,82.0,3,1786592520178,2026-08-13T10:42:00.178,1,1
1974,588aca26ed1bfc095abf2de16bf97b57,82.0,3,1786592521177,2026-08-13T10:42:01.177,1,1
1975,588aca26ed1bfc095abf2de16bf97b57,82.0,3,1786592522177,2026-08-13T10:42:02.177,1,1
1976,588aca26ed1bfc095abf2de16bf97b57,81.0,3,1786592523177,2026-08-13T10:42:03.177,1,1
1977,588aca26ed1bfc095abf2de16bf97b57,81.0,3,1786592524177,2026-08-13T10:42:04.177,1,1
1978,588aca26ed1bfc095abf2de16bf97b57,81.0,3,1786592525176,2026-08-13T10:42:05.176,1,1
1979,588aca26ed1bfc095abf2de16bf97b57,81.0,3,1786592526177,2026-08-13T10:42:06.177,1,1
1980,588aca26ed1bfc095abf2de16bf97b57,80.0,3,1786592527176,2026-08-13T10:42:07.176,1,1
1981,588aca26ed1bfc095abf2de16bf97b57,80.0,3,1786592528176,2026-08-13T10:42:08.176,1,1
1982,588aca26ed1bfc095abf2de16bf97b57,79.0,3,1786592529176,2026-08-13T10:42:09.176,1,1
1983,588aca26ed1bfc095abf2de16bf97b57,79.0,3,1786592530176,2026-08-13T10:42:10.176,1,1
1984,588aca26ed1bfc095abf2de16bf97b57,79.0,3,1786592531176,2026-08-13T10:42:11.176,1,1
1985,588aca26ed1bfc095abf2de16bf97b57,79.0,3,1786592532176,2026-08-13T10:42:12.176,1,1
1986,588aca26ed1bfc095abf2de16bf97b57,79.0,3,1786592533176,2026-08-13T10:42:13.176,1,1
1987,588aca26ed1bfc095abf2de16bf97b57,79.0,3,1786592534176,2026-08-13T10:42:14.176,1,1
1988,588aca26ed1bfc095abf2de16bf97b57,80.0,3,1786592535176,2026-08-13T10:42:15.176,1,1
1989,588aca26ed1bfc095abf2de16bf97b57,80.0,3,1786592536177,2026-08-13T10:42:16.177,1,1
1990,588aca26ed1bfc095abf2de16bf97b57,80.0,3,1786592537177,2026-08-13T10:42:17.177,1,1
1991,588aca26ed1bfc095abf2de16bf97b57,80.0,3,1786592538177,2026-08-13T10:42:18.177,1,1
1992,588aca26ed1bfc095abf2de16bf97b57,80.0,3,1786592539177,2026-08-13T10:42:19.177,1,1
1993,588aca26ed1bfc095abf2de16bf97b57,80.0,3,1786592540179,2026-08-13T10:42:20.179,1,1
1994,588aca26ed1bfc095abf2de16bf97b57,80.0,3,1786592541176,2026-08-13T10:42:21.176,1,1
1995,588aca26ed1bfc095abf2de16bf97b57,80.0,3,1786592542176,2026-08-13T10:42:22.176,1,1
1996,588aca26ed1bfc095abf2de16bf97b57,81.0,3,1786592543177,2026-08-13T10:42:23.177,1,1
1997,588aca26ed1bfc095abf2de16bf97b57,81.0,3,1786592544177,2026-08-13T10:42:24.177,1,1
1998,588aca26ed1bfc095abf2de16bf97b57,81.0,3,1786592545178,2026-08-13T10:42:25.178,1,1
1999,588aca26ed1bfc095abf2de16bf97b57,80.0,3,1786592546178,2026-08-13T10:42:26.178,1,1
2000,588aca26ed1bfc095abf2de16bf97b57,81.0,3,1786592547186,2026-08-13T10:42:27.186,1,1
2001,588aca26ed1bfc095abf2de16bf97b57,82.0,3,1786592548178,2026-08-13T10:42:28.178,1,1
2002,588aca26ed1bfc095abf2de16bf97b57,84.0,3,1786592549176,2026-08-13T10:42:29.176,1,1
2003,588aca26ed1bfc095abf2de16bf97b57,84.0,3,1786592550176,2026-08-13T10:42:30.176,1,1
2004,588aca26ed1bfc095abf2de16bf97b57,85.0,3,1786592551176,2026-08-13T10:42:31.176,1,1
2005,588aca26ed1bfc095abf2de16bf97b57,85.0,3,1786592552387,2026-08-13T10:42:32.387,1,1
2006,588aca26ed1bfc095abf2de16bf97b57,87.0,3,1786592553389,2026-08-13T10:42:33.389,1,1
2007,588aca26ed1bfc095abf2de16bf97b57,87.0,3,1786592554387,2026-08-13T10:42:34.387,1,1
2008,588aca26ed1bfc095abf2de16bf97b57,89.0,3,1786592555388,2026-08-13T10:42:35.388,1,1
2009,588aca26ed1bfc095abf2de16bf97b57,90.0,3,1786592556389,2026-08-13T10:42:36.389,1,1
2010,588aca26ed1bfc095abf2de16bf97b57,91.0,3,1786592557387,2026-08-13T10:42:37.387,1,1
2011,588aca26ed1bfc095abf2de16bf97b57,94.0,3,1786592558387,2026-08-13T10:42:38.387,1,1
2012,588aca26ed1bfc095abf2de16bf97b57,96.0,3,1786592559392,2026-08-13T10:42:39.392,1,1
2013,588aca26ed1bfc095abf2de16bf97b57,97.0,3,1786592560391,2026-08-13T10:42:40.391,1,1
2014,588aca26ed1bfc095abf2de16bf97b57,96.0,3,1786592561387,2026-08-13T10:42:41.387,1,1
2015,588aca26ed1bfc095abf2de16bf97b57,96.0,3,1786592562387,2026-08-13T10:42:42.387,1,1
2016,588aca26ed1bfc095abf2de16bf97b57,95.0,3,1786592563387,2026-08-13T10:42:43.387,1,1
2017,588aca26ed1bfc095abf2de16bf97b57,95.0,3,1786592564387,2026-08-13T10:42:44.387,1,1
2018,588aca26ed1bfc095abf2de16bf97b57,94.0,3,1786592565388,2026-08-13T10:42:45.388,1,1
2019,588aca26ed1bfc095abf2de16bf97b57,93.0,3,1786592566387,2026-08-13T10:42:46.387,1,1
2020,588aca26ed1bfc095abf2de16bf97b57,92.0,3,1786592567387,2026-08-13T10:42:47.387,1,1
2021,588aca26ed1bfc095abf2de16bf97b57,90.0,3,1786592568387,2026-08-13T10:42:48.387,1,1
2022,588aca26ed1bfc095abf2de16bf97b57,89.0,3,1786592569387,2026-08-13T10:42:49.387,1,1
2023,588aca26ed1bfc095abf2de16bf97b57,87.0,3,1786592570387,2026-08-13T10:42:50.387,1,1
2024,588aca26ed1bfc095abf2de16bf97b57,85.0,3,1786592571388,2026-08-13T10:42:51.388,1,1
2025,588aca26ed1bfc095abf2de16bf97b57,84.0,3,1786592572387,2026-08-13T10:42:52.387,1,1
2026,588aca26ed1bfc095abf2de16bf97b57,82.0,3,1786592573387,2026-08-13T10:42:53.387,1,1
2027,588aca26ed1bfc095abf2de16bf97b57,81.0,3,1786592574390,2026-08-13T10:42:54.390,1,1
2028,588aca26ed1bfc095abf2de16bf97b57,81.0,3,1786592575388,2026-08-13T10:42:55.388,1,1
2029,588aca26ed1bfc095abf2de16bf97b57,82.0,3,1786592576391,2026-08-13T10:42:56.391,1,1
2030,588aca26ed1bfc095abf2de16bf97b57,81.0,3,1786592577387,2026-08-13T10:42:57.387,1,1
2031,588aca26ed1bfc095abf2de16bf97b57,81.0,3,1786592578387,2026-08-13T10:42:58.387,1,1
2032,588aca26ed1bfc095abf2de16bf97b57,81.0,3,1786592579387,2026-08-13T10:42:59.387,1,1
2033,588aca26ed1bfc095abf2de16bf97b57,82.0,3,1786592580388,2026-08-13T10:43:00.388,1,1
2034,588aca26ed1bfc095abf2de16bf97b57,84.0,3,1786592581387,2026-08-13T10:43:01.387,1,1
2035,588aca26ed1bfc095abf2de16bf97b57,85.0,3,1786592582388,2026-08-13T10:43:02.388,1,1
2036,588aca26ed1bfc095abf2de16bf97b57,86.0,3,1786592583387,2026-08-13T10:43:03.387,1,1
2037,588aca26ed1bfc095abf2de16bf97b57,87.0,3,1786592584387,2026-08-13T10:43:04.387,1,1
2038,588aca26ed1bfc095abf2de16bf97b57,88.0,3,1786592585388,2026-08-13T10:43:05.388,1,1
2039,588aca26ed1bfc095abf2de16bf97b57,88.0,3,1786592586387,2026-08-13T10:43:06.387,1,1
2040,588aca26ed1bfc095abf2de16bf97b57,88.0,3,1786592587387,2026-08-13T10:43:07.387,1,1
2041,588aca26ed1bfc095abf2de16bf97b57,88.0,3,1786592588388,2026-08-13T10:43:08.388,1,1
2042,588aca26ed1bfc095abf2de16bf97b57,88.0,3,1786592589388,2026-08-13T10:43:09.388,1,1
2043,588aca26ed1bfc095abf2de16bf97b57,88.0,3,1786592590387,2026-08-13T10:43:10.387,1,1
2044,588aca26ed1bfc095abf2de16bf97b57,88.0,3,1786592591388,2026-08-13T10:43:11.388,1,1
2045,588aca26ed1bfc095abf2de16bf97b57,88.0,3,1786592592394,2026-08-13T10:43:12.394,1,1
2046,588aca26ed1bfc095abf2de16bf97b57,88.0,3,1786592593391,2026-08-13T10:43:13.391,1,1
2047,588aca26ed1bfc095abf2de16bf97b57,87.0,3,1786592594393,2026-08-13T10:43:14.393,1,1
2048,588aca26ed1bfc095abf2de16bf97b57,87.0,3,1786592595392,2026-08-13T10:43:15.392,1,1
2049,588aca26ed1bfc095abf2de16bf97b57,87.0,3,1786592596393,2026-08-13T10:43:16.393,1,1
2050,588aca26ed1bfc095abf2de16bf97b57,87.0,3,1786592597393,2026-08-13T10:43:17.393,1,1
2051,588aca26ed1bfc095abf2de16bf97b57,87.0,3,1786592598390,2026-08-13T10:43:18.390,1,1
2052,588aca26ed1bfc095abf2de16bf97b57,88.0,3,1786592599392,2026-08-13T10:43:19.392,1,1
2053,588aca26ed1bfc095abf2de16bf97b57,89.0,3,1786592600389,2026-08-13T10:43:20.389,1,1
2054,588aca26ed1bfc095abf2de16bf97b57,89.0,3,1786592601392,2026-08-13T10:43:21.392,1,1
2055,588aca26ed1bfc095abf2de16bf97b57,89.0,3,1786592602389,2026-08-13T10:43:22.389,1,1
2056,588aca26ed1bfc095abf2de16bf97b57,89.0,3,1786592603387,2026-08-13T10:43:23.387,1,1
2057,588aca26ed1bfc095abf2de16bf97b57,89.0,3,1786592604388,2026-08-13T10:43:24.388,1,1
2058,588aca26ed1bfc095abf2de16bf97b57,88.0,3,1786592605387,2026-08-13T10:43:25.387,1,1
2059,588aca26ed1bfc095abf2de16bf97b57,87.0,3,1786592606387,2026-08-13T10:43:26.387,1,1
2060,588aca26ed1bfc095abf2de16bf97b57,87.0,3,1786592607387,2026-08-13T10:43:27.387,1,1
2061,588aca26ed1bfc095abf2de16bf97b57,86.0,3,1786592608387,2026-08-13T10:43:28.387,1,1
2062,588aca26ed1bfc095abf2de16bf97b57,86.0,3,1786592609388,2026-08-13T10:43:29.388,1,1
2063,588aca26ed1bfc095abf2de16bf97b57,86.0,3,1786592610387,2026-08-13T10:43:30.387,1,1
2064,588aca26ed1bfc095abf2de16bf97b57,86.0,3,1786592611388,2026-08-13T10:43:31.388,1,1
2065,588aca26ed1bfc095abf2de16bf97b57,86.0,3,1786592612388,2026-08-13T10:43:32.388,1,1
2066,588aca26ed1bfc095abf2de16bf97b57,86.0,3,1786592613387,2026-08-13T10:43:33.387,1,1
2067,588aca26ed1bfc095abf2de16bf97b57,86.0,3,1786592614387,2026-08-13T10:43:34.387,1,1
2068,588aca26ed1bfc095abf2de16bf97b57,86.0,3,1786592615388,2026-08-13T10:43:35.388,1,1
2069,588aca26ed1bfc095abf2de16bf97b57,86.0,3,1786592616392,2026-08-13T10:43:36.392,1,1
2070,588aca26ed1bfc095abf2de16bf97b57,86.0,3,1786592617389,2026-08-13T10:43:37.389,1,1
2071,588aca26ed1bfc095abf2de16bf97b57,87.0,3,1786592618390,2026-08-13T10:43:38.390,1,1
2072,588aca26ed1bfc095abf2de16bf97b57,87.0,3,1786592619390,2026-08-13T10:43:39.390,1,1
2073,588aca26ed1bfc095abf2de16bf97b57,88.0,3,1786592620390,2026-08-13T10:43:40.390,1,1
2074,588aca26ed1bfc095abf2de16bf97b57,88.0,3,1786592621388,2026-08-13T10:43:41.388,1,1
2075,588aca26ed1bfc095abf2de16bf97b57,88.0,3,1786592622388,2026-08-13T10:43:42.388,1,1
2076,588aca26ed1bfc095abf2de16bf97b57,89.0,3,1786592623387,2026-08-13T10:43:43.387,1,1
2077,588aca26ed1bfc095abf2de16bf97b57,89.0,3,1786592624388,2026-08-13T10:43:44.388,1,1
2078,588aca26ed1bfc095abf2de16bf97b57,90.0,3,1786592625388,2026-08-13T10:43:45.388,1,1
2079,588aca26ed1bfc095abf2de16bf97b57,89.0,3,1786592626388,2026-08-13T10:43:46.388,1,1
2080,588aca26ed1bfc095abf2de16bf97b57,89.0,3,1786592627387,2026-08-13T10:43:47.387,1,1
2081,588aca26ed1bfc095abf2de16bf97b57,89.0,3,1786592628387,2026-08-13T10:43:48.387,1,1
2082,588aca26ed1bfc095abf2de16bf97b57,89.0,3,1786592629387,2026-08-13T10:43:49.387,1,1
2083,588aca26ed1bfc095abf2de16bf97b57,89.0,3,1786592630387,2026-08-13T10:43:50.387,1,1
2084,588aca26ed1bfc095abf2de16bf97b57,89.0,3,1786592631387,2026-08-13T10:43:51.387,1,1
2085,588aca26ed1bfc095abf2de16bf97b57,88.0,3,1786592632387,2026-08-13T10:43:52.387,1,1
2086,588aca26ed1bfc095abf2de16bf97b57,88.0,3,1786592633388,2026-08-13T10:43:53.388,1,1
2087,588aca26ed1bfc095abf2de16bf97b57,88.0,3,1786592634387,2026-08-13T10:43:54.387,1,1
2088,588aca26ed1bfc095abf2de16bf97b57,87.0,3,1786592635388,2026-08-13T10:43:55.388,1,1
2089,588aca26ed1bfc095abf2de16bf97b57,87.0,3,1786592636388,2026-08-13T10:43:56.388,1,1
2090,588aca26ed1bfc095abf2de16bf97b57,87.0,3,1786592637388,2026-08-13T10:43:57.388,1,1
2091,588aca26ed1bfc095abf2de16bf97b57,87.0,3,1786592638388,2026-08-13T10:43:58.388,1,1
2092,588aca26ed1bfc095abf2de16bf97b57,87.0,3,1786592639388,2026-08-13T10:43:59.388,1,1
2093,588aca26ed1bfc095abf2de16bf97b57,86.0,3,1786592640387,2026-08-13T10:44:00.387,1,1
2094,588aca26ed1bfc095abf2de16bf97b57,86.0,3,1786592641390,2026-08-13T10:44:01.390,1,1
2095,588aca26ed1bfc095abf2de16bf97b57,86.0,3,1786592642389,2026-08-13T10:44:02.389,1,1
2096,588aca26ed1bfc095abf2de16bf97b57,86.0,3,1786592643388,2026-08-13T10:44:03.388,1,1
2097,588aca26ed1bfc095abf2de16bf97b57,86.0,3,1786592644387,2026-08-13T10:44:04.387,1,1
2098,588aca26ed1bfc095abf2de16bf97b57,86.0,3,1786592645389,2026-08-13T10:44:05.389,1,1
2099,588aca26ed1bfc095abf2de16bf97b57,85.0,3,1786592646392,2026-08-13T10:44:06.392,1,1
2100,588aca26ed1bfc095abf2de16bf97b57,86.0,3,1786592647388,2026-08-13T10:44:07.388,1,1
2101,588aca26ed1bfc095abf2de16bf97b57,85.0,3,1786592648388,2026-08-13T10:44:08.388,1,1
2102,588aca26ed1bfc095abf2de16bf97b57,85.0,3,1786592649388,2026-08-13T10:44:09.388,1,1
2103,588aca26ed1bfc095abf2de16bf97b57,85.0,3,1786592650387,2026-08-13T10:44:10.387,1,1
2104,588aca26ed1bfc095abf2de16bf97b57,86.0,3,1786592651387,2026-08-13T10:44:11.387,1,1
2105,588aca26ed1bfc095abf2de16bf97b57,86.0,3,1786592652394,2026-08-13T10:44:12.394,1,1
2106,588aca26ed1bfc095abf2de16bf97b57,87.0,3,1786592653393,2026-08-13T10:44:13.393,1,1
2107,588aca26ed1bfc095abf2de16bf97b57,87.0,3,1786592654393,2026-08-13T10:44:14.393,1,1
2108,588aca26ed1bfc095abf2de16bf97b57,88.0,3,1786592655390,2026-08-13T10:44:15.390,1,1
2109,588aca26ed1bfc095abf2de16bf97b57,88.0,3,1786592656389,2026-08-13T10:44:16.389,1,1
2110,588aca26ed1bfc095abf2de16bf97b57,89.0,3,1786592657388,2026-08-13T10:44:17.388,1,1
2111,588aca26ed1bfc095abf2de16bf97b57,89.0,3,1786592658388,2026-08-13T10:44:18.388,1,1
2112,588aca26ed1bfc095abf2de16bf97b57,89.0,3,1786592659388,2026-08-13T10:44:19.388,1,1
2113,588aca26ed1bfc095abf2de16bf97b57,89.0,3,1786592660388,2026-08-13T10:44:20.388,1,1
2114,588aca26ed1bfc095abf2de16bf97b57,89.0,3,1786592661390,2026-08-13T10:44:21.390,1,1
2115,588aca26ed1bfc095abf2de16bf97b57,89.0,3,1786592662388,2026-08-13T10:44:22.388,1,1
2116,588aca26ed1bfc095abf2de16bf97b57,89.0,3,1786592663388,2026-08-13T10:44:23.388,1,1
2117,588aca26ed1bfc095abf2de16bf97b57,88.0,3,1786592664387,2026-08-13T10:44:24.387,1,1
2118,588aca26ed1bfc095abf2de16bf97b57,88.0,3,1786592665389,2026-08-13T10:44:25.389,1,1
2119,588aca26ed1bfc095abf2de16bf97b57,87.0,3,1786592666389,2026-08-13T10:44:26.389,1,1
2120,588aca26ed1bfc095abf2de16bf97b57,86.0,3,1786592667388,2026-08-13T10:44:27.388,1,1
2121,588aca26ed1bfc095abf2de16bf97b57,86.0,3,1786592668387,2026-08-13T10:44:28.387,1,1
2122,588aca26ed1bfc095abf2de16bf97b57,85.0,3,1786592669388,2026-08-13T10:44:29.388,1,1
2123,588aca26ed1bfc095abf2de16bf97b57,85.0,3,1786592670396,2026-08-13T10:44:30.396,1,1
2124,588aca26ed1bfc095abf2de16bf97b57,85.0,3,1786592671394,2026-08-13T10:44:31.394,1,1
2125,588aca26ed1bfc095abf2de16bf97b57,85.0,3,1786592672389,2026-08-13T10:44:32.389,1,1
2126,588aca26ed1bfc095abf2de16bf97b57,85.0,3,1786592673388,2026-08-13T10:44:33.388,1,1
2127,588aca26ed1bfc095abf2de16bf97b57,84.0,3,1786592674388,2026-08-13T10:44:34.388,1,1
2128,588aca26ed1bfc095abf2de16bf97b57,84.0,3,1786592675388,2026-08-13T10:44:35.388,1,1
2129,588aca26ed1bfc095abf2de16bf97b57,84.0,3,1786592676388,2026-08-13T10:44:36.388,1,1
2130,588aca26ed1bfc095abf2de16bf97b57,84.0,3,1786592677387,2026-08-13T10:44:37.387,1,1
2131,588aca26ed1bfc095abf2de16bf97b57,84.0,3,1786592678389,2026-08-13T10:44:38.389,1,1
2132,588aca26ed1bfc095abf2de16bf97b57,84.0,3,1786592679387,2026-08-13T10:44:39.387,1,1
2133,588aca26ed1bfc095abf2de16bf97b57,84.0,3,1786592680387,2026-08-13T10:44:40.387,1,1
2134,588aca26ed1bfc095abf2de16bf97b57,85.0,3,1786592681387,2026-08-13T10:44:41.387,1,1
2135,588aca26ed1bfc095abf2de16bf97b57,85.0,3,1786592682388,2026-08-13T10:44:42.388,1,1
2136,588aca26ed1bfc095abf2de16bf97b57,87.0,3,1786592683387,2026-08-13T10:44:43.387,1,1
2137,588aca26ed1bfc095abf2de16bf97b57,88.0,3,1786592684388,2026-08-13T10:44:44.388,1,1
2138,588aca26ed1bfc095abf2de16bf97b57,89.0,3,1786592685397,2026-08-13T10:44:45.397,1,1
2139,588aca26ed1bfc095abf2de16bf97b57,90.0,3,1786592686394,2026-08-13T10:44:46.394,1,1
2140,588aca26ed1bfc095abf2de16bf97b57,90.0,3,1786592687390,2026-08-13T10:44:47.390,1,1
2141,588aca26ed1bfc095abf2de16bf97b57,90.0,3,1786592688388,2026-08-13T10:44:48.388,1,1
2142,588aca26ed1bfc095abf2de16bf97b57,90.0,3,1786592689387,2026-08-13T10:44:49.387,1,1
2143,588aca26ed1bfc095abf2de16bf97b57,90.0,3,1786592690387,2026-08-13T10:44:50.387,1,1
2144,588aca26ed1bfc095abf2de16bf97b57,89.0,3,1786592691388,2026-08-13T10:44:51.388,1,1
2145,588aca26ed1bfc095abf2de16bf97b57,89.0,3,1786592692391,2026-08-13T10:44:52.391,1,1
2146,588aca26ed1bfc095abf2de16bf97b57,88.0,3,1786592693389,2026-08-13T10:44:53.389,1,1
2147,588aca26ed1bfc095abf2de16bf97b57,88.0,3,1786592694388,2026-08-13T10:44:54.388,1,1
2148,588aca26ed1bfc095abf2de16bf97b57,88.0,3,1786592695388,2026-08-13T10:44:55.388,1,1
2149,588aca26ed1bfc095abf2de16bf97b57,88.0,3,1786592696387,2026-08-13T10:44:56.387,1,1
2150,588aca26ed1bfc095abf2de16bf97b57,87.0,3,1786592697387,2026-08-13T10:44:57.387,1,1
2151,588aca26ed1bfc095abf2de16bf97b57,87.0,3,1786592698387,2026-08-13T10:44:58.387,1,1
2152,588aca26ed1bfc095abf2de16bf97b57,87.0,3,1786592699387,2026-08-13T10:44:59.387,1,1
2153,588aca26ed1bfc095abf2de16bf97b57,87.0,3,1786592700392,2026-08-13T10:45:00.392,1,1
2154,588aca26ed1bfc095abf2de16bf97b57,87.0,3,1786592701396,2026-08-13T10:45:01.396,1,1
2155,588aca26ed1bfc095abf2de16bf97b57,87.0,3,1786592702392,2026-08-13T10:45:02.392,1,1
2156,588aca26ed1bfc095abf2de16bf97b57,87.0,3,1786592703388,2026-08-13T10:45:03.388,1,1
2157,588aca26ed1bfc095abf2de16bf97b57,87.0,3,1786592704387,2026-08-13T10:45:04.387,1,1
2158,588aca26ed1bfc095abf2de16bf97b57,87.0,3,1786592705387,2026-08-13T10:45:05.387,1,1
2159,588aca26ed1bfc095abf2de16bf97b57,87.0,3,1786592706387,2026-08-13T10:45:06.387,1,1
2160,588aca26ed1bfc095abf2de16bf97b57,87.0,3,1786592707389,2026-08-13T10:45:07.389,1,1
2161,588aca26ed1bfc095abf2de16bf97b57,86.0,3,1786592708397,2026-08-13T10:45:08.397,1,1
2162,588aca26ed1bfc095abf2de16bf97b57,86.0,3,1786592709390,2026-08-13T10:45:09.390,1,1
2163,588aca26ed1bfc095abf2de16bf97b57,86.0,3,1786592710387,2026-08-13T10:45:10.387,1,1
2164,588aca26ed1bfc095abf2de16bf97b57,86.0,3,1786592711387,2026-08-13T10:45:11.387,1,1
2165,588aca26ed1bfc095abf2de16bf97b57,86.0,3,1786592712388,2026-08-13T10:45:12.388,1,1
2166,588aca26ed1bfc095abf2de16bf97b57,86.0,3,1786592713387,2026-08-13T10:45:13.387,1,1
2167,588aca26ed1bfc095abf2de16bf97b57,87.0,3,1786592714388,2026-08-13T10:45:14.388,1,1
2168,588aca26ed1bfc095abf2de16bf97b57,87.0,3,1786592715408,2026-08-13T10:45:15.408,1,1
2169,588aca26ed1bfc095abf2de16bf97b57,87.0,3,1786592716397,2026-08-13T10:45:16.397,1,1
2170,588aca26ed1bfc095abf2de16bf97b57,88.0,3,1786592717398,2026-08-13T10:45:17.398,1,1
2171,588aca26ed1bfc095abf2de16bf97b57,88.0,3,1786592718390,2026-08-13T10:45:18.390,1,0
2172,588aca26ed1bfc095abf2de16bf97b57,87.0,3,1786592719389,2026-08-13T10:45:19.389,1,1
2173,588aca26ed1bfc095abf2de16bf97b57,87.0,3,1786592720387,2026-08-13T10:45:20.387,1,1
2174,588aca26ed1bfc095abf2de16bf97b57,87.0,3,1786592721388,2026-08-13T10:45:21.388,1,1
2175,588aca26ed1bfc095abf2de16bf97b57,86.0,3,1786592722390,2026-08-13T10:45:22.390,1,1
2176,588aca26ed1bfc095abf2de16bf97b57,85.0,3,1786592723387,2026-08-13T10:45:23.387,1,1
2177,588aca26ed1bfc095abf2de16bf97b57,85.0,3,1786592724387,2026-08-13T10:45:24.387,1,1
2178,588aca26ed1bfc095abf2de16bf97b57,85.0,3,1786592725388,2026-08-13T10:45:25.388,1,1
2179,588aca26ed1bfc095abf2de16bf97b57,85.0,3,1786592726387,2026-08-13T10:45:26.387,1,1
2180,588aca26ed1bfc095abf2de16bf97b57,85.0,3,1786592727387,2026-08-13T10:45:27.387,1,1
2181,588aca26ed1bfc095abf2de16bf97b57,85.0,3,1786592728387,2026-08-13T10:45:28.387,1,1
2182,588aca26ed1bfc095abf2de16bf97b57,86.0,3,1786592729389,2026-08-13T10:45:29.389,1,1
2183,588aca26ed1bfc095abf2de16bf97b57,85.0,3,1786592730395,2026-08-13T10:45:30.395,1,1
2184,588aca26ed1bfc095abf2de16bf97b57,85.0,3,1786592731393,2026-08-13T10:45:31.393,1,1
2185,588aca26ed1bfc095abf2de16bf97b57,85.0,3,1786592732389,2026-08-13T10:45:32.389,1,1
2186,588aca26ed1bfc095abf2de16bf97b57,84.0,3,1786592733388,2026-08-13T10:45:33.388,1,1
2187,588aca26ed1bfc095abf2de16bf97b57,84.0,3,1786592734388,2026-08-13T10:45:34.388,1,1
2188,588aca26ed1bfc095abf2de16bf97b57,84.0,3,1786592735388,2026-08-13T10:45:35.388,1,1
2189,588aca26ed1bfc095abf2de16bf97b57,84.0,3,1786592736388,2026-08-13T10:45:36.388,1,1
2190,588aca26ed1bfc095abf2de16bf97b57,85.0,3,1786592737399,2026-08-13T10:45:37.399,1,1
2191,588aca26ed1bfc095abf2de16bf97b57,85.0,3,1786592738388,2026-08-13T10:45:38.388,1,1
2192,588aca26ed1bfc095abf2de16bf97b57,85.0,3,1786592739387,2026-08-13T10:45:39.387,1,1
2193,588aca26ed1bfc095abf2de16bf97b57,84.0,3,1786592740388,2026-08-13T10:45:40.388,1,1
2194,588aca26ed1bfc095abf2de16bf97b57,84.0,3,1786592741388,2026-08-13T10:45:41.388,1,1
2195,588aca26ed1bfc095abf2de16bf97b57,84.0,3,1786592742387,2026-08-13T10:45:42.387,1,1
2196,588aca26ed1bfc095abf2de16bf97b57,84.0,3,1786592743388,2026-08-13T10:45:43.388,1,1
2197,588aca26ed1bfc095abf2de16bf97b57,84.0,3,1786592744394,2026-08-13T10:45:44.394,1,1
2198,588aca26ed1bfc095abf2de16bf97b57,84.0,3,1786592745397,2026-08-13T10:45:45.397,1,1
2199,588aca26ed1bfc095abf2de16bf97b57,84.0,3,1786592746392,2026-08-13T10:45:46.392,1,1
2200,588aca26ed1bfc095abf2de16bf97b57,84.0,3,1786592747388,2026-08-13T10:45:47.388,1,1
2201,588aca26ed1bfc095abf2de16bf97b57,84.0,3,1786592748389,2026-08-13T10:45:48.389,1,1
2202,588aca26ed1bfc095abf2de16bf97b57,84.0,3,1786592749388,2026-08-13T10:45:49.388,1,1
2203,588aca26ed1bfc095abf2de16bf97b57,84.0,3,1786592750387,2026-08-13T10:45:50.387,1,1
2204,588aca26ed1bfc095abf2de16bf97b57,84.0,3,1786592751388,2026-08-13T10:45:51.388,1,1
2205,588aca26ed1bfc095abf2de16bf97b57,84.0,3,1786592752389,2026-08-13T10:45:52.389,1,1
2206,588aca26ed1bfc095abf2de16bf97b57,85.0,3,1786592753390,2026-08-13T10:45:53.390,1,1
2207,588aca26ed1bfc095abf2de16bf97b57,85.0,3,1786592754388,2026-08-13T10:45:54.388,1,1
2208,588aca26ed1bfc095abf2de16bf97b57,85.0,3,1786592755387,2026-08-13T10:45:55.387,1,1
2209,588aca26ed1bfc095abf2de16bf97b57,85.0,3,1786592756387,2026-08-13T10:45:56.387,1,1
2210,588aca26ed1bfc095abf2de16bf97b57,85.0,3,1786592757387,2026-08-13T10:45:57.387,1,1
2211,588aca26ed1bfc095abf2de16bf97b57,85.0,3,1786592758388,2026-08-13T10:45:58.388,1,1
2212,588aca26ed1bfc095abf2de16bf97b57,85.0,3,1786592759387,2026-08-13T10:45:59.387,1,1
2213,588aca26ed1bfc095abf2de16bf97b57,85.0,3,1786592760388,2026-08-13T10:46:00.388,1,1
2214,588aca26ed1bfc095abf2de16bf97b57,85.0,3,1786592761387,2026-08-13T10:46:01.387,1,1
2215,588aca26ed1bfc095abf2de16bf97b57,86.0,3,1786592762396,2026-08-13T10:46:02.396,1,1
2216,588aca26ed1bfc095abf2de16bf97b57,86.0,3,1786592763388,2026-08-13T10:46:03.388,1,1
2217,588aca26ed1bfc095abf2de16bf97b57,86.0,3,1786592764390,2026-08-13T10:46:04.390,1,1
2218,588aca26ed1bfc095abf2de16bf97b57,86.0,3,1786592765387,2026-08-13T10:46:05.387,1,1
2219,588aca26ed1bfc095abf2de16bf97b57,86.0,3,1786592766387,2026-08-13T10:46:06.387,1,1
2220,588aca26ed1bfc095abf2de16bf97b57,86.0,3,1786592767388,2026-08-13T10:46:07.388,1,1
2221,588aca26ed1bfc095abf2de16bf97b57,86.0,3,1786592768388,2026-08-13T10:46:08.388,1,1
2222,588aca26ed1bfc095abf2de16bf97b57,86.0,3,1786592769388,2026-08-13T10:46:09.388,1,1
2223,588aca26ed1bfc095abf2de16bf97b57,86.0,3,1786592770388,2026-08-13T10:46:10.388,1,1
2224,588aca26ed1bfc095abf2de16bf97b57,86.0,3,1786592771387,2026-08-13T10:46:11.387,1,1
2225,588aca26ed1bfc095abf2de16bf97b57,85.0,3,1786592772388,2026-08-13T10:46:12.388,1,1
2226,588aca26ed1bfc095abf2de16bf97b57,85.0,3,1786592773387,2026-08-13T10:46:13.387,1,1
2227,588aca26ed1bfc095abf2de16bf97b57,85.0,3,1786592774388,2026-08-13T10:46:14.388,1,1
2228,588aca26ed1bfc095abf2de16bf97b57,85.0,3,1786592775388,2026-08-13T10:46:15.388,1,1
2229,588aca26ed1bfc095abf2de16bf97b57,85.0,3,1786592776388,2026-08-13T10:46:16.388,1,1
2230,588aca26ed1bfc095abf2de16bf97b57,86.0,3,1786592777388,2026-08-13T10:46:17.388,1,1
2231,588aca26ed1bfc095abf2de16bf97b57,86.0,3,1786592778397,2026-08-13T10:46:18.397,1,1
2232,588aca26ed1bfc095abf2de16bf97b57,87.0,3,1786592779391,2026-08-13T10:46:19.391,1,1
2233,588aca26ed1bfc095abf2de16bf97b57,87.0,3,1786592780390,2026-08-13T10:46:20.390,1,1
2234,588aca26ed1bfc095abf2de16bf97b57,86.0,3,1786592781392,2026-08-13T10:46:21.392,1,1
2235,588aca26ed1bfc095abf2de16bf97b57,86.0,3,1786592782391,2026-08-13T10:46:22.391,1,1
2236,588aca26ed1bfc095abf2de16bf97b57,86.0,3,1786592783389,2026-08-13T10:46:23.389,1,1
2237,588aca26ed1bfc095abf2de16bf97b57,87.0,3,1786592784388,2026-08-13T10:46:24.388,1,1
2238,588aca26ed1bfc095abf2de16bf97b57,87.0,3,1786592785387,2026-08-13T10:46:25.387,1,1
2239,588aca26ed1bfc095abf2de16bf97b57,88.0,3,1786592786388,2026-08-13T10:46:26.388,1,1
2240,588aca26ed1bfc095abf2de16bf97b57,88.0,3,1786592787388,2026-08-13T10:46:27.388,1,1
2241,588aca26ed1bfc095abf2de16bf97b57,88.0,3,1786592788390,2026-08-13T10:46:28.390,1,1
2242,588aca26ed1bfc095abf2de16bf97b57,87.0,3,1786592789390,2026-08-13T10:46:29.390,1,1
2243,588aca26ed1bfc095abf2de16bf97b57,86.0,3,1786592790390,2026-08-13T10:46:30.390,1,1
2244,588aca26ed1bfc095abf2de16bf97b57,86.0,3,1786592791387,2026-08-13T10:46:31.387,1,1
2245,588aca26ed1bfc095abf2de16bf97b57,85.0,3,1786592792388,2026-08-13T10:46:32.388,1,1
2246,588aca26ed1bfc095abf2de16bf97b57,85.0,3,1786592793388,2026-08-13T10:46:33.388,1,1
2247,588aca26ed1bfc095abf2de16bf97b57,85.0,3,1786592794388,2026-08-13T10:46:34.388,1,1
2248,588aca26ed1bfc095abf2de16bf97b57,84.0,3,1786592795387,2026-08-13T10:46:35.387,1,1
2249,588aca26ed1bfc095abf2de16bf97b57,84.0,3,1786592796388,2026-08-13T10:46:36.388,1,1
2250,588aca26ed1bfc095abf2de16bf97b57,84.0,3,1786592797388,2026-08-13T10:46:37.388,1,1
2251,588aca26ed1bfc095abf2de16bf97b57,84.0,3,1786592798388,2026-08-13T10:46:38.388,1,1
2252,588aca26ed1bfc095abf2de16bf97b57,84.0,3,1786592799387,2026-08-13T10:46:39.387,1,1
2253,588aca26ed1bfc095abf2de16bf97b57,84.0,3,1786592800387,2026-08-13T10:46:40.387,1,1
2254,588aca26ed1bfc095abf2de16bf97b57,84.0,3,1786592801396,2026-08-13T10:46:41.396,1,1
2255,588aca26ed1bfc095abf2de16bf97b57,84.0,3,1786592802396,2026-08-13T10:46:42.396,1,1
2256,588aca26ed1bfc095abf2de16bf97b57,84.0,3,1786592803394,2026-08-13T10:46:43.394,1,1
2257,588aca26ed1bfc095abf2de16bf97b57,84.0,3,1786592804393,2026-08-13T10:46:44.393,1,1
2258,588aca26ed1bfc095abf2de16bf97b57,84.0,3,1786592805391,2026-08-13T10:46:45.391,1,1
2259,588aca26ed1bfc095abf2de16bf97b57,85.0,3,1786592806388,2026-08-13T10:46:46.388,1,1
2260,588aca26ed1bfc095abf2de16bf97b57,86.0,3,1786592807391,2026-08-13T10:46:47.391,1,1
2261,588aca26ed1bfc095abf2de16bf97b57,86.0,3,1786592808389,2026-08-13T10:46:48.389,1,1
2262,588aca26ed1bfc095abf2de16bf97b57,86.0,3,1786592809387,2026-08-13T10:46:49.387,1,1
2263,588aca26ed1bfc095abf2de16bf97b57,86.0,3,1786592810388,2026-08-13T10:46:50.388,1,1
2264,588aca26ed1bfc095abf2de16bf97b57,86.0,3,1786592811387,2026-08-13T10:46:51.387,1,1
2265,588aca26ed1bfc095abf2de16bf97b57,85.0,3,1786592812387,2026-08-13T10:46:52.387,1,1
2266,588aca26ed1bfc095abf2de16bf97b57,85.0,3,1786592813388,2026-08-13T10:46:53.388,1,1
2267,588aca26ed1bfc095abf2de16bf97b57,85.0,3,1786592814389,2026-08-13T10:46:54.389,1,1
2268,588aca26ed1bfc095abf2de16bf97b57,84.0,3,1786592815390,2026-08-13T10:46:55.390,1,1
2269,588aca26ed1bfc095abf2de16bf97b57,84.0,3,1786592816389,2026-08-13T10:46:56.389,1,1
2270,588aca26ed1bfc095abf2de16bf97b57,84.0,3,1786592817388,2026-08-13T10:46:57.388,1,1
2271,588aca26ed1bfc095abf2de16bf97b57,84.0,3,1786592818387,2026-08-13T10:46:58.387,1,1
2272,588aca26ed1bfc095abf2de16bf97b57,84.0,3,1786592819388,2026-08-13T10:46:59.388,1,1
2273,588aca26ed1bfc095abf2de16bf97b57,83.0,3,1786592820387,2026-08-13T10:47:00.387,1,1
2274,588aca26ed1bfc095abf2de16bf97b57,83.0,3,1786592821391,2026-08-13T10:47:01.391,1,1
2275,588aca26ed1bfc095abf2de16bf97b57,83.0,3,1786592822387,2026-08-13T10:47:02.387,1,1
2276,588aca26ed1bfc095abf2de16bf97b57,83.0,3,1786592823388,2026-08-13T10:47:03.388,1,1
2277,588aca26ed1bfc095abf2de16bf97b57,83.0,3,1786592824387,2026-08-13T10:47:04.387,1,1
2278,588aca26ed1bfc095abf2de16bf97b57,83.0,3,1786592825387,2026-08-13T10:47:05.387,1,1
2279,588aca26ed1bfc095abf2de16bf97b57,83.0,3,1786592826388,2026-08-13T10:47:06.388,1,1
2280,588aca26ed1bfc095abf2de16bf97b57,84.0,3,1786592827388,2026-08-13T10:47:07.388,1,1
2281,588aca26ed1bfc095abf2de16bf97b57,84.0,3,1786592828388,2026-08-13T10:47:08.388,1,1
2282,588aca26ed1bfc095abf2de16bf97b57,84.0,3,1786592829387,2026-08-13T10:47:09.387,1,1
2283,588aca26ed1bfc095abf2de16bf97b57,84.0,3,1786592830388,2026-08-13T10:47:10.388,1,1
2284,588aca26ed1bfc095abf2de16bf97b57,85.0,3,1786592831396,2026-08-13T10:47:11.396,1,1
2285,588aca26ed1bfc095abf2de16bf97b57,85.0,3,1786592832388,2026-08-13T10:47:12.388,1,1
2286,588aca26ed1bfc095abf2de16bf97b57,86.0,3,1786592833394,2026-08-13T10:47:13.394,1,1
2287,588aca26ed1bfc095abf2de16bf97b57,87.0,3,1786592834392,2026-08-13T10:47:14.392,1,1
2288,588aca26ed1bfc095abf2de16bf97b57,88.0,3,1786592835390,2026-08-13T10:47:15.390,1,1
2289,588aca26ed1bfc095abf2de16bf97b57,89.0,3,1786592836388,2026-08-13T10:47:16.388,1,1
2290,588aca26ed1bfc095abf2de16bf97b57,90.0,3,1786592837387,2026-08-13T10:47:17.387,1,1
2291,588aca26ed1bfc095abf2de16bf97b57,91.0,3,1786592838387,2026-08-13T10:47:18.387,1,1
2292,588aca26ed1bfc095abf2de16bf97b57,92.0,3,1786592839387,2026-08-13T10:47:19.387,1,1
2293,588aca26ed1bfc095abf2de16bf97b57,93.0,3,1786592840388,2026-08-13T10:47:20.388,1,1
2294,588aca26ed1bfc095abf2de16bf97b57,93.0,3,1786592841388,2026-08-13T10:47:21.388,1,1
2295,588aca26ed1bfc095abf2de16bf97b57,93.0,3,1786592842387,2026-08-13T10:47:22.387,1,1
2296,588aca26ed1bfc095abf2de16bf97b57,93.0,3,1786592843388,2026-08-13T10:47:23.388,1,1
2297,588aca26ed1bfc095abf2de16bf97b57,92.0,3,1786592844388,2026-08-13T10:47:24.388,1,1
2298,588aca26ed1bfc095abf2de16bf97b57,92.0,3,1786592845388,2026-08-13T10:47:25.388,1,1
2299,588aca26ed1bfc095abf2de16bf97b57,91.0,3,1786592846388,2026-08-13T10:47:26.388,1,1
2300,588aca26ed1bfc095abf2de16bf97b57,91.0,3,1786592847388,2026-08-13T10:47:27.388,1,1
2301,588aca26ed1bfc095abf2de16bf97b57,90.0,3,1786592848387,2026-08-13T10:47:28.387,1,1
2302,588aca26ed1bfc095abf2de16bf97b57,90.0,3,1786592849388,2026-08-13T10:47:29.388,1,1
2303,588aca26ed1bfc095abf2de16bf97b57,89.0,3,1786592850387,2026-08-13T10:47:30.387,1,1
2304,588aca26ed1bfc095abf2de16bf97b57,89.0,3,1786592851389,2026-08-13T10:47:31.389,1,1
2305,588aca26ed1bfc095abf2de16bf97b57,88.0,3,1786592852388,2026-08-13T10:47:32.388,1,1
2306,588aca26ed1bfc095abf2de16bf97b57,88.0,3,1786592853388,2026-08-13T10:47:33.388,1,1
2307,588aca26ed1bfc095abf2de16bf97b57,88.0,3,1786592854404,2026-08-13T10:47:34.404,1,1
2308,588aca26ed1bfc095abf2de16bf97b57,88.0,3,1786592855394,2026-08-13T10:47:35.394,1,1
2309,588aca26ed1bfc095abf2de16bf97b57,89.0,3,1786592856390,2026-08-13T10:47:36.390,1,1
2310,588aca26ed1bfc095abf2de16bf97b57,89.0,3,1786592857389,2026-08-13T10:47:37.389,1,1
2311,588aca26ed1bfc095abf2de16bf97b57,89.0,3,1786592858388,2026-08-13T10:47:38.388,1,1
2312,588aca26ed1bfc095abf2de16bf97b57,89.0,3,1786592859388,2026-08-13T10:47:39.388,1,1
2313,588aca26ed1bfc095abf2de16bf97b57,88.0,3,1786592860387,2026-08-13T10:47:40.387,1,1
2314,588aca26ed1bfc095abf2de16bf97b57,88.0,3,1786592861388,2026-08-13T10:47:41.388,1,1
2315,588aca26ed1bfc095abf2de16bf97b57,87.0,3,1786592862388,2026-08-13T10:47:42.388,1,1
2316,588aca26ed1bfc095abf2de16bf97b57,87.0,3,1786592863388,2026-08-13T10:47:43.388,1,1
2317,588aca26ed1bfc095abf2de16bf97b57,87.0,3,1786592864388,2026-08-13T10:47:44.388,1,1
2318,588aca26ed1bfc095abf2de16bf97b57,87.0,3,1786592865389,2026-08-13T10:47:45.389,1,1
2319,588aca26ed1bfc095abf2de16bf97b57,87.0,3,1786592866387,2026-08-13T10:47:46.387,1,1
2320,588aca26ed1bfc095abf2de16bf97b57,87.0,3,1786592867387,2026-08-13T10:47:47.387,1,1
2321,588aca26ed1bfc095abf2de16bf97b57,87.0,3,1786592868388,2026-08-13T10:47:48.388,1,1
2322,588aca26ed1bfc095abf2de16bf97b57,88.0,3,1786592869387,2026-08-13T10:47:49.387,1,1
2323,588aca26ed1bfc095abf2de16bf97b57,87.0,3,1786592870387,2026-08-13T10:47:50.387,1,1
2324,588aca26ed1bfc095abf2de16bf97b57,87.0,3,1786592871387,2026-08-13T10:47:51.387,1,1
2325,588aca26ed1bfc095abf2de16bf97b57,87.0,3,1786592872388,2026-08-13T10:47:52.388,1,1
2326,588aca26ed1bfc095abf2de16bf97b57,87.0,3,1786592873389,2026-08-13T10:47:53.389,1,1
2327,588aca26ed1bfc095abf2de16bf97b57,87.0,3,1786592874388,2026-08-13T10:47:54.388,1,1
2328,588aca26ed1bfc095abf2de16bf97b57,87.0,3,1786592875387,2026-08-13T10:47:55.387,1,1
2329,588aca26ed1bfc095abf2de16bf97b57,86.0,3,1786592876388,2026-08-13T10:47:56.388,1,1
2330,588aca26ed1bfc095abf2de16bf97b57,87.0,3,1786592877387,2026-08-13T10:47:57.387,1,1
2331,588aca26ed1bfc095abf2de16bf97b57,87.0,3,1786592878387,2026-08-13T10:47:58.387,1,1
2332,588aca26ed1bfc095abf2de16bf97b57,87.0,3,1786592879387,2026-08-13T10:47:59.387,1,1
2333,588aca26ed1bfc095abf2de16bf97b57,87.0,3,1786592880393,2026-08-13T10:48:00.393,1,1
2334,588aca26ed1bfc095abf2de16bf97b57,87.0,3,1786592881394,2026-08-13T10:48:01.394,1,1
2335,588aca26ed1bfc095abf2de16bf97b57,88.0,3,1786592882387,2026-08-13T10:48:02.387,1,1
2336,588aca26ed1bfc095abf2de16bf97b57,88.0,3,1786592883394,2026-08-13T10:48:03.394,1,1
2337,588aca26ed1bfc095abf2de16bf97b57,88.0,3,1786592884388,2026-08-13T10:48:04.388,1,1
2338,588aca26ed1bfc095abf2de16bf97b57,88.0,3,1786592885390,2026-08-13T10:48:05.390,1,1
2339,588aca26ed1bfc095abf2de16bf97b57,87.0,3,1786592886388,2026-08-13T10:48:06.388,1,1
2340,588aca26ed1bfc095abf2de16bf97b57,87.0,3,1786592887387,2026-08-13T10:48:07.387,1,1
2341,588aca26ed1bfc095abf2de16bf97b57,87.0,3,1786592888388,2026-08-13T10:48:08.388,1,1
2342,588aca26ed1bfc095abf2de16bf97b57,88.0,3,1786592889388,2026-08-13T10:48:09.388,1,1
2343,588aca26ed1bfc095abf2de16bf97b57,88.0,3,1786592890388,2026-08-13T10:48:10.388,1,1
2344,588aca26ed1bfc095abf2de16bf97b57,88.0,3,1786592891389,2026-08-13T10:48:11.389,1,1
2345,588aca26ed1bfc095abf2de16bf97b57,89.0,3,1786592892388,2026-08-13T10:48:12.388,1,1
2346,588aca26ed1bfc095abf2de16bf97b57,89.0,3,1786592893387,2026-08-13T10:48:13.387,1,1
2347,588aca26ed1bfc095abf2de16bf97b57,90.0,3,1786592894388,2026-08-13T10:48:14.388,1,1
2348,588aca26ed1bfc095abf2de16bf97b57,91.0,3,1786592895387,2026-08-13T10:48:15.387,1,1
2349,588aca26ed1bfc095abf2de16bf97b57,92.0,3,1786592896387,2026-08-13T10:48:16.387,1,1
2350,588aca26ed1bfc095abf2de16bf97b57,92.0,3,1786592897388,2026-08-13T10:48:17.388,1,1
2351,588aca26ed1bfc095abf2de16bf97b57,92.0,3,1786592898387,2026-08-13T10:48:18.387,1,1
2352,588aca26ed1bfc095abf2de16bf97b57,92.0,3,1786592899388,2026-08-13T10:48:19.388,1,1
2353,588aca26ed1bfc095abf2de16bf97b57,91.0,3,1786592900388,2026-08-13T10:48:20.388,1,1
2354,588aca26ed1bfc095abf2de16bf97b57,91.0,3,1786592901395,2026-08-13T10:48:21.395,1,1
2355,588aca26ed1bfc095abf2de16bf97b57,90.0,3,1786592902393,2026-08-13T10:48:22.393,1,1
2356,588aca26ed1bfc095abf2de16bf97b57,90.0,3,1786592903390,2026-08-13T10:48:23.390,1,1
2357,588aca26ed1bfc095abf2de16bf97b57,89.0,3,1786592904392,2026-08-13T10:48:24.392,1,1
2358,588aca26ed1bfc095abf2de16bf97b57,89.0,3,1786592905390,2026-08-13T10:48:25.390,1,1
2359,588aca26ed1bfc095abf2de16bf97b57,88.0,3,1786592906390,2026-08-13T10:48:26.390,1,1
2360,588aca26ed1bfc095abf2de16bf97b57,88.0,3,1786592907395,2026-08-13T10:48:27.395,1,1
2361,588aca26ed1bfc095abf2de16bf97b57,88.0,3,1786592908387,2026-08-13T10:48:28.387,1,1
2362,588aca26ed1bfc095abf2de16bf97b57,87.0,3,1786592909388,2026-08-13T10:48:29.388,1,1
2363,588aca26ed1bfc095abf2de16bf97b57,87.0,3,1786592910388,2026-08-13T10:48:30.388,1,1
2364,588aca26ed1bfc095abf2de16bf97b57,86.0,3,1786592911388,2026-08-13T10:48:31.388,1,1
2365,588aca26ed1bfc095abf2de16bf97b57,85.0,3,1786592912387,2026-08-13T10:48:32.387,1,1
2366,588aca26ed1bfc095abf2de16bf97b57,85.0,3,1786592913394,2026-08-13T10:48:33.394,1,1
2367,588aca26ed1bfc095abf2de16bf97b57,85.0,3,1786592914391,2026-08-13T10:48:34.391,1,1
2368,588aca26ed1bfc095abf2de16bf97b57,85.0,3,1786592915388,2026-08-13T10:48:35.388,1,1
2369,588aca26ed1bfc095abf2de16bf97b57,86.0,3,1786592916389,2026-08-13T10:48:36.389,1,1
2370,588aca26ed1bfc095abf2de16bf97b57,87.0,3,1786592917388,2026-08-13T10:48:37.388,1,1
2371,588aca26ed1bfc095abf2de16bf97b57,87.0,3,1786592918387,2026-08-13T10:48:38.387,1,1
2372,588aca26ed1bfc095abf2de16bf97b57,87.0,3,1786592919388,2026-08-13T10:48:39.388,1,1
2373,588aca26ed1bfc095abf2de16bf97b57,88.0,3,1786592920388,2026-08-13T10:48:40.388,1,1
2374,588aca26ed1bfc095abf2de16bf97b57,88.0,3,1786592921388,2026-08-13T10:48:41.388,1,1
2375,588aca26ed1bfc095abf2de16bf97b57,88.0,3,1786592922387,2026-08-13T10:48:42.387,1,1
2376,588aca26ed1bfc095abf2de16bf97b57,88.0,3,1786592923387,2026-08-13T10:48:43.387,1,1
2377,588aca26ed1bfc095abf2de16bf97b57,88.0,3,1786592924388,2026-08-13T10:48:44.388,1,1
2378,588aca26ed1bfc095abf2de16bf97b57,88.0,3,1786592925388,2026-08-13T10:48:45.388,1,1
2379,588aca26ed1bfc095abf2de16bf97b57,88.0,3,1786592926387,2026-08-13T10:48:46.387,1,1
2380,588aca26ed1bfc095abf2de16bf97b57,88.0,3,1786592927387,2026-08-13T10:48:47.387,1,1
2381,588aca26ed1bfc095abf2de16bf97b57,88.0,3,1786592928391,2026-08-13T10:48:48.391,1,1
2382,588aca26ed1bfc095abf2de16bf97b57,89.0,3,1786592929395,2026-08-13T10:48:49.395,1,1
2383,588aca26ed1bfc095abf2de16bf97b57,89.0,3,1786592930393,2026-08-13T10:48:50.393,1,1
2384,588aca26ed1bfc095abf2de16bf97b57,89.0,3,1786592931393,2026-08-13T10:48:51.393,1,1
2385,588aca26ed1bfc095abf2de16bf97b57,89.0,3,1786592932390,2026-08-13T10:48:52.390,1,1
2386,588aca26ed1bfc095abf2de16bf97b57,89.0,3,1786592933390,2026-08-13T10:48:53.390,1,1
2387,588aca26ed1bfc095abf2de16bf97b57,89.0,3,1786592934397,2026-08-13T10:48:54.397,1,1
2388,588aca26ed1bfc095abf2de16bf97b57,89.0,3,1786592935388,2026-08-13T10:48:55.388,1,1
2389,588aca26ed1bfc095abf2de16bf97b57,89.0,3,1786592936388,2026-08-13T10:48:56.388,1,1
2390,588aca26ed1bfc095abf2de16bf97b57,89.0,3,1786592937387,2026-08-13T10:48:57.387,1,1
2391,588aca26ed1bfc095abf2de16bf97b57,89.0,3,1786592938387,2026-08-13T10:48:58.387,1,1
2392,588aca26ed1bfc095abf2de16bf97b57,89.0,3,1786592939389,2026-08-13T10:48:59.389,1,1
2393,588aca26ed1bfc095abf2de16bf97b57,88.0,3,1786592940388,2026-08-13T10:49:00.388,1,1
2394,588aca26ed1bfc095abf2de16bf97b57,88.0,3,1786592941394,2026-08-13T10:49:01.394,1,1
2395,588aca26ed1bfc095abf2de16bf97b57,88.0,3,1786592942388,2026-08-13T10:49:02.388,1,1
2396,588aca26ed1bfc095abf2de16bf97b57,88.0,3,1786592943387,2026-08-13T10:49:03.387,1,1
2397,588aca26ed1bfc095abf2de16bf97b57,87.0,3,1786592944387,2026-08-13T10:49:04.387,1,1
2398,588aca26ed1bfc095abf2de16bf97b57,87.0,3,1786592945387,2026-08-13T10:49:05.387,1,1
2399,588aca26ed1bfc095abf2de16bf97b57,87.0,3,1786592946387,2026-08-13T10:49:06.387,1,1
2400,588aca26ed1bfc095abf2de16bf97b57,88.0,3,1786592947387,2026-08-13T10:49:07.387,1,1
2401,588aca26ed1bfc095abf2de16bf97b57,88.0,3,1786592948388,2026-08-13T10:49:08.388,1,1
2402,588aca26ed1bfc095abf2de16bf97b57,88.0,3,1786592949387,2026-08-13T10:49:09.387,1,1
2403,588aca26ed1bfc095abf2de16bf97b57,89.0,3,1786592950387,2026-08-13T10:49:10.387,1,1
2404,588aca26ed1bfc095abf2de16bf97b57,89.0,3,1786592951387,2026-08-13T10:49:11.387,1,1
2405,588aca26ed1bfc095abf2de16bf97b57,89.0,3,1786592952402,2026-08-13T10:49:12.402,1,1
2406,588aca26ed1bfc095abf2de16bf97b57,90.0,3,1786592953404,2026-08-13T10:49:13.404,1,1
2407,588aca26ed1bfc095abf2de16bf97b57,90.0,3,1786592954404,2026-08-13T10:49:14.404,1,1
2408,588aca26ed1bfc095abf2de16bf97b57,90.0,3,1786592955393,2026-08-13T10:49:15.393,1,0
2409,588aca26ed1bfc095abf2de16bf97b57,90.0,3,1786592956394,2026-08-13T10:49:16.394,1,1
2410,588aca26ed1bfc095abf2de16bf97b57,90.0,3,1786592957390,2026-08-13T10:49:17.390,1,1
2411,588aca26ed1bfc095abf2de16bf97b57,91.0,3,1786592958390,2026-08-13T10:49:18.390,1,1
2412,588aca26ed1bfc095abf2de16bf97b57,91.0,3,1786592959388,2026-08-13T10:49:19.388,1,1
2413,588aca26ed1bfc095abf2de16bf97b57,90.0,3,1786592960388,2026-08-13T10:49:20.388,1,1
2414,588aca26ed1bfc095abf2de16bf97b57,90.0,3,1786592961387,2026-08-13T10:49:21.387,1,1
2415,588aca26ed1bfc095abf2de16bf97b57,90.0,3,1786592962388,2026-08-13T10:49:22.388,1,1
2416,588aca26ed1bfc095abf2de16bf97b57,90.0,3,1786592963387,2026-08-13T10:49:23.387,1,1
2417,588aca26ed1bfc095abf2de16bf97b57,90.0,3,1786592964387,2026-08-13T10:49:24.387,1,1
2418,588aca26ed1bfc095abf2de16bf97b57,90.0,3,1786592965389,2026-08-13T10:49:25.389,1,1
2419,588aca26ed1bfc095abf2de16bf97b57,90.0,3,1786592966388,2026-08-13T10:49:26.388,1,1
2420,588aca26ed1bfc095abf2de16bf97b57,90.0,3,1786592967388,2026-08-13T10:49:27.388,1,1
2421,588aca26ed1bfc095abf2de16bf97b57,91.0,3,1786592968387,2026-08-13T10:49:28.387,1,1
2422,588aca26ed1bfc095abf2de16bf97b57,91.0,3,1786592969387,2026-08-13T10:49:29.387,1,1
2423,588aca26ed1bfc095abf2de16bf97b57,91.0,3,1786592970388,2026-08-13T10:49:30.388,1,1
2424,588aca26ed1bfc095abf2de16bf97b57,90.0,3,1786592971388,2026-08-13T10:49:31.388,1,1
2425,588aca26ed1bfc095abf2de16bf97b57,90.0,3,1786592972388,2026-08-13T10:49:32.388,1,1
2426,588aca26ed1bfc095abf2de16bf97b57,90.0,3,1786592973388,2026-08-13T10:49:33.388,1,1
2427,588aca26ed1bfc095abf2de16bf97b57,89.0,3,1786592974388,2026-08-13T10:49:34.388,1,1
2428,588aca26ed1bfc095abf2de16bf97b57,89.0,3,1786592975387,2026-08-13T10:49:35.387,1,1
2429,588aca26ed1bfc095abf2de16bf97b57,89.0,3,1786592976388,2026-08-13T10:49:36.388,1,1
2430,588aca26ed1bfc095abf2de16bf97b57,89.0,3,1786592977397,2026-08-13T10:49:37.397,1,1
2431,588aca26ed1bfc095abf2de16bf97b57,89.0,3,1786592978396,2026-08-13T10:49:38.396,1,1
2432,588aca26ed1bfc095abf2de16bf97b57,88.0,3,1786592979395,2026-08-13T10:49:39.395,1,1
2433,588aca26ed1bfc095abf2de16bf97b57,88.0,3,1786592980395,2026-08-13T10:49:40.395,1,1
2434,588aca26ed1bfc095abf2de16bf97b57,88.0,3,1786592981389,2026-08-13T10:49:41.389,1,1
2435,588aca26ed1bfc095abf2de16bf97b57,88.0,3,1786592982390,2026-08-13T10:49:42.390,1,1
2436,588aca26ed1bfc095abf2de16bf97b57,88.0,3,1786592983387,2026-08-13T10:49:43.387,1,1
2437,588aca26ed1bfc095abf2de16bf97b57,88.0,3,1786592984387,2026-08-13T10:49:44.387,1,1
2438,588aca26ed1bfc095abf2de16bf97b57,88.0,3,1786592985388,2026-08-13T10:49:45.388,1,1
2439,588aca26ed1bfc095abf2de16bf97b57,88.0,3,1786592986388,2026-08-13T10:49:46.388,1,1
2440,588aca26ed1bfc095abf2de16bf97b57,88.0,3,1786592987388,2026-08-13T10:49:47.388,1,1
2441,588aca26ed1bfc095abf2de16bf97b57,88.0,3,1786592988387,2026-08-13T10:49:48.387,1,1
2442,588aca26ed1bfc095abf2de16bf97b57,88.0,3,1786592989387,2026-08-13T10:49:49.387,1,1
2443,588aca26ed1bfc095abf2de16bf97b57,88.0,3,1786592990388,2026-08-13T10:49:50.388,1,1
2444,588aca26ed1bfc095abf2de16bf97b57,88.0,3,1786592991388,2026-08-13T10:49:51.388,1,1
2445,588aca26ed1bfc095abf2de16bf97b57,88.0,3,1786592992388,2026-08-13T10:49:52.388,1,1
2446,588aca26ed1bfc095abf2de16bf97b57,88.0,3,1786592993387,2026-08-13T10:49:53.387,1,1
2447,588aca26ed1bfc095abf2de16bf97b57,88.0,3,1786592994388,2026-08-13T10:49:54.388,1,1
2448,588aca26ed1bfc095abf2de16bf97b57,88.0,3,1786592995387,2026-08-13T10:49:55.387,1,1
2449,588aca26ed1bfc095abf2de16bf97b57,88.0,3,1786592996398,2026-08-13T10:49:56.398,1,1
2450,588aca26ed1bfc095abf2de16bf97b57,87.0,3,1786592997394,2026-08-13T10:49:57.394,1,1
2451,588aca26ed1bfc095abf2de16bf97b57,87.0,3,1786592998387,2026-08-13T10:49:58.387,1,1
2452,588aca26ed1bfc095abf2de16bf97b57,87.0,3,1786592999399,2026-08-13T10:49:59.399,1,1
2453,588aca26ed1bfc095abf2de16bf97b57,87.0,3,1786593000387,2026-08-13T10:50:00.387,1,1
2454,588aca26ed1bfc095abf2de16bf97b57,87.0,3,1786593001388,2026-08-13T10:50:01.388,1,1
2455,588aca26ed1bfc095abf2de16bf97b57,88.0,3,1786593002389,2026-08-13T10:50:02.389,1,1
2456,588aca26ed1bfc095abf2de16bf97b57,88.0,3,1786593003388,2026-08-13T10:50:03.388,1,1
2457,588aca26ed1bfc095abf2de16bf97b57,89.0,3,1786593004388,2026-08-13T10:50:04.388,1,1
2458,588aca26ed1bfc095abf2de16bf97b57,90.0,3,1786593005387,2026-08-13T10:50:05.387,1,1
2459,588aca26ed1bfc095abf2de16bf97b57,90.0,3,1786593006388,2026-08-13T10:50:06.388,1,1
2460,588aca26ed1bfc095abf2de16bf97b57,91.0,3,1786593007388,2026-08-13T10:50:07.388,1,1
2461,588aca26ed1bfc095abf2de16bf97b57,92.0,3,1786593008387,2026-08-13T10:50:08.387,1,1
2462,588aca26ed1bfc095abf2de16bf97b57,92.0,3,1786593009387,2026-08-13T10:50:09.387,1,1
2463,588aca26ed1bfc095abf2de16bf97b57,92.0,3,1786593010397,2026-08-13T10:50:10.397,1,1
2464,588aca26ed1bfc095abf2de16bf97b57,92.0,3,1786593011395,2026-08-13T10:50:11.395,1,1
2465,588aca26ed1bfc095abf2de16bf97b57,92.0,3,1786593012392,2026-08-13T10:50:12.392,1,1
2466,588aca26ed1bfc095abf2de16bf97b57,92.0,3,1786593013389,2026-08-13T10:50:13.389,1,1
2467,588aca26ed1bfc095abf2de16bf97b57,92.0,3,1786593014387,2026-08-13T10:50:14.387,1,1
2468,588aca26ed1bfc095abf2de16bf97b57,92.0,3,1786593015392,2026-08-13T10:50:15.392,1,1
2469,588aca26ed1bfc095abf2de16bf97b57,91.0,3,1786593016390,2026-08-13T10:50:16.390,1,1
2470,588aca26ed1bfc095abf2de16bf97b57,91.0,3,1786593017389,2026-08-13T10:50:17.389,1,1
2471,588aca26ed1bfc095abf2de16bf97b57,91.0,3,1786593018388,2026-08-13T10:50:18.388,1,1
2472,588aca26ed1bfc095abf2de16bf97b57,90.0,3,1786593019388,2026-08-13T10:50:19.388,1,1
2473,588aca26ed1bfc095abf2de16bf97b57,90.0,3,1786593020387,2026-08-13T10:50:20.387,1,1
2474,588aca26ed1bfc095abf2de16bf97b57,89.0,3,1786593021387,2026-08-13T10:50:21.387,1,1
2475,588aca26ed1bfc095abf2de16bf97b57,89.0,3,1786593022388,2026-08-13T10:50:22.388,1,1
2476,588aca26ed1bfc095abf2de16bf97b57,89.0,3,1786593023387,2026-08-13T10:50:23.387,1,1
2477,588aca26ed1bfc095abf2de16bf97b57,89.0,3,1786593024388,2026-08-13T10:50:24.388,1,1
2478,588aca26ed1bfc095abf2de16bf97b57,89.0,3,1786593025389,2026-08-13T10:50:25.389,1,1
2479,588aca26ed1bfc095abf2de16bf97b57,89.0,3,1786593026397,2026-08-13T10:50:26.397,1,1
2480,588aca26ed1bfc095abf2de16bf97b57,89.0,3,1786593027394,2026-08-13T10:50:27.394,1,1
2481,588aca26ed1bfc095abf2de16bf97b57,88.0,3,1786593028391,2026-08-13T10:50:28.391,1,1
2482,588aca26ed1bfc095abf2de16bf97b57,88.0,3,1786593029393,2026-08-13T10:50:29.393,1,1
2483,588aca26ed1bfc095abf2de16bf97b57,88.0,3,1786593030388,2026-08-13T10:50:30.388,1,1
2484,588aca26ed1bfc095abf2de16bf97b57,87.0,3,1786593031388,2026-08-13T10:50:31.388,1,1
2485,588aca26ed1bfc095abf2de16bf97b57,87.0,3,1786593032388,2026-08-13T10:50:32.388,1,1
2486,588aca26ed1bfc095abf2de16bf97b57,87.0,3,1786593033387,2026-08-13T10:50:33.387,1,1
2487,588aca26ed1bfc095abf2de16bf97b57,87.0,3,1786593034387,2026-08-13T10:50:34.387,1,1
2488,588aca26ed1bfc095abf2de16bf97b57,87.0,3,1786593035387,2026-08-13T10:50:35.387,1,1
2489,588aca26ed1bfc095abf2de16bf97b57,88.0,3,1786593036394,2026-08-13T10:50:36.394,1,1
2490,588aca26ed1bfc095abf2de16bf97b57,88.0,3,1786593037389,2026-08-13T10:50:37.389,1,1
2491,588aca26ed1bfc095abf2de16bf97b57,89.0,3,1786593038388,2026-08-13T10:50:38.388,1,1
2492,588aca26ed1bfc095abf2de16bf97b57,89.0,3,1786593039388,2026-08-13T10:50:39.388,1,1
2493,588aca26ed1bfc095abf2de16bf97b57,88.0,3,1786593040388,2026-08-13T10:50:40.388,1,1
2494,588aca26ed1bfc095abf2de16bf97b57,88.0,3,1786593041388,2026-08-13T10:50:41.388,1,1
2495,588aca26ed1bfc095abf2de16bf97b57,87.0,3,1786593042387,2026-08-13T10:50:42.387,1,1
2496,588aca26ed1bfc095abf2de16bf97b57,87.0,3,1786593043388,2026-08-13T10:50:43.388,1,1
2497,588aca26ed1bfc095abf2de16bf97b57,87.0,3,1786593044388,2026-08-13T10:50:44.388,1,1
2498,588aca26ed1bfc095abf2de16bf97b57,86.0,3,1786593045389,2026-08-13T10:50:45.389,1,1
2499,588aca26ed1bfc095abf2de16bf97b57,86.0,3,1786593046387,2026-08-13T10:50:46.387,1,1
2500,588aca26ed1bfc095abf2de16bf97b57,85.0,3,1786593047387,2026-08-13T10:50:47.387,1,1
2501,588aca26ed1bfc095abf2de16bf97b57,85.0,3,1786593048387,2026-08-13T10:50:48.387,1,1
2502,588aca26ed1bfc095abf2de16bf97b57,85.0,3,1786593049388,2026-08-13T10:50:49.388,1,1
2503,588aca26ed1bfc095abf2de16bf97b57,85.0,3,1786593050388,2026-08-13T10:50:50.388,1,1
2504,588aca26ed1bfc095abf2de16bf97b57,86.0,3,1786593051398,2026-08-13T10:50:51.398,1,1
2505,588aca26ed1bfc095abf2de16bf97b57,86.0,3,1786593052397,2026-08-13T10:50:52.397,1,1
2506,588aca26ed1bfc095abf2de16bf97b57,86.0,3,1786593053395,2026-08-13T10:50:53.395,1,1
2507,588aca26ed1bfc095abf2de16bf97b57,86.0,3,1786593054393,2026-08-13T10:50:54.393,1,1
2508,588aca26ed1bfc095abf2de16bf97b57,85.0,3,1786593055393,2026-08-13T10:50:55.393,1,1
2509,588aca26ed1bfc095abf2de16bf97b57,85.0,3,1786593056393,2026-08-13T10:50:56.393,1,1
2510,588aca26ed1bfc095abf2de16bf97b57,85.0,3,1786593057389,2026-08-13T10:50:57.389,1,1
2511,588aca26ed1bfc095abf2de16bf97b57,85.0,3,1786593058387,2026-08-13T10:50:58.387,1,1
2512,588aca26ed1bfc095abf2de16bf97b57,85.0,3,1786593059390,2026-08-13T10:50:59.390,1,1
2513,588aca26ed1bfc095abf2de16bf97b57,86.0,3,1786593060392,2026-08-13T10:51:00.392,1,1
2514,588aca26ed1bfc095abf2de16bf97b57,86.0,3,1786593061387,2026-08-13T10:51:01.387,1,1
2515,588aca26ed1bfc095abf2de16bf97b57,86.0,3,1786593062389,2026-08-13T10:51:02.389,1,1
2516,588aca26ed1bfc095abf2de16bf97b57,86.0,3,1786593063388,2026-08-13T10:51:03.388,0,1
2517,588aca26ed1bfc095abf2de16bf97b57,87.0,3,1786593064389,2026-08-13T10:51:04.389,0,1
2518,588aca26ed1bfc095abf2de16bf97b57,87.0,3,1786593065389,2026-08-13T10:51:05.389,0,1
2519,588aca26ed1bfc095abf2de16bf97b57,87.0,3,1786593066388,2026-08-13T10:51:06.388,0,1
2520,588aca26ed1bfc095abf2de16bf97b57,87.0,3,1786593067389,2026-08-13T10:51:07.389,0,1
