id,device_id,bpm,accuracy,time_ms,time_iso,synced,fresh
8828,588aca26ed1bfc095abf2de16bf97b57,95.0,3,1786715308791,2026-08-14T20:48:28.791,1,1
8829,588aca26ed1bfc095abf2de16bf97b57,95.0,3,1786715309792,2026-08-14T20:48:29.792,1,1
8830,588aca26ed1bfc095abf2de16bf97b57,94.0,3,1786715310789,2026-08-14T20:48:30.789,1,1
8831,588aca26ed1bfc095abf2de16bf97b57,94.0,3,1786715311792,2026-08-14T20:48:31.792,1,1
8832,588aca26ed1bfc095abf2de16bf97b57,93.0,3,1786715312796,2026-08-14T20:48:32.796,1,1
8833,588aca26ed1bfc095abf2de16bf97b57,93.0,3,1786715313792,2026-08-14T20:48:33.792,1,1
8834,588aca26ed1bfc095abf2de16bf97b57,92.0,3,1786715314791,2026-08-14T20:48:34.791,1,1
8835,588aca26ed1bfc095abf2de16bf97b57,91.0,3,1786715315791,2026-08-14T20:48:35.791,1,1
8836,588aca26ed1bfc095abf2de16bf97b57,92.0,3,1786715316788,2026-08-14T20:48:36.788,1,1
8837,588aca26ed1bfc095abf2de16bf97b57,93.0,3,1786715317789,2026-08-14T20:48:37.789,1,1
8838,588aca26ed1bfc095abf2de16bf97b57,93.0,3,1786715318788,2026-08-14T20:48:38.788,1,1
8839,588aca26ed1bfc095abf2de16bf97b57,93.0,3,1786715319788,2026-08-14T20:48:39.788,1,1
8840,588aca26ed1bfc095abf2de16bf97b57,93.0,3,1786715320788,2026-08-14T20:48:40.788,1,1
8841,588aca26ed1bfc095abf2de16bf97b57,93.0,3,1786715321789,2026-08-14T20:48:41.789,1,1
8842,588aca26ed1bfc095abf2de16bf97b57,93.0,3,1786715322788,2026-08-14T20:48:42.788,1,1
8843,588aca26ed1bfc095abf2de16bf97b57,93.0,3,1786715323789,2026-08-14T20:48:43.789,1,1
8844,588aca26ed1bfc095abf2de16bf97b57,93.0,3,1786715324790,2026-08-14T20:48:44.790,1,1
8845,588aca26ed1bfc095abf2de16bf97b57,93.0,3,1786715325788,2026-08-14T20:48:45.788,1,1
8846,588aca26ed1bfc095abf2de16bf97b57,94.0,3,1786715326788,2026-08-14T20:48:46.788,1,1
8847,588aca26ed1bfc095abf2de16bf97b57,94.0,3,1786715329563,2026-08-14T20:48:49.563,1,1
8848,588aca26ed1bfc095abf2de16bf97b57,94.0,3,1786715330569,2026-08-14T20:48:50.569,1,1
8849,588aca26ed1bfc095abf2de16bf97b57,94.0,3,1786715331569,2026-08-14T20:48:51.569,1,1
8850,588aca26ed1bfc095abf2de16bf97b57,95.0,3,1786715332569,2026-08-14T20:48:52.569,1,1
8851,588aca26ed1bfc095abf2de16bf97b57,95.0,3,1786715333570,2026-08-14T20:48:53.570,1,1
8852,588aca26ed1bfc095abf2de16bf97b57,95.0,3,1786715334569,2026-08-14T20:48:54.569,1,1
8853,588aca26ed1bfc095abf2de16bf97b57,96.0,3,1786715335569,2026-08-14T20:48:55.569,1,1
8854,588aca26ed1bfc095abf2de16bf97b57,96.0,3,1786715336574,2026-08-14T20:48:56.574,1,1
8855,588aca26ed1bfc095abf2de16bf97b57,97.0,3,1786715337569,2026-08-14T20:48:57.569,1,1
8856,588aca26ed1bfc095abf2de16bf97b57,97.0,3,1786715338569,2026-08-14T20:48:58.569,1,1
8857,588aca26ed1bfc095abf2de16bf97b57,99.0,3,1786715339569,2026-08-14T20:48:59.569,1,1
8858,588aca26ed1bfc095abf2de16bf97b57,99.0,3,1786715340569,2026-08-14T20:49:00.569,1,1
8859,588aca26ed1bfc095abf2de16bf97b57,100.0,3,1786715341569,2026-08-14T20:49:01.569,1,1
8860,588aca26ed1bfc095abf2de16bf97b57,99.0,3,1786715342569,2026-08-14T20:49:02.569,1,1
8861,588aca26ed1bfc095abf2de16bf97b57,98.0,3,1786715343569,2026-08-14T20:49:03.569,1,1
8862,588aca26ed1bfc095abf2de16bf97b57,98.0,3,1786715344569,2026-08-14T20:49:04.569,1,1
8863,588aca26ed1bfc095abf2de16bf97b57,97.0,3,1786715345570,2026-08-14T20:49:05.570,1,1
8864,588aca26ed1bfc095abf2de16bf97b57,99.0,3,1786715346569,2026-08-14T20:49:06.569,1,1
8865,588aca26ed1bfc095abf2de16bf97b57,100.0,3,1786715347569,2026-08-14T20:49:07.569,1,1
8866,588aca26ed1bfc095abf2de16bf97b57,100.0,3,1786715348569,2026-08-14T20:49:08.569,1,1
8867,588aca26ed1bfc095abf2de16bf97b57,100.0,3,1786715349569,2026-08-14T20:49:09.569,1,1
8868,588aca26ed1bfc095abf2de16bf97b57,99.0,3,1786715350569,2026-08-14T20:49:10.569,1,1
8869,588aca26ed1bfc095abf2de16bf97b57,100.0,3,1786715351569,2026-08-14T20:49:11.569,1,1
8870,588aca26ed1bfc095abf2de16bf97b57,101.0,3,1786715352569,2026-08-14T20:49:12.569,1,1
8871,588aca26ed1bfc095abf2de16bf97b57,102.0,3,1786715353572,2026-08-14T20:49:13.572,1,1
8872,588aca26ed1bfc095abf2de16bf97b57,101.0,3,1786715354569,2026-08-14T20:49:14.569,1,1
8873,588aca26ed1bfc095abf2de16bf97b57,100.0,3,1786715355571,2026-08-14T20:49:15.571,1,1
8874,588aca26ed1bfc095abf2de16bf97b57,99.0,3,1786715356676,2026-08-14T20:49:16.676,1,1
8875,588aca26ed1bfc095abf2de16bf97b57,99.0,3,1786715357569,2026-08-14T20:49:17.569,1,1
8876,588aca26ed1bfc095abf2de16bf97b57,100.0,3,1786715358569,2026-08-14T20:49:18.569,1,1
8877,588aca26ed1bfc095abf2de16bf97b57,101.0,3,1786715359574,2026-08-14T20:49:19.574,1,1
8878,588aca26ed1bfc095abf2de16bf97b57,102.0,3,1786715360575,2026-08-14T20:49:20.575,1,1
8879,588aca26ed1bfc095abf2de16bf97b57,103.0,3,1786715361571,2026-08-14T20:49:21.571,1,1
8880,588aca26ed1bfc095abf2de16bf97b57,104.0,3,1786715362571,2026-08-14T20:49:22.571,1,1
8881,588aca26ed1bfc095abf2de16bf97b57,104.0,3,1786715363569,2026-08-14T20:49:23.569,1,1
8882,588aca26ed1bfc095abf2de16bf97b57,104.0,3,1786715364569,2026-08-14T20:49:24.569,1,1
8883,588aca26ed1bfc095abf2de16bf97b57,103.0,3,1786715365570,2026-08-14T20:49:25.570,1,1
8884,588aca26ed1bfc095abf2de16bf97b57,103.0,3,1786715366569,2026-08-14T20:49:26.569,1,1
8885,588aca26ed1bfc095abf2de16bf97b57,102.0,3,1786715367569,2026-08-14T20:49:27.569,1,1
8886,588aca26ed1bfc095abf2de16bf97b57,101.0,3,1786715368571,2026-08-14T20:49:28.571,1,1
8887,588aca26ed1bfc095abf2de16bf97b57,102.0,3,1786715369571,2026-08-14T20:49:29.571,1,1
8888,588aca26ed1bfc095abf2de16bf97b57,101.0,3,1786715370578,2026-08-14T20:49:30.578,1,1
8889,588aca26ed1bfc095abf2de16bf97b57,99.0,3,1786715371570,2026-08-14T20:49:31.570,1,1
8890,588aca26ed1bfc095abf2de16bf97b57,98.0,3,1786715372569,2026-08-14T20:49:32.569,1,1
8891,588aca26ed1bfc095abf2de16bf97b57,97.0,3,1786715373569,2026-08-14T20:49:33.569,1,1
8892,588aca26ed1bfc095abf2de16bf97b57,96.0,3,1786715374578,2026-08-14T20:49:34.578,1,1
8893,588aca26ed1bfc095abf2de16bf97b57,96.0,3,1786715375574,2026-08-14T20:49:35.574,1,1
8894,588aca26ed1bfc095abf2de16bf97b57,96.0,3,1786715376569,2026-08-14T20:49:36.569,1,1
8895,588aca26ed1bfc095abf2de16bf97b57,96.0,3,1786715377569,2026-08-14T20:49:37.569,1,1
8896,588aca26ed1bfc095abf2de16bf97b57,96.0,3,1786715378569,2026-08-14T20:49:38.569,1,1
8897,588aca26ed1bfc095abf2de16bf97b57,95.0,3,1786715379569,2026-08-14T20:49:39.569,1,1
8898,588aca26ed1bfc095abf2de16bf97b57,94.0,3,1786715380569,2026-08-14T20:49:40.569,1,1
8899,588aca26ed1bfc095abf2de16bf97b57,94.0,3,1786715381569,2026-08-14T20:49:41.569,1,1
8900,588aca26ed1bfc095abf2de16bf97b57,92.0,3,1786715382570,2026-08-14T20:49:42.570,1,1
8901,588aca26ed1bfc095abf2de16bf97b57,91.0,3,1786715383574,2026-08-14T20:49:43.574,1,1
8902,588aca26ed1bfc095abf2de16bf97b57,91.0,3,1786715384578,2026-08-14T20:49:44.578,1,1
8903,588aca26ed1bfc095abf2de16bf97b57,90.0,3,1786715385577,2026-08-14T20:49:45.577,1,1
8904,588aca26ed1bfc095abf2de16bf97b57,90.0,3,1786715386575,2026-08-14T20:49:46.575,1,1
8905,588aca26ed1bfc095abf2de16bf97b57,89.0,3,1786715387572,2026-08-14T20:49:47.572,1,1
8906,588aca26ed1bfc095abf2de16bf97b57,89.0,3,1786715388570,2026-08-14T20:49:48.570,1,1
8907,588aca26ed1bfc095abf2de16bf97b57,89.0,3,1786715389578,2026-08-14T20:49:49.578,1,1
8908,588aca26ed1bfc095abf2de16bf97b57,90.0,3,1786715390570,2026-08-14T20:49:50.570,1,1
8909,588aca26ed1bfc095abf2de16bf97b57,90.0,3,1786715391569,2026-08-14T20:49:51.569,1,1
8910,588aca26ed1bfc095abf2de16bf97b57,90.0,3,1786715392570,2026-08-14T20:49:52.570,1,1
8911,588aca26ed1bfc095abf2de16bf97b57,90.0,3,1786715393571,2026-08-14T20:49:53.571,1,1
8912,588aca26ed1bfc095abf2de16bf97b57,91.0,3,1786715394571,2026-08-14T20:49:54.571,1,1
8913,588aca26ed1bfc095abf2de16bf97b57,92.0,3,1786715395569,2026-08-14T20:49:55.569,1,1
8914,588aca26ed1bfc095abf2de16bf97b57,93.0,3,1786715396570,2026-08-14T20:49:56.570,1,1
8915,588aca26ed1bfc095abf2de16bf97b57,94.0,3,1786715397569,2026-08-14T20:49:57.569,1,1
8916,588aca26ed1bfc095abf2de16bf97b57,94.0,3,1786715398569,2026-08-14T20:49:58.569,1,1
8917,588aca26ed1bfc095abf2de16bf97b57,94.0,3,1786715399569,2026-08-14T20:49:59.569,1,1
8918,588aca26ed1bfc095abf2de16bf97b57,94.0,3,1786715400570,2026-08-14T20:50:00.570,1,1
8919,588aca26ed1bfc095abf2de16bf97b57,94.0,3,1786715401569,2026-08-14T20:50:01.569,1,1
8920,588aca26ed1bfc095abf2de16bf97b57,94.0,3,1786715402569,2026-08-14T20:50:02.569,1,1
8921,588aca26ed1bfc095abf2de16bf97b57,94.0,3,1786715403575,2026-08-14T20:50:03.575,1,1
8922,588aca26ed1bfc095abf2de16bf97b57,94.0,3,1786715404576,2026-08-14T20:50:04.576,1,1
8923,588aca26ed1bfc095abf2de16bf97b57,94.0,3,1786715405576,2026-08-14T20:50:05.576,1,1
8924,588aca26ed1bfc095abf2de16bf97b57,94.0,3,1786715406575,2026-08-14T20:50:06.575,1,1
8925,588aca26ed1bfc095abf2de16bf97b57,94.0,3,1786715407571,2026-08-14T20:50:07.571,1,1
8926,588aca26ed1bfc095abf2de16bf97b57,94.0,3,1786715408571,2026-08-14T20:50:08.571,1,1
8927,588aca26ed1bfc095abf2de16bf97b57,94.0,3,1786715409571,2026-08-14T20:50:09.571,1,1
8928,588aca26ed1bfc095abf2de16bf97b57,94.0,3,1786715410570,2026-08-14T20:50:10.570,1,1
8929,588aca26ed1bfc095abf2de16bf97b57,95.0,3,1786715411570,2026-08-14T20:50:11.570,1,1
8930,588aca26ed1bfc095abf2de16bf97b57,95.0,3,1786715412569,2026-08-14T20:50:12.569,1,1
8931,588aca26ed1bfc095abf2de16bf97b57,95.0,3,1786715413570,2026-08-14T20:50:13.570,1,1
8932,588aca26ed1bfc095abf2de16bf97b57,95.0,3,1786715414571,2026-08-14T20:50:14.571,1,1
8933,588aca26ed1bfc095abf2de16bf97b57,96.0,3,1786715415570,2026-08-14T20:50:15.570,1,1
8934,588aca26ed1bfc095abf2de16bf97b57,96.0,3,1786715416570,2026-08-14T20:50:16.570,1,1
8935,588aca26ed1bfc095abf2de16bf97b57,97.0,3,1786715417569,2026-08-14T20:50:17.569,1,1
8936,588aca26ed1bfc095abf2de16bf97b57,97.0,3,1786715418570,2026-08-14T20:50:18.570,1,1
8937,588aca26ed1bfc095abf2de16bf97b57,98.0,3,1786715419569,2026-08-14T20:50:19.569,1,1
8938,588aca26ed1bfc095abf2de16bf97b57,99.0,3,1786715420570,2026-08-14T20:50:20.570,1,1
8939,588aca26ed1bfc095abf2de16bf97b57,99.0,3,1786715421569,2026-08-14T20:50:21.569,1,1
8940,588aca26ed1bfc095abf2de16bf97b57,99.0,3,1786715422570,2026-08-14T20:50:22.570,1,1
8941,588aca26ed1bfc095abf2de16bf97b57,101.0,3,1786715423571,2026-08-14T20:50:23.571,1,1
8942,588aca26ed1bfc095abf2de16bf97b57,101.0,3,1786715424570,2026-08-14T20:50:24.570,1,1
8943,588aca26ed1bfc095abf2de16bf97b57,102.0,3,1786715425570,2026-08-14T20:50:25.570,1,1
8944,588aca26ed1bfc095abf2de16bf97b57,103.0,3,1786715426569,2026-08-14T20:50:26.569,1,1
8945,588aca26ed1bfc095abf2de16bf97b57,103.0,3,1786715427569,2026-08-14T20:50:27.569,1,1
8946,588aca26ed1bfc095abf2de16bf97b57,103.0,3,1786715428570,2026-08-14T20:50:28.570,1,1
8947,588aca26ed1bfc095abf2de16bf97b57,101.0,3,1786715429573,2026-08-14T20:50:29.573,1,1
8948,588aca26ed1bfc095abf2de16bf97b57,102.0,3,1786715430578,2026-08-14T20:50:30.578,1,1
8949,588aca26ed1bfc095abf2de16bf97b57,101.0,3,1786715431577,2026-08-14T20:50:31.577,1,1
8950,588aca26ed1bfc095abf2de16bf97b57,102.0,3,1786715432572,2026-08-14T20:50:32.572,1,1
8951,588aca26ed1bfc095abf2de16bf97b57,103.0,3,1786715433571,2026-08-14T20:50:33.571,1,1
8952,588aca26ed1bfc095abf2de16bf97b57,104.0,3,1786715434570,2026-08-14T20:50:34.570,1,1
8953,588aca26ed1bfc095abf2de16bf97b57,104.0,3,1786715435572,2026-08-14T20:50:35.572,1,1
8954,588aca26ed1bfc095abf2de16bf97b57,103.0,3,1786715436571,2026-08-14T20:50:36.571,1,1
8955,588aca26ed1bfc095abf2de16bf97b57,102.0,3,1786715437569,2026-08-14T20:50:37.569,1,1
8956,588aca26ed1bfc095abf2de16bf97b57,101.0,3,1786715438570,2026-08-14T20:50:38.570,1,1
8957,588aca26ed1bfc095abf2de16bf97b57,101.0,3,1786715439570,2026-08-14T20:50:39.570,1,1
8958,588aca26ed1bfc095abf2de16bf97b57,101.0,3,1786715440571,2026-08-14T20:50:40.571,1,1
8959,588aca26ed1bfc095abf2de16bf97b57,101.0,3,1786715441570,2026-08-14T20:50:41.570,1,1
8960,588aca26ed1bfc095abf2de16bf97b57,101.0,3,1786715442569,2026-08-14T20:50:42.569,1,1
8961,588aca26ed1bfc095abf2de16bf97b57,102.0,3,1786715443570,2026-08-14T20:50:43.570,1,1
8962,588aca26ed1bfc095abf2de16bf97b57,102.0,3,1786715444570,2026-08-14T20:50:44.570,1,1
8963,588aca26ed1bfc095abf2de16bf97b57,101.0,3,1786715445569,2026-08-14T20:50:45.569,1,1
8964,588aca26ed1bfc095abf2de16bf97b57,101.0,3,1786715446570,2026-08-14T20:50:46.570,1,1
8965,588aca26ed1bfc095abf2de16bf97b57,100.0,3,1786715447570,2026-08-14T20:50:47.570,1,1
8966,588aca26ed1bfc095abf2de16bf97b57,99.0,3,1786715448569,2026-08-14T20:50:48.569,1,1
8967,588aca26ed1bfc095abf2de16bf97b57,101.0,3,1786715449569,2026-08-14T20:50:49.569,1,1
8968,588aca26ed1bfc095abf2de16bf97b57,101.0,3,1786715450571,2026-08-14T20:50:50.571,1,1
8969,588aca26ed1bfc095abf2de16bf97b57,102.0,3,1786715451578,2026-08-14T20:50:51.578,1,1
8970,588aca26ed1bfc095abf2de16bf97b57,103.0,3,1786715452577,2026-08-14T20:50:52.577,1,1
8971,588aca26ed1bfc095abf2de16bf97b57,104.0,3,1786715453576,2026-08-14T20:50:53.576,1,1
8972,588aca26ed1bfc095abf2de16bf97b57,105.0,3,1786715454574,2026-08-14T20:50:54.574,1,1
8973,588aca26ed1bfc095abf2de16bf97b57,106.0,3,1786715455570,2026-08-14T20:50:55.570,1,1
8974,588aca26ed1bfc095abf2de16bf97b57,105.0,3,1786715456572,2026-08-14T20:50:56.572,1,1
8975,588aca26ed1bfc095abf2de16bf97b57,104.0,3,1786715457569,2026-08-14T20:50:57.569,1,1
8976,588aca26ed1bfc095abf2de16bf97b57,103.0,3,1786715458569,2026-08-14T20:50:58.569,1,1
8977,588aca26ed1bfc095abf2de16bf97b57,101.0,3,1786715459569,2026-08-14T20:50:59.569,1,1
8978,588aca26ed1bfc095abf2de16bf97b57,100.0,3,1786715460570,2026-08-14T20:51:00.570,1,1
8979,588aca26ed1bfc095abf2de16bf97b57,98.0,3,1786715461571,2026-08-14T20:51:01.571,1,1
8980,588aca26ed1bfc095abf2de16bf97b57,97.0,3,1786715462571,2026-08-14T20:51:02.571,1,1
8981,588aca26ed1bfc095abf2de16bf97b57,96.0,3,1786715463571,2026-08-14T20:51:03.571,1,1
8982,588aca26ed1bfc095abf2de16bf97b57,96.0,3,1786715464570,2026-08-14T20:51:04.570,1,1
8983,588aca26ed1bfc095abf2de16bf97b57,95.0,3,1786715465571,2026-08-14T20:51:05.571,1,1
8984,588aca26ed1bfc095abf2de16bf97b57,94.0,3,1786715466569,2026-08-14T20:51:06.569,1,1
8985,588aca26ed1bfc095abf2de16bf97b57,93.0,3,1786715467570,2026-08-14T20:51:07.570,1,1
8986,588aca26ed1bfc095abf2de16bf97b57,92.0,3,1786715468569,2026-08-14T20:51:08.569,1,1
8987,588aca26ed1bfc095abf2de16bf97b57,92.0,3,1786715469570,2026-08-14T20:51:09.570,1,1
8988,588aca26ed1bfc095abf2de16bf97b57,92.0,3,1786715470569,2026-08-14T20:51:10.569,1,1
8989,588aca26ed1bfc095abf2de16bf97b57,92.0,3,1786715471569,2026-08-14T20:51:11.569,1,1
8990,588aca26ed1bfc095abf2de16bf97b57,93.0,3,1786715472569,2026-08-14T20:51:12.569,1,1
8991,588aca26ed1bfc095abf2de16bf97b57,93.0,3,1786715473569,2026-08-14T20:51:13.569,1,1
8992,588aca26ed1bfc095abf2de16bf97b57,93.0,3,1786715474569,2026-08-14T20:51:14.569,1,1
8993,588aca26ed1bfc095abf2de16bf97b57,93.0,3,1786715475569,2026-08-14T20:51:15.569,1,1
8994,588aca26ed1bfc095abf2de16bf97b57,93.0,3,1786715476569,2026-08-14T20:51:16.569,1,1
8995,588aca26ed1bfc095abf2de16bf97b57,93.0,3,1786715477569,2026-08-14T20:51:17.569,1,1
8996,588aca26ed1bfc095abf2de16bf97b57,92.0,3,1786715478569,2026-08-14T20:51:18.569,1,1
8997,588aca26ed1bfc095abf2de16bf97b57,92.0,3,1786715479578,2026-08-14T20:51:19.578,1,1
8998,588aca26ed1bfc095abf2de16bf97b57,92.0,3,1786715480574,2026-08-14T20:51:20.574,1,1
8999,588aca26ed1bfc095abf2de16bf97b57,92.0,3,1786715481577,2026-08-14T20:51:21.577,1,1
9000,588aca26ed1bfc095abf2de16bf97b57,92.0,3,1786715482572,2026-08-14T20:51:22.572,1,1
9001,588aca26ed1bfc095abf2de16bf97b57,92.0,3,1786715483573,2026-08-14T20:51:23.573,1,1
9002,588aca26ed1bfc095abf2de16bf97b57,93.0,3,1786715484569,2026-08-14T20:51:24.569,1,1
9003,588aca26ed1bfc095abf2de16bf97b57,93.0,3,1786715485580,2026-08-14T20:51:25.580,1,1
9004,588aca26ed1bfc095abf2de16bf97b57,91.0,3,1786715486582,2026-08-14T20:51:26.582,1,1
9005,588aca26ed1bfc095abf2de16bf97b57,91.0,3,1786715487575,2026-08-14T20:51:27.575,1,1
9006,588aca26ed1bfc095abf2de16bf97b57,93.0,3,1786715488579,2026-08-14T20:51:28.579,1,1
9007,588aca26ed1bfc095abf2de16bf97b57,95.0,3,1786715489582,2026-08-14T20:51:29.582,1,1
9008,588aca26ed1bfc095abf2de16bf97b57,95.0,3,1786715490571,2026-08-14T20:51:30.571,1,0
9009,588aca26ed1bfc095abf2de16bf97b57,95.0,3,1786715491572,2026-08-14T20:51:31.572,1,1
9010,588aca26ed1bfc095abf2de16bf97b57,94.0,3,1786715492575,2026-08-14T20:51:32.575,1,1
9011,588aca26ed1bfc095abf2de16bf97b57,94.0,3,1786715493569,2026-08-14T20:51:33.569,1,0
9012,588aca26ed1bfc095abf2de16bf97b57,92.0,3,1786715494570,2026-08-14T20:51:34.570,1,1
9013,588aca26ed1bfc095abf2de16bf97b57,92.0,3,1786715495570,2026-08-14T20:51:35.570,1,1
9014,588aca26ed1bfc095abf2de16bf97b57,91.0,3,1786715496570,2026-08-14T20:51:36.570,1,1
9015,588aca26ed1bfc095abf2de16bf97b57,90.0,3,1786715497569,2026-08-14T20:51:37.569,1,1
9016,588aca26ed1bfc095abf2de16bf97b57,89.0,3,1786715498569,2026-08-14T20:51:38.569,1,1
9017,588aca26ed1bfc095abf2de16bf97b57,90.0,3,1786715499570,2026-08-14T20:51:39.570,1,1
9018,588aca26ed1bfc095abf2de16bf97b57,91.0,3,1786715500570,2026-08-14T20:51:40.570,1,1
9019,588aca26ed1bfc095abf2de16bf97b57,92.0,3,1786715501569,2026-08-14T20:51:41.569,1,1
9020,588aca26ed1bfc095abf2de16bf97b57,93.0,3,1786715502569,2026-08-14T20:51:42.569,1,1
9021,588aca26ed1bfc095abf2de16bf97b57,92.0,3,1786715503569,2026-08-14T20:51:43.569,1,1
9022,588aca26ed1bfc095abf2de16bf97b57,93.0,3,1786715504571,2026-08-14T20:51:44.571,1,1
9023,588aca26ed1bfc095abf2de16bf97b57,94.0,3,1786715505569,2026-08-14T20:51:45.569,1,1
9024,588aca26ed1bfc095abf2de16bf97b57,94.0,3,1786715506569,2026-08-14T20:51:46.569,1,1
9025,588aca26ed1bfc095abf2de16bf97b57,94.0,3,1786715507569,2026-08-14T20:51:47.569,1,1
9026,588aca26ed1bfc095abf2de16bf97b57,94.0,3,1786715508570,2026-08-14T20:51:48.570,1,1
9027,588aca26ed1bfc095abf2de16bf97b57,93.0,3,1786715509579,2026-08-14T20:51:49.579,1,1
9028,588aca26ed1bfc095abf2de16bf97b57,93.0,3,1786715510577,2026-08-14T20:51:50.577,1,1
9029,588aca26ed1bfc095abf2de16bf97b57,94.0,3,1786715511575,2026-08-14T20:51:51.575,1,1
9030,588aca26ed1bfc095abf2de16bf97b57,95.0,3,1786715512571,2026-08-14T20:51:52.571,1,1
9031,588aca26ed1bfc095abf2de16bf97b57,96.0,3,1786715513569,2026-08-14T20:51:53.569,1,1
9032,588aca26ed1bfc095abf2de16bf97b57,97.0,3,1786715514569,2026-08-14T20:51:54.569,1,1
9033,588aca26ed1bfc095abf2de16bf97b57,98.0,3,1786715515569,2026-08-14T20:51:55.569,1,1
9034,588aca26ed1bfc095abf2de16bf97b57,99.0,3,1786715516570,2026-08-14T20:51:56.570,1,1
9035,588aca26ed1bfc095abf2de16bf97b57,99.0,3,1786715517579,2026-08-14T20:51:57.579,1,1
9036,588aca26ed1bfc095abf2de16bf97b57,101.0,3,1786715518569,2026-08-14T20:51:58.569,1,1
9037,588aca26ed1bfc095abf2de16bf97b57,101.0,3,1786715519571,2026-08-14T20:51:59.571,1,1
9038,588aca26ed1bfc095abf2de16bf97b57,103.0,3,1786715520676,2026-08-14T20:52:00.676,1,1
9039,588aca26ed1bfc095abf2de16bf97b57,104.0,3,1786715521568,2026-08-14T20:52:01.568,1,1
9040,588aca26ed1bfc095abf2de16bf97b57,106.0,3,1786715522571,2026-08-14T20:52:02.571,1,1
9041,588aca26ed1bfc095abf2de16bf97b57,107.0,3,1786715523569,2026-08-14T20:52:03.569,1,1
9042,588aca26ed1bfc095abf2de16bf97b57,107.0,3,1786715524570,2026-08-14T20:52:04.570,1,1
9043,588aca26ed1bfc095abf2de16bf97b57,106.0,3,1786715525569,2026-08-14T20:52:05.569,1,1
9044,588aca26ed1bfc095abf2de16bf97b57,105.0,3,1786715526569,2026-08-14T20:52:06.569,1,1
9045,588aca26ed1bfc095abf2de16bf97b57,105.0,3,1786715527569,2026-08-14T20:52:07.569,1,1
9046,588aca26ed1bfc095abf2de16bf97b57,105.0,3,1786715528579,2026-08-14T20:52:08.579,1,1
9047,588aca26ed1bfc095abf2de16bf97b57,105.0,3,1786715529579,2026-08-14T20:52:09.579,1,1
9048,588aca26ed1bfc095abf2de16bf97b57,105.0,3,1786715530577,2026-08-14T20:52:10.577,1,1
9049,588aca26ed1bfc095abf2de16bf97b57,105.0,3,1786715531569,2026-08-14T20:52:11.569,1,1
9050,588aca26ed1bfc095abf2de16bf97b57,105.0,3,1786715532586,2026-08-14T20:52:12.586,1,1
9051,588aca26ed1bfc095abf2de16bf97b57,105.0,3,1786715533574,2026-08-14T20:52:13.574,1,1
9052,588aca26ed1bfc095abf2de16bf97b57,105.0,3,1786715534574,2026-08-14T20:52:14.574,1,1
9053,588aca26ed1bfc095abf2de16bf97b57,106.0,3,1786715535572,2026-08-14T20:52:15.572,1,1
9054,588aca26ed1bfc095abf2de16bf97b57,106.0,3,1786715536571,2026-08-14T20:52:16.571,1,1
9055,588aca26ed1bfc095abf2de16bf97b57,106.0,3,1786715537571,2026-08-14T20:52:17.571,1,1
9056,588aca26ed1bfc095abf2de16bf97b57,106.0,3,1786715538569,2026-08-14T20:52:18.569,1,1
9057,588aca26ed1bfc095abf2de16bf97b57,106.0,3,1786715539569,2026-08-14T20:52:19.569,1,1
9058,588aca26ed1bfc095abf2de16bf97b57,105.0,3,1786715540570,2026-08-14T20:52:20.570,1,1
9059,588aca26ed1bfc095abf2de16bf97b57,106.0,3,1786715541569,2026-08-14T20:52:21.569,1,1
9060,588aca26ed1bfc095abf2de16bf97b57,107.0,3,1786715542569,2026-08-14T20:52:22.569,1,1
9061,588aca26ed1bfc095abf2de16bf97b57,107.0,3,1786715543572,2026-08-14T20:52:23.572,1,1
9062,588aca26ed1bfc095abf2de16bf97b57,107.0,3,1786715544571,2026-08-14T20:52:24.571,1,1
9063,588aca26ed1bfc095abf2de16bf97b57,109.0,3,1786715545569,2026-08-14T20:52:25.569,1,1
9064,588aca26ed1bfc095abf2de16bf97b57,109.0,3,1786715546569,2026-08-14T20:52:26.569,1,1
9065,588aca26ed1bfc095abf2de16bf97b57,110.0,3,1786715547570,2026-08-14T20:52:27.570,1,1
9066,588aca26ed1bfc095abf2de16bf97b57,109.0,3,1786715548570,2026-08-14T20:52:28.570,1,1
9067,588aca26ed1bfc095abf2de16bf97b57,109.0,3,1786715549570,2026-08-14T20:52:29.570,1,1
9068,588aca26ed1bfc095abf2de16bf97b57,108.0,3,1786715550570,2026-08-14T20:52:30.570,1,1
9069,588aca26ed1bfc095abf2de16bf97b57,107.0,3,1786715551569,2026-08-14T20:52:31.569,1,1
9070,588aca26ed1bfc095abf2de16bf97b57,108.0,3,1786715552569,2026-08-14T20:52:32.569,1,1
9071,588aca26ed1bfc095abf2de16bf97b57,108.0,3,1786715553569,2026-08-14T20:52:33.569,1,1
9072,588aca26ed1bfc095abf2de16bf97b57,108.0,3,1786715554579,2026-08-14T20:52:34.579,1,1
9073,588aca26ed1bfc095abf2de16bf97b57,108.0,3,1786715555577,2026-08-14T20:52:35.577,1,1
9074,588aca26ed1bfc095abf2de16bf97b57,108.0,3,1786715556576,2026-08-14T20:52:36.576,1,1
9075,588aca26ed1bfc095abf2de16bf97b57,107.0,3,1786715557574,2026-08-14T20:52:37.574,1,1
9076,588aca26ed1bfc095abf2de16bf97b57,108.0,3,1786715558575,2026-08-14T20:52:38.575,1,1
9077,588aca26ed1bfc095abf2de16bf97b57,107.0,3,1786715559573,2026-08-14T20:52:39.573,1,1
9078,588aca26ed1bfc095abf2de16bf97b57,107.0,3,1786715560572,2026-08-14T20:52:40.572,1,1
9079,588aca26ed1bfc095abf2de16bf97b57,106.0,3,1786715561572,2026-08-14T20:52:41.572,1,1
9080,588aca26ed1bfc095abf2de16bf97b57,106.0,3,1786715562570,2026-08-14T20:52:42.570,1,1
9081,588aca26ed1bfc095abf2de16bf97b57,106.0,3,1786715563570,2026-08-14T20:52:43.570,1,1
9082,588aca26ed1bfc095abf2de16bf97b57,106.0,3,1786715564569,2026-08-14T20:52:44.569,1,1
9083,588aca26ed1bfc095abf2de16bf97b57,106.0,3,1786715565569,2026-08-14T20:52:45.569,1,1
9084,588aca26ed1bfc095abf2de16bf97b57,105.0,3,1786715566569,2026-08-14T20:52:46.569,1,1
9085,588aca26ed1bfc095abf2de16bf97b57,106.0,3,1786715567569,2026-08-14T20:52:47.569,1,1
9086,588aca26ed1bfc095abf2de16bf97b57,107.0,3,1786715568569,2026-08-14T20:52:48.569,1,1
9087,588aca26ed1bfc095abf2de16bf97b57,107.0,3,1786715569570,2026-08-14T20:52:49.570,1,1
9088,588aca26ed1bfc095abf2de16bf97b57,107.0,3,1786715570569,2026-08-14T20:52:50.569,1,1
9089,588aca26ed1bfc095abf2de16bf97b57,107.0,3,1786715571570,2026-08-14T20:52:51.570,1,1
9090,588aca26ed1bfc095abf2de16bf97b57,107.0,3,1786715572571,2026-08-14T20:52:52.571,1,1
9091,588aca26ed1bfc095abf2de16bf97b57,107.0,3,1786715573572,2026-08-14T20:52:53.572,1,1
9092,588aca26ed1bfc095abf2de16bf97b57,106.0,3,1786715574570,2026-08-14T20:52:54.570,1,1
9093,588aca26ed1bfc095abf2de16bf97b57,106.0,3,1786715575569,2026-08-14T20:52:55.569,1,1
9094,588aca26ed1bfc095abf2de16bf97b57,106.0,3,1786715576570,2026-08-14T20:52:56.570,1,1
9095,588aca26ed1bfc095abf2de16bf97b57,105.0,3,1786715577569,2026-08-14T20:52:57.569,1,1
9096,588aca26ed1bfc095abf2de16bf97b57,104.0,3,1786715578569,2026-08-14T20:52:58.569,1,1
9097,588aca26ed1bfc095abf2de16bf97b57,103.0,3,1786715579570,2026-08-14T20:52:59.570,1,1
9098,588aca26ed1bfc095abf2de16bf97b57,101.0,3,1786715580569,2026-08-14T20:53:00.569,1,1
9099,588aca26ed1bfc095abf2de16bf97b57,100.0,3,1786715581569,2026-08-14T20:53:01.569,1,1
9100,588aca26ed1bfc095abf2de16bf97b57,100.0,3,1786715582570,2026-08-14T20:53:02.570,1,1
9101,588aca26ed1bfc095abf2de16bf97b57,100.0,3,1786715583569,2026-08-14T20:53:03.569,1,1
9102,588aca26ed1bfc095abf2de16bf97b57,101.0,3,1786715584569,2026-08-14T20:53:04.569,1,1
9103,588aca26ed1bfc095abf2de16bf97b57,101.0,3,1786715585569,2026-08-14T20:53:05.569,1,1
9104,588aca26ed1bfc095abf2de16bf97b57,101.0,3,1786715586569,2026-08-14T20:53:06.569,1,1
9105,588aca26ed1bfc095abf2de16bf97b57,102.0,3,1786715587569,2026-08-14T20:53:07.569,1,1
9106,588aca26ed1bfc095abf2de16bf97b57,103.0,3,1786715588569,2026-08-14T20:53:08.569,1,1
9107,588aca26ed1bfc095abf2de16bf97b57,104.0,3,1786715589569,2026-08-14T20:53:09.569,1,1
9108,588aca26ed1bfc095abf2de16bf97b57,104.0,3,1786715590570,2026-08-14T20:53:10.570,1,1
9109,588aca26ed1bfc095abf2de16bf97b57,104.0,3,1786715591576,2026-08-14T20:53:11.576,1,1
9110,588aca26ed1bfc095abf2de16bf97b57,105.0,3,1786715592575,2026-08-14T20:53:12.575,1,1
9111,588aca26ed1bfc095abf2de16bf97b57,106.0,3,1786715593574,2026-08-14T20:53:13.574,1,1
9112,588aca26ed1bfc095abf2de16bf97b57,107.0,3,1786715594576,2026-08-14T20:53:14.576,1,1
9113,588aca26ed1bfc095abf2de16bf97b57,108.0,3,1786715595572,2026-08-14T20:53:15.572,1,1
9114,588aca26ed1bfc095abf2de16bf97b57,108.0,3,1786715596576,2026-08-14T20:53:16.576,1,1
9115,588aca26ed1bfc095abf2de16bf97b57,109.0,3,1786715597572,2026-08-14T20:53:17.572,1,1
9116,588aca26ed1bfc095abf2de16bf97b57,109.0,3,1786715598571,2026-08-14T20:53:18.571,1,1
9117,588aca26ed1bfc095abf2de16bf97b57,109.0,3,1786715599572,2026-08-14T20:53:19.572,1,1
9118,588aca26ed1bfc095abf2de16bf97b57,108.0,3,1786715600571,2026-08-14T20:53:20.571,1,1
9119,588aca26ed1bfc095abf2de16bf97b57,107.0,3,1786715601571,2026-08-14T20:53:21.571,1,1
9120,588aca26ed1bfc095abf2de16bf97b57,107.0,3,1786715602569,2026-08-14T20:53:22.569,1,1
9121,588aca26ed1bfc095abf2de16bf97b57,109.0,3,1786715603570,2026-08-14T20:53:23.570,1,1
9122,588aca26ed1bfc095abf2de16bf97b57,108.0,3,1786715604569,2026-08-14T20:53:24.569,1,1
9123,588aca26ed1bfc095abf2de16bf97b57,107.0,3,1786715605574,2026-08-14T20:53:25.574,1,1
9124,588aca26ed1bfc095abf2de16bf97b57,106.0,3,1786715606569,2026-08-14T20:53:26.569,1,1
9125,588aca26ed1bfc095abf2de16bf97b57,107.0,3,1786715607571,2026-08-14T20:53:27.571,1,1
9126,588aca26ed1bfc095abf2de16bf97b57,108.0,3,1786715608569,2026-08-14T20:53:28.569,1,1
9127,588aca26ed1bfc095abf2de16bf97b57,108.0,3,1786715609569,2026-08-14T20:53:29.569,1,1
9128,588aca26ed1bfc095abf2de16bf97b57,109.0,3,1786715610570,2026-08-14T20:53:30.570,1,1
9129,588aca26ed1bfc095abf2de16bf97b57,110.0,3,1786715611569,2026-08-14T20:53:31.569,1,1
9130,588aca26ed1bfc095abf2de16bf97b57,111.0,3,1786715612570,2026-08-14T20:53:32.570,1,1
9131,588aca26ed1bfc095abf2de16bf97b57,112.0,3,1786715613570,2026-08-14T20:53:33.570,1,1
9132,588aca26ed1bfc095abf2de16bf97b57,111.0,3,1786715614571,2026-08-14T20:53:34.571,1,1
9133,588aca26ed1bfc095abf2de16bf97b57,112.0,3,1786715615569,2026-08-14T20:53:35.569,1,1
9134,588aca26ed1bfc095abf2de16bf97b57,112.0,3,1786715616569,2026-08-14T20:53:36.569,1,1
9135,588aca26ed1bfc095abf2de16bf97b57,111.0,3,1786715617569,2026-08-14T20:53:37.569,1,1
9136,588aca26ed1bfc095abf2de16bf97b57,110.0,3,1786715618569,2026-08-14T20:53:38.569,1,1
9137,588aca26ed1bfc095abf2de16bf97b57,109.0,3,1786715619569,2026-08-14T20:53:39.569,1,1
9138,588aca26ed1bfc095abf2de16bf97b57,108.0,3,1786715620569,2026-08-14T20:53:40.569,1,1
9139,588aca26ed1bfc095abf2de16bf97b57,106.0,3,1786715621572,2026-08-14T20:53:41.572,1,1
9140,588aca26ed1bfc095abf2de16bf97b57,105.0,3,1786715622578,2026-08-14T20:53:42.578,1,1
9141,588aca26ed1bfc095abf2de16bf97b57,104.0,3,1786715623573,2026-08-14T20:53:43.573,1,1
9142,588aca26ed1bfc095abf2de16bf97b57,104.0,3,1786715624576,2026-08-14T20:53:44.576,1,1
9143,588aca26ed1bfc095abf2de16bf97b57,104.0,3,1786715625569,2026-08-14T20:53:45.569,1,1
9144,588aca26ed1bfc095abf2de16bf97b57,104.0,3,1786715626569,2026-08-14T20:53:46.569,1,1
9145,588aca26ed1bfc095abf2de16bf97b57,103.0,3,1786715627573,2026-08-14T20:53:47.573,1,1
9146,588aca26ed1bfc095abf2de16bf97b57,103.0,3,1786715628570,2026-08-14T20:53:48.570,1,1
9147,588aca26ed1bfc095abf2de16bf97b57,101.0,3,1786715629570,2026-08-14T20:53:49.570,1,1
9148,588aca26ed1bfc095abf2de16bf97b57,101.0,3,1786715630572,2026-08-14T20:53:50.572,1,1
9149,588aca26ed1bfc095abf2de16bf97b57,100.0,3,1786715631569,2026-08-14T20:53:51.569,1,1
9150,588aca26ed1bfc095abf2de16bf97b57,99.0,3,1786715632570,2026-08-14T20:53:52.570,1,1
9151,588aca26ed1bfc095abf2de16bf97b57,100.0,3,1786715633573,2026-08-14T20:53:53.573,1,1
9152,588aca26ed1bfc095abf2de16bf97b57,100.0,3,1786715634571,2026-08-14T20:53:54.571,1,1
9153,588aca26ed1bfc095abf2de16bf97b57,101.0,3,1786715635569,2026-08-14T20:53:55.569,1,1
9154,588aca26ed1bfc095abf2de16bf97b57,101.0,3,1786715636570,2026-08-14T20:53:56.570,1,1
9155,588aca26ed1bfc095abf2de16bf97b57,101.0,3,1786715637569,2026-08-14T20:53:57.569,1,1
9156,588aca26ed1bfc095abf2de16bf97b57,101.0,3,1786715638569,2026-08-14T20:53:58.569,1,1
9157,588aca26ed1bfc095abf2de16bf97b57,100.0,3,1786715639570,2026-08-14T20:53:59.570,1,1
9158,588aca26ed1bfc095abf2de16bf97b57,100.0,3,1786715640569,2026-08-14T20:54:00.569,1,1
9159,588aca26ed1bfc095abf2de16bf97b57,99.0,3,1786715641569,2026-08-14T20:54:01.569,1,1
9160,588aca26ed1bfc095abf2de16bf97b57,98.0,3,1786715642570,2026-08-14T20:54:02.570,1,1
9161,588aca26ed1bfc095abf2de16bf97b57,97.0,3,1786715643570,2026-08-14T20:54:03.570,1,1
9162,588aca26ed1bfc095abf2de16bf97b57,96.0,3,1786715644576,2026-08-14T20:54:04.576,1,1
9163,588aca26ed1bfc095abf2de16bf97b57,95.0,3,1786715645574,2026-08-14T20:54:05.574,1,1
9164,588aca26ed1bfc095abf2de16bf97b57,95.0,3,1786715646576,2026-08-14T20:54:06.576,1,1
9165,588aca26ed1bfc095abf2de16bf97b57,95.0,3,1786715647575,2026-08-14T20:54:07.575,1,1
9166,588aca26ed1bfc095abf2de16bf97b57,95.0,3,1786715648571,2026-08-14T20:54:08.571,1,1
9167,588aca26ed1bfc095abf2de16bf97b57,95.0,3,1786715649570,2026-08-14T20:54:09.570,1,1
9168,588aca26ed1bfc095abf2de16bf97b57,96.0,3,1786715650569,2026-08-14T20:54:10.569,1,1
9169,588aca26ed1bfc095abf2de16bf97b57,96.0,3,1786715651569,2026-08-14T20:54:11.569,1,1
9170,588aca26ed1bfc095abf2de16bf97b57,96.0,3,1786715652569,2026-08-14T20:54:12.569,1,1
9171,588aca26ed1bfc095abf2de16bf97b57,96.0,3,1786715653571,2026-08-14T20:54:13.571,1,1
9172,588aca26ed1bfc095abf2de16bf97b57,96.0,3,1786715654569,2026-08-14T20:54:14.569,1,1
9173,588aca26ed1bfc095abf2de16bf97b57,96.0,3,1786715655571,2026-08-14T20:54:15.571,1,1
9174,588aca26ed1bfc095abf2de16bf97b57,96.0,3,1786715656571,2026-08-14T20:54:16.571,1,1
9175,588aca26ed1bfc095abf2de16bf97b57,96.0,3,1786715657571,2026-08-14T20:54:17.571,1,1
9176,588aca26ed1bfc095abf2de16bf97b57,96.0,3,1786715658569,2026-08-14T20:54:18.569,1,1
9177,588aca26ed1bfc095abf2de16bf97b57,96.0,3,1786715659570,2026-08-14T20:54:19.570,1,1
9178,588aca26ed1bfc095abf2de16bf97b57,95.0,3,1786715660569,2026-08-14T20:54:20.569,1,1
9179,588aca26ed1bfc095abf2de16bf97b57,96.0,3,1786715661579,2026-08-14T20:54:21.579,1,1
9180,588aca26ed1bfc095abf2de16bf97b57,97.0,3,1786715662570,2026-08-14T20:54:22.570,1,1
9181,588aca26ed1bfc095abf2de16bf97b57,98.0,3,1786715663570,2026-08-14T20:54:23.570,1,1
9182,588aca26ed1bfc095abf2de16bf97b57,99.0,3,1786715664569,2026-08-14T20:54:24.569,1,1
9183,588aca26ed1bfc095abf2de16bf97b57,100.0,3,1786715665574,2026-08-14T20:54:25.574,1,1
9184,588aca26ed1bfc095abf2de16bf97b57,101.0,3,1786715666569,2026-08-14T20:54:26.569,1,1
9185,588aca26ed1bfc095abf2de16bf97b57,100.0,3,1786715667569,2026-08-14T20:54:27.569,1,1
9186,588aca26ed1bfc095abf2de16bf97b57,99.0,3,1786715668569,2026-08-14T20:54:28.569,1,1
9187,588aca26ed1bfc095abf2de16bf97b57,97.0,3,1786715669570,2026-08-14T20:54:29.570,1,1
9188,588aca26ed1bfc095abf2de16bf97b57,96.0,3,1786715670569,2026-08-14T20:54:30.569,1,1
9189,588aca26ed1bfc095abf2de16bf97b57,95.0,3,1786715671569,2026-08-14T20:54:31.569,1,1
9190,588aca26ed1bfc095abf2de16bf97b57,96.0,3,1786715672569,2026-08-14T20:54:32.569,1,1
9191,588aca26ed1bfc095abf2de16bf97b57,97.0,3,1786715673569,2026-08-14T20:54:33.569,1,1
9192,588aca26ed1bfc095abf2de16bf97b57,98.0,3,1786715674569,2026-08-14T20:54:34.569,1,1
9193,588aca26ed1bfc095abf2de16bf97b57,99.0,3,1786715675569,2026-08-14T20:54:35.569,1,1
9194,588aca26ed1bfc095abf2de16bf97b57,100.0,3,1786715676569,2026-08-14T20:54:36.569,1,1
9195,588aca26ed1bfc095abf2de16bf97b57,101.0,3,1786715677569,2026-08-14T20:54:37.569,1,1
9196,588aca26ed1bfc095abf2de16bf97b57,101.0,3,1786715678569,2026-08-14T20:54:38.569,1,1
9197,588aca26ed1bfc095abf2de16bf97b57,101.0,3,1786715679569,2026-08-14T20:54:39.569,1,1
9198,588aca26ed1bfc095abf2de16bf97b57,100.0,3,1786715680569,2026-08-14T20:54:40.569,1,1
9199,588aca26ed1bfc095abf2de16bf97b57,99.0,3,1786715681572,2026-08-14T20:54:41.572,1,1
9200,588aca26ed1bfc095abf2de16bf97b57,98.0,3,1786715682571,2026-08-14T20:54:42.571,1,1
9201,588aca26ed1bfc095abf2de16bf97b57,98.0,3,1786715683577,2026-08-14T20:54:43.577,1,1
9202,588aca26ed1bfc095abf2de16bf97b57,98.0,3,1786715684576,2026-08-14T20:54:44.576,1,1
9203,588aca26ed1bfc095abf2de16bf97b57,99.0,3,1786715685570,2026-08-14T20:54:45.570,1,1
9204,588aca26ed1bfc095abf2de16bf97b57,100.0,3,1786715686573,2026-08-14T20:54:46.573,1,1
9205,588aca26ed1bfc095abf2de16bf97b57,100.0,3,1786715687569,2026-08-14T20:54:47.569,1,1
9206,588aca26ed1bfc095abf2de16bf97b57,100.0,3,1786715688571,2026-08-14T20:54:48.571,1,1
9207,588aca26ed1bfc095abf2de16bf97b57,100.0,3,1786715689569,2026-08-14T20:54:49.569,1,1
9208,588aca26ed1bfc095abf2de16bf97b57,100.0,3,1786715690569,2026-08-14T20:54:50.569,1,1
9209,588aca26ed1bfc095abf2de16bf97b57,100.0,3,1786715691569,2026-08-14T20:54:51.569,1,1
9210,588aca26ed1bfc095abf2de16bf97b57,100.0,3,1786715692570,2026-08-14T20:54:52.570,1,1
9211,588aca26ed1bfc095abf2de16bf97b57,100.0,3,1786715693569,2026-08-14T20:54:53.569,1,1
9212,588aca26ed1bfc095abf2de16bf97b57,100.0,3,1786715694575,2026-08-14T20:54:54.575,1,1
9213,588aca26ed1bfc095abf2de16bf97b57,99.0,3,1786715695580,2026-08-14T20:54:55.580,1,1
9214,588aca26ed1bfc095abf2de16bf97b57,99.0,3,1786715696570,2026-08-14T20:54:56.570,1,1
9215,588aca26ed1bfc095abf2de16bf97b57,98.0,3,1786715697571,2026-08-14T20:54:57.571,1,1
9216,588aca26ed1bfc095abf2de16bf97b57,98.0,3,1786715698571,2026-08-14T20:54:58.571,1,1
9217,588aca26ed1bfc095abf2de16bf97b57,98.0,3,1786715699572,2026-08-14T20:54:59.572,1,1
9218,588aca26ed1bfc095abf2de16bf97b57,97.0,3,1786715700569,2026-08-14T20:55:00.569,1,1
9219,588aca26ed1bfc095abf2de16bf97b57,96.0,3,1786715701569,2026-08-14T20:55:01.569,1,1
9220,588aca26ed1bfc095abf2de16bf97b57,95.0,3,1786715702570,2026-08-14T20:55:02.570,1,1
9221,588aca26ed1bfc095abf2de16bf97b57,94.0,3,1786715703570,2026-08-14T20:55:03.570,1,1
9222,588aca26ed1bfc095abf2de16bf97b57,93.0,3,1786715704571,2026-08-14T20:55:04.571,1,1
9223,588aca26ed1bfc095abf2de16bf97b57,92.0,3,1786715705571,2026-08-14T20:55:05.571,1,1
9224,588aca26ed1bfc095abf2de16bf97b57,92.0,3,1786715706570,2026-08-14T20:55:06.570,1,1
9225,588aca26ed1bfc095abf2de16bf97b57,92.0,3,1786715707570,2026-08-14T20:55:07.570,1,0
9226,588aca26ed1bfc095abf2de16bf97b57,93.0,3,1786715708572,2026-08-14T20:55:08.572,1,1
9227,588aca26ed1bfc095abf2de16bf97b57,92.0,3,1786715709571,2026-08-14T20:55:09.571,1,1
9228,588aca26ed1bfc095abf2de16bf97b57,93.0,3,1786715710572,2026-08-14T20:55:10.572,1,1
9229,588aca26ed1bfc095abf2de16bf97b57,93.0,3,1786715711569,2026-08-14T20:55:11.569,1,1
9230,588aca26ed1bfc095abf2de16bf97b57,93.0,3,1786715712571,2026-08-14T20:55:12.571,1,1
9231,588aca26ed1bfc095abf2de16bf97b57,94.0,3,1786715713571,2026-08-14T20:55:13.571,1,1
9232,588aca26ed1bfc095abf2de16bf97b57,95.0,3,1786715714570,2026-08-14T20:55:14.570,1,1
9233,588aca26ed1bfc095abf2de16bf97b57,97.0,3,1786715715572,2026-08-14T20:55:15.572,1,1
9234,588aca26ed1bfc095abf2de16bf97b57,98.0,3,1786715716571,2026-08-14T20:55:16.571,1,1
9235,588aca26ed1bfc095abf2de16bf97b57,98.0,3,1786715717572,2026-08-14T20:55:17.572,1,1
9236,588aca26ed1bfc095abf2de16bf97b57,99.0,3,1786715718572,2026-08-14T20:55:18.572,1,1
9237,588aca26ed1bfc095abf2de16bf97b57,99.0,3,1786715719572,2026-08-14T20:55:19.572,1,1
9238,588aca26ed1bfc095abf2de16bf97b57,100.0,3,1786715720572,2026-08-14T20:55:20.572,1,1
9239,588aca26ed1bfc095abf2de16bf97b57,101.0,3,1786715721571,2026-08-14T20:55:21.571,1,1
9240,588aca26ed1bfc095abf2de16bf97b57,102.0,3,1786715722571,2026-08-14T20:55:22.571,1,1
9241,588aca26ed1bfc095abf2de16bf97b57,103.0,3,1786715723571,2026-08-14T20:55:23.571,1,1
9242,588aca26ed1bfc095abf2de16bf97b57,104.0,3,1786715724571,2026-08-14T20:55:24.571,1,1
9243,588aca26ed1bfc095abf2de16bf97b57,104.0,3,1786715725572,2026-08-14T20:55:25.572,1,1
9244,588aca26ed1bfc095abf2de16bf97b57,105.0,3,1786715726571,2026-08-14T20:55:26.571,1,1
9245,588aca26ed1bfc095abf2de16bf97b57,105.0,3,1786715727572,2026-08-14T20:55:27.572,1,1
9246,588aca26ed1bfc095abf2de16bf97b57,105.0,3,1786715728572,2026-08-14T20:55:28.572,1,1
9247,588aca26ed1bfc095abf2de16bf97b57,105.0,3,1786715729572,2026-08-14T20:55:29.572,1,1
9248,588aca26ed1bfc095abf2de16bf97b57,105.0,3,1786715730571,2026-08-14T20:55:30.571,1,1
9249,588aca26ed1bfc095abf2de16bf97b57,105.0,3,1786715731571,2026-08-14T20:55:31.571,1,1
9250,588aca26ed1bfc095abf2de16bf97b57,105.0,3,1786715732571,2026-08-14T20:55:32.571,1,1
9251,588aca26ed1bfc095abf2de16bf97b57,105.0,3,1786715733572,2026-08-14T20:55:33.572,1,1
9252,588aca26ed1bfc095abf2de16bf97b57,105.0,3,1786715734569,2026-08-14T20:55:34.569,1,1
9253,588aca26ed1bfc095abf2de16bf97b57,104.0,3,1786715735572,2026-08-14T20:55:35.572,1,1
9254,588aca26ed1bfc095abf2de16bf97b57,105.0,3,1786715736571,2026-08-14T20:55:36.571,1,1
9255,588aca26ed1bfc095abf2de16bf97b57,104.0,3,1786715737569,2026-08-14T20:55:37.569,1,1
9256,588aca26ed1bfc095abf2de16bf97b57,105.0,3,1786715738571,2026-08-14T20:55:38.571,1,1
9257,588aca26ed1bfc095abf2de16bf97b57,104.0,3,1786715739571,2026-08-14T20:55:39.571,1,1
9258,588aca26ed1bfc095abf2de16bf97b57,104.0,3,1786715740570,2026-08-14T20:55:40.570,1,1
9259,588aca26ed1bfc095abf2de16bf97b57,105.0,3,1786715741571,2026-08-14T20:55:41.571,1,1
9260,588aca26ed1bfc095abf2de16bf97b57,107.0,3,1786715742569,2026-08-14T20:55:42.569,1,1
9261,588aca26ed1bfc095abf2de16bf97b57,109.0,3,1786715743572,2026-08-14T20:55:43.572,1,1
9262,588aca26ed1bfc095abf2de16bf97b57,108.0,3,1786715744571,2026-08-14T20:55:44.571,1,1
9263,588aca26ed1bfc095abf2de16bf97b57,107.0,3,1786715745572,2026-08-14T20:55:45.572,1,1
9264,588aca26ed1bfc095abf2de16bf97b57,107.0,3,1786715746571,2026-08-14T20:55:46.571,1,1
9265,588aca26ed1bfc095abf2de16bf97b57,106.0,3,1786715747570,2026-08-14T20:55:47.570,1,1
9266,588aca26ed1bfc095abf2de16bf97b57,105.0,3,1786715748572,2026-08-14T20:55:48.572,1,1
9267,588aca26ed1bfc095abf2de16bf97b57,106.0,3,1786715749569,2026-08-14T20:55:49.569,1,1
9268,588aca26ed1bfc095abf2de16bf97b57,107.0,3,1786715750574,2026-08-14T20:55:50.574,1,1
9269,588aca26ed1bfc095abf2de16bf97b57,108.0,3,1786715751571,2026-08-14T20:55:51.571,1,1
9270,588aca26ed1bfc095abf2de16bf97b57,109.0,3,1786715752570,2026-08-14T20:55:52.570,1,1
9271,588aca26ed1bfc095abf2de16bf97b57,109.0,3,1786715753572,2026-08-14T20:55:53.572,1,1
9272,588aca26ed1bfc095abf2de16bf97b57,108.0,3,1786715754573,2026-08-14T20:55:54.573,1,1
9273,588aca26ed1bfc095abf2de16bf97b57,107.0,3,1786715755569,2026-08-14T20:55:55.569,1,1
9274,588aca26ed1bfc095abf2de16bf97b57,106.0,3,1786715756569,2026-08-14T20:55:56.569,1,1
9275,588aca26ed1bfc095abf2de16bf97b57,105.0,3,1786715757569,2026-08-14T20:55:57.569,1,1
9276,588aca26ed1bfc095abf2de16bf97b57,104.0,3,1786715758569,2026-08-14T20:55:58.569,1,1
9277,588aca26ed1bfc095abf2de16bf97b57,103.0,3,1786715759571,2026-08-14T20:55:59.571,1,1
9278,588aca26ed1bfc095abf2de16bf97b57,103.0,3,1786715760570,2026-08-14T20:56:00.570,1,1
9279,588aca26ed1bfc095abf2de16bf97b57,104.0,3,1786715761569,2026-08-14T20:56:01.569,1,1
9280,588aca26ed1bfc095abf2de16bf97b57,104.0,3,1786715762569,2026-08-14T20:56:02.569,1,1
9281,588aca26ed1bfc095abf2de16bf97b57,106.0,3,1786715763569,2026-08-14T20:56:03.569,1,1
9282,588aca26ed1bfc095abf2de16bf97b57,106.0,3,1786715764569,2026-08-14T20:56:04.569,1,1
9283,588aca26ed1bfc095abf2de16bf97b57,105.0,3,1786715765569,2026-08-14T20:56:05.569,1,1
9284,588aca26ed1bfc095abf2de16bf97b57,104.0,3,1786715766569,2026-08-14T20:56:06.569,1,1
9285,588aca26ed1bfc095abf2de16bf97b57,103.0,3,1786715767571,2026-08-14T20:56:07.571,1,1
9286,588aca26ed1bfc095abf2de16bf97b57,102.0,3,1786715768572,2026-08-14T20:56:08.572,1,1
9287,588aca26ed1bfc095abf2de16bf97b57,103.0,3,1786715769569,2026-08-14T20:56:09.569,1,1
9288,588aca26ed1bfc095abf2de16bf97b57,104.0,3,1786715770572,2026-08-14T20:56:10.572,1,1
9289,588aca26ed1bfc095abf2de16bf97b57,105.0,3,1786715771569,2026-08-14T20:56:11.569,1,1
9290,588aca26ed1bfc095abf2de16bf97b57,105.0,3,1786715772569,2026-08-14T20:56:12.569,1,1
9291,588aca26ed1bfc095abf2de16bf97b57,103.0,3,1786715773571,2026-08-14T20:56:13.571,1,1
9292,588aca26ed1bfc095abf2de16bf97b57,103.0,3,1786715774570,2026-08-14T20:56:14.570,1,1
9293,588aca26ed1bfc095abf2de16bf97b57,103.0,3,1786715775569,2026-08-14T20:56:15.569,1,1
9294,588aca26ed1bfc095abf2de16bf97b57,102.0,3,1786715776572,2026-08-14T20:56:16.572,1,1
9295,588aca26ed1bfc095abf2de16bf97b57,101.0,3,1786715777569,2026-08-14T20:56:17.569,1,1
9296,588aca26ed1bfc095abf2de16bf97b57,102.0,3,1786715778569,2026-08-14T20:56:18.569,1,1
9297,588aca26ed1bfc095abf2de16bf97b57,102.0,3,1786715779571,2026-08-14T20:56:19.571,1,1
9298,588aca26ed1bfc095abf2de16bf97b57,102.0,3,1786715780569,2026-08-14T20:56:20.569,1,1
9299,588aca26ed1bfc095abf2de16bf97b57,103.0,3,1786715781569,2026-08-14T20:56:21.569,1,1
9300,588aca26ed1bfc095abf2de16bf97b57,104.0,3,1786715782569,2026-08-14T20:56:22.569,1,1
9301,588aca26ed1bfc095abf2de16bf97b57,104.0,3,1786715783570,2026-08-14T20:56:23.570,1,1
9302,588aca26ed1bfc095abf2de16bf97b57,105.0,3,1786715784569,2026-08-14T20:56:24.569,1,1
9303,588aca26ed1bfc095abf2de16bf97b57,105.0,3,1786715785569,2026-08-14T20:56:25.569,1,1
9304,588aca26ed1bfc095abf2de16bf97b57,105.0,3,1786715786571,2026-08-14T20:56:26.571,1,1
9305,588aca26ed1bfc095abf2de16bf97b57,105.0,3,1786715787569,2026-08-14T20:56:27.569,1,1
9306,588aca26ed1bfc095abf2de16bf97b57,104.0,3,1786715788569,2026-08-14T20:56:28.569,1,1
9307,588aca26ed1bfc095abf2de16bf97b57,103.0,3,1786715789569,2026-08-14T20:56:29.569,1,1
9308,588aca26ed1bfc095abf2de16bf97b57,102.0,3,1786715790569,2026-08-14T20:56:30.569,1,1
9309,588aca26ed1bfc095abf2de16bf97b57,101.0,3,1786715791569,2026-08-14T20:56:31.569,1,1
9310,588aca26ed1bfc095abf2de16bf97b57,100.0,3,1786715792570,2026-08-14T20:56:32.570,1,1
9311,588aca26ed1bfc095abf2de16bf97b57,98.0,3,1786715793568,2026-08-14T20:56:33.568,1,1
9312,588aca26ed1bfc095abf2de16bf97b57,97.0,3,1786715794569,2026-08-14T20:56:34.569,1,1
9313,588aca26ed1bfc095abf2de16bf97b57,96.0,3,1786715795569,2026-08-14T20:56:35.569,1,1
9314,588aca26ed1bfc095abf2de16bf97b57,95.0,3,1786715796569,2026-08-14T20:56:36.569,1,1
9315,588aca26ed1bfc095abf2de16bf97b57,97.0,3,1786715797569,2026-08-14T20:56:37.569,1,1
9316,588aca26ed1bfc095abf2de16bf97b57,98.0,3,1786715798570,2026-08-14T20:56:38.570,1,1
9317,588aca26ed1bfc095abf2de16bf97b57,97.0,3,1786715799570,2026-08-14T20:56:39.570,1,1
9318,588aca26ed1bfc095abf2de16bf97b57,99.0,3,1786715800569,2026-08-14T20:56:40.569,1,1
9319,588aca26ed1bfc095abf2de16bf97b57,99.0,3,1786715801569,2026-08-14T20:56:41.569,1,1
9320,588aca26ed1bfc095abf2de16bf97b57,100.0,3,1786715802570,2026-08-14T20:56:42.570,1,1
9321,588aca26ed1bfc095abf2de16bf97b57,100.0,3,1786715803570,2026-08-14T20:56:43.570,1,1
9322,588aca26ed1bfc095abf2de16bf97b57,101.0,3,1786715804569,2026-08-14T20:56:44.569,1,1
9323,588aca26ed1bfc095abf2de16bf97b57,101.0,3,1786715805569,2026-08-14T20:56:45.569,1,1
9324,588aca26ed1bfc095abf2de16bf97b57,102.0,3,1786715806569,2026-08-14T20:56:46.569,1,1
9325,588aca26ed1bfc095abf2de16bf97b57,102.0,3,1786715807571,2026-08-14T20:56:47.571,1,1
9326,588aca26ed1bfc095abf2de16bf97b57,102.0,3,1786715808569,2026-08-14T20:56:48.569,1,1
9327,588aca26ed1bfc095abf2de16bf97b57,101.0,3,1786715809569,2026-08-14T20:56:49.569,1,1
9328,588aca26ed1bfc095abf2de16bf97b57,101.0,3,1786715810569,2026-08-14T20:56:50.569,1,1
9329,588aca26ed1bfc095abf2de16bf97b57,100.0,3,1786715811572,2026-08-14T20:56:51.572,1,1
9330,588aca26ed1bfc095abf2de16bf97b57,101.0,3,1786715812572,2026-08-14T20:56:52.572,1,1
9331,588aca26ed1bfc095abf2de16bf97b57,102.0,3,1786715813571,2026-08-14T20:56:53.571,1,1
9332,588aca26ed1bfc095abf2de16bf97b57,102.0,3,1786715814572,2026-08-14T20:56:54.572,1,1
9333,588aca26ed1bfc095abf2de16bf97b57,103.0,3,1786715815570,2026-08-14T20:56:55.570,1,1
9334,588aca26ed1bfc095abf2de16bf97b57,104.0,3,1786715816569,2026-08-14T20:56:56.569,1,1
9335,588aca26ed1bfc095abf2de16bf97b57,104.0,3,1786715817572,2026-08-14T20:56:57.572,1,1
9336,588aca26ed1bfc095abf2de16bf97b57,105.0,3,1786715818573,2026-08-14T20:56:58.573,1,1
9337,588aca26ed1bfc095abf2de16bf97b57,105.0,3,1786715819569,2026-08-14T20:56:59.569,1,1
9338,588aca26ed1bfc095abf2de16bf97b57,106.0,3,1786715820569,2026-08-14T20:57:00.569,1,1
9339,588aca26ed1bfc095abf2de16bf97b57,106.0,3,1786715821569,2026-08-14T20:57:01.569,1,1
9340,588aca26ed1bfc095abf2de16bf97b57,106.0,3,1786715822569,2026-08-14T20:57:02.569,1,1
9341,588aca26ed1bfc095abf2de16bf97b57,105.0,3,1786715823569,2026-08-14T20:57:03.569,1,1
9342,588aca26ed1bfc095abf2de16bf97b57,106.0,3,1786715824569,2026-08-14T20:57:04.569,1,1
9343,588aca26ed1bfc095abf2de16bf97b57,107.0,3,1786715825569,2026-08-14T20:57:05.569,1,1
9344,588aca26ed1bfc095abf2de16bf97b57,106.0,3,1786715826570,2026-08-14T20:57:06.570,1,1
9345,588aca26ed1bfc095abf2de16bf97b57,107.0,3,1786715827572,2026-08-14T20:57:07.572,1,1
9346,588aca26ed1bfc095abf2de16bf97b57,108.0,3,1786715828572,2026-08-14T20:57:08.572,1,1
9347,588aca26ed1bfc095abf2de16bf97b57,108.0,3,1786715829569,2026-08-14T20:57:09.569,1,1
9348,588aca26ed1bfc095abf2de16bf97b57,107.0,3,1786715830569,2026-08-14T20:57:10.569,1,1
9349,588aca26ed1bfc095abf2de16bf97b57,107.0,3,1786715831573,2026-08-14T20:57:11.573,1,1
9350,588aca26ed1bfc095abf2de16bf97b57,109.0,3,1786715832571,2026-08-14T20:57:12.571,1,1
9351,588aca26ed1bfc095abf2de16bf97b57,108.0,3,1786715833572,2026-08-14T20:57:13.572,1,1
9352,588aca26ed1bfc095abf2de16bf97b57,107.0,3,1786715834572,2026-08-14T20:57:14.572,1,1
9353,588aca26ed1bfc095abf2de16bf97b57,106.0,3,1786715835572,2026-08-14T20:57:15.572,1,1
9354,588aca26ed1bfc095abf2de16bf97b57,106.0,3,1786715836571,2026-08-14T20:57:16.571,1,1
9355,588aca26ed1bfc095abf2de16bf97b57,107.0,3,1786715837571,2026-08-14T20:57:17.571,1,1
9356,588aca26ed1bfc095abf2de16bf97b57,106.0,3,1786715838571,2026-08-14T20:57:18.571,1,1
9357,588aca26ed1bfc095abf2de16bf97b57,106.0,3,1786715839573,2026-08-14T20:57:19.573,1,1
9358,588aca26ed1bfc095abf2de16bf97b57,106.0,3,1786715840569,2026-08-14T20:57:20.569,1,1
9359,588aca26ed1bfc095abf2de16bf97b57,107.0,3,1786715841571,2026-08-14T20:57:21.571,1,1
9360,588aca26ed1bfc095abf2de16bf97b57,108.0,3,1786715842570,2026-08-14T20:57:22.570,1,1
9361,588aca26ed1bfc095abf2de16bf97b57,109.0,3,1786715843571,2026-08-14T20:57:23.571,1,1
9362,588aca26ed1bfc095abf2de16bf97b57,109.0,3,1786715844572,2026-08-14T20:57:24.572,1,1
9363,588aca26ed1bfc095abf2de16bf97b57,110.0,3,1786715845571,2026-08-14T20:57:25.571,1,1
9364,588aca26ed1bfc095abf2de16bf97b57,109.0,3,1786715846572,2026-08-14T20:57:26.572,1,1
9365,588aca26ed1bfc095abf2de16bf97b57,109.0,3,1786715847569,2026-08-14T20:57:27.569,1,1
9366,588aca26ed1bfc095abf2de16bf97b57,111.0,3,1786715848569,2026-08-14T20:57:28.569,1,1
9367,588aca26ed1bfc095abf2de16bf97b57,111.0,3,1786715849569,2026-08-14T20:57:29.569,1,1
9368,588aca26ed1bfc095abf2de16bf97b57,111.0,3,1786715850569,2026-08-14T20:57:30.569,1,1
9369,588aca26ed1bfc095abf2de16bf97b57,110.0,3,1786715851569,2026-08-14T20:57:31.569,1,1
9370,588aca26ed1bfc095abf2de16bf97b57,110.0,3,1786715852571,2026-08-14T20:57:32.571,1,1
9371,588aca26ed1bfc095abf2de16bf97b57,109.0,3,1786715853572,2026-08-14T20:57:33.572,1,1
9372,588aca26ed1bfc095abf2de16bf97b57,108.0,3,1786715854571,2026-08-14T20:57:34.571,1,1
9373,588aca26ed1bfc095abf2de16bf97b57,108.0,3,1786715855570,2026-08-14T20:57:35.570,1,1
9374,588aca26ed1bfc095abf2de16bf97b57,108.0,3,1786715856571,2026-08-14T20:57:36.571,1,1
9375,588aca26ed1bfc095abf2de16bf97b57,109.0,3,1786715857572,2026-08-14T20:57:37.572,1,1
9376,588aca26ed1bfc095abf2de16bf97b57,109.0,3,1786715858572,2026-08-14T20:57:38.572,1,1
9377,588aca26ed1bfc095abf2de16bf97b57,108.0,3,1786715859572,2026-08-14T20:57:39.572,1,1
9378,588aca26ed1bfc095abf2de16bf97b57,108.0,3,1786715860571,2026-08-14T20:57:40.571,1,1
9379,588aca26ed1bfc095abf2de16bf97b57,108.0,3,1786715861571,2026-08-14T20:57:41.571,1,1
9380,588aca26ed1bfc095abf2de16bf97b57,108.0,3,1786715862572,2026-08-14T20:57:42.572,1,1
9381,588aca26ed1bfc095abf2de16bf97b57,108.0,3,1786715863570,2026-08-14T20:57:43.570,1,1
9382,588aca26ed1bfc095abf2de16bf97b57,108.0,3,1786715864572,2026-08-14T20:57:44.572,1,1
9383,588aca26ed1bfc095abf2de16bf97b57,107.0,3,1786715865572,2026-08-14T20:57:45.572,1,1
9384,588aca26ed1bfc095abf2de16bf97b57,107.0,3,1786715866571,2026-08-14T20:57:46.571,1,1
9385,588aca26ed1bfc095abf2de16bf97b57,107.0,3,1786715867571,2026-08-14T20:57:47.571,1,1
9386,588aca26ed1bfc095abf2de16bf97b57,107.0,3,1786715868572,2026-08-14T20:57:48.572,1,1
9387,588aca26ed1bfc095abf2de16bf97b57,106.0,3,1786715869572,2026-08-14T20:57:49.572,1,1
9388,588aca26ed1bfc095abf2de16bf97b57,106.0,3,1786715870572,2026-08-14T20:57:50.572,1,1
9389,588aca26ed1bfc095abf2de16bf97b57,106.0,3,1786715871571,2026-08-14T20:57:51.571,1,1
9390,588aca26ed1bfc095abf2de16bf97b57,106.0,3,1786715872572,2026-08-14T20:57:52.572,1,1
9391,588aca26ed1bfc095abf2de16bf97b57,106.0,3,1786715873571,2026-08-14T20:57:53.571,1,1
9392,588aca26ed1bfc095abf2de16bf97b57,105.0,3,1786715874571,2026-08-14T20:57:54.571,1,1
9393,588aca26ed1bfc095abf2de16bf97b57,105.0,3,1786715875569,2026-08-14T20:57:55.569,1,1
9394,588aca26ed1bfc095abf2de16bf97b57,105.0,3,1786715876571,2026-08-14T20:57:56.571,1,1
9395,588aca26ed1bfc095abf2de16bf97b57,104.0,3,1786715877572,2026-08-14T20:57:57.572,1,1
9396,588aca26ed1bfc095abf2de16bf97b57,103.0,3,1786715878572,2026-08-14T20:57:58.572,1,1
9397,588aca26ed1bfc095abf2de16bf97b57,102.0,3,1786715879572,2026-08-14T20:57:59.572,1,1
9398,588aca26ed1bfc095abf2de16bf97b57,101.0,3,1786715880571,2026-08-14T20:58:00.571,1,1
9399,588aca26ed1bfc095abf2de16bf97b57,102.0,3,1786715881569,2026-08-14T20:58:01.569,1,1
9400,588aca26ed1bfc095abf2de16bf97b57,102.0,3,1786715882572,2026-08-14T20:58:02.572,1,1
9401,588aca26ed1bfc095abf2de16bf97b57,102.0,3,1786715883571,2026-08-14T20:58:03.571,1,1
9402,588aca26ed1bfc095abf2de16bf97b57,102.0,3,1786715884570,2026-08-14T20:58:04.570,1,1
9403,588aca26ed1bfc095abf2de16bf97b57,101.0,3,1786715885572,2026-08-14T20:58:05.572,1,1
9404,588aca26ed1bfc095abf2de16bf97b57,101.0,3,1786715886569,2026-08-14T20:58:06.569,1,1
9405,588aca26ed1bfc095abf2de16bf97b57,101.0,3,1786715887572,2026-08-14T20:58:07.572,1,1
9406,588aca26ed1bfc095abf2de16bf97b57,101.0,3,1786715888570,2026-08-14T20:58:08.570,1,1
9407,588aca26ed1bfc095abf2de16bf97b57,100.0,3,1786715889570,2026-08-14T20:58:09.570,1,1
9408,588aca26ed1bfc095abf2de16bf97b57,100.0,3,1786715890570,2026-08-14T20:58:10.570,1,1
9409,588aca26ed1bfc095abf2de16bf97b57,101.0,3,1786715891569,2026-08-14T20:58:11.569,1,1
9410,588aca26ed1bfc095abf2de16bf97b57,103.0,3,1786715892572,2026-08-14T20:58:12.572,1,1
9411,588aca26ed1bfc095abf2de16bf97b57,103.0,3,1786715893572,2026-08-14T20:58:13.572,1,1
9412,588aca26ed1bfc095abf2de16bf97b57,103.0,3,1786715894572,2026-08-14T20:58:14.572,1,1
9413,588aca26ed1bfc095abf2de16bf97b57,103.0,0,1786715895572,2026-08-14T20:58:15.572,1,0
9414,588aca26ed1bfc095abf2de16bf97b57,104.0,3,1786715896571,2026-08-14T20:58:16.571,1,1
9415,588aca26ed1bfc095abf2de16bf97b57,103.0,3,1786715897571,2026-08-14T20:58:17.571,1,1
9416,588aca26ed1bfc095abf2de16bf97b57,103.0,3,1786715898570,2026-08-14T20:58:18.570,1,1
9417,588aca26ed1bfc095abf2de16bf97b57,102.0,3,1786715899569,2026-08-14T20:58:19.569,1,1
9418,588aca26ed1bfc095abf2de16bf97b57,102.0,3,1786715900571,2026-08-14T20:58:20.571,1,1
9419,588aca26ed1bfc095abf2de16bf97b57,103.0,3,1786715901569,2026-08-14T20:58:21.569,1,1
9420,588aca26ed1bfc095abf2de16bf97b57,104.0,3,1786715902569,2026-08-14T20:58:22.569,1,1
9421,588aca26ed1bfc095abf2de16bf97b57,104.0,3,1786715903569,2026-08-14T20:58:23.569,1,1
9422,588aca26ed1bfc095abf2de16bf97b57,103.0,3,1786715904569,2026-08-14T20:58:24.569,1,1
9423,588aca26ed1bfc095abf2de16bf97b57,102.0,3,1786715905570,2026-08-14T20:58:25.570,1,1
9424,588aca26ed1bfc095abf2de16bf97b57,102.0,3,1786715906570,2026-08-14T20:58:26.570,1,1
9425,588aca26ed1bfc095abf2de16bf97b57,101.0,3,1786715907569,2026-08-14T20:58:27.569,1,1
9426,588aca26ed1bfc095abf2de16bf97b57,100.0,3,1786715908572,2026-08-14T20:58:28.572,1,1
9427,588aca26ed1bfc095abf2de16bf97b57,99.0,3,1786715909578,2026-08-14T20:58:29.578,1,1
9428,588aca26ed1bfc095abf2de16bf97b57,100.0,3,1786715910570,2026-08-14T20:58:30.570,1,1
9429,588aca26ed1bfc095abf2de16bf97b57,100.0,3,1786715911592,2026-08-14T20:58:31.592,1,0
9430,588aca26ed1bfc095abf2de16bf97b57,100.0,3,1786715912569,2026-08-14T20:58:32.569,1,1
9431,588aca26ed1bfc095abf2de16bf97b57,99.0,3,1786715913572,2026-08-14T20:58:33.572,1,1
9432,588aca26ed1bfc095abf2de16bf97b57,98.0,3,1786715914569,2026-08-14T20:58:34.569,1,1
9433,588aca26ed1bfc095abf2de16bf97b57,98.0,3,1786715915569,2026-08-14T20:58:35.569,1,1
9434,588aca26ed1bfc095abf2de16bf97b57,99.0,3,1786715916569,2026-08-14T20:58:36.569,1,1
9435,588aca26ed1bfc095abf2de16bf97b57,99.0,3,1786715917571,2026-08-14T20:58:37.571,1,1
9436,588aca26ed1bfc095abf2de16bf97b57,99.0,3,1786715918571,2026-08-14T20:58:38.571,1,1
9437,588aca26ed1bfc095abf2de16bf97b57,101.0,3,1786715919571,2026-08-14T20:58:39.571,1,1
9438,588aca26ed1bfc095abf2de16bf97b57,102.0,3,1786715920569,2026-08-14T20:58:40.569,1,1
9439,588aca26ed1bfc095abf2de16bf97b57,104.0,3,1786715921571,2026-08-14T20:58:41.571,1,1
9440,588aca26ed1bfc095abf2de16bf97b57,104.0,3,1786715922576,2026-08-14T20:58:42.576,1,1
9441,588aca26ed1bfc095abf2de16bf97b57,104.0,3,1786715923572,2026-08-14T20:58:43.572,1,0
9442,588aca26ed1bfc095abf2de16bf97b57,103.0,3,1786715924571,2026-08-14T20:58:44.571,1,1
9443,588aca26ed1bfc095abf2de16bf97b57,102.0,3,1786715925570,2026-08-14T20:58:45.570,1,1
9444,588aca26ed1bfc095abf2de16bf97b57,101.0,3,1786715926576,2026-08-14T20:58:46.576,1,1
9445,588aca26ed1bfc095abf2de16bf97b57,100.0,3,1786715927570,2026-08-14T20:58:47.570,1,1
9446,588aca26ed1bfc095abf2de16bf97b57,98.0,3,1786715928576,2026-08-14T20:58:48.576,1,1
9447,588aca26ed1bfc095abf2de16bf97b57,96.0,3,1786715929570,2026-08-14T20:58:49.570,1,1
9448,588aca26ed1bfc095abf2de16bf97b57,95.0,3,1786715930576,2026-08-14T20:58:50.576,1,1
9449,588aca26ed1bfc095abf2de16bf97b57,96.0,3,1786715931573,2026-08-14T20:58:51.573,1,1
9450,588aca26ed1bfc095abf2de16bf97b57,98.0,3,1786715932574,2026-08-14T20:58:52.574,1,1
9451,588aca26ed1bfc095abf2de16bf97b57,97.0,3,1786715933574,2026-08-14T20:58:53.574,1,1
9452,588aca26ed1bfc095abf2de16bf97b57,96.0,3,1786715934573,2026-08-14T20:58:54.573,1,1
9453,588aca26ed1bfc095abf2de16bf97b57,96.0,3,1786715935569,2026-08-14T20:58:55.569,1,1
9454,588aca26ed1bfc095abf2de16bf97b57,95.0,3,1786715936571,2026-08-14T20:58:56.571,1,1
9455,588aca26ed1bfc095abf2de16bf97b57,94.0,3,1786715937569,2026-08-14T20:58:57.569,1,1
9456,588aca26ed1bfc095abf2de16bf97b57,94.0,3,1786715938569,2026-08-14T20:58:58.569,1,1
9457,588aca26ed1bfc095abf2de16bf97b57,94.0,3,1786715939569,2026-08-14T20:58:59.569,1,1
9458,588aca26ed1bfc095abf2de16bf97b57,94.0,3,1786715940569,2026-08-14T20:59:00.569,1,1
9459,588aca26ed1bfc095abf2de16bf97b57,95.0,3,1786715941569,2026-08-14T20:59:01.569,1,1
9460,588aca26ed1bfc095abf2de16bf97b57,95.0,3,1786715942569,2026-08-14T20:59:02.569,1,1
9461,588aca26ed1bfc095abf2de16bf97b57,95.0,3,1786715943569,2026-08-14T20:59:03.569,1,1
9462,588aca26ed1bfc095abf2de16bf97b57,96.0,3,1786715944569,2026-08-14T20:59:04.569,1,1
9463,588aca26ed1bfc095abf2de16bf97b57,97.0,3,1786715945570,2026-08-14T20:59:05.570,1,1
9464,588aca26ed1bfc095abf2de16bf97b57,99.0,3,1786715946569,2026-08-14T20:59:06.569,1,1
9465,588aca26ed1bfc095abf2de16bf97b57,100.0,3,1786715947569,2026-08-14T20:59:07.569,1,1
9466,588aca26ed1bfc095abf2de16bf97b57,101.0,3,1786715948569,2026-08-14T20:59:08.569,1,1
9467,588aca26ed1bfc095abf2de16bf97b57,101.0,3,1786715949571,2026-08-14T20:59:09.571,1,1
9468,588aca26ed1bfc095abf2de16bf97b57,99.0,3,1786715950570,2026-08-14T20:59:10.570,1,1
9469,588aca26ed1bfc095abf2de16bf97b57,98.0,3,1786715951570,2026-08-14T20:59:11.570,1,1
9470,588aca26ed1bfc095abf2de16bf97b57,96.0,3,1786715952570,2026-08-14T20:59:12.570,1,1
9471,588aca26ed1bfc095abf2de16bf97b57,95.0,3,1786715953569,2026-08-14T20:59:13.569,1,1
9472,588aca26ed1bfc095abf2de16bf97b57,93.0,3,1786715954569,2026-08-14T20:59:14.569,1,1
9473,588aca26ed1bfc095abf2de16bf97b57,92.0,3,1786715955570,2026-08-14T20:59:15.570,1,1
9474,588aca26ed1bfc095abf2de16bf97b57,92.0,3,1786715956570,2026-08-14T20:59:16.570,1,1
9475,588aca26ed1bfc095abf2de16bf97b57,93.0,3,1786715957569,2026-08-14T20:59:17.569,1,1
9476,588aca26ed1bfc095abf2de16bf97b57,94.0,3,1786715958569,2026-08-14T20:59:18.569,1,1
9477,588aca26ed1bfc095abf2de16bf97b57,94.0,3,1786715959570,2026-08-14T20:59:19.570,1,1
9478,588aca26ed1bfc095abf2de16bf97b57,94.0,3,1786715960571,2026-08-14T20:59:20.571,1,1
9479,588aca26ed1bfc095abf2de16bf97b57,94.0,3,1786715961577,2026-08-14T20:59:21.577,1,1
9480,588aca26ed1bfc095abf2de16bf97b57,93.0,3,1786715962571,2026-08-14T20:59:22.571,1,1
9481,588aca26ed1bfc095abf2de16bf97b57,93.0,3,1786715963571,2026-08-14T20:59:23.571,1,1
9482,588aca26ed1bfc095abf2de16bf97b57,92.0,3,1786715964570,2026-08-14T20:59:24.570,1,1
9483,588aca26ed1bfc095abf2de16bf97b57,92.0,3,1786715965569,2026-08-14T20:59:25.569,1,1
9484,588aca26ed1bfc095abf2de16bf97b57,91.0,3,1786715966569,2026-08-14T20:59:26.569,1,1
9485,588aca26ed1bfc095abf2de16bf97b57,91.0,3,1786715967569,2026-08-14T20:59:27.569,1,1
9486,588aca26ed1bfc095abf2de16bf97b57,91.0,3,1786715968569,2026-08-14T20:59:28.569,1,1
9487,588aca26ed1bfc095abf2de16bf97b57,90.0,3,1786715969569,2026-08-14T20:59:29.569,1,1
9488,588aca26ed1bfc095abf2de16bf97b57,90.0,3,1786715970569,2026-08-14T20:59:30.569,1,1
9489,588aca26ed1bfc095abf2de16bf97b57,90.0,3,1786715971569,2026-08-14T20:59:31.569,1,1
9490,588aca26ed1bfc095abf2de16bf97b57,91.0,3,1786715972569,2026-08-14T20:59:32.569,1,1
9491,588aca26ed1bfc095abf2de16bf97b57,91.0,3,1786715973569,2026-08-14T20:59:33.569,1,1
9492,588aca26ed1bfc095abf2de16bf97b57,92.0,3,1786715974569,2026-08-14T20:59:34.569,1,1
9493,588aca26ed1bfc095abf2de16bf97b57,94.0,3,1786715975572,2026-08-14T20:59:35.572,1,1
9494,588aca26ed1bfc095abf2de16bf97b57,95.0,3,1786715976569,2026-08-14T20:59:36.569,1,1
9495,588aca26ed1bfc095abf2de16bf97b57,95.0,3,1786715977576,2026-08-14T20:59:37.576,1,1
9496,588aca26ed1bfc095abf2de16bf97b57,94.0,3,1786715978576,2026-08-14T20:59:38.576,1,1
9497,588aca26ed1bfc095abf2de16bf97b57,93.0,3,1786715979569,2026-08-14T20:59:39.569,1,1
9498,588aca26ed1bfc095abf2de16bf97b57,93.0,3,1786715980569,2026-08-14T20:59:40.569,1,1
9499,588aca26ed1bfc095abf2de16bf97b57,92.0,3,1786715981569,2026-08-14T20:59:41.569,1,1
9500,588aca26ed1bfc095abf2de16bf97b57,92.0,3,1786715982569,2026-08-14T20:59:42.569,1,1
9501,588aca26ed1bfc095abf2de16bf97b57,92.0,3,1786715983569,2026-08-14T20:59:43.569,1,1
9502,588aca26ed1bfc095abf2de16bf97b57,92.0,3,1786715984571,2026-08-14T20:59:44.571,1,1
9503,588aca26ed1bfc095abf2de16bf97b57,92.0,3,1786715985572,2026-08-14T20:59:45.572,1,1
9504,588aca26ed1bfc095abf2de16bf97b57,92.0,3,1786715986569,2026-08-14T20:59:46.569,1,1
9505,588aca26ed1bfc095abf2de16bf97b57,91.0,3,1786715987570,2026-08-14T20:59:47.570,1,1
9506,588aca26ed1bfc095abf2de16bf97b57,91.0,3,1786715988572,2026-08-14T20:59:48.572,1,1
9507,588aca26ed1bfc095abf2de16bf97b57,90.0,3,1786715989571,2026-08-14T20:59:49.571,1,1
9508,588aca26ed1bfc095abf2de16bf97b57,90.0,3,1786715990569,2026-08-14T20:59:50.569,1,1
9509,588aca26ed1bfc095abf2de16bf97b57,90.0,3,1786715991569,2026-08-14T20:59:51.569,1,1
9510,588aca26ed1bfc095abf2de16bf97b57,90.0,3,1786715992571,2026-08-14T20:59:52.571,1,1
9511,588aca26ed1bfc095abf2de16bf97b57,91.0,3,1786715993571,2026-08-14T20:59:53.571,1,1
9512,588aca26ed1bfc095abf2de16bf97b57,91.0,3,1786715994569,2026-08-14T20:59:54.569,1,1
9513,588aca26ed1bfc095abf2de16bf97b57,91.0,3,1786715995569,2026-08-14T20:59:55.569,1,1
9514,588aca26ed1bfc095abf2de16bf97b57,91.0,3,1786715996569,2026-08-14T20:59:56.569,1,1
9515,588aca26ed1bfc095abf2de16bf97b57,91.0,3,1786715997569,2026-08-14T20:59:57.569,1,1
9516,588aca26ed1bfc095abf2de16bf97b57,92.0,3,1786715998570,2026-08-14T20:59:58.570,1,1
9517,588aca26ed1bfc095abf2de16bf97b57,93.0,3,1786715999569,2026-08-14T20:59:59.569,1,1
9518,588aca26ed1bfc095abf2de16bf97b57,92.0,3,1786716000569,2026-08-14T21:00:00.569,1,1
9519,588aca26ed1bfc095abf2de16bf97b57,92.0,3,1786716001569,2026-08-14T21:00:01.569,1,1
9520,588aca26ed1bfc095abf2de16bf97b57,91.0,3,1786716002569,2026-08-14T21:00:02.569,1,1
9521,588aca26ed1bfc095abf2de16bf97b57,91.0,3,1786716003570,2026-08-14T21:00:03.570,1,1
9522,588aca26ed1bfc095abf2de16bf97b57,91.0,3,1786716004574,2026-08-14T21:00:04.574,1,1
9523,588aca26ed1bfc095abf2de16bf97b57,91.0,3,1786716005577,2026-08-14T21:00:05.577,1,1
9524,588aca26ed1bfc095abf2de16bf97b57,92.0,3,1786716006569,2026-08-14T21:00:06.569,1,1
9525,588aca26ed1bfc095abf2de16bf97b57,92.0,3,1786716007577,2026-08-14T21:00:07.577,1,1
9526,588aca26ed1bfc095abf2de16bf97b57,92.0,3,1786716008569,2026-08-14T21:00:08.569,1,1
9527,588aca26ed1bfc095abf2de16bf97b57,91.0,3,1786716009574,2026-08-14T21:00:09.574,1,1
9528,588aca26ed1bfc095abf2de16bf97b57,92.0,3,1786716010570,2026-08-14T21:00:10.570,1,1
9529,588aca26ed1bfc095abf2de16bf97b57,90.0,3,1786716011570,2026-08-14T21:00:11.570,1,1
9530,588aca26ed1bfc095abf2de16bf97b57,89.0,3,1786716012569,2026-08-14T21:00:12.569,1,1
9531,588aca26ed1bfc095abf2de16bf97b57,90.0,3,1786716013572,2026-08-14T21:00:13.572,1,1
9532,588aca26ed1bfc095abf2de16bf97b57,91.0,3,1786716014570,2026-08-14T21:00:14.570,1,1
9533,588aca26ed1bfc095abf2de16bf97b57,92.0,3,1786716015569,2026-08-14T21:00:15.569,1,1
9534,588aca26ed1bfc095abf2de16bf97b57,92.0,3,1786716016569,2026-08-14T21:00:16.569,1,1
9535,588aca26ed1bfc095abf2de16bf97b57,91.0,3,1786716017569,2026-08-14T21:00:17.569,1,1
9536,588aca26ed1bfc095abf2de16bf97b57,91.0,3,1786716018570,2026-08-14T21:00:18.570,1,1
9537,588aca26ed1bfc095abf2de16bf97b57,91.0,3,1786716019569,2026-08-14T21:00:19.569,1,1
9538,588aca26ed1bfc095abf2de16bf97b57,91.0,3,1786716020569,2026-08-14T21:00:20.569,1,1
9539,588aca26ed1bfc095abf2de16bf97b57,92.0,3,1786716021569,2026-08-14T21:00:21.569,1,1
9540,588aca26ed1bfc095abf2de16bf97b57,93.0,3,1786716022569,2026-08-14T21:00:22.569,1,1
9541,588aca26ed1bfc095abf2de16bf97b57,94.0,3,1786716023572,2026-08-14T21:00:23.572,1,1
9542,588aca26ed1bfc095abf2de16bf97b57,95.0,3,1786716024570,2026-08-14T21:00:24.570,1,1
9543,588aca26ed1bfc095abf2de16bf97b57,95.0,3,1786716025569,2026-08-14T21:00:25.569,1,1
9544,588aca26ed1bfc095abf2de16bf97b57,95.0,3,1786716026569,2026-08-14T21:00:26.569,1,1
9545,588aca26ed1bfc095abf2de16bf97b57,96.0,3,1786716027569,2026-08-14T21:00:27.569,1,1
9546,588aca26ed1bfc095abf2de16bf97b57,95.0,3,1786716028570,2026-08-14T21:00:28.570,1,1
9547,588aca26ed1bfc095abf2de16bf97b57,96.0,3,1786716029569,2026-08-14T21:00:29.569,1,1
9548,588aca26ed1bfc095abf2de16bf97b57,97.0,3,1786716030569,2026-08-14T21:00:30.569,1,1
9549,588aca26ed1bfc095abf2de16bf97b57,97.0,3,1786716031570,2026-08-14T21:00:31.570,1,1
9550,588aca26ed1bfc095abf2de16bf97b57,98.0,3,1786716032570,2026-08-14T21:00:32.570,1,1
9551,588aca26ed1bfc095abf2de16bf97b57,99.0,3,1786716033569,2026-08-14T21:00:33.569,1,1
9552,588aca26ed1bfc095abf2de16bf97b57,99.0,3,1786716034569,2026-08-14T21:00:34.569,1,1
9553,588aca26ed1bfc095abf2de16bf97b57,101.0,3,1786716035569,2026-08-14T21:00:35.569,1,1
9554,588aca26ed1bfc095abf2de16bf97b57,103.0,3,1786716036569,2026-08-14T21:00:36.569,1,1
9555,588aca26ed1bfc095abf2de16bf97b57,104.0,3,1786716037570,2026-08-14T21:00:37.570,1,1
9556,588aca26ed1bfc095abf2de16bf97b57,104.0,3,1786716038569,2026-08-14T21:00:38.569,1,1
9557,588aca26ed1bfc095abf2de16bf97b57,104.0,3,1786716039569,2026-08-14T21:00:39.569,1,1
9558,588aca26ed1bfc095abf2de16bf97b57,105.0,3,1786716040570,2026-08-14T21:00:40.570,1,1
9559,588aca26ed1bfc095abf2de16bf97b57,105.0,3,1786716041569,2026-08-14T21:00:41.569,1,1
9560,588aca26ed1bfc095abf2de16bf97b57,106.0,3,1786716042569,2026-08-14T21:00:42.569,1,1
9561,588aca26ed1bfc095abf2de16bf97b57,105.0,3,1786716043569,2026-08-14T21:00:43.569,1,1
9562,588aca26ed1bfc095abf2de16bf97b57,104.0,3,1786716044569,2026-08-14T21:00:44.569,1,1
9563,588aca26ed1bfc095abf2de16bf97b57,103.0,3,1786716045570,2026-08-14T21:00:45.570,1,1
9564,588aca26ed1bfc095abf2de16bf97b57,102.0,3,1786716046569,2026-08-14T21:00:46.569,1,1
9565,588aca26ed1bfc095abf2de16bf97b57,102.0,3,1786716047569,2026-08-14T21:00:47.569,1,1
9566,588aca26ed1bfc095abf2de16bf97b57,100.0,3,1786716048570,2026-08-14T21:00:48.570,1,1
9567,588aca26ed1bfc095abf2de16bf97b57,99.0,3,1786716049569,2026-08-14T21:00:49.569,1,1
9568,588aca26ed1bfc095abf2de16bf97b57,100.0,3,1786716050569,2026-08-14T21:00:50.569,1,1
9569,588aca26ed1bfc095abf2de16bf97b57,100.0,3,1786716051569,2026-08-14T21:00:51.569,1,1
9570,588aca26ed1bfc095abf2de16bf97b57,99.0,3,1786716052570,2026-08-14T21:00:52.570,1,1
9571,588aca26ed1bfc095abf2de16bf97b57,98.0,3,1786716053570,2026-08-14T21:00:53.570,1,1
9572,588aca26ed1bfc095abf2de16bf97b57,97.0,3,1786716054569,2026-08-14T21:00:54.569,1,1
9573,588aca26ed1bfc095abf2de16bf97b57,96.0,3,1786716055574,2026-08-14T21:00:55.574,1,1
9574,588aca26ed1bfc095abf2de16bf97b57,95.0,3,1786716056569,2026-08-14T21:00:56.569,1,1
9575,588aca26ed1bfc095abf2de16bf97b57,93.0,3,1786716057569,2026-08-14T21:00:57.569,1,1
9576,588aca26ed1bfc095abf2de16bf97b57,92.0,3,1786716058569,2026-08-14T21:00:58.569,1,1
9577,588aca26ed1bfc095abf2de16bf97b57,93.0,3,1786716059569,2026-08-14T21:00:59.569,1,1
9578,588aca26ed1bfc095abf2de16bf97b57,92.0,3,1786716060569,2026-08-14T21:01:00.569,1,1
9579,588aca26ed1bfc095abf2de16bf97b57,90.0,3,1786716061569,2026-08-14T21:01:01.569,1,1
9580,588aca26ed1bfc095abf2de16bf97b57,88.0,3,1786716062569,2026-08-14T21:01:02.569,1,1
9581,588aca26ed1bfc095abf2de16bf97b57,88.0,3,1786716063572,2026-08-14T21:01:03.572,1,1
9582,588aca26ed1bfc095abf2de16bf97b57,88.0,3,1786716064570,2026-08-14T21:01:04.570,1,1
9583,588aca26ed1bfc095abf2de16bf97b57,89.0,3,1786716065570,2026-08-14T21:01:05.570,1,1
9584,588aca26ed1bfc095abf2de16bf97b57,89.0,3,1786716066570,2026-08-14T21:01:06.570,1,1
9585,588aca26ed1bfc095abf2de16bf97b57,89.0,3,1786716067570,2026-08-14T21:01:07.570,1,1
9586,588aca26ed1bfc095abf2de16bf97b57,89.0,3,1786716068570,2026-08-14T21:01:08.570,1,1
9587,588aca26ed1bfc095abf2de16bf97b57,90.0,3,1786716069570,2026-08-14T21:01:09.570,1,1
9588,588aca26ed1bfc095abf2de16bf97b57,90.0,3,1786716070570,2026-08-14T21:01:10.570,1,1
9589,588aca26ed1bfc095abf2de16bf97b57,90.0,3,1786716071569,2026-08-14T21:01:11.569,1,1
9590,588aca26ed1bfc095abf2de16bf97b57,91.0,3,1786716072571,2026-08-14T21:01:12.571,1,1
9591,588aca26ed1bfc095abf2de16bf97b57,92.0,3,1786716073574,2026-08-14T21:01:13.574,1,1
9592,588aca26ed1bfc095abf2de16bf97b57,92.0,3,1786716074569,2026-08-14T21:01:14.569,1,1
9593,588aca26ed1bfc095abf2de16bf97b57,92.0,3,1786716075569,2026-08-14T21:01:15.569,1,1
9594,588aca26ed1bfc095abf2de16bf97b57,93.0,3,1786716076569,2026-08-14T21:01:16.569,1,1
9595,588aca26ed1bfc095abf2de16bf97b57,94.0,3,1786716077570,2026-08-14T21:01:17.570,1,1
9596,588aca26ed1bfc095abf2de16bf97b57,95.0,3,1786716078569,2026-08-14T21:01:18.569,1,1
9597,588aca26ed1bfc095abf2de16bf97b57,95.0,3,1786716079569,2026-08-14T21:01:19.569,1,1
9598,588aca26ed1bfc095abf2de16bf97b57,96.0,3,1786716080569,2026-08-14T21:01:20.569,1,1
9599,588aca26ed1bfc095abf2de16bf97b57,96.0,3,1786716081569,2026-08-14T21:01:21.569,1,1
9600,588aca26ed1bfc095abf2de16bf97b57,97.0,3,1786716082569,2026-08-14T21:01:22.569,1,1
9601,588aca26ed1bfc095abf2de16bf97b57,99.0,3,1786716083571,2026-08-14T21:01:23.571,1,1
9602,588aca26ed1bfc095abf2de16bf97b57,99.0,3,1786716084569,2026-08-14T21:01:24.569,1,1
9603,588aca26ed1bfc095abf2de16bf97b57,98.0,3,1786716085569,2026-08-14T21:01:25.569,1,1
9604,588aca26ed1bfc095abf2de16bf97b57,97.0,3,1786716086569,2026-08-14T21:01:26.569,1,1
9605,588aca26ed1bfc095abf2de16bf97b57,96.0,3,1786716087570,2026-08-14T21:01:27.570,1,1
9606,588aca26ed1bfc095abf2de16bf97b57,95.0,3,1786716088569,2026-08-14T21:01:28.569,1,1
9607,588aca26ed1bfc095abf2de16bf97b57,95.0,3,1786716089569,2026-08-14T21:01:29.569,1,1
9608,588aca26ed1bfc095abf2de16bf97b57,95.0,3,1786716090569,2026-08-14T21:01:30.569,1,1
9609,588aca26ed1bfc095abf2de16bf97b57,95.0,3,1786716091570,2026-08-14T21:01:31.570,1,1
9610,588aca26ed1bfc095abf2de16bf97b57,94.0,3,1786716092570,2026-08-14T21:01:32.570,1,1
9611,588aca26ed1bfc095abf2de16bf97b57,94.0,3,1786716093579,2026-08-14T21:01:33.579,1,1
9612,588aca26ed1bfc095abf2de16bf97b57,95.0,3,1786716094570,2026-08-14T21:01:34.570,1,1
9613,588aca26ed1bfc095abf2de16bf97b57,95.0,3,1786716095576,2026-08-14T21:01:35.576,1,1
9614,588aca26ed1bfc095abf2de16bf97b57,95.0,3,1786716096578,2026-08-14T21:01:36.578,1,1
9615,588aca26ed1bfc095abf2de16bf97b57,94.0,3,1786716097577,2026-08-14T21:01:37.577,1,1
9616,588aca26ed1bfc095abf2de16bf97b57,93.0,3,1786716098578,2026-08-14T21:01:38.578,1,1
9617,588aca26ed1bfc095abf2de16bf97b57,92.0,3,1786716099577,2026-08-14T21:01:39.577,1,1
9618,588aca26ed1bfc095abf2de16bf97b57,92.0,3,1786716100577,2026-08-14T21:01:40.577,1,1
9619,588aca26ed1bfc095abf2de16bf97b57,92.0,3,1786716101577,2026-08-14T21:01:41.577,1,1
9620,588aca26ed1bfc095abf2de16bf97b57,92.0,3,1786716102572,2026-08-14T21:01:42.572,1,1
9621,588aca26ed1bfc095abf2de16bf97b57,92.0,3,1786716103576,2026-08-14T21:01:43.576,1,1
9622,588aca26ed1bfc095abf2de16bf97b57,92.0,3,1786716104574,2026-08-14T21:01:44.574,1,1
9623,588aca26ed1bfc095abf2de16bf97b57,92.0,3,1786716105576,2026-08-14T21:01:45.576,1,1
9624,588aca26ed1bfc095abf2de16bf97b57,92.0,3,1786716106569,2026-08-14T21:01:46.569,1,1
9625,588aca26ed1bfc095abf2de16bf97b57,92.0,3,1786716107584,2026-08-14T21:01:47.584,1,1
9626,588aca26ed1bfc095abf2de16bf97b57,92.0,3,1786716108574,2026-08-14T21:01:48.574,1,1
9627,588aca26ed1bfc095abf2de16bf97b57,91.0,3,1786716109576,2026-08-14T21:01:49.576,1,1
9628,588aca26ed1bfc095abf2de16bf97b57,92.0,3,1786716110576,2026-08-14T21:01:50.576,1,1
9629,588aca26ed1bfc095abf2de16bf97b57,93.0,3,1786716111573,2026-08-14T21:01:51.573,1,1
9630,588aca26ed1bfc095abf2de16bf97b57,92.0,3,1786716112576,2026-08-14T21:01:52.576,1,1
9631,588aca26ed1bfc095abf2de16bf97b57,93.0,3,1786716113577,2026-08-14T21:01:53.577,1,1
9632,588aca26ed1bfc095abf2de16bf97b57,94.0,3,1786716114575,2026-08-14T21:01:54.575,1,1
9633,588aca26ed1bfc095abf2de16bf97b57,95.0,3,1786716115572,2026-08-14T21:01:55.572,1,1
9634,588aca26ed1bfc095abf2de16bf97b57,95.0,3,1786716116569,2026-08-14T21:01:56.569,1,1
9635,588aca26ed1bfc095abf2de16bf97b57,96.0,3,1786716117576,2026-08-14T21:01:57.576,1,1
9636,588aca26ed1bfc095abf2de16bf97b57,95.0,3,1786716118570,2026-08-14T21:01:58.570,1,1
9637,588aca26ed1bfc095abf2de16bf97b57,95.0,3,1786716119573,2026-08-14T21:01:59.573,1,1
9638,588aca26ed1bfc095abf2de16bf97b57,95.0,3,1786716120570,2026-08-14T21:02:00.570,1,1
9639,588aca26ed1bfc095abf2de16bf97b57,95.0,3,1786716121574,2026-08-14T21:02:01.574,1,1
9640,588aca26ed1bfc095abf2de16bf97b57,95.0,3,1786716122574,2026-08-14T21:02:02.574,1,1
9641,588aca26ed1bfc095abf2de16bf97b57,95.0,3,1786716123569,2026-08-14T21:02:03.569,1,1
9642,588aca26ed1bfc095abf2de16bf97b57,96.0,3,1786716124572,2026-08-14T21:02:04.572,1,1
9643,588aca26ed1bfc095abf2de16bf97b57,97.0,3,1786716125579,2026-08-14T21:02:05.579,1,1
9644,588aca26ed1bfc095abf2de16bf97b57,97.0,3,1786716126570,2026-08-14T21:02:06.570,1,1
9645,588aca26ed1bfc095abf2de16bf97b57,98.0,3,1786716127569,2026-08-14T21:02:07.569,1,1
9646,588aca26ed1bfc095abf2de16bf97b57,98.0,3,1786716128569,2026-08-14T21:02:08.569,1,1
9647,588aca26ed1bfc095abf2de16bf97b57,99.0,3,1786716129570,2026-08-14T21:02:09.570,1,1
9648,588aca26ed1bfc095abf2de16bf97b57,99.0,3,1786716130569,2026-08-14T21:02:10.569,1,1
9649,588aca26ed1bfc095abf2de16bf97b57,99.0,3,1786716131569,2026-08-14T21:02:11.569,1,1
9650,588aca26ed1bfc095abf2de16bf97b57,98.0,3,1786716132569,2026-08-14T21:02:12.569,1,1
9651,588aca26ed1bfc095abf2de16bf97b57,98.0,3,1786716133570,2026-08-14T21:02:13.570,1,1
9652,588aca26ed1bfc095abf2de16bf97b57,97.0,3,1786716134569,2026-08-14T21:02:14.569,1,1
9653,588aca26ed1bfc095abf2de16bf97b57,97.0,3,1786716135577,2026-08-14T21:02:15.577,1,1
9654,588aca26ed1bfc095abf2de16bf97b57,97.0,3,1786716136569,2026-08-14T21:02:16.569,1,1
9655,588aca26ed1bfc095abf2de16bf97b57,98.0,3,1786716137569,2026-08-14T21:02:17.569,1,1
9656,588aca26ed1bfc095abf2de16bf97b57,98.0,3,1786716138576,2026-08-14T21:02:18.576,1,1
9657,588aca26ed1bfc095abf2de16bf97b57,99.0,3,1786716139573,2026-08-14T21:02:19.573,1,1
9658,588aca26ed1bfc095abf2de16bf97b57,99.0,3,1786716140569,2026-08-14T21:02:20.569,1,1
9659,588aca26ed1bfc095abf2de16bf97b57,100.0,3,1786716141569,2026-08-14T21:02:21.569,1,1
9660,588aca26ed1bfc095abf2de16bf97b57,100.0,3,1786716142569,2026-08-14T21:02:22.569,1,1
9661,588aca26ed1bfc095abf2de16bf97b57,100.0,3,1786716143569,2026-08-14T21:02:23.569,1,0
9662,588aca26ed1bfc095abf2de16bf97b57,101.0,3,1786716144570,2026-08-14T21:02:24.570,1,1
9663,588aca26ed1bfc095abf2de16bf97b57,100.0,3,1786716145569,2026-08-14T21:02:25.569,1,1
9664,588aca26ed1bfc095abf2de16bf97b57,102.0,3,1786716146569,2026-08-14T21:02:26.569,1,1
9665,588aca26ed1bfc095abf2de16bf97b57,103.0,3,1786716147569,2026-08-14T21:02:27.569,1,1
9666,588aca26ed1bfc095abf2de16bf97b57,103.0,3,1786716148569,2026-08-14T21:02:28.569,1,1
9667,588aca26ed1bfc095abf2de16bf97b57,104.0,3,1786716149570,2026-08-14T21:02:29.570,1,1
9668,588aca26ed1bfc095abf2de16bf97b57,105.0,3,1786716150571,2026-08-14T21:02:30.571,1,1
9669,588aca26ed1bfc095abf2de16bf97b57,105.0,3,1786716151573,2026-08-14T21:02:31.573,1,1
9670,588aca26ed1bfc095abf2de16bf97b57,104.0,3,1786716152572,2026-08-14T21:02:32.572,1,1
9671,588aca26ed1bfc095abf2de16bf97b57,103.0,3,1786716153571,2026-08-14T21:02:33.571,1,1
9672,588aca26ed1bfc095abf2de16bf97b57,102.0,3,1786716154571,2026-08-14T21:02:34.571,1,1
9673,588aca26ed1bfc095abf2de16bf97b57,102.0,3,1786716155569,2026-08-14T21:02:35.569,1,1
9674,588aca26ed1bfc095abf2de16bf97b57,101.0,3,1786716156570,2026-08-14T21:02:36.570,1,1
9675,588aca26ed1bfc095abf2de16bf97b57,101.0,3,1786716157572,2026-08-14T21:02:37.572,1,1
9676,588aca26ed1bfc095abf2de16bf97b57,101.0,3,1786716158569,2026-08-14T21:02:38.569,1,1
9677,588aca26ed1bfc095abf2de16bf97b57,101.0,3,1786716159571,2026-08-14T21:02:39.571,1,1
9678,588aca26ed1bfc095abf2de16bf97b57,101.0,3,1786716160570,2026-08-14T21:02:40.570,1,1
9679,588aca26ed1bfc095abf2de16bf97b57,101.0,3,1786716161569,2026-08-14T21:02:41.569,1,1
9680,588aca26ed1bfc095abf2de16bf97b57,103.0,3,1786716162569,2026-08-14T21:02:42.569,1,1
9681,588aca26ed1bfc095abf2de16bf97b57,103.0,3,1786716163569,2026-08-14T21:02:43.569,1,1
9682,588aca26ed1bfc095abf2de16bf97b57,103.0,3,1786716164569,2026-08-14T21:02:44.569,1,1
9683,588aca26ed1bfc095abf2de16bf97b57,104.0,3,1786716165569,2026-08-14T21:02:45.569,1,1
9684,588aca26ed1bfc095abf2de16bf97b57,106.0,3,1786716166570,2026-08-14T21:02:46.570,1,1
9685,588aca26ed1bfc095abf2de16bf97b57,107.0,3,1786716167570,2026-08-14T21:02:47.570,1,1
9686,588aca26ed1bfc095abf2de16bf97b57,108.0,3,1786716168569,2026-08-14T21:02:48.569,1,1
9687,588aca26ed1bfc095abf2de16bf97b57,107.0,3,1786716169570,2026-08-14T21:02:49.570,1,1
9688,588aca26ed1bfc095abf2de16bf97b57,107.0,3,1786716170569,2026-08-14T21:02:50.569,1,1
9689,588aca26ed1bfc095abf2de16bf97b57,107.0,3,1786716171569,2026-08-14T21:02:51.569,1,1
9690,588aca26ed1bfc095abf2de16bf97b57,106.0,3,1786716172569,2026-08-14T21:02:52.569,1,1
9691,588aca26ed1bfc095abf2de16bf97b57,106.0,3,1786716173569,2026-08-14T21:02:53.569,1,1
9692,588aca26ed1bfc095abf2de16bf97b57,107.0,3,1786716174569,2026-08-14T21:02:54.569,1,1
9693,588aca26ed1bfc095abf2de16bf97b57,107.0,3,1786716175569,2026-08-14T21:02:55.569,1,1
9694,588aca26ed1bfc095abf2de16bf97b57,107.0,3,1786716176570,2026-08-14T21:02:56.570,1,1
9695,588aca26ed1bfc095abf2de16bf97b57,107.0,3,1786716177569,2026-08-14T21:02:57.569,1,1
9696,588aca26ed1bfc095abf2de16bf97b57,107.0,3,1786716178569,2026-08-14T21:02:58.569,1,1
9697,588aca26ed1bfc095abf2de16bf97b57,107.0,3,1786716179570,2026-08-14T21:02:59.570,1,1
9698,588aca26ed1bfc095abf2de16bf97b57,106.0,3,1786716180571,2026-08-14T21:03:00.571,1,1
9699,588aca26ed1bfc095abf2de16bf97b57,105.0,3,1786716181570,2026-08-14T21:03:01.570,1,1
9700,588aca26ed1bfc095abf2de16bf97b57,105.0,3,1786716182577,2026-08-14T21:03:02.577,1,1
9701,588aca26ed1bfc095abf2de16bf97b57,105.0,3,1786716183577,2026-08-14T21:03:03.577,1,1
9702,588aca26ed1bfc095abf2de16bf97b57,105.0,3,1786716184578,2026-08-14T21:03:04.578,1,1
9703,588aca26ed1bfc095abf2de16bf97b57,104.0,3,1786716185575,2026-08-14T21:03:05.575,1,1
9704,588aca26ed1bfc095abf2de16bf97b57,103.0,3,1786716186576,2026-08-14T21:03:06.576,1,1
9705,588aca26ed1bfc095abf2de16bf97b57,103.0,3,1786716187575,2026-08-14T21:03:07.575,1,1
9706,588aca26ed1bfc095abf2de16bf97b57,102.0,3,1786716188573,2026-08-14T21:03:08.573,1,1
9707,588aca26ed1bfc095abf2de16bf97b57,101.0,3,1786716189570,2026-08-14T21:03:09.570,1,1
9708,588aca26ed1bfc095abf2de16bf97b57,99.0,3,1786716190573,2026-08-14T21:03:10.573,1,1
9709,588aca26ed1bfc095abf2de16bf97b57,99.0,3,1786716191571,2026-08-14T21:03:11.571,1,1
9710,588aca26ed1bfc095abf2de16bf97b57,98.0,3,1786716192569,2026-08-14T21:03:12.569,1,1
9711,588aca26ed1bfc095abf2de16bf97b57,99.0,3,1786716193570,2026-08-14T21:03:13.570,1,1
9712,588aca26ed1bfc095abf2de16bf97b57,99.0,3,1786716194569,2026-08-14T21:03:14.569,1,1
9713,588aca26ed1bfc095abf2de16bf97b57,99.0,3,1786716195569,2026-08-14T21:03:15.569,1,1
9714,588aca26ed1bfc095abf2de16bf97b57,99.0,3,1786716196569,2026-08-14T21:03:16.569,1,1
9715,588aca26ed1bfc095abf2de16bf97b57,97.0,3,1786716197570,2026-08-14T21:03:17.570,1,1
9716,588aca26ed1bfc095abf2de16bf97b57,96.0,3,1786716198569,2026-08-14T21:03:18.569,1,1
9717,588aca26ed1bfc095abf2de16bf97b57,96.0,3,1786716199569,2026-08-14T21:03:19.569,1,1
9718,588aca26ed1bfc095abf2de16bf97b57,96.0,3,1786716200569,2026-08-14T21:03:20.569,1,1
9719,588aca26ed1bfc095abf2de16bf97b57,96.0,3,1786716201569,2026-08-14T21:03:21.569,1,1
9720,588aca26ed1bfc095abf2de16bf97b57,97.0,3,1786716202569,2026-08-14T21:03:22.569,1,1
9721,588aca26ed1bfc095abf2de16bf97b57,98.0,3,1786716203571,2026-08-14T21:03:23.571,1,1
9722,588aca26ed1bfc095abf2de16bf97b57,98.0,3,1786716204571,2026-08-14T21:03:24.571,1,1
9723,588aca26ed1bfc095abf2de16bf97b57,98.0,3,1786716205570,2026-08-14T21:03:25.570,1,1
9724,588aca26ed1bfc095abf2de16bf97b57,97.0,3,1786716206570,2026-08-14T21:03:26.570,1,1
9725,588aca26ed1bfc095abf2de16bf97b57,97.0,3,1786716207569,2026-08-14T21:03:27.569,1,1
9726,588aca26ed1bfc095abf2de16bf97b57,96.0,3,1786716208569,2026-08-14T21:03:28.569,1,1
9727,588aca26ed1bfc095abf2de16bf97b57,95.0,3,1786716209570,2026-08-14T21:03:29.570,1,1
9728,588aca26ed1bfc095abf2de16bf97b57,95.0,3,1786716210569,2026-08-14T21:03:30.569,1,1
9729,588aca26ed1bfc095abf2de16bf97b57,94.0,3,1786716211569,2026-08-14T21:03:31.569,1,1
9730,588aca26ed1bfc095abf2de16bf97b57,94.0,3,1786716212570,2026-08-14T21:03:32.570,1,1
9731,588aca26ed1bfc095abf2de16bf97b57,94.0,3,1786716213569,2026-08-14T21:03:33.569,1,1
9732,588aca26ed1bfc095abf2de16bf97b57,94.0,3,1786716214569,2026-08-14T21:03:34.569,1,1
9733,588aca26ed1bfc095abf2de16bf97b57,94.0,3,1786716215569,2026-08-14T21:03:35.569,1,1
9734,588aca26ed1bfc095abf2de16bf97b57,93.0,3,1786716216570,2026-08-14T21:03:36.570,1,1
9735,588aca26ed1bfc095abf2de16bf97b57,92.0,3,1786716217570,2026-08-14T21:03:37.570,1,1
9736,588aca26ed1bfc095abf2de16bf97b57,91.0,3,1786716218569,2026-08-14T21:03:38.569,1,1
9737,588aca26ed1bfc095abf2de16bf97b57,91.0,3,1786716219570,2026-08-14T21:03:39.570,1,1
9738,588aca26ed1bfc095abf2de16bf97b57,92.0,3,1786716220569,2026-08-14T21:03:40.569,1,1
9739,588aca26ed1bfc095abf2de16bf97b57,92.0,3,1786716221569,2026-08-14T21:03:41.569,1,1
9740,588aca26ed1bfc095abf2de16bf97b57,92.0,3,1786716222569,2026-08-14T21:03:42.569,1,1
9741,588aca26ed1bfc095abf2de16bf97b57,91.0,3,1786716223569,2026-08-14T21:03:43.569,1,1
9742,588aca26ed1bfc095abf2de16bf97b57,91.0,3,1786716224570,2026-08-14T21:03:44.570,1,1
9743,588aca26ed1bfc095abf2de16bf97b57,91.0,3,1786716225578,2026-08-14T21:03:45.578,1,1
9744,588aca26ed1bfc095abf2de16bf97b57,91.0,3,1786716226575,2026-08-14T21:03:46.575,1,1
9745,588aca26ed1bfc095abf2de16bf97b57,92.0,3,1786716227575,2026-08-14T21:03:47.575,1,1
9746,588aca26ed1bfc095abf2de16bf97b57,92.0,3,1786716228573,2026-08-14T21:03:48.573,1,1
9747,588aca26ed1bfc095abf2de16bf97b57,92.0,3,1786716229573,2026-08-14T21:03:49.573,1,1
9748,588aca26ed1bfc095abf2de16bf97b57,92.0,3,1786716230570,2026-08-14T21:03:50.570,1,1
9749,588aca26ed1bfc095abf2de16bf97b57,92.0,3,1786716231569,2026-08-14T21:03:51.569,1,1
9750,588aca26ed1bfc095abf2de16bf97b57,92.0,3,1786716232569,2026-08-14T21:03:52.569,1,1
9751,588aca26ed1bfc095abf2de16bf97b57,91.0,3,1786716233570,2026-08-14T21:03:53.570,1,1
9752,588aca26ed1bfc095abf2de16bf97b57,92.0,3,1786716234573,2026-08-14T21:03:54.573,1,1
9753,588aca26ed1bfc095abf2de16bf97b57,93.0,3,1786716235570,2026-08-14T21:03:55.570,1,1
9754,588aca26ed1bfc095abf2de16bf97b57,94.0,3,1786716236569,2026-08-14T21:03:56.569,1,1
9755,588aca26ed1bfc095abf2de16bf97b57,95.0,3,1786716237569,2026-08-14T21:03:57.569,1,1
9756,588aca26ed1bfc095abf2de16bf97b57,96.0,3,1786716238569,2026-08-14T21:03:58.569,1,1
9757,588aca26ed1bfc095abf2de16bf97b57,97.0,3,1786716239569,2026-08-14T21:03:59.569,1,1
9758,588aca26ed1bfc095abf2de16bf97b57,97.0,3,1786716240570,2026-08-14T21:04:00.570,1,1
9759,588aca26ed1bfc095abf2de16bf97b57,96.0,3,1786716241569,2026-08-14T21:04:01.569,1,1
9760,588aca26ed1bfc095abf2de16bf97b57,98.0,3,1786716242569,2026-08-14T21:04:02.569,1,1
9761,588aca26ed1bfc095abf2de16bf97b57,100.0,3,1786716243579,2026-08-14T21:04:03.579,1,1
9762,588aca26ed1bfc095abf2de16bf97b57,102.0,3,1786716244576,2026-08-14T21:04:04.576,1,1
9763,588aca26ed1bfc095abf2de16bf97b57,103.0,3,1786716245570,2026-08-14T21:04:05.570,1,1
9764,588aca26ed1bfc095abf2de16bf97b57,105.0,3,1786716246577,2026-08-14T21:04:06.577,1,1
9765,588aca26ed1bfc095abf2de16bf97b57,104.0,3,1786716247570,2026-08-14T21:04:07.570,1,1
9766,588aca26ed1bfc095abf2de16bf97b57,103.0,3,1786716248579,2026-08-14T21:04:08.579,1,1
9767,588aca26ed1bfc095abf2de16bf97b57,102.0,3,1786716249576,2026-08-14T21:04:09.576,1,1
9768,588aca26ed1bfc095abf2de16bf97b57,103.0,3,1786716250575,2026-08-14T21:04:10.575,1,1
9769,588aca26ed1bfc095abf2de16bf97b57,102.0,3,1786716251570,2026-08-14T21:04:11.570,1,1
9770,588aca26ed1bfc095abf2de16bf97b57,103.0,3,1786716252572,2026-08-14T21:04:12.572,1,1
9771,588aca26ed1bfc095abf2de16bf97b57,104.0,3,1786716253572,2026-08-14T21:04:13.572,1,1
9772,588aca26ed1bfc095abf2de16bf97b57,106.0,3,1786716254579,2026-08-14T21:04:14.579,1,1
9773,588aca26ed1bfc095abf2de16bf97b57,107.0,3,1786716255570,2026-08-14T21:04:15.570,1,1
9774,588aca26ed1bfc095abf2de16bf97b57,107.0,3,1786716256570,2026-08-14T21:04:16.570,1,1
9775,588aca26ed1bfc095abf2de16bf97b57,107.0,3,1786716257569,2026-08-14T21:04:17.569,1,1
9776,588aca26ed1bfc095abf2de16bf97b57,107.0,3,1786716258569,2026-08-14T21:04:18.569,1,1
9777,588aca26ed1bfc095abf2de16bf97b57,108.0,3,1786716259573,2026-08-14T21:04:19.573,1,1
9778,588aca26ed1bfc095abf2de16bf97b57,109.0,3,1786716260569,2026-08-14T21:04:20.569,1,1
9779,588aca26ed1bfc095abf2de16bf97b57,110.0,3,1786716261570,2026-08-14T21:04:21.570,1,1
9780,588aca26ed1bfc095abf2de16bf97b57,109.0,3,1786716262572,2026-08-14T21:04:22.572,1,1
9781,588aca26ed1bfc095abf2de16bf97b57,109.0,3,1786716263570,2026-08-14T21:04:23.570,1,1
9782,588aca26ed1bfc095abf2de16bf97b57,109.0,3,1786716264570,2026-08-14T21:04:24.570,1,1
9783,588aca26ed1bfc095abf2de16bf97b57,110.0,3,1786716265570,2026-08-14T21:04:25.570,1,1
9784,588aca26ed1bfc095abf2de16bf97b57,110.0,3,1786716266570,2026-08-14T21:04:26.570,1,1
9785,588aca26ed1bfc095abf2de16bf97b57,111.0,3,1786716267569,2026-08-14T21:04:27.569,1,1
9786,588aca26ed1bfc095abf2de16bf97b57,111.0,3,1786716268569,2026-08-14T21:04:28.569,1,1
9787,588aca26ed1bfc095abf2de16bf97b57,110.0,3,1786716269569,2026-08-14T21:04:29.569,1,1
9788,588aca26ed1bfc095abf2de16bf97b57,110.0,3,1786716270569,2026-08-14T21:04:30.569,1,1
9789,588aca26ed1bfc095abf2de16bf97b57,110.0,3,1786716271569,2026-08-14T21:04:31.569,1,1
9790,588aca26ed1bfc095abf2de16bf97b57,109.0,3,1786716272571,2026-08-14T21:04:32.571,1,1
9791,588aca26ed1bfc095abf2de16bf97b57,108.0,3,1786716273569,2026-08-14T21:04:33.569,1,1
9792,588aca26ed1bfc095abf2de16bf97b57,108.0,3,1786716274569,2026-08-14T21:04:34.569,1,1
9793,588aca26ed1bfc095abf2de16bf97b57,108.0,3,1786716275571,2026-08-14T21:04:35.571,1,1
9794,588aca26ed1bfc095abf2de16bf97b57,107.0,3,1786716276569,2026-08-14T21:04:36.569,1,1
9795,588aca26ed1bfc095abf2de16bf97b57,106.0,3,1786716277570,2026-08-14T21:04:37.570,1,1
9796,588aca26ed1bfc095abf2de16bf97b57,105.0,3,1786716278569,2026-08-14T21:04:38.569,1,1
9797,588aca26ed1bfc095abf2de16bf97b57,105.0,3,1786716279569,2026-08-14T21:04:39.569,1,1
9798,588aca26ed1bfc095abf2de16bf97b57,104.0,3,1786716280569,2026-08-14T21:04:40.569,1,1
9799,588aca26ed1bfc095abf2de16bf97b57,103.0,3,1786716281579,2026-08-14T21:04:41.579,1,1
9800,588aca26ed1bfc095abf2de16bf97b57,103.0,3,1786716282578,2026-08-14T21:04:42.578,1,1
9801,588aca26ed1bfc095abf2de16bf97b57,102.0,3,1786716283576,2026-08-14T21:04:43.576,1,1
9802,588aca26ed1bfc095abf2de16bf97b57,101.0,3,1786716284576,2026-08-14T21:04:44.576,1,1
9803,588aca26ed1bfc095abf2de16bf97b57,100.0,3,1786716285575,2026-08-14T21:04:45.575,1,1
9804,588aca26ed1bfc095abf2de16bf97b57,98.0,3,1786716286577,2026-08-14T21:04:46.577,1,1
9805,588aca26ed1bfc095abf2de16bf97b57,97.0,3,1786716287574,2026-08-14T21:04:47.574,1,1
9806,588aca26ed1bfc095abf2de16bf97b57,96.0,3,1786716288574,2026-08-14T21:04:48.574,1,1
9807,588aca26ed1bfc095abf2de16bf97b57,97.0,3,1786716289575,2026-08-14T21:04:49.575,1,1
9808,588aca26ed1bfc095abf2de16bf97b57,96.0,3,1786716290580,2026-08-14T21:04:50.580,1,1
9809,588aca26ed1bfc095abf2de16bf97b57,96.0,3,1786716291573,2026-08-14T21:04:51.573,1,1
9810,588aca26ed1bfc095abf2de16bf97b57,96.0,3,1786716292573,2026-08-14T21:04:52.573,1,1
9811,588aca26ed1bfc095abf2de16bf97b57,97.0,3,1786716293571,2026-08-14T21:04:53.571,1,1
9812,588aca26ed1bfc095abf2de16bf97b57,96.0,3,1786716294571,2026-08-14T21:04:54.571,1,1
9813,588aca26ed1bfc095abf2de16bf97b57,96.0,3,1786716295571,2026-08-14T21:04:55.571,1,1
9814,588aca26ed1bfc095abf2de16bf97b57,98.0,3,1786716296569,2026-08-14T21:04:56.569,1,1
9815,588aca26ed1bfc095abf2de16bf97b57,99.0,3,1786716297569,2026-08-14T21:04:57.569,1,1
9816,588aca26ed1bfc095abf2de16bf97b57,100.0,3,1786716298569,2026-08-14T21:04:58.569,1,1
9817,588aca26ed1bfc095abf2de16bf97b57,101.0,3,1786716299572,2026-08-14T21:04:59.572,1,1
9818,588aca26ed1bfc095abf2de16bf97b57,101.0,3,1786716300569,2026-08-14T21:05:00.569,1,1
9819,588aca26ed1bfc095abf2de16bf97b57,101.0,3,1786716301570,2026-08-14T21:05:01.570,1,1
9820,588aca26ed1bfc095abf2de16bf97b57,101.0,3,1786716302569,2026-08-14T21:05:02.569,1,1
9821,588aca26ed1bfc095abf2de16bf97b57,102.0,3,1786716303569,2026-08-14T21:05:03.569,1,1
9822,588aca26ed1bfc095abf2de16bf97b57,104.0,3,1786716304571,2026-08-14T21:05:04.571,1,1
9823,588aca26ed1bfc095abf2de16bf97b57,104.0,3,1786716305573,2026-08-14T21:05:05.573,1,1
9824,588aca26ed1bfc095abf2de16bf97b57,105.0,3,1786716306570,2026-08-14T21:05:06.570,1,1
9825,588aca26ed1bfc095abf2de16bf97b57,106.0,3,1786716307572,2026-08-14T21:05:07.572,1,1
9826,588aca26ed1bfc095abf2de16bf97b57,106.0,3,1786716308572,2026-08-14T21:05:08.572,1,1
9827,588aca26ed1bfc095abf2de16bf97b57,105.0,3,1786716309570,2026-08-14T21:05:09.570,1,1
9828,588aca26ed1bfc095abf2de16bf97b57,103.0,3,1786716310570,2026-08-14T21:05:10.570,1,1
9829,588aca26ed1bfc095abf2de16bf97b57,102.0,3,1786716311571,2026-08-14T21:05:11.571,1,1
9830,588aca26ed1bfc095abf2de16bf97b57,101.0,3,1786716312570,2026-08-14T21:05:12.570,1,1
9831,588aca26ed1bfc095abf2de16bf97b57,99.0,3,1786716313569,2026-08-14T21:05:13.569,1,1
9832,588aca26ed1bfc095abf2de16bf97b57,97.0,3,1786716314569,2026-08-14T21:05:14.569,1,1
9833,588aca26ed1bfc095abf2de16bf97b57,97.0,3,1786716315570,2026-08-14T21:05:15.570,1,1
9834,588aca26ed1bfc095abf2de16bf97b57,98.0,3,1786716316569,2026-08-14T21:05:16.569,1,1
9835,588aca26ed1bfc095abf2de16bf97b57,99.0,3,1786716317569,2026-08-14T21:05:17.569,1,1
9836,588aca26ed1bfc095abf2de16bf97b57,100.0,3,1786716318569,2026-08-14T21:05:18.569,1,1
9837,588aca26ed1bfc095abf2de16bf97b57,100.0,3,1786716319569,2026-08-14T21:05:19.569,1,1
9838,588aca26ed1bfc095abf2de16bf97b57,99.0,3,1786716320569,2026-08-14T21:05:20.569,1,1
9839,588aca26ed1bfc095abf2de16bf97b57,98.0,3,1786716321569,2026-08-14T21:05:21.569,1,1
9840,588aca26ed1bfc095abf2de16bf97b57,97.0,3,1786716322570,2026-08-14T21:05:22.570,1,1
9841,588aca26ed1bfc095abf2de16bf97b57,96.0,3,1786716323569,2026-08-14T21:05:23.569,1,1
9842,588aca26ed1bfc095abf2de16bf97b57,96.0,3,1786716324570,2026-08-14T21:05:24.570,1,1
9843,588aca26ed1bfc095abf2de16bf97b57,96.0,3,1786716325570,2026-08-14T21:05:25.570,1,1
9844,588aca26ed1bfc095abf2de16bf97b57,96.0,3,1786716326569,2026-08-14T21:05:26.569,1,1
9845,588aca26ed1bfc095abf2de16bf97b57,95.0,3,1786716327569,2026-08-14T21:05:27.569,1,1
9846,588aca26ed1bfc095abf2de16bf97b57,95.0,3,1786716328569,2026-08-14T21:05:28.569,1,1
9847,588aca26ed1bfc095abf2de16bf97b57,95.0,3,1786716329569,2026-08-14T21:05:29.569,1,1
9848,588aca26ed1bfc095abf2de16bf97b57,95.0,3,1786716330578,2026-08-14T21:05:30.578,1,1
9849,588aca26ed1bfc095abf2de16bf97b57,94.0,3,1786716331578,2026-08-14T21:05:31.578,1,1
9850,588aca26ed1bfc095abf2de16bf97b57,94.0,3,1786716332569,2026-08-14T21:05:32.569,1,1
9851,588aca26ed1bfc095abf2de16bf97b57,93.0,3,1786716333571,2026-08-14T21:05:33.571,1,1
9852,588aca26ed1bfc095abf2de16bf97b57,92.0,3,1786716334570,2026-08-14T21:05:34.570,1,1
9853,588aca26ed1bfc095abf2de16bf97b57,90.0,3,1786716335569,2026-08-14T21:05:35.569,1,1
9854,588aca26ed1bfc095abf2de16bf97b57,90.0,3,1786716336569,2026-08-14T21:05:36.569,1,1
9855,588aca26ed1bfc095abf2de16bf97b57,89.0,3,1786716337569,2026-08-14T21:05:37.569,1,1
9856,588aca26ed1bfc095abf2de16bf97b57,88.0,3,1786716338569,2026-08-14T21:05:38.569,1,1
9857,588aca26ed1bfc095abf2de16bf97b57,87.0,3,1786716339569,2026-08-14T21:05:39.569,1,1
9858,588aca26ed1bfc095abf2de16bf97b57,86.0,3,1786716340571,2026-08-14T21:05:40.571,1,1
9859,588aca26ed1bfc095abf2de16bf97b57,86.0,3,1786716341569,2026-08-14T21:05:41.569,1,1
9860,588aca26ed1bfc095abf2de16bf97b57,85.0,3,1786716342569,2026-08-14T21:05:42.569,1,1
9861,588aca26ed1bfc095abf2de16bf97b57,85.0,3,1786716343570,2026-08-14T21:05:43.570,1,1
9862,588aca26ed1bfc095abf2de16bf97b57,85.0,3,1786716344571,2026-08-14T21:05:44.571,1,1
9863,588aca26ed1bfc095abf2de16bf97b57,86.0,3,1786716345569,2026-08-14T21:05:45.569,1,1
9864,588aca26ed1bfc095abf2de16bf97b57,87.0,3,1786716346571,2026-08-14T21:05:46.571,1,1
9865,588aca26ed1bfc095abf2de16bf97b57,89.0,3,1786716347569,2026-08-14T21:05:47.569,1,1
9866,588aca26ed1bfc095abf2de16bf97b57,91.0,3,1786716348569,2026-08-14T21:05:48.569,1,1
9867,588aca26ed1bfc095abf2de16bf97b57,94.0,3,1786716349569,2026-08-14T21:05:49.569,1,1
9868,588aca26ed1bfc095abf2de16bf97b57,96.0,3,1786716350570,2026-08-14T21:05:50.570,1,1
9869,588aca26ed1bfc095abf2de16bf97b57,99.0,3,1786716351569,2026-08-14T21:05:51.569,1,1
9870,588aca26ed1bfc095abf2de16bf97b57,101.0,3,1786716352569,2026-08-14T21:05:52.569,1,1
9871,588aca26ed1bfc095abf2de16bf97b57,102.0,3,1786716353569,2026-08-14T21:05:53.569,1,1
9872,588aca26ed1bfc095abf2de16bf97b57,103.0,3,1786716354570,2026-08-14T21:05:54.570,1,1
9873,588aca26ed1bfc095abf2de16bf97b57,103.0,3,1786716355569,2026-08-14T21:05:55.569,1,1
9874,588aca26ed1bfc095abf2de16bf97b57,102.0,3,1786716356570,2026-08-14T21:05:56.570,1,1
9875,588aca26ed1bfc095abf2de16bf97b57,102.0,3,1786716357569,2026-08-14T21:05:57.569,1,0
9876,588aca26ed1bfc095abf2de16bf97b57,101.0,3,1786716358569,2026-08-14T21:05:58.569,1,1
9877,588aca26ed1bfc095abf2de16bf97b57,100.0,3,1786716359569,2026-08-14T21:05:59.569,1,1
9878,588aca26ed1bfc095abf2de16bf97b57,100.0,3,1786716360569,2026-08-14T21:06:00.569,1,1
9879,588aca26ed1bfc095abf2de16bf97b57,99.0,3,1786716361570,2026-08-14T21:06:01.570,1,1
9880,588aca26ed1bfc095abf2de16bf97b57,99.0,3,1786716362569,2026-08-14T21:06:02.569,1,1
9881,588aca26ed1bfc095abf2de16bf97b57,99.0,3,1786716363569,2026-08-14T21:06:03.569,1,1
9882,588aca26ed1bfc095abf2de16bf97b57,99.0,3,1786716364569,2026-08-14T21:06:04.569,1,1
9883,588aca26ed1bfc095abf2de16bf97b57,100.0,3,1786716365569,2026-08-14T21:06:05.569,1,1
9884,588aca26ed1bfc095abf2de16bf97b57,101.0,3,1786716366569,2026-08-14T21:06:06.569,1,1
9885,588aca26ed1bfc095abf2de16bf97b57,102.0,3,1786716367569,2026-08-14T21:06:07.569,1,1
9886,588aca26ed1bfc095abf2de16bf97b57,102.0,3,1786716368570,2026-08-14T21:06:08.570,1,1
9887,588aca26ed1bfc095abf2de16bf97b57,101.0,3,1786716369580,2026-08-14T21:06:09.580,1,1
9888,588aca26ed1bfc095abf2de16bf97b57,101.0,3,1786716370578,2026-08-14T21:06:10.578,1,1
9889,588aca26ed1bfc095abf2de16bf97b57,100.0,3,1786716371575,2026-08-14T21:06:11.575,1,1
9890,588aca26ed1bfc095abf2de16bf97b57,99.0,3,1786716372578,2026-08-14T21:06:12.578,1,1
9891,588aca26ed1bfc095abf2de16bf97b57,99.0,3,1786716373573,2026-08-14T21:06:13.573,1,1
9892,588aca26ed1bfc095abf2de16bf97b57,99.0,3,1786716374572,2026-08-14T21:06:14.572,1,1
9893,588aca26ed1bfc095abf2de16bf97b57,98.0,3,1786716375572,2026-08-14T21:06:15.572,1,1
9894,588aca26ed1bfc095abf2de16bf97b57,98.0,3,1786716376571,2026-08-14T21:06:16.571,1,1
9895,588aca26ed1bfc095abf2de16bf97b57,97.0,3,1786716377572,2026-08-14T21:06:17.572,1,1
9896,588aca26ed1bfc095abf2de16bf97b57,96.0,3,1786716378572,2026-08-14T21:06:18.572,1,1
9897,588aca26ed1bfc095abf2de16bf97b57,95.0,3,1786716379572,2026-08-14T21:06:19.572,1,1
9898,588aca26ed1bfc095abf2de16bf97b57,94.0,3,1786716380571,2026-08-14T21:06:20.571,1,1
9899,588aca26ed1bfc095abf2de16bf97b57,93.0,3,1786716381569,2026-08-14T21:06:21.569,1,1
9900,588aca26ed1bfc095abf2de16bf97b57,92.0,3,1786716382570,2026-08-14T21:06:22.570,1,1
9901,588aca26ed1bfc095abf2de16bf97b57,91.0,3,1786716383573,2026-08-14T21:06:23.573,1,1
9902,588aca26ed1bfc095abf2de16bf97b57,90.0,3,1786716384570,2026-08-14T21:06:24.570,0,1
9903,588aca26ed1bfc095abf2de16bf97b57,91.0,3,1786716385569,2026-08-14T21:06:25.569,0,1
9904,588aca26ed1bfc095abf2de16bf97b57,93.0,3,1786716386572,2026-08-14T21:06:26.572,0,1
9905,588aca26ed1bfc095abf2de16bf97b57,95.0,3,1786716387571,2026-08-14T21:06:27.571,0,1
9906,588aca26ed1bfc095abf2de16bf97b57,96.0,3,1786716388568,2026-08-14T21:06:28.568,0,1
9907,588aca26ed1bfc095abf2de16bf97b57,95.0,3,1786716389570,2026-08-14T21:06:29.570,0,1
9908,588aca26ed1bfc095abf2de16bf97b57,97.0,3,1786716390569,2026-08-14T21:06:30.569,0,1
9909,588aca26ed1bfc095abf2de16bf97b57,99.0,3,1786716391571,2026-08-14T21:06:31.571,0,1
9910,588aca26ed1bfc095abf2de16bf97b57,99.0,3,1786716392580,2026-08-14T21:06:32.580,0,1
9911,588aca26ed1bfc095abf2de16bf97b57,98.0,3,1786716393570,2026-08-14T21:06:33.570,0,1
9912,588aca26ed1bfc095abf2de16bf97b57,98.0,3,1786716394569,2026-08-14T21:06:34.569,0,1
9913,588aca26ed1bfc095abf2de16bf97b57,98.0,3,1786716395569,2026-08-14T21:06:35.569,0,1
9914,588aca26ed1bfc095abf2de16bf97b57,98.0,3,1786716396569,2026-08-14T21:06:36.569,0,1
9915,588aca26ed1bfc095abf2de16bf97b57,98.0,3,1786716397569,2026-08-14T21:06:37.569,0,1
9916,588aca26ed1bfc095abf2de16bf97b57,98.0,3,1786716398570,2026-08-14T21:06:38.570,0,1
9917,588aca26ed1bfc095abf2de16bf97b57,98.0,3,1786716399569,2026-08-14T21:06:39.569,0,1
9918,588aca26ed1bfc095abf2de16bf97b57,98.0,3,1786716400569,2026-08-14T21:06:40.569,0,1
9919,588aca26ed1bfc095abf2de16bf97b57,97.0,3,1786716401569,2026-08-14T21:06:41.569,0,1
9920,588aca26ed1bfc095abf2de16bf97b57,96.0,3,1786716402569,2026-08-14T21:06:42.569,0,1
9921,588aca26ed1bfc095abf2de16bf97b57,96.0,3,1786716403569,2026-08-14T21:06:43.569,0,1
9922,588aca26ed1bfc095abf2de16bf97b57,96.0,3,1786716404569,2026-08-14T21:06:44.569,0,1
9923,588aca26ed1bfc095abf2de16bf97b57,97.0,3,1786716405571,2026-08-14T21:06:45.571,0,1
9924,588aca26ed1bfc095abf2de16bf97b57,98.0,3,1786716406571,2026-08-14T21:06:46.571,0,1
9925,588aca26ed1bfc095abf2de16bf97b57,99.0,3,1786716407571,2026-08-14T21:06:47.571,0,1
9926,588aca26ed1bfc095abf2de16bf97b57,99.0,3,1786716408568,2026-08-14T21:06:48.568,0,1
9927,588aca26ed1bfc095abf2de16bf97b57,98.0,3,1786716409569,2026-08-14T21:06:49.569,0,1
9928,588aca26ed1bfc095abf2de16bf97b57,97.0,3,1786716410570,2026-08-14T21:06:50.570,0,1
9929,588aca26ed1bfc095abf2de16bf97b57,96.0,3,1786716411569,2026-08-14T21:06:51.569,0,1
9930,588aca26ed1bfc095abf2de16bf97b57,95.0,3,1786716412570,2026-08-14T21:06:52.570,0,1
9931,588aca26ed1bfc095abf2de16bf97b57,94.0,3,1786716413570,2026-08-14T21:06:53.570,0,1
9932,588aca26ed1bfc095abf2de16bf97b57,94.0,3,1786716414569,2026-08-14T21:06:54.569,0,1
9933,588aca26ed1bfc095abf2de16bf97b57,94.0,3,1786716415569,2026-08-14T21:06:55.569,0,1
9934,588aca26ed1bfc095abf2de16bf97b57,93.0,3,1786716416569,2026-08-14T21:06:56.569,0,1
9935,588aca26ed1bfc095abf2de16bf97b57,93.0,3,1786716417569,2026-08-14T21:06:57.569,0,1
9936,588aca26ed1bfc095abf2de16bf97b57,94.0,3,1786716418569,2026-08-14T21:06:58.569,0,1
9937,588aca26ed1bfc095abf2de16bf97b57,94.0,3,1786716419569,2026-08-14T21:06:59.569,0,1
9938,588aca26ed1bfc095abf2de16bf97b57,94.0,3,1786716420569,2026-08-14T21:07:00.569,0,1
9939,588aca26ed1bfc095abf2de16bf97b57,94.0,3,1786716421569,2026-08-14T21:07:01.569,0,1
9940,588aca26ed1bfc095abf2de16bf97b57,95.0,3,1786716422569,2026-08-14T21:07:02.569,0,1
9941,588aca26ed1bfc095abf2de16bf97b57,94.0,3,1786716423569,2026-08-14T21:07:03.569,0,1
9942,588aca26ed1bfc095abf2de16bf97b57,94.0,3,1786716424569,2026-08-14T21:07:04.569,0,1
9943,588aca26ed1bfc095abf2de16bf97b57,93.0,3,1786716425569,2026-08-14T21:07:05.569,0,1
9944,588aca26ed1bfc095abf2de16bf97b57,93.0,3,1786716426569,2026-08-14T21:07:06.569,0,1
9945,588aca26ed1bfc095abf2de16bf97b57,93.0,3,1786716427569,2026-08-14T21:07:07.569,0,1
9946,588aca26ed1bfc095abf2de16bf97b57,93.0,3,1786716428569,2026-08-14T21:07:08.569,0,1
9947,588aca26ed1bfc095abf2de16bf97b57,92.0,3,1786716429569,2026-08-14T21:07:09.569,0,1
9948,588aca26ed1bfc095abf2de16bf97b57,91.0,3,1786716430570,2026-08-14T21:07:10.570,0,1
9949,588aca26ed1bfc095abf2de16bf97b57,90.0,3,1786716431569,2026-08-14T21:07:11.569,0,1
9950,588aca26ed1bfc095abf2de16bf97b57,90.0,3,1786716432570,2026-08-14T21:07:12.570,0,1
9951,588aca26ed1bfc095abf2de16bf97b57,92.0,3,1786716433572,2026-08-14T21:07:13.572,0,1
9952,588aca26ed1bfc095abf2de16bf97b57,94.0,3,1786716434573,2026-08-14T21:07:14.573,0,1
9953,588aca26ed1bfc095abf2de16bf97b57,94.0,3,1786716435570,2026-08-14T21:07:15.570,0,1
9954,588aca26ed1bfc095abf2de16bf97b57,94.0,3,1786716436570,2026-08-14T21:07:16.570,0,1
9955,588aca26ed1bfc095abf2de16bf97b57,93.0,3,1786716437574,2026-08-14T21:07:17.574,0,1
9956,588aca26ed1bfc095abf2de16bf97b57,91.0,3,1786716438578,2026-08-14T21:07:18.578,0,1
9957,588aca26ed1bfc095abf2de16bf97b57,92.0,3,1786716439575,2026-08-14T21:07:19.575,0,1
9958,588aca26ed1bfc095abf2de16bf97b57,91.0,3,1786716440576,2026-08-14T21:07:20.576,0,1
9959,588aca26ed1bfc095abf2de16bf97b57,90.0,3,1786716441569,2026-08-14T21:07:21.569,0,1
9960,588aca26ed1bfc095abf2de16bf97b57,91.0,3,1786716442571,2026-08-14T21:07:22.571,0,1
9961,588aca26ed1bfc095abf2de16bf97b57,91.0,3,1786716443571,2026-08-14T21:07:23.571,0,1
9962,588aca26ed1bfc095abf2de16bf97b57,92.0,3,1786716444572,2026-08-14T21:07:24.572,0,1
9963,588aca26ed1bfc095abf2de16bf97b57,92.0,3,1786716445572,2026-08-14T21:07:25.572,0,1
9964,588aca26ed1bfc095abf2de16bf97b57,92.0,3,1786716446571,2026-08-14T21:07:26.571,0,1
9965,588aca26ed1bfc095abf2de16bf97b57,91.0,3,1786716447572,2026-08-14T21:07:27.572,0,1
9966,588aca26ed1bfc095abf2de16bf97b57,92.0,3,1786716448569,2026-08-14T21:07:28.569,0,1
9967,588aca26ed1bfc095abf2de16bf97b57,92.0,3,1786716449572,2026-08-14T21:07:29.572,0,1
9968,588aca26ed1bfc095abf2de16bf97b57,90.0,3,1786716450572,2026-08-14T21:07:30.572,0,1
9969,588aca26ed1bfc095abf2de16bf97b57,90.0,3,1786716451571,2026-08-14T21:07:31.571,0,1
9970,588aca26ed1bfc095abf2de16bf97b57,90.0,3,1786716452572,2026-08-14T21:07:32.572,0,1
9971,588aca26ed1bfc095abf2de16bf97b57,89.0,3,1786716453572,2026-08-14T21:07:33.572,0,1
9972,588aca26ed1bfc095abf2de16bf97b57,90.0,3,1786716454572,2026-08-14T21:07:34.572,0,1
9973,588aca26ed1bfc095abf2de16bf97b57,90.0,3,1786716455572,2026-08-14T21:07:35.572,0,1
9974,588aca26ed1bfc095abf2de16bf97b57,90.0,3,1786716456571,2026-08-14T21:07:36.571,0,1
9975,588aca26ed1bfc095abf2de16bf97b57,90.0,3,1786716457572,2026-08-14T21:07:37.572,0,1
9976,588aca26ed1bfc095abf2de16bf97b57,91.0,3,1786716458571,2026-08-14T21:07:38.571,0,1
9977,588aca26ed1bfc095abf2de16bf97b57,92.0,3,1786716459571,2026-08-14T21:07:39.571,0,1
9978,588aca26ed1bfc095abf2de16bf97b57,92.0,3,1786716460572,2026-08-14T21:07:40.572,0,1
9979,588aca26ed1bfc095abf2de16bf97b57,93.0,3,1786716461571,2026-08-14T21:07:41.571,0,1
9980,588aca26ed1bfc095abf2de16bf97b57,93.0,3,1786716462572,2026-08-14T21:07:42.572,0,1
9981,588aca26ed1bfc095abf2de16bf97b57,93.0,3,1786716463572,2026-08-14T21:07:43.572,0,1
9982,588aca26ed1bfc095abf2de16bf97b57,94.0,3,1786716464571,2026-08-14T21:07:44.571,0,1
9983,588aca26ed1bfc095abf2de16bf97b57,94.0,3,1786716465571,2026-08-14T21:07:45.571,0,1
9984,588aca26ed1bfc095abf2de16bf97b57,93.0,3,1786716466571,2026-08-14T21:07:46.571,0,1
9985,588aca26ed1bfc095abf2de16bf97b57,93.0,3,1786716467572,2026-08-14T21:07:47.572,0,1
9986,588aca26ed1bfc095abf2de16bf97b57,93.0,3,1786716468572,2026-08-14T21:07:48.572,0,1
9987,588aca26ed1bfc095abf2de16bf97b57,94.0,3,1786716469572,2026-08-14T21:07:49.572,0,1
9988,588aca26ed1bfc095abf2de16bf97b57,94.0,3,1786716470572,2026-08-14T21:07:50.572,0,1
9989,588aca26ed1bfc095abf2de16bf97b57,95.0,3,1786716471571,2026-08-14T21:07:51.571,0,1
9990,588aca26ed1bfc095abf2de16bf97b57,95.0,3,1786716472572,2026-08-14T21:07:52.572,0,1
9991,588aca26ed1bfc095abf2de16bf97b57,94.0,3,1786716473572,2026-08-14T21:07:53.572,0,1
9992,588aca26ed1bfc095abf2de16bf97b57,93.0,3,1786716474572,2026-08-14T21:07:54.572,0,1
9993,588aca26ed1bfc095abf2de16bf97b57,93.0,3,1786716475572,2026-08-14T21:07:55.572,0,1
9994,588aca26ed1bfc095abf2de16bf97b57,93.0,3,1786716476571,2026-08-14T21:07:56.571,0,1
9995,588aca26ed1bfc095abf2de16bf97b57,92.0,3,1786716477570,2026-08-14T21:07:57.570,0,1
9996,588aca26ed1bfc095abf2de16bf97b57,92.0,3,1786716478572,2026-08-14T21:07:58.572,0,1
9997,588aca26ed1bfc095abf2de16bf97b57,91.0,3,1786716479572,2026-08-14T21:07:59.572,0,1
9998,588aca26ed1bfc095abf2de16bf97b57,91.0,3,1786716480572,2026-08-14T21:08:00.572,0,1
9999,588aca26ed1bfc095abf2de16bf97b57,90.0,3,1786716481571,2026-08-14T21:08:01.571,0,1
10000,588aca26ed1bfc095abf2de16bf97b57,90.0,3,1786716482571,2026-08-14T21:08:02.571,0,1
10001,588aca26ed1bfc095abf2de16bf97b57,91.0,3,1786716483569,2026-08-14T21:08:03.569,0,1
10002,588aca26ed1bfc095abf2de16bf97b57,92.0,3,1786716484570,2026-08-14T21:08:04.570,0,1
10003,588aca26ed1bfc095abf2de16bf97b57,93.0,3,1786716485569,2026-08-14T21:08:05.569,0,1
10004,588aca26ed1bfc095abf2de16bf97b57,93.0,3,1786716486571,2026-08-14T21:08:06.571,0,1
10005,588aca26ed1bfc095abf2de16bf97b57,93.0,3,1786716487570,2026-08-14T21:08:07.570,0,1
10006,588aca26ed1bfc095abf2de16bf97b57,94.0,3,1786716488569,2026-08-14T21:08:08.569,0,1
10007,588aca26ed1bfc095abf2de16bf97b57,94.0,3,1786716489569,2026-08-14T21:08:09.569,0,1
10008,588aca26ed1bfc095abf2de16bf97b57,94.0,3,1786716490570,2026-08-14T21:08:10.570,0,1
10009,588aca26ed1bfc095abf2de16bf97b57,94.0,3,1786716491577,2026-08-14T21:08:11.577,0,1
10010,588aca26ed1bfc095abf2de16bf97b57,94.0,3,1786716492573,2026-08-14T21:08:12.573,0,1
10011,588aca26ed1bfc095abf2de16bf97b57,94.0,3,1786716493571,2026-08-14T21:08:13.571,0,1
10012,588aca26ed1bfc095abf2de16bf97b57,94.0,3,1786716494570,2026-08-14T21:08:14.570,0,1
10013,588aca26ed1bfc095abf2de16bf97b57,94.0,3,1786716495578,2026-08-14T21:08:15.578,0,1
10014,588aca26ed1bfc095abf2de16bf97b57,94.0,3,1786716496570,2026-08-14T21:08:16.570,0,1
10015,588aca26ed1bfc095abf2de16bf97b57,95.0,3,1786716497569,2026-08-14T21:08:17.569,0,1
10016,588aca26ed1bfc095abf2de16bf97b57,95.0,3,1786716498570,2026-08-14T21:08:18.570,0,1
10017,588aca26ed1bfc095abf2de16bf97b57,94.0,3,1786716499570,2026-08-14T21:08:19.570,0,1
10018,588aca26ed1bfc095abf2de16bf97b57,94.0,3,1786716500570,2026-08-14T21:08:20.570,0,1
10019,588aca26ed1bfc095abf2de16bf97b57,95.0,3,1786716501570,2026-08-14T21:08:21.570,0,1
10020,588aca26ed1bfc095abf2de16bf97b57,95.0,3,1786716502570,2026-08-14T21:08:22.570,0,1
10021,588aca26ed1bfc095abf2de16bf97b57,94.0,3,1786716503569,2026-08-14T21:08:23.569,0,1
10022,588aca26ed1bfc095abf2de16bf97b57,93.0,3,1786716504569,2026-08-14T21:08:24.569,0,1
10023,588aca26ed1bfc095abf2de16bf97b57,92.0,3,1786716505569,2026-08-14T21:08:25.569,0,1
10024,588aca26ed1bfc095abf2de16bf97b57,93.0,3,1786716506571,2026-08-14T21:08:26.571,0,1
10025,588aca26ed1bfc095abf2de16bf97b57,93.0,3,1786716507579,2026-08-14T21:08:27.579,0,1
10026,588aca26ed1bfc095abf2de16bf97b57,93.0,3,1786716508580,2026-08-14T21:08:28.580,0,1
10027,588aca26ed1bfc095abf2de16bf97b57,92.0,3,1786716509574,2026-08-14T21:08:29.574,0,1
10028,588aca26ed1bfc095abf2de16bf97b57,92.0,3,1786716510570,2026-08-14T21:08:30.570,0,1
10029,588aca26ed1bfc095abf2de16bf97b57,91.0,3,1786716511570,2026-08-14T21:08:31.570,0,1
10030,588aca26ed1bfc095abf2de16bf97b57,91.0,3,1786716512572,2026-08-14T21:08:32.572,0,1
10031,588aca26ed1bfc095abf2de16bf97b57,91.0,3,1786716513569,2026-08-14T21:08:33.569,0,1
10032,588aca26ed1bfc095abf2de16bf97b57,91.0,3,1786716514569,2026-08-14T21:08:34.569,0,1
10033,588aca26ed1bfc095abf2de16bf97b57,91.0,3,1786716515570,2026-08-14T21:08:35.570,0,1
10034,588aca26ed1bfc095abf2de16bf97b57,92.0,3,1786716516570,2026-08-14T21:08:36.570,0,1
10035,588aca26ed1bfc095abf2de16bf97b57,93.0,3,1786716517570,2026-08-14T21:08:37.570,0,1
10036,588aca26ed1bfc095abf2de16bf97b57,93.0,3,1786716518571,2026-08-14T21:08:38.571,0,1
10037,588aca26ed1bfc095abf2de16bf97b57,94.0,3,1786716519570,2026-08-14T21:08:39.570,0,1
10038,588aca26ed1bfc095abf2de16bf97b57,94.0,3,1786716520585,2026-08-14T21:08:40.585,0,1
10039,588aca26ed1bfc095abf2de16bf97b57,93.0,3,1786716521569,2026-08-14T21:08:41.569,0,1
10040,588aca26ed1bfc095abf2de16bf97b57,92.0,3,1786716522570,2026-08-14T21:08:42.570,0,1
10041,588aca26ed1bfc095abf2de16bf97b57,92.0,3,1786716523569,2026-08-14T21:08:43.569,0,1
10042,588aca26ed1bfc095abf2de16bf97b57,91.0,3,1786716524569,2026-08-14T21:08:44.569,0,1
10043,588aca26ed1bfc095abf2de16bf97b57,91.0,3,1786716525570,2026-08-14T21:08:45.570,0,1
