id,device_id,record_id,bpm,accuracy,time_ms,time_iso
16978,588aca26ed1bfc095abf2de16bf97b57,12571,100.0,3,1786720474328,2026-08-14T22:14:34.328
16979,588aca26ed1bfc095abf2de16bf97b57,12572,100.0,-1,1786720475327,2026-08-14T22:14:35.327
16980,588aca26ed1bfc095abf2de16bf97b57,12573,100.0,-1,1786720476327,2026-08-14T22:14:36.327
16981,588aca26ed1bfc095abf2de16bf97b57,12574,100.0,-1,1786720477328,2026-08-14T22:14:37.328
16982,588aca26ed1bfc095abf2de16bf97b57,12575,100.0,-1,1786720478327,2026-08-14T22:14:38.327
16983,588aca26ed1bfc095abf2de16bf97b57,12576,100.0,-1,1786720479328,2026-08-14T22:14:39.328
16984,588aca26ed1bfc095abf2de16bf97b57,12577,100.0,-1,1786720480327,2026-08-14T22:14:40.327
16985,588aca26ed1bfc095abf2de16bf97b57,12578,100.0,-1,1786720481327,2026-08-14T22:14:41.327
16986,588aca26ed1bfc095abf2de16bf97b57,12579,100.0,-1,1786720482327,2026-08-14T22:14:42.327
16987,588aca26ed1bfc095abf2de16bf97b57,12580,100.0,-1,1786720483327,2026-08-14T22:14:43.327
16988,588aca26ed1bfc095abf2de16bf97b57,12581,96.0,3,1786720484327,2026-08-14T22:14:44.327
16989,588aca26ed1bfc095abf2de16bf97b57,12582,95.0,3,1786720485327,2026-08-14T22:14:45.327
16990,588aca26ed1bfc095abf2de16bf97b57,12583,94.0,3,1786720486327,2026-08-14T22:14:46.327
16991,588aca26ed1bfc095abf2de16bf97b57,12584,94.0,3,1786720487328,2026-08-14T22:14:47.328
16992,588aca26ed1bfc095abf2de16bf97b57,12585,95.0,3,1786720488327,2026-08-14T22:14:48.327
16993,588aca26ed1bfc095abf2de16bf97b57,12586,96.0,3,1786720489331,2026-08-14T22:14:49.331
16994,588aca26ed1bfc095abf2de16bf97b57,12587,96.0,3,1786720490329,2026-08-14T22:14:50.329
16995,588aca26ed1bfc095abf2de16bf97b57,12588,95.0,3,1786720491331,2026-08-14T22:14:51.331
16996,588aca26ed1bfc095abf2de16bf97b57,12589,94.0,3,1786720492329,2026-08-14T22:14:52.329
16997,588aca26ed1bfc095abf2de16bf97b57,12590,95.0,3,1786720493328,2026-08-14T22:14:53.328
16998,588aca26ed1bfc095abf2de16bf97b57,12591,96.0,3,1786720494329,2026-08-14T22:14:54.329
16999,588aca26ed1bfc095abf2de16bf97b57,12592,95.0,3,1786720495329,2026-08-14T22:14:55.329
17000,588aca26ed1bfc095abf2de16bf97b57,12593,94.0,3,1786720496329,2026-08-14T22:14:56.329
17001,588aca26ed1bfc095abf2de16bf97b57,12594,92.0,3,1786720497327,2026-08-14T22:14:57.327
17002,588aca26ed1bfc095abf2de16bf97b57,12595,91.0,3,1786720498331,2026-08-14T22:14:58.331
17003,588aca26ed1bfc095abf2de16bf97b57,12596,90.0,3,1786720499328,2026-08-14T22:14:59.328
17004,588aca26ed1bfc095abf2de16bf97b57,12597,89.0,3,1786720500328,2026-08-14T22:15:00.328
17005,588aca26ed1bfc095abf2de16bf97b57,12598,89.0,3,1786720501329,2026-08-14T22:15:01.329
17006,588aca26ed1bfc095abf2de16bf97b57,12599,89.0,3,1786720502328,2026-08-14T22:15:02.328
17007,588aca26ed1bfc095abf2de16bf97b57,12600,90.0,3,1786720503328,2026-08-14T22:15:03.328
17008,588aca26ed1bfc095abf2de16bf97b57,12601,89.0,3,1786720504328,2026-08-14T22:15:04.328
17009,588aca26ed1bfc095abf2de16bf97b57,12602,89.0,3,1786720505327,2026-08-14T22:15:05.327
17010,588aca26ed1bfc095abf2de16bf97b57,12603,90.0,3,1786720506328,2026-08-14T22:15:06.328
17011,588aca26ed1bfc095abf2de16bf97b57,12604,91.0,3,1786720507328,2026-08-14T22:15:07.328
17012,588aca26ed1bfc095abf2de16bf97b57,12605,92.0,3,1786720508329,2026-08-14T22:15:08.329
17013,588aca26ed1bfc095abf2de16bf97b57,12606,92.0,3,1786720509328,2026-08-14T22:15:09.328
17014,588aca26ed1bfc095abf2de16bf97b57,12607,91.0,3,1786720510328,2026-08-14T22:15:10.328
17015,588aca26ed1bfc095abf2de16bf97b57,12608,89.0,3,1786720511328,2026-08-14T22:15:11.328
17016,588aca26ed1bfc095abf2de16bf97b57,12609,88.0,3,1786720512328,2026-08-14T22:15:12.328
17017,588aca26ed1bfc095abf2de16bf97b57,12610,87.0,3,1786720513328,2026-08-14T22:15:13.328
17018,588aca26ed1bfc095abf2de16bf97b57,12611,87.0,3,1786720514328,2026-08-14T22:15:14.328
17019,588aca26ed1bfc095abf2de16bf97b57,12612,88.0,3,1786720515328,2026-08-14T22:15:15.328
17020,588aca26ed1bfc095abf2de16bf97b57,12613,89.0,3,1786720516328,2026-08-14T22:15:16.328
17021,588aca26ed1bfc095abf2de16bf97b57,12614,90.0,3,1786720517327,2026-08-14T22:15:17.327
17022,588aca26ed1bfc095abf2de16bf97b57,12615,91.0,3,1786720518328,2026-08-14T22:15:18.328
17023,588aca26ed1bfc095abf2de16bf97b57,12616,91.0,3,1786720519327,2026-08-14T22:15:19.327
17024,588aca26ed1bfc095abf2de16bf97b57,12617,91.0,3,1786720520329,2026-08-14T22:15:20.329
17025,588aca26ed1bfc095abf2de16bf97b57,12618,90.0,3,1786720521328,2026-08-14T22:15:21.328
17026,588aca26ed1bfc095abf2de16bf97b57,12619,90.0,3,1786720522327,2026-08-14T22:15:22.327
17027,588aca26ed1bfc095abf2de16bf97b57,12620,90.0,3,1786720523329,2026-08-14T22:15:23.329
17028,588aca26ed1bfc095abf2de16bf97b57,12621,90.0,3,1786720524329,2026-08-14T22:15:24.329
17029,588aca26ed1bfc095abf2de16bf97b57,12622,90.0,3,1786720525330,2026-08-14T22:15:25.330
17030,588aca26ed1bfc095abf2de16bf97b57,12623,89.0,3,1786720526330,2026-08-14T22:15:26.330
17031,588aca26ed1bfc095abf2de16bf97b57,12624,89.0,3,1786720527327,2026-08-14T22:15:27.327
17032,588aca26ed1bfc095abf2de16bf97b57,12625,89.0,3,1786720528328,2026-08-14T22:15:28.328
17033,588aca26ed1bfc095abf2de16bf97b57,12626,88.0,3,1786720529328,2026-08-14T22:15:29.328
17034,588aca26ed1bfc095abf2de16bf97b57,12627,89.0,3,1786720530336,2026-08-14T22:15:30.336
17035,588aca26ed1bfc095abf2de16bf97b57,12628,89.0,3,1786720531335,2026-08-14T22:15:31.335
17036,588aca26ed1bfc095abf2de16bf97b57,12629,89.0,3,1786720532334,2026-08-14T22:15:32.334
17037,588aca26ed1bfc095abf2de16bf97b57,12630,90.0,3,1786720533332,2026-08-14T22:15:33.332
17038,588aca26ed1bfc095abf2de16bf97b57,12631,91.0,3,1786720534331,2026-08-14T22:15:34.331
17039,588aca26ed1bfc095abf2de16bf97b57,12632,91.0,3,1786720535328,2026-08-14T22:15:35.328
17040,588aca26ed1bfc095abf2de16bf97b57,12633,91.0,3,1786720536328,2026-08-14T22:15:36.328
17041,588aca26ed1bfc095abf2de16bf97b57,12634,91.0,3,1786720537328,2026-08-14T22:15:37.328
17042,588aca26ed1bfc095abf2de16bf97b57,12635,91.0,3,1786720538328,2026-08-14T22:15:38.328
17043,588aca26ed1bfc095abf2de16bf97b57,12636,91.0,3,1786720539328,2026-08-14T22:15:39.328
17044,588aca26ed1bfc095abf2de16bf97b57,12637,91.0,3,1786720540330,2026-08-14T22:15:40.330
17045,588aca26ed1bfc095abf2de16bf97b57,12638,90.0,3,1786720541328,2026-08-14T22:15:41.328
17046,588aca26ed1bfc095abf2de16bf97b57,12639,90.0,3,1786720542328,2026-08-14T22:15:42.328
17047,588aca26ed1bfc095abf2de16bf97b57,12640,90.0,3,1786720543328,2026-08-14T22:15:43.328
17048,588aca26ed1bfc095abf2de16bf97b57,12641,91.0,3,1786720544327,2026-08-14T22:15:44.327
17049,588aca26ed1bfc095abf2de16bf97b57,12642,92.0,3,1786720545328,2026-08-14T22:15:45.328
17050,588aca26ed1bfc095abf2de16bf97b57,12643,92.0,3,1786720546329,2026-08-14T22:15:46.329
17051,588aca26ed1bfc095abf2de16bf97b57,12644,93.0,3,1786720547328,2026-08-14T22:15:47.328
17052,588aca26ed1bfc095abf2de16bf97b57,12645,94.0,3,1786720548328,2026-08-14T22:15:48.328
17053,588aca26ed1bfc095abf2de16bf97b57,12646,93.0,3,1786720549328,2026-08-14T22:15:49.328
17054,588aca26ed1bfc095abf2de16bf97b57,12647,93.0,3,1786720550339,2026-08-14T22:15:50.339
17055,588aca26ed1bfc095abf2de16bf97b57,12648,92.0,3,1786720551335,2026-08-14T22:15:51.335
17056,588aca26ed1bfc095abf2de16bf97b57,12649,92.0,3,1786720552333,2026-08-14T22:15:52.333
17057,588aca26ed1bfc095abf2de16bf97b57,12650,93.0,3,1786720553330,2026-08-14T22:15:53.330
17058,588aca26ed1bfc095abf2de16bf97b57,12651,92.0,3,1786720554329,2026-08-14T22:15:54.329
17059,588aca26ed1bfc095abf2de16bf97b57,12652,92.0,3,1786720555328,2026-08-14T22:15:55.328
17060,588aca26ed1bfc095abf2de16bf97b57,12653,91.0,3,1786720556328,2026-08-14T22:15:56.328
17061,588aca26ed1bfc095abf2de16bf97b57,12654,92.0,3,1786720557328,2026-08-14T22:15:57.328
17062,588aca26ed1bfc095abf2de16bf97b57,12655,92.0,3,1786720558328,2026-08-14T22:15:58.328
17063,588aca26ed1bfc095abf2de16bf97b57,12656,93.0,3,1786720559330,2026-08-14T22:15:59.330
17064,588aca26ed1bfc095abf2de16bf97b57,12657,93.0,3,1786720560328,2026-08-14T22:16:00.328
17065,588aca26ed1bfc095abf2de16bf97b57,12658,92.0,3,1786720561328,2026-08-14T22:16:01.328
17066,588aca26ed1bfc095abf2de16bf97b57,12659,92.0,3,1786720562328,2026-08-14T22:16:02.328
17067,588aca26ed1bfc095abf2de16bf97b57,12660,91.0,3,1786720563328,2026-08-14T22:16:03.328
17068,588aca26ed1bfc095abf2de16bf97b57,12661,91.0,3,1786720564328,2026-08-14T22:16:04.328
17069,588aca26ed1bfc095abf2de16bf97b57,12662,91.0,3,1786720565339,2026-08-14T22:16:05.339
17070,588aca26ed1bfc095abf2de16bf97b57,12663,91.0,3,1786720566336,2026-08-14T22:16:06.336
17071,588aca26ed1bfc095abf2de16bf97b57,12664,92.0,3,1786720567328,2026-08-14T22:16:07.328
17072,588aca26ed1bfc095abf2de16bf97b57,12665,93.0,3,1786720568329,2026-08-14T22:16:08.329
17073,588aca26ed1bfc095abf2de16bf97b57,12666,93.0,3,1786720569330,2026-08-14T22:16:09.330
17074,588aca26ed1bfc095abf2de16bf97b57,12667,93.0,3,1786720570328,2026-08-14T22:16:10.328
17075,588aca26ed1bfc095abf2de16bf97b57,12668,94.0,3,1786720571328,2026-08-14T22:16:11.328
17076,588aca26ed1bfc095abf2de16bf97b57,12669,93.0,3,1786720572328,2026-08-14T22:16:12.328
17077,588aca26ed1bfc095abf2de16bf97b57,12670,93.0,3,1786720573328,2026-08-14T22:16:13.328
17078,588aca26ed1bfc095abf2de16bf97b57,12671,93.0,3,1786720574329,2026-08-14T22:16:14.329
17079,588aca26ed1bfc095abf2de16bf97b57,12672,93.0,3,1786720575329,2026-08-14T22:16:15.329
17080,588aca26ed1bfc095abf2de16bf97b57,12673,93.0,3,1786720576328,2026-08-14T22:16:16.328
17081,588aca26ed1bfc095abf2de16bf97b57,12674,93.0,3,1786720577328,2026-08-14T22:16:17.328
17082,588aca26ed1bfc095abf2de16bf97b57,12675,92.0,3,1786720578328,2026-08-14T22:16:18.328
17083,588aca26ed1bfc095abf2de16bf97b57,12676,92.0,3,1786720579328,2026-08-14T22:16:19.328
17084,588aca26ed1bfc095abf2de16bf97b57,12677,91.0,3,1786720580328,2026-08-14T22:16:20.328
17085,588aca26ed1bfc095abf2de16bf97b57,12678,91.0,3,1786720581328,2026-08-14T22:16:21.328
17086,588aca26ed1bfc095abf2de16bf97b57,12679,90.0,3,1786720582333,2026-08-14T22:16:22.333
17087,588aca26ed1bfc095abf2de16bf97b57,12680,91.0,3,1786720583333,2026-08-14T22:16:23.333
17088,588aca26ed1bfc095abf2de16bf97b57,12681,91.0,3,1786720584332,2026-08-14T22:16:24.332
17089,588aca26ed1bfc095abf2de16bf97b57,12682,90.0,3,1786720585329,2026-08-14T22:16:25.329
17090,588aca26ed1bfc095abf2de16bf97b57,12683,90.0,3,1786720586328,2026-08-14T22:16:26.328
17091,588aca26ed1bfc095abf2de16bf97b57,12684,90.0,3,1786720587327,2026-08-14T22:16:27.327
17092,588aca26ed1bfc095abf2de16bf97b57,12685,90.0,3,1786720588328,2026-08-14T22:16:28.328
17093,588aca26ed1bfc095abf2de16bf97b57,12686,90.0,3,1786720589328,2026-08-14T22:16:29.328
17094,588aca26ed1bfc095abf2de16bf97b57,12687,90.0,3,1786720590328,2026-08-14T22:16:30.328
17095,588aca26ed1bfc095abf2de16bf97b57,12688,91.0,3,1786720591328,2026-08-14T22:16:31.328
17096,588aca26ed1bfc095abf2de16bf97b57,12689,91.0,3,1786720592328,2026-08-14T22:16:32.328
17097,588aca26ed1bfc095abf2de16bf97b57,12690,91.0,3,1786720593328,2026-08-14T22:16:33.328
17098,588aca26ed1bfc095abf2de16bf97b57,12691,90.0,3,1786720594328,2026-08-14T22:16:34.328
17099,588aca26ed1bfc095abf2de16bf97b57,12692,90.0,3,1786720595327,2026-08-14T22:16:35.327
17100,588aca26ed1bfc095abf2de16bf97b57,12693,89.0,3,1786720596328,2026-08-14T22:16:36.328
17101,588aca26ed1bfc095abf2de16bf97b57,12694,88.0,3,1786720597329,2026-08-14T22:16:37.329
17102,588aca26ed1bfc095abf2de16bf97b57,12695,87.0,3,1786720598334,2026-08-14T22:16:38.334
17103,588aca26ed1bfc095abf2de16bf97b57,12696,87.0,3,1786720599336,2026-08-14T22:16:39.336
17104,588aca26ed1bfc095abf2de16bf97b57,12697,86.0,3,1786720600336,2026-08-14T22:16:40.336
17105,588aca26ed1bfc095abf2de16bf97b57,12698,86.0,3,1786720601334,2026-08-14T22:16:41.334
17106,588aca26ed1bfc095abf2de16bf97b57,12699,85.0,3,1786720602335,2026-08-14T22:16:42.335
17107,588aca26ed1bfc095abf2de16bf97b57,12700,84.0,3,1786720603331,2026-08-14T22:16:43.331
17108,588aca26ed1bfc095abf2de16bf97b57,12701,84.0,3,1786720604334,2026-08-14T22:16:44.334
17109,588aca26ed1bfc095abf2de16bf97b57,12702,85.0,3,1786720605333,2026-08-14T22:16:45.333
17110,588aca26ed1bfc095abf2de16bf97b57,12703,85.0,3,1786720606331,2026-08-14T22:16:46.331
17111,588aca26ed1bfc095abf2de16bf97b57,12704,86.0,3,1786720607331,2026-08-14T22:16:47.331
17112,588aca26ed1bfc095abf2de16bf97b57,12705,86.0,3,1786720608327,2026-08-14T22:16:48.327
17113,588aca26ed1bfc095abf2de16bf97b57,12706,86.0,3,1786720609328,2026-08-14T22:16:49.328
17114,588aca26ed1bfc095abf2de16bf97b57,12707,86.0,3,1786720610328,2026-08-14T22:16:50.328
17115,588aca26ed1bfc095abf2de16bf97b57,12708,86.0,3,1786720611328,2026-08-14T22:16:51.328
17116,588aca26ed1bfc095abf2de16bf97b57,12709,87.0,3,1786720612327,2026-08-14T22:16:52.327
17117,588aca26ed1bfc095abf2de16bf97b57,12710,86.0,3,1786720613328,2026-08-14T22:16:53.328
17118,588aca26ed1bfc095abf2de16bf97b57,12711,86.0,3,1786720614328,2026-08-14T22:16:54.328
17119,588aca26ed1bfc095abf2de16bf97b57,12712,87.0,3,1786720615330,2026-08-14T22:16:55.330
17120,588aca26ed1bfc095abf2de16bf97b57,12713,87.0,3,1786720616328,2026-08-14T22:16:56.328
17121,588aca26ed1bfc095abf2de16bf97b57,12714,86.0,3,1786720617328,2026-08-14T22:16:57.328
17122,588aca26ed1bfc095abf2de16bf97b57,12715,86.0,3,1786720618328,2026-08-14T22:16:58.328
17123,588aca26ed1bfc095abf2de16bf97b57,12716,84.0,3,1786720619327,2026-08-14T22:16:59.327
17124,588aca26ed1bfc095abf2de16bf97b57,12717,84.0,3,1786720620328,2026-08-14T22:17:00.328
17125,588aca26ed1bfc095abf2de16bf97b57,12718,84.0,3,1786720621328,2026-08-14T22:17:01.328
17126,588aca26ed1bfc095abf2de16bf97b57,12719,84.0,3,1786720622328,2026-08-14T22:17:02.328
17127,588aca26ed1bfc095abf2de16bf97b57,12720,84.0,3,1786720623328,2026-08-14T22:17:03.328
17128,588aca26ed1bfc095abf2de16bf97b57,12721,84.0,3,1786720624328,2026-08-14T22:17:04.328
17129,588aca26ed1bfc095abf2de16bf97b57,12722,84.0,3,1786720625328,2026-08-14T22:17:05.328
17130,588aca26ed1bfc095abf2de16bf97b57,12723,83.0,3,1786720626328,2026-08-14T22:17:06.328
17131,588aca26ed1bfc095abf2de16bf97b57,12724,83.0,3,1786720627328,2026-08-14T22:17:07.328
17132,588aca26ed1bfc095abf2de16bf97b57,12725,83.0,3,1786720628328,2026-08-14T22:17:08.328
17133,588aca26ed1bfc095abf2de16bf97b57,12726,83.0,3,1786720629327,2026-08-14T22:17:09.327
17134,588aca26ed1bfc095abf2de16bf97b57,12727,83.0,3,1786720630328,2026-08-14T22:17:10.328
17135,588aca26ed1bfc095abf2de16bf97b57,12728,82.0,3,1786720631327,2026-08-14T22:17:11.327
17136,588aca26ed1bfc095abf2de16bf97b57,12729,82.0,3,1786720632328,2026-08-14T22:17:12.328
17137,588aca26ed1bfc095abf2de16bf97b57,12730,82.0,3,1786720633328,2026-08-14T22:17:13.328
17138,588aca26ed1bfc095abf2de16bf97b57,12731,82.0,3,1786720634327,2026-08-14T22:17:14.327
17139,588aca26ed1bfc095abf2de16bf97b57,12732,83.0,3,1786720635328,2026-08-14T22:17:15.328
17140,588aca26ed1bfc095abf2de16bf97b57,12733,83.0,3,1786720636335,2026-08-14T22:17:16.335
17141,588aca26ed1bfc095abf2de16bf97b57,12734,83.0,3,1786720637336,2026-08-14T22:17:17.336
17142,588aca26ed1bfc095abf2de16bf97b57,12735,83.0,3,1786720638333,2026-08-14T22:17:18.333
17143,588aca26ed1bfc095abf2de16bf97b57,12736,84.0,3,1786720639332,2026-08-14T22:17:19.332
17144,588aca26ed1bfc095abf2de16bf97b57,12737,83.0,3,1786720640335,2026-08-14T22:17:20.335
17145,588aca26ed1bfc095abf2de16bf97b57,12738,82.0,3,1786720641334,2026-08-14T22:17:21.334
17146,588aca26ed1bfc095abf2de16bf97b57,12739,82.0,3,1786720642335,2026-08-14T22:17:22.335
17147,588aca26ed1bfc095abf2de16bf97b57,12740,82.0,3,1786720643335,2026-08-14T22:17:23.335
17148,588aca26ed1bfc095abf2de16bf97b57,12741,82.0,3,1786720644336,2026-08-14T22:17:24.336
17149,588aca26ed1bfc095abf2de16bf97b57,12742,82.0,3,1786720645336,2026-08-14T22:17:25.336
17150,588aca26ed1bfc095abf2de16bf97b57,12743,82.0,3,1786720646333,2026-08-14T22:17:26.333
17151,588aca26ed1bfc095abf2de16bf97b57,12744,82.0,3,1786720647335,2026-08-14T22:17:27.335
17152,588aca26ed1bfc095abf2de16bf97b57,12745,82.0,3,1786720648345,2026-08-14T22:17:28.345
17153,588aca26ed1bfc095abf2de16bf97b57,12746,82.0,3,1786720649341,2026-08-14T22:17:29.341
17154,588aca26ed1bfc095abf2de16bf97b57,12747,82.0,3,1786720650340,2026-08-14T22:17:30.340
17155,588aca26ed1bfc095abf2de16bf97b57,12748,81.0,3,1786720651344,2026-08-14T22:17:31.344
17156,588aca26ed1bfc095abf2de16bf97b57,12749,81.0,3,1786720652327,2026-08-14T22:17:32.327
17157,588aca26ed1bfc095abf2de16bf97b57,12750,80.0,3,1786720653328,2026-08-14T22:17:33.328
17158,588aca26ed1bfc095abf2de16bf97b57,12751,79.0,3,1786720654328,2026-08-14T22:17:34.328
17159,588aca26ed1bfc095abf2de16bf97b57,12752,79.0,3,1786720655330,2026-08-14T22:17:35.330
17160,588aca26ed1bfc095abf2de16bf97b57,12753,80.0,3,1786720656331,2026-08-14T22:17:36.331
17161,588aca26ed1bfc095abf2de16bf97b57,12754,81.0,3,1786720657328,2026-08-14T22:17:37.328
17162,588aca26ed1bfc095abf2de16bf97b57,12755,81.0,3,1786720658328,2026-08-14T22:17:38.328
17163,588aca26ed1bfc095abf2de16bf97b57,12756,82.0,3,1786720659328,2026-08-14T22:17:39.328
17164,588aca26ed1bfc095abf2de16bf97b57,12757,83.0,3,1786720660328,2026-08-14T22:17:40.328
17165,588aca26ed1bfc095abf2de16bf97b57,12758,83.0,3,1786720661329,2026-08-14T22:17:41.329
17166,588aca26ed1bfc095abf2de16bf97b57,12759,84.0,3,1786720662328,2026-08-14T22:17:42.328
17167,588aca26ed1bfc095abf2de16bf97b57,12760,85.0,3,1786720663329,2026-08-14T22:17:43.329
17168,588aca26ed1bfc095abf2de16bf97b57,12761,85.0,3,1786720664329,2026-08-14T22:17:44.329
17169,588aca26ed1bfc095abf2de16bf97b57,12762,85.0,3,1786720665328,2026-08-14T22:17:45.328
17170,588aca26ed1bfc095abf2de16bf97b57,12763,85.0,3,1786720666328,2026-08-14T22:17:46.328
17171,588aca26ed1bfc095abf2de16bf97b57,12764,85.0,3,1786720667329,2026-08-14T22:17:47.329
17172,588aca26ed1bfc095abf2de16bf97b57,12765,86.0,3,1786720668328,2026-08-14T22:17:48.328
17173,588aca26ed1bfc095abf2de16bf97b57,12766,87.0,3,1786720669328,2026-08-14T22:17:49.328
17174,588aca26ed1bfc095abf2de16bf97b57,12767,87.0,3,1786720670328,2026-08-14T22:17:50.328
17175,588aca26ed1bfc095abf2de16bf97b57,12768,87.0,3,1786720671328,2026-08-14T22:17:51.328
17176,588aca26ed1bfc095abf2de16bf97b57,12769,86.0,3,1786720672328,2026-08-14T22:17:52.328
17177,588aca26ed1bfc095abf2de16bf97b57,12770,85.0,3,1786720673328,2026-08-14T22:17:53.328
17178,588aca26ed1bfc095abf2de16bf97b57,12771,85.0,3,1786720674328,2026-08-14T22:17:54.328
17179,588aca26ed1bfc095abf2de16bf97b57,12772,84.0,3,1786720675328,2026-08-14T22:17:55.328
17180,588aca26ed1bfc095abf2de16bf97b57,12773,84.0,3,1786720676328,2026-08-14T22:17:56.328
17181,588aca26ed1bfc095abf2de16bf97b57,12774,85.0,3,1786720677327,2026-08-14T22:17:57.327
17182,588aca26ed1bfc095abf2de16bf97b57,12775,86.0,3,1786720678334,2026-08-14T22:17:58.334
17183,588aca26ed1bfc095abf2de16bf97b57,12776,86.0,3,1786720679334,2026-08-14T22:17:59.334
17184,588aca26ed1bfc095abf2de16bf97b57,12777,86.0,3,1786720680329,2026-08-14T22:18:00.329
17185,588aca26ed1bfc095abf2de16bf97b57,12778,85.0,3,1786720681331,2026-08-14T22:18:01.331
17186,588aca26ed1bfc095abf2de16bf97b57,12779,84.0,3,1786720682330,2026-08-14T22:18:02.330
17187,588aca26ed1bfc095abf2de16bf97b57,12780,83.0,3,1786720683334,2026-08-14T22:18:03.334
17188,588aca26ed1bfc095abf2de16bf97b57,12781,83.0,3,1786720684335,2026-08-14T22:18:04.335
17189,588aca26ed1bfc095abf2de16bf97b57,12782,83.0,3,1786720685328,2026-08-14T22:18:05.328
17190,588aca26ed1bfc095abf2de16bf97b57,12783,82.0,3,1786720686329,2026-08-14T22:18:06.329
17191,588aca26ed1bfc095abf2de16bf97b57,12784,83.0,3,1786720687328,2026-08-14T22:18:07.328
17192,588aca26ed1bfc095abf2de16bf97b57,12785,83.0,3,1786720688327,2026-08-14T22:18:08.327
17193,588aca26ed1bfc095abf2de16bf97b57,12786,83.0,3,1786720689328,2026-08-14T22:18:09.328
17194,588aca26ed1bfc095abf2de16bf97b57,12787,83.0,3,1786720690329,2026-08-14T22:18:10.329
17195,588aca26ed1bfc095abf2de16bf97b57,12788,83.0,3,1786720691330,2026-08-14T22:18:11.330
17196,588aca26ed1bfc095abf2de16bf97b57,12789,83.0,3,1786720692330,2026-08-14T22:18:12.330
17197,588aca26ed1bfc095abf2de16bf97b57,12790,84.0,3,1786720693330,2026-08-14T22:18:13.330
17198,588aca26ed1bfc095abf2de16bf97b57,12791,84.0,3,1786720694328,2026-08-14T22:18:14.328
17199,588aca26ed1bfc095abf2de16bf97b57,12792,84.0,3,1786720695327,2026-08-14T22:18:15.327
17200,588aca26ed1bfc095abf2de16bf97b57,12793,84.0,3,1786720696328,2026-08-14T22:18:16.328
17201,588aca26ed1bfc095abf2de16bf97b57,12794,85.0,3,1786720697328,2026-08-14T22:18:17.328
17202,588aca26ed1bfc095abf2de16bf97b57,12795,86.0,3,1786720698328,2026-08-14T22:18:18.328
17203,588aca26ed1bfc095abf2de16bf97b57,12796,85.0,3,1786720699328,2026-08-14T22:18:19.328
17204,588aca26ed1bfc095abf2de16bf97b57,12797,87.0,3,1786720700327,2026-08-14T22:18:20.327
17205,588aca26ed1bfc095abf2de16bf97b57,12798,87.0,3,1786720701328,2026-08-14T22:18:21.328
17206,588aca26ed1bfc095abf2de16bf97b57,12799,87.0,3,1786720702328,2026-08-14T22:18:22.328
17207,588aca26ed1bfc095abf2de16bf97b57,12800,86.0,3,1786720703328,2026-08-14T22:18:23.328
17208,588aca26ed1bfc095abf2de16bf97b57,12801,86.0,3,1786720704328,2026-08-14T22:18:24.328
17209,588aca26ed1bfc095abf2de16bf97b57,12802,85.0,3,1786720705328,2026-08-14T22:18:25.328
17210,588aca26ed1bfc095abf2de16bf97b57,12803,85.0,3,1786720706328,2026-08-14T22:18:26.328
17211,588aca26ed1bfc095abf2de16bf97b57,12804,85.0,3,1786720707328,2026-08-14T22:18:27.328
17212,588aca26ed1bfc095abf2de16bf97b57,12805,85.0,3,1786720708329,2026-08-14T22:18:28.329
17213,588aca26ed1bfc095abf2de16bf97b57,12806,86.0,3,1786720709328,2026-08-14T22:18:29.328
17214,588aca26ed1bfc095abf2de16bf97b57,12807,86.0,3,1786720710328,2026-08-14T22:18:30.328
17215,588aca26ed1bfc095abf2de16bf97b57,12808,87.0,3,1786720711328,2026-08-14T22:18:31.328
17216,588aca26ed1bfc095abf2de16bf97b57,12809,88.0,3,1786720712328,2026-08-14T22:18:32.328
17217,588aca26ed1bfc095abf2de16bf97b57,12810,87.0,3,1786720713328,2026-08-14T22:18:33.328
17218,588aca26ed1bfc095abf2de16bf97b57,12811,86.0,3,1786720714327,2026-08-14T22:18:34.327
17219,588aca26ed1bfc095abf2de16bf97b57,12812,85.0,3,1786720715328,2026-08-14T22:18:35.328
17220,588aca26ed1bfc095abf2de16bf97b57,12813,85.0,3,1786720716328,2026-08-14T22:18:36.328
17221,588aca26ed1bfc095abf2de16bf97b57,12814,86.0,3,1786720717328,2026-08-14T22:18:37.328
17222,588aca26ed1bfc095abf2de16bf97b57,12815,85.0,3,1786720718335,2026-08-14T22:18:38.335
17223,588aca26ed1bfc095abf2de16bf97b57,12816,85.0,3,1786720719337,2026-08-14T22:18:39.337
17224,588aca26ed1bfc095abf2de16bf97b57,12817,86.0,3,1786720720335,2026-08-14T22:18:40.335
17225,588aca26ed1bfc095abf2de16bf97b57,12818,86.0,3,1786720721334,2026-08-14T22:18:41.334
17226,588aca26ed1bfc095abf2de16bf97b57,12819,86.0,3,1786720722334,2026-08-14T22:18:42.334
17227,588aca26ed1bfc095abf2de16bf97b57,12820,87.0,3,1786720723328,2026-08-14T22:18:43.328
17228,588aca26ed1bfc095abf2de16bf97b57,12821,88.0,3,1786720724333,2026-08-14T22:18:44.333
17229,588aca26ed1bfc095abf2de16bf97b57,12822,89.0,3,1786720725333,2026-08-14T22:18:45.333
17230,588aca26ed1bfc095abf2de16bf97b57,12823,89.0,3,1786720726329,2026-08-14T22:18:46.329
17231,588aca26ed1bfc095abf2de16bf97b57,12824,88.0,3,1786720727328,2026-08-14T22:18:47.328
17232,588aca26ed1bfc095abf2de16bf97b57,12825,87.0,3,1786720728327,2026-08-14T22:18:48.327
17233,588aca26ed1bfc095abf2de16bf97b57,12826,88.0,3,1786720729329,2026-08-14T22:18:49.329
17234,588aca26ed1bfc095abf2de16bf97b57,12827,88.0,3,1786720730328,2026-08-14T22:18:50.328
17235,588aca26ed1bfc095abf2de16bf97b57,12828,87.0,3,1786720731328,2026-08-14T22:18:51.328
17236,588aca26ed1bfc095abf2de16bf97b57,12829,86.0,3,1786720732328,2026-08-14T22:18:52.328
17237,588aca26ed1bfc095abf2de16bf97b57,12830,85.0,3,1786720733327,2026-08-14T22:18:53.327
17238,588aca26ed1bfc095abf2de16bf97b57,12831,84.0,3,1786720734328,2026-08-14T22:18:54.328
17239,588aca26ed1bfc095abf2de16bf97b57,12832,84.0,3,1786720735327,2026-08-14T22:18:55.327
17240,588aca26ed1bfc095abf2de16bf97b57,12833,84.0,3,1786720736328,2026-08-14T22:18:56.328
17241,588aca26ed1bfc095abf2de16bf97b57,12834,85.0,3,1786720737328,2026-08-14T22:18:57.328
17242,588aca26ed1bfc095abf2de16bf97b57,12835,86.0,3,1786720738328,2026-08-14T22:18:58.328
17243,588aca26ed1bfc095abf2de16bf97b57,12836,86.0,3,1786720739328,2026-08-14T22:18:59.328
17244,588aca26ed1bfc095abf2de16bf97b57,12837,88.0,3,1786720740328,2026-08-14T22:19:00.328
17245,588aca26ed1bfc095abf2de16bf97b57,12838,89.0,3,1786720741328,2026-08-14T22:19:01.328
17246,588aca26ed1bfc095abf2de16bf97b57,12839,89.0,3,1786720742328,2026-08-14T22:19:02.328
17247,588aca26ed1bfc095abf2de16bf97b57,12840,90.0,3,1786720743329,2026-08-14T22:19:03.329
17248,588aca26ed1bfc095abf2de16bf97b57,12841,92.0,3,1786720744328,2026-08-14T22:19:04.328
17249,588aca26ed1bfc095abf2de16bf97b57,12842,93.0,3,1786720745328,2026-08-14T22:19:05.328
17250,588aca26ed1bfc095abf2de16bf97b57,12843,94.0,3,1786720746339,2026-08-14T22:19:06.339
17251,588aca26ed1bfc095abf2de16bf97b57,12844,96.0,3,1786720747335,2026-08-14T22:19:07.335
17252,588aca26ed1bfc095abf2de16bf97b57,12845,97.0,3,1786720748332,2026-08-14T22:19:08.332
17253,588aca26ed1bfc095abf2de16bf97b57,12846,98.0,3,1786720749331,2026-08-14T22:19:09.331
17254,588aca26ed1bfc095abf2de16bf97b57,12847,98.0,3,1786720750329,2026-08-14T22:19:10.329
17255,588aca26ed1bfc095abf2de16bf97b57,12848,96.0,3,1786720751328,2026-08-14T22:19:11.328
17256,588aca26ed1bfc095abf2de16bf97b57,12849,96.0,3,1786720752327,2026-08-14T22:19:12.327
17257,588aca26ed1bfc095abf2de16bf97b57,12850,95.0,3,1786720753328,2026-08-14T22:19:13.328
17258,588aca26ed1bfc095abf2de16bf97b57,12851,95.0,3,1786720754328,2026-08-14T22:19:14.328
17259,588aca26ed1bfc095abf2de16bf97b57,12852,95.0,3,1786720755330,2026-08-14T22:19:15.330
17260,588aca26ed1bfc095abf2de16bf97b57,12853,95.0,3,1786720756327,2026-08-14T22:19:16.327
17261,588aca26ed1bfc095abf2de16bf97b57,12854,94.0,3,1786720757328,2026-08-14T22:19:17.328
17262,588aca26ed1bfc095abf2de16bf97b57,12855,95.0,3,1786720758327,2026-08-14T22:19:18.327
17263,588aca26ed1bfc095abf2de16bf97b57,12856,96.0,3,1786720759327,2026-08-14T22:19:19.327
17264,588aca26ed1bfc095abf2de16bf97b57,12857,96.0,3,1786720760328,2026-08-14T22:19:20.328
17265,588aca26ed1bfc095abf2de16bf97b57,12858,96.0,3,1786720761328,2026-08-14T22:19:21.328
17266,588aca26ed1bfc095abf2de16bf97b57,12859,95.0,3,1786720762328,2026-08-14T22:19:22.328
17267,588aca26ed1bfc095abf2de16bf97b57,12860,94.0,3,1786720763328,2026-08-14T22:19:23.328
17268,588aca26ed1bfc095abf2de16bf97b57,12861,93.0,3,1786720764328,2026-08-14T22:19:24.328
17269,588aca26ed1bfc095abf2de16bf97b57,12862,93.0,3,1786720765335,2026-08-14T22:19:25.335
17270,588aca26ed1bfc095abf2de16bf97b57,12863,93.0,3,1786720766329,2026-08-14T22:19:26.329
17271,588aca26ed1bfc095abf2de16bf97b57,12864,93.0,3,1786720767329,2026-08-14T22:19:27.329
17272,588aca26ed1bfc095abf2de16bf97b57,12865,92.0,3,1786720768328,2026-08-14T22:19:28.328
17273,588aca26ed1bfc095abf2de16bf97b57,12866,91.0,3,1786720769329,2026-08-14T22:19:29.329
17274,588aca26ed1bfc095abf2de16bf97b57,12867,91.0,3,1786720770328,2026-08-14T22:19:30.328
17275,588aca26ed1bfc095abf2de16bf97b57,12868,90.0,3,1786720771328,2026-08-14T22:19:31.328
17276,588aca26ed1bfc095abf2de16bf97b57,12869,89.0,3,1786720772328,2026-08-14T22:19:32.328
17277,588aca26ed1bfc095abf2de16bf97b57,12870,89.0,3,1786720773328,2026-08-14T22:19:33.328
17278,588aca26ed1bfc095abf2de16bf97b57,12871,89.0,3,1786720774328,2026-08-14T22:19:34.328
17279,588aca26ed1bfc095abf2de16bf97b57,12872,88.0,3,1786720775329,2026-08-14T22:19:35.329
17280,588aca26ed1bfc095abf2de16bf97b57,12873,87.0,3,1786720776328,2026-08-14T22:19:36.328
17281,588aca26ed1bfc095abf2de16bf97b57,12874,87.0,3,1786720777327,2026-08-14T22:19:37.327
17282,588aca26ed1bfc095abf2de16bf97b57,12875,86.0,3,1786720778328,2026-08-14T22:19:38.328
17283,588aca26ed1bfc095abf2de16bf97b57,12876,85.0,3,1786720779328,2026-08-14T22:19:39.328
17284,588aca26ed1bfc095abf2de16bf97b57,12877,86.0,3,1786720780328,2026-08-14T22:19:40.328
17285,588aca26ed1bfc095abf2de16bf97b57,12878,88.0,3,1786720781339,2026-08-14T22:19:41.339
17286,588aca26ed1bfc095abf2de16bf97b57,12879,90.0,3,1786720782331,2026-08-14T22:19:42.331
17287,588aca26ed1bfc095abf2de16bf97b57,12880,92.0,3,1786720783337,2026-08-14T22:19:43.337
17288,588aca26ed1bfc095abf2de16bf97b57,12881,92.0,3,1786720784337,2026-08-14T22:19:44.337
17289,588aca26ed1bfc095abf2de16bf97b57,12882,92.0,3,1786720785336,2026-08-14T22:19:45.336
17290,588aca26ed1bfc095abf2de16bf97b57,12883,93.0,3,1786720786335,2026-08-14T22:19:46.335
17291,588aca26ed1bfc095abf2de16bf97b57,12884,93.0,3,1786720787335,2026-08-14T22:19:47.335
17292,588aca26ed1bfc095abf2de16bf97b57,12885,93.0,3,1786720788333,2026-08-14T22:19:48.333
17293,588aca26ed1bfc095abf2de16bf97b57,12886,93.0,3,1786720789330,2026-08-14T22:19:49.330
17294,588aca26ed1bfc095abf2de16bf97b57,12887,93.0,3,1786720790334,2026-08-14T22:19:50.334
17295,588aca26ed1bfc095abf2de16bf97b57,12888,94.0,3,1786720791332,2026-08-14T22:19:51.332
17296,588aca26ed1bfc095abf2de16bf97b57,12889,95.0,3,1786720792335,2026-08-14T22:19:52.335
17297,588aca26ed1bfc095abf2de16bf97b57,12890,96.0,3,1786720793330,2026-08-14T22:19:53.330
17298,588aca26ed1bfc095abf2de16bf97b57,12891,97.0,3,1786720794333,2026-08-14T22:19:54.333
17299,588aca26ed1bfc095abf2de16bf97b57,12892,97.0,3,1786720795333,2026-08-14T22:19:55.333
17300,588aca26ed1bfc095abf2de16bf97b57,12893,98.0,3,1786720796330,2026-08-14T22:19:56.330
17301,588aca26ed1bfc095abf2de16bf97b57,12894,99.0,3,1786720797331,2026-08-14T22:19:57.331
17302,588aca26ed1bfc095abf2de16bf97b57,12895,99.0,3,1786720798327,2026-08-14T22:19:58.327
17303,588aca26ed1bfc095abf2de16bf97b57,12896,98.0,3,1786720799328,2026-08-14T22:19:59.328
17304,588aca26ed1bfc095abf2de16bf97b57,12897,97.0,3,1786720800328,2026-08-14T22:20:00.328
17305,588aca26ed1bfc095abf2de16bf97b57,12898,96.0,3,1786720801329,2026-08-14T22:20:01.329
17306,588aca26ed1bfc095abf2de16bf97b57,12899,96.0,3,1786720802329,2026-08-14T22:20:02.329
17307,588aca26ed1bfc095abf2de16bf97b57,12900,96.0,3,1786720803328,2026-08-14T22:20:03.328
17308,588aca26ed1bfc095abf2de16bf97b57,12901,96.0,3,1786720804328,2026-08-14T22:20:04.328
17309,588aca26ed1bfc095abf2de16bf97b57,12902,96.0,3,1786720805328,2026-08-14T22:20:05.328
17310,588aca26ed1bfc095abf2de16bf97b57,12903,96.0,3,1786720806328,2026-08-14T22:20:06.328
17311,588aca26ed1bfc095abf2de16bf97b57,12904,96.0,3,1786720807328,2026-08-14T22:20:07.328
17312,588aca26ed1bfc095abf2de16bf97b57,12905,96.0,3,1786720808328,2026-08-14T22:20:08.328
17313,588aca26ed1bfc095abf2de16bf97b57,12906,94.0,3,1786720809329,2026-08-14T22:20:09.329
17314,588aca26ed1bfc095abf2de16bf97b57,12907,93.0,3,1786720810335,2026-08-14T22:20:10.335
17315,588aca26ed1bfc095abf2de16bf97b57,12908,92.0,3,1786720811336,2026-08-14T22:20:11.336
17316,588aca26ed1bfc095abf2de16bf97b57,12909,92.0,3,1786720812335,2026-08-14T22:20:12.335
17317,588aca26ed1bfc095abf2de16bf97b57,12910,93.0,3,1786720813330,2026-08-14T22:20:13.330
17318,588aca26ed1bfc095abf2de16bf97b57,12911,94.0,3,1786720814331,2026-08-14T22:20:14.331
17319,588aca26ed1bfc095abf2de16bf97b57,12912,95.0,3,1786720815328,2026-08-14T22:20:15.328
17320,588aca26ed1bfc095abf2de16bf97b57,12913,95.0,3,1786720816328,2026-08-14T22:20:16.328
17321,588aca26ed1bfc095abf2de16bf97b57,12914,94.0,3,1786720817328,2026-08-14T22:20:17.328
17322,588aca26ed1bfc095abf2de16bf97b57,12915,93.0,3,1786720818329,2026-08-14T22:20:18.329
17323,588aca26ed1bfc095abf2de16bf97b57,12916,93.0,3,1786720819329,2026-08-14T22:20:19.329
17324,588aca26ed1bfc095abf2de16bf97b57,12917,93.0,3,1786720820328,2026-08-14T22:20:20.328
17325,588aca26ed1bfc095abf2de16bf97b57,12918,93.0,3,1786720821328,2026-08-14T22:20:21.328
17326,588aca26ed1bfc095abf2de16bf97b57,12919,91.0,3,1786720822328,2026-08-14T22:20:22.328
17327,588aca26ed1bfc095abf2de16bf97b57,12920,89.0,3,1786720823328,2026-08-14T22:20:23.328
17328,588aca26ed1bfc095abf2de16bf97b57,12921,87.0,3,1786720824328,2026-08-14T22:20:24.328
17329,588aca26ed1bfc095abf2de16bf97b57,12922,86.0,3,1786720825327,2026-08-14T22:20:25.327
17330,588aca26ed1bfc095abf2de16bf97b57,12923,85.0,3,1786720826328,2026-08-14T22:20:26.328
17331,588aca26ed1bfc095abf2de16bf97b57,12924,84.0,3,1786720827328,2026-08-14T22:20:27.328
17332,588aca26ed1bfc095abf2de16bf97b57,12925,84.0,3,1786720828328,2026-08-14T22:20:28.328
17333,588aca26ed1bfc095abf2de16bf97b57,12926,84.0,3,1786720829329,2026-08-14T22:20:29.329
17334,588aca26ed1bfc095abf2de16bf97b57,12927,84.0,3,1786720830328,2026-08-14T22:20:30.328
17335,588aca26ed1bfc095abf2de16bf97b57,12928,84.0,3,1786720831328,2026-08-14T22:20:31.328
17336,588aca26ed1bfc095abf2de16bf97b57,12929,85.0,3,1786720832328,2026-08-14T22:20:32.328
17337,588aca26ed1bfc095abf2de16bf97b57,12930,85.0,3,1786720833328,2026-08-14T22:20:33.328
17338,588aca26ed1bfc095abf2de16bf97b57,12931,85.0,3,1786720834328,2026-08-14T22:20:34.328
17339,588aca26ed1bfc095abf2de16bf97b57,12932,87.0,3,1786720835328,2026-08-14T22:20:35.328
17340,588aca26ed1bfc095abf2de16bf97b57,12933,88.0,3,1786720836329,2026-08-14T22:20:36.329
17341,588aca26ed1bfc095abf2de16bf97b57,12934,88.0,3,1786720837329,2026-08-14T22:20:37.329
17342,588aca26ed1bfc095abf2de16bf97b57,12935,89.0,3,1786720838334,2026-08-14T22:20:38.334
17343,588aca26ed1bfc095abf2de16bf97b57,12936,88.0,3,1786720839336,2026-08-14T22:20:39.336
17344,588aca26ed1bfc095abf2de16bf97b57,12937,91.0,3,1786720840335,2026-08-14T22:20:40.335
17345,588aca26ed1bfc095abf2de16bf97b57,12938,93.0,3,1786720841334,2026-08-14T22:20:41.334
17346,588aca26ed1bfc095abf2de16bf97b57,12939,96.0,3,1786720842333,2026-08-14T22:20:42.333
17347,588aca26ed1bfc095abf2de16bf97b57,12940,95.0,3,1786720843334,2026-08-14T22:20:43.334
17348,588aca26ed1bfc095abf2de16bf97b57,12941,95.0,3,1786720844328,2026-08-14T22:20:44.328
17349,588aca26ed1bfc095abf2de16bf97b57,12942,96.0,3,1786720845329,2026-08-14T22:20:45.329
17350,588aca26ed1bfc095abf2de16bf97b57,12943,97.0,3,1786720846327,2026-08-14T22:20:46.327
17351,588aca26ed1bfc095abf2de16bf97b57,12944,97.0,3,1786720847327,2026-08-14T22:20:47.327
17352,588aca26ed1bfc095abf2de16bf97b57,12945,96.0,3,1786720848327,2026-08-14T22:20:48.327
17353,588aca26ed1bfc095abf2de16bf97b57,12946,98.0,3,1786720849327,2026-08-14T22:20:49.327
17354,588aca26ed1bfc095abf2de16bf97b57,12947,97.0,3,1786720850328,2026-08-14T22:20:50.328
17355,588aca26ed1bfc095abf2de16bf97b57,12948,99.0,3,1786720851329,2026-08-14T22:20:51.329
17356,588aca26ed1bfc095abf2de16bf97b57,12949,97.0,3,1786720852329,2026-08-14T22:20:52.329
17357,588aca26ed1bfc095abf2de16bf97b57,12950,97.0,3,1786720853337,2026-08-14T22:20:53.337
17358,588aca26ed1bfc095abf2de16bf97b57,12951,96.0,3,1786720854331,2026-08-14T22:20:54.331
17359,588aca26ed1bfc095abf2de16bf97b57,12952,98.0,3,1786720855328,2026-08-14T22:20:55.328
17360,588aca26ed1bfc095abf2de16bf97b57,12953,99.0,3,1786720856342,2026-08-14T22:20:56.342
17361,588aca26ed1bfc095abf2de16bf97b57,12954,100.0,3,1786720857328,2026-08-14T22:20:57.328
17362,588aca26ed1bfc095abf2de16bf97b57,12955,102.0,3,1786720858328,2026-08-14T22:20:58.328
17363,588aca26ed1bfc095abf2de16bf97b57,12956,103.0,3,1786720859328,2026-08-14T22:20:59.328
17364,588aca26ed1bfc095abf2de16bf97b57,12957,104.0,3,1786720860328,2026-08-14T22:21:00.328
17365,588aca26ed1bfc095abf2de16bf97b57,12958,105.0,3,1786720861328,2026-08-14T22:21:01.328
17366,588aca26ed1bfc095abf2de16bf97b57,12959,105.0,3,1786720862336,2026-08-14T22:21:02.336
17367,588aca26ed1bfc095abf2de16bf97b57,12960,105.0,3,1786720863328,2026-08-14T22:21:03.328
17368,588aca26ed1bfc095abf2de16bf97b57,12961,105.0,3,1786720864327,2026-08-14T22:21:04.327
17369,588aca26ed1bfc095abf2de16bf97b57,12962,104.0,3,1786720865327,2026-08-14T22:21:05.327
17370,588aca26ed1bfc095abf2de16bf97b57,12963,104.0,3,1786720866329,2026-08-14T22:21:06.329
17371,588aca26ed1bfc095abf2de16bf97b57,12964,103.0,3,1786720867335,2026-08-14T22:21:07.335
17372,588aca26ed1bfc095abf2de16bf97b57,12965,105.0,3,1786720868336,2026-08-14T22:21:08.336
17373,588aca26ed1bfc095abf2de16bf97b57,12966,106.0,3,1786720869332,2026-08-14T22:21:09.332
17374,588aca26ed1bfc095abf2de16bf97b57,12967,106.0,3,1786720870333,2026-08-14T22:21:10.333
17375,588aca26ed1bfc095abf2de16bf97b57,12968,104.0,3,1786720871330,2026-08-14T22:21:11.330
17376,588aca26ed1bfc095abf2de16bf97b57,12969,104.0,3,1786720872330,2026-08-14T22:21:12.330
17377,588aca26ed1bfc095abf2de16bf97b57,12970,105.0,3,1786720873329,2026-08-14T22:21:13.329
17378,588aca26ed1bfc095abf2de16bf97b57,12971,105.0,3,1786720874328,2026-08-14T22:21:14.328
17379,588aca26ed1bfc095abf2de16bf97b57,12972,104.0,3,1786720875330,2026-08-14T22:21:15.330
17380,588aca26ed1bfc095abf2de16bf97b57,12973,105.0,3,1786720876328,2026-08-14T22:21:16.328
17381,588aca26ed1bfc095abf2de16bf97b57,12974,105.0,3,1786720877329,2026-08-14T22:21:17.329
17382,588aca26ed1bfc095abf2de16bf97b57,12975,106.0,3,1786720878330,2026-08-14T22:21:18.330
17383,588aca26ed1bfc095abf2de16bf97b57,12976,106.0,3,1786720879328,2026-08-14T22:21:19.328
17384,588aca26ed1bfc095abf2de16bf97b57,12977,107.0,3,1786720880329,2026-08-14T22:21:20.329
17385,588aca26ed1bfc095abf2de16bf97b57,12978,107.0,3,1786720881329,2026-08-14T22:21:21.329
17386,588aca26ed1bfc095abf2de16bf97b57,12979,107.0,3,1786720882328,2026-08-14T22:21:22.328
17387,588aca26ed1bfc095abf2de16bf97b57,12980,108.0,3,1786720883328,2026-08-14T22:21:23.328
17388,588aca26ed1bfc095abf2de16bf97b57,12981,108.0,3,1786720884328,2026-08-14T22:21:24.328
17389,588aca26ed1bfc095abf2de16bf97b57,12982,108.0,3,1786720885328,2026-08-14T22:21:25.328
17390,588aca26ed1bfc095abf2de16bf97b57,12983,109.0,3,1786720886328,2026-08-14T22:21:26.328
17391,588aca26ed1bfc095abf2de16bf97b57,12984,108.0,3,1786720887327,2026-08-14T22:21:27.327
17392,588aca26ed1bfc095abf2de16bf97b57,12985,107.0,3,1786720888328,2026-08-14T22:21:28.328
17393,588aca26ed1bfc095abf2de16bf97b57,12986,105.0,3,1786720889328,2026-08-14T22:21:29.328
17394,588aca26ed1bfc095abf2de16bf97b57,12987,103.0,3,1786720890329,2026-08-14T22:21:30.329
17395,588aca26ed1bfc095abf2de16bf97b57,12988,100.0,3,1786720891328,2026-08-14T22:21:31.328
17396,588aca26ed1bfc095abf2de16bf97b57,12989,98.0,3,1786720892329,2026-08-14T22:21:32.329
17397,588aca26ed1bfc095abf2de16bf97b57,12990,98.0,3,1786720893330,2026-08-14T22:21:33.330
17398,588aca26ed1bfc095abf2de16bf97b57,12991,98.0,3,1786720894328,2026-08-14T22:21:34.328
17399,588aca26ed1bfc095abf2de16bf97b57,12992,99.0,3,1786720895328,2026-08-14T22:21:35.328
17400,588aca26ed1bfc095abf2de16bf97b57,12993,100.0,3,1786720896327,2026-08-14T22:21:36.327
17401,588aca26ed1bfc095abf2de16bf97b57,12994,100.0,3,1786720897328,2026-08-14T22:21:37.328
17402,588aca26ed1bfc095abf2de16bf97b57,12995,98.0,3,1786720898327,2026-08-14T22:21:38.327
17403,588aca26ed1bfc095abf2de16bf97b57,12996,97.0,3,1786720899328,2026-08-14T22:21:39.328
17404,588aca26ed1bfc095abf2de16bf97b57,12997,95.0,3,1786720900328,2026-08-14T22:21:40.328
17405,588aca26ed1bfc095abf2de16bf97b57,12998,95.0,3,1786720901328,2026-08-14T22:21:41.328
17406,588aca26ed1bfc095abf2de16bf97b57,12999,97.0,3,1786720902328,2026-08-14T22:21:42.328
17407,588aca26ed1bfc095abf2de16bf97b57,13000,98.0,3,1786720903328,2026-08-14T22:21:43.328
17408,588aca26ed1bfc095abf2de16bf97b57,13001,98.0,3,1786720904328,2026-08-14T22:21:44.328
17409,588aca26ed1bfc095abf2de16bf97b57,13002,99.0,3,1786720905328,2026-08-14T22:21:45.328
17410,588aca26ed1bfc095abf2de16bf97b57,13003,98.0,3,1786720906328,2026-08-14T22:21:46.328
17411,588aca26ed1bfc095abf2de16bf97b57,13004,98.0,3,1786720907328,2026-08-14T22:21:47.328
17412,588aca26ed1bfc095abf2de16bf97b57,13005,100.0,3,1786720908327,2026-08-14T22:21:48.327
17413,588aca26ed1bfc095abf2de16bf97b57,13006,100.0,3,1786720909327,2026-08-14T22:21:49.327
17414,588aca26ed1bfc095abf2de16bf97b57,13007,100.0,3,1786720910329,2026-08-14T22:21:50.329
17415,588aca26ed1bfc095abf2de16bf97b57,13008,98.0,3,1786720911335,2026-08-14T22:21:51.335
17416,588aca26ed1bfc095abf2de16bf97b57,13009,97.0,3,1786720912334,2026-08-14T22:21:52.334
17417,588aca26ed1bfc095abf2de16bf97b57,13010,96.0,3,1786720913332,2026-08-14T22:21:53.332
17418,588aca26ed1bfc095abf2de16bf97b57,13011,94.0,3,1786720914331,2026-08-14T22:21:54.331
17419,588aca26ed1bfc095abf2de16bf97b57,13012,93.0,3,1786720915330,2026-08-14T22:21:55.330
17420,588aca26ed1bfc095abf2de16bf97b57,13013,92.0,3,1786720916328,2026-08-14T22:21:56.328
17421,588aca26ed1bfc095abf2de16bf97b57,13014,91.0,3,1786720917328,2026-08-14T22:21:57.328
17422,588aca26ed1bfc095abf2de16bf97b57,13015,90.0,3,1786720918328,2026-08-14T22:21:58.328
17423,588aca26ed1bfc095abf2de16bf97b57,13016,89.0,3,1786720919328,2026-08-14T22:21:59.328
17424,588aca26ed1bfc095abf2de16bf97b57,13017,89.0,3,1786720920330,2026-08-14T22:22:00.330
17425,588aca26ed1bfc095abf2de16bf97b57,13018,89.0,3,1786720921329,2026-08-14T22:22:01.329
17426,588aca26ed1bfc095abf2de16bf97b57,13019,88.0,3,1786720922330,2026-08-14T22:22:02.330
17427,588aca26ed1bfc095abf2de16bf97b57,13020,87.0,3,1786720923329,2026-08-14T22:22:03.329
17428,588aca26ed1bfc095abf2de16bf97b57,13021,87.0,3,1786720924331,2026-08-14T22:22:04.331
17429,588aca26ed1bfc095abf2de16bf97b57,13022,86.0,3,1786720925340,2026-08-14T22:22:05.340
17430,588aca26ed1bfc095abf2de16bf97b57,13023,85.0,3,1786720926328,2026-08-14T22:22:06.328
17431,588aca26ed1bfc095abf2de16bf97b57,13024,84.0,3,1786720927328,2026-08-14T22:22:07.328
17432,588aca26ed1bfc095abf2de16bf97b57,13025,83.0,3,1786720928328,2026-08-14T22:22:08.328
17433,588aca26ed1bfc095abf2de16bf97b57,13026,84.0,3,1786720929328,2026-08-14T22:22:09.328
17434,588aca26ed1bfc095abf2de16bf97b57,13027,84.0,3,1786720930328,2026-08-14T22:22:10.328
17435,588aca26ed1bfc095abf2de16bf97b57,13028,84.0,3,1786720931328,2026-08-14T22:22:11.328
17436,588aca26ed1bfc095abf2de16bf97b57,13029,85.0,3,1786720932328,2026-08-14T22:22:12.328
17437,588aca26ed1bfc095abf2de16bf97b57,13030,85.0,3,1786720933328,2026-08-14T22:22:13.328
17438,588aca26ed1bfc095abf2de16bf97b57,13031,85.0,3,1786720934328,2026-08-14T22:22:14.328
17439,588aca26ed1bfc095abf2de16bf97b57,13032,86.0,3,1786720935330,2026-08-14T22:22:15.330
17440,588aca26ed1bfc095abf2de16bf97b57,13033,87.0,3,1786720936331,2026-08-14T22:22:16.331
17441,588aca26ed1bfc095abf2de16bf97b57,13034,87.0,3,1786720937338,2026-08-14T22:22:17.338
17442,588aca26ed1bfc095abf2de16bf97b57,13035,86.0,3,1786720938333,2026-08-14T22:22:18.333
17443,588aca26ed1bfc095abf2de16bf97b57,13036,87.0,3,1786720939332,2026-08-14T22:22:19.332
17444,588aca26ed1bfc095abf2de16bf97b57,13037,86.0,3,1786720940336,2026-08-14T22:22:20.336
17445,588aca26ed1bfc095abf2de16bf97b57,13038,86.0,3,1786720941328,2026-08-14T22:22:21.328
17446,588aca26ed1bfc095abf2de16bf97b57,13039,85.0,3,1786720942333,2026-08-14T22:22:22.333
17447,588aca26ed1bfc095abf2de16bf97b57,13040,85.0,3,1786720943332,2026-08-14T22:22:23.332
17448,588aca26ed1bfc095abf2de16bf97b57,13041,84.0,3,1786720944328,2026-08-14T22:22:24.328
17449,588aca26ed1bfc095abf2de16bf97b57,13042,85.0,3,1786720945333,2026-08-14T22:22:25.333
17450,588aca26ed1bfc095abf2de16bf97b57,13043,86.0,3,1786720946328,2026-08-14T22:22:26.328
17451,588aca26ed1bfc095abf2de16bf97b57,13044,87.0,3,1786720947327,2026-08-14T22:22:27.327
17452,588aca26ed1bfc095abf2de16bf97b57,13045,89.0,3,1786720948330,2026-08-14T22:22:28.330
17453,588aca26ed1bfc095abf2de16bf97b57,13046,90.0,3,1786720949329,2026-08-14T22:22:29.329
17454,588aca26ed1bfc095abf2de16bf97b57,13047,91.0,3,1786720950327,2026-08-14T22:22:30.327
17455,588aca26ed1bfc095abf2de16bf97b57,13048,89.0,3,1786720951327,2026-08-14T22:22:31.327
17456,588aca26ed1bfc095abf2de16bf97b57,13049,90.0,3,1786720952328,2026-08-14T22:22:32.328
17457,588aca26ed1bfc095abf2de16bf97b57,13050,90.0,3,1786720953328,2026-08-14T22:22:33.328
17458,588aca26ed1bfc095abf2de16bf97b57,13051,91.0,3,1786720954328,2026-08-14T22:22:34.328
17459,588aca26ed1bfc095abf2de16bf97b57,13052,88.0,3,1786720955334,2026-08-14T22:22:35.334
17460,588aca26ed1bfc095abf2de16bf97b57,13053,88.0,3,1786720956327,2026-08-14T22:22:36.327
17461,588aca26ed1bfc095abf2de16bf97b57,13054,90.0,3,1786720957332,2026-08-14T22:22:37.332
17462,588aca26ed1bfc095abf2de16bf97b57,13055,90.0,3,1786720958328,2026-08-14T22:22:38.328
17463,588aca26ed1bfc095abf2de16bf97b57,13056,91.0,3,1786720959328,2026-08-14T22:22:39.328
17464,588aca26ed1bfc095abf2de16bf97b57,13057,93.0,3,1786720960328,2026-08-14T22:22:40.328
17465,588aca26ed1bfc095abf2de16bf97b57,13058,93.0,3,1786720961328,2026-08-14T22:22:41.328
17466,588aca26ed1bfc095abf2de16bf97b57,13059,92.0,3,1786720962328,2026-08-14T22:22:42.328
17467,588aca26ed1bfc095abf2de16bf97b57,13060,92.0,3,1786720963328,2026-08-14T22:22:43.328
17468,588aca26ed1bfc095abf2de16bf97b57,13061,93.0,3,1786720964330,2026-08-14T22:22:44.330
17469,588aca26ed1bfc095abf2de16bf97b57,13062,94.0,3,1786720965329,2026-08-14T22:22:45.329
17470,588aca26ed1bfc095abf2de16bf97b57,13063,95.0,3,1786720966329,2026-08-14T22:22:46.329
17471,588aca26ed1bfc095abf2de16bf97b57,13064,94.0,3,1786720967330,2026-08-14T22:22:47.330
17472,588aca26ed1bfc095abf2de16bf97b57,13065,96.0,3,1786720968328,2026-08-14T22:22:48.328
17473,588aca26ed1bfc095abf2de16bf97b57,13066,95.0,3,1786720969330,2026-08-14T22:22:49.330
17474,588aca26ed1bfc095abf2de16bf97b57,13067,96.0,3,1786720970330,2026-08-14T22:22:50.330
17475,588aca26ed1bfc095abf2de16bf97b57,13068,96.0,3,1786720971328,2026-08-14T22:22:51.328
17476,588aca26ed1bfc095abf2de16bf97b57,13069,95.0,3,1786720972328,2026-08-14T22:22:52.328
17477,588aca26ed1bfc095abf2de16bf97b57,13070,96.0,3,1786720973327,2026-08-14T22:22:53.327
17478,588aca26ed1bfc095abf2de16bf97b57,13071,97.0,3,1786720974328,2026-08-14T22:22:54.328
17479,588aca26ed1bfc095abf2de16bf97b57,13072,97.0,3,1786720975328,2026-08-14T22:22:55.328
17480,588aca26ed1bfc095abf2de16bf97b57,13073,98.0,3,1786720976328,2026-08-14T22:22:56.328
17481,588aca26ed1bfc095abf2de16bf97b57,13074,98.0,3,1786720977327,2026-08-14T22:22:57.327
17482,588aca26ed1bfc095abf2de16bf97b57,13075,99.0,3,1786720978328,2026-08-14T22:22:58.328
17483,588aca26ed1bfc095abf2de16bf97b57,13076,98.0,3,1786720979328,2026-08-14T22:22:59.328
17484,588aca26ed1bfc095abf2de16bf97b57,13077,98.0,3,1786720980327,2026-08-14T22:23:00.327
17485,588aca26ed1bfc095abf2de16bf97b57,13078,97.0,3,1786720981327,2026-08-14T22:23:01.327
17486,588aca26ed1bfc095abf2de16bf97b57,13079,97.0,3,1786720982328,2026-08-14T22:23:02.328
17487,588aca26ed1bfc095abf2de16bf97b57,13080,97.0,3,1786720983328,2026-08-14T22:23:03.328
17488,588aca26ed1bfc095abf2de16bf97b57,13081,96.0,3,1786720984328,2026-08-14T22:23:04.328
17489,588aca26ed1bfc095abf2de16bf97b57,13082,96.0,3,1786720985328,2026-08-14T22:23:05.328
17490,588aca26ed1bfc095abf2de16bf97b57,13083,95.0,3,1786720986328,2026-08-14T22:23:06.328
17491,588aca26ed1bfc095abf2de16bf97b57,13084,94.0,3,1786720987328,2026-08-14T22:23:07.328
17492,588aca26ed1bfc095abf2de16bf97b57,13085,95.0,3,1786720988329,2026-08-14T22:23:08.329
17493,588aca26ed1bfc095abf2de16bf97b57,13086,96.0,3,1786720989329,2026-08-14T22:23:09.329
17494,588aca26ed1bfc095abf2de16bf97b57,13087,96.0,3,1786720990328,2026-08-14T22:23:10.328
17495,588aca26ed1bfc095abf2de16bf97b57,13088,97.0,3,1786720991327,2026-08-14T22:23:11.327
17496,588aca26ed1bfc095abf2de16bf97b57,13089,98.0,3,1786720992328,2026-08-14T22:23:12.328
17497,588aca26ed1bfc095abf2de16bf97b57,13090,98.0,3,1786720993328,2026-08-14T22:23:13.328
17498,588aca26ed1bfc095abf2de16bf97b57,13091,98.0,3,1786720994327,2026-08-14T22:23:14.327
17499,588aca26ed1bfc095abf2de16bf97b57,13092,100.0,3,1786720995328,2026-08-14T22:23:15.328
17500,588aca26ed1bfc095abf2de16bf97b57,13093,101.0,3,1786720996328,2026-08-14T22:23:16.328
17501,588aca26ed1bfc095abf2de16bf97b57,13094,103.0,3,1786720997328,2026-08-14T22:23:17.328
17502,588aca26ed1bfc095abf2de16bf97b57,13095,105.0,3,1786720998327,2026-08-14T22:23:18.327
17503,588aca26ed1bfc095abf2de16bf97b57,13096,106.0,3,1786720999328,2026-08-14T22:23:19.328
17504,588aca26ed1bfc095abf2de16bf97b57,13097,107.0,3,1786721000328,2026-08-14T22:23:20.328
17505,588aca26ed1bfc095abf2de16bf97b57,13098,107.0,3,1786721001329,2026-08-14T22:23:21.329
17506,588aca26ed1bfc095abf2de16bf97b57,13099,107.0,3,1786721002329,2026-08-14T22:23:22.329
17507,588aca26ed1bfc095abf2de16bf97b57,13100,106.0,3,1786721003337,2026-08-14T22:23:23.337
17508,588aca26ed1bfc095abf2de16bf97b57,13101,108.0,3,1786721004336,2026-08-14T22:23:24.336
17509,588aca26ed1bfc095abf2de16bf97b57,13102,108.0,3,1786721005328,2026-08-14T22:23:25.328
17510,588aca26ed1bfc095abf2de16bf97b57,13103,107.0,3,1786721006337,2026-08-14T22:23:26.337
17511,588aca26ed1bfc095abf2de16bf97b57,13104,108.0,3,1786721007335,2026-08-14T22:23:27.335
17512,588aca26ed1bfc095abf2de16bf97b57,13105,110.0,3,1786721008335,2026-08-14T22:23:28.335
17513,588aca26ed1bfc095abf2de16bf97b57,13106,111.0,3,1786721009333,2026-08-14T22:23:29.333
17514,588aca26ed1bfc095abf2de16bf97b57,13107,110.0,3,1786721010336,2026-08-14T22:23:30.336
17515,588aca26ed1bfc095abf2de16bf97b57,13108,109.0,3,1786721011333,2026-08-14T22:23:31.333
17516,588aca26ed1bfc095abf2de16bf97b57,13109,108.0,3,1786721012330,2026-08-14T22:23:32.330
17517,588aca26ed1bfc095abf2de16bf97b57,13110,107.0,3,1786721013334,2026-08-14T22:23:33.334
17518,588aca26ed1bfc095abf2de16bf97b57,13111,107.0,3,1786721014334,2026-08-14T22:23:34.334
17519,588aca26ed1bfc095abf2de16bf97b57,13112,106.0,3,1786721015334,2026-08-14T22:23:35.334
17520,588aca26ed1bfc095abf2de16bf97b57,13113,104.0,3,1786721016330,2026-08-14T22:23:36.330
17521,588aca26ed1bfc095abf2de16bf97b57,13114,102.0,3,1786721017340,2026-08-14T22:23:37.340
17522,588aca26ed1bfc095abf2de16bf97b57,13115,101.0,3,1786721018332,2026-08-14T22:23:38.332
17523,588aca26ed1bfc095abf2de16bf97b57,13116,101.0,3,1786721019332,2026-08-14T22:23:39.332
17524,588aca26ed1bfc095abf2de16bf97b57,13117,101.0,3,1786721020332,2026-08-14T22:23:40.332
17525,588aca26ed1bfc095abf2de16bf97b57,13118,100.0,3,1786721021332,2026-08-14T22:23:41.332
17526,588aca26ed1bfc095abf2de16bf97b57,13119,100.0,3,1786721022332,2026-08-14T22:23:42.332
17527,588aca26ed1bfc095abf2de16bf97b57,13120,99.0,3,1786721023329,2026-08-14T22:23:43.329
17528,588aca26ed1bfc095abf2de16bf97b57,13121,97.0,3,1786721024331,2026-08-14T22:23:44.331
17529,588aca26ed1bfc095abf2de16bf97b57,13122,96.0,3,1786721025332,2026-08-14T22:23:45.332
17530,588aca26ed1bfc095abf2de16bf97b57,13123,95.0,3,1786721026330,2026-08-14T22:23:46.330
17531,588aca26ed1bfc095abf2de16bf97b57,13124,95.0,3,1786721027331,2026-08-14T22:23:47.331
17532,588aca26ed1bfc095abf2de16bf97b57,13125,94.0,3,1786721028333,2026-08-14T22:23:48.333
17533,588aca26ed1bfc095abf2de16bf97b57,13126,92.0,3,1786721029329,2026-08-14T22:23:49.329
17534,588aca26ed1bfc095abf2de16bf97b57,13127,91.0,3,1786721030331,2026-08-14T22:23:50.331
17535,588aca26ed1bfc095abf2de16bf97b57,13128,89.0,3,1786721031332,2026-08-14T22:23:51.332
17536,588aca26ed1bfc095abf2de16bf97b57,13129,88.0,3,1786721032331,2026-08-14T22:23:52.331
17537,588aca26ed1bfc095abf2de16bf97b57,13130,87.0,3,1786721033332,2026-08-14T22:23:53.332
17538,588aca26ed1bfc095abf2de16bf97b57,13131,86.0,3,1786721034327,2026-08-14T22:23:54.327
17539,588aca26ed1bfc095abf2de16bf97b57,13132,85.0,3,1786721035330,2026-08-14T22:23:55.330
17540,588aca26ed1bfc095abf2de16bf97b57,13133,85.0,3,1786721036330,2026-08-14T22:23:56.330
17541,588aca26ed1bfc095abf2de16bf97b57,13134,85.0,3,1786721037329,2026-08-14T22:23:57.329
17542,588aca26ed1bfc095abf2de16bf97b57,13135,85.0,3,1786721038328,2026-08-14T22:23:58.328
17543,588aca26ed1bfc095abf2de16bf97b57,13136,85.0,3,1786721039327,2026-08-14T22:23:59.327
17544,588aca26ed1bfc095abf2de16bf97b57,13137,85.0,3,1786721040328,2026-08-14T22:24:00.328
17545,588aca26ed1bfc095abf2de16bf97b57,13138,84.0,3,1786721041330,2026-08-14T22:24:01.330
17546,588aca26ed1bfc095abf2de16bf97b57,13139,85.0,3,1786721042327,2026-08-14T22:24:02.327
17547,588aca26ed1bfc095abf2de16bf97b57,13140,85.0,3,1786721043328,2026-08-14T22:24:03.328
17548,588aca26ed1bfc095abf2de16bf97b57,13141,86.0,3,1786721044328,2026-08-14T22:24:04.328
17549,588aca26ed1bfc095abf2de16bf97b57,13142,87.0,3,1786721045328,2026-08-14T22:24:05.328
17550,588aca26ed1bfc095abf2de16bf97b57,13143,87.0,3,1786721046328,2026-08-14T22:24:06.328
17551,588aca26ed1bfc095abf2de16bf97b57,13144,87.0,3,1786721047327,2026-08-14T22:24:07.327
17552,588aca26ed1bfc095abf2de16bf97b57,13145,87.0,3,1786721048328,2026-08-14T22:24:08.328
17553,588aca26ed1bfc095abf2de16bf97b57,13146,87.0,3,1786721049328,2026-08-14T22:24:09.328
17554,588aca26ed1bfc095abf2de16bf97b57,13147,87.0,3,1786721050327,2026-08-14T22:24:10.327
17555,588aca26ed1bfc095abf2de16bf97b57,13148,87.0,3,1786721051327,2026-08-14T22:24:11.327
17556,588aca26ed1bfc095abf2de16bf97b57,13149,88.0,3,1786721052327,2026-08-14T22:24:12.327
17557,588aca26ed1bfc095abf2de16bf97b57,13150,88.0,3,1786721053329,2026-08-14T22:24:13.329
17558,588aca26ed1bfc095abf2de16bf97b57,13151,88.0,3,1786721054327,2026-08-14T22:24:14.327
17559,588aca26ed1bfc095abf2de16bf97b57,13152,88.0,3,1786721055327,2026-08-14T22:24:15.327
17560,588aca26ed1bfc095abf2de16bf97b57,13153,89.0,3,1786721056327,2026-08-14T22:24:16.327
17561,588aca26ed1bfc095abf2de16bf97b57,13154,90.0,3,1786721057327,2026-08-14T22:24:17.327
17562,588aca26ed1bfc095abf2de16bf97b57,13155,92.0,3,1786721058329,2026-08-14T22:24:18.329
17563,588aca26ed1bfc095abf2de16bf97b57,13156,93.0,3,1786721059327,2026-08-14T22:24:19.327
17564,588aca26ed1bfc095abf2de16bf97b57,13157,93.0,3,1786721060331,2026-08-14T22:24:20.331
17565,588aca26ed1bfc095abf2de16bf97b57,13158,92.0,3,1786721061327,2026-08-14T22:24:21.327
17566,588aca26ed1bfc095abf2de16bf97b57,13159,92.0,3,1786721062327,2026-08-14T22:24:22.327
17567,588aca26ed1bfc095abf2de16bf97b57,13160,91.0,3,1786721063334,2026-08-14T22:24:23.334
17568,588aca26ed1bfc095abf2de16bf97b57,13161,90.0,3,1786721064329,2026-08-14T22:24:24.329
17569,588aca26ed1bfc095abf2de16bf97b57,13162,89.0,3,1786721065341,2026-08-14T22:24:25.341
17570,588aca26ed1bfc095abf2de16bf97b57,13163,88.0,3,1786721066328,2026-08-14T22:24:26.328
17571,588aca26ed1bfc095abf2de16bf97b57,13164,87.0,3,1786721067329,2026-08-14T22:24:27.329
17572,588aca26ed1bfc095abf2de16bf97b57,13165,86.0,3,1786721068331,2026-08-14T22:24:28.331
17573,588aca26ed1bfc095abf2de16bf97b57,13166,86.0,3,1786721069334,2026-08-14T22:24:29.334
17574,588aca26ed1bfc095abf2de16bf97b57,13167,85.0,3,1786721070334,2026-08-14T22:24:30.334
17575,588aca26ed1bfc095abf2de16bf97b57,13168,84.0,3,1786721071338,2026-08-14T22:24:31.338
17576,588aca26ed1bfc095abf2de16bf97b57,13169,84.0,3,1786721072334,2026-08-14T22:24:32.334
17577,588aca26ed1bfc095abf2de16bf97b57,13170,83.0,3,1786721073332,2026-08-14T22:24:33.332
17578,588aca26ed1bfc095abf2de16bf97b57,13171,83.0,3,1786721074328,2026-08-14T22:24:34.328
17579,588aca26ed1bfc095abf2de16bf97b57,13172,83.0,3,1786721075330,2026-08-14T22:24:35.330
17580,588aca26ed1bfc095abf2de16bf97b57,13173,83.0,3,1786721076328,2026-08-14T22:24:36.328
17581,588aca26ed1bfc095abf2de16bf97b57,13174,82.0,3,1786721077329,2026-08-14T22:24:37.329
17582,588aca26ed1bfc095abf2de16bf97b57,13175,83.0,3,1786721078329,2026-08-14T22:24:38.329
17583,588aca26ed1bfc095abf2de16bf97b57,13176,83.0,3,1786721079328,2026-08-14T22:24:39.328
17584,588aca26ed1bfc095abf2de16bf97b57,13177,82.0,3,1786721080329,2026-08-14T22:24:40.329
17585,588aca26ed1bfc095abf2de16bf97b57,13178,83.0,3,1786721081328,2026-08-14T22:24:41.328
17586,588aca26ed1bfc095abf2de16bf97b57,13179,83.0,3,1786721082328,2026-08-14T22:24:42.328
17587,588aca26ed1bfc095abf2de16bf97b57,13180,83.0,3,1786721083335,2026-08-14T22:24:43.335
17588,588aca26ed1bfc095abf2de16bf97b57,13181,84.0,3,1786721084328,2026-08-14T22:24:44.328
17589,588aca26ed1bfc095abf2de16bf97b57,13182,86.0,3,1786721085328,2026-08-14T22:24:45.328
17590,588aca26ed1bfc095abf2de16bf97b57,13183,87.0,3,1786721086328,2026-08-14T22:24:46.328
17591,588aca26ed1bfc095abf2de16bf97b57,13184,88.0,3,1786721087328,2026-08-14T22:24:47.328
17592,588aca26ed1bfc095abf2de16bf97b57,13185,88.0,3,1786721088328,2026-08-14T22:24:48.328
17593,588aca26ed1bfc095abf2de16bf97b57,13186,89.0,3,1786721089328,2026-08-14T22:24:49.328
17594,588aca26ed1bfc095abf2de16bf97b57,13187,89.0,3,1786721090328,2026-08-14T22:24:50.328
17595,588aca26ed1bfc095abf2de16bf97b57,13188,90.0,3,1786721091328,2026-08-14T22:24:51.328
17596,588aca26ed1bfc095abf2de16bf97b57,13189,90.0,3,1786721092328,2026-08-14T22:24:52.328
17597,588aca26ed1bfc095abf2de16bf97b57,13190,91.0,3,1786721093328,2026-08-14T22:24:53.328
17598,588aca26ed1bfc095abf2de16bf97b57,13191,91.0,3,1786721094328,2026-08-14T22:24:54.328
17599,588aca26ed1bfc095abf2de16bf97b57,13192,92.0,3,1786721095328,2026-08-14T22:24:55.328
17600,588aca26ed1bfc095abf2de16bf97b57,13193,93.0,3,1786721096328,2026-08-14T22:24:56.328
17601,588aca26ed1bfc095abf2de16bf97b57,13194,94.0,3,1786721097328,2026-08-14T22:24:57.328
17602,588aca26ed1bfc095abf2de16bf97b57,13195,95.0,3,1786721098327,2026-08-14T22:24:58.327
17603,588aca26ed1bfc095abf2de16bf97b57,13196,96.0,3,1786721099328,2026-08-14T22:24:59.328
17604,588aca26ed1bfc095abf2de16bf97b57,13197,97.0,3,1786721100328,2026-08-14T22:25:00.328
17605,588aca26ed1bfc095abf2de16bf97b57,13198,97.0,3,1786721101328,2026-08-14T22:25:01.328
17606,588aca26ed1bfc095abf2de16bf97b57,13199,98.0,3,1786721102332,2026-08-14T22:25:02.332
17607,588aca26ed1bfc095abf2de16bf97b57,13200,99.0,3,1786721103328,2026-08-14T22:25:03.328
17608,588aca26ed1bfc095abf2de16bf97b57,13201,100.0,3,1786721104328,2026-08-14T22:25:04.328
17609,588aca26ed1bfc095abf2de16bf97b57,13202,100.0,3,1786721105328,2026-08-14T22:25:05.328
17610,588aca26ed1bfc095abf2de16bf97b57,13203,99.0,3,1786721106328,2026-08-14T22:25:06.328
17611,588aca26ed1bfc095abf2de16bf97b57,13204,97.0,3,1786721107328,2026-08-14T22:25:07.328
17612,588aca26ed1bfc095abf2de16bf97b57,13205,96.0,3,1786721108328,2026-08-14T22:25:08.328
17613,588aca26ed1bfc095abf2de16bf97b57,13206,96.0,3,1786721109328,2026-08-14T22:25:09.328
17614,588aca26ed1bfc095abf2de16bf97b57,13207,98.0,3,1786721110327,2026-08-14T22:25:10.327
17615,588aca26ed1bfc095abf2de16bf97b57,13208,99.0,3,1786721111328,2026-08-14T22:25:11.328
17616,588aca26ed1bfc095abf2de16bf97b57,13209,100.0,3,1786721112328,2026-08-14T22:25:12.328
17617,588aca26ed1bfc095abf2de16bf97b57,13210,98.0,3,1786721113329,2026-08-14T22:25:13.329
17618,588aca26ed1bfc095abf2de16bf97b57,13211,100.0,3,1786721114328,2026-08-14T22:25:14.328
17619,588aca26ed1bfc095abf2de16bf97b57,13212,102.0,3,1786721115327,2026-08-14T22:25:15.327
17620,588aca26ed1bfc095abf2de16bf97b57,13213,103.0,3,1786721116330,2026-08-14T22:25:16.330
17621,588aca26ed1bfc095abf2de16bf97b57,13214,104.0,3,1786721117332,2026-08-14T22:25:17.332
17622,588aca26ed1bfc095abf2de16bf97b57,13215,105.0,3,1786721118332,2026-08-14T22:25:18.332
17623,588aca26ed1bfc095abf2de16bf97b57,13216,105.0,3,1786721119329,2026-08-14T22:25:19.329
17624,588aca26ed1bfc095abf2de16bf97b57,13217,106.0,3,1786721120330,2026-08-14T22:25:20.330
17625,588aca26ed1bfc095abf2de16bf97b57,13218,107.0,3,1786721121329,2026-08-14T22:25:21.329
17626,588aca26ed1bfc095abf2de16bf97b57,13219,107.0,3,1786721122331,2026-08-14T22:25:22.331
17627,588aca26ed1bfc095abf2de16bf97b57,13220,107.0,3,1786721123330,2026-08-14T22:25:23.330
17628,588aca26ed1bfc095abf2de16bf97b57,13221,107.0,3,1786721124329,2026-08-14T22:25:24.329
17629,588aca26ed1bfc095abf2de16bf97b57,13222,108.0,3,1786721125329,2026-08-14T22:25:25.329
17630,588aca26ed1bfc095abf2de16bf97b57,13223,107.0,3,1786721126328,2026-08-14T22:25:26.328
17631,588aca26ed1bfc095abf2de16bf97b57,13224,107.0,3,1786721127331,2026-08-14T22:25:27.331
17632,588aca26ed1bfc095abf2de16bf97b57,13225,108.0,3,1786721128328,2026-08-14T22:25:28.328
17633,588aca26ed1bfc095abf2de16bf97b57,13226,109.0,3,1786721129331,2026-08-14T22:25:29.331
17634,588aca26ed1bfc095abf2de16bf97b57,13227,109.0,3,1786721130328,2026-08-14T22:25:30.328
17635,588aca26ed1bfc095abf2de16bf97b57,13228,108.0,3,1786721131327,2026-08-14T22:25:31.327
17636,588aca26ed1bfc095abf2de16bf97b57,13229,108.0,3,1786721132328,2026-08-14T22:25:32.328
17637,588aca26ed1bfc095abf2de16bf97b57,13230,107.0,3,1786721133328,2026-08-14T22:25:33.328
17638,588aca26ed1bfc095abf2de16bf97b57,13231,105.0,3,1786721134328,2026-08-14T22:25:34.328
17639,588aca26ed1bfc095abf2de16bf97b57,13232,105.0,3,1786721135328,2026-08-14T22:25:35.328
17640,588aca26ed1bfc095abf2de16bf97b57,13233,106.0,3,1786721136328,2026-08-14T22:25:36.328
17641,588aca26ed1bfc095abf2de16bf97b57,13234,106.0,3,1786721137328,2026-08-14T22:25:37.328
17642,588aca26ed1bfc095abf2de16bf97b57,13235,105.0,3,1786721138328,2026-08-14T22:25:38.328
17643,588aca26ed1bfc095abf2de16bf97b57,13236,104.0,3,1786721139328,2026-08-14T22:25:39.328
17644,588aca26ed1bfc095abf2de16bf97b57,13237,103.0,3,1786721140328,2026-08-14T22:25:40.328
17645,588aca26ed1bfc095abf2de16bf97b57,13238,102.0,3,1786721141329,2026-08-14T22:25:41.329
17646,588aca26ed1bfc095abf2de16bf97b57,13239,99.0,3,1786721142328,2026-08-14T22:25:42.328
17647,588aca26ed1bfc095abf2de16bf97b57,13240,97.0,3,1786721143328,2026-08-14T22:25:43.328
17648,588aca26ed1bfc095abf2de16bf97b57,13241,95.0,3,1786721144328,2026-08-14T22:25:44.328
17649,588aca26ed1bfc095abf2de16bf97b57,13242,93.0,3,1786721145329,2026-08-14T22:25:45.329
17650,588aca26ed1bfc095abf2de16bf97b57,13243,92.0,3,1786721146328,2026-08-14T22:25:46.328
17651,588aca26ed1bfc095abf2de16bf97b57,13244,92.0,3,1786721147328,2026-08-14T22:25:47.328
17652,588aca26ed1bfc095abf2de16bf97b57,13245,92.0,3,1786721148328,2026-08-14T22:25:48.328
17653,588aca26ed1bfc095abf2de16bf97b57,13246,91.0,3,1786721149328,2026-08-14T22:25:49.328
17654,588aca26ed1bfc095abf2de16bf97b57,13247,90.0,3,1786721150329,2026-08-14T22:25:50.329
17655,588aca26ed1bfc095abf2de16bf97b57,13248,89.0,3,1786721151328,2026-08-14T22:25:51.328
17656,588aca26ed1bfc095abf2de16bf97b57,13249,89.0,3,1786721152328,2026-08-14T22:25:52.328
17657,588aca26ed1bfc095abf2de16bf97b57,13250,88.0,3,1786721153328,2026-08-14T22:25:53.328
17658,588aca26ed1bfc095abf2de16bf97b57,13251,87.0,3,1786721154328,2026-08-14T22:25:54.328
17659,588aca26ed1bfc095abf2de16bf97b57,13252,87.0,3,1786721155328,2026-08-14T22:25:55.328
17660,588aca26ed1bfc095abf2de16bf97b57,13253,87.0,3,1786721156327,2026-08-14T22:25:56.327
17661,588aca26ed1bfc095abf2de16bf97b57,13254,87.0,3,1786721157328,2026-08-14T22:25:57.328
17662,588aca26ed1bfc095abf2de16bf97b57,13255,88.0,3,1786721158328,2026-08-14T22:25:58.328
17663,588aca26ed1bfc095abf2de16bf97b57,13256,88.0,3,1786721159329,2026-08-14T22:25:59.329
17664,588aca26ed1bfc095abf2de16bf97b57,13257,89.0,3,1786721160329,2026-08-14T22:26:00.329
17665,588aca26ed1bfc095abf2de16bf97b57,13258,91.0,3,1786721161337,2026-08-14T22:26:01.337
17666,588aca26ed1bfc095abf2de16bf97b57,13259,92.0,3,1786721162336,2026-08-14T22:26:02.336
17667,588aca26ed1bfc095abf2de16bf97b57,13260,92.0,3,1786721163334,2026-08-14T22:26:03.334
17668,588aca26ed1bfc095abf2de16bf97b57,13261,93.0,3,1786721164335,2026-08-14T22:26:04.335
17669,588aca26ed1bfc095abf2de16bf97b57,13262,92.0,3,1786721165336,2026-08-14T22:26:05.336
17670,588aca26ed1bfc095abf2de16bf97b57,13263,91.0,3,1786721166334,2026-08-14T22:26:06.334
17671,588aca26ed1bfc095abf2de16bf97b57,13264,91.0,3,1786721167334,2026-08-14T22:26:07.334
17672,588aca26ed1bfc095abf2de16bf97b57,13265,90.0,3,1786721168327,2026-08-14T22:26:08.327
17673,588aca26ed1bfc095abf2de16bf97b57,13266,92.0,3,1786721169328,2026-08-14T22:26:09.328
17674,588aca26ed1bfc095abf2de16bf97b57,13267,95.0,3,1786721170375,2026-08-14T22:26:10.375
17675,588aca26ed1bfc095abf2de16bf97b57,13268,93.0,3,1786721171328,2026-08-14T22:26:11.328
17676,588aca26ed1bfc095abf2de16bf97b57,13269,92.0,3,1786721172328,2026-08-14T22:26:12.328
17677,588aca26ed1bfc095abf2de16bf97b57,13270,91.0,3,1786721173328,2026-08-14T22:26:13.328
17678,588aca26ed1bfc095abf2de16bf97b57,13271,91.0,3,1786721174328,2026-08-14T22:26:14.328
17679,588aca26ed1bfc095abf2de16bf97b57,13272,92.0,3,1786721175328,2026-08-14T22:26:15.328
17680,588aca26ed1bfc095abf2de16bf97b57,13273,92.0,3,1786721176328,2026-08-14T22:26:16.328
17681,588aca26ed1bfc095abf2de16bf97b57,13274,94.0,3,1786721177328,2026-08-14T22:26:17.328
17682,588aca26ed1bfc095abf2de16bf97b57,13275,97.0,3,1786721178328,2026-08-14T22:26:18.328
17683,588aca26ed1bfc095abf2de16bf97b57,13276,99.0,3,1786721179328,2026-08-14T22:26:19.328
17684,588aca26ed1bfc095abf2de16bf97b57,13277,101.0,3,1786721180329,2026-08-14T22:26:20.329
17685,588aca26ed1bfc095abf2de16bf97b57,13278,103.0,3,1786721181328,2026-08-14T22:26:21.328
17686,588aca26ed1bfc095abf2de16bf97b57,13279,104.0,3,1786721182327,2026-08-14T22:26:22.327
17687,588aca26ed1bfc095abf2de16bf97b57,13280,104.0,3,1786721183328,2026-08-14T22:26:23.328
17688,588aca26ed1bfc095abf2de16bf97b57,13281,106.0,3,1786721184328,2026-08-14T22:26:24.328
17689,588aca26ed1bfc095abf2de16bf97b57,13282,106.0,3,1786721185328,2026-08-14T22:26:25.328
17690,588aca26ed1bfc095abf2de16bf97b57,13283,106.0,3,1786721186329,2026-08-14T22:26:26.329
17691,588aca26ed1bfc095abf2de16bf97b57,13284,106.0,3,1786721187328,2026-08-14T22:26:27.328
17692,588aca26ed1bfc095abf2de16bf97b57,13285,108.0,3,1786721188328,2026-08-14T22:26:28.328
17693,588aca26ed1bfc095abf2de16bf97b57,13286,108.0,3,1786721189334,2026-08-14T22:26:29.334
17694,588aca26ed1bfc095abf2de16bf97b57,13287,107.0,3,1786721190337,2026-08-14T22:26:30.337
17695,588aca26ed1bfc095abf2de16bf97b57,13288,106.0,3,1786721191336,2026-08-14T22:26:31.336
17696,588aca26ed1bfc095abf2de16bf97b57,13289,104.0,3,1786721192336,2026-08-14T22:26:32.336
17697,588aca26ed1bfc095abf2de16bf97b57,13290,101.0,3,1786721193334,2026-08-14T22:26:33.334
17698,588aca26ed1bfc095abf2de16bf97b57,13291,98.0,3,1786721194333,2026-08-14T22:26:34.333
17699,588aca26ed1bfc095abf2de16bf97b57,13292,96.0,3,1786721195331,2026-08-14T22:26:35.331
17700,588aca26ed1bfc095abf2de16bf97b57,13293,94.0,3,1786721196331,2026-08-14T22:26:36.331
17701,588aca26ed1bfc095abf2de16bf97b57,13294,95.0,3,1786721197328,2026-08-14T22:26:37.328
17702,588aca26ed1bfc095abf2de16bf97b57,13295,96.0,3,1786721198336,2026-08-14T22:26:38.336
17703,588aca26ed1bfc095abf2de16bf97b57,13296,97.0,3,1786721199328,2026-08-14T22:26:39.328
17704,588aca26ed1bfc095abf2de16bf97b57,13297,97.0,3,1786721200328,2026-08-14T22:26:40.328
17705,588aca26ed1bfc095abf2de16bf97b57,13298,95.0,3,1786721201329,2026-08-14T22:26:41.329
17706,588aca26ed1bfc095abf2de16bf97b57,13299,94.0,3,1786721202327,2026-08-14T22:26:42.327
17707,588aca26ed1bfc095abf2de16bf97b57,13300,93.0,3,1786721203327,2026-08-14T22:26:43.327
17708,588aca26ed1bfc095abf2de16bf97b57,13301,92.0,3,1786721204328,2026-08-14T22:26:44.328
17709,588aca26ed1bfc095abf2de16bf97b57,13302,90.0,3,1786721205328,2026-08-14T22:26:45.328
17710,588aca26ed1bfc095abf2de16bf97b57,13303,89.0,3,1786721206328,2026-08-14T22:26:46.328
17711,588aca26ed1bfc095abf2de16bf97b57,13304,88.0,3,1786721207327,2026-08-14T22:26:47.327
17712,588aca26ed1bfc095abf2de16bf97b57,13305,88.0,3,1786721208328,2026-08-14T22:26:48.328
17713,588aca26ed1bfc095abf2de16bf97b57,13306,87.0,3,1786721209328,2026-08-14T22:26:49.328
17714,588aca26ed1bfc095abf2de16bf97b57,13307,87.0,3,1786721210329,2026-08-14T22:26:50.329
17715,588aca26ed1bfc095abf2de16bf97b57,13308,87.0,3,1786721211336,2026-08-14T22:26:51.336
17716,588aca26ed1bfc095abf2de16bf97b57,13309,87.0,3,1786721212329,2026-08-14T22:26:52.329
17717,588aca26ed1bfc095abf2de16bf97b57,13310,88.0,3,1786721213335,2026-08-14T22:26:53.335
17718,588aca26ed1bfc095abf2de16bf97b57,13311,88.0,3,1786721214329,2026-08-14T22:26:54.329
17719,588aca26ed1bfc095abf2de16bf97b57,13312,89.0,3,1786721215331,2026-08-14T22:26:55.331
17720,588aca26ed1bfc095abf2de16bf97b57,13313,89.0,3,1786721216328,2026-08-14T22:26:56.328
17721,588aca26ed1bfc095abf2de16bf97b57,13314,89.0,3,1786721217327,2026-08-14T22:26:57.327
17722,588aca26ed1bfc095abf2de16bf97b57,13315,89.0,3,1786721218328,2026-08-14T22:26:58.328
17723,588aca26ed1bfc095abf2de16bf97b57,13316,89.0,3,1786721219327,2026-08-14T22:26:59.327
17724,588aca26ed1bfc095abf2de16bf97b57,13317,90.0,3,1786721220330,2026-08-14T22:27:00.330
17725,588aca26ed1bfc095abf2de16bf97b57,13318,90.0,3,1786721221329,2026-08-14T22:27:01.329
17726,588aca26ed1bfc095abf2de16bf97b57,13319,91.0,3,1786721222329,2026-08-14T22:27:02.329
17727,588aca26ed1bfc095abf2de16bf97b57,13320,92.0,3,1786721223328,2026-08-14T22:27:03.328
17728,588aca26ed1bfc095abf2de16bf97b57,13321,93.0,3,1786721224328,2026-08-14T22:27:04.328
17729,588aca26ed1bfc095abf2de16bf97b57,13322,93.0,3,1786721225329,2026-08-14T22:27:05.329
17730,588aca26ed1bfc095abf2de16bf97b57,13323,92.0,3,1786721226327,2026-08-14T22:27:06.327
17731,588aca26ed1bfc095abf2de16bf97b57,13324,91.0,3,1786721227327,2026-08-14T22:27:07.327
17732,588aca26ed1bfc095abf2de16bf97b57,13325,90.0,3,1786721228327,2026-08-14T22:27:08.327
17733,588aca26ed1bfc095abf2de16bf97b57,13326,89.0,3,1786721229328,2026-08-14T22:27:09.328
17734,588aca26ed1bfc095abf2de16bf97b57,13327,88.0,3,1786721230327,2026-08-14T22:27:10.327
17735,588aca26ed1bfc095abf2de16bf97b57,13328,87.0,3,1786721231331,2026-08-14T22:27:11.331
17736,588aca26ed1bfc095abf2de16bf97b57,13329,87.0,3,1786721232332,2026-08-14T22:27:12.332
17737,588aca26ed1bfc095abf2de16bf97b57,13330,86.0,3,1786721233328,2026-08-14T22:27:13.328
17738,588aca26ed1bfc095abf2de16bf97b57,13331,86.0,3,1786721234333,2026-08-14T22:27:14.333
17739,588aca26ed1bfc095abf2de16bf97b57,13332,86.0,3,1786721235327,2026-08-14T22:27:15.327
17740,588aca26ed1bfc095abf2de16bf97b57,13333,86.0,3,1786721236327,2026-08-14T22:27:16.327
17741,588aca26ed1bfc095abf2de16bf97b57,13334,86.0,3,1786721237328,2026-08-14T22:27:17.328
17742,588aca26ed1bfc095abf2de16bf97b57,13335,86.0,3,1786721238327,2026-08-14T22:27:18.327
17743,588aca26ed1bfc095abf2de16bf97b57,13336,86.0,3,1786721239327,2026-08-14T22:27:19.327
17744,588aca26ed1bfc095abf2de16bf97b57,13337,86.0,3,1786721240327,2026-08-14T22:27:20.327
17745,588aca26ed1bfc095abf2de16bf97b57,13338,86.0,3,1786721241327,2026-08-14T22:27:21.327
17746,588aca26ed1bfc095abf2de16bf97b57,13339,87.0,3,1786721242327,2026-08-14T22:27:22.327
17747,588aca26ed1bfc095abf2de16bf97b57,13340,87.0,3,1786721243327,2026-08-14T22:27:23.327
17748,588aca26ed1bfc095abf2de16bf97b57,13341,87.0,3,1786721244328,2026-08-14T22:27:24.328
17749,588aca26ed1bfc095abf2de16bf97b57,13342,87.0,3,1786721245328,2026-08-14T22:27:25.328
17750,588aca26ed1bfc095abf2de16bf97b57,13343,87.0,3,1786721246327,2026-08-14T22:27:26.327
17751,588aca26ed1bfc095abf2de16bf97b57,13344,86.0,3,1786721247328,2026-08-14T22:27:27.328
17752,588aca26ed1bfc095abf2de16bf97b57,13345,86.0,3,1786721248327,2026-08-14T22:27:28.327
17753,588aca26ed1bfc095abf2de16bf97b57,13346,86.0,3,1786721249327,2026-08-14T22:27:29.327
17754,588aca26ed1bfc095abf2de16bf97b57,13347,86.0,3,1786721250327,2026-08-14T22:27:30.327
17755,588aca26ed1bfc095abf2de16bf97b57,13348,86.0,3,1786721251328,2026-08-14T22:27:31.328
17756,588aca26ed1bfc095abf2de16bf97b57,13349,86.0,3,1786721252328,2026-08-14T22:27:32.328
17757,588aca26ed1bfc095abf2de16bf97b57,13350,87.0,3,1786721253328,2026-08-14T22:27:33.328
17758,588aca26ed1bfc095abf2de16bf97b57,13351,88.0,3,1786721254328,2026-08-14T22:27:34.328
17759,588aca26ed1bfc095abf2de16bf97b57,13352,88.0,3,1786721255327,2026-08-14T22:27:35.327
17760,588aca26ed1bfc095abf2de16bf97b57,13353,88.0,3,1786721256331,2026-08-14T22:27:36.331
17761,588aca26ed1bfc095abf2de16bf97b57,13354,87.0,3,1786721257331,2026-08-14T22:27:37.331
17762,588aca26ed1bfc095abf2de16bf97b57,13355,88.0,3,1786721258335,2026-08-14T22:27:38.335
17763,588aca26ed1bfc095abf2de16bf97b57,13356,88.0,3,1786721259328,2026-08-14T22:27:39.328
17764,588aca26ed1bfc095abf2de16bf97b57,13357,88.0,3,1786721260328,2026-08-14T22:27:40.328
17765,588aca26ed1bfc095abf2de16bf97b57,13358,88.0,3,1786721261328,2026-08-14T22:27:41.328
17766,588aca26ed1bfc095abf2de16bf97b57,13359,87.0,3,1786721262328,2026-08-14T22:27:42.328
17767,588aca26ed1bfc095abf2de16bf97b57,13360,86.0,3,1786721263328,2026-08-14T22:27:43.328
17768,588aca26ed1bfc095abf2de16bf97b57,13361,86.0,3,1786721264327,2026-08-14T22:27:44.327
17769,588aca26ed1bfc095abf2de16bf97b57,13362,86.0,3,1786721265327,2026-08-14T22:27:45.327
17770,588aca26ed1bfc095abf2de16bf97b57,13363,86.0,3,1786721266327,2026-08-14T22:27:46.327
17771,588aca26ed1bfc095abf2de16bf97b57,13364,86.0,3,1786721267327,2026-08-14T22:27:47.327
17772,588aca26ed1bfc095abf2de16bf97b57,13365,86.0,3,1786721268329,2026-08-14T22:27:48.329
17773,588aca26ed1bfc095abf2de16bf97b57,13366,86.0,3,1786721269332,2026-08-14T22:27:49.332
17774,588aca26ed1bfc095abf2de16bf97b57,13367,86.0,3,1786721270328,2026-08-14T22:27:50.328
17775,588aca26ed1bfc095abf2de16bf97b57,13368,85.0,3,1786721271327,2026-08-14T22:27:51.327
17776,588aca26ed1bfc095abf2de16bf97b57,13369,85.0,3,1786721272327,2026-08-14T22:27:52.327
17777,588aca26ed1bfc095abf2de16bf97b57,13370,84.0,3,1786721273328,2026-08-14T22:27:53.328
17778,588aca26ed1bfc095abf2de16bf97b57,13371,84.0,3,1786721274335,2026-08-14T22:27:54.335
17779,588aca26ed1bfc095abf2de16bf97b57,13372,84.0,3,1786721275327,2026-08-14T22:27:55.327
17780,588aca26ed1bfc095abf2de16bf97b57,13373,84.0,3,1786721276329,2026-08-14T22:27:56.329
17781,588aca26ed1bfc095abf2de16bf97b57,13374,85.0,3,1786721277334,2026-08-14T22:27:57.334
17782,588aca26ed1bfc095abf2de16bf97b57,13375,86.0,3,1786721278330,2026-08-14T22:27:58.330
17783,588aca26ed1bfc095abf2de16bf97b57,13376,87.0,3,1786721279333,2026-08-14T22:27:59.333
17784,588aca26ed1bfc095abf2de16bf97b57,13377,88.0,3,1786721280336,2026-08-14T22:28:00.336
17785,588aca26ed1bfc095abf2de16bf97b57,13378,88.0,3,1786721281328,2026-08-14T22:28:01.328
17786,588aca26ed1bfc095abf2de16bf97b57,13379,88.0,3,1786721282327,2026-08-14T22:28:02.327
17787,588aca26ed1bfc095abf2de16bf97b57,13380,87.0,3,1786721283327,2026-08-14T22:28:03.327
17788,588aca26ed1bfc095abf2de16bf97b57,13381,87.0,3,1786721284337,2026-08-14T22:28:04.337
17789,588aca26ed1bfc095abf2de16bf97b57,13382,87.0,3,1786721285328,2026-08-14T22:28:05.328
17790,588aca26ed1bfc095abf2de16bf97b57,13383,87.0,3,1786721286328,2026-08-14T22:28:06.328
17791,588aca26ed1bfc095abf2de16bf97b57,13384,87.0,3,1786721287328,2026-08-14T22:28:07.328
17792,588aca26ed1bfc095abf2de16bf97b57,13385,87.0,3,1786721288327,2026-08-14T22:28:08.327
17793,588aca26ed1bfc095abf2de16bf97b57,13386,87.0,3,1786721289329,2026-08-14T22:28:09.329
17794,588aca26ed1bfc095abf2de16bf97b57,13387,87.0,3,1786721290328,2026-08-14T22:28:10.328
17795,588aca26ed1bfc095abf2de16bf97b57,13388,87.0,3,1786721291329,2026-08-14T22:28:11.329
17796,588aca26ed1bfc095abf2de16bf97b57,13389,87.0,3,1786721292331,2026-08-14T22:28:12.331
17797,588aca26ed1bfc095abf2de16bf97b57,13390,87.0,3,1786721293327,2026-08-14T22:28:13.327
17798,588aca26ed1bfc095abf2de16bf97b57,13391,87.0,3,1786721294328,2026-08-14T22:28:14.328
17799,588aca26ed1bfc095abf2de16bf97b57,13392,86.0,3,1786721295329,2026-08-14T22:28:15.329
17800,588aca26ed1bfc095abf2de16bf97b57,13393,86.0,3,1786721296327,2026-08-14T22:28:16.327
17801,588aca26ed1bfc095abf2de16bf97b57,13394,85.0,3,1786721297327,2026-08-14T22:28:17.327
17802,588aca26ed1bfc095abf2de16bf97b57,13395,85.0,3,1786721298327,2026-08-14T22:28:18.327
17803,588aca26ed1bfc095abf2de16bf97b57,13396,84.0,3,1786721299329,2026-08-14T22:28:19.329
17804,588aca26ed1bfc095abf2de16bf97b57,13397,84.0,3,1786721300328,2026-08-14T22:28:20.328
17805,588aca26ed1bfc095abf2de16bf97b57,13398,84.0,3,1786721301328,2026-08-14T22:28:21.328
17806,588aca26ed1bfc095abf2de16bf97b57,13399,84.0,3,1786721302327,2026-08-14T22:28:22.327
17807,588aca26ed1bfc095abf2de16bf97b57,13400,85.0,3,1786721303329,2026-08-14T22:28:23.329
17808,588aca26ed1bfc095abf2de16bf97b57,13401,86.0,3,1786721304334,2026-08-14T22:28:24.334
17809,588aca26ed1bfc095abf2de16bf97b57,13402,86.0,3,1786721305328,2026-08-14T22:28:25.328
17810,588aca26ed1bfc095abf2de16bf97b57,13403,86.0,3,1786721306328,2026-08-14T22:28:26.328
17811,588aca26ed1bfc095abf2de16bf97b57,13404,86.0,3,1786721307328,2026-08-14T22:28:27.328
17812,588aca26ed1bfc095abf2de16bf97b57,13405,86.0,3,1786721308329,2026-08-14T22:28:28.329
17813,588aca26ed1bfc095abf2de16bf97b57,13406,87.0,3,1786721309328,2026-08-14T22:28:29.328
17814,588aca26ed1bfc095abf2de16bf97b57,13407,87.0,3,1786721310328,2026-08-14T22:28:30.328
17815,588aca26ed1bfc095abf2de16bf97b57,13408,87.0,3,1786721311327,2026-08-14T22:28:31.327
17816,588aca26ed1bfc095abf2de16bf97b57,13409,87.0,3,1786721312328,2026-08-14T22:28:32.328
17817,588aca26ed1bfc095abf2de16bf97b57,13410,88.0,3,1786721313328,2026-08-14T22:28:33.328
17818,588aca26ed1bfc095abf2de16bf97b57,13411,89.0,3,1786721314328,2026-08-14T22:28:34.328
17819,588aca26ed1bfc095abf2de16bf97b57,13412,89.0,3,1786721315328,2026-08-14T22:28:35.328
17820,588aca26ed1bfc095abf2de16bf97b57,13413,89.0,3,1786721316327,2026-08-14T22:28:36.327
17821,588aca26ed1bfc095abf2de16bf97b57,13414,89.0,3,1786721317335,2026-08-14T22:28:37.335
17822,588aca26ed1bfc095abf2de16bf97b57,13415,88.0,3,1786721318342,2026-08-14T22:28:38.342
17823,588aca26ed1bfc095abf2de16bf97b57,13416,87.0,3,1786721319330,2026-08-14T22:28:39.330
17824,588aca26ed1bfc095abf2de16bf97b57,13417,87.0,3,1786721320328,2026-08-14T22:28:40.328
17825,588aca26ed1bfc095abf2de16bf97b57,13418,86.0,3,1786721321328,2026-08-14T22:28:41.328
17826,588aca26ed1bfc095abf2de16bf97b57,13419,85.0,3,1786721322328,2026-08-14T22:28:42.328
17827,588aca26ed1bfc095abf2de16bf97b57,13420,85.0,3,1786721323328,2026-08-14T22:28:43.328
17828,588aca26ed1bfc095abf2de16bf97b57,13421,85.0,3,1786721324328,2026-08-14T22:28:44.328
17829,588aca26ed1bfc095abf2de16bf97b57,13422,86.0,3,1786721325327,2026-08-14T22:28:45.327
17830,588aca26ed1bfc095abf2de16bf97b57,13423,87.0,3,1786721326328,2026-08-14T22:28:46.328
17831,588aca26ed1bfc095abf2de16bf97b57,13424,88.0,3,1786721327328,2026-08-14T22:28:47.328
17832,588aca26ed1bfc095abf2de16bf97b57,13425,89.0,3,1786721328328,2026-08-14T22:28:48.328
17833,588aca26ed1bfc095abf2de16bf97b57,13426,89.0,3,1786721329328,2026-08-14T22:28:49.328
17834,588aca26ed1bfc095abf2de16bf97b57,13427,88.0,3,1786721330338,2026-08-14T22:28:50.338
17835,588aca26ed1bfc095abf2de16bf97b57,13428,88.0,3,1786721331332,2026-08-14T22:28:51.332
17836,588aca26ed1bfc095abf2de16bf97b57,13429,88.0,3,1786721332330,2026-08-14T22:28:52.330
17837,588aca26ed1bfc095abf2de16bf97b57,13430,88.0,3,1786721333328,2026-08-14T22:28:53.328
17838,588aca26ed1bfc095abf2de16bf97b57,13431,89.0,3,1786721334328,2026-08-14T22:28:54.328
17839,588aca26ed1bfc095abf2de16bf97b57,13432,89.0,3,1786721335331,2026-08-14T22:28:55.331
17840,588aca26ed1bfc095abf2de16bf97b57,13433,90.0,3,1786721336328,2026-08-14T22:28:56.328
17841,588aca26ed1bfc095abf2de16bf97b57,13434,90.0,3,1786721337328,2026-08-14T22:28:57.328
17842,588aca26ed1bfc095abf2de16bf97b57,13435,89.0,3,1786721338327,2026-08-14T22:28:58.327
17843,588aca26ed1bfc095abf2de16bf97b57,13436,88.0,3,1786721339327,2026-08-14T22:28:59.327
17844,588aca26ed1bfc095abf2de16bf97b57,13437,87.0,3,1786721340328,2026-08-14T22:29:00.328
17845,588aca26ed1bfc095abf2de16bf97b57,13438,86.0,3,1786721341335,2026-08-14T22:29:01.335
17846,588aca26ed1bfc095abf2de16bf97b57,13439,85.0,3,1786721342335,2026-08-14T22:29:02.335
17847,588aca26ed1bfc095abf2de16bf97b57,13440,84.0,3,1786721343333,2026-08-14T22:29:03.333
17848,588aca26ed1bfc095abf2de16bf97b57,13441,83.0,3,1786721344327,2026-08-14T22:29:04.327
17849,588aca26ed1bfc095abf2de16bf97b57,13442,82.0,3,1786721345328,2026-08-14T22:29:05.328
17850,588aca26ed1bfc095abf2de16bf97b57,13443,82.0,3,1786721346328,2026-08-14T22:29:06.328
17851,588aca26ed1bfc095abf2de16bf97b57,13444,82.0,3,1786721347334,2026-08-14T22:29:07.334
17852,588aca26ed1bfc095abf2de16bf97b57,13445,82.0,3,1786721348328,2026-08-14T22:29:08.328
17853,588aca26ed1bfc095abf2de16bf97b57,13446,81.0,3,1786721349328,2026-08-14T22:29:09.328
17854,588aca26ed1bfc095abf2de16bf97b57,13447,82.0,3,1786721350328,2026-08-14T22:29:10.328
17855,588aca26ed1bfc095abf2de16bf97b57,13448,82.0,3,1786721351327,2026-08-14T22:29:11.327
17856,588aca26ed1bfc095abf2de16bf97b57,13449,83.0,3,1786721352328,2026-08-14T22:29:12.328
17857,588aca26ed1bfc095abf2de16bf97b57,13450,84.0,3,1786721353327,2026-08-14T22:29:13.327
17858,588aca26ed1bfc095abf2de16bf97b57,13451,85.0,3,1786721354327,2026-08-14T22:29:14.327
17859,588aca26ed1bfc095abf2de16bf97b57,13452,84.0,3,1786721355328,2026-08-14T22:29:15.328
17860,588aca26ed1bfc095abf2de16bf97b57,13453,83.0,3,1786721356336,2026-08-14T22:29:16.336
17861,588aca26ed1bfc095abf2de16bf97b57,13454,81.0,3,1786721357334,2026-08-14T22:29:17.334
17862,588aca26ed1bfc095abf2de16bf97b57,13455,81.0,3,1786721358328,2026-08-14T22:29:18.328
17863,588aca26ed1bfc095abf2de16bf97b57,13456,81.0,3,1786721359332,2026-08-14T22:29:19.332
17864,588aca26ed1bfc095abf2de16bf97b57,13457,81.0,3,1786721360329,2026-08-14T22:29:20.329
17865,588aca26ed1bfc095abf2de16bf97b57,13458,83.0,3,1786721361348,2026-08-14T22:29:21.348
17866,588aca26ed1bfc095abf2de16bf97b57,13459,84.0,3,1786721362327,2026-08-14T22:29:22.327
17867,588aca26ed1bfc095abf2de16bf97b57,13460,85.0,3,1786721363328,2026-08-14T22:29:23.328
17868,588aca26ed1bfc095abf2de16bf97b57,13461,86.0,3,1786721364333,2026-08-14T22:29:24.333
17869,588aca26ed1bfc095abf2de16bf97b57,13462,88.0,3,1786721365327,2026-08-14T22:29:25.327
17870,588aca26ed1bfc095abf2de16bf97b57,13463,90.0,3,1786721366328,2026-08-14T22:29:26.328
17871,588aca26ed1bfc095abf2de16bf97b57,13464,93.0,3,1786721367330,2026-08-14T22:29:27.330
17872,588aca26ed1bfc095abf2de16bf97b57,13465,94.0,3,1786721368330,2026-08-14T22:29:28.330
17873,588aca26ed1bfc095abf2de16bf97b57,13466,95.0,3,1786721369328,2026-08-14T22:29:29.328
17874,588aca26ed1bfc095abf2de16bf97b57,13467,96.0,3,1786721370328,2026-08-14T22:29:30.328
17875,588aca26ed1bfc095abf2de16bf97b57,13468,96.0,3,1786721371328,2026-08-14T22:29:31.328
17876,588aca26ed1bfc095abf2de16bf97b57,13469,96.0,3,1786721372329,2026-08-14T22:29:32.329
17877,588aca26ed1bfc095abf2de16bf97b57,13470,95.0,3,1786721373328,2026-08-14T22:29:33.328
17878,588aca26ed1bfc095abf2de16bf97b57,13471,94.0,3,1786721374327,2026-08-14T22:29:34.327
17879,588aca26ed1bfc095abf2de16bf97b57,13472,94.0,3,1786721375328,2026-08-14T22:29:35.328
17880,588aca26ed1bfc095abf2de16bf97b57,13473,93.0,3,1786721376329,2026-08-14T22:29:36.329
17881,588aca26ed1bfc095abf2de16bf97b57,13474,91.0,3,1786721377328,2026-08-14T22:29:37.328
17882,588aca26ed1bfc095abf2de16bf97b57,13475,90.0,3,1786721378336,2026-08-14T22:29:38.336
17883,588aca26ed1bfc095abf2de16bf97b57,13476,89.0,3,1786721379333,2026-08-14T22:29:39.333
17884,588aca26ed1bfc095abf2de16bf97b57,13477,87.0,3,1786721380334,2026-08-14T22:29:40.334
17885,588aca26ed1bfc095abf2de16bf97b57,13478,85.0,3,1786721381330,2026-08-14T22:29:41.330
17886,588aca26ed1bfc095abf2de16bf97b57,13479,84.0,3,1786721382328,2026-08-14T22:29:42.328
17887,588aca26ed1bfc095abf2de16bf97b57,13480,83.0,3,1786721383329,2026-08-14T22:29:43.329
17888,588aca26ed1bfc095abf2de16bf97b57,13481,82.0,3,1786721384328,2026-08-14T22:29:44.328
17889,588aca26ed1bfc095abf2de16bf97b57,13482,81.0,3,1786721385328,2026-08-14T22:29:45.328
17890,588aca26ed1bfc095abf2de16bf97b57,13483,80.0,3,1786721386328,2026-08-14T22:29:46.328
17891,588aca26ed1bfc095abf2de16bf97b57,13484,80.0,3,1786721387328,2026-08-14T22:29:47.328
17892,588aca26ed1bfc095abf2de16bf97b57,13485,80.0,3,1786721388328,2026-08-14T22:29:48.328
17893,588aca26ed1bfc095abf2de16bf97b57,13486,80.0,3,1786721389331,2026-08-14T22:29:49.331
17894,588aca26ed1bfc095abf2de16bf97b57,13487,80.0,3,1786721390329,2026-08-14T22:29:50.329
17895,588aca26ed1bfc095abf2de16bf97b57,13488,81.0,3,1786721391328,2026-08-14T22:29:51.328
17896,588aca26ed1bfc095abf2de16bf97b57,13489,81.0,3,1786721392328,2026-08-14T22:29:52.328
17897,588aca26ed1bfc095abf2de16bf97b57,13490,81.0,3,1786721393328,2026-08-14T22:29:53.328
17898,588aca26ed1bfc095abf2de16bf97b57,13491,81.0,3,1786721394328,2026-08-14T22:29:54.328
17899,588aca26ed1bfc095abf2de16bf97b57,13492,82.0,3,1786721395328,2026-08-14T22:29:55.328
17900,588aca26ed1bfc095abf2de16bf97b57,13493,81.0,3,1786721396328,2026-08-14T22:29:56.328
17901,588aca26ed1bfc095abf2de16bf97b57,13494,83.0,3,1786721397327,2026-08-14T22:29:57.327
17902,588aca26ed1bfc095abf2de16bf97b57,13495,83.0,3,1786721398329,2026-08-14T22:29:58.329
17903,588aca26ed1bfc095abf2de16bf97b57,13496,83.0,3,1786721399330,2026-08-14T22:29:59.330
17904,588aca26ed1bfc095abf2de16bf97b57,13497,84.0,3,1786721400328,2026-08-14T22:30:00.328
17905,588aca26ed1bfc095abf2de16bf97b57,13498,84.0,3,1786721401328,2026-08-14T22:30:01.328
17906,588aca26ed1bfc095abf2de16bf97b57,13499,85.0,3,1786721402327,2026-08-14T22:30:02.327
17907,588aca26ed1bfc095abf2de16bf97b57,13500,85.0,3,1786721403328,2026-08-14T22:30:03.328
17908,588aca26ed1bfc095abf2de16bf97b57,13501,85.0,3,1786721404328,2026-08-14T22:30:04.328
17909,588aca26ed1bfc095abf2de16bf97b57,13502,85.0,3,1786721405338,2026-08-14T22:30:05.338
17910,588aca26ed1bfc095abf2de16bf97b57,13503,85.0,3,1786721406334,2026-08-14T22:30:06.334
17911,588aca26ed1bfc095abf2de16bf97b57,13504,86.0,3,1786721407334,2026-08-14T22:30:07.334
17912,588aca26ed1bfc095abf2de16bf97b57,13505,87.0,3,1786721408331,2026-08-14T22:30:08.331
17913,588aca26ed1bfc095abf2de16bf97b57,13506,88.0,3,1786721409329,2026-08-14T22:30:09.329
17914,588aca26ed1bfc095abf2de16bf97b57,13507,89.0,3,1786721410328,2026-08-14T22:30:10.328
17915,588aca26ed1bfc095abf2de16bf97b57,13508,91.0,3,1786721411328,2026-08-14T22:30:11.328
17916,588aca26ed1bfc095abf2de16bf97b57,13509,93.0,3,1786721412327,2026-08-14T22:30:12.327
17917,588aca26ed1bfc095abf2de16bf97b57,13510,94.0,3,1786721413327,2026-08-14T22:30:13.327
17918,588aca26ed1bfc095abf2de16bf97b57,13511,95.0,3,1786721414327,2026-08-14T22:30:14.327
17919,588aca26ed1bfc095abf2de16bf97b57,13512,96.0,3,1786721415328,2026-08-14T22:30:15.328
17920,588aca26ed1bfc095abf2de16bf97b57,13513,96.0,3,1786721416330,2026-08-14T22:30:16.330
17921,588aca26ed1bfc095abf2de16bf97b57,13514,98.0,3,1786721417327,2026-08-14T22:30:17.327
17922,588aca26ed1bfc095abf2de16bf97b57,13515,98.0,3,1786721418328,2026-08-14T22:30:18.328
17923,588aca26ed1bfc095abf2de16bf97b57,13516,98.0,3,1786721419334,2026-08-14T22:30:19.334
17924,588aca26ed1bfc095abf2de16bf97b57,13517,97.0,3,1786721420467,2026-08-14T22:30:20.467
17925,588aca26ed1bfc095abf2de16bf97b57,13518,97.0,3,1786721421330,2026-08-14T22:30:21.330
17926,588aca26ed1bfc095abf2de16bf97b57,13519,97.0,3,1786721422330,2026-08-14T22:30:22.330
17927,588aca26ed1bfc095abf2de16bf97b57,13520,97.0,3,1786721423332,2026-08-14T22:30:23.332
17928,588aca26ed1bfc095abf2de16bf97b57,13521,98.0,3,1786721424330,2026-08-14T22:30:24.330
17929,588aca26ed1bfc095abf2de16bf97b57,13522,97.0,3,1786721425327,2026-08-14T22:30:25.327
17930,588aca26ed1bfc095abf2de16bf97b57,13523,98.0,3,1786721426330,2026-08-14T22:30:26.330
17931,588aca26ed1bfc095abf2de16bf97b57,13524,97.0,3,1786721427330,2026-08-14T22:30:27.330
17932,588aca26ed1bfc095abf2de16bf97b57,13525,95.0,3,1786721428330,2026-08-14T22:30:28.330
17933,588aca26ed1bfc095abf2de16bf97b57,13526,95.0,3,1786721429330,2026-08-14T22:30:29.330
17934,588aca26ed1bfc095abf2de16bf97b57,13527,97.0,3,1786721430330,2026-08-14T22:30:30.330
17935,588aca26ed1bfc095abf2de16bf97b57,13528,96.0,3,1786721431329,2026-08-14T22:30:31.329
17936,588aca26ed1bfc095abf2de16bf97b57,13529,94.0,3,1786721432330,2026-08-14T22:30:32.330
17937,588aca26ed1bfc095abf2de16bf97b57,13530,93.0,3,1786721433329,2026-08-14T22:30:33.329
17938,588aca26ed1bfc095abf2de16bf97b57,13531,92.0,3,1786721434328,2026-08-14T22:30:34.328
17939,588aca26ed1bfc095abf2de16bf97b57,13532,91.0,3,1786721435331,2026-08-14T22:30:35.331
17940,588aca26ed1bfc095abf2de16bf97b57,13533,94.0,3,1786721436329,2026-08-14T22:30:36.329
17941,588aca26ed1bfc095abf2de16bf97b57,13534,94.0,3,1786721437330,2026-08-14T22:30:37.330
17942,588aca26ed1bfc095abf2de16bf97b57,13535,93.0,3,1786721438328,2026-08-14T22:30:38.328
17943,588aca26ed1bfc095abf2de16bf97b57,13536,92.0,3,1786721439328,2026-08-14T22:30:39.328
17944,588aca26ed1bfc095abf2de16bf97b57,13537,94.0,3,1786721440328,2026-08-14T22:30:40.328
17945,588aca26ed1bfc095abf2de16bf97b57,13538,96.0,3,1786721441328,2026-08-14T22:30:41.328
17946,588aca26ed1bfc095abf2de16bf97b57,13539,99.0,3,1786721442328,2026-08-14T22:30:42.328
17947,588aca26ed1bfc095abf2de16bf97b57,13540,101.0,3,1786721443328,2026-08-14T22:30:43.328
17948,588aca26ed1bfc095abf2de16bf97b57,13541,101.0,3,1786721444328,2026-08-14T22:30:44.328
17949,588aca26ed1bfc095abf2de16bf97b57,13542,102.0,3,1786721445328,2026-08-14T22:30:45.328
17950,588aca26ed1bfc095abf2de16bf97b57,13543,104.0,3,1786721446328,2026-08-14T22:30:46.328
17951,588aca26ed1bfc095abf2de16bf97b57,13544,104.0,3,1786721447328,2026-08-14T22:30:47.328
17952,588aca26ed1bfc095abf2de16bf97b57,13545,104.0,3,1786721448327,2026-08-14T22:30:48.327
17953,588aca26ed1bfc095abf2de16bf97b57,13546,104.0,3,1786721449327,2026-08-14T22:30:49.327
17954,588aca26ed1bfc095abf2de16bf97b57,13547,103.0,3,1786721450327,2026-08-14T22:30:50.327
17955,588aca26ed1bfc095abf2de16bf97b57,13548,101.0,3,1786721451329,2026-08-14T22:30:51.329
17956,588aca26ed1bfc095abf2de16bf97b57,13549,101.0,3,1786721452334,2026-08-14T22:30:52.334
17957,588aca26ed1bfc095abf2de16bf97b57,13550,102.0,3,1786721453335,2026-08-14T22:30:53.335
17958,588aca26ed1bfc095abf2de16bf97b57,13551,102.0,3,1786721454331,2026-08-14T22:30:54.331
17959,588aca26ed1bfc095abf2de16bf97b57,13552,102.0,3,1786721455330,2026-08-14T22:30:55.330
17960,588aca26ed1bfc095abf2de16bf97b57,13553,102.0,3,1786721456330,2026-08-14T22:30:56.330
17961,588aca26ed1bfc095abf2de16bf97b57,13554,103.0,3,1786721457330,2026-08-14T22:30:57.330
17962,588aca26ed1bfc095abf2de16bf97b57,13555,102.0,3,1786721458327,2026-08-14T22:30:58.327
17963,588aca26ed1bfc095abf2de16bf97b57,13556,103.0,3,1786721459329,2026-08-14T22:30:59.329
17964,588aca26ed1bfc095abf2de16bf97b57,13557,103.0,3,1786721460327,2026-08-14T22:31:00.327
17965,588aca26ed1bfc095abf2de16bf97b57,13558,103.0,3,1786721461327,2026-08-14T22:31:01.327
17966,588aca26ed1bfc095abf2de16bf97b57,13559,104.0,3,1786721462336,2026-08-14T22:31:02.336
17967,588aca26ed1bfc095abf2de16bf97b57,13560,103.0,3,1786721463328,2026-08-14T22:31:03.328
17968,588aca26ed1bfc095abf2de16bf97b57,13561,105.0,3,1786721464329,2026-08-14T22:31:04.329
17969,588aca26ed1bfc095abf2de16bf97b57,13562,106.0,3,1786721465328,2026-08-14T22:31:05.328
17970,588aca26ed1bfc095abf2de16bf97b57,13563,106.0,3,1786721466328,2026-08-14T22:31:06.328
17971,588aca26ed1bfc095abf2de16bf97b57,13564,105.0,3,1786721467328,2026-08-14T22:31:07.328
17972,588aca26ed1bfc095abf2de16bf97b57,13565,106.0,3,1786721468330,2026-08-14T22:31:08.330
17973,588aca26ed1bfc095abf2de16bf97b57,13566,106.0,3,1786721469330,2026-08-14T22:31:09.330
17974,588aca26ed1bfc095abf2de16bf97b57,13567,106.0,3,1786721470330,2026-08-14T22:31:10.330
17975,588aca26ed1bfc095abf2de16bf97b57,13568,106.0,3,1786721471332,2026-08-14T22:31:11.332
17976,588aca26ed1bfc095abf2de16bf97b57,13569,107.0,3,1786721472328,2026-08-14T22:31:12.328
17977,588aca26ed1bfc095abf2de16bf97b57,13570,105.0,3,1786721473327,2026-08-14T22:31:13.327
17978,588aca26ed1bfc095abf2de16bf97b57,13571,103.0,3,1786721474327,2026-08-14T22:31:14.327
17979,588aca26ed1bfc095abf2de16bf97b57,13572,101.0,3,1786721475329,2026-08-14T22:31:15.329
17980,588aca26ed1bfc095abf2de16bf97b57,13573,100.0,3,1786721476336,2026-08-14T22:31:16.336
17981,588aca26ed1bfc095abf2de16bf97b57,13574,99.0,3,1786721477338,2026-08-14T22:31:17.338
17982,588aca26ed1bfc095abf2de16bf97b57,13575,97.0,3,1786721478329,2026-08-14T22:31:18.329
17983,588aca26ed1bfc095abf2de16bf97b57,13576,97.0,3,1786721479334,2026-08-14T22:31:19.334
17984,588aca26ed1bfc095abf2de16bf97b57,13577,98.0,3,1786721480329,2026-08-14T22:31:20.329
17985,588aca26ed1bfc095abf2de16bf97b57,13578,98.0,3,1786721481334,2026-08-14T22:31:21.334
17986,588aca26ed1bfc095abf2de16bf97b57,13579,99.0,3,1786721482331,2026-08-14T22:31:22.331
17987,588aca26ed1bfc095abf2de16bf97b57,13580,99.0,3,1786721483329,2026-08-14T22:31:23.329
17988,588aca26ed1bfc095abf2de16bf97b57,13581,99.0,3,1786721484329,2026-08-14T22:31:24.329
17989,588aca26ed1bfc095abf2de16bf97b57,13582,99.0,3,1786721485330,2026-08-14T22:31:25.330
17990,588aca26ed1bfc095abf2de16bf97b57,13583,101.0,3,1786721486330,2026-08-14T22:31:26.330
17991,588aca26ed1bfc095abf2de16bf97b57,13584,102.0,3,1786721487330,2026-08-14T22:31:27.330
17992,588aca26ed1bfc095abf2de16bf97b57,13585,102.0,3,1786721488327,2026-08-14T22:31:28.327
17993,588aca26ed1bfc095abf2de16bf97b57,13586,104.0,3,1786721489327,2026-08-14T22:31:29.327
17994,588aca26ed1bfc095abf2de16bf97b57,13587,104.0,3,1786721490329,2026-08-14T22:31:30.329
17995,588aca26ed1bfc095abf2de16bf97b57,13588,103.0,3,1786721491331,2026-08-14T22:31:31.331
17996,588aca26ed1bfc095abf2de16bf97b57,13589,102.0,3,1786721492328,2026-08-14T22:31:32.328
17997,588aca26ed1bfc095abf2de16bf97b57,13590,102.0,3,1786721493327,2026-08-14T22:31:33.327
17998,588aca26ed1bfc095abf2de16bf97b57,13591,103.0,3,1786721494327,2026-08-14T22:31:34.327
17999,588aca26ed1bfc095abf2de16bf97b57,13592,102.0,3,1786721495327,2026-08-14T22:31:35.327
18000,588aca26ed1bfc095abf2de16bf97b57,13593,102.0,3,1786721496328,2026-08-14T22:31:36.328
18001,588aca26ed1bfc095abf2de16bf97b57,13594,100.0,3,1786721497328,2026-08-14T22:31:37.328
18002,588aca26ed1bfc095abf2de16bf97b57,13595,99.0,3,1786721498330,2026-08-14T22:31:38.330
18003,588aca26ed1bfc095abf2de16bf97b57,13596,98.0,3,1786721499328,2026-08-14T22:31:39.328
18004,588aca26ed1bfc095abf2de16bf97b57,13597,96.0,3,1786721500354,2026-08-14T22:31:40.354
18005,588aca26ed1bfc095abf2de16bf97b57,13598,96.0,3,1786721501339,2026-08-14T22:31:41.339
18006,588aca26ed1bfc095abf2de16bf97b57,13599,95.0,3,1786721502332,2026-08-14T22:31:42.332
18007,588aca26ed1bfc095abf2de16bf97b57,13600,96.0,3,1786721503333,2026-08-14T22:31:43.333
18008,588aca26ed1bfc095abf2de16bf97b57,13601,97.0,3,1786721504332,2026-08-14T22:31:44.332
18009,588aca26ed1bfc095abf2de16bf97b57,13602,97.0,3,1786721505329,2026-08-14T22:31:45.329
18010,588aca26ed1bfc095abf2de16bf97b57,13603,97.0,3,1786721506328,2026-08-14T22:31:46.328
18011,588aca26ed1bfc095abf2de16bf97b57,13604,96.0,3,1786721507327,2026-08-14T22:31:47.327
18012,588aca26ed1bfc095abf2de16bf97b57,13605,97.0,3,1786721508328,2026-08-14T22:31:48.328
18013,588aca26ed1bfc095abf2de16bf97b57,13606,99.0,3,1786721509328,2026-08-14T22:31:49.328
18014,588aca26ed1bfc095abf2de16bf97b57,13607,99.0,3,1786721510329,2026-08-14T22:31:50.329
18015,588aca26ed1bfc095abf2de16bf97b57,13608,98.0,3,1786721511329,2026-08-14T22:31:51.329
18016,588aca26ed1bfc095abf2de16bf97b57,13609,96.0,3,1786721512328,2026-08-14T22:31:52.328
18017,588aca26ed1bfc095abf2de16bf97b57,13610,95.0,3,1786721513328,2026-08-14T22:31:53.328
18018,588aca26ed1bfc095abf2de16bf97b57,13611,93.0,3,1786721514327,2026-08-14T22:31:54.327
18019,588aca26ed1bfc095abf2de16bf97b57,13612,92.0,3,1786721515328,2026-08-14T22:31:55.328
18020,588aca26ed1bfc095abf2de16bf97b57,13613,92.0,3,1786721516328,2026-08-14T22:31:56.328
18021,588aca26ed1bfc095abf2de16bf97b57,13614,93.0,3,1786721517328,2026-08-14T22:31:57.328
18022,588aca26ed1bfc095abf2de16bf97b57,13615,93.0,3,1786721518328,2026-08-14T22:31:58.328
18023,588aca26ed1bfc095abf2de16bf97b57,13616,92.0,3,1786721519329,2026-08-14T22:31:59.329
18024,588aca26ed1bfc095abf2de16bf97b57,13617,92.0,3,1786721520328,2026-08-14T22:32:00.328
18025,588aca26ed1bfc095abf2de16bf97b57,13618,93.0,3,1786721521328,2026-08-14T22:32:01.328
18026,588aca26ed1bfc095abf2de16bf97b57,13619,93.0,3,1786721522328,2026-08-14T22:32:02.328
18027,588aca26ed1bfc095abf2de16bf97b57,13620,93.0,3,1786721523328,2026-08-14T22:32:03.328
18028,588aca26ed1bfc095abf2de16bf97b57,13621,94.0,3,1786721524329,2026-08-14T22:32:04.329
18029,588aca26ed1bfc095abf2de16bf97b57,13622,95.0,3,1786721525334,2026-08-14T22:32:05.334
18030,588aca26ed1bfc095abf2de16bf97b57,13623,97.0,3,1786721526347,2026-08-14T22:32:06.347
18031,588aca26ed1bfc095abf2de16bf97b57,13624,98.0,3,1786721527335,2026-08-14T22:32:07.335
18032,588aca26ed1bfc095abf2de16bf97b57,13625,100.0,3,1786721528335,2026-08-14T22:32:08.335
18033,588aca26ed1bfc095abf2de16bf97b57,13626,103.0,3,1786721529340,2026-08-14T22:32:09.340
18034,588aca26ed1bfc095abf2de16bf97b57,13627,105.0,3,1786721530331,2026-08-14T22:32:10.331
18035,588aca26ed1bfc095abf2de16bf97b57,13628,106.0,3,1786721531331,2026-08-14T22:32:11.331
18036,588aca26ed1bfc095abf2de16bf97b57,13629,107.0,3,1786721532342,2026-08-14T22:32:12.342
18037,588aca26ed1bfc095abf2de16bf97b57,13630,106.0,3,1786721533328,2026-08-14T22:32:13.328
18038,588aca26ed1bfc095abf2de16bf97b57,13631,105.0,3,1786721534329,2026-08-14T22:32:14.329
18039,588aca26ed1bfc095abf2de16bf97b57,13632,104.0,3,1786721535332,2026-08-14T22:32:15.332
18040,588aca26ed1bfc095abf2de16bf97b57,13633,103.0,3,1786721536330,2026-08-14T22:32:16.330
18041,588aca26ed1bfc095abf2de16bf97b57,13634,102.0,3,1786721537328,2026-08-14T22:32:17.328
18042,588aca26ed1bfc095abf2de16bf97b57,13635,100.0,3,1786721538328,2026-08-14T22:32:18.328
18043,588aca26ed1bfc095abf2de16bf97b57,13636,99.0,3,1786721539329,2026-08-14T22:32:19.329
18044,588aca26ed1bfc095abf2de16bf97b57,13637,98.0,3,1786721540328,2026-08-14T22:32:20.328
18045,588aca26ed1bfc095abf2de16bf97b57,13638,98.0,3,1786721541328,2026-08-14T22:32:21.328
18046,588aca26ed1bfc095abf2de16bf97b57,13639,98.0,3,1786721542328,2026-08-14T22:32:22.328
18047,588aca26ed1bfc095abf2de16bf97b57,13640,98.0,3,1786721543328,2026-08-14T22:32:23.328
18048,588aca26ed1bfc095abf2de16bf97b57,13641,96.0,3,1786721544328,2026-08-14T22:32:24.328
18049,588aca26ed1bfc095abf2de16bf97b57,13642,95.0,3,1786721545330,2026-08-14T22:32:25.330
18050,588aca26ed1bfc095abf2de16bf97b57,13643,94.0,3,1786721546329,2026-08-14T22:32:26.329
18051,588aca26ed1bfc095abf2de16bf97b57,13644,93.0,3,1786721547329,2026-08-14T22:32:27.329
18052,588aca26ed1bfc095abf2de16bf97b57,13645,92.0,3,1786721548328,2026-08-14T22:32:28.328
18053,588aca26ed1bfc095abf2de16bf97b57,13646,93.0,3,1786721549327,2026-08-14T22:32:29.327
18054,588aca26ed1bfc095abf2de16bf97b57,13647,94.0,3,1786721550328,2026-08-14T22:32:30.328
18055,588aca26ed1bfc095abf2de16bf97b57,13648,95.0,3,1786721551328,2026-08-14T22:32:31.328
18056,588aca26ed1bfc095abf2de16bf97b57,13649,96.0,3,1786721552328,2026-08-14T22:32:32.328
18057,588aca26ed1bfc095abf2de16bf97b57,13650,96.0,3,1786721553331,2026-08-14T22:32:33.331
18058,588aca26ed1bfc095abf2de16bf97b57,13651,97.0,3,1786721554328,2026-08-14T22:32:34.328
18059,588aca26ed1bfc095abf2de16bf97b57,13652,96.0,3,1786721555328,2026-08-14T22:32:35.328
18060,588aca26ed1bfc095abf2de16bf97b57,13653,96.0,3,1786721556328,2026-08-14T22:32:36.328
18061,588aca26ed1bfc095abf2de16bf97b57,13654,98.0,3,1786721557328,2026-08-14T22:32:37.328
18062,588aca26ed1bfc095abf2de16bf97b57,13655,99.0,3,1786721558328,2026-08-14T22:32:38.328
18063,588aca26ed1bfc095abf2de16bf97b57,13656,100.0,3,1786721559329,2026-08-14T22:32:39.329
18064,588aca26ed1bfc095abf2de16bf97b57,13657,100.0,3,1786721560328,2026-08-14T22:32:40.328
18065,588aca26ed1bfc095abf2de16bf97b57,13658,99.0,3,1786721561328,2026-08-14T22:32:41.328
18066,588aca26ed1bfc095abf2de16bf97b57,13659,98.0,3,1786721562328,2026-08-14T22:32:42.328
18067,588aca26ed1bfc095abf2de16bf97b57,13660,98.0,3,1786721563328,2026-08-14T22:32:43.328
18068,588aca26ed1bfc095abf2de16bf97b57,13661,96.0,3,1786721564329,2026-08-14T22:32:44.329
18069,588aca26ed1bfc095abf2de16bf97b57,13662,94.0,3,1786721565328,2026-08-14T22:32:45.328
18070,588aca26ed1bfc095abf2de16bf97b57,13663,92.0,3,1786721566327,2026-08-14T22:32:46.327
18071,588aca26ed1bfc095abf2de16bf97b57,13664,91.0,3,1786721567328,2026-08-14T22:32:47.328
18072,588aca26ed1bfc095abf2de16bf97b57,13665,90.0,3,1786721568333,2026-08-14T22:32:48.333
18073,588aca26ed1bfc095abf2de16bf97b57,13666,90.0,3,1786721569348,2026-08-14T22:32:49.348
18074,588aca26ed1bfc095abf2de16bf97b57,13667,89.0,3,1786721570338,2026-08-14T22:32:50.338
18075,588aca26ed1bfc095abf2de16bf97b57,13668,90.0,3,1786721571335,2026-08-14T22:32:51.335
18076,588aca26ed1bfc095abf2de16bf97b57,13669,91.0,3,1786721572335,2026-08-14T22:32:52.335
18077,588aca26ed1bfc095abf2de16bf97b57,13670,92.0,3,1786721573330,2026-08-14T22:32:53.330
18078,588aca26ed1bfc095abf2de16bf97b57,13671,93.0,3,1786721574328,2026-08-14T22:32:54.328
18079,588aca26ed1bfc095abf2de16bf97b57,13672,93.0,3,1786721575330,2026-08-14T22:32:55.330
18080,588aca26ed1bfc095abf2de16bf97b57,13673,93.0,3,1786721576330,2026-08-14T22:32:56.330
18081,588aca26ed1bfc095abf2de16bf97b57,13674,93.0,3,1786721577330,2026-08-14T22:32:57.330
18082,588aca26ed1bfc095abf2de16bf97b57,13675,93.0,3,1786721578329,2026-08-14T22:32:58.329
18083,588aca26ed1bfc095abf2de16bf97b57,13676,95.0,3,1786721579328,2026-08-14T22:32:59.328
18084,588aca26ed1bfc095abf2de16bf97b57,13677,96.0,3,1786721580328,2026-08-14T22:33:00.328
18085,588aca26ed1bfc095abf2de16bf97b57,13678,97.0,3,1786721581330,2026-08-14T22:33:01.330
18086,588aca26ed1bfc095abf2de16bf97b57,13679,99.0,3,1786721582328,2026-08-14T22:33:02.328
18087,588aca26ed1bfc095abf2de16bf97b57,13680,100.0,3,1786721583329,2026-08-14T22:33:03.329
18088,588aca26ed1bfc095abf2de16bf97b57,13681,100.0,3,1786721584328,2026-08-14T22:33:04.328
18089,588aca26ed1bfc095abf2de16bf97b57,13682,99.0,3,1786721585328,2026-08-14T22:33:05.328
18090,588aca26ed1bfc095abf2de16bf97b57,13683,98.0,3,1786721586328,2026-08-14T22:33:06.328
18091,588aca26ed1bfc095abf2de16bf97b57,13684,97.0,3,1786721587337,2026-08-14T22:33:07.337
18092,588aca26ed1bfc095abf2de16bf97b57,13685,98.0,3,1786721588332,2026-08-14T22:33:08.332
18093,588aca26ed1bfc095abf2de16bf97b57,13686,98.0,3,1786721589332,2026-08-14T22:33:09.332
18094,588aca26ed1bfc095abf2de16bf97b57,13687,100.0,3,1786721590328,2026-08-14T22:33:10.328
18095,588aca26ed1bfc095abf2de16bf97b57,13688,99.0,3,1786721591328,2026-08-14T22:33:11.328
18096,588aca26ed1bfc095abf2de16bf97b57,13689,99.0,3,1786721592328,2026-08-14T22:33:12.328
18097,588aca26ed1bfc095abf2de16bf97b57,13690,98.0,3,1786721593328,2026-08-14T22:33:13.328
18098,588aca26ed1bfc095abf2de16bf97b57,13691,98.0,3,1786721594329,2026-08-14T22:33:14.329
18099,588aca26ed1bfc095abf2de16bf97b57,13692,99.0,3,1786721595327,2026-08-14T22:33:15.327
18100,588aca26ed1bfc095abf2de16bf97b57,13693,101.0,3,1786721596328,2026-08-14T22:33:16.328
18101,588aca26ed1bfc095abf2de16bf97b57,13694,102.0,3,1786721597327,2026-08-14T22:33:17.327
18102,588aca26ed1bfc095abf2de16bf97b57,13695,103.0,3,1786721598328,2026-08-14T22:33:18.328
18103,588aca26ed1bfc095abf2de16bf97b57,13696,102.0,3,1786721599328,2026-08-14T22:33:19.328
18104,588aca26ed1bfc095abf2de16bf97b57,13697,100.0,3,1786721600330,2026-08-14T22:33:20.330
18105,588aca26ed1bfc095abf2de16bf97b57,13698,100.0,3,1786721601328,2026-08-14T22:33:21.328
18106,588aca26ed1bfc095abf2de16bf97b57,13699,98.0,3,1786721602331,2026-08-14T22:33:22.331
18107,588aca26ed1bfc095abf2de16bf97b57,13700,98.0,3,1786721603328,2026-08-14T22:33:23.328
18108,588aca26ed1bfc095abf2de16bf97b57,13701,96.0,3,1786721604328,2026-08-14T22:33:24.328
18109,588aca26ed1bfc095abf2de16bf97b57,13702,95.0,3,1786721605328,2026-08-14T22:33:25.328
18110,588aca26ed1bfc095abf2de16bf97b57,13703,93.0,3,1786721606328,2026-08-14T22:33:26.328
18111,588aca26ed1bfc095abf2de16bf97b57,13704,92.0,3,1786721607327,2026-08-14T22:33:27.327
18112,588aca26ed1bfc095abf2de16bf97b57,13705,91.0,3,1786721608332,2026-08-14T22:33:28.332
18113,588aca26ed1bfc095abf2de16bf97b57,13706,90.0,3,1786721609336,2026-08-14T22:33:29.336
18114,588aca26ed1bfc095abf2de16bf97b57,13707,89.0,3,1786721610329,2026-08-14T22:33:30.329
18115,588aca26ed1bfc095abf2de16bf97b57,13708,88.0,3,1786721611327,2026-08-14T22:33:31.327
18116,588aca26ed1bfc095abf2de16bf97b57,13709,87.0,3,1786721612327,2026-08-14T22:33:32.327
18117,588aca26ed1bfc095abf2de16bf97b57,13710,86.0,3,1786721613327,2026-08-14T22:33:33.327
18118,588aca26ed1bfc095abf2de16bf97b57,13711,85.0,3,1786721614327,2026-08-14T22:33:34.327
18119,588aca26ed1bfc095abf2de16bf97b57,13712,85.0,3,1786721615330,2026-08-14T22:33:35.330
18120,588aca26ed1bfc095abf2de16bf97b57,13713,85.0,3,1786721616328,2026-08-14T22:33:36.328
18121,588aca26ed1bfc095abf2de16bf97b57,13714,86.0,3,1786721617328,2026-08-14T22:33:37.328
18122,588aca26ed1bfc095abf2de16bf97b57,13715,87.0,3,1786721618328,2026-08-14T22:33:38.328
18123,588aca26ed1bfc095abf2de16bf97b57,13716,88.0,3,1786721619328,2026-08-14T22:33:39.328
18124,588aca26ed1bfc095abf2de16bf97b57,13717,88.0,3,1786721620327,2026-08-14T22:33:40.327
18125,588aca26ed1bfc095abf2de16bf97b57,13718,87.0,3,1786721621328,2026-08-14T22:33:41.328
18126,588aca26ed1bfc095abf2de16bf97b57,13719,86.0,3,1786721622328,2026-08-14T22:33:42.328
18127,588aca26ed1bfc095abf2de16bf97b57,13720,86.0,3,1786721623328,2026-08-14T22:33:43.328
18128,588aca26ed1bfc095abf2de16bf97b57,13721,85.0,3,1786721624328,2026-08-14T22:33:44.328
18129,588aca26ed1bfc095abf2de16bf97b57,13722,85.0,3,1786721625328,2026-08-14T22:33:45.328
18130,588aca26ed1bfc095abf2de16bf97b57,13723,85.0,3,1786721626328,2026-08-14T22:33:46.328
18131,588aca26ed1bfc095abf2de16bf97b57,13724,85.0,3,1786721627328,2026-08-14T22:33:47.328
18132,588aca26ed1bfc095abf2de16bf97b57,13725,85.0,3,1786721628328,2026-08-14T22:33:48.328
18133,588aca26ed1bfc095abf2de16bf97b57,13726,85.0,3,1786721629329,2026-08-14T22:33:49.329
18134,588aca26ed1bfc095abf2de16bf97b57,13727,85.0,3,1786721630329,2026-08-14T22:33:50.329
18135,588aca26ed1bfc095abf2de16bf97b57,13728,86.0,3,1786721631339,2026-08-14T22:33:51.339
18136,588aca26ed1bfc095abf2de16bf97b57,13729,86.0,3,1786721632329,2026-08-14T22:33:52.329
18137,588aca26ed1bfc095abf2de16bf97b57,13730,86.0,3,1786721633329,2026-08-14T22:33:53.329
18138,588aca26ed1bfc095abf2de16bf97b57,13731,87.0,3,1786721634331,2026-08-14T22:33:54.331
18139,588aca26ed1bfc095abf2de16bf97b57,13732,88.0,3,1786721635328,2026-08-14T22:33:55.328
18140,588aca26ed1bfc095abf2de16bf97b57,13733,88.0,3,1786721636327,2026-08-14T22:33:56.327
18141,588aca26ed1bfc095abf2de16bf97b57,13734,89.0,3,1786721637328,2026-08-14T22:33:57.328
18142,588aca26ed1bfc095abf2de16bf97b57,13735,88.0,3,1786721638328,2026-08-14T22:33:58.328
18143,588aca26ed1bfc095abf2de16bf97b57,13736,88.0,3,1786721639328,2026-08-14T22:33:59.328
18144,588aca26ed1bfc095abf2de16bf97b57,13737,87.0,3,1786721640328,2026-08-14T22:34:00.328
18145,588aca26ed1bfc095abf2de16bf97b57,13738,86.0,3,1786721641328,2026-08-14T22:34:01.328
18146,588aca26ed1bfc095abf2de16bf97b57,13739,85.0,3,1786721642328,2026-08-14T22:34:02.328
18147,588aca26ed1bfc095abf2de16bf97b57,13740,85.0,3,1786721643328,2026-08-14T22:34:03.328
18148,588aca26ed1bfc095abf2de16bf97b57,13741,84.0,3,1786721644328,2026-08-14T22:34:04.328
18149,588aca26ed1bfc095abf2de16bf97b57,13742,84.0,3,1786721645328,2026-08-14T22:34:05.328
18150,588aca26ed1bfc095abf2de16bf97b57,13743,84.0,3,1786721646328,2026-08-14T22:34:06.328
18151,588aca26ed1bfc095abf2de16bf97b57,13744,83.0,3,1786721647328,2026-08-14T22:34:07.328
18152,588aca26ed1bfc095abf2de16bf97b57,13745,83.0,3,1786721648327,2026-08-14T22:34:08.327
18153,588aca26ed1bfc095abf2de16bf97b57,13746,83.0,3,1786721649328,2026-08-14T22:34:09.328
18154,588aca26ed1bfc095abf2de16bf97b57,13747,83.0,3,1786721650329,2026-08-14T22:34:10.329
18155,588aca26ed1bfc095abf2de16bf97b57,13748,83.0,3,1786721651337,2026-08-14T22:34:11.337
18156,588aca26ed1bfc095abf2de16bf97b57,13749,83.0,3,1786721652335,2026-08-14T22:34:12.335
18157,588aca26ed1bfc095abf2de16bf97b57,13750,83.0,3,1786721653335,2026-08-14T22:34:13.335
18158,588aca26ed1bfc095abf2de16bf97b57,13751,82.0,3,1786721654336,2026-08-14T22:34:14.336
18159,588aca26ed1bfc095abf2de16bf97b57,13752,82.0,3,1786721655334,2026-08-14T22:34:15.334
18160,588aca26ed1bfc095abf2de16bf97b57,13753,83.0,3,1786721656341,2026-08-14T22:34:16.341
18161,588aca26ed1bfc095abf2de16bf97b57,13754,83.0,3,1786721657332,2026-08-14T22:34:17.332
18162,588aca26ed1bfc095abf2de16bf97b57,13755,84.0,3,1786721658329,2026-08-14T22:34:18.329
18163,588aca26ed1bfc095abf2de16bf97b57,13756,85.0,3,1786721659330,2026-08-14T22:34:19.330
18164,588aca26ed1bfc095abf2de16bf97b57,13757,85.0,3,1786721660337,2026-08-14T22:34:20.337
18165,588aca26ed1bfc095abf2de16bf97b57,13758,85.0,3,1786721661327,2026-08-14T22:34:21.327
18166,588aca26ed1bfc095abf2de16bf97b57,13759,84.0,3,1786721662328,2026-08-14T22:34:22.328
18167,588aca26ed1bfc095abf2de16bf97b57,13760,84.0,3,1786721663328,2026-08-14T22:34:23.328
18168,588aca26ed1bfc095abf2de16bf97b57,13761,84.0,3,1786721664328,2026-08-14T22:34:24.328
18169,588aca26ed1bfc095abf2de16bf97b57,13762,85.0,3,1786721665328,2026-08-14T22:34:25.328
18170,588aca26ed1bfc095abf2de16bf97b57,13763,86.0,3,1786721666331,2026-08-14T22:34:26.331
18171,588aca26ed1bfc095abf2de16bf97b57,13764,88.0,3,1786721667329,2026-08-14T22:34:27.329
18172,588aca26ed1bfc095abf2de16bf97b57,13765,89.0,3,1786721668327,2026-08-14T22:34:28.327
18173,588aca26ed1bfc095abf2de16bf97b57,13766,90.0,3,1786721669330,2026-08-14T22:34:29.330
18174,588aca26ed1bfc095abf2de16bf97b57,13767,90.0,3,1786721670328,2026-08-14T22:34:30.328
18175,588aca26ed1bfc095abf2de16bf97b57,13768,89.0,3,1786721671328,2026-08-14T22:34:31.328
18176,588aca26ed1bfc095abf2de16bf97b57,13769,88.0,3,1786721672328,2026-08-14T22:34:32.328
18177,588aca26ed1bfc095abf2de16bf97b57,13770,87.0,3,1786721673328,2026-08-14T22:34:33.328
18178,588aca26ed1bfc095abf2de16bf97b57,13771,87.0,3,1786721674328,2026-08-14T22:34:34.328
18179,588aca26ed1bfc095abf2de16bf97b57,13772,87.0,3,1786721675328,2026-08-14T22:34:35.328
18180,588aca26ed1bfc095abf2de16bf97b57,13773,86.0,3,1786721676328,2026-08-14T22:34:36.328
18181,588aca26ed1bfc095abf2de16bf97b57,13774,85.0,3,1786721677328,2026-08-14T22:34:37.328
18182,588aca26ed1bfc095abf2de16bf97b57,13775,85.0,3,1786721678328,2026-08-14T22:34:38.328
18183,588aca26ed1bfc095abf2de16bf97b57,13776,85.0,3,1786721679328,2026-08-14T22:34:39.328
18184,588aca26ed1bfc095abf2de16bf97b57,13777,89.0,3,1786721680329,2026-08-14T22:34:40.329
18185,588aca26ed1bfc095abf2de16bf97b57,13778,91.0,3,1786721681328,2026-08-14T22:34:41.328
18186,588aca26ed1bfc095abf2de16bf97b57,13779,95.0,3,1786721682329,2026-08-14T22:34:42.329
18187,588aca26ed1bfc095abf2de16bf97b57,13780,98.0,3,1786721683327,2026-08-14T22:34:43.327
18188,588aca26ed1bfc095abf2de16bf97b57,13781,97.0,3,1786721684337,2026-08-14T22:34:44.337
18189,588aca26ed1bfc095abf2de16bf97b57,13782,96.0,3,1786721685334,2026-08-14T22:34:45.334
18190,588aca26ed1bfc095abf2de16bf97b57,13783,97.0,3,1786721686335,2026-08-14T22:34:46.335
18191,588aca26ed1bfc095abf2de16bf97b57,13784,99.0,3,1786721687327,2026-08-14T22:34:47.327
18192,588aca26ed1bfc095abf2de16bf97b57,13785,100.0,3,1786721688333,2026-08-14T22:34:48.333
18193,588aca26ed1bfc095abf2de16bf97b57,13786,101.0,3,1786721689328,2026-08-14T22:34:49.328
18194,588aca26ed1bfc095abf2de16bf97b57,13787,100.0,3,1786721690328,2026-08-14T22:34:50.328
18195,588aca26ed1bfc095abf2de16bf97b57,13788,100.0,3,1786721691328,2026-08-14T22:34:51.328
18196,588aca26ed1bfc095abf2de16bf97b57,13789,100.0,3,1786721692328,2026-08-14T22:34:52.328
18197,588aca26ed1bfc095abf2de16bf97b57,13790,101.0,3,1786721693331,2026-08-14T22:34:53.331
18198,588aca26ed1bfc095abf2de16bf97b57,13791,101.0,3,1786721694327,2026-08-14T22:34:54.327
18199,588aca26ed1bfc095abf2de16bf97b57,13792,101.0,3,1786721695327,2026-08-14T22:34:55.327
18200,588aca26ed1bfc095abf2de16bf97b57,13793,101.0,3,1786721696328,2026-08-14T22:34:56.328
18201,588aca26ed1bfc095abf2de16bf97b57,13794,101.0,3,1786721697328,2026-08-14T22:34:57.328
18202,588aca26ed1bfc095abf2de16bf97b57,13795,100.0,3,1786721698328,2026-08-14T22:34:58.328
18203,588aca26ed1bfc095abf2de16bf97b57,13796,99.0,3,1786721699327,2026-08-14T22:34:59.327
18204,588aca26ed1bfc095abf2de16bf97b57,13797,98.0,3,1786721700345,2026-08-14T22:35:00.345
18205,588aca26ed1bfc095abf2de16bf97b57,13798,97.0,3,1786721701349,2026-08-14T22:35:01.349
18206,588aca26ed1bfc095abf2de16bf97b57,13799,96.0,3,1786721702330,2026-08-14T22:35:02.330
18207,588aca26ed1bfc095abf2de16bf97b57,13800,96.0,3,1786721703347,2026-08-14T22:35:03.347
18208,588aca26ed1bfc095abf2de16bf97b57,13801,96.0,3,1786721704330,2026-08-14T22:35:04.330
18209,588aca26ed1bfc095abf2de16bf97b57,13802,96.0,3,1786721705328,2026-08-14T22:35:05.328
18210,588aca26ed1bfc095abf2de16bf97b57,13803,95.0,3,1786721706328,2026-08-14T22:35:06.328
18211,588aca26ed1bfc095abf2de16bf97b57,13804,95.0,3,1786721707328,2026-08-14T22:35:07.328
18212,588aca26ed1bfc095abf2de16bf97b57,13805,95.0,3,1786721708328,2026-08-14T22:35:08.328
18213,588aca26ed1bfc095abf2de16bf97b57,13806,95.0,3,1786721709328,2026-08-14T22:35:09.328
18214,588aca26ed1bfc095abf2de16bf97b57,13807,96.0,3,1786721710328,2026-08-14T22:35:10.328
18215,588aca26ed1bfc095abf2de16bf97b57,13808,97.0,3,1786721711330,2026-08-14T22:35:11.330
18216,588aca26ed1bfc095abf2de16bf97b57,13809,98.0,3,1786721712329,2026-08-14T22:35:12.329
18217,588aca26ed1bfc095abf2de16bf97b57,13810,100.0,3,1786721713329,2026-08-14T22:35:13.329
18218,588aca26ed1bfc095abf2de16bf97b57,13811,101.0,3,1786721714328,2026-08-14T22:35:14.328
18219,588aca26ed1bfc095abf2de16bf97b57,13812,101.0,3,1786721715335,2026-08-14T22:35:15.335
18220,588aca26ed1bfc095abf2de16bf97b57,13813,102.0,3,1786721716328,2026-08-14T22:35:16.328
18221,588aca26ed1bfc095abf2de16bf97b57,13814,103.0,3,1786721717328,2026-08-14T22:35:17.328
18222,588aca26ed1bfc095abf2de16bf97b57,13815,103.0,3,1786721718328,2026-08-14T22:35:18.328
18223,588aca26ed1bfc095abf2de16bf97b57,13816,102.0,3,1786721719328,2026-08-14T22:35:19.328
18224,588aca26ed1bfc095abf2de16bf97b57,13817,101.0,3,1786721720328,2026-08-14T22:35:20.328
18225,588aca26ed1bfc095abf2de16bf97b57,13818,100.0,3,1786721721328,2026-08-14T22:35:21.328
18226,588aca26ed1bfc095abf2de16bf97b57,13819,99.0,3,1786721722327,2026-08-14T22:35:22.327
18227,588aca26ed1bfc095abf2de16bf97b57,13820,97.0,3,1786721723329,2026-08-14T22:35:23.329
18228,588aca26ed1bfc095abf2de16bf97b57,13821,96.0,3,1786721724328,2026-08-14T22:35:24.328
18229,588aca26ed1bfc095abf2de16bf97b57,13822,95.0,3,1786721725337,2026-08-14T22:35:25.337
18230,588aca26ed1bfc095abf2de16bf97b57,13823,94.0,3,1786721726335,2026-08-14T22:35:26.335
18231,588aca26ed1bfc095abf2de16bf97b57,13824,93.0,3,1786721727336,2026-08-14T22:35:27.336
18232,588aca26ed1bfc095abf2de16bf97b57,13825,92.0,3,1786721728332,2026-08-14T22:35:28.332
18233,588aca26ed1bfc095abf2de16bf97b57,13826,91.0,3,1786721729334,2026-08-14T22:35:29.334
18234,588aca26ed1bfc095abf2de16bf97b57,13827,89.0,3,1786721730333,2026-08-14T22:35:30.333
18235,588aca26ed1bfc095abf2de16bf97b57,13828,88.0,3,1786721731332,2026-08-14T22:35:31.332
