id,device_id,bpm,accuracy,time_ms,time_iso,synced,fresh
12571,588aca26ed1bfc095abf2de16bf97b57,100.0,3,1786720474328,2026-08-14T22:14:34.328,1,1
12572,588aca26ed1bfc095abf2de16bf97b57,100.0,-1,1786720475327,2026-08-14T22:14:35.327,1,0
12573,588aca26ed1bfc095abf2de16bf97b57,100.0,-1,1786720476327,2026-08-14T22:14:36.327,1,0
12574,588aca26ed1bfc095abf2de16bf97b57,100.0,-1,1786720477328,2026-08-14T22:14:37.328,1,0
12575,588aca26ed1bfc095abf2de16bf97b57,100.0,-1,1786720478327,2026-08-14T22:14:38.327,1,0
12576,588aca26ed1bfc095abf2de16bf97b57,100.0,-1,1786720479328,2026-08-14T22:14:39.328,1,0
12577,588aca26ed1bfc095abf2de16bf97b57,100.0,-1,1786720480327,2026-08-14T22:14:40.327,1,0
12578,588aca26ed1bfc095abf2de16bf97b57,100.0,-1,1786720481327,2026-08-14T22:14:41.327,1,0
12579,588aca26ed1bfc095abf2de16bf97b57,100.0,-1,1786720482327,2026-08-14T22:14:42.327,1,0
12580,588aca26ed1bfc095abf2de16bf97b57,100.0,-1,1786720483327,2026-08-14T22:14:43.327,1,0
12581,588aca26ed1bfc095abf2de16bf97b57,96.0,3,1786720484327,2026-08-14T22:14:44.327,1,1
12582,588aca26ed1bfc095abf2de16bf97b57,95.0,3,1786720485327,2026-08-14T22:14:45.327,1,1
12583,588aca26ed1bfc095abf2de16bf97b57,94.0,3,1786720486327,2026-08-14T22:14:46.327,1,1
12584,588aca26ed1bfc095abf2de16bf97b57,94.0,3,1786720487328,2026-08-14T22:14:47.328,1,1
12585,588aca26ed1bfc095abf2de16bf97b57,95.0,3,1786720488327,2026-08-14T22:14:48.327,1,1
12586,588aca26ed1bfc095abf2de16bf97b57,96.0,3,1786720489331,2026-08-14T22:14:49.331,1,1
12587,588aca26ed1bfc095abf2de16bf97b57,96.0,3,1786720490329,2026-08-14T22:14:50.329,1,1
12588,588aca26ed1bfc095abf2de16bf97b57,95.0,3,1786720491331,2026-08-14T22:14:51.331,1,1
12589,588aca26ed1bfc095abf2de16bf97b57,94.0,3,1786720492329,2026-08-14T22:14:52.329,1,1
12590,588aca26ed1bfc095abf2de16bf97b57,95.0,3,1786720493328,2026-08-14T22:14:53.328,1,1
12591,588aca26ed1bfc095abf2de16bf97b57,96.0,3,1786720494329,2026-08-14T22:14:54.329,1,1
12592,588aca26ed1bfc095abf2de16bf97b57,95.0,3,1786720495329,2026-08-14T22:14:55.329,1,1
12593,588aca26ed1bfc095abf2de16bf97b57,94.0,3,1786720496329,2026-08-14T22:14:56.329,1,1
12594,588aca26ed1bfc095abf2de16bf97b57,92.0,3,1786720497327,2026-08-14T22:14:57.327,1,1
12595,588aca26ed1bfc095abf2de16bf97b57,91.0,3,1786720498331,2026-08-14T22:14:58.331,1,1
12596,588aca26ed1bfc095abf2de16bf97b57,90.0,3,1786720499328,2026-08-14T22:14:59.328,1,1
12597,588aca26ed1bfc095abf2de16bf97b57,89.0,3,1786720500328,2026-08-14T22:15:00.328,1,1
12598,588aca26ed1bfc095abf2de16bf97b57,89.0,3,1786720501329,2026-08-14T22:15:01.329,1,1
12599,588aca26ed1bfc095abf2de16bf97b57,89.0,3,1786720502328,2026-08-14T22:15:02.328,1,1
12600,588aca26ed1bfc095abf2de16bf97b57,90.0,3,1786720503328,2026-08-14T22:15:03.328,1,1
12601,588aca26ed1bfc095abf2de16bf97b57,89.0,3,1786720504328,2026-08-14T22:15:04.328,1,1
12602,588aca26ed1bfc095abf2de16bf97b57,89.0,3,1786720505327,2026-08-14T22:15:05.327,1,1
12603,588aca26ed1bfc095abf2de16bf97b57,90.0,3,1786720506328,2026-08-14T22:15:06.328,1,1
12604,588aca26ed1bfc095abf2de16bf97b57,91.0,3,1786720507328,2026-08-14T22:15:07.328,1,1
12605,588aca26ed1bfc095abf2de16bf97b57,92.0,3,1786720508329,2026-08-14T22:15:08.329,1,1
12606,588aca26ed1bfc095abf2de16bf97b57,92.0,3,1786720509328,2026-08-14T22:15:09.328,1,1
12607,588aca26ed1bfc095abf2de16bf97b57,91.0,3,1786720510328,2026-08-14T22:15:10.328,1,1
12608,588aca26ed1bfc095abf2de16bf97b57,89.0,3,1786720511328,2026-08-14T22:15:11.328,1,1
12609,588aca26ed1bfc095abf2de16bf97b57,88.0,3,1786720512328,2026-08-14T22:15:12.328,1,1
12610,588aca26ed1bfc095abf2de16bf97b57,87.0,3,1786720513328,2026-08-14T22:15:13.328,1,1
12611,588aca26ed1bfc095abf2de16bf97b57,87.0,3,1786720514328,2026-08-14T22:15:14.328,1,1
12612,588aca26ed1bfc095abf2de16bf97b57,88.0,3,1786720515328,2026-08-14T22:15:15.328,1,1
12613,588aca26ed1bfc095abf2de16bf97b57,89.0,3,1786720516328,2026-08-14T22:15:16.328,1,1
12614,588aca26ed1bfc095abf2de16bf97b57,90.0,3,1786720517327,2026-08-14T22:15:17.327,1,1
12615,588aca26ed1bfc095abf2de16bf97b57,91.0,3,1786720518328,2026-08-14T22:15:18.328,1,1
12616,588aca26ed1bfc095abf2de16bf97b57,91.0,3,1786720519327,2026-08-14T22:15:19.327,1,1
12617,588aca26ed1bfc095abf2de16bf97b57,91.0,3,1786720520329,2026-08-14T22:15:20.329,1,1
12618,588aca26ed1bfc095abf2de16bf97b57,90.0,3,1786720521328,2026-08-14T22:15:21.328,1,1
12619,588aca26ed1bfc095abf2de16bf97b57,90.0,3,1786720522327,2026-08-14T22:15:22.327,1,1
12620,588aca26ed1bfc095abf2de16bf97b57,90.0,3,1786720523329,2026-08-14T22:15:23.329,1,1
12621,588aca26ed1bfc095abf2de16bf97b57,90.0,3,1786720524329,2026-08-14T22:15:24.329,1,1
12622,588aca26ed1bfc095abf2de16bf97b57,90.0,3,1786720525330,2026-08-14T22:15:25.330,1,1
12623,588aca26ed1bfc095abf2de16bf97b57,89.0,3,1786720526330,2026-08-14T22:15:26.330,1,1
12624,588aca26ed1bfc095abf2de16bf97b57,89.0,3,1786720527327,2026-08-14T22:15:27.327,1,1
12625,588aca26ed1bfc095abf2de16bf97b57,89.0,3,1786720528328,2026-08-14T22:15:28.328,1,1
12626,588aca26ed1bfc095abf2de16bf97b57,88.0,3,1786720529328,2026-08-14T22:15:29.328,1,1
12627,588aca26ed1bfc095abf2de16bf97b57,89.0,3,1786720530336,2026-08-14T22:15:30.336,1,1
12628,588aca26ed1bfc095abf2de16bf97b57,89.0,3,1786720531335,2026-08-14T22:15:31.335,1,1
12629,588aca26ed1bfc095abf2de16bf97b57,89.0,3,1786720532334,2026-08-14T22:15:32.334,1,1
12630,588aca26ed1bfc095abf2de16bf97b57,90.0,3,1786720533332,2026-08-14T22:15:33.332,1,1
12631,588aca26ed1bfc095abf2de16bf97b57,91.0,3,1786720534331,2026-08-14T22:15:34.331,1,1
12632,588aca26ed1bfc095abf2de16bf97b57,91.0,3,1786720535328,2026-08-14T22:15:35.328,1,1
12633,588aca26ed1bfc095abf2de16bf97b57,91.0,3,1786720536328,2026-08-14T22:15:36.328,1,1
12634,588aca26ed1bfc095abf2de16bf97b57,91.0,3,1786720537328,2026-08-14T22:15:37.328,1,1
12635,588aca26ed1bfc095abf2de16bf97b57,91.0,3,1786720538328,2026-08-14T22:15:38.328,1,1
12636,588aca26ed1bfc095abf2de16bf97b57,91.0,3,1786720539328,2026-08-14T22:15:39.328,1,1
12637,588aca26ed1bfc095abf2de16bf97b57,91.0,3,1786720540330,2026-08-14T22:15:40.330,1,1
12638,588aca26ed1bfc095abf2de16bf97b57,90.0,3,1786720541328,2026-08-14T22:15:41.328,1,1
12639,588aca26ed1bfc095abf2de16bf97b57,90.0,3,1786720542328,2026-08-14T22:15:42.328,1,1
12640,588aca26ed1bfc095abf2de16bf97b57,90.0,3,1786720543328,2026-08-14T22:15:43.328,1,1
12641,588aca26ed1bfc095abf2de16bf97b57,91.0,3,1786720544327,2026-08-14T22:15:44.327,1,1
12642,588aca26ed1bfc095abf2de16bf97b57,92.0,3,1786720545328,2026-08-14T22:15:45.328,1,1
12643,588aca26ed1bfc095abf2de16bf97b57,92.0,3,1786720546329,2026-08-14T22:15:46.329,1,1
12644,588aca26ed1bfc095abf2de16bf97b57,93.0,3,1786720547328,2026-08-14T22:15:47.328,1,1
12645,588aca26ed1bfc095abf2de16bf97b57,94.0,3,1786720548328,2026-08-14T22:15:48.328,1,1
12646,588aca26ed1bfc095abf2de16bf97b57,93.0,3,1786720549328,2026-08-14T22:15:49.328,1,1
12647,588aca26ed1bfc095abf2de16bf97b57,93.0,3,1786720550339,2026-08-14T22:15:50.339,1,1
12648,588aca26ed1bfc095abf2de16bf97b57,92.0,3,1786720551335,2026-08-14T22:15:51.335,1,1
12649,588aca26ed1bfc095abf2de16bf97b57,92.0,3,1786720552333,2026-08-14T22:15:52.333,1,1
12650,588aca26ed1bfc095abf2de16bf97b57,93.0,3,1786720553330,2026-08-14T22:15:53.330,1,1
12651,588aca26ed1bfc095abf2de16bf97b57,92.0,3,1786720554329,2026-08-14T22:15:54.329,1,1
12652,588aca26ed1bfc095abf2de16bf97b57,92.0,3,1786720555328,2026-08-14T22:15:55.328,1,1
12653,588aca26ed1bfc095abf2de16bf97b57,91.0,3,1786720556328,2026-08-14T22:15:56.328,1,1
12654,588aca26ed1bfc095abf2de16bf97b57,92.0,3,1786720557328,2026-08-14T22:15:57.328,1,1
12655,588aca26ed1bfc095abf2de16bf97b57,92.0,3,1786720558328,2026-08-14T22:15:58.328,1,1
12656,588aca26ed1bfc095abf2de16bf97b57,93.0,3,1786720559330,2026-08-14T22:15:59.330,1,1
12657,588aca26ed1bfc095abf2de16bf97b57,93.0,3,1786720560328,2026-08-14T22:16:00.328,1,1
12658,588aca26ed1bfc095abf2de16bf97b57,92.0,3,1786720561328,2026-08-14T22:16:01.328,1,1
12659,588aca26ed1bfc095abf2de16bf97b57,92.0,3,1786720562328,2026-08-14T22:16:02.328,1,1
12660,588aca26ed1bfc095abf2de16bf97b57,91.0,3,1786720563328,2026-08-14T22:16:03.328,1,1
12661,588aca26ed1bfc095abf2de16bf97b57,91.0,3,1786720564328,2026-08-14T22:16:04.328,1,1
12662,588aca26ed1bfc095abf2de16bf97b57,91.0,3,1786720565339,2026-08-14T22:16:05.339,1,1
12663,588aca26ed1bfc095abf2de16bf97b57,91.0,3,1786720566336,2026-08-14T22:16:06.336,1,1
12664,588aca26ed1bfc095abf2de16bf97b57,92.0,3,1786720567328,2026-08-14T22:16:07.328,1,1
12665,588aca26ed1bfc095abf2de16bf97b57,93.0,3,1786720568329,2026-08-14T22:16:08.329,1,1
12666,588aca26ed1bfc095abf2de16bf97b57,93.0,3,1786720569330,2026-08-14T22:16:09.330,1,1
12667,588aca26ed1bfc095abf2de16bf97b57,93.0,3,1786720570328,2026-08-14T22:16:10.328,1,1
12668,588aca26ed1bfc095abf2de16bf97b57,94.0,3,1786720571328,2026-08-14T22:16:11.328,1,1
12669,588aca26ed1bfc095abf2de16bf97b57,93.0,3,1786720572328,2026-08-14T22:16:12.328,1,1
12670,588aca26ed1bfc095abf2de16bf97b57,93.0,3,1786720573328,2026-08-14T22:16:13.328,1,1
12671,588aca26ed1bfc095abf2de16bf97b57,93.0,3,1786720574329,2026-08-14T22:16:14.329,1,1
12672,588aca26ed1bfc095abf2de16bf97b57,93.0,3,1786720575329,2026-08-14T22:16:15.329,1,1
12673,588aca26ed1bfc095abf2de16bf97b57,93.0,3,1786720576328,2026-08-14T22:16:16.328,1,1
12674,588aca26ed1bfc095abf2de16bf97b57,93.0,3,1786720577328,2026-08-14T22:16:17.328,1,1
12675,588aca26ed1bfc095abf2de16bf97b57,92.0,3,1786720578328,2026-08-14T22:16:18.328,1,1
12676,588aca26ed1bfc095abf2de16bf97b57,92.0,3,1786720579328,2026-08-14T22:16:19.328,1,1
12677,588aca26ed1bfc095abf2de16bf97b57,91.0,3,1786720580328,2026-08-14T22:16:20.328,1,1
12678,588aca26ed1bfc095abf2de16bf97b57,91.0,3,1786720581328,2026-08-14T22:16:21.328,1,1
12679,588aca26ed1bfc095abf2de16bf97b57,90.0,3,1786720582333,2026-08-14T22:16:22.333,1,1
12680,588aca26ed1bfc095abf2de16bf97b57,91.0,3,1786720583333,2026-08-14T22:16:23.333,1,1
12681,588aca26ed1bfc095abf2de16bf97b57,91.0,3,1786720584332,2026-08-14T22:16:24.332,1,1
12682,588aca26ed1bfc095abf2de16bf97b57,90.0,3,1786720585329,2026-08-14T22:16:25.329,1,1
12683,588aca26ed1bfc095abf2de16bf97b57,90.0,3,1786720586328,2026-08-14T22:16:26.328,1,1
12684,588aca26ed1bfc095abf2de16bf97b57,90.0,3,1786720587327,2026-08-14T22:16:27.327,1,1
12685,588aca26ed1bfc095abf2de16bf97b57,90.0,3,1786720588328,2026-08-14T22:16:28.328,1,1
12686,588aca26ed1bfc095abf2de16bf97b57,90.0,3,1786720589328,2026-08-14T22:16:29.328,1,1
12687,588aca26ed1bfc095abf2de16bf97b57,90.0,3,1786720590328,2026-08-14T22:16:30.328,1,1
12688,588aca26ed1bfc095abf2de16bf97b57,91.0,3,1786720591328,2026-08-14T22:16:31.328,1,1
12689,588aca26ed1bfc095abf2de16bf97b57,91.0,3,1786720592328,2026-08-14T22:16:32.328,1,1
12690,588aca26ed1bfc095abf2de16bf97b57,91.0,3,1786720593328,2026-08-14T22:16:33.328,1,1
12691,588aca26ed1bfc095abf2de16bf97b57,90.0,3,1786720594328,2026-08-14T22:16:34.328,1,1
12692,588aca26ed1bfc095abf2de16bf97b57,90.0,3,1786720595327,2026-08-14T22:16:35.327,1,1
12693,588aca26ed1bfc095abf2de16bf97b57,89.0,3,1786720596328,2026-08-14T22:16:36.328,1,1
12694,588aca26ed1bfc095abf2de16bf97b57,88.0,3,1786720597329,2026-08-14T22:16:37.329,1,1
12695,588aca26ed1bfc095abf2de16bf97b57,87.0,3,1786720598334,2026-08-14T22:16:38.334,1,1
12696,588aca26ed1bfc095abf2de16bf97b57,87.0,3,1786720599336,2026-08-14T22:16:39.336,1,1
12697,588aca26ed1bfc095abf2de16bf97b57,86.0,3,1786720600336,2026-08-14T22:16:40.336,1,1
12698,588aca26ed1bfc095abf2de16bf97b57,86.0,3,1786720601334,2026-08-14T22:16:41.334,1,1
12699,588aca26ed1bfc095abf2de16bf97b57,85.0,3,1786720602335,2026-08-14T22:16:42.335,1,1
12700,588aca26ed1bfc095abf2de16bf97b57,84.0,3,1786720603331,2026-08-14T22:16:43.331,1,1
12701,588aca26ed1bfc095abf2de16bf97b57,84.0,3,1786720604334,2026-08-14T22:16:44.334,1,1
12702,588aca26ed1bfc095abf2de16bf97b57,85.0,3,1786720605333,2026-08-14T22:16:45.333,1,1
12703,588aca26ed1bfc095abf2de16bf97b57,85.0,3,1786720606331,2026-08-14T22:16:46.331,1,1
12704,588aca26ed1bfc095abf2de16bf97b57,86.0,3,1786720607331,2026-08-14T22:16:47.331,1,1
12705,588aca26ed1bfc095abf2de16bf97b57,86.0,3,1786720608327,2026-08-14T22:16:48.327,1,1
12706,588aca26ed1bfc095abf2de16bf97b57,86.0,3,1786720609328,2026-08-14T22:16:49.328,1,1
12707,588aca26ed1bfc095abf2de16bf97b57,86.0,3,1786720610328,2026-08-14T22:16:50.328,1,1
12708,588aca26ed1bfc095abf2de16bf97b57,86.0,3,1786720611328,2026-08-14T22:16:51.328,1,1
12709,588aca26ed1bfc095abf2de16bf97b57,87.0,3,1786720612327,2026-08-14T22:16:52.327,1,1
12710,588aca26ed1bfc095abf2de16bf97b57,86.0,3,1786720613328,2026-08-14T22:16:53.328,1,1
12711,588aca26ed1bfc095abf2de16bf97b57,86.0,3,1786720614328,2026-08-14T22:16:54.328,1,1
12712,588aca26ed1bfc095abf2de16bf97b57,87.0,3,1786720615330,2026-08-14T22:16:55.330,1,1
12713,588aca26ed1bfc095abf2de16bf97b57,87.0,3,1786720616328,2026-08-14T22:16:56.328,1,1
12714,588aca26ed1bfc095abf2de16bf97b57,86.0,3,1786720617328,2026-08-14T22:16:57.328,1,1
12715,588aca26ed1bfc095abf2de16bf97b57,86.0,3,1786720618328,2026-08-14T22:16:58.328,1,1
12716,588aca26ed1bfc095abf2de16bf97b57,84.0,3,1786720619327,2026-08-14T22:16:59.327,1,1
12717,588aca26ed1bfc095abf2de16bf97b57,84.0,3,1786720620328,2026-08-14T22:17:00.328,1,1
12718,588aca26ed1bfc095abf2de16bf97b57,84.0,3,1786720621328,2026-08-14T22:17:01.328,1,1
12719,588aca26ed1bfc095abf2de16bf97b57,84.0,3,1786720622328,2026-08-14T22:17:02.328,1,1
12720,588aca26ed1bfc095abf2de16bf97b57,84.0,3,1786720623328,2026-08-14T22:17:03.328,1,1
12721,588aca26ed1bfc095abf2de16bf97b57,84.0,3,1786720624328,2026-08-14T22:17:04.328,1,1
12722,588aca26ed1bfc095abf2de16bf97b57,84.0,3,1786720625328,2026-08-14T22:17:05.328,1,1
12723,588aca26ed1bfc095abf2de16bf97b57,83.0,3,1786720626328,2026-08-14T22:17:06.328,1,1
12724,588aca26ed1bfc095abf2de16bf97b57,83.0,3,1786720627328,2026-08-14T22:17:07.328,1,1
12725,588aca26ed1bfc095abf2de16bf97b57,83.0,3,1786720628328,2026-08-14T22:17:08.328,1,1
12726,588aca26ed1bfc095abf2de16bf97b57,83.0,3,1786720629327,2026-08-14T22:17:09.327,1,1
12727,588aca26ed1bfc095abf2de16bf97b57,83.0,3,1786720630328,2026-08-14T22:17:10.328,1,1
12728,588aca26ed1bfc095abf2de16bf97b57,82.0,3,1786720631327,2026-08-14T22:17:11.327,1,1
12729,588aca26ed1bfc095abf2de16bf97b57,82.0,3,1786720632328,2026-08-14T22:17:12.328,1,1
12730,588aca26ed1bfc095abf2de16bf97b57,82.0,3,1786720633328,2026-08-14T22:17:13.328,1,1
12731,588aca26ed1bfc095abf2de16bf97b57,82.0,3,1786720634327,2026-08-14T22:17:14.327,1,1
12732,588aca26ed1bfc095abf2de16bf97b57,83.0,3,1786720635328,2026-08-14T22:17:15.328,1,1
12733,588aca26ed1bfc095abf2de16bf97b57,83.0,3,1786720636335,2026-08-14T22:17:16.335,1,1
12734,588aca26ed1bfc095abf2de16bf97b57,83.0,3,1786720637336,2026-08-14T22:17:17.336,1,1
12735,588aca26ed1bfc095abf2de16bf97b57,83.0,3,1786720638333,2026-08-14T22:17:18.333,1,1
12736,588aca26ed1bfc095abf2de16bf97b57,84.0,3,1786720639332,2026-08-14T22:17:19.332,1,1
12737,588aca26ed1bfc095abf2de16bf97b57,83.0,3,1786720640335,2026-08-14T22:17:20.335,1,1
12738,588aca26ed1bfc095abf2de16bf97b57,82.0,3,1786720641334,2026-08-14T22:17:21.334,1,1
12739,588aca26ed1bfc095abf2de16bf97b57,82.0,3,1786720642335,2026-08-14T22:17:22.335,1,1
12740,588aca26ed1bfc095abf2de16bf97b57,82.0,3,1786720643335,2026-08-14T22:17:23.335,1,1
12741,588aca26ed1bfc095abf2de16bf97b57,82.0,3,1786720644336,2026-08-14T22:17:24.336,1,1
12742,588aca26ed1bfc095abf2de16bf97b57,82.0,3,1786720645336,2026-08-14T22:17:25.336,1,1
12743,588aca26ed1bfc095abf2de16bf97b57,82.0,3,1786720646333,2026-08-14T22:17:26.333,1,1
12744,588aca26ed1bfc095abf2de16bf97b57,82.0,3,1786720647335,2026-08-14T22:17:27.335,1,1
12745,588aca26ed1bfc095abf2de16bf97b57,82.0,3,1786720648345,2026-08-14T22:17:28.345,1,1
12746,588aca26ed1bfc095abf2de16bf97b57,82.0,3,1786720649341,2026-08-14T22:17:29.341,1,1
12747,588aca26ed1bfc095abf2de16bf97b57,82.0,3,1786720650340,2026-08-14T22:17:30.340,1,1
12748,588aca26ed1bfc095abf2de16bf97b57,81.0,3,1786720651344,2026-08-14T22:17:31.344,1,1
12749,588aca26ed1bfc095abf2de16bf97b57,81.0,3,1786720652327,2026-08-14T22:17:32.327,1,1
12750,588aca26ed1bfc095abf2de16bf97b57,80.0,3,1786720653328,2026-08-14T22:17:33.328,1,1
12751,588aca26ed1bfc095abf2de16bf97b57,79.0,3,1786720654328,2026-08-14T22:17:34.328,1,1
12752,588aca26ed1bfc095abf2de16bf97b57,79.0,3,1786720655330,2026-08-14T22:17:35.330,1,0
12753,588aca26ed1bfc095abf2de16bf97b57,80.0,3,1786720656331,2026-08-14T22:17:36.331,1,1
12754,588aca26ed1bfc095abf2de16bf97b57,81.0,3,1786720657328,2026-08-14T22:17:37.328,1,1
12755,588aca26ed1bfc095abf2de16bf97b57,81.0,3,1786720658328,2026-08-14T22:17:38.328,1,1
12756,588aca26ed1bfc095abf2de16bf97b57,82.0,3,1786720659328,2026-08-14T22:17:39.328,1,1
12757,588aca26ed1bfc095abf2de16bf97b57,83.0,3,1786720660328,2026-08-14T22:17:40.328,1,1
12758,588aca26ed1bfc095abf2de16bf97b57,83.0,3,1786720661329,2026-08-14T22:17:41.329,1,1
12759,588aca26ed1bfc095abf2de16bf97b57,84.0,3,1786720662328,2026-08-14T22:17:42.328,1,1
12760,588aca26ed1bfc095abf2de16bf97b57,85.0,3,1786720663329,2026-08-14T22:17:43.329,1,1
12761,588aca26ed1bfc095abf2de16bf97b57,85.0,3,1786720664329,2026-08-14T22:17:44.329,1,1
12762,588aca26ed1bfc095abf2de16bf97b57,85.0,3,1786720665328,2026-08-14T22:17:45.328,1,1
12763,588aca26ed1bfc095abf2de16bf97b57,85.0,3,1786720666328,2026-08-14T22:17:46.328,1,1
12764,588aca26ed1bfc095abf2de16bf97b57,85.0,3,1786720667329,2026-08-14T22:17:47.329,1,1
12765,588aca26ed1bfc095abf2de16bf97b57,86.0,3,1786720668328,2026-08-14T22:17:48.328,1,1
12766,588aca26ed1bfc095abf2de16bf97b57,87.0,3,1786720669328,2026-08-14T22:17:49.328,1,1
12767,588aca26ed1bfc095abf2de16bf97b57,87.0,3,1786720670328,2026-08-14T22:17:50.328,1,1
12768,588aca26ed1bfc095abf2de16bf97b57,87.0,3,1786720671328,2026-08-14T22:17:51.328,1,1
12769,588aca26ed1bfc095abf2de16bf97b57,86.0,3,1786720672328,2026-08-14T22:17:52.328,1,1
12770,588aca26ed1bfc095abf2de16bf97b57,85.0,3,1786720673328,2026-08-14T22:17:53.328,1,1
12771,588aca26ed1bfc095abf2de16bf97b57,85.0,3,1786720674328,2026-08-14T22:17:54.328,1,1
12772,588aca26ed1bfc095abf2de16bf97b57,84.0,3,1786720675328,2026-08-14T22:17:55.328,1,1
12773,588aca26ed1bfc095abf2de16bf97b57,84.0,3,1786720676328,2026-08-14T22:17:56.328,1,1
12774,588aca26ed1bfc095abf2de16bf97b57,85.0,3,1786720677327,2026-08-14T22:17:57.327,1,1
12775,588aca26ed1bfc095abf2de16bf97b57,86.0,3,1786720678334,2026-08-14T22:17:58.334,1,1
12776,588aca26ed1bfc095abf2de16bf97b57,86.0,3,1786720679334,2026-08-14T22:17:59.334,1,1
12777,588aca26ed1bfc095abf2de16bf97b57,86.0,3,1786720680329,2026-08-14T22:18:00.329,1,1
12778,588aca26ed1bfc095abf2de16bf97b57,85.0,3,1786720681331,2026-08-14T22:18:01.331,1,1
12779,588aca26ed1bfc095abf2de16bf97b57,84.0,3,1786720682330,2026-08-14T22:18:02.330,1,1
12780,588aca26ed1bfc095abf2de16bf97b57,83.0,3,1786720683334,2026-08-14T22:18:03.334,1,1
12781,588aca26ed1bfc095abf2de16bf97b57,83.0,3,1786720684335,2026-08-14T22:18:04.335,1,1
12782,588aca26ed1bfc095abf2de16bf97b57,83.0,3,1786720685328,2026-08-14T22:18:05.328,1,1
12783,588aca26ed1bfc095abf2de16bf97b57,82.0,3,1786720686329,2026-08-14T22:18:06.329,1,1
12784,588aca26ed1bfc095abf2de16bf97b57,83.0,3,1786720687328,2026-08-14T22:18:07.328,1,1
12785,588aca26ed1bfc095abf2de16bf97b57,83.0,3,1786720688327,2026-08-14T22:18:08.327,1,1
12786,588aca26ed1bfc095abf2de16bf97b57,83.0,3,1786720689328,2026-08-14T22:18:09.328,1,1
12787,588aca26ed1bfc095abf2de16bf97b57,83.0,3,1786720690329,2026-08-14T22:18:10.329,1,1
12788,588aca26ed1bfc095abf2de16bf97b57,83.0,3,1786720691330,2026-08-14T22:18:11.330,1,1
12789,588aca26ed1bfc095abf2de16bf97b57,83.0,3,1786720692330,2026-08-14T22:18:12.330,1,1
12790,588aca26ed1bfc095abf2de16bf97b57,84.0,3,1786720693330,2026-08-14T22:18:13.330,1,1
12791,588aca26ed1bfc095abf2de16bf97b57,84.0,3,1786720694328,2026-08-14T22:18:14.328,1,1
12792,588aca26ed1bfc095abf2de16bf97b57,84.0,3,1786720695327,2026-08-14T22:18:15.327,1,1
12793,588aca26ed1bfc095abf2de16bf97b57,84.0,3,1786720696328,2026-08-14T22:18:16.328,1,1
12794,588aca26ed1bfc095abf2de16bf97b57,85.0,3,1786720697328,2026-08-14T22:18:17.328,1,1
12795,588aca26ed1bfc095abf2de16bf97b57,86.0,3,1786720698328,2026-08-14T22:18:18.328,1,1
12796,588aca26ed1bfc095abf2de16bf97b57,85.0,3,1786720699328,2026-08-14T22:18:19.328,1,1
12797,588aca26ed1bfc095abf2de16bf97b57,87.0,3,1786720700327,2026-08-14T22:18:20.327,1,1
12798,588aca26ed1bfc095abf2de16bf97b57,87.0,3,1786720701328,2026-08-14T22:18:21.328,1,1
12799,588aca26ed1bfc095abf2de16bf97b57,87.0,3,1786720702328,2026-08-14T22:18:22.328,1,1
12800,588aca26ed1bfc095abf2de16bf97b57,86.0,3,1786720703328,2026-08-14T22:18:23.328,1,1
12801,588aca26ed1bfc095abf2de16bf97b57,86.0,3,1786720704328,2026-08-14T22:18:24.328,1,1
12802,588aca26ed1bfc095abf2de16bf97b57,85.0,3,1786720705328,2026-08-14T22:18:25.328,1,1
12803,588aca26ed1bfc095abf2de16bf97b57,85.0,3,1786720706328,2026-08-14T22:18:26.328,1,1
12804,588aca26ed1bfc095abf2de16bf97b57,85.0,3,1786720707328,2026-08-14T22:18:27.328,1,1
12805,588aca26ed1bfc095abf2de16bf97b57,85.0,3,1786720708329,2026-08-14T22:18:28.329,1,1
12806,588aca26ed1bfc095abf2de16bf97b57,86.0,3,1786720709328,2026-08-14T22:18:29.328,1,1
12807,588aca26ed1bfc095abf2de16bf97b57,86.0,3,1786720710328,2026-08-14T22:18:30.328,1,1
12808,588aca26ed1bfc095abf2de16bf97b57,87.0,3,1786720711328,2026-08-14T22:18:31.328,1,1
12809,588aca26ed1bfc095abf2de16bf97b57,88.0,3,1786720712328,2026-08-14T22:18:32.328,1,1
12810,588aca26ed1bfc095abf2de16bf97b57,87.0,3,1786720713328,2026-08-14T22:18:33.328,1,1
12811,588aca26ed1bfc095abf2de16bf97b57,86.0,3,1786720714327,2026-08-14T22:18:34.327,1,1
12812,588aca26ed1bfc095abf2de16bf97b57,85.0,3,1786720715328,2026-08-14T22:18:35.328,1,1
12813,588aca26ed1bfc095abf2de16bf97b57,85.0,3,1786720716328,2026-08-14T22:18:36.328,1,1
12814,588aca26ed1bfc095abf2de16bf97b57,86.0,3,1786720717328,2026-08-14T22:18:37.328,1,1
12815,588aca26ed1bfc095abf2de16bf97b57,85.0,3,1786720718335,2026-08-14T22:18:38.335,1,1
12816,588aca26ed1bfc095abf2de16bf97b57,85.0,3,1786720719337,2026-08-14T22:18:39.337,1,1
12817,588aca26ed1bfc095abf2de16bf97b57,86.0,3,1786720720335,2026-08-14T22:18:40.335,1,1
12818,588aca26ed1bfc095abf2de16bf97b57,86.0,3,1786720721334,2026-08-14T22:18:41.334,1,1
12819,588aca26ed1bfc095abf2de16bf97b57,86.0,3,1786720722334,2026-08-14T22:18:42.334,1,1
12820,588aca26ed1bfc095abf2de16bf97b57,87.0,3,1786720723328,2026-08-14T22:18:43.328,1,1
12821,588aca26ed1bfc095abf2de16bf97b57,88.0,3,1786720724333,2026-08-14T22:18:44.333,1,1
12822,588aca26ed1bfc095abf2de16bf97b57,89.0,3,1786720725333,2026-08-14T22:18:45.333,1,1
12823,588aca26ed1bfc095abf2de16bf97b57,89.0,3,1786720726329,2026-08-14T22:18:46.329,1,1
12824,588aca26ed1bfc095abf2de16bf97b57,88.0,3,1786720727328,2026-08-14T22:18:47.328,1,1
12825,588aca26ed1bfc095abf2de16bf97b57,87.0,3,1786720728327,2026-08-14T22:18:48.327,1,1
12826,588aca26ed1bfc095abf2de16bf97b57,88.0,3,1786720729329,2026-08-14T22:18:49.329,1,1
12827,588aca26ed1bfc095abf2de16bf97b57,88.0,3,1786720730328,2026-08-14T22:18:50.328,1,1
12828,588aca26ed1bfc095abf2de16bf97b57,87.0,3,1786720731328,2026-08-14T22:18:51.328,1,1
12829,588aca26ed1bfc095abf2de16bf97b57,86.0,3,1786720732328,2026-08-14T22:18:52.328,1,1
12830,588aca26ed1bfc095abf2de16bf97b57,85.0,3,1786720733327,2026-08-14T22:18:53.327,1,1
12831,588aca26ed1bfc095abf2de16bf97b57,84.0,3,1786720734328,2026-08-14T22:18:54.328,1,1
12832,588aca26ed1bfc095abf2de16bf97b57,84.0,3,1786720735327,2026-08-14T22:18:55.327,1,1
12833,588aca26ed1bfc095abf2de16bf97b57,84.0,3,1786720736328,2026-08-14T22:18:56.328,1,1
12834,588aca26ed1bfc095abf2de16bf97b57,85.0,3,1786720737328,2026-08-14T22:18:57.328,1,1
12835,588aca26ed1bfc095abf2de16bf97b57,86.0,3,1786720738328,2026-08-14T22:18:58.328,1,1
12836,588aca26ed1bfc095abf2de16bf97b57,86.0,3,1786720739328,2026-08-14T22:18:59.328,1,1
12837,588aca26ed1bfc095abf2de16bf97b57,88.0,3,1786720740328,2026-08-14T22:19:00.328,1,1
12838,588aca26ed1bfc095abf2de16bf97b57,89.0,3,1786720741328,2026-08-14T22:19:01.328,1,1
12839,588aca26ed1bfc095abf2de16bf97b57,89.0,3,1786720742328,2026-08-14T22:19:02.328,1,1
12840,588aca26ed1bfc095abf2de16bf97b57,90.0,3,1786720743329,2026-08-14T22:19:03.329,1,1
12841,588aca26ed1bfc095abf2de16bf97b57,92.0,3,1786720744328,2026-08-14T22:19:04.328,1,1
12842,588aca26ed1bfc095abf2de16bf97b57,93.0,3,1786720745328,2026-08-14T22:19:05.328,1,1
12843,588aca26ed1bfc095abf2de16bf97b57,94.0,3,1786720746339,2026-08-14T22:19:06.339,1,1
12844,588aca26ed1bfc095abf2de16bf97b57,96.0,3,1786720747335,2026-08-14T22:19:07.335,1,1
12845,588aca26ed1bfc095abf2de16bf97b57,97.0,3,1786720748332,2026-08-14T22:19:08.332,1,1
12846,588aca26ed1bfc095abf2de16bf97b57,98.0,3,1786720749331,2026-08-14T22:19:09.331,1,1
12847,588aca26ed1bfc095abf2de16bf97b57,98.0,3,1786720750329,2026-08-14T22:19:10.329,1,1
12848,588aca26ed1bfc095abf2de16bf97b57,96.0,3,1786720751328,2026-08-14T22:19:11.328,1,1
12849,588aca26ed1bfc095abf2de16bf97b57,96.0,3,1786720752327,2026-08-14T22:19:12.327,1,1
12850,588aca26ed1bfc095abf2de16bf97b57,95.0,3,1786720753328,2026-08-14T22:19:13.328,1,1
12851,588aca26ed1bfc095abf2de16bf97b57,95.0,3,1786720754328,2026-08-14T22:19:14.328,1,1
12852,588aca26ed1bfc095abf2de16bf97b57,95.0,3,1786720755330,2026-08-14T22:19:15.330,1,1
12853,588aca26ed1bfc095abf2de16bf97b57,95.0,3,1786720756327,2026-08-14T22:19:16.327,1,1
12854,588aca26ed1bfc095abf2de16bf97b57,94.0,3,1786720757328,2026-08-14T22:19:17.328,1,1
12855,588aca26ed1bfc095abf2de16bf97b57,95.0,3,1786720758327,2026-08-14T22:19:18.327,1,1
12856,588aca26ed1bfc095abf2de16bf97b57,96.0,3,1786720759327,2026-08-14T22:19:19.327,1,1
12857,588aca26ed1bfc095abf2de16bf97b57,96.0,3,1786720760328,2026-08-14T22:19:20.328,1,1
12858,588aca26ed1bfc095abf2de16bf97b57,96.0,3,1786720761328,2026-08-14T22:19:21.328,1,1
12859,588aca26ed1bfc095abf2de16bf97b57,95.0,3,1786720762328,2026-08-14T22:19:22.328,1,1
12860,588aca26ed1bfc095abf2de16bf97b57,94.0,3,1786720763328,2026-08-14T22:19:23.328,1,1
12861,588aca26ed1bfc095abf2de16bf97b57,93.0,3,1786720764328,2026-08-14T22:19:24.328,1,1
12862,588aca26ed1bfc095abf2de16bf97b57,93.0,3,1786720765335,2026-08-14T22:19:25.335,1,1
12863,588aca26ed1bfc095abf2de16bf97b57,93.0,3,1786720766329,2026-08-14T22:19:26.329,1,1
12864,588aca26ed1bfc095abf2de16bf97b57,93.0,3,1786720767329,2026-08-14T22:19:27.329,1,1
12865,588aca26ed1bfc095abf2de16bf97b57,92.0,3,1786720768328,2026-08-14T22:19:28.328,1,1
12866,588aca26ed1bfc095abf2de16bf97b57,91.0,3,1786720769329,2026-08-14T22:19:29.329,1,1
12867,588aca26ed1bfc095abf2de16bf97b57,91.0,3,1786720770328,2026-08-14T22:19:30.328,1,1
12868,588aca26ed1bfc095abf2de16bf97b57,90.0,3,1786720771328,2026-08-14T22:19:31.328,1,1
12869,588aca26ed1bfc095abf2de16bf97b57,89.0,3,1786720772328,2026-08-14T22:19:32.328,1,1
12870,588aca26ed1bfc095abf2de16bf97b57,89.0,3,1786720773328,2026-08-14T22:19:33.328,1,1
12871,588aca26ed1bfc095abf2de16bf97b57,89.0,3,1786720774328,2026-08-14T22:19:34.328,1,1
12872,588aca26ed1bfc095abf2de16bf97b57,88.0,3,1786720775329,2026-08-14T22:19:35.329,1,1
12873,588aca26ed1bfc095abf2de16bf97b57,87.0,3,1786720776328,2026-08-14T22:19:36.328,1,1
12874,588aca26ed1bfc095abf2de16bf97b57,87.0,3,1786720777327,2026-08-14T22:19:37.327,1,1
12875,588aca26ed1bfc095abf2de16bf97b57,86.0,3,1786720778328,2026-08-14T22:19:38.328,1,1
12876,588aca26ed1bfc095abf2de16bf97b57,85.0,3,1786720779328,2026-08-14T22:19:39.328,1,1
12877,588aca26ed1bfc095abf2de16bf97b57,86.0,3,1786720780328,2026-08-14T22:19:40.328,1,1
12878,588aca26ed1bfc095abf2de16bf97b57,88.0,3,1786720781339,2026-08-14T22:19:41.339,1,1
12879,588aca26ed1bfc095abf2de16bf97b57,90.0,3,1786720782331,2026-08-14T22:19:42.331,1,1
12880,588aca26ed1bfc095abf2de16bf97b57,92.0,3,1786720783337,2026-08-14T22:19:43.337,1,1
12881,588aca26ed1bfc095abf2de16bf97b57,92.0,3,1786720784337,2026-08-14T22:19:44.337,1,1
12882,588aca26ed1bfc095abf2de16bf97b57,92.0,3,1786720785336,2026-08-14T22:19:45.336,1,1
12883,588aca26ed1bfc095abf2de16bf97b57,93.0,3,1786720786335,2026-08-14T22:19:46.335,1,1
12884,588aca26ed1bfc095abf2de16bf97b57,93.0,3,1786720787335,2026-08-14T22:19:47.335,1,1
12885,588aca26ed1bfc095abf2de16bf97b57,93.0,3,1786720788333,2026-08-14T22:19:48.333,1,1
12886,588aca26ed1bfc095abf2de16bf97b57,93.0,3,1786720789330,2026-08-14T22:19:49.330,1,1
12887,588aca26ed1bfc095abf2de16bf97b57,93.0,3,1786720790334,2026-08-14T22:19:50.334,1,1
12888,588aca26ed1bfc095abf2de16bf97b57,94.0,3,1786720791332,2026-08-14T22:19:51.332,1,1
12889,588aca26ed1bfc095abf2de16bf97b57,95.0,3,1786720792335,2026-08-14T22:19:52.335,1,1
12890,588aca26ed1bfc095abf2de16bf97b57,96.0,3,1786720793330,2026-08-14T22:19:53.330,1,1
12891,588aca26ed1bfc095abf2de16bf97b57,97.0,3,1786720794333,2026-08-14T22:19:54.333,1,1
12892,588aca26ed1bfc095abf2de16bf97b57,97.0,3,1786720795333,2026-08-14T22:19:55.333,1,1
12893,588aca26ed1bfc095abf2de16bf97b57,98.0,3,1786720796330,2026-08-14T22:19:56.330,1,1
12894,588aca26ed1bfc095abf2de16bf97b57,99.0,3,1786720797331,2026-08-14T22:19:57.331,1,1
12895,588aca26ed1bfc095abf2de16bf97b57,99.0,3,1786720798327,2026-08-14T22:19:58.327,1,1
12896,588aca26ed1bfc095abf2de16bf97b57,98.0,3,1786720799328,2026-08-14T22:19:59.328,1,1
12897,588aca26ed1bfc095abf2de16bf97b57,97.0,3,1786720800328,2026-08-14T22:20:00.328,1,1
12898,588aca26ed1bfc095abf2de16bf97b57,96.0,3,1786720801329,2026-08-14T22:20:01.329,1,1
12899,588aca26ed1bfc095abf2de16bf97b57,96.0,3,1786720802329,2026-08-14T22:20:02.329,1,1
12900,588aca26ed1bfc095abf2de16bf97b57,96.0,3,1786720803328,2026-08-14T22:20:03.328,1,1
12901,588aca26ed1bfc095abf2de16bf97b57,96.0,3,1786720804328,2026-08-14T22:20:04.328,1,1
12902,588aca26ed1bfc095abf2de16bf97b57,96.0,3,1786720805328,2026-08-14T22:20:05.328,1,1
12903,588aca26ed1bfc095abf2de16bf97b57,96.0,3,1786720806328,2026-08-14T22:20:06.328,1,1
12904,588aca26ed1bfc095abf2de16bf97b57,96.0,3,1786720807328,2026-08-14T22:20:07.328,1,1
12905,588aca26ed1bfc095abf2de16bf97b57,96.0,3,1786720808328,2026-08-14T22:20:08.328,1,1
12906,588aca26ed1bfc095abf2de16bf97b57,94.0,3,1786720809329,2026-08-14T22:20:09.329,1,1
12907,588aca26ed1bfc095abf2de16bf97b57,93.0,3,1786720810335,2026-08-14T22:20:10.335,1,1
12908,588aca26ed1bfc095abf2de16bf97b57,92.0,3,1786720811336,2026-08-14T22:20:11.336,1,1
12909,588aca26ed1bfc095abf2de16bf97b57,92.0,3,1786720812335,2026-08-14T22:20:12.335,1,1
12910,588aca26ed1bfc095abf2de16bf97b57,93.0,3,1786720813330,2026-08-14T22:20:13.330,1,1
12911,588aca26ed1bfc095abf2de16bf97b57,94.0,3,1786720814331,2026-08-14T22:20:14.331,1,1
12912,588aca26ed1bfc095abf2de16bf97b57,95.0,3,1786720815328,2026-08-14T22:20:15.328,1,1
12913,588aca26ed1bfc095abf2de16bf97b57,95.0,3,1786720816328,2026-08-14T22:20:16.328,1,1
12914,588aca26ed1bfc095abf2de16bf97b57,94.0,3,1786720817328,2026-08-14T22:20:17.328,1,1
12915,588aca26ed1bfc095abf2de16bf97b57,93.0,3,1786720818329,2026-08-14T22:20:18.329,1,1
12916,588aca26ed1bfc095abf2de16bf97b57,93.0,3,1786720819329,2026-08-14T22:20:19.329,1,1
12917,588aca26ed1bfc095abf2de16bf97b57,93.0,3,1786720820328,2026-08-14T22:20:20.328,1,1
12918,588aca26ed1bfc095abf2de16bf97b57,93.0,3,1786720821328,2026-08-14T22:20:21.328,1,1
12919,588aca26ed1bfc095abf2de16bf97b57,91.0,3,1786720822328,2026-08-14T22:20:22.328,1,1
12920,588aca26ed1bfc095abf2de16bf97b57,89.0,3,1786720823328,2026-08-14T22:20:23.328,1,1
12921,588aca26ed1bfc095abf2de16bf97b57,87.0,3,1786720824328,2026-08-14T22:20:24.328,1,1
12922,588aca26ed1bfc095abf2de16bf97b57,86.0,3,1786720825327,2026-08-14T22:20:25.327,1,1
12923,588aca26ed1bfc095abf2de16bf97b57,85.0,3,1786720826328,2026-08-14T22:20:26.328,1,1
12924,588aca26ed1bfc095abf2de16bf97b57,84.0,3,1786720827328,2026-08-14T22:20:27.328,1,1
12925,588aca26ed1bfc095abf2de16bf97b57,84.0,3,1786720828328,2026-08-14T22:20:28.328,1,1
12926,588aca26ed1bfc095abf2de16bf97b57,84.0,3,1786720829329,2026-08-14T22:20:29.329,1,1
12927,588aca26ed1bfc095abf2de16bf97b57,84.0,3,1786720830328,2026-08-14T22:20:30.328,1,1
12928,588aca26ed1bfc095abf2de16bf97b57,84.0,3,1786720831328,2026-08-14T22:20:31.328,1,1
12929,588aca26ed1bfc095abf2de16bf97b57,85.0,3,1786720832328,2026-08-14T22:20:32.328,1,1
12930,588aca26ed1bfc095abf2de16bf97b57,85.0,3,1786720833328,2026-08-14T22:20:33.328,1,1
12931,588aca26ed1bfc095abf2de16bf97b57,85.0,3,1786720834328,2026-08-14T22:20:34.328,1,1
12932,588aca26ed1bfc095abf2de16bf97b57,87.0,3,1786720835328,2026-08-14T22:20:35.328,1,1
12933,588aca26ed1bfc095abf2de16bf97b57,88.0,3,1786720836329,2026-08-14T22:20:36.329,1,1
12934,588aca26ed1bfc095abf2de16bf97b57,88.0,3,1786720837329,2026-08-14T22:20:37.329,1,1
12935,588aca26ed1bfc095abf2de16bf97b57,89.0,3,1786720838334,2026-08-14T22:20:38.334,1,1
12936,588aca26ed1bfc095abf2de16bf97b57,88.0,3,1786720839336,2026-08-14T22:20:39.336,1,1
12937,588aca26ed1bfc095abf2de16bf97b57,91.0,3,1786720840335,2026-08-14T22:20:40.335,1,1
12938,588aca26ed1bfc095abf2de16bf97b57,93.0,3,1786720841334,2026-08-14T22:20:41.334,1,1
12939,588aca26ed1bfc095abf2de16bf97b57,96.0,3,1786720842333,2026-08-14T22:20:42.333,1,1
12940,588aca26ed1bfc095abf2de16bf97b57,95.0,3,1786720843334,2026-08-14T22:20:43.334,1,1
12941,588aca26ed1bfc095abf2de16bf97b57,95.0,3,1786720844328,2026-08-14T22:20:44.328,1,1
12942,588aca26ed1bfc095abf2de16bf97b57,96.0,3,1786720845329,2026-08-14T22:20:45.329,1,1
12943,588aca26ed1bfc095abf2de16bf97b57,97.0,3,1786720846327,2026-08-14T22:20:46.327,1,1
12944,588aca26ed1bfc095abf2de16bf97b57,97.0,3,1786720847327,2026-08-14T22:20:47.327,1,1
12945,588aca26ed1bfc095abf2de16bf97b57,96.0,3,1786720848327,2026-08-14T22:20:48.327,1,1
12946,588aca26ed1bfc095abf2de16bf97b57,98.0,3,1786720849327,2026-08-14T22:20:49.327,1,1
12947,588aca26ed1bfc095abf2de16bf97b57,97.0,3,1786720850328,2026-08-14T22:20:50.328,1,1
12948,588aca26ed1bfc095abf2de16bf97b57,99.0,3,1786720851329,2026-08-14T22:20:51.329,1,1
12949,588aca26ed1bfc095abf2de16bf97b57,97.0,3,1786720852329,2026-08-14T22:20:52.329,1,1
12950,588aca26ed1bfc095abf2de16bf97b57,97.0,3,1786720853337,2026-08-14T22:20:53.337,1,1
12951,588aca26ed1bfc095abf2de16bf97b57,96.0,3,1786720854331,2026-08-14T22:20:54.331,1,1
12952,588aca26ed1bfc095abf2de16bf97b57,98.0,3,1786720855328,2026-08-14T22:20:55.328,1,1
12953,588aca26ed1bfc095abf2de16bf97b57,99.0,3,1786720856342,2026-08-14T22:20:56.342,1,1
12954,588aca26ed1bfc095abf2de16bf97b57,100.0,3,1786720857328,2026-08-14T22:20:57.328,1,1
12955,588aca26ed1bfc095abf2de16bf97b57,102.0,3,1786720858328,2026-08-14T22:20:58.328,1,1
12956,588aca26ed1bfc095abf2de16bf97b57,103.0,3,1786720859328,2026-08-14T22:20:59.328,1,1
12957,588aca26ed1bfc095abf2de16bf97b57,104.0,3,1786720860328,2026-08-14T22:21:00.328,1,1
12958,588aca26ed1bfc095abf2de16bf97b57,105.0,3,1786720861328,2026-08-14T22:21:01.328,1,1
12959,588aca26ed1bfc095abf2de16bf97b57,105.0,3,1786720862336,2026-08-14T22:21:02.336,1,1
12960,588aca26ed1bfc095abf2de16bf97b57,105.0,3,1786720863328,2026-08-14T22:21:03.328,1,0
12961,588aca26ed1bfc095abf2de16bf97b57,105.0,3,1786720864327,2026-08-14T22:21:04.327,1,1
12962,588aca26ed1bfc095abf2de16bf97b57,104.0,3,1786720865327,2026-08-14T22:21:05.327,1,1
12963,588aca26ed1bfc095abf2de16bf97b57,104.0,3,1786720866329,2026-08-14T22:21:06.329,1,1
12964,588aca26ed1bfc095abf2de16bf97b57,103.0,3,1786720867335,2026-08-14T22:21:07.335,1,1
12965,588aca26ed1bfc095abf2de16bf97b57,105.0,3,1786720868336,2026-08-14T22:21:08.336,1,1
12966,588aca26ed1bfc095abf2de16bf97b57,106.0,3,1786720869332,2026-08-14T22:21:09.332,1,1
12967,588aca26ed1bfc095abf2de16bf97b57,106.0,3,1786720870333,2026-08-14T22:21:10.333,1,1
12968,588aca26ed1bfc095abf2de16bf97b57,104.0,3,1786720871330,2026-08-14T22:21:11.330,1,1
12969,588aca26ed1bfc095abf2de16bf97b57,104.0,3,1786720872330,2026-08-14T22:21:12.330,1,1
12970,588aca26ed1bfc095abf2de16bf97b57,105.0,3,1786720873329,2026-08-14T22:21:13.329,1,1
12971,588aca26ed1bfc095abf2de16bf97b57,105.0,3,1786720874328,2026-08-14T22:21:14.328,1,1
12972,588aca26ed1bfc095abf2de16bf97b57,104.0,3,1786720875330,2026-08-14T22:21:15.330,1,1
12973,588aca26ed1bfc095abf2de16bf97b57,105.0,3,1786720876328,2026-08-14T22:21:16.328,1,1
12974,588aca26ed1bfc095abf2de16bf97b57,105.0,3,1786720877329,2026-08-14T22:21:17.329,1,1
12975,588aca26ed1bfc095abf2de16bf97b57,106.0,3,1786720878330,2026-08-14T22:21:18.330,1,1
12976,588aca26ed1bfc095abf2de16bf97b57,106.0,3,1786720879328,2026-08-14T22:21:19.328,1,1
12977,588aca26ed1bfc095abf2de16bf97b57,107.0,3,1786720880329,2026-08-14T22:21:20.329,1,1
12978,588aca26ed1bfc095abf2de16bf97b57,107.0,3,1786720881329,2026-08-14T22:21:21.329,1,1
12979,588aca26ed1bfc095abf2de16bf97b57,107.0,3,1786720882328,2026-08-14T22:21:22.328,1,1
12980,588aca26ed1bfc095abf2de16bf97b57,108.0,3,1786720883328,2026-08-14T22:21:23.328,1,1
12981,588aca26ed1bfc095abf2de16bf97b57,108.0,3,1786720884328,2026-08-14T22:21:24.328,1,1
12982,588aca26ed1bfc095abf2de16bf97b57,108.0,3,1786720885328,2026-08-14T22:21:25.328,1,1
12983,588aca26ed1bfc095abf2de16bf97b57,109.0,3,1786720886328,2026-08-14T22:21:26.328,1,1
12984,588aca26ed1bfc095abf2de16bf97b57,108.0,3,1786720887327,2026-08-14T22:21:27.327,1,1
12985,588aca26ed1bfc095abf2de16bf97b57,107.0,3,1786720888328,2026-08-14T22:21:28.328,1,1
12986,588aca26ed1bfc095abf2de16bf97b57,105.0,3,1786720889328,2026-08-14T22:21:29.328,1,1
12987,588aca26ed1bfc095abf2de16bf97b57,103.0,3,1786720890329,2026-08-14T22:21:30.329,1,1
12988,588aca26ed1bfc095abf2de16bf97b57,100.0,3,1786720891328,2026-08-14T22:21:31.328,1,1
12989,588aca26ed1bfc095abf2de16bf97b57,98.0,3,1786720892329,2026-08-14T22:21:32.329,1,1
12990,588aca26ed1bfc095abf2de16bf97b57,98.0,3,1786720893330,2026-08-14T22:21:33.330,1,1
12991,588aca26ed1bfc095abf2de16bf97b57,98.0,3,1786720894328,2026-08-14T22:21:34.328,1,1
12992,588aca26ed1bfc095abf2de16bf97b57,99.0,3,1786720895328,2026-08-14T22:21:35.328,1,1
12993,588aca26ed1bfc095abf2de16bf97b57,100.0,3,1786720896327,2026-08-14T22:21:36.327,1,1
12994,588aca26ed1bfc095abf2de16bf97b57,100.0,3,1786720897328,2026-08-14T22:21:37.328,1,1
12995,588aca26ed1bfc095abf2de16bf97b57,98.0,3,1786720898327,2026-08-14T22:21:38.327,1,1
12996,588aca26ed1bfc095abf2de16bf97b57,97.0,3,1786720899328,2026-08-14T22:21:39.328,1,1
12997,588aca26ed1bfc095abf2de16bf97b57,95.0,3,1786720900328,2026-08-14T22:21:40.328,1,1
12998,588aca26ed1bfc095abf2de16bf97b57,95.0,3,1786720901328,2026-08-14T22:21:41.328,1,1
12999,588aca26ed1bfc095abf2de16bf97b57,97.0,3,1786720902328,2026-08-14T22:21:42.328,1,1
13000,588aca26ed1bfc095abf2de16bf97b57,98.0,3,1786720903328,2026-08-14T22:21:43.328,1,1
13001,588aca26ed1bfc095abf2de16bf97b57,98.0,3,1786720904328,2026-08-14T22:21:44.328,1,1
13002,588aca26ed1bfc095abf2de16bf97b57,99.0,3,1786720905328,2026-08-14T22:21:45.328,1,1
13003,588aca26ed1bfc095abf2de16bf97b57,98.0,3,1786720906328,2026-08-14T22:21:46.328,1,1
13004,588aca26ed1bfc095abf2de16bf97b57,98.0,3,1786720907328,2026-08-14T22:21:47.328,1,1
13005,588aca26ed1bfc095abf2de16bf97b57,100.0,3,1786720908327,2026-08-14T22:21:48.327,1,1
13006,588aca26ed1bfc095abf2de16bf97b57,100.0,3,1786720909327,2026-08-14T22:21:49.327,1,1
13007,588aca26ed1bfc095abf2de16bf97b57,100.0,3,1786720910329,2026-08-14T22:21:50.329,1,1
13008,588aca26ed1bfc095abf2de16bf97b57,98.0,3,1786720911335,2026-08-14T22:21:51.335,1,1
13009,588aca26ed1bfc095abf2de16bf97b57,97.0,3,1786720912334,2026-08-14T22:21:52.334,1,1
13010,588aca26ed1bfc095abf2de16bf97b57,96.0,3,1786720913332,2026-08-14T22:21:53.332,1,1
13011,588aca26ed1bfc095abf2de16bf97b57,94.0,3,1786720914331,2026-08-14T22:21:54.331,1,1
13012,588aca26ed1bfc095abf2de16bf97b57,93.0,3,1786720915330,2026-08-14T22:21:55.330,1,1
13013,588aca26ed1bfc095abf2de16bf97b57,92.0,3,1786720916328,2026-08-14T22:21:56.328,1,1
13014,588aca26ed1bfc095abf2de16bf97b57,91.0,3,1786720917328,2026-08-14T22:21:57.328,1,1
13015,588aca26ed1bfc095abf2de16bf97b57,90.0,3,1786720918328,2026-08-14T22:21:58.328,1,1
13016,588aca26ed1bfc095abf2de16bf97b57,89.0,3,1786720919328,2026-08-14T22:21:59.328,1,1
13017,588aca26ed1bfc095abf2de16bf97b57,89.0,3,1786720920330,2026-08-14T22:22:00.330,1,1
13018,588aca26ed1bfc095abf2de16bf97b57,89.0,3,1786720921329,2026-08-14T22:22:01.329,1,1
13019,588aca26ed1bfc095abf2de16bf97b57,88.0,3,1786720922330,2026-08-14T22:22:02.330,1,1
13020,588aca26ed1bfc095abf2de16bf97b57,87.0,3,1786720923329,2026-08-14T22:22:03.329,1,1
13021,588aca26ed1bfc095abf2de16bf97b57,87.0,3,1786720924331,2026-08-14T22:22:04.331,1,1
13022,588aca26ed1bfc095abf2de16bf97b57,86.0,3,1786720925340,2026-08-14T22:22:05.340,1,1
13023,588aca26ed1bfc095abf2de16bf97b57,85.0,3,1786720926328,2026-08-14T22:22:06.328,1,1
13024,588aca26ed1bfc095abf2de16bf97b57,84.0,3,1786720927328,2026-08-14T22:22:07.328,1,1
13025,588aca26ed1bfc095abf2de16bf97b57,83.0,3,1786720928328,2026-08-14T22:22:08.328,1,1
13026,588aca26ed1bfc095abf2de16bf97b57,84.0,3,1786720929328,2026-08-14T22:22:09.328,1,1
13027,588aca26ed1bfc095abf2de16bf97b57,84.0,3,1786720930328,2026-08-14T22:22:10.328,1,1
13028,588aca26ed1bfc095abf2de16bf97b57,84.0,3,1786720931328,2026-08-14T22:22:11.328,1,1
13029,588aca26ed1bfc095abf2de16bf97b57,85.0,3,1786720932328,2026-08-14T22:22:12.328,1,1
13030,588aca26ed1bfc095abf2de16bf97b57,85.0,3,1786720933328,2026-08-14T22:22:13.328,1,1
13031,588aca26ed1bfc095abf2de16bf97b57,85.0,3,1786720934328,2026-08-14T22:22:14.328,1,1
13032,588aca26ed1bfc095abf2de16bf97b57,86.0,3,1786720935330,2026-08-14T22:22:15.330,1,1
13033,588aca26ed1bfc095abf2de16bf97b57,87.0,3,1786720936331,2026-08-14T22:22:16.331,1,1
13034,588aca26ed1bfc095abf2de16bf97b57,87.0,3,1786720937338,2026-08-14T22:22:17.338,1,1
13035,588aca26ed1bfc095abf2de16bf97b57,86.0,3,1786720938333,2026-08-14T22:22:18.333,1,1
13036,588aca26ed1bfc095abf2de16bf97b57,87.0,3,1786720939332,2026-08-14T22:22:19.332,1,1
13037,588aca26ed1bfc095abf2de16bf97b57,86.0,3,1786720940336,2026-08-14T22:22:20.336,1,1
13038,588aca26ed1bfc095abf2de16bf97b57,86.0,3,1786720941328,2026-08-14T22:22:21.328,1,1
13039,588aca26ed1bfc095abf2de16bf97b57,85.0,3,1786720942333,2026-08-14T22:22:22.333,1,1
13040,588aca26ed1bfc095abf2de16bf97b57,85.0,3,1786720943332,2026-08-14T22:22:23.332,1,1
13041,588aca26ed1bfc095abf2de16bf97b57,84.0,3,1786720944328,2026-08-14T22:22:24.328,1,1
13042,588aca26ed1bfc095abf2de16bf97b57,85.0,3,1786720945333,2026-08-14T22:22:25.333,1,1
13043,588aca26ed1bfc095abf2de16bf97b57,86.0,3,1786720946328,2026-08-14T22:22:26.328,1,1
13044,588aca26ed1bfc095abf2de16bf97b57,87.0,3,1786720947327,2026-08-14T22:22:27.327,1,1
13045,588aca26ed1bfc095abf2de16bf97b57,89.0,3,1786720948330,2026-08-14T22:22:28.330,1,1
13046,588aca26ed1bfc095abf2de16bf97b57,90.0,3,1786720949329,2026-08-14T22:22:29.329,1,1
13047,588aca26ed1bfc095abf2de16bf97b57,91.0,3,1786720950327,2026-08-14T22:22:30.327,1,1
13048,588aca26ed1bfc095abf2de16bf97b57,89.0,3,1786720951327,2026-08-14T22:22:31.327,1,1
13049,588aca26ed1bfc095abf2de16bf97b57,90.0,3,1786720952328,2026-08-14T22:22:32.328,1,1
13050,588aca26ed1bfc095abf2de16bf97b57,90.0,3,1786720953328,2026-08-14T22:22:33.328,1,1
13051,588aca26ed1bfc095abf2de16bf97b57,91.0,3,1786720954328,2026-08-14T22:22:34.328,1,1
13052,588aca26ed1bfc095abf2de16bf97b57,88.0,3,1786720955334,2026-08-14T22:22:35.334,1,1
13053,588aca26ed1bfc095abf2de16bf97b57,88.0,3,1786720956327,2026-08-14T22:22:36.327,1,1
13054,588aca26ed1bfc095abf2de16bf97b57,90.0,3,1786720957332,2026-08-14T22:22:37.332,1,1
13055,588aca26ed1bfc095abf2de16bf97b57,90.0,3,1786720958328,2026-08-14T22:22:38.328,1,1
13056,588aca26ed1bfc095abf2de16bf97b57,91.0,3,1786720959328,2026-08-14T22:22:39.328,1,1
13057,588aca26ed1bfc095abf2de16bf97b57,93.0,3,1786720960328,2026-08-14T22:22:40.328,1,1
13058,588aca26ed1bfc095abf2de16bf97b57,93.0,3,1786720961328,2026-08-14T22:22:41.328,1,1
13059,588aca26ed1bfc095abf2de16bf97b57,92.0,3,1786720962328,2026-08-14T22:22:42.328,1,1
13060,588aca26ed1bfc095abf2de16bf97b57,92.0,3,1786720963328,2026-08-14T22:22:43.328,1,1
13061,588aca26ed1bfc095abf2de16bf97b57,93.0,3,1786720964330,2026-08-14T22:22:44.330,1,1
13062,588aca26ed1bfc095abf2de16bf97b57,94.0,3,1786720965329,2026-08-14T22:22:45.329,1,1
13063,588aca26ed1bfc095abf2de16bf97b57,95.0,3,1786720966329,2026-08-14T22:22:46.329,1,1
13064,588aca26ed1bfc095abf2de16bf97b57,94.0,3,1786720967330,2026-08-14T22:22:47.330,1,1
13065,588aca26ed1bfc095abf2de16bf97b57,96.0,3,1786720968328,2026-08-14T22:22:48.328,1,1
13066,588aca26ed1bfc095abf2de16bf97b57,95.0,3,1786720969330,2026-08-14T22:22:49.330,1,1
13067,588aca26ed1bfc095abf2de16bf97b57,96.0,3,1786720970330,2026-08-14T22:22:50.330,1,1
13068,588aca26ed1bfc095abf2de16bf97b57,96.0,3,1786720971328,2026-08-14T22:22:51.328,1,1
13069,588aca26ed1bfc095abf2de16bf97b57,95.0,3,1786720972328,2026-08-14T22:22:52.328,1,1
13070,588aca26ed1bfc095abf2de16bf97b57,96.0,3,1786720973327,2026-08-14T22:22:53.327,1,1
13071,588aca26ed1bfc095abf2de16bf97b57,97.0,3,1786720974328,2026-08-14T22:22:54.328,1,1
13072,588aca26ed1bfc095abf2de16bf97b57,97.0,3,1786720975328,2026-08-14T22:22:55.328,1,1
13073,588aca26ed1bfc095abf2de16bf97b57,98.0,3,1786720976328,2026-08-14T22:22:56.328,1,1
13074,588aca26ed1bfc095abf2de16bf97b57,98.0,3,1786720977327,2026-08-14T22:22:57.327,1,1
13075,588aca26ed1bfc095abf2de16bf97b57,99.0,3,1786720978328,2026-08-14T22:22:58.328,1,1
13076,588aca26ed1bfc095abf2de16bf97b57,98.0,3,1786720979328,2026-08-14T22:22:59.328,1,1
13077,588aca26ed1bfc095abf2de16bf97b57,98.0,3,1786720980327,2026-08-14T22:23:00.327,1,1
13078,588aca26ed1bfc095abf2de16bf97b57,97.0,3,1786720981327,2026-08-14T22:23:01.327,1,1
13079,588aca26ed1bfc095abf2de16bf97b57,97.0,3,1786720982328,2026-08-14T22:23:02.328,1,1
13080,588aca26ed1bfc095abf2de16bf97b57,97.0,3,1786720983328,2026-08-14T22:23:03.328,1,1
13081,588aca26ed1bfc095abf2de16bf97b57,96.0,3,1786720984328,2026-08-14T22:23:04.328,1,1
13082,588aca26ed1bfc095abf2de16bf97b57,96.0,3,1786720985328,2026-08-14T22:23:05.328,1,1
13083,588aca26ed1bfc095abf2de16bf97b57,95.0,3,1786720986328,2026-08-14T22:23:06.328,1,1
13084,588aca26ed1bfc095abf2de16bf97b57,94.0,3,1786720987328,2026-08-14T22:23:07.328,1,1
13085,588aca26ed1bfc095abf2de16bf97b57,95.0,3,1786720988329,2026-08-14T22:23:08.329,1,1
13086,588aca26ed1bfc095abf2de16bf97b57,96.0,3,1786720989329,2026-08-14T22:23:09.329,1,1
13087,588aca26ed1bfc095abf2de16bf97b57,96.0,3,1786720990328,2026-08-14T22:23:10.328,1,1
13088,588aca26ed1bfc095abf2de16bf97b57,97.0,3,1786720991327,2026-08-14T22:23:11.327,1,1
13089,588aca26ed1bfc095abf2de16bf97b57,98.0,3,1786720992328,2026-08-14T22:23:12.328,1,1
13090,588aca26ed1bfc095abf2de16bf97b57,98.0,3,1786720993328,2026-08-14T22:23:13.328,1,1
13091,588aca26ed1bfc095abf2de16bf97b57,98.0,3,1786720994327,2026-08-14T22:23:14.327,1,1
13092,588aca26ed1bfc095abf2de16bf97b57,100.0,3,1786720995328,2026-08-14T22:23:15.328,1,1
13093,588aca26ed1bfc095abf2de16bf97b57,101.0,3,1786720996328,2026-08-14T22:23:16.328,1,1
13094,588aca26ed1bfc095abf2de16bf97b57,103.0,3,1786720997328,2026-08-14T22:23:17.328,1,1
13095,588aca26ed1bfc095abf2de16bf97b57,105.0,3,1786720998327,2026-08-14T22:23:18.327,1,1
13096,588aca26ed1bfc095abf2de16bf97b57,106.0,3,1786720999328,2026-08-14T22:23:19.328,1,1
13097,588aca26ed1bfc095abf2de16bf97b57,107.0,3,1786721000328,2026-08-14T22:23:20.328,1,1
13098,588aca26ed1bfc095abf2de16bf97b57,107.0,3,1786721001329,2026-08-14T22:23:21.329,1,1
13099,588aca26ed1bfc095abf2de16bf97b57,107.0,3,1786721002329,2026-08-14T22:23:22.329,1,1
13100,588aca26ed1bfc095abf2de16bf97b57,106.0,3,1786721003337,2026-08-14T22:23:23.337,1,1
13101,588aca26ed1bfc095abf2de16bf97b57,108.0,3,1786721004336,2026-08-14T22:23:24.336,1,1
13102,588aca26ed1bfc095abf2de16bf97b57,108.0,3,1786721005328,2026-08-14T22:23:25.328,1,1
13103,588aca26ed1bfc095abf2de16bf97b57,107.0,3,1786721006337,2026-08-14T22:23:26.337,1,1
13104,588aca26ed1bfc095abf2de16bf97b57,108.0,3,1786721007335,2026-08-14T22:23:27.335,1,1
13105,588aca26ed1bfc095abf2de16bf97b57,110.0,3,1786721008335,2026-08-14T22:23:28.335,1,1
13106,588aca26ed1bfc095abf2de16bf97b57,111.0,3,1786721009333,2026-08-14T22:23:29.333,1,1
13107,588aca26ed1bfc095abf2de16bf97b57,110.0,3,1786721010336,2026-08-14T22:23:30.336,1,1
13108,588aca26ed1bfc095abf2de16bf97b57,109.0,3,1786721011333,2026-08-14T22:23:31.333,1,1
13109,588aca26ed1bfc095abf2de16bf97b57,108.0,3,1786721012330,2026-08-14T22:23:32.330,1,1
13110,588aca26ed1bfc095abf2de16bf97b57,107.0,3,1786721013334,2026-08-14T22:23:33.334,1,1
13111,588aca26ed1bfc095abf2de16bf97b57,107.0,3,1786721014334,2026-08-14T22:23:34.334,1,1
13112,588aca26ed1bfc095abf2de16bf97b57,106.0,3,1786721015334,2026-08-14T22:23:35.334,1,1
13113,588aca26ed1bfc095abf2de16bf97b57,104.0,3,1786721016330,2026-08-14T22:23:36.330,1,1
13114,588aca26ed1bfc095abf2de16bf97b57,102.0,3,1786721017340,2026-08-14T22:23:37.340,1,1
13115,588aca26ed1bfc095abf2de16bf97b57,101.0,3,1786721018332,2026-08-14T22:23:38.332,1,1
13116,588aca26ed1bfc095abf2de16bf97b57,101.0,3,1786721019332,2026-08-14T22:23:39.332,1,1
13117,588aca26ed1bfc095abf2de16bf97b57,101.0,3,1786721020332,2026-08-14T22:23:40.332,1,1
13118,588aca26ed1bfc095abf2de16bf97b57,100.0,3,1786721021332,2026-08-14T22:23:41.332,1,1
13119,588aca26ed1bfc095abf2de16bf97b57,100.0,3,1786721022332,2026-08-14T22:23:42.332,1,1
13120,588aca26ed1bfc095abf2de16bf97b57,99.0,3,1786721023329,2026-08-14T22:23:43.329,1,1
13121,588aca26ed1bfc095abf2de16bf97b57,97.0,3,1786721024331,2026-08-14T22:23:44.331,1,1
13122,588aca26ed1bfc095abf2de16bf97b57,96.0,3,1786721025332,2026-08-14T22:23:45.332,1,1
13123,588aca26ed1bfc095abf2de16bf97b57,95.0,3,1786721026330,2026-08-14T22:23:46.330,1,1
13124,588aca26ed1bfc095abf2de16bf97b57,95.0,3,1786721027331,2026-08-14T22:23:47.331,1,1
13125,588aca26ed1bfc095abf2de16bf97b57,94.0,3,1786721028333,2026-08-14T22:23:48.333,1,1
13126,588aca26ed1bfc095abf2de16bf97b57,92.0,3,1786721029329,2026-08-14T22:23:49.329,1,1
13127,588aca26ed1bfc095abf2de16bf97b57,91.0,3,1786721030331,2026-08-14T22:23:50.331,1,1
13128,588aca26ed1bfc095abf2de16bf97b57,89.0,3,1786721031332,2026-08-14T22:23:51.332,1,1
13129,588aca26ed1bfc095abf2de16bf97b57,88.0,3,1786721032331,2026-08-14T22:23:52.331,1,1
13130,588aca26ed1bfc095abf2de16bf97b57,87.0,3,1786721033332,2026-08-14T22:23:53.332,1,1
13131,588aca26ed1bfc095abf2de16bf97b57,86.0,3,1786721034327,2026-08-14T22:23:54.327,1,1
13132,588aca26ed1bfc095abf2de16bf97b57,85.0,3,1786721035330,2026-08-14T22:23:55.330,1,1
13133,588aca26ed1bfc095abf2de16bf97b57,85.0,3,1786721036330,2026-08-14T22:23:56.330,1,1
13134,588aca26ed1bfc095abf2de16bf97b57,85.0,3,1786721037329,2026-08-14T22:23:57.329,1,1
13135,588aca26ed1bfc095abf2de16bf97b57,85.0,3,1786721038328,2026-08-14T22:23:58.328,1,1
13136,588aca26ed1bfc095abf2de16bf97b57,85.0,3,1786721039327,2026-08-14T22:23:59.327,1,1
13137,588aca26ed1bfc095abf2de16bf97b57,85.0,3,1786721040328,2026-08-14T22:24:00.328,1,1
13138,588aca26ed1bfc095abf2de16bf97b57,84.0,3,1786721041330,2026-08-14T22:24:01.330,1,1
13139,588aca26ed1bfc095abf2de16bf97b57,85.0,3,1786721042327,2026-08-14T22:24:02.327,1,1
13140,588aca26ed1bfc095abf2de16bf97b57,85.0,3,1786721043328,2026-08-14T22:24:03.328,1,1
13141,588aca26ed1bfc095abf2de16bf97b57,86.0,3,1786721044328,2026-08-14T22:24:04.328,1,1
13142,588aca26ed1bfc095abf2de16bf97b57,87.0,3,1786721045328,2026-08-14T22:24:05.328,1,1
13143,588aca26ed1bfc095abf2de16bf97b57,87.0,3,1786721046328,2026-08-14T22:24:06.328,1,1
13144,588aca26ed1bfc095abf2de16bf97b57,87.0,3,1786721047327,2026-08-14T22:24:07.327,1,1
13145,588aca26ed1bfc095abf2de16bf97b57,87.0,3,1786721048328,2026-08-14T22:24:08.328,1,1
13146,588aca26ed1bfc095abf2de16bf97b57,87.0,3,1786721049328,2026-08-14T22:24:09.328,1,1
13147,588aca26ed1bfc095abf2de16bf97b57,87.0,3,1786721050327,2026-08-14T22:24:10.327,1,1
13148,588aca26ed1bfc095abf2de16bf97b57,87.0,3,1786721051327,2026-08-14T22:24:11.327,1,1
13149,588aca26ed1bfc095abf2de16bf97b57,88.0,3,1786721052327,2026-08-14T22:24:12.327,1,1
13150,588aca26ed1bfc095abf2de16bf97b57,88.0,3,1786721053329,2026-08-14T22:24:13.329,1,1
13151,588aca26ed1bfc095abf2de16bf97b57,88.0,3,1786721054327,2026-08-14T22:24:14.327,1,1
13152,588aca26ed1bfc095abf2de16bf97b57,88.0,3,1786721055327,2026-08-14T22:24:15.327,1,1
13153,588aca26ed1bfc095abf2de16bf97b57,89.0,3,1786721056327,2026-08-14T22:24:16.327,1,1
13154,588aca26ed1bfc095abf2de16bf97b57,90.0,3,1786721057327,2026-08-14T22:24:17.327,1,1
13155,588aca26ed1bfc095abf2de16bf97b57,92.0,3,1786721058329,2026-08-14T22:24:18.329,1,1
13156,588aca26ed1bfc095abf2de16bf97b57,93.0,3,1786721059327,2026-08-14T22:24:19.327,1,1
13157,588aca26ed1bfc095abf2de16bf97b57,93.0,3,1786721060331,2026-08-14T22:24:20.331,1,1
13158,588aca26ed1bfc095abf2de16bf97b57,92.0,3,1786721061327,2026-08-14T22:24:21.327,1,1
13159,588aca26ed1bfc095abf2de16bf97b57,92.0,3,1786721062327,2026-08-14T22:24:22.327,1,1
13160,588aca26ed1bfc095abf2de16bf97b57,91.0,3,1786721063334,2026-08-14T22:24:23.334,1,1
13161,588aca26ed1bfc095abf2de16bf97b57,90.0,3,1786721064329,2026-08-14T22:24:24.329,1,1
13162,588aca26ed1bfc095abf2de16bf97b57,89.0,3,1786721065341,2026-08-14T22:24:25.341,1,1
13163,588aca26ed1bfc095abf2de16bf97b57,88.0,3,1786721066328,2026-08-14T22:24:26.328,1,1
13164,588aca26ed1bfc095abf2de16bf97b57,87.0,3,1786721067329,2026-08-14T22:24:27.329,1,1
13165,588aca26ed1bfc095abf2de16bf97b57,86.0,3,1786721068331,2026-08-14T22:24:28.331,1,1
13166,588aca26ed1bfc095abf2de16bf97b57,86.0,3,1786721069334,2026-08-14T22:24:29.334,1,0
13167,588aca26ed1bfc095abf2de16bf97b57,85.0,3,1786721070334,2026-08-14T22:24:30.334,1,1
13168,588aca26ed1bfc095abf2de16bf97b57,84.0,3,1786721071338,2026-08-14T22:24:31.338,1,1
13169,588aca26ed1bfc095abf2de16bf97b57,84.0,3,1786721072334,2026-08-14T22:24:32.334,1,1
13170,588aca26ed1bfc095abf2de16bf97b57,83.0,3,1786721073332,2026-08-14T22:24:33.332,1,1
13171,588aca26ed1bfc095abf2de16bf97b57,83.0,3,1786721074328,2026-08-14T22:24:34.328,1,1
13172,588aca26ed1bfc095abf2de16bf97b57,83.0,3,1786721075330,2026-08-14T22:24:35.330,1,1
13173,588aca26ed1bfc095abf2de16bf97b57,83.0,3,1786721076328,2026-08-14T22:24:36.328,1,1
13174,588aca26ed1bfc095abf2de16bf97b57,82.0,3,1786721077329,2026-08-14T22:24:37.329,1,1
13175,588aca26ed1bfc095abf2de16bf97b57,83.0,3,1786721078329,2026-08-14T22:24:38.329,1,1
13176,588aca26ed1bfc095abf2de16bf97b57,83.0,3,1786721079328,2026-08-14T22:24:39.328,1,1
13177,588aca26ed1bfc095abf2de16bf97b57,82.0,3,1786721080329,2026-08-14T22:24:40.329,1,1
13178,588aca26ed1bfc095abf2de16bf97b57,83.0,3,1786721081328,2026-08-14T22:24:41.328,1,1
13179,588aca26ed1bfc095abf2de16bf97b57,83.0,3,1786721082328,2026-08-14T22:24:42.328,1,1
13180,588aca26ed1bfc095abf2de16bf97b57,83.0,3,1786721083335,2026-08-14T22:24:43.335,1,1
13181,588aca26ed1bfc095abf2de16bf97b57,84.0,3,1786721084328,2026-08-14T22:24:44.328,1,1
13182,588aca26ed1bfc095abf2de16bf97b57,86.0,3,1786721085328,2026-08-14T22:24:45.328,1,1
13183,588aca26ed1bfc095abf2de16bf97b57,87.0,3,1786721086328,2026-08-14T22:24:46.328,1,1
13184,588aca26ed1bfc095abf2de16bf97b57,88.0,3,1786721087328,2026-08-14T22:24:47.328,1,1
13185,588aca26ed1bfc095abf2de16bf97b57,88.0,3,1786721088328,2026-08-14T22:24:48.328,1,1
13186,588aca26ed1bfc095abf2de16bf97b57,89.0,3,1786721089328,2026-08-14T22:24:49.328,1,1
13187,588aca26ed1bfc095abf2de16bf97b57,89.0,3,1786721090328,2026-08-14T22:24:50.328,1,1
13188,588aca26ed1bfc095abf2de16bf97b57,90.0,3,1786721091328,2026-08-14T22:24:51.328,1,1
13189,588aca26ed1bfc095abf2de16bf97b57,90.0,3,1786721092328,2026-08-14T22:24:52.328,1,1
13190,588aca26ed1bfc095abf2de16bf97b57,91.0,3,1786721093328,2026-08-14T22:24:53.328,1,1
13191,588aca26ed1bfc095abf2de16bf97b57,91.0,3,1786721094328,2026-08-14T22:24:54.328,1,1
13192,588aca26ed1bfc095abf2de16bf97b57,92.0,3,1786721095328,2026-08-14T22:24:55.328,1,1
13193,588aca26ed1bfc095abf2de16bf97b57,93.0,3,1786721096328,2026-08-14T22:24:56.328,1,1
13194,588aca26ed1bfc095abf2de16bf97b57,94.0,3,1786721097328,2026-08-14T22:24:57.328,1,1
13195,588aca26ed1bfc095abf2de16bf97b57,95.0,3,1786721098327,2026-08-14T22:24:58.327,1,1
13196,588aca26ed1bfc095abf2de16bf97b57,96.0,3,1786721099328,2026-08-14T22:24:59.328,1,1
13197,588aca26ed1bfc095abf2de16bf97b57,97.0,3,1786721100328,2026-08-14T22:25:00.328,1,1
13198,588aca26ed1bfc095abf2de16bf97b57,97.0,3,1786721101328,2026-08-14T22:25:01.328,1,1
13199,588aca26ed1bfc095abf2de16bf97b57,98.0,3,1786721102332,2026-08-14T22:25:02.332,1,1
13200,588aca26ed1bfc095abf2de16bf97b57,99.0,3,1786721103328,2026-08-14T22:25:03.328,1,1
13201,588aca26ed1bfc095abf2de16bf97b57,100.0,3,1786721104328,2026-08-14T22:25:04.328,1,1
13202,588aca26ed1bfc095abf2de16bf97b57,100.0,3,1786721105328,2026-08-14T22:25:05.328,1,1
13203,588aca26ed1bfc095abf2de16bf97b57,99.0,3,1786721106328,2026-08-14T22:25:06.328,1,1
13204,588aca26ed1bfc095abf2de16bf97b57,97.0,3,1786721107328,2026-08-14T22:25:07.328,1,1
13205,588aca26ed1bfc095abf2de16bf97b57,96.0,3,1786721108328,2026-08-14T22:25:08.328,1,1
13206,588aca26ed1bfc095abf2de16bf97b57,96.0,3,1786721109328,2026-08-14T22:25:09.328,1,1
13207,588aca26ed1bfc095abf2de16bf97b57,98.0,3,1786721110327,2026-08-14T22:25:10.327,1,1
13208,588aca26ed1bfc095abf2de16bf97b57,99.0,3,1786721111328,2026-08-14T22:25:11.328,1,1
13209,588aca26ed1bfc095abf2de16bf97b57,100.0,3,1786721112328,2026-08-14T22:25:12.328,1,1
13210,588aca26ed1bfc095abf2de16bf97b57,98.0,3,1786721113329,2026-08-14T22:25:13.329,1,1
13211,588aca26ed1bfc095abf2de16bf97b57,100.0,3,1786721114328,2026-08-14T22:25:14.328,1,1
13212,588aca26ed1bfc095abf2de16bf97b57,102.0,3,1786721115327,2026-08-14T22:25:15.327,1,1
13213,588aca26ed1bfc095abf2de16bf97b57,103.0,3,1786721116330,2026-08-14T22:25:16.330,1,1
13214,588aca26ed1bfc095abf2de16bf97b57,104.0,3,1786721117332,2026-08-14T22:25:17.332,1,1
13215,588aca26ed1bfc095abf2de16bf97b57,105.0,3,1786721118332,2026-08-14T22:25:18.332,1,1
13216,588aca26ed1bfc095abf2de16bf97b57,105.0,3,1786721119329,2026-08-14T22:25:19.329,1,1
13217,588aca26ed1bfc095abf2de16bf97b57,106.0,3,1786721120330,2026-08-14T22:25:20.330,1,1
13218,588aca26ed1bfc095abf2de16bf97b57,107.0,3,1786721121329,2026-08-14T22:25:21.329,1,1
13219,588aca26ed1bfc095abf2de16bf97b57,107.0,3,1786721122331,2026-08-14T22:25:22.331,1,1
13220,588aca26ed1bfc095abf2de16bf97b57,107.0,3,1786721123330,2026-08-14T22:25:23.330,1,1
13221,588aca26ed1bfc095abf2de16bf97b57,107.0,3,1786721124329,2026-08-14T22:25:24.329,1,1
13222,588aca26ed1bfc095abf2de16bf97b57,108.0,3,1786721125329,2026-08-14T22:25:25.329,1,1
13223,588aca26ed1bfc095abf2de16bf97b57,107.0,3,1786721126328,2026-08-14T22:25:26.328,1,1
13224,588aca26ed1bfc095abf2de16bf97b57,107.0,3,1786721127331,2026-08-14T22:25:27.331,1,1
13225,588aca26ed1bfc095abf2de16bf97b57,108.0,3,1786721128328,2026-08-14T22:25:28.328,1,1
13226,588aca26ed1bfc095abf2de16bf97b57,109.0,3,1786721129331,2026-08-14T22:25:29.331,1,1
13227,588aca26ed1bfc095abf2de16bf97b57,109.0,3,1786721130328,2026-08-14T22:25:30.328,1,1
13228,588aca26ed1bfc095abf2de16bf97b57,108.0,3,1786721131327,2026-08-14T22:25:31.327,1,1
13229,588aca26ed1bfc095abf2de16bf97b57,108.0,3,1786721132328,2026-08-14T22:25:32.328,1,1
13230,588aca26ed1bfc095abf2de16bf97b57,107.0,3,1786721133328,2026-08-14T22:25:33.328,1,1
13231,588aca26ed1bfc095abf2de16bf97b57,105.0,3,1786721134328,2026-08-14T22:25:34.328,1,1
13232,588aca26ed1bfc095abf2de16bf97b57,105.0,3,1786721135328,2026-08-14T22:25:35.328,1,1
13233,588aca26ed1bfc095abf2de16bf97b57,106.0,3,1786721136328,2026-08-14T22:25:36.328,1,1
13234,588aca26ed1bfc095abf2de16bf97b57,106.0,3,1786721137328,2026-08-14T22:25:37.328,1,1
13235,588aca26ed1bfc095abf2de16bf97b57,105.0,3,1786721138328,2026-08-14T22:25:38.328,1,1
13236,588aca26ed1bfc095abf2de16bf97b57,104.0,3,1786721139328,2026-08-14T22:25:39.328,1,1
13237,588aca26ed1bfc095abf2de16bf97b57,103.0,3,1786721140328,2026-08-14T22:25:40.328,1,1
13238,588aca26ed1bfc095abf2de16bf97b57,102.0,3,1786721141329,2026-08-14T22:25:41.329,1,1
13239,588aca26ed1bfc095abf2de16bf97b57,99.0,3,1786721142328,2026-08-14T22:25:42.328,1,1
13240,588aca26ed1bfc095abf2de16bf97b57,97.0,3,1786721143328,2026-08-14T22:25:43.328,1,1
13241,588aca26ed1bfc095abf2de16bf97b57,95.0,3,1786721144328,2026-08-14T22:25:44.328,1,1
13242,588aca26ed1bfc095abf2de16bf97b57,93.0,3,1786721145329,2026-08-14T22:25:45.329,1,1
13243,588aca26ed1bfc095abf2de16bf97b57,92.0,3,1786721146328,2026-08-14T22:25:46.328,1,1
13244,588aca26ed1bfc095abf2de16bf97b57,92.0,3,1786721147328,2026-08-14T22:25:47.328,1,1
13245,588aca26ed1bfc095abf2de16bf97b57,92.0,3,1786721148328,2026-08-14T22:25:48.328,1,1
13246,588aca26ed1bfc095abf2de16bf97b57,91.0,3,1786721149328,2026-08-14T22:25:49.328,1,1
13247,588aca26ed1bfc095abf2de16bf97b57,90.0,3,1786721150329,2026-08-14T22:25:50.329,1,1
13248,588aca26ed1bfc095abf2de16bf97b57,89.0,3,1786721151328,2026-08-14T22:25:51.328,1,1
13249,588aca26ed1bfc095abf2de16bf97b57,89.0,3,1786721152328,2026-08-14T22:25:52.328,1,1
13250,588aca26ed1bfc095abf2de16bf97b57,88.0,3,1786721153328,2026-08-14T22:25:53.328,1,1
13251,588aca26ed1bfc095abf2de16bf97b57,87.0,3,1786721154328,2026-08-14T22:25:54.328,1,1
13252,588aca26ed1bfc095abf2de16bf97b57,87.0,3,1786721155328,2026-08-14T22:25:55.328,1,1
13253,588aca26ed1bfc095abf2de16bf97b57,87.0,3,1786721156327,2026-08-14T22:25:56.327,1,1
13254,588aca26ed1bfc095abf2de16bf97b57,87.0,3,1786721157328,2026-08-14T22:25:57.328,1,1
13255,588aca26ed1bfc095abf2de16bf97b57,88.0,3,1786721158328,2026-08-14T22:25:58.328,1,1
13256,588aca26ed1bfc095abf2de16bf97b57,88.0,3,1786721159329,2026-08-14T22:25:59.329,1,1
13257,588aca26ed1bfc095abf2de16bf97b57,89.0,3,1786721160329,2026-08-14T22:26:00.329,1,1
13258,588aca26ed1bfc095abf2de16bf97b57,91.0,3,1786721161337,2026-08-14T22:26:01.337,1,1
13259,588aca26ed1bfc095abf2de16bf97b57,92.0,3,1786721162336,2026-08-14T22:26:02.336,1,1
13260,588aca26ed1bfc095abf2de16bf97b57,92.0,3,1786721163334,2026-08-14T22:26:03.334,1,1
13261,588aca26ed1bfc095abf2de16bf97b57,93.0,3,1786721164335,2026-08-14T22:26:04.335,1,1
13262,588aca26ed1bfc095abf2de16bf97b57,92.0,3,1786721165336,2026-08-14T22:26:05.336,1,1
13263,588aca26ed1bfc095abf2de16bf97b57,91.0,3,1786721166334,2026-08-14T22:26:06.334,1,1
13264,588aca26ed1bfc095abf2de16bf97b57,91.0,3,1786721167334,2026-08-14T22:26:07.334,1,1
13265,588aca26ed1bfc095abf2de16bf97b57,90.0,3,1786721168327,2026-08-14T22:26:08.327,1,1
13266,588aca26ed1bfc095abf2de16bf97b57,92.0,3,1786721169328,2026-08-14T22:26:09.328,1,1
13267,588aca26ed1bfc095abf2de16bf97b57,95.0,3,1786721170375,2026-08-14T22:26:10.375,1,1
13268,588aca26ed1bfc095abf2de16bf97b57,93.0,3,1786721171328,2026-08-14T22:26:11.328,1,1
13269,588aca26ed1bfc095abf2de16bf97b57,92.0,3,1786721172328,2026-08-14T22:26:12.328,1,1
13270,588aca26ed1bfc095abf2de16bf97b57,91.0,3,1786721173328,2026-08-14T22:26:13.328,1,1
13271,588aca26ed1bfc095abf2de16bf97b57,91.0,3,1786721174328,2026-08-14T22:26:14.328,1,1
13272,588aca26ed1bfc095abf2de16bf97b57,92.0,3,1786721175328,2026-08-14T22:26:15.328,1,1
13273,588aca26ed1bfc095abf2de16bf97b57,92.0,3,1786721176328,2026-08-14T22:26:16.328,1,1
13274,588aca26ed1bfc095abf2de16bf97b57,94.0,3,1786721177328,2026-08-14T22:26:17.328,1,1
13275,588aca26ed1bfc095abf2de16bf97b57,97.0,3,1786721178328,2026-08-14T22:26:18.328,1,1
13276,588aca26ed1bfc095abf2de16bf97b57,99.0,3,1786721179328,2026-08-14T22:26:19.328,1,1
13277,588aca26ed1bfc095abf2de16bf97b57,101.0,3,1786721180329,2026-08-14T22:26:20.329,1,1
13278,588aca26ed1bfc095abf2de16bf97b57,103.0,3,1786721181328,2026-08-14T22:26:21.328,1,1
13279,588aca26ed1bfc095abf2de16bf97b57,104.0,3,1786721182327,2026-08-14T22:26:22.327,1,1
13280,588aca26ed1bfc095abf2de16bf97b57,104.0,3,1786721183328,2026-08-14T22:26:23.328,1,1
13281,588aca26ed1bfc095abf2de16bf97b57,106.0,3,1786721184328,2026-08-14T22:26:24.328,1,1
13282,588aca26ed1bfc095abf2de16bf97b57,106.0,3,1786721185328,2026-08-14T22:26:25.328,1,1
13283,588aca26ed1bfc095abf2de16bf97b57,106.0,3,1786721186329,2026-08-14T22:26:26.329,1,1
13284,588aca26ed1bfc095abf2de16bf97b57,106.0,3,1786721187328,2026-08-14T22:26:27.328,1,1
13285,588aca26ed1bfc095abf2de16bf97b57,108.0,3,1786721188328,2026-08-14T22:26:28.328,1,1
13286,588aca26ed1bfc095abf2de16bf97b57,108.0,3,1786721189334,2026-08-14T22:26:29.334,1,1
13287,588aca26ed1bfc095abf2de16bf97b57,107.0,3,1786721190337,2026-08-14T22:26:30.337,1,1
13288,588aca26ed1bfc095abf2de16bf97b57,106.0,3,1786721191336,2026-08-14T22:26:31.336,1,1
13289,588aca26ed1bfc095abf2de16bf97b57,104.0,3,1786721192336,2026-08-14T22:26:32.336,1,1
13290,588aca26ed1bfc095abf2de16bf97b57,101.0,3,1786721193334,2026-08-14T22:26:33.334,1,1
13291,588aca26ed1bfc095abf2de16bf97b57,98.0,3,1786721194333,2026-08-14T22:26:34.333,1,1
13292,588aca26ed1bfc095abf2de16bf97b57,96.0,3,1786721195331,2026-08-14T22:26:35.331,1,1
13293,588aca26ed1bfc095abf2de16bf97b57,94.0,3,1786721196331,2026-08-14T22:26:36.331,1,1
13294,588aca26ed1bfc095abf2de16bf97b57,95.0,3,1786721197328,2026-08-14T22:26:37.328,1,1
13295,588aca26ed1bfc095abf2de16bf97b57,96.0,3,1786721198336,2026-08-14T22:26:38.336,1,1
13296,588aca26ed1bfc095abf2de16bf97b57,97.0,3,1786721199328,2026-08-14T22:26:39.328,1,1
13297,588aca26ed1bfc095abf2de16bf97b57,97.0,3,1786721200328,2026-08-14T22:26:40.328,1,1
13298,588aca26ed1bfc095abf2de16bf97b57,95.0,3,1786721201329,2026-08-14T22:26:41.329,1,1
13299,588aca26ed1bfc095abf2de16bf97b57,94.0,3,1786721202327,2026-08-14T22:26:42.327,1,1
13300,588aca26ed1bfc095abf2de16bf97b57,93.0,3,1786721203327,2026-08-14T22:26:43.327,1,1
13301,588aca26ed1bfc095abf2de16bf97b57,92.0,3,1786721204328,2026-08-14T22:26:44.328,1,1
13302,588aca26ed1bfc095abf2de16bf97b57,90.0,3,1786721205328,2026-08-14T22:26:45.328,1,1
13303,588aca26ed1bfc095abf2de16bf97b57,89.0,3,1786721206328,2026-08-14T22:26:46.328,1,1
13304,588aca26ed1bfc095abf2de16bf97b57,88.0,3,1786721207327,2026-08-14T22:26:47.327,1,1
13305,588aca26ed1bfc095abf2de16bf97b57,88.0,3,1786721208328,2026-08-14T22:26:48.328,1,1
13306,588aca26ed1bfc095abf2de16bf97b57,87.0,3,1786721209328,2026-08-14T22:26:49.328,1,1
13307,588aca26ed1bfc095abf2de16bf97b57,87.0,3,1786721210329,2026-08-14T22:26:50.329,1,1
13308,588aca26ed1bfc095abf2de16bf97b57,87.0,3,1786721211336,2026-08-14T22:26:51.336,1,1
13309,588aca26ed1bfc095abf2de16bf97b57,87.0,3,1786721212329,2026-08-14T22:26:52.329,1,1
13310,588aca26ed1bfc095abf2de16bf97b57,88.0,3,1786721213335,2026-08-14T22:26:53.335,1,1
13311,588aca26ed1bfc095abf2de16bf97b57,88.0,3,1786721214329,2026-08-14T22:26:54.329,1,1
13312,588aca26ed1bfc095abf2de16bf97b57,89.0,3,1786721215331,2026-08-14T22:26:55.331,1,1
13313,588aca26ed1bfc095abf2de16bf97b57,89.0,3,1786721216328,2026-08-14T22:26:56.328,1,1
13314,588aca26ed1bfc095abf2de16bf97b57,89.0,3,1786721217327,2026-08-14T22:26:57.327,1,1
13315,588aca26ed1bfc095abf2de16bf97b57,89.0,3,1786721218328,2026-08-14T22:26:58.328,1,1
13316,588aca26ed1bfc095abf2de16bf97b57,89.0,3,1786721219327,2026-08-14T22:26:59.327,1,1
13317,588aca26ed1bfc095abf2de16bf97b57,90.0,3,1786721220330,2026-08-14T22:27:00.330,1,1
13318,588aca26ed1bfc095abf2de16bf97b57,90.0,3,1786721221329,2026-08-14T22:27:01.329,1,1
13319,588aca26ed1bfc095abf2de16bf97b57,91.0,3,1786721222329,2026-08-14T22:27:02.329,1,1
13320,588aca26ed1bfc095abf2de16bf97b57,92.0,3,1786721223328,2026-08-14T22:27:03.328,1,1
13321,588aca26ed1bfc095abf2de16bf97b57,93.0,3,1786721224328,2026-08-14T22:27:04.328,1,1
13322,588aca26ed1bfc095abf2de16bf97b57,93.0,3,1786721225329,2026-08-14T22:27:05.329,1,1
13323,588aca26ed1bfc095abf2de16bf97b57,92.0,3,1786721226327,2026-08-14T22:27:06.327,1,1
13324,588aca26ed1bfc095abf2de16bf97b57,91.0,3,1786721227327,2026-08-14T22:27:07.327,1,1
13325,588aca26ed1bfc095abf2de16bf97b57,90.0,3,1786721228327,2026-08-14T22:27:08.327,1,1
13326,588aca26ed1bfc095abf2de16bf97b57,89.0,3,1786721229328,2026-08-14T22:27:09.328,1,1
13327,588aca26ed1bfc095abf2de16bf97b57,88.0,3,1786721230327,2026-08-14T22:27:10.327,1,1
13328,588aca26ed1bfc095abf2de16bf97b57,87.0,3,1786721231331,2026-08-14T22:27:11.331,1,1
13329,588aca26ed1bfc095abf2de16bf97b57,87.0,3,1786721232332,2026-08-14T22:27:12.332,1,1
13330,588aca26ed1bfc095abf2de16bf97b57,86.0,3,1786721233328,2026-08-14T22:27:13.328,1,1
13331,588aca26ed1bfc095abf2de16bf97b57,86.0,3,1786721234333,2026-08-14T22:27:14.333,1,1
13332,588aca26ed1bfc095abf2de16bf97b57,86.0,3,1786721235327,2026-08-14T22:27:15.327,1,1
13333,588aca26ed1bfc095abf2de16bf97b57,86.0,3,1786721236327,2026-08-14T22:27:16.327,1,1
13334,588aca26ed1bfc095abf2de16bf97b57,86.0,3,1786721237328,2026-08-14T22:27:17.328,1,1
13335,588aca26ed1bfc095abf2de16bf97b57,86.0,3,1786721238327,2026-08-14T22:27:18.327,1,1
13336,588aca26ed1bfc095abf2de16bf97b57,86.0,3,1786721239327,2026-08-14T22:27:19.327,1,1
13337,588aca26ed1bfc095abf2de16bf97b57,86.0,3,1786721240327,2026-08-14T22:27:20.327,1,1
13338,588aca26ed1bfc095abf2de16bf97b57,86.0,3,1786721241327,2026-08-14T22:27:21.327,1,1
13339,588aca26ed1bfc095abf2de16bf97b57,87.0,3,1786721242327,2026-08-14T22:27:22.327,1,1
13340,588aca26ed1bfc095abf2de16bf97b57,87.0,3,1786721243327,2026-08-14T22:27:23.327,1,1
13341,588aca26ed1bfc095abf2de16bf97b57,87.0,3,1786721244328,2026-08-14T22:27:24.328,1,1
13342,588aca26ed1bfc095abf2de16bf97b57,87.0,3,1786721245328,2026-08-14T22:27:25.328,1,1
13343,588aca26ed1bfc095abf2de16bf97b57,87.0,3,1786721246327,2026-08-14T22:27:26.327,1,1
13344,588aca26ed1bfc095abf2de16bf97b57,86.0,3,1786721247328,2026-08-14T22:27:27.328,1,1
13345,588aca26ed1bfc095abf2de16bf97b57,86.0,3,1786721248327,2026-08-14T22:27:28.327,1,1
13346,588aca26ed1bfc095abf2de16bf97b57,86.0,3,1786721249327,2026-08-14T22:27:29.327,1,1
13347,588aca26ed1bfc095abf2de16bf97b57,86.0,3,1786721250327,2026-08-14T22:27:30.327,1,1
13348,588aca26ed1bfc095abf2de16bf97b57,86.0,3,1786721251328,2026-08-14T22:27:31.328,1,1
13349,588aca26ed1bfc095abf2de16bf97b57,86.0,3,1786721252328,2026-08-14T22:27:32.328,1,1
13350,588aca26ed1bfc095abf2de16bf97b57,87.0,3,1786721253328,2026-08-14T22:27:33.328,1,1
13351,588aca26ed1bfc095abf2de16bf97b57,88.0,3,1786721254328,2026-08-14T22:27:34.328,1,1
13352,588aca26ed1bfc095abf2de16bf97b57,88.0,3,1786721255327,2026-08-14T22:27:35.327,1,1
13353,588aca26ed1bfc095abf2de16bf97b57,88.0,3,1786721256331,2026-08-14T22:27:36.331,1,1
13354,588aca26ed1bfc095abf2de16bf97b57,87.0,3,1786721257331,2026-08-14T22:27:37.331,1,1
13355,588aca26ed1bfc095abf2de16bf97b57,88.0,3,1786721258335,2026-08-14T22:27:38.335,1,1
13356,588aca26ed1bfc095abf2de16bf97b57,88.0,3,1786721259328,2026-08-14T22:27:39.328,1,1
13357,588aca26ed1bfc095abf2de16bf97b57,88.0,3,1786721260328,2026-08-14T22:27:40.328,1,1
13358,588aca26ed1bfc095abf2de16bf97b57,88.0,3,1786721261328,2026-08-14T22:27:41.328,1,1
13359,588aca26ed1bfc095abf2de16bf97b57,87.0,3,1786721262328,2026-08-14T22:27:42.328,1,1
13360,588aca26ed1bfc095abf2de16bf97b57,86.0,3,1786721263328,2026-08-14T22:27:43.328,1,1
13361,588aca26ed1bfc095abf2de16bf97b57,86.0,3,1786721264327,2026-08-14T22:27:44.327,1,1
13362,588aca26ed1bfc095abf2de16bf97b57,86.0,3,1786721265327,2026-08-14T22:27:45.327,1,1
13363,588aca26ed1bfc095abf2de16bf97b57,86.0,3,1786721266327,2026-08-14T22:27:46.327,1,1
13364,588aca26ed1bfc095abf2de16bf97b57,86.0,3,1786721267327,2026-08-14T22:27:47.327,1,1
13365,588aca26ed1bfc095abf2de16bf97b57,86.0,3,1786721268329,2026-08-14T22:27:48.329,1,1
13366,588aca26ed1bfc095abf2de16bf97b57,86.0,3,1786721269332,2026-08-14T22:27:49.332,1,1
13367,588aca26ed1bfc095abf2de16bf97b57,86.0,3,1786721270328,2026-08-14T22:27:50.328,1,1
13368,588aca26ed1bfc095abf2de16bf97b57,85.0,3,1786721271327,2026-08-14T22:27:51.327,1,1
13369,588aca26ed1bfc095abf2de16bf97b57,85.0,3,1786721272327,2026-08-14T22:27:52.327,1,1
13370,588aca26ed1bfc095abf2de16bf97b57,84.0,3,1786721273328,2026-08-14T22:27:53.328,1,1
13371,588aca26ed1bfc095abf2de16bf97b57,84.0,3,1786721274335,2026-08-14T22:27:54.335,1,1
13372,588aca26ed1bfc095abf2de16bf97b57,84.0,3,1786721275327,2026-08-14T22:27:55.327,1,1
13373,588aca26ed1bfc095abf2de16bf97b57,84.0,3,1786721276329,2026-08-14T22:27:56.329,1,1
13374,588aca26ed1bfc095abf2de16bf97b57,85.0,3,1786721277334,2026-08-14T22:27:57.334,1,1
13375,588aca26ed1bfc095abf2de16bf97b57,86.0,3,1786721278330,2026-08-14T22:27:58.330,1,1
13376,588aca26ed1bfc095abf2de16bf97b57,87.0,3,1786721279333,2026-08-14T22:27:59.333,1,1
13377,588aca26ed1bfc095abf2de16bf97b57,88.0,3,1786721280336,2026-08-14T22:28:00.336,1,1
13378,588aca26ed1bfc095abf2de16bf97b57,88.0,3,1786721281328,2026-08-14T22:28:01.328,1,1
13379,588aca26ed1bfc095abf2de16bf97b57,88.0,3,1786721282327,2026-08-14T22:28:02.327,1,1
13380,588aca26ed1bfc095abf2de16bf97b57,87.0,3,1786721283327,2026-08-14T22:28:03.327,1,1
13381,588aca26ed1bfc095abf2de16bf97b57,87.0,3,1786721284337,2026-08-14T22:28:04.337,1,0
13382,588aca26ed1bfc095abf2de16bf97b57,87.0,3,1786721285328,2026-08-14T22:28:05.328,1,1
13383,588aca26ed1bfc095abf2de16bf97b57,87.0,3,1786721286328,2026-08-14T22:28:06.328,1,1
13384,588aca26ed1bfc095abf2de16bf97b57,87.0,3,1786721287328,2026-08-14T22:28:07.328,1,1
13385,588aca26ed1bfc095abf2de16bf97b57,87.0,3,1786721288327,2026-08-14T22:28:08.327,1,1
13386,588aca26ed1bfc095abf2de16bf97b57,87.0,3,1786721289329,2026-08-14T22:28:09.329,1,1
13387,588aca26ed1bfc095abf2de16bf97b57,87.0,3,1786721290328,2026-08-14T22:28:10.328,1,1
13388,588aca26ed1bfc095abf2de16bf97b57,87.0,3,1786721291329,2026-08-14T22:28:11.329,1,1
13389,588aca26ed1bfc095abf2de16bf97b57,87.0,3,1786721292331,2026-08-14T22:28:12.331,1,1
13390,588aca26ed1bfc095abf2de16bf97b57,87.0,3,1786721293327,2026-08-14T22:28:13.327,1,1
13391,588aca26ed1bfc095abf2de16bf97b57,87.0,3,1786721294328,2026-08-14T22:28:14.328,1,1
13392,588aca26ed1bfc095abf2de16bf97b57,86.0,3,1786721295329,2026-08-14T22:28:15.329,1,1
13393,588aca26ed1bfc095abf2de16bf97b57,86.0,3,1786721296327,2026-08-14T22:28:16.327,1,1
13394,588aca26ed1bfc095abf2de16bf97b57,85.0,3,1786721297327,2026-08-14T22:28:17.327,1,1
13395,588aca26ed1bfc095abf2de16bf97b57,85.0,3,1786721298327,2026-08-14T22:28:18.327,1,1
13396,588aca26ed1bfc095abf2de16bf97b57,84.0,3,1786721299329,2026-08-14T22:28:19.329,1,1
13397,588aca26ed1bfc095abf2de16bf97b57,84.0,3,1786721300328,2026-08-14T22:28:20.328,1,1
13398,588aca26ed1bfc095abf2de16bf97b57,84.0,3,1786721301328,2026-08-14T22:28:21.328,1,1
13399,588aca26ed1bfc095abf2de16bf97b57,84.0,3,1786721302327,2026-08-14T22:28:22.327,1,1
13400,588aca26ed1bfc095abf2de16bf97b57,85.0,3,1786721303329,2026-08-14T22:28:23.329,1,1
13401,588aca26ed1bfc095abf2de16bf97b57,86.0,3,1786721304334,2026-08-14T22:28:24.334,1,1
13402,588aca26ed1bfc095abf2de16bf97b57,86.0,3,1786721305328,2026-08-14T22:28:25.328,1,1
13403,588aca26ed1bfc095abf2de16bf97b57,86.0,3,1786721306328,2026-08-14T22:28:26.328,1,1
13404,588aca26ed1bfc095abf2de16bf97b57,86.0,3,1786721307328,2026-08-14T22:28:27.328,1,1
13405,588aca26ed1bfc095abf2de16bf97b57,86.0,3,1786721308329,2026-08-14T22:28:28.329,1,1
13406,588aca26ed1bfc095abf2de16bf97b57,87.0,3,1786721309328,2026-08-14T22:28:29.328,1,1
13407,588aca26ed1bfc095abf2de16bf97b57,87.0,3,1786721310328,2026-08-14T22:28:30.328,1,1
13408,588aca26ed1bfc095abf2de16bf97b57,87.0,3,1786721311327,2026-08-14T22:28:31.327,1,1
13409,588aca26ed1bfc095abf2de16bf97b57,87.0,3,1786721312328,2026-08-14T22:28:32.328,1,1
13410,588aca26ed1bfc095abf2de16bf97b57,88.0,3,1786721313328,2026-08-14T22:28:33.328,1,1
13411,588aca26ed1bfc095abf2de16bf97b57,89.0,3,1786721314328,2026-08-14T22:28:34.328,1,1
13412,588aca26ed1bfc095abf2de16bf97b57,89.0,3,1786721315328,2026-08-14T22:28:35.328,1,1
13413,588aca26ed1bfc095abf2de16bf97b57,89.0,3,1786721316327,2026-08-14T22:28:36.327,1,1
13414,588aca26ed1bfc095abf2de16bf97b57,89.0,3,1786721317335,2026-08-14T22:28:37.335,1,1
13415,588aca26ed1bfc095abf2de16bf97b57,88.0,3,1786721318342,2026-08-14T22:28:38.342,1,1
13416,588aca26ed1bfc095abf2de16bf97b57,87.0,3,1786721319330,2026-08-14T22:28:39.330,1,1
13417,588aca26ed1bfc095abf2de16bf97b57,87.0,3,1786721320328,2026-08-14T22:28:40.328,1,1
13418,588aca26ed1bfc095abf2de16bf97b57,86.0,3,1786721321328,2026-08-14T22:28:41.328,1,1
13419,588aca26ed1bfc095abf2de16bf97b57,85.0,3,1786721322328,2026-08-14T22:28:42.328,1,1
13420,588aca26ed1bfc095abf2de16bf97b57,85.0,3,1786721323328,2026-08-14T22:28:43.328,1,1
13421,588aca26ed1bfc095abf2de16bf97b57,85.0,3,1786721324328,2026-08-14T22:28:44.328,1,1
13422,588aca26ed1bfc095abf2de16bf97b57,86.0,3,1786721325327,2026-08-14T22:28:45.327,1,1
13423,588aca26ed1bfc095abf2de16bf97b57,87.0,3,1786721326328,2026-08-14T22:28:46.328,1,1
13424,588aca26ed1bfc095abf2de16bf97b57,88.0,3,1786721327328,2026-08-14T22:28:47.328,1,1
13425,588aca26ed1bfc095abf2de16bf97b57,89.0,3,1786721328328,2026-08-14T22:28:48.328,1,1
13426,588aca26ed1bfc095abf2de16bf97b57,89.0,3,1786721329328,2026-08-14T22:28:49.328,1,1
13427,588aca26ed1bfc095abf2de16bf97b57,88.0,3,1786721330338,2026-08-14T22:28:50.338,1,1
13428,588aca26ed1bfc095abf2de16bf97b57,88.0,3,1786721331332,2026-08-14T22:28:51.332,1,1
13429,588aca26ed1bfc095abf2de16bf97b57,88.0,3,1786721332330,2026-08-14T22:28:52.330,1,1
13430,588aca26ed1bfc095abf2de16bf97b57,88.0,3,1786721333328,2026-08-14T22:28:53.328,1,1
13431,588aca26ed1bfc095abf2de16bf97b57,89.0,3,1786721334328,2026-08-14T22:28:54.328,1,1
13432,588aca26ed1bfc095abf2de16bf97b57,89.0,3,1786721335331,2026-08-14T22:28:55.331,1,1
13433,588aca26ed1bfc095abf2de16bf97b57,90.0,3,1786721336328,2026-08-14T22:28:56.328,1,1
13434,588aca26ed1bfc095abf2de16bf97b57,90.0,3,1786721337328,2026-08-14T22:28:57.328,1,1
13435,588aca26ed1bfc095abf2de16bf97b57,89.0,3,1786721338327,2026-08-14T22:28:58.327,1,1
13436,588aca26ed1bfc095abf2de16bf97b57,88.0,3,1786721339327,2026-08-14T22:28:59.327,1,1
13437,588aca26ed1bfc095abf2de16bf97b57,87.0,3,1786721340328,2026-08-14T22:29:00.328,1,1
13438,588aca26ed1bfc095abf2de16bf97b57,86.0,3,1786721341335,2026-08-14T22:29:01.335,1,1
13439,588aca26ed1bfc095abf2de16bf97b57,85.0,3,1786721342335,2026-08-14T22:29:02.335,1,1
13440,588aca26ed1bfc095abf2de16bf97b57,84.0,3,1786721343333,2026-08-14T22:29:03.333,1,1
13441,588aca26ed1bfc095abf2de16bf97b57,83.0,3,1786721344327,2026-08-14T22:29:04.327,1,1
13442,588aca26ed1bfc095abf2de16bf97b57,82.0,3,1786721345328,2026-08-14T22:29:05.328,1,1
13443,588aca26ed1bfc095abf2de16bf97b57,82.0,3,1786721346328,2026-08-14T22:29:06.328,1,1
13444,588aca26ed1bfc095abf2de16bf97b57,82.0,3,1786721347334,2026-08-14T22:29:07.334,1,1
13445,588aca26ed1bfc095abf2de16bf97b57,82.0,3,1786721348328,2026-08-14T22:29:08.328,1,1
13446,588aca26ed1bfc095abf2de16bf97b57,81.0,3,1786721349328,2026-08-14T22:29:09.328,1,1
13447,588aca26ed1bfc095abf2de16bf97b57,82.0,3,1786721350328,2026-08-14T22:29:10.328,1,1
13448,588aca26ed1bfc095abf2de16bf97b57,82.0,3,1786721351327,2026-08-14T22:29:11.327,1,1
13449,588aca26ed1bfc095abf2de16bf97b57,83.0,3,1786721352328,2026-08-14T22:29:12.328,1,1
13450,588aca26ed1bfc095abf2de16bf97b57,84.0,3,1786721353327,2026-08-14T22:29:13.327,1,1
13451,588aca26ed1bfc095abf2de16bf97b57,85.0,3,1786721354327,2026-08-14T22:29:14.327,1,1
13452,588aca26ed1bfc095abf2de16bf97b57,84.0,3,1786721355328,2026-08-14T22:29:15.328,1,1
13453,588aca26ed1bfc095abf2de16bf97b57,83.0,3,1786721356336,2026-08-14T22:29:16.336,1,1
13454,588aca26ed1bfc095abf2de16bf97b57,81.0,3,1786721357334,2026-08-14T22:29:17.334,1,1
13455,588aca26ed1bfc095abf2de16bf97b57,81.0,3,1786721358328,2026-08-14T22:29:18.328,1,1
13456,588aca26ed1bfc095abf2de16bf97b57,81.0,3,1786721359332,2026-08-14T22:29:19.332,1,1
13457,588aca26ed1bfc095abf2de16bf97b57,81.0,3,1786721360329,2026-08-14T22:29:20.329,1,1
13458,588aca26ed1bfc095abf2de16bf97b57,83.0,3,1786721361348,2026-08-14T22:29:21.348,1,1
13459,588aca26ed1bfc095abf2de16bf97b57,84.0,3,1786721362327,2026-08-14T22:29:22.327,1,1
13460,588aca26ed1bfc095abf2de16bf97b57,85.0,3,1786721363328,2026-08-14T22:29:23.328,1,1
13461,588aca26ed1bfc095abf2de16bf97b57,86.0,3,1786721364333,2026-08-14T22:29:24.333,1,1
13462,588aca26ed1bfc095abf2de16bf97b57,88.0,3,1786721365327,2026-08-14T22:29:25.327,1,1
13463,588aca26ed1bfc095abf2de16bf97b57,90.0,3,1786721366328,2026-08-14T22:29:26.328,1,1
13464,588aca26ed1bfc095abf2de16bf97b57,93.0,3,1786721367330,2026-08-14T22:29:27.330,1,1
13465,588aca26ed1bfc095abf2de16bf97b57,94.0,3,1786721368330,2026-08-14T22:29:28.330,1,1
13466,588aca26ed1bfc095abf2de16bf97b57,95.0,3,1786721369328,2026-08-14T22:29:29.328,1,1
13467,588aca26ed1bfc095abf2de16bf97b57,96.0,3,1786721370328,2026-08-14T22:29:30.328,1,1
13468,588aca26ed1bfc095abf2de16bf97b57,96.0,3,1786721371328,2026-08-14T22:29:31.328,1,1
13469,588aca26ed1bfc095abf2de16bf97b57,96.0,3,1786721372329,2026-08-14T22:29:32.329,1,1
13470,588aca26ed1bfc095abf2de16bf97b57,95.0,3,1786721373328,2026-08-14T22:29:33.328,1,1
13471,588aca26ed1bfc095abf2de16bf97b57,94.0,3,1786721374327,2026-08-14T22:29:34.327,1,1
13472,588aca26ed1bfc095abf2de16bf97b57,94.0,3,1786721375328,2026-08-14T22:29:35.328,1,1
13473,588aca26ed1bfc095abf2de16bf97b57,93.0,3,1786721376329,2026-08-14T22:29:36.329,1,1
13474,588aca26ed1bfc095abf2de16bf97b57,91.0,3,1786721377328,2026-08-14T22:29:37.328,1,1
13475,588aca26ed1bfc095abf2de16bf97b57,90.0,3,1786721378336,2026-08-14T22:29:38.336,1,1
13476,588aca26ed1bfc095abf2de16bf97b57,89.0,3,1786721379333,2026-08-14T22:29:39.333,1,1
13477,588aca26ed1bfc095abf2de16bf97b57,87.0,3,1786721380334,2026-08-14T22:29:40.334,1,1
13478,588aca26ed1bfc095abf2de16bf97b57,85.0,3,1786721381330,2026-08-14T22:29:41.330,1,1
13479,588aca26ed1bfc095abf2de16bf97b57,84.0,3,1786721382328,2026-08-14T22:29:42.328,1,1
13480,588aca26ed1bfc095abf2de16bf97b57,83.0,3,1786721383329,2026-08-14T22:29:43.329,1,1
13481,588aca26ed1bfc095abf2de16bf97b57,82.0,3,1786721384328,2026-08-14T22:29:44.328,1,1
13482,588aca26ed1bfc095abf2de16bf97b57,81.0,3,1786721385328,2026-08-14T22:29:45.328,1,1
13483,588aca26ed1bfc095abf2de16bf97b57,80.0,3,1786721386328,2026-08-14T22:29:46.328,1,1
13484,588aca26ed1bfc095abf2de16bf97b57,80.0,3,1786721387328,2026-08-14T22:29:47.328,1,1
13485,588aca26ed1bfc095abf2de16bf97b57,80.0,3,1786721388328,2026-08-14T22:29:48.328,1,1
13486,588aca26ed1bfc095abf2de16bf97b57,80.0,3,1786721389331,2026-08-14T22:29:49.331,1,1
13487,588aca26ed1bfc095abf2de16bf97b57,80.0,3,1786721390329,2026-08-14T22:29:50.329,1,1
13488,588aca26ed1bfc095abf2de16bf97b57,81.0,3,1786721391328,2026-08-14T22:29:51.328,1,1
13489,588aca26ed1bfc095abf2de16bf97b57,81.0,3,1786721392328,2026-08-14T22:29:52.328,1,1
13490,588aca26ed1bfc095abf2de16bf97b57,81.0,3,1786721393328,2026-08-14T22:29:53.328,1,1
13491,588aca26ed1bfc095abf2de16bf97b57,81.0,3,1786721394328,2026-08-14T22:29:54.328,1,1
13492,588aca26ed1bfc095abf2de16bf97b57,82.0,3,1786721395328,2026-08-14T22:29:55.328,1,1
13493,588aca26ed1bfc095abf2de16bf97b57,81.0,3,1786721396328,2026-08-14T22:29:56.328,1,1
13494,588aca26ed1bfc095abf2de16bf97b57,83.0,3,1786721397327,2026-08-14T22:29:57.327,1,1
13495,588aca26ed1bfc095abf2de16bf97b57,83.0,3,1786721398329,2026-08-14T22:29:58.329,1,1
13496,588aca26ed1bfc095abf2de16bf97b57,83.0,3,1786721399330,2026-08-14T22:29:59.330,1,1
13497,588aca26ed1bfc095abf2de16bf97b57,84.0,3,1786721400328,2026-08-14T22:30:00.328,1,1
13498,588aca26ed1bfc095abf2de16bf97b57,84.0,3,1786721401328,2026-08-14T22:30:01.328,1,1
13499,588aca26ed1bfc095abf2de16bf97b57,85.0,3,1786721402327,2026-08-14T22:30:02.327,1,1
13500,588aca26ed1bfc095abf2de16bf97b57,85.0,3,1786721403328,2026-08-14T22:30:03.328,1,1
13501,588aca26ed1bfc095abf2de16bf97b57,85.0,3,1786721404328,2026-08-14T22:30:04.328,1,1
13502,588aca26ed1bfc095abf2de16bf97b57,85.0,3,1786721405338,2026-08-14T22:30:05.338,1,1
13503,588aca26ed1bfc095abf2de16bf97b57,85.0,3,1786721406334,2026-08-14T22:30:06.334,1,1
13504,588aca26ed1bfc095abf2de16bf97b57,86.0,3,1786721407334,2026-08-14T22:30:07.334,1,1
13505,588aca26ed1bfc095abf2de16bf97b57,87.0,3,1786721408331,2026-08-14T22:30:08.331,1,1
13506,588aca26ed1bfc095abf2de16bf97b57,88.0,3,1786721409329,2026-08-14T22:30:09.329,1,1
13507,588aca26ed1bfc095abf2de16bf97b57,89.0,3,1786721410328,2026-08-14T22:30:10.328,1,1
13508,588aca26ed1bfc095abf2de16bf97b57,91.0,3,1786721411328,2026-08-14T22:30:11.328,1,1
13509,588aca26ed1bfc095abf2de16bf97b57,93.0,3,1786721412327,2026-08-14T22:30:12.327,1,1
13510,588aca26ed1bfc095abf2de16bf97b57,94.0,3,1786721413327,2026-08-14T22:30:13.327,1,1
13511,588aca26ed1bfc095abf2de16bf97b57,95.0,3,1786721414327,2026-08-14T22:30:14.327,1,1
13512,588aca26ed1bfc095abf2de16bf97b57,96.0,3,1786721415328,2026-08-14T22:30:15.328,1,1
13513,588aca26ed1bfc095abf2de16bf97b57,96.0,3,1786721416330,2026-08-14T22:30:16.330,1,1
13514,588aca26ed1bfc095abf2de16bf97b57,98.0,3,1786721417327,2026-08-14T22:30:17.327,1,1
13515,588aca26ed1bfc095abf2de16bf97b57,98.0,3,1786721418328,2026-08-14T22:30:18.328,1,1
13516,588aca26ed1bfc095abf2de16bf97b57,98.0,3,1786721419334,2026-08-14T22:30:19.334,1,1
13517,588aca26ed1bfc095abf2de16bf97b57,97.0,3,1786721420467,2026-08-14T22:30:20.467,1,1
13518,588aca26ed1bfc095abf2de16bf97b57,97.0,3,1786721421330,2026-08-14T22:30:21.330,1,1
13519,588aca26ed1bfc095abf2de16bf97b57,97.0,3,1786721422330,2026-08-14T22:30:22.330,1,1
13520,588aca26ed1bfc095abf2de16bf97b57,97.0,3,1786721423332,2026-08-14T22:30:23.332,1,1
13521,588aca26ed1bfc095abf2de16bf97b57,98.0,3,1786721424330,2026-08-14T22:30:24.330,1,1
13522,588aca26ed1bfc095abf2de16bf97b57,97.0,3,1786721425327,2026-08-14T22:30:25.327,1,1
13523,588aca26ed1bfc095abf2de16bf97b57,98.0,3,1786721426330,2026-08-14T22:30:26.330,1,1
13524,588aca26ed1bfc095abf2de16bf97b57,97.0,3,1786721427330,2026-08-14T22:30:27.330,1,1
13525,588aca26ed1bfc095abf2de16bf97b57,95.0,3,1786721428330,2026-08-14T22:30:28.330,1,1
13526,588aca26ed1bfc095abf2de16bf97b57,95.0,3,1786721429330,2026-08-14T22:30:29.330,1,1
13527,588aca26ed1bfc095abf2de16bf97b57,97.0,3,1786721430330,2026-08-14T22:30:30.330,1,1
13528,588aca26ed1bfc095abf2de16bf97b57,96.0,3,1786721431329,2026-08-14T22:30:31.329,1,1
13529,588aca26ed1bfc095abf2de16bf97b57,94.0,3,1786721432330,2026-08-14T22:30:32.330,1,1
13530,588aca26ed1bfc095abf2de16bf97b57,93.0,3,1786721433329,2026-08-14T22:30:33.329,1,1
13531,588aca26ed1bfc095abf2de16bf97b57,92.0,3,1786721434328,2026-08-14T22:30:34.328,1,1
13532,588aca26ed1bfc095abf2de16bf97b57,91.0,3,1786721435331,2026-08-14T22:30:35.331,1,1
13533,588aca26ed1bfc095abf2de16bf97b57,94.0,3,1786721436329,2026-08-14T22:30:36.329,1,1
13534,588aca26ed1bfc095abf2de16bf97b57,94.0,3,1786721437330,2026-08-14T22:30:37.330,1,1
13535,588aca26ed1bfc095abf2de16bf97b57,93.0,3,1786721438328,2026-08-14T22:30:38.328,1,1
13536,588aca26ed1bfc095abf2de16bf97b57,92.0,3,1786721439328,2026-08-14T22:30:39.328,1,1
13537,588aca26ed1bfc095abf2de16bf97b57,94.0,3,1786721440328,2026-08-14T22:30:40.328,1,1
13538,588aca26ed1bfc095abf2de16bf97b57,96.0,3,1786721441328,2026-08-14T22:30:41.328,1,1
13539,588aca26ed1bfc095abf2de16bf97b57,99.0,3,1786721442328,2026-08-14T22:30:42.328,1,1
13540,588aca26ed1bfc095abf2de16bf97b57,101.0,3,1786721443328,2026-08-14T22:30:43.328,1,1
13541,588aca26ed1bfc095abf2de16bf97b57,101.0,3,1786721444328,2026-08-14T22:30:44.328,1,1
13542,588aca26ed1bfc095abf2de16bf97b57,102.0,3,1786721445328,2026-08-14T22:30:45.328,1,1
13543,588aca26ed1bfc095abf2de16bf97b57,104.0,3,1786721446328,2026-08-14T22:30:46.328,1,1
13544,588aca26ed1bfc095abf2de16bf97b57,104.0,3,1786721447328,2026-08-14T22:30:47.328,1,1
13545,588aca26ed1bfc095abf2de16bf97b57,104.0,3,1786721448327,2026-08-14T22:30:48.327,1,1
13546,588aca26ed1bfc095abf2de16bf97b57,104.0,3,1786721449327,2026-08-14T22:30:49.327,1,1
13547,588aca26ed1bfc095abf2de16bf97b57,103.0,3,1786721450327,2026-08-14T22:30:50.327,1,1
13548,588aca26ed1bfc095abf2de16bf97b57,101.0,3,1786721451329,2026-08-14T22:30:51.329,1,1
13549,588aca26ed1bfc095abf2de16bf97b57,101.0,3,1786721452334,2026-08-14T22:30:52.334,1,1
13550,588aca26ed1bfc095abf2de16bf97b57,102.0,3,1786721453335,2026-08-14T22:30:53.335,1,1
13551,588aca26ed1bfc095abf2de16bf97b57,102.0,3,1786721454331,2026-08-14T22:30:54.331,1,1
13552,588aca26ed1bfc095abf2de16bf97b57,102.0,3,1786721455330,2026-08-14T22:30:55.330,1,1
13553,588aca26ed1bfc095abf2de16bf97b57,102.0,3,1786721456330,2026-08-14T22:30:56.330,1,1
13554,588aca26ed1bfc095abf2de16bf97b57,103.0,3,1786721457330,2026-08-14T22:30:57.330,1,1
13555,588aca26ed1bfc095abf2de16bf97b57,102.0,3,1786721458327,2026-08-14T22:30:58.327,1,1
13556,588aca26ed1bfc095abf2de16bf97b57,103.0,3,1786721459329,2026-08-14T22:30:59.329,1,1
13557,588aca26ed1bfc095abf2de16bf97b57,103.0,3,1786721460327,2026-08-14T22:31:00.327,1,1
13558,588aca26ed1bfc095abf2de16bf97b57,103.0,3,1786721461327,2026-08-14T22:31:01.327,1,1
13559,588aca26ed1bfc095abf2de16bf97b57,104.0,3,1786721462336,2026-08-14T22:31:02.336,1,1
13560,588aca26ed1bfc095abf2de16bf97b57,103.0,3,1786721463328,2026-08-14T22:31:03.328,1,1
13561,588aca26ed1bfc095abf2de16bf97b57,105.0,3,1786721464329,2026-08-14T22:31:04.329,1,1
13562,588aca26ed1bfc095abf2de16bf97b57,106.0,3,1786721465328,2026-08-14T22:31:05.328,1,1
13563,588aca26ed1bfc095abf2de16bf97b57,106.0,3,1786721466328,2026-08-14T22:31:06.328,1,1
13564,588aca26ed1bfc095abf2de16bf97b57,105.0,3,1786721467328,2026-08-14T22:31:07.328,1,1
13565,588aca26ed1bfc095abf2de16bf97b57,106.0,3,1786721468330,2026-08-14T22:31:08.330,1,1
13566,588aca26ed1bfc095abf2de16bf97b57,106.0,3,1786721469330,2026-08-14T22:31:09.330,1,1
13567,588aca26ed1bfc095abf2de16bf97b57,106.0,3,1786721470330,2026-08-14T22:31:10.330,1,1
13568,588aca26ed1bfc095abf2de16bf97b57,106.0,3,1786721471332,2026-08-14T22:31:11.332,1,1
13569,588aca26ed1bfc095abf2de16bf97b57,107.0,3,1786721472328,2026-08-14T22:31:12.328,1,1
13570,588aca26ed1bfc095abf2de16bf97b57,105.0,3,1786721473327,2026-08-14T22:31:13.327,1,1
13571,588aca26ed1bfc095abf2de16bf97b57,103.0,3,1786721474327,2026-08-14T22:31:14.327,1,1
13572,588aca26ed1bfc095abf2de16bf97b57,101.0,3,1786721475329,2026-08-14T22:31:15.329,1,1
13573,588aca26ed1bfc095abf2de16bf97b57,100.0,3,1786721476336,2026-08-14T22:31:16.336,1,1
13574,588aca26ed1bfc095abf2de16bf97b57,99.0,3,1786721477338,2026-08-14T22:31:17.338,1,1
13575,588aca26ed1bfc095abf2de16bf97b57,97.0,3,1786721478329,2026-08-14T22:31:18.329,1,1
13576,588aca26ed1bfc095abf2de16bf97b57,97.0,3,1786721479334,2026-08-14T22:31:19.334,1,1
13577,588aca26ed1bfc095abf2de16bf97b57,98.0,3,1786721480329,2026-08-14T22:31:20.329,1,1
13578,588aca26ed1bfc095abf2de16bf97b57,98.0,3,1786721481334,2026-08-14T22:31:21.334,1,1
13579,588aca26ed1bfc095abf2de16bf97b57,99.0,3,1786721482331,2026-08-14T22:31:22.331,1,1
13580,588aca26ed1bfc095abf2de16bf97b57,99.0,3,1786721483329,2026-08-14T22:31:23.329,1,1
13581,588aca26ed1bfc095abf2de16bf97b57,99.0,3,1786721484329,2026-08-14T22:31:24.329,1,1
13582,588aca26ed1bfc095abf2de16bf97b57,99.0,3,1786721485330,2026-08-14T22:31:25.330,1,1
13583,588aca26ed1bfc095abf2de16bf97b57,101.0,3,1786721486330,2026-08-14T22:31:26.330,1,1
13584,588aca26ed1bfc095abf2de16bf97b57,102.0,3,1786721487330,2026-08-14T22:31:27.330,1,1
13585,588aca26ed1bfc095abf2de16bf97b57,102.0,3,1786721488327,2026-08-14T22:31:28.327,1,1
13586,588aca26ed1bfc095abf2de16bf97b57,104.0,3,1786721489327,2026-08-14T22:31:29.327,1,1
13587,588aca26ed1bfc095abf2de16bf97b57,104.0,3,1786721490329,2026-08-14T22:31:30.329,1,1
13588,588aca26ed1bfc095abf2de16bf97b57,103.0,3,1786721491331,2026-08-14T22:31:31.331,1,1
13589,588aca26ed1bfc095abf2de16bf97b57,102.0,3,1786721492328,2026-08-14T22:31:32.328,1,1
13590,588aca26ed1bfc095abf2de16bf97b57,102.0,3,1786721493327,2026-08-14T22:31:33.327,1,1
13591,588aca26ed1bfc095abf2de16bf97b57,103.0,3,1786721494327,2026-08-14T22:31:34.327,1,1
13592,588aca26ed1bfc095abf2de16bf97b57,102.0,3,1786721495327,2026-08-14T22:31:35.327,1,1
13593,588aca26ed1bfc095abf2de16bf97b57,102.0,3,1786721496328,2026-08-14T22:31:36.328,1,1
13594,588aca26ed1bfc095abf2de16bf97b57,100.0,3,1786721497328,2026-08-14T22:31:37.328,1,1
13595,588aca26ed1bfc095abf2de16bf97b57,99.0,3,1786721498330,2026-08-14T22:31:38.330,1,1
13596,588aca26ed1bfc095abf2de16bf97b57,98.0,3,1786721499328,2026-08-14T22:31:39.328,1,1
13597,588aca26ed1bfc095abf2de16bf97b57,96.0,3,1786721500354,2026-08-14T22:31:40.354,1,1
13598,588aca26ed1bfc095abf2de16bf97b57,96.0,3,1786721501339,2026-08-14T22:31:41.339,1,0
13599,588aca26ed1bfc095abf2de16bf97b57,95.0,3,1786721502332,2026-08-14T22:31:42.332,1,1
13600,588aca26ed1bfc095abf2de16bf97b57,96.0,3,1786721503333,2026-08-14T22:31:43.333,1,1
13601,588aca26ed1bfc095abf2de16bf97b57,97.0,3,1786721504332,2026-08-14T22:31:44.332,1,1
13602,588aca26ed1bfc095abf2de16bf97b57,97.0,3,1786721505329,2026-08-14T22:31:45.329,1,1
13603,588aca26ed1bfc095abf2de16bf97b57,97.0,3,1786721506328,2026-08-14T22:31:46.328,1,1
13604,588aca26ed1bfc095abf2de16bf97b57,96.0,3,1786721507327,2026-08-14T22:31:47.327,1,1
13605,588aca26ed1bfc095abf2de16bf97b57,97.0,3,1786721508328,2026-08-14T22:31:48.328,1,1
13606,588aca26ed1bfc095abf2de16bf97b57,99.0,3,1786721509328,2026-08-14T22:31:49.328,1,1
13607,588aca26ed1bfc095abf2de16bf97b57,99.0,3,1786721510329,2026-08-14T22:31:50.329,1,1
13608,588aca26ed1bfc095abf2de16bf97b57,98.0,3,1786721511329,2026-08-14T22:31:51.329,1,1
13609,588aca26ed1bfc095abf2de16bf97b57,96.0,3,1786721512328,2026-08-14T22:31:52.328,1,1
13610,588aca26ed1bfc095abf2de16bf97b57,95.0,3,1786721513328,2026-08-14T22:31:53.328,1,1
13611,588aca26ed1bfc095abf2de16bf97b57,93.0,3,1786721514327,2026-08-14T22:31:54.327,1,1
13612,588aca26ed1bfc095abf2de16bf97b57,92.0,3,1786721515328,2026-08-14T22:31:55.328,1,1
13613,588aca26ed1bfc095abf2de16bf97b57,92.0,3,1786721516328,2026-08-14T22:31:56.328,1,1
13614,588aca26ed1bfc095abf2de16bf97b57,93.0,3,1786721517328,2026-08-14T22:31:57.328,1,1
13615,588aca26ed1bfc095abf2de16bf97b57,93.0,3,1786721518328,2026-08-14T22:31:58.328,1,1
13616,588aca26ed1bfc095abf2de16bf97b57,92.0,3,1786721519329,2026-08-14T22:31:59.329,1,1
13617,588aca26ed1bfc095abf2de16bf97b57,92.0,3,1786721520328,2026-08-14T22:32:00.328,1,1
13618,588aca26ed1bfc095abf2de16bf97b57,93.0,3,1786721521328,2026-08-14T22:32:01.328,1,1
13619,588aca26ed1bfc095abf2de16bf97b57,93.0,3,1786721522328,2026-08-14T22:32:02.328,1,1
13620,588aca26ed1bfc095abf2de16bf97b57,93.0,3,1786721523328,2026-08-14T22:32:03.328,1,1
13621,588aca26ed1bfc095abf2de16bf97b57,94.0,3,1786721524329,2026-08-14T22:32:04.329,1,1
13622,588aca26ed1bfc095abf2de16bf97b57,95.0,3,1786721525334,2026-08-14T22:32:05.334,1,1
13623,588aca26ed1bfc095abf2de16bf97b57,97.0,3,1786721526347,2026-08-14T22:32:06.347,1,1
13624,588aca26ed1bfc095abf2de16bf97b57,98.0,3,1786721527335,2026-08-14T22:32:07.335,1,1
13625,588aca26ed1bfc095abf2de16bf97b57,100.0,3,1786721528335,2026-08-14T22:32:08.335,1,1
13626,588aca26ed1bfc095abf2de16bf97b57,103.0,3,1786721529340,2026-08-14T22:32:09.340,1,1
13627,588aca26ed1bfc095abf2de16bf97b57,105.0,3,1786721530331,2026-08-14T22:32:10.331,1,1
13628,588aca26ed1bfc095abf2de16bf97b57,106.0,3,1786721531331,2026-08-14T22:32:11.331,1,1
13629,588aca26ed1bfc095abf2de16bf97b57,107.0,3,1786721532342,2026-08-14T22:32:12.342,1,1
13630,588aca26ed1bfc095abf2de16bf97b57,106.0,3,1786721533328,2026-08-14T22:32:13.328,1,1
13631,588aca26ed1bfc095abf2de16bf97b57,105.0,3,1786721534329,2026-08-14T22:32:14.329,1,1
13632,588aca26ed1bfc095abf2de16bf97b57,104.0,3,1786721535332,2026-08-14T22:32:15.332,1,1
13633,588aca26ed1bfc095abf2de16bf97b57,103.0,3,1786721536330,2026-08-14T22:32:16.330,1,1
13634,588aca26ed1bfc095abf2de16bf97b57,102.0,3,1786721537328,2026-08-14T22:32:17.328,1,1
13635,588aca26ed1bfc095abf2de16bf97b57,100.0,3,1786721538328,2026-08-14T22:32:18.328,1,1
13636,588aca26ed1bfc095abf2de16bf97b57,99.0,3,1786721539329,2026-08-14T22:32:19.329,1,1
13637,588aca26ed1bfc095abf2de16bf97b57,98.0,3,1786721540328,2026-08-14T22:32:20.328,1,1
13638,588aca26ed1bfc095abf2de16bf97b57,98.0,3,1786721541328,2026-08-14T22:32:21.328,1,1
13639,588aca26ed1bfc095abf2de16bf97b57,98.0,3,1786721542328,2026-08-14T22:32:22.328,1,1
13640,588aca26ed1bfc095abf2de16bf97b57,98.0,3,1786721543328,2026-08-14T22:32:23.328,1,1
13641,588aca26ed1bfc095abf2de16bf97b57,96.0,3,1786721544328,2026-08-14T22:32:24.328,1,1
13642,588aca26ed1bfc095abf2de16bf97b57,95.0,3,1786721545330,2026-08-14T22:32:25.330,1,1
13643,588aca26ed1bfc095abf2de16bf97b57,94.0,3,1786721546329,2026-08-14T22:32:26.329,1,1
13644,588aca26ed1bfc095abf2de16bf97b57,93.0,3,1786721547329,2026-08-14T22:32:27.329,1,1
13645,588aca26ed1bfc095abf2de16bf97b57,92.0,3,1786721548328,2026-08-14T22:32:28.328,1,1
13646,588aca26ed1bfc095abf2de16bf97b57,93.0,3,1786721549327,2026-08-14T22:32:29.327,1,1
13647,588aca26ed1bfc095abf2de16bf97b57,94.0,3,1786721550328,2026-08-14T22:32:30.328,1,1
13648,588aca26ed1bfc095abf2de16bf97b57,95.0,3,1786721551328,2026-08-14T22:32:31.328,1,1
13649,588aca26ed1bfc095abf2de16bf97b57,96.0,3,1786721552328,2026-08-14T22:32:32.328,1,1
13650,588aca26ed1bfc095abf2de16bf97b57,96.0,3,1786721553331,2026-08-14T22:32:33.331,1,1
13651,588aca26ed1bfc095abf2de16bf97b57,97.0,3,1786721554328,2026-08-14T22:32:34.328,1,1
13652,588aca26ed1bfc095abf2de16bf97b57,96.0,3,1786721555328,2026-08-14T22:32:35.328,1,1
13653,588aca26ed1bfc095abf2de16bf97b57,96.0,3,1786721556328,2026-08-14T22:32:36.328,1,1
13654,588aca26ed1bfc095abf2de16bf97b57,98.0,3,1786721557328,2026-08-14T22:32:37.328,1,1
13655,588aca26ed1bfc095abf2de16bf97b57,99.0,3,1786721558328,2026-08-14T22:32:38.328,1,1
13656,588aca26ed1bfc095abf2de16bf97b57,100.0,3,1786721559329,2026-08-14T22:32:39.329,1,1
13657,588aca26ed1bfc095abf2de16bf97b57,100.0,3,1786721560328,2026-08-14T22:32:40.328,1,1
13658,588aca26ed1bfc095abf2de16bf97b57,99.0,3,1786721561328,2026-08-14T22:32:41.328,1,1
13659,588aca26ed1bfc095abf2de16bf97b57,98.0,3,1786721562328,2026-08-14T22:32:42.328,1,1
13660,588aca26ed1bfc095abf2de16bf97b57,98.0,3,1786721563328,2026-08-14T22:32:43.328,1,1
13661,588aca26ed1bfc095abf2de16bf97b57,96.0,3,1786721564329,2026-08-14T22:32:44.329,1,1
13662,588aca26ed1bfc095abf2de16bf97b57,94.0,3,1786721565328,2026-08-14T22:32:45.328,1,1
13663,588aca26ed1bfc095abf2de16bf97b57,92.0,3,1786721566327,2026-08-14T22:32:46.327,1,1
13664,588aca26ed1bfc095abf2de16bf97b57,91.0,3,1786721567328,2026-08-14T22:32:47.328,1,1
13665,588aca26ed1bfc095abf2de16bf97b57,90.0,3,1786721568333,2026-08-14T22:32:48.333,1,1
13666,588aca26ed1bfc095abf2de16bf97b57,90.0,3,1786721569348,2026-08-14T22:32:49.348,1,1
13667,588aca26ed1bfc095abf2de16bf97b57,89.0,3,1786721570338,2026-08-14T22:32:50.338,1,1
13668,588aca26ed1bfc095abf2de16bf97b57,90.0,3,1786721571335,2026-08-14T22:32:51.335,1,1
13669,588aca26ed1bfc095abf2de16bf97b57,91.0,3,1786721572335,2026-08-14T22:32:52.335,1,1
13670,588aca26ed1bfc095abf2de16bf97b57,92.0,3,1786721573330,2026-08-14T22:32:53.330,1,1
13671,588aca26ed1bfc095abf2de16bf97b57,93.0,3,1786721574328,2026-08-14T22:32:54.328,1,1
13672,588aca26ed1bfc095abf2de16bf97b57,93.0,3,1786721575330,2026-08-14T22:32:55.330,1,1
13673,588aca26ed1bfc095abf2de16bf97b57,93.0,3,1786721576330,2026-08-14T22:32:56.330,1,1
13674,588aca26ed1bfc095abf2de16bf97b57,93.0,3,1786721577330,2026-08-14T22:32:57.330,1,1
13675,588aca26ed1bfc095abf2de16bf97b57,93.0,3,1786721578329,2026-08-14T22:32:58.329,1,1
13676,588aca26ed1bfc095abf2de16bf97b57,95.0,3,1786721579328,2026-08-14T22:32:59.328,1,1
13677,588aca26ed1bfc095abf2de16bf97b57,96.0,3,1786721580328,2026-08-14T22:33:00.328,1,1
13678,588aca26ed1bfc095abf2de16bf97b57,97.0,3,1786721581330,2026-08-14T22:33:01.330,1,1
13679,588aca26ed1bfc095abf2de16bf97b57,99.0,3,1786721582328,2026-08-14T22:33:02.328,1,1
13680,588aca26ed1bfc095abf2de16bf97b57,100.0,3,1786721583329,2026-08-14T22:33:03.329,1,1
13681,588aca26ed1bfc095abf2de16bf97b57,100.0,3,1786721584328,2026-08-14T22:33:04.328,1,1
13682,588aca26ed1bfc095abf2de16bf97b57,99.0,3,1786721585328,2026-08-14T22:33:05.328,1,1
13683,588aca26ed1bfc095abf2de16bf97b57,98.0,3,1786721586328,2026-08-14T22:33:06.328,1,1
13684,588aca26ed1bfc095abf2de16bf97b57,97.0,3,1786721587337,2026-08-14T22:33:07.337,1,1
13685,588aca26ed1bfc095abf2de16bf97b57,98.0,3,1786721588332,2026-08-14T22:33:08.332,1,1
13686,588aca26ed1bfc095abf2de16bf97b57,98.0,3,1786721589332,2026-08-14T22:33:09.332,1,1
13687,588aca26ed1bfc095abf2de16bf97b57,100.0,3,1786721590328,2026-08-14T22:33:10.328,1,1
13688,588aca26ed1bfc095abf2de16bf97b57,99.0,3,1786721591328,2026-08-14T22:33:11.328,1,1
13689,588aca26ed1bfc095abf2de16bf97b57,99.0,3,1786721592328,2026-08-14T22:33:12.328,1,1
13690,588aca26ed1bfc095abf2de16bf97b57,98.0,3,1786721593328,2026-08-14T22:33:13.328,1,1
13691,588aca26ed1bfc095abf2de16bf97b57,98.0,3,1786721594329,2026-08-14T22:33:14.329,1,1
13692,588aca26ed1bfc095abf2de16bf97b57,99.0,3,1786721595327,2026-08-14T22:33:15.327,1,1
13693,588aca26ed1bfc095abf2de16bf97b57,101.0,3,1786721596328,2026-08-14T22:33:16.328,1,1
13694,588aca26ed1bfc095abf2de16bf97b57,102.0,3,1786721597327,2026-08-14T22:33:17.327,1,1
13695,588aca26ed1bfc095abf2de16bf97b57,103.0,3,1786721598328,2026-08-14T22:33:18.328,1,1
13696,588aca26ed1bfc095abf2de16bf97b57,102.0,3,1786721599328,2026-08-14T22:33:19.328,1,1
13697,588aca26ed1bfc095abf2de16bf97b57,100.0,3,1786721600330,2026-08-14T22:33:20.330,1,1
13698,588aca26ed1bfc095abf2de16bf97b57,100.0,3,1786721601328,2026-08-14T22:33:21.328,1,1
13699,588aca26ed1bfc095abf2de16bf97b57,98.0,3,1786721602331,2026-08-14T22:33:22.331,1,1
13700,588aca26ed1bfc095abf2de16bf97b57,98.0,3,1786721603328,2026-08-14T22:33:23.328,1,1
13701,588aca26ed1bfc095abf2de16bf97b57,96.0,3,1786721604328,2026-08-14T22:33:24.328,1,1
13702,588aca26ed1bfc095abf2de16bf97b57,95.0,3,1786721605328,2026-08-14T22:33:25.328,1,1
13703,588aca26ed1bfc095abf2de16bf97b57,93.0,3,1786721606328,2026-08-14T22:33:26.328,1,1
13704,588aca26ed1bfc095abf2de16bf97b57,92.0,3,1786721607327,2026-08-14T22:33:27.327,1,1
13705,588aca26ed1bfc095abf2de16bf97b57,91.0,3,1786721608332,2026-08-14T22:33:28.332,1,1
13706,588aca26ed1bfc095abf2de16bf97b57,90.0,3,1786721609336,2026-08-14T22:33:29.336,1,1
13707,588aca26ed1bfc095abf2de16bf97b57,89.0,3,1786721610329,2026-08-14T22:33:30.329,1,1
13708,588aca26ed1bfc095abf2de16bf97b57,88.0,3,1786721611327,2026-08-14T22:33:31.327,1,1
13709,588aca26ed1bfc095abf2de16bf97b57,87.0,3,1786721612327,2026-08-14T22:33:32.327,1,1
13710,588aca26ed1bfc095abf2de16bf97b57,86.0,3,1786721613327,2026-08-14T22:33:33.327,1,1
13711,588aca26ed1bfc095abf2de16bf97b57,85.0,3,1786721614327,2026-08-14T22:33:34.327,1,1
13712,588aca26ed1bfc095abf2de16bf97b57,85.0,3,1786721615330,2026-08-14T22:33:35.330,1,1
13713,588aca26ed1bfc095abf2de16bf97b57,85.0,3,1786721616328,2026-08-14T22:33:36.328,1,1
13714,588aca26ed1bfc095abf2de16bf97b57,86.0,3,1786721617328,2026-08-14T22:33:37.328,1,1
13715,588aca26ed1bfc095abf2de16bf97b57,87.0,3,1786721618328,2026-08-14T22:33:38.328,1,1
13716,588aca26ed1bfc095abf2de16bf97b57,88.0,3,1786721619328,2026-08-14T22:33:39.328,1,1
13717,588aca26ed1bfc095abf2de16bf97b57,88.0,3,1786721620327,2026-08-14T22:33:40.327,1,1
13718,588aca26ed1bfc095abf2de16bf97b57,87.0,3,1786721621328,2026-08-14T22:33:41.328,1,1
13719,588aca26ed1bfc095abf2de16bf97b57,86.0,3,1786721622328,2026-08-14T22:33:42.328,1,1
13720,588aca26ed1bfc095abf2de16bf97b57,86.0,3,1786721623328,2026-08-14T22:33:43.328,1,1
13721,588aca26ed1bfc095abf2de16bf97b57,85.0,3,1786721624328,2026-08-14T22:33:44.328,1,1
13722,588aca26ed1bfc095abf2de16bf97b57,85.0,3,1786721625328,2026-08-14T22:33:45.328,1,1
13723,588aca26ed1bfc095abf2de16bf97b57,85.0,3,1786721626328,2026-08-14T22:33:46.328,1,1
13724,588aca26ed1bfc095abf2de16bf97b57,85.0,3,1786721627328,2026-08-14T22:33:47.328,1,1
13725,588aca26ed1bfc095abf2de16bf97b57,85.0,3,1786721628328,2026-08-14T22:33:48.328,1,1
13726,588aca26ed1bfc095abf2de16bf97b57,85.0,3,1786721629329,2026-08-14T22:33:49.329,1,1
13727,588aca26ed1bfc095abf2de16bf97b57,85.0,3,1786721630329,2026-08-14T22:33:50.329,1,1
13728,588aca26ed1bfc095abf2de16bf97b57,86.0,3,1786721631339,2026-08-14T22:33:51.339,1,1
13729,588aca26ed1bfc095abf2de16bf97b57,86.0,3,1786721632329,2026-08-14T22:33:52.329,1,1
13730,588aca26ed1bfc095abf2de16bf97b57,86.0,3,1786721633329,2026-08-14T22:33:53.329,1,1
13731,588aca26ed1bfc095abf2de16bf97b57,87.0,3,1786721634331,2026-08-14T22:33:54.331,1,1
13732,588aca26ed1bfc095abf2de16bf97b57,88.0,3,1786721635328,2026-08-14T22:33:55.328,1,1
13733,588aca26ed1bfc095abf2de16bf97b57,88.0,3,1786721636327,2026-08-14T22:33:56.327,1,1
13734,588aca26ed1bfc095abf2de16bf97b57,89.0,3,1786721637328,2026-08-14T22:33:57.328,1,1
13735,588aca26ed1bfc095abf2de16bf97b57,88.0,3,1786721638328,2026-08-14T22:33:58.328,1,1
13736,588aca26ed1bfc095abf2de16bf97b57,88.0,3,1786721639328,2026-08-14T22:33:59.328,1,1
13737,588aca26ed1bfc095abf2de16bf97b57,87.0,3,1786721640328,2026-08-14T22:34:00.328,1,1
13738,588aca26ed1bfc095abf2de16bf97b57,86.0,3,1786721641328,2026-08-14T22:34:01.328,1,1
13739,588aca26ed1bfc095abf2de16bf97b57,85.0,3,1786721642328,2026-08-14T22:34:02.328,1,1
13740,588aca26ed1bfc095abf2de16bf97b57,85.0,3,1786721643328,2026-08-14T22:34:03.328,1,1
13741,588aca26ed1bfc095abf2de16bf97b57,84.0,3,1786721644328,2026-08-14T22:34:04.328,1,1
13742,588aca26ed1bfc095abf2de16bf97b57,84.0,3,1786721645328,2026-08-14T22:34:05.328,1,1
13743,588aca26ed1bfc095abf2de16bf97b57,84.0,3,1786721646328,2026-08-14T22:34:06.328,1,1
13744,588aca26ed1bfc095abf2de16bf97b57,83.0,3,1786721647328,2026-08-14T22:34:07.328,1,1
13745,588aca26ed1bfc095abf2de16bf97b57,83.0,3,1786721648327,2026-08-14T22:34:08.327,1,1
13746,588aca26ed1bfc095abf2de16bf97b57,83.0,3,1786721649328,2026-08-14T22:34:09.328,1,1
13747,588aca26ed1bfc095abf2de16bf97b57,83.0,3,1786721650329,2026-08-14T22:34:10.329,1,1
13748,588aca26ed1bfc095abf2de16bf97b57,83.0,3,1786721651337,2026-08-14T22:34:11.337,1,1
13749,588aca26ed1bfc095abf2de16bf97b57,83.0,3,1786721652335,2026-08-14T22:34:12.335,1,1
13750,588aca26ed1bfc095abf2de16bf97b57,83.0,3,1786721653335,2026-08-14T22:34:13.335,1,1
13751,588aca26ed1bfc095abf2de16bf97b57,82.0,3,1786721654336,2026-08-14T22:34:14.336,1,1
13752,588aca26ed1bfc095abf2de16bf97b57,82.0,3,1786721655334,2026-08-14T22:34:15.334,1,1
13753,588aca26ed1bfc095abf2de16bf97b57,83.0,3,1786721656341,2026-08-14T22:34:16.341,1,1
13754,588aca26ed1bfc095abf2de16bf97b57,83.0,3,1786721657332,2026-08-14T22:34:17.332,1,1
13755,588aca26ed1bfc095abf2de16bf97b57,84.0,3,1786721658329,2026-08-14T22:34:18.329,1,1
13756,588aca26ed1bfc095abf2de16bf97b57,85.0,3,1786721659330,2026-08-14T22:34:19.330,1,1
13757,588aca26ed1bfc095abf2de16bf97b57,85.0,3,1786721660337,2026-08-14T22:34:20.337,1,1
13758,588aca26ed1bfc095abf2de16bf97b57,85.0,3,1786721661327,2026-08-14T22:34:21.327,1,1
13759,588aca26ed1bfc095abf2de16bf97b57,84.0,3,1786721662328,2026-08-14T22:34:22.328,1,1
13760,588aca26ed1bfc095abf2de16bf97b57,84.0,3,1786721663328,2026-08-14T22:34:23.328,1,1
13761,588aca26ed1bfc095abf2de16bf97b57,84.0,3,1786721664328,2026-08-14T22:34:24.328,1,1
13762,588aca26ed1bfc095abf2de16bf97b57,85.0,3,1786721665328,2026-08-14T22:34:25.328,1,1
13763,588aca26ed1bfc095abf2de16bf97b57,86.0,3,1786721666331,2026-08-14T22:34:26.331,1,1
13764,588aca26ed1bfc095abf2de16bf97b57,88.0,3,1786721667329,2026-08-14T22:34:27.329,1,1
13765,588aca26ed1bfc095abf2de16bf97b57,89.0,3,1786721668327,2026-08-14T22:34:28.327,1,1
13766,588aca26ed1bfc095abf2de16bf97b57,90.0,3,1786721669330,2026-08-14T22:34:29.330,1,1
13767,588aca26ed1bfc095abf2de16bf97b57,90.0,3,1786721670328,2026-08-14T22:34:30.328,1,1
13768,588aca26ed1bfc095abf2de16bf97b57,89.0,3,1786721671328,2026-08-14T22:34:31.328,1,1
13769,588aca26ed1bfc095abf2de16bf97b57,88.0,3,1786721672328,2026-08-14T22:34:32.328,1,1
13770,588aca26ed1bfc095abf2de16bf97b57,87.0,3,1786721673328,2026-08-14T22:34:33.328,1,1
13771,588aca26ed1bfc095abf2de16bf97b57,87.0,3,1786721674328,2026-08-14T22:34:34.328,1,1
13772,588aca26ed1bfc095abf2de16bf97b57,87.0,3,1786721675328,2026-08-14T22:34:35.328,1,1
13773,588aca26ed1bfc095abf2de16bf97b57,86.0,3,1786721676328,2026-08-14T22:34:36.328,1,1
13774,588aca26ed1bfc095abf2de16bf97b57,85.0,3,1786721677328,2026-08-14T22:34:37.328,1,1
13775,588aca26ed1bfc095abf2de16bf97b57,85.0,3,1786721678328,2026-08-14T22:34:38.328,1,1
13776,588aca26ed1bfc095abf2de16bf97b57,85.0,3,1786721679328,2026-08-14T22:34:39.328,1,1
13777,588aca26ed1bfc095abf2de16bf97b57,89.0,3,1786721680329,2026-08-14T22:34:40.329,1,1
13778,588aca26ed1bfc095abf2de16bf97b57,91.0,3,1786721681328,2026-08-14T22:34:41.328,1,1
13779,588aca26ed1bfc095abf2de16bf97b57,95.0,3,1786721682329,2026-08-14T22:34:42.329,1,1
13780,588aca26ed1bfc095abf2de16bf97b57,98.0,3,1786721683327,2026-08-14T22:34:43.327,1,1
13781,588aca26ed1bfc095abf2de16bf97b57,97.0,3,1786721684337,2026-08-14T22:34:44.337,1,1
13782,588aca26ed1bfc095abf2de16bf97b57,96.0,3,1786721685334,2026-08-14T22:34:45.334,1,1
13783,588aca26ed1bfc095abf2de16bf97b57,97.0,3,1786721686335,2026-08-14T22:34:46.335,1,1
13784,588aca26ed1bfc095abf2de16bf97b57,99.0,3,1786721687327,2026-08-14T22:34:47.327,1,1
13785,588aca26ed1bfc095abf2de16bf97b57,100.0,3,1786721688333,2026-08-14T22:34:48.333,1,1
13786,588aca26ed1bfc095abf2de16bf97b57,101.0,3,1786721689328,2026-08-14T22:34:49.328,1,1
13787,588aca26ed1bfc095abf2de16bf97b57,100.0,3,1786721690328,2026-08-14T22:34:50.328,1,1
13788,588aca26ed1bfc095abf2de16bf97b57,100.0,3,1786721691328,2026-08-14T22:34:51.328,1,1
13789,588aca26ed1bfc095abf2de16bf97b57,100.0,3,1786721692328,2026-08-14T22:34:52.328,1,1
13790,588aca26ed1bfc095abf2de16bf97b57,101.0,3,1786721693331,2026-08-14T22:34:53.331,1,1
13791,588aca26ed1bfc095abf2de16bf97b57,101.0,3,1786721694327,2026-08-14T22:34:54.327,1,1
13792,588aca26ed1bfc095abf2de16bf97b57,101.0,3,1786721695327,2026-08-14T22:34:55.327,1,1
13793,588aca26ed1bfc095abf2de16bf97b57,101.0,3,1786721696328,2026-08-14T22:34:56.328,1,1
13794,588aca26ed1bfc095abf2de16bf97b57,101.0,3,1786721697328,2026-08-14T22:34:57.328,1,1
13795,588aca26ed1bfc095abf2de16bf97b57,100.0,3,1786721698328,2026-08-14T22:34:58.328,1,1
13796,588aca26ed1bfc095abf2de16bf97b57,99.0,3,1786721699327,2026-08-14T22:34:59.327,1,1
13797,588aca26ed1bfc095abf2de16bf97b57,98.0,3,1786721700345,2026-08-14T22:35:00.345,1,1
13798,588aca26ed1bfc095abf2de16bf97b57,97.0,3,1786721701349,2026-08-14T22:35:01.349,1,1
13799,588aca26ed1bfc095abf2de16bf97b57,96.0,3,1786721702330,2026-08-14T22:35:02.330,1,1
13800,588aca26ed1bfc095abf2de16bf97b57,96.0,3,1786721703347,2026-08-14T22:35:03.347,1,1
13801,588aca26ed1bfc095abf2de16bf97b57,96.0,3,1786721704330,2026-08-14T22:35:04.330,1,0
13802,588aca26ed1bfc095abf2de16bf97b57,96.0,3,1786721705328,2026-08-14T22:35:05.328,1,1
13803,588aca26ed1bfc095abf2de16bf97b57,95.0,3,1786721706328,2026-08-14T22:35:06.328,1,1
13804,588aca26ed1bfc095abf2de16bf97b57,95.0,3,1786721707328,2026-08-14T22:35:07.328,1,1
13805,588aca26ed1bfc095abf2de16bf97b57,95.0,3,1786721708328,2026-08-14T22:35:08.328,1,1
13806,588aca26ed1bfc095abf2de16bf97b57,95.0,3,1786721709328,2026-08-14T22:35:09.328,1,1
13807,588aca26ed1bfc095abf2de16bf97b57,96.0,3,1786721710328,2026-08-14T22:35:10.328,1,1
13808,588aca26ed1bfc095abf2de16bf97b57,97.0,3,1786721711330,2026-08-14T22:35:11.330,1,1
13809,588aca26ed1bfc095abf2de16bf97b57,98.0,3,1786721712329,2026-08-14T22:35:12.329,1,1
13810,588aca26ed1bfc095abf2de16bf97b57,100.0,3,1786721713329,2026-08-14T22:35:13.329,1,1
13811,588aca26ed1bfc095abf2de16bf97b57,101.0,3,1786721714328,2026-08-14T22:35:14.328,1,1
13812,588aca26ed1bfc095abf2de16bf97b57,101.0,3,1786721715335,2026-08-14T22:35:15.335,1,1
13813,588aca26ed1bfc095abf2de16bf97b57,102.0,3,1786721716328,2026-08-14T22:35:16.328,1,1
13814,588aca26ed1bfc095abf2de16bf97b57,103.0,3,1786721717328,2026-08-14T22:35:17.328,1,1
13815,588aca26ed1bfc095abf2de16bf97b57,103.0,3,1786721718328,2026-08-14T22:35:18.328,1,1
13816,588aca26ed1bfc095abf2de16bf97b57,102.0,3,1786721719328,2026-08-14T22:35:19.328,1,1
13817,588aca26ed1bfc095abf2de16bf97b57,101.0,3,1786721720328,2026-08-14T22:35:20.328,1,1
13818,588aca26ed1bfc095abf2de16bf97b57,100.0,3,1786721721328,2026-08-14T22:35:21.328,1,1
13819,588aca26ed1bfc095abf2de16bf97b57,99.0,3,1786721722327,2026-08-14T22:35:22.327,1,1
13820,588aca26ed1bfc095abf2de16bf97b57,97.0,3,1786721723329,2026-08-14T22:35:23.329,1,1
13821,588aca26ed1bfc095abf2de16bf97b57,96.0,3,1786721724328,2026-08-14T22:35:24.328,1,1
13822,588aca26ed1bfc095abf2de16bf97b57,95.0,3,1786721725337,2026-08-14T22:35:25.337,1,1
13823,588aca26ed1bfc095abf2de16bf97b57,94.0,3,1786721726335,2026-08-14T22:35:26.335,1,1
13824,588aca26ed1bfc095abf2de16bf97b57,93.0,3,1786721727336,2026-08-14T22:35:27.336,1,1
13825,588aca26ed1bfc095abf2de16bf97b57,92.0,3,1786721728332,2026-08-14T22:35:28.332,1,1
13826,588aca26ed1bfc095abf2de16bf97b57,91.0,3,1786721729334,2026-08-14T22:35:29.334,1,1
13827,588aca26ed1bfc095abf2de16bf97b57,89.0,3,1786721730333,2026-08-14T22:35:30.333,1,1
13828,588aca26ed1bfc095abf2de16bf97b57,88.0,3,1786721731332,2026-08-14T22:35:31.332,1,1
13829,588aca26ed1bfc095abf2de16bf97b57,87.0,3,1786721732329,2026-08-14T22:35:32.329,0,1
13830,588aca26ed1bfc095abf2de16bf97b57,86.0,3,1786721733328,2026-08-14T22:35:33.328,0,1
13831,588aca26ed1bfc095abf2de16bf97b57,86.0,3,1786721734327,2026-08-14T22:35:34.327,0,1
13832,588aca26ed1bfc095abf2de16bf97b57,86.0,3,1786721735329,2026-08-14T22:35:35.329,0,1
