id,device_id,record_id,bpm,accuracy,time_ms,time_iso
9648,588aca26ed1bfc095abf2de16bf97b57,5050,98.0,3,1786603932830,2026-08-13T13:52:12.830
9649,588aca26ed1bfc095abf2de16bf97b57,5051,97.0,3,1786603933829,2026-08-13T13:52:13.829
9650,588aca26ed1bfc095abf2de16bf97b57,5052,97.0,3,1786603934829,2026-08-13T13:52:14.829
9651,588aca26ed1bfc095abf2de16bf97b57,5053,96.0,3,1786603935829,2026-08-13T13:52:15.829
9652,588aca26ed1bfc095abf2de16bf97b57,5054,96.0,3,1786603936829,2026-08-13T13:52:16.829
9653,588aca26ed1bfc095abf2de16bf97b57,5055,97.0,3,1786603937829,2026-08-13T13:52:17.829
9654,588aca26ed1bfc095abf2de16bf97b57,5056,97.0,3,1786603938828,2026-08-13T13:52:18.828
9655,588aca26ed1bfc095abf2de16bf97b57,5057,97.0,3,1786603939829,2026-08-13T13:52:19.829
9656,588aca26ed1bfc095abf2de16bf97b57,5058,97.0,3,1786603940829,2026-08-13T13:52:20.829
9657,588aca26ed1bfc095abf2de16bf97b57,5059,97.0,3,1786603941829,2026-08-13T13:52:21.829
9658,588aca26ed1bfc095abf2de16bf97b57,5060,97.0,3,1786603942828,2026-08-13T13:52:22.828
9659,588aca26ed1bfc095abf2de16bf97b57,5061,97.0,3,1786603943831,2026-08-13T13:52:23.831
9660,588aca26ed1bfc095abf2de16bf97b57,5062,98.0,3,1786603944829,2026-08-13T13:52:24.829
9661,588aca26ed1bfc095abf2de16bf97b57,5063,98.0,3,1786603945829,2026-08-13T13:52:25.829
9662,588aca26ed1bfc095abf2de16bf97b57,5064,98.0,3,1786603946839,2026-08-13T13:52:26.839
9663,588aca26ed1bfc095abf2de16bf97b57,5065,98.0,3,1786603947834,2026-08-13T13:52:27.834
9664,588aca26ed1bfc095abf2de16bf97b57,5066,99.0,3,1786603948829,2026-08-13T13:52:28.829
9665,588aca26ed1bfc095abf2de16bf97b57,5067,100.0,3,1786603949831,2026-08-13T13:52:29.831
9666,588aca26ed1bfc095abf2de16bf97b57,5068,100.0,3,1786603950830,2026-08-13T13:52:30.830
9667,588aca26ed1bfc095abf2de16bf97b57,5069,100.0,3,1786603951829,2026-08-13T13:52:31.829
9668,588aca26ed1bfc095abf2de16bf97b57,5070,99.0,3,1786603952829,2026-08-13T13:52:32.829
9669,588aca26ed1bfc095abf2de16bf97b57,5071,99.0,3,1786603953829,2026-08-13T13:52:33.829
9670,588aca26ed1bfc095abf2de16bf97b57,5072,98.0,3,1786603954830,2026-08-13T13:52:34.830
9671,588aca26ed1bfc095abf2de16bf97b57,5073,99.0,3,1786603955829,2026-08-13T13:52:35.829
9672,588aca26ed1bfc095abf2de16bf97b57,5074,99.0,3,1786603956829,2026-08-13T13:52:36.829
9673,588aca26ed1bfc095abf2de16bf97b57,5075,99.0,3,1786603957829,2026-08-13T13:52:37.829
9674,588aca26ed1bfc095abf2de16bf97b57,5076,99.0,3,1786603958830,2026-08-13T13:52:38.830
9675,588aca26ed1bfc095abf2de16bf97b57,5077,99.0,3,1786603959830,2026-08-13T13:52:39.830
9676,588aca26ed1bfc095abf2de16bf97b57,5078,99.0,3,1786603960829,2026-08-13T13:52:40.829
9677,588aca26ed1bfc095abf2de16bf97b57,5079,99.0,3,1786603961830,2026-08-13T13:52:41.830
9678,588aca26ed1bfc095abf2de16bf97b57,5080,99.0,3,1786603962829,2026-08-13T13:52:42.829
9679,588aca26ed1bfc095abf2de16bf97b57,5081,99.0,3,1786603963829,2026-08-13T13:52:43.829
9680,588aca26ed1bfc095abf2de16bf97b57,5082,99.0,3,1786603964829,2026-08-13T13:52:44.829
9681,588aca26ed1bfc095abf2de16bf97b57,5083,100.0,3,1786603965829,2026-08-13T13:52:45.829
9682,588aca26ed1bfc095abf2de16bf97b57,5084,101.0,3,1786603966829,2026-08-13T13:52:46.829
9683,588aca26ed1bfc095abf2de16bf97b57,5085,102.0,3,1786603967839,2026-08-13T13:52:47.839
9684,588aca26ed1bfc095abf2de16bf97b57,5086,102.0,3,1786603968837,2026-08-13T13:52:48.837
9685,588aca26ed1bfc095abf2de16bf97b57,5087,103.0,3,1786603969835,2026-08-13T13:52:49.835
9686,588aca26ed1bfc095abf2de16bf97b57,5088,104.0,3,1786603970833,2026-08-13T13:52:50.833
9687,588aca26ed1bfc095abf2de16bf97b57,5089,105.0,3,1786603971834,2026-08-13T13:52:51.834
9688,588aca26ed1bfc095abf2de16bf97b57,5090,104.0,3,1786603972832,2026-08-13T13:52:52.832
9689,588aca26ed1bfc095abf2de16bf97b57,5091,102.0,3,1786603973830,2026-08-13T13:52:53.830
9690,588aca26ed1bfc095abf2de16bf97b57,5092,100.0,3,1786603974830,2026-08-13T13:52:54.830
9691,588aca26ed1bfc095abf2de16bf97b57,5093,99.0,3,1786603975829,2026-08-13T13:52:55.829
9692,588aca26ed1bfc095abf2de16bf97b57,5094,97.0,3,1786603976829,2026-08-13T13:52:56.829
9693,588aca26ed1bfc095abf2de16bf97b57,5095,97.0,3,1786603977829,2026-08-13T13:52:57.829
9694,588aca26ed1bfc095abf2de16bf97b57,5096,97.0,3,1786603978829,2026-08-13T13:52:58.829
9695,588aca26ed1bfc095abf2de16bf97b57,5097,97.0,3,1786603979829,2026-08-13T13:52:59.829
9696,588aca26ed1bfc095abf2de16bf97b57,5098,97.0,3,1786603980831,2026-08-13T13:53:00.831
9697,588aca26ed1bfc095abf2de16bf97b57,5099,97.0,3,1786603981830,2026-08-13T13:53:01.830
9698,588aca26ed1bfc095abf2de16bf97b57,5100,99.0,3,1786603982831,2026-08-13T13:53:02.831
9699,588aca26ed1bfc095abf2de16bf97b57,5101,100.0,3,1786603983831,2026-08-13T13:53:03.831
9700,588aca26ed1bfc095abf2de16bf97b57,5102,102.0,3,1786603984830,2026-08-13T13:53:04.830
9701,588aca26ed1bfc095abf2de16bf97b57,5103,103.0,3,1786603985828,2026-08-13T13:53:05.828
9702,588aca26ed1bfc095abf2de16bf97b57,5104,104.0,3,1786603986829,2026-08-13T13:53:06.829
9703,588aca26ed1bfc095abf2de16bf97b57,5105,103.0,3,1786603987829,2026-08-13T13:53:07.829
9704,588aca26ed1bfc095abf2de16bf97b57,5106,103.0,3,1786603988829,2026-08-13T13:53:08.829
9705,588aca26ed1bfc095abf2de16bf97b57,5107,103.0,3,1786603989829,2026-08-13T13:53:09.829
9706,588aca26ed1bfc095abf2de16bf97b57,5108,103.0,3,1786603990830,2026-08-13T13:53:10.830
9707,588aca26ed1bfc095abf2de16bf97b57,5109,102.0,3,1786603991828,2026-08-13T13:53:11.828
9708,588aca26ed1bfc095abf2de16bf97b57,5110,103.0,3,1786603992828,2026-08-13T13:53:12.828
9709,588aca26ed1bfc095abf2de16bf97b57,5111,103.0,3,1786603993831,2026-08-13T13:53:13.831
9710,588aca26ed1bfc095abf2de16bf97b57,5112,102.0,3,1786603994831,2026-08-13T13:53:14.831
9711,588aca26ed1bfc095abf2de16bf97b57,5113,102.0,3,1786603995835,2026-08-13T13:53:15.835
9712,588aca26ed1bfc095abf2de16bf97b57,5114,102.0,3,1786603996828,2026-08-13T13:53:16.828
9713,588aca26ed1bfc095abf2de16bf97b57,5115,103.0,3,1786603997833,2026-08-13T13:53:17.833
9714,588aca26ed1bfc095abf2de16bf97b57,5116,104.0,3,1786603998829,2026-08-13T13:53:18.829
9715,588aca26ed1bfc095abf2de16bf97b57,5117,104.0,3,1786603999831,2026-08-13T13:53:19.831
9716,588aca26ed1bfc095abf2de16bf97b57,5118,103.0,3,1786604000830,2026-08-13T13:53:20.830
9717,588aca26ed1bfc095abf2de16bf97b57,5119,103.0,3,1786604001833,2026-08-13T13:53:21.833
9718,588aca26ed1bfc095abf2de16bf97b57,5120,103.0,3,1786604002829,2026-08-13T13:53:22.829
9719,588aca26ed1bfc095abf2de16bf97b57,5121,102.0,3,1786604003829,2026-08-13T13:53:23.829
9720,588aca26ed1bfc095abf2de16bf97b57,5122,102.0,3,1786604004828,2026-08-13T13:53:24.828
9721,588aca26ed1bfc095abf2de16bf97b57,5123,101.0,3,1786604005829,2026-08-13T13:53:25.829
9722,588aca26ed1bfc095abf2de16bf97b57,5124,100.0,3,1786604006830,2026-08-13T13:53:26.830
9723,588aca26ed1bfc095abf2de16bf97b57,5125,100.0,3,1786604007829,2026-08-13T13:53:27.829
9724,588aca26ed1bfc095abf2de16bf97b57,5126,100.0,3,1786604008829,2026-08-13T13:53:28.829
9725,588aca26ed1bfc095abf2de16bf97b57,5127,100.0,3,1786604009829,2026-08-13T13:53:29.829
9726,588aca26ed1bfc095abf2de16bf97b57,5128,101.0,3,1786604010833,2026-08-13T13:53:30.833
9727,588aca26ed1bfc095abf2de16bf97b57,5129,102.0,3,1786604011830,2026-08-13T13:53:31.830
9728,588aca26ed1bfc095abf2de16bf97b57,5130,102.0,3,1786604012828,2026-08-13T13:53:32.828
9729,588aca26ed1bfc095abf2de16bf97b57,5131,103.0,3,1786604013830,2026-08-13T13:53:33.830
9730,588aca26ed1bfc095abf2de16bf97b57,5132,103.0,3,1786604014831,2026-08-13T13:53:34.831
9731,588aca26ed1bfc095abf2de16bf97b57,5133,102.0,3,1786604015831,2026-08-13T13:53:35.831
9732,588aca26ed1bfc095abf2de16bf97b57,5134,101.0,3,1786604016831,2026-08-13T13:53:36.831
9733,588aca26ed1bfc095abf2de16bf97b57,5135,101.0,3,1786604017832,2026-08-13T13:53:37.832
9734,588aca26ed1bfc095abf2de16bf97b57,5136,100.0,3,1786604018831,2026-08-13T13:53:38.831
9735,588aca26ed1bfc095abf2de16bf97b57,5137,100.0,3,1786604019831,2026-08-13T13:53:39.831
9736,588aca26ed1bfc095abf2de16bf97b57,5138,100.0,3,1786604020830,2026-08-13T13:53:40.830
9737,588aca26ed1bfc095abf2de16bf97b57,5139,100.0,3,1786604021830,2026-08-13T13:53:41.830
9738,588aca26ed1bfc095abf2de16bf97b57,5140,100.0,3,1786604022832,2026-08-13T13:53:42.832
9739,588aca26ed1bfc095abf2de16bf97b57,5141,100.0,3,1786604023829,2026-08-13T13:53:43.829
9740,588aca26ed1bfc095abf2de16bf97b57,5142,100.0,3,1786604024828,2026-08-13T13:53:44.828
9741,588aca26ed1bfc095abf2de16bf97b57,5143,99.0,3,1786604025829,2026-08-13T13:53:45.829
9742,588aca26ed1bfc095abf2de16bf97b57,5144,99.0,3,1786604026829,2026-08-13T13:53:46.829
9743,588aca26ed1bfc095abf2de16bf97b57,5145,98.0,3,1786604027829,2026-08-13T13:53:47.829
9744,588aca26ed1bfc095abf2de16bf97b57,5146,98.0,3,1786604028829,2026-08-13T13:53:48.829
9745,588aca26ed1bfc095abf2de16bf97b57,5147,98.0,3,1786604029829,2026-08-13T13:53:49.829
9746,588aca26ed1bfc095abf2de16bf97b57,5148,97.0,3,1786604030832,2026-08-13T13:53:50.832
9747,588aca26ed1bfc095abf2de16bf97b57,5149,97.0,3,1786604031828,2026-08-13T13:53:51.828
9748,588aca26ed1bfc095abf2de16bf97b57,5150,97.0,3,1786604032831,2026-08-13T13:53:52.831
9749,588aca26ed1bfc095abf2de16bf97b57,5151,97.0,3,1786604033832,2026-08-13T13:53:53.832
9750,588aca26ed1bfc095abf2de16bf97b57,5152,97.0,3,1786604034830,2026-08-13T13:53:54.830
9751,588aca26ed1bfc095abf2de16bf97b57,5153,97.0,3,1786604035837,2026-08-13T13:53:55.837
9752,588aca26ed1bfc095abf2de16bf97b57,5154,96.0,3,1786604036829,2026-08-13T13:53:56.829
9753,588aca26ed1bfc095abf2de16bf97b57,5155,95.0,3,1786604037829,2026-08-13T13:53:57.829
9754,588aca26ed1bfc095abf2de16bf97b57,5156,95.0,3,1786604038829,2026-08-13T13:53:58.829
9755,588aca26ed1bfc095abf2de16bf97b57,5157,94.0,3,1786604039830,2026-08-13T13:53:59.830
9756,588aca26ed1bfc095abf2de16bf97b57,5158,94.0,3,1786604040831,2026-08-13T13:54:00.831
9757,588aca26ed1bfc095abf2de16bf97b57,5159,93.0,3,1786604041830,2026-08-13T13:54:01.830
9758,588aca26ed1bfc095abf2de16bf97b57,5160,93.0,3,1786604042831,2026-08-13T13:54:02.831
9759,588aca26ed1bfc095abf2de16bf97b57,5161,93.0,3,1786604043830,2026-08-13T13:54:03.830
9760,588aca26ed1bfc095abf2de16bf97b57,5162,94.0,3,1786604044831,2026-08-13T13:54:04.831
9761,588aca26ed1bfc095abf2de16bf97b57,5163,95.0,3,1786604045831,2026-08-13T13:54:05.831
9762,588aca26ed1bfc095abf2de16bf97b57,5164,96.0,3,1786604046830,2026-08-13T13:54:06.830
9763,588aca26ed1bfc095abf2de16bf97b57,5165,97.0,3,1786604047829,2026-08-13T13:54:07.829
9764,588aca26ed1bfc095abf2de16bf97b57,5166,97.0,3,1786604048830,2026-08-13T13:54:08.830
9765,588aca26ed1bfc095abf2de16bf97b57,5167,97.0,3,1786604049828,2026-08-13T13:54:09.828
9766,588aca26ed1bfc095abf2de16bf97b57,5168,97.0,3,1786604050829,2026-08-13T13:54:10.829
9767,588aca26ed1bfc095abf2de16bf97b57,5169,96.0,3,1786604051829,2026-08-13T13:54:11.829
9768,588aca26ed1bfc095abf2de16bf97b57,5170,96.0,3,1786604052829,2026-08-13T13:54:12.829
9769,588aca26ed1bfc095abf2de16bf97b57,5171,96.0,3,1786604053829,2026-08-13T13:54:13.829
9770,588aca26ed1bfc095abf2de16bf97b57,5172,96.0,3,1786604054829,2026-08-13T13:54:14.829
9771,588aca26ed1bfc095abf2de16bf97b57,5173,96.0,3,1786604055829,2026-08-13T13:54:15.829
9772,588aca26ed1bfc095abf2de16bf97b57,5174,96.0,3,1786604056829,2026-08-13T13:54:16.829
9773,588aca26ed1bfc095abf2de16bf97b57,5175,96.0,3,1786604057841,2026-08-13T13:54:17.841
9774,588aca26ed1bfc095abf2de16bf97b57,5176,96.0,3,1786604058831,2026-08-13T13:54:18.831
9775,588aca26ed1bfc095abf2de16bf97b57,5177,95.0,3,1786604059829,2026-08-13T13:54:19.829
9776,588aca26ed1bfc095abf2de16bf97b57,5178,95.0,3,1786604060828,2026-08-13T13:54:20.828
9777,588aca26ed1bfc095abf2de16bf97b57,5179,94.0,3,1786604061829,2026-08-13T13:54:21.829
9778,588aca26ed1bfc095abf2de16bf97b57,5180,95.0,3,1786604062828,2026-08-13T13:54:22.828
9779,588aca26ed1bfc095abf2de16bf97b57,5181,96.0,3,1786604063828,2026-08-13T13:54:23.828
9780,588aca26ed1bfc095abf2de16bf97b57,5182,96.0,3,1786604064828,2026-08-13T13:54:24.828
9781,588aca26ed1bfc095abf2de16bf97b57,5183,96.0,3,1786604065830,2026-08-13T13:54:25.830
9782,588aca26ed1bfc095abf2de16bf97b57,5184,97.0,3,1786604066828,2026-08-13T13:54:26.828
9783,588aca26ed1bfc095abf2de16bf97b57,5185,97.0,3,1786604067831,2026-08-13T13:54:27.831
9784,588aca26ed1bfc095abf2de16bf97b57,5186,97.0,3,1786604068829,2026-08-13T13:54:28.829
9785,588aca26ed1bfc095abf2de16bf97b57,5187,96.0,3,1786604069829,2026-08-13T13:54:29.829
9786,588aca26ed1bfc095abf2de16bf97b57,5188,97.0,3,1786604070829,2026-08-13T13:54:30.829
9787,588aca26ed1bfc095abf2de16bf97b57,5189,97.0,3,1786604071829,2026-08-13T13:54:31.829
9788,588aca26ed1bfc095abf2de16bf97b57,5190,97.0,3,1786604072829,2026-08-13T13:54:32.829
9789,588aca26ed1bfc095abf2de16bf97b57,5191,97.0,3,1786604073829,2026-08-13T13:54:33.829
9790,588aca26ed1bfc095abf2de16bf97b57,5192,96.0,3,1786604074829,2026-08-13T13:54:34.829
9791,588aca26ed1bfc095abf2de16bf97b57,5193,95.0,3,1786604075834,2026-08-13T13:54:35.834
9792,588aca26ed1bfc095abf2de16bf97b57,5194,93.0,3,1786604076838,2026-08-13T13:54:36.838
9793,588aca26ed1bfc095abf2de16bf97b57,5195,92.0,3,1786604077833,2026-08-13T13:54:37.833
9794,588aca26ed1bfc095abf2de16bf97b57,5196,92.0,3,1786604078834,2026-08-13T13:54:38.834
9795,588aca26ed1bfc095abf2de16bf97b57,5197,92.0,3,1786604079829,2026-08-13T13:54:39.829
9796,588aca26ed1bfc095abf2de16bf97b57,5198,92.0,3,1786604080829,2026-08-13T13:54:40.829
9797,588aca26ed1bfc095abf2de16bf97b57,5199,92.0,3,1786604081832,2026-08-13T13:54:41.832
9798,588aca26ed1bfc095abf2de16bf97b57,5200,92.0,3,1786604082830,2026-08-13T13:54:42.830
9799,588aca26ed1bfc095abf2de16bf97b57,5201,92.0,3,1786604083830,2026-08-13T13:54:43.830
9800,588aca26ed1bfc095abf2de16bf97b57,5202,91.0,3,1786604084829,2026-08-13T13:54:44.829
9801,588aca26ed1bfc095abf2de16bf97b57,5203,91.0,3,1786604085829,2026-08-13T13:54:45.829
9802,588aca26ed1bfc095abf2de16bf97b57,5204,92.0,3,1786604086829,2026-08-13T13:54:46.829
9803,588aca26ed1bfc095abf2de16bf97b57,5205,93.0,3,1786604087829,2026-08-13T13:54:47.829
9804,588aca26ed1bfc095abf2de16bf97b57,5206,94.0,3,1786604088830,2026-08-13T13:54:48.830
9805,588aca26ed1bfc095abf2de16bf97b57,5207,95.0,3,1786604089830,2026-08-13T13:54:49.830
9806,588aca26ed1bfc095abf2de16bf97b57,5208,96.0,3,1786604090831,2026-08-13T13:54:50.831
9807,588aca26ed1bfc095abf2de16bf97b57,5209,96.0,3,1786604091829,2026-08-13T13:54:51.829
9808,588aca26ed1bfc095abf2de16bf97b57,5210,97.0,3,1786604092829,2026-08-13T13:54:52.829
9809,588aca26ed1bfc095abf2de16bf97b57,5211,97.0,3,1786604093829,2026-08-13T13:54:53.829
9810,588aca26ed1bfc095abf2de16bf97b57,5212,97.0,3,1786604094829,2026-08-13T13:54:54.829
9811,588aca26ed1bfc095abf2de16bf97b57,5213,96.0,3,1786604095829,2026-08-13T13:54:55.829
9812,588aca26ed1bfc095abf2de16bf97b57,5214,96.0,3,1786604096829,2026-08-13T13:54:56.829
9813,588aca26ed1bfc095abf2de16bf97b57,5215,96.0,3,1786604097829,2026-08-13T13:54:57.829
9814,588aca26ed1bfc095abf2de16bf97b57,5216,96.0,3,1786604098829,2026-08-13T13:54:58.829
9815,588aca26ed1bfc095abf2de16bf97b57,5217,96.0,3,1786604099829,2026-08-13T13:54:59.829
9816,588aca26ed1bfc095abf2de16bf97b57,5218,96.0,3,1786604100828,2026-08-13T13:55:00.828
9817,588aca26ed1bfc095abf2de16bf97b57,5219,94.0,3,1786604101830,2026-08-13T13:55:01.830
9818,588aca26ed1bfc095abf2de16bf97b57,5220,94.0,3,1786604102830,2026-08-13T13:55:02.830
9819,588aca26ed1bfc095abf2de16bf97b57,5221,93.0,3,1786604103830,2026-08-13T13:55:03.830
9820,588aca26ed1bfc095abf2de16bf97b57,5222,95.0,3,1786604104828,2026-08-13T13:55:04.828
9821,588aca26ed1bfc095abf2de16bf97b57,5223,97.0,3,1786604105829,2026-08-13T13:55:05.829
9822,588aca26ed1bfc095abf2de16bf97b57,5224,98.0,3,1786604106830,2026-08-13T13:55:06.830
9823,588aca26ed1bfc095abf2de16bf97b57,5225,99.0,3,1786604107828,2026-08-13T13:55:07.828
9824,588aca26ed1bfc095abf2de16bf97b57,5226,101.0,3,1786604108829,2026-08-13T13:55:08.829
9825,588aca26ed1bfc095abf2de16bf97b57,5227,101.0,3,1786604109829,2026-08-13T13:55:09.829
9826,588aca26ed1bfc095abf2de16bf97b57,5228,101.0,3,1786604110829,2026-08-13T13:55:10.829
9827,588aca26ed1bfc095abf2de16bf97b57,5229,101.0,3,1786604111829,2026-08-13T13:55:11.829
9828,588aca26ed1bfc095abf2de16bf97b57,5230,101.0,3,1786604112829,2026-08-13T13:55:12.829
9829,588aca26ed1bfc095abf2de16bf97b57,5231,101.0,3,1786604113829,2026-08-13T13:55:13.829
9830,588aca26ed1bfc095abf2de16bf97b57,5232,100.0,3,1786604114830,2026-08-13T13:55:14.830
9831,588aca26ed1bfc095abf2de16bf97b57,5233,100.0,3,1786604115831,2026-08-13T13:55:15.831
9832,588aca26ed1bfc095abf2de16bf97b57,5234,99.0,3,1786604116833,2026-08-13T13:55:16.833
9833,588aca26ed1bfc095abf2de16bf97b57,5235,99.0,3,1786604117833,2026-08-13T13:55:17.833
9834,588aca26ed1bfc095abf2de16bf97b57,5236,99.0,3,1786604118830,2026-08-13T13:55:18.830
9835,588aca26ed1bfc095abf2de16bf97b57,5237,98.0,3,1786604119829,2026-08-13T13:55:19.829
9836,588aca26ed1bfc095abf2de16bf97b57,5238,98.0,3,1786604120829,2026-08-13T13:55:20.829
9837,588aca26ed1bfc095abf2de16bf97b57,5239,98.0,3,1786604121828,2026-08-13T13:55:21.828
9838,588aca26ed1bfc095abf2de16bf97b57,5240,97.0,3,1786604122829,2026-08-13T13:55:22.829
9839,588aca26ed1bfc095abf2de16bf97b57,5241,96.0,3,1786604123828,2026-08-13T13:55:23.828
9840,588aca26ed1bfc095abf2de16bf97b57,5242,96.0,3,1786604124830,2026-08-13T13:55:24.830
9841,588aca26ed1bfc095abf2de16bf97b57,5243,96.0,3,1786604125830,2026-08-13T13:55:25.830
9842,588aca26ed1bfc095abf2de16bf97b57,5244,96.0,3,1786604126828,2026-08-13T13:55:26.828
9843,588aca26ed1bfc095abf2de16bf97b57,5245,96.0,3,1786604127829,2026-08-13T13:55:27.829
9844,588aca26ed1bfc095abf2de16bf97b57,5246,95.0,3,1786604128828,2026-08-13T13:55:28.828
9845,588aca26ed1bfc095abf2de16bf97b57,5247,95.0,3,1786604129830,2026-08-13T13:55:29.830
9846,588aca26ed1bfc095abf2de16bf97b57,5248,95.0,3,1786604130840,2026-08-13T13:55:30.840
9847,588aca26ed1bfc095abf2de16bf97b57,5249,94.0,3,1786604131839,2026-08-13T13:55:31.839
9848,588aca26ed1bfc095abf2de16bf97b57,5250,94.0,3,1786604132838,2026-08-13T13:55:32.838
9849,588aca26ed1bfc095abf2de16bf97b57,5251,94.0,3,1786604133829,2026-08-13T13:55:33.829
9850,588aca26ed1bfc095abf2de16bf97b57,5252,93.0,3,1786604134835,2026-08-13T13:55:34.835
9851,588aca26ed1bfc095abf2de16bf97b57,5253,93.0,3,1786604135830,2026-08-13T13:55:35.830
9852,588aca26ed1bfc095abf2de16bf97b57,5254,93.0,3,1786604136834,2026-08-13T13:55:36.834
9853,588aca26ed1bfc095abf2de16bf97b57,5255,93.0,3,1786604137828,2026-08-13T13:55:37.828
9854,588aca26ed1bfc095abf2de16bf97b57,5256,94.0,3,1786604138832,2026-08-13T13:55:38.832
9855,588aca26ed1bfc095abf2de16bf97b57,5257,94.0,3,1786604139833,2026-08-13T13:55:39.833
9856,588aca26ed1bfc095abf2de16bf97b57,5258,95.0,3,1786604140831,2026-08-13T13:55:40.831
9857,588aca26ed1bfc095abf2de16bf97b57,5259,95.0,3,1786604141830,2026-08-13T13:55:41.830
9858,588aca26ed1bfc095abf2de16bf97b57,5260,94.0,3,1786604142829,2026-08-13T13:55:42.829
9859,588aca26ed1bfc095abf2de16bf97b57,5261,94.0,3,1786604143829,2026-08-13T13:55:43.829
9860,588aca26ed1bfc095abf2de16bf97b57,5262,94.0,3,1786604144829,2026-08-13T13:55:44.829
9861,588aca26ed1bfc095abf2de16bf97b57,5263,94.0,3,1786604145829,2026-08-13T13:55:45.829
9862,588aca26ed1bfc095abf2de16bf97b57,5264,94.0,3,1786604146829,2026-08-13T13:55:46.829
9863,588aca26ed1bfc095abf2de16bf97b57,5265,94.0,3,1786604147829,2026-08-13T13:55:47.829
9864,588aca26ed1bfc095abf2de16bf97b57,5266,95.0,3,1786604148830,2026-08-13T13:55:48.830
9865,588aca26ed1bfc095abf2de16bf97b57,5267,95.0,3,1786604149831,2026-08-13T13:55:49.831
9866,588aca26ed1bfc095abf2de16bf97b57,5268,95.0,3,1786604150831,2026-08-13T13:55:50.831
9867,588aca26ed1bfc095abf2de16bf97b57,5269,95.0,3,1786604151829,2026-08-13T13:55:51.829
9868,588aca26ed1bfc095abf2de16bf97b57,5270,94.0,3,1786604152828,2026-08-13T13:55:52.828
9869,588aca26ed1bfc095abf2de16bf97b57,5271,95.0,3,1786604153829,2026-08-13T13:55:53.829
9870,588aca26ed1bfc095abf2de16bf97b57,5272,94.0,3,1786604154829,2026-08-13T13:55:54.829
9871,588aca26ed1bfc095abf2de16bf97b57,5273,93.0,3,1786604155829,2026-08-13T13:55:55.829
9872,588aca26ed1bfc095abf2de16bf97b57,5274,94.0,3,1786604156829,2026-08-13T13:55:56.829
9873,588aca26ed1bfc095abf2de16bf97b57,5275,95.0,3,1786604157829,2026-08-13T13:55:57.829
9874,588aca26ed1bfc095abf2de16bf97b57,5276,97.0,3,1786604158829,2026-08-13T13:55:58.829
9875,588aca26ed1bfc095abf2de16bf97b57,5277,98.0,3,1786604159829,2026-08-13T13:55:59.829
9876,588aca26ed1bfc095abf2de16bf97b57,5278,99.0,3,1786604160829,2026-08-13T13:56:00.829
9877,588aca26ed1bfc095abf2de16bf97b57,5279,99.0,3,1786604161829,2026-08-13T13:56:01.829
9878,588aca26ed1bfc095abf2de16bf97b57,5280,98.0,3,1786604162829,2026-08-13T13:56:02.829
9879,588aca26ed1bfc095abf2de16bf97b57,5281,97.0,3,1786604163829,2026-08-13T13:56:03.829
9880,588aca26ed1bfc095abf2de16bf97b57,5282,96.0,3,1786604164829,2026-08-13T13:56:04.829
9881,588aca26ed1bfc095abf2de16bf97b57,5283,95.0,3,1786604165829,2026-08-13T13:56:05.829
9882,588aca26ed1bfc095abf2de16bf97b57,5284,95.0,3,1786604166829,2026-08-13T13:56:06.829
9883,588aca26ed1bfc095abf2de16bf97b57,5285,94.0,3,1786604167829,2026-08-13T13:56:07.829
9884,588aca26ed1bfc095abf2de16bf97b57,5286,94.0,3,1786604168838,2026-08-13T13:56:08.838
9885,588aca26ed1bfc095abf2de16bf97b57,5287,93.0,3,1786604169835,2026-08-13T13:56:09.835
9886,588aca26ed1bfc095abf2de16bf97b57,5288,93.0,3,1786604170836,2026-08-13T13:56:10.836
9887,588aca26ed1bfc095abf2de16bf97b57,5289,93.0,3,1786604171832,2026-08-13T13:56:11.832
9888,588aca26ed1bfc095abf2de16bf97b57,5290,93.0,3,1786604172833,2026-08-13T13:56:12.833
9889,588aca26ed1bfc095abf2de16bf97b57,5291,94.0,3,1786604173844,2026-08-13T13:56:13.844
9890,588aca26ed1bfc095abf2de16bf97b57,5292,94.0,3,1786604174832,2026-08-13T13:56:14.832
9891,588aca26ed1bfc095abf2de16bf97b57,5293,94.0,3,1786604175830,2026-08-13T13:56:15.830
9892,588aca26ed1bfc095abf2de16bf97b57,5294,93.0,3,1786604176829,2026-08-13T13:56:16.829
9893,588aca26ed1bfc095abf2de16bf97b57,5295,94.0,3,1786604177829,2026-08-13T13:56:17.829
9894,588aca26ed1bfc095abf2de16bf97b57,5296,94.0,3,1786604178829,2026-08-13T13:56:18.829
9895,588aca26ed1bfc095abf2de16bf97b57,5297,94.0,3,1786604179829,2026-08-13T13:56:19.829
9896,588aca26ed1bfc095abf2de16bf97b57,5298,94.0,3,1786604180831,2026-08-13T13:56:20.831
9897,588aca26ed1bfc095abf2de16bf97b57,5299,93.0,3,1786604181829,2026-08-13T13:56:21.829
9898,588aca26ed1bfc095abf2de16bf97b57,5300,92.0,3,1786604182829,2026-08-13T13:56:22.829
9899,588aca26ed1bfc095abf2de16bf97b57,5301,92.0,3,1786604183828,2026-08-13T13:56:23.828
9900,588aca26ed1bfc095abf2de16bf97b57,5302,93.0,3,1786604184829,2026-08-13T13:56:24.829
9901,588aca26ed1bfc095abf2de16bf97b57,5303,93.0,3,1786604185829,2026-08-13T13:56:25.829
9902,588aca26ed1bfc095abf2de16bf97b57,5304,93.0,3,1786604186829,2026-08-13T13:56:26.829
9903,588aca26ed1bfc095abf2de16bf97b57,5305,94.0,3,1786604187829,2026-08-13T13:56:27.829
9904,588aca26ed1bfc095abf2de16bf97b57,5306,95.0,3,1786604188829,2026-08-13T13:56:28.829
9905,588aca26ed1bfc095abf2de16bf97b57,5307,95.0,3,1786604189830,2026-08-13T13:56:29.830
9906,588aca26ed1bfc095abf2de16bf97b57,5308,94.0,3,1786604190837,2026-08-13T13:56:30.837
9907,588aca26ed1bfc095abf2de16bf97b57,5309,94.0,3,1786604191834,2026-08-13T13:56:31.834
9908,588aca26ed1bfc095abf2de16bf97b57,5310,93.0,3,1786604192835,2026-08-13T13:56:32.835
9909,588aca26ed1bfc095abf2de16bf97b57,5311,93.0,3,1786604193832,2026-08-13T13:56:33.832
9910,588aca26ed1bfc095abf2de16bf97b57,5312,92.0,3,1786604194830,2026-08-13T13:56:34.830
9911,588aca26ed1bfc095abf2de16bf97b57,5313,92.0,3,1786604195829,2026-08-13T13:56:35.829
9912,588aca26ed1bfc095abf2de16bf97b57,5314,92.0,3,1786604196829,2026-08-13T13:56:36.829
9913,588aca26ed1bfc095abf2de16bf97b57,5315,92.0,3,1786604197829,2026-08-13T13:56:37.829
9914,588aca26ed1bfc095abf2de16bf97b57,5316,92.0,3,1786604198829,2026-08-13T13:56:38.829
9915,588aca26ed1bfc095abf2de16bf97b57,5317,93.0,3,1786604199830,2026-08-13T13:56:39.830
9916,588aca26ed1bfc095abf2de16bf97b57,5318,93.0,3,1786604200829,2026-08-13T13:56:40.829
9917,588aca26ed1bfc095abf2de16bf97b57,5319,92.0,3,1786604201831,2026-08-13T13:56:41.831
9918,588aca26ed1bfc095abf2de16bf97b57,5320,92.0,3,1786604202830,2026-08-13T13:56:42.830
9919,588aca26ed1bfc095abf2de16bf97b57,5321,92.0,3,1786604203829,2026-08-13T13:56:43.829
9920,588aca26ed1bfc095abf2de16bf97b57,5322,91.0,3,1786604204829,2026-08-13T13:56:44.829
9921,588aca26ed1bfc095abf2de16bf97b57,5323,92.0,3,1786604205829,2026-08-13T13:56:45.829
9922,588aca26ed1bfc095abf2de16bf97b57,5324,92.0,3,1786604206829,2026-08-13T13:56:46.829
9923,588aca26ed1bfc095abf2de16bf97b57,5325,92.0,3,1786604207829,2026-08-13T13:56:47.829
9924,588aca26ed1bfc095abf2de16bf97b57,5326,93.0,3,1786604208829,2026-08-13T13:56:48.829
9925,588aca26ed1bfc095abf2de16bf97b57,5327,94.0,3,1786604209829,2026-08-13T13:56:49.829
9926,588aca26ed1bfc095abf2de16bf97b57,5328,95.0,3,1786604210830,2026-08-13T13:56:50.830
9927,588aca26ed1bfc095abf2de16bf97b57,5329,96.0,3,1786604211838,2026-08-13T13:56:51.838
9928,588aca26ed1bfc095abf2de16bf97b57,5330,97.0,3,1786604212837,2026-08-13T13:56:52.837
9929,588aca26ed1bfc095abf2de16bf97b57,5331,97.0,3,1786604213837,2026-08-13T13:56:53.837
9930,588aca26ed1bfc095abf2de16bf97b57,5332,98.0,3,1786604214836,2026-08-13T13:56:54.836
9931,588aca26ed1bfc095abf2de16bf97b57,5333,99.0,3,1786604215835,2026-08-13T13:56:55.835
9932,588aca26ed1bfc095abf2de16bf97b57,5334,100.0,3,1786604216833,2026-08-13T13:56:56.833
9933,588aca26ed1bfc095abf2de16bf97b57,5335,100.0,3,1786604217832,2026-08-13T13:56:57.832
9934,588aca26ed1bfc095abf2de16bf97b57,5336,99.0,3,1786604218830,2026-08-13T13:56:58.830
9935,588aca26ed1bfc095abf2de16bf97b57,5337,98.0,3,1786604219829,2026-08-13T13:56:59.829
9936,588aca26ed1bfc095abf2de16bf97b57,5338,97.0,3,1786604220829,2026-08-13T13:57:00.829
9937,588aca26ed1bfc095abf2de16bf97b57,5339,96.0,3,1786604221829,2026-08-13T13:57:01.829
9938,588aca26ed1bfc095abf2de16bf97b57,5340,95.0,3,1786604222831,2026-08-13T13:57:02.831
9939,588aca26ed1bfc095abf2de16bf97b57,5341,94.0,3,1786604223831,2026-08-13T13:57:03.831
9940,588aca26ed1bfc095abf2de16bf97b57,5342,94.0,3,1786604224828,2026-08-13T13:57:04.828
9941,588aca26ed1bfc095abf2de16bf97b57,5343,94.0,3,1786604225832,2026-08-13T13:57:05.832
9942,588aca26ed1bfc095abf2de16bf97b57,5344,95.0,3,1786604226829,2026-08-13T13:57:06.829
9943,588aca26ed1bfc095abf2de16bf97b57,5345,96.0,3,1786604227829,2026-08-13T13:57:07.829
9944,588aca26ed1bfc095abf2de16bf97b57,5346,96.0,3,1786604228830,2026-08-13T13:57:08.830
9945,588aca26ed1bfc095abf2de16bf97b57,5347,95.0,3,1786604229829,2026-08-13T13:57:09.829
9946,588aca26ed1bfc095abf2de16bf97b57,5348,95.0,3,1786604230829,2026-08-13T13:57:10.829
9947,588aca26ed1bfc095abf2de16bf97b57,5349,95.0,3,1786604231829,2026-08-13T13:57:11.829
9948,588aca26ed1bfc095abf2de16bf97b57,5350,95.0,3,1786604232829,2026-08-13T13:57:12.829
9949,588aca26ed1bfc095abf2de16bf97b57,5351,96.0,3,1786604233836,2026-08-13T13:57:13.836
9950,588aca26ed1bfc095abf2de16bf97b57,5352,97.0,3,1786604234837,2026-08-13T13:57:14.837
9951,588aca26ed1bfc095abf2de16bf97b57,5353,98.0,3,1786604235830,2026-08-13T13:57:15.830
9952,588aca26ed1bfc095abf2de16bf97b57,5354,99.0,3,1786604236829,2026-08-13T13:57:16.829
9953,588aca26ed1bfc095abf2de16bf97b57,5355,99.0,3,1786604237832,2026-08-13T13:57:17.832
9954,588aca26ed1bfc095abf2de16bf97b57,5356,99.0,3,1786604238829,2026-08-13T13:57:18.829
9955,588aca26ed1bfc095abf2de16bf97b57,5357,99.0,3,1786604239829,2026-08-13T13:57:19.829
9956,588aca26ed1bfc095abf2de16bf97b57,5358,98.0,3,1786604240829,2026-08-13T13:57:20.829
9957,588aca26ed1bfc095abf2de16bf97b57,5359,97.0,3,1786604241829,2026-08-13T13:57:21.829
9958,588aca26ed1bfc095abf2de16bf97b57,5360,97.0,3,1786604242829,2026-08-13T13:57:22.829
9959,588aca26ed1bfc095abf2de16bf97b57,5361,96.0,3,1786604243830,2026-08-13T13:57:23.830
9960,588aca26ed1bfc095abf2de16bf97b57,5362,95.0,3,1786604244832,2026-08-13T13:57:24.832
9961,588aca26ed1bfc095abf2de16bf97b57,5363,95.0,3,1786604245829,2026-08-13T13:57:25.829
9962,588aca26ed1bfc095abf2de16bf97b57,5364,95.0,3,1786604246828,2026-08-13T13:57:26.828
9963,588aca26ed1bfc095abf2de16bf97b57,5365,94.0,3,1786604247830,2026-08-13T13:57:27.830
9964,588aca26ed1bfc095abf2de16bf97b57,5366,93.0,3,1786604248833,2026-08-13T13:57:28.833
9965,588aca26ed1bfc095abf2de16bf97b57,5367,94.0,3,1786604249829,2026-08-13T13:57:29.829
9966,588aca26ed1bfc095abf2de16bf97b57,5368,96.0,3,1786604250832,2026-08-13T13:57:30.832
9967,588aca26ed1bfc095abf2de16bf97b57,5369,96.0,3,1786604251829,2026-08-13T13:57:31.829
9968,588aca26ed1bfc095abf2de16bf97b57,5370,96.0,3,1786604252829,2026-08-13T13:57:32.829
9969,588aca26ed1bfc095abf2de16bf97b57,5371,96.0,3,1786604253829,2026-08-13T13:57:33.829
9970,588aca26ed1bfc095abf2de16bf97b57,5372,96.0,3,1786604254829,2026-08-13T13:57:34.829
9971,588aca26ed1bfc095abf2de16bf97b57,5373,96.0,3,1786604255830,2026-08-13T13:57:35.830
9972,588aca26ed1bfc095abf2de16bf97b57,5374,96.0,3,1786604256838,2026-08-13T13:57:36.838
9973,588aca26ed1bfc095abf2de16bf97b57,5375,95.0,3,1786604257838,2026-08-13T13:57:37.838
9974,588aca26ed1bfc095abf2de16bf97b57,5376,95.0,3,1786604258837,2026-08-13T13:57:38.837
9975,588aca26ed1bfc095abf2de16bf97b57,5377,95.0,3,1786604259842,2026-08-13T13:57:39.842
9976,588aca26ed1bfc095abf2de16bf97b57,5378,93.0,3,1786604260832,2026-08-13T13:57:40.832
9977,588aca26ed1bfc095abf2de16bf97b57,5379,93.0,3,1786604261833,2026-08-13T13:57:41.833
9978,588aca26ed1bfc095abf2de16bf97b57,5380,95.0,3,1786604262830,2026-08-13T13:57:42.830
9979,588aca26ed1bfc095abf2de16bf97b57,5381,94.0,3,1786604263829,2026-08-13T13:57:43.829
9980,588aca26ed1bfc095abf2de16bf97b57,5382,93.0,3,1786604264829,2026-08-13T13:57:44.829
9981,588aca26ed1bfc095abf2de16bf97b57,5383,94.0,3,1786604265830,2026-08-13T13:57:45.830
9982,588aca26ed1bfc095abf2de16bf97b57,5384,94.0,3,1786604266829,2026-08-13T13:57:46.829
9983,588aca26ed1bfc095abf2de16bf97b57,5385,94.0,3,1786604267830,2026-08-13T13:57:47.830
9984,588aca26ed1bfc095abf2de16bf97b57,5386,96.0,3,1786604268828,2026-08-13T13:57:48.828
9985,588aca26ed1bfc095abf2de16bf97b57,5387,97.0,3,1786604269829,2026-08-13T13:57:49.829
9986,588aca26ed1bfc095abf2de16bf97b57,5388,97.0,3,1786604270829,2026-08-13T13:57:50.829
9987,588aca26ed1bfc095abf2de16bf97b57,5389,97.0,3,1786604271829,2026-08-13T13:57:51.829
9988,588aca26ed1bfc095abf2de16bf97b57,5390,97.0,3,1786604272829,2026-08-13T13:57:52.829
9989,588aca26ed1bfc095abf2de16bf97b57,5391,97.0,3,1786604273829,2026-08-13T13:57:53.829
9990,588aca26ed1bfc095abf2de16bf97b57,5392,96.0,3,1786604274829,2026-08-13T13:57:54.829
9991,588aca26ed1bfc095abf2de16bf97b57,5393,96.0,3,1786604275829,2026-08-13T13:57:55.829
9992,588aca26ed1bfc095abf2de16bf97b57,5394,95.0,3,1786604276829,2026-08-13T13:57:56.829
9993,588aca26ed1bfc095abf2de16bf97b57,5395,94.0,3,1786604277829,2026-08-13T13:57:57.829
9994,588aca26ed1bfc095abf2de16bf97b57,5396,93.0,3,1786604278828,2026-08-13T13:57:58.828
9995,588aca26ed1bfc095abf2de16bf97b57,5397,93.0,3,1786604279837,2026-08-13T13:57:59.837
9996,588aca26ed1bfc095abf2de16bf97b57,5398,93.0,3,1786604280838,2026-08-13T13:58:00.838
9997,588aca26ed1bfc095abf2de16bf97b57,5399,95.0,3,1786604281837,2026-08-13T13:58:01.837
9998,588aca26ed1bfc095abf2de16bf97b57,5400,96.0,3,1786604282829,2026-08-13T13:58:02.829
9999,588aca26ed1bfc095abf2de16bf97b57,5401,96.0,3,1786604283833,2026-08-13T13:58:03.833
10000,588aca26ed1bfc095abf2de16bf97b57,5402,97.0,3,1786604284830,2026-08-13T13:58:04.830
10001,588aca26ed1bfc095abf2de16bf97b57,5403,97.0,3,1786604285829,2026-08-13T13:58:05.829
10002,588aca26ed1bfc095abf2de16bf97b57,5404,97.0,3,1786604286829,2026-08-13T13:58:06.829
10003,588aca26ed1bfc095abf2de16bf97b57,5405,97.0,3,1786604287829,2026-08-13T13:58:07.829
10004,588aca26ed1bfc095abf2de16bf97b57,5406,96.0,3,1786604288829,2026-08-13T13:58:08.829
10005,588aca26ed1bfc095abf2de16bf97b57,5407,96.0,3,1786604289831,2026-08-13T13:58:09.831
10006,588aca26ed1bfc095abf2de16bf97b57,5408,97.0,3,1786604290829,2026-08-13T13:58:10.829
10007,588aca26ed1bfc095abf2de16bf97b57,5409,97.0,3,1786604291829,2026-08-13T13:58:11.829
10008,588aca26ed1bfc095abf2de16bf97b57,5410,97.0,3,1786604292829,2026-08-13T13:58:12.829
10009,588aca26ed1bfc095abf2de16bf97b57,5411,97.0,3,1786604293829,2026-08-13T13:58:13.829
10010,588aca26ed1bfc095abf2de16bf97b57,5412,97.0,3,1786604294829,2026-08-13T13:58:14.829
10011,588aca26ed1bfc095abf2de16bf97b57,5413,98.0,3,1786604295829,2026-08-13T13:58:15.829
10012,588aca26ed1bfc095abf2de16bf97b57,5414,98.0,3,1786604296829,2026-08-13T13:58:16.829
10013,588aca26ed1bfc095abf2de16bf97b57,5415,97.0,3,1786604297838,2026-08-13T13:58:17.838
10014,588aca26ed1bfc095abf2de16bf97b57,5416,97.0,3,1786604298828,2026-08-13T13:58:18.828
10015,588aca26ed1bfc095abf2de16bf97b57,5417,97.0,3,1786604299829,2026-08-13T13:58:19.829
10016,588aca26ed1bfc095abf2de16bf97b57,5418,98.0,3,1786604300830,2026-08-13T13:58:20.830
10017,588aca26ed1bfc095abf2de16bf97b57,5419,98.0,3,1786604301831,2026-08-13T13:58:21.831
10018,588aca26ed1bfc095abf2de16bf97b57,5420,98.0,3,1786604302831,2026-08-13T13:58:22.831
10019,588aca26ed1bfc095abf2de16bf97b57,5421,100.0,3,1786604303829,2026-08-13T13:58:23.829
10020,588aca26ed1bfc095abf2de16bf97b57,5422,101.0,3,1786604304831,2026-08-13T13:58:24.831
10021,588aca26ed1bfc095abf2de16bf97b57,5423,100.0,3,1786604305830,2026-08-13T13:58:25.830
10022,588aca26ed1bfc095abf2de16bf97b57,5424,100.0,3,1786604306829,2026-08-13T13:58:26.829
10023,588aca26ed1bfc095abf2de16bf97b57,5425,100.0,3,1786604307829,2026-08-13T13:58:27.829
10024,588aca26ed1bfc095abf2de16bf97b57,5426,100.0,3,1786604308829,2026-08-13T13:58:28.829
10025,588aca26ed1bfc095abf2de16bf97b57,5427,101.0,3,1786604309829,2026-08-13T13:58:29.829
10026,588aca26ed1bfc095abf2de16bf97b57,5428,101.0,3,1786604310828,2026-08-13T13:58:30.828
10027,588aca26ed1bfc095abf2de16bf97b57,5429,101.0,3,1786604311831,2026-08-13T13:58:31.831
10028,588aca26ed1bfc095abf2de16bf97b57,5430,101.0,3,1786604312828,2026-08-13T13:58:32.828
10029,588aca26ed1bfc095abf2de16bf97b57,5431,100.0,3,1786604313829,2026-08-13T13:58:33.829
10030,588aca26ed1bfc095abf2de16bf97b57,5432,101.0,3,1786604314828,2026-08-13T13:58:34.828
10031,588aca26ed1bfc095abf2de16bf97b57,5433,101.0,3,1786604315830,2026-08-13T13:58:35.830
10032,588aca26ed1bfc095abf2de16bf97b57,5434,101.0,3,1786604316829,2026-08-13T13:58:36.829
10033,588aca26ed1bfc095abf2de16bf97b57,5435,100.0,3,1786604317837,2026-08-13T13:58:37.837
10034,588aca26ed1bfc095abf2de16bf97b57,5436,101.0,3,1786604318836,2026-08-13T13:58:38.836
10035,588aca26ed1bfc095abf2de16bf97b57,5437,101.0,3,1786604319833,2026-08-13T13:58:39.833
10036,588aca26ed1bfc095abf2de16bf97b57,5438,102.0,3,1786604320832,2026-08-13T13:58:40.832
10037,588aca26ed1bfc095abf2de16bf97b57,5439,103.0,3,1786604321830,2026-08-13T13:58:41.830
10038,588aca26ed1bfc095abf2de16bf97b57,5440,103.0,3,1786604322829,2026-08-13T13:58:42.829
10039,588aca26ed1bfc095abf2de16bf97b57,5441,104.0,3,1786604323828,2026-08-13T13:58:43.828
10040,588aca26ed1bfc095abf2de16bf97b57,5442,105.0,3,1786604324829,2026-08-13T13:58:44.829
10041,588aca26ed1bfc095abf2de16bf97b57,5443,105.0,3,1786604325830,2026-08-13T13:58:45.830
10042,588aca26ed1bfc095abf2de16bf97b57,5444,106.0,3,1786604326831,2026-08-13T13:58:46.831
10043,588aca26ed1bfc095abf2de16bf97b57,5445,106.0,3,1786604327829,2026-08-13T13:58:47.829
10044,588aca26ed1bfc095abf2de16bf97b57,5446,106.0,3,1786604328829,2026-08-13T13:58:48.829
10045,588aca26ed1bfc095abf2de16bf97b57,5447,106.0,3,1786604329829,2026-08-13T13:58:49.829
10046,588aca26ed1bfc095abf2de16bf97b57,5448,105.0,3,1786604330829,2026-08-13T13:58:50.829
10047,588aca26ed1bfc095abf2de16bf97b57,5449,105.0,3,1786604331830,2026-08-13T13:58:51.830
10048,588aca26ed1bfc095abf2de16bf97b57,5450,105.0,3,1786604332829,2026-08-13T13:58:52.829
10049,588aca26ed1bfc095abf2de16bf97b57,5451,105.0,3,1786604333829,2026-08-13T13:58:53.829
10050,588aca26ed1bfc095abf2de16bf97b57,5452,104.0,3,1786604334838,2026-08-13T13:58:54.838
10051,588aca26ed1bfc095abf2de16bf97b57,5453,104.0,3,1786604335836,2026-08-13T13:58:55.836
10052,588aca26ed1bfc095abf2de16bf97b57,5454,104.0,3,1786604336834,2026-08-13T13:58:56.834
10053,588aca26ed1bfc095abf2de16bf97b57,5455,105.0,3,1786604337830,2026-08-13T13:58:57.830
10054,588aca26ed1bfc095abf2de16bf97b57,5456,104.0,3,1786604338829,2026-08-13T13:58:58.829
10055,588aca26ed1bfc095abf2de16bf97b57,5457,104.0,3,1786604339829,2026-08-13T13:58:59.829
10056,588aca26ed1bfc095abf2de16bf97b57,5458,104.0,3,1786604340829,2026-08-13T13:59:00.829
10057,588aca26ed1bfc095abf2de16bf97b57,5459,103.0,3,1786604341828,2026-08-13T13:59:01.828
10058,588aca26ed1bfc095abf2de16bf97b57,5460,102.0,3,1786604342829,2026-08-13T13:59:02.829
10059,588aca26ed1bfc095abf2de16bf97b57,5461,101.0,3,1786604343831,2026-08-13T13:59:03.831
10060,588aca26ed1bfc095abf2de16bf97b57,5462,101.0,3,1786604344829,2026-08-13T13:59:04.829
10061,588aca26ed1bfc095abf2de16bf97b57,5463,101.0,3,1786604345829,2026-08-13T13:59:05.829
10062,588aca26ed1bfc095abf2de16bf97b57,5464,102.0,3,1786604346830,2026-08-13T13:59:06.830
10063,588aca26ed1bfc095abf2de16bf97b57,5465,103.0,3,1786604347829,2026-08-13T13:59:07.829
10064,588aca26ed1bfc095abf2de16bf97b57,5466,104.0,3,1786604348828,2026-08-13T13:59:08.828
10065,588aca26ed1bfc095abf2de16bf97b57,5467,104.0,3,1786604349829,2026-08-13T13:59:09.829
10066,588aca26ed1bfc095abf2de16bf97b57,5468,104.0,3,1786604350830,2026-08-13T13:59:10.830
10067,588aca26ed1bfc095abf2de16bf97b57,5469,103.0,3,1786604351829,2026-08-13T13:59:11.829
10068,588aca26ed1bfc095abf2de16bf97b57,5470,103.0,3,1786604352830,2026-08-13T13:59:12.830
10069,588aca26ed1bfc095abf2de16bf97b57,5471,102.0,3,1786604353829,2026-08-13T13:59:13.829
10070,588aca26ed1bfc095abf2de16bf97b57,5472,103.0,3,1786604354829,2026-08-13T13:59:14.829
10071,588aca26ed1bfc095abf2de16bf97b57,5473,103.0,3,1786604355843,2026-08-13T13:59:15.843
10072,588aca26ed1bfc095abf2de16bf97b57,5474,103.0,3,1786604356837,2026-08-13T13:59:16.837
10073,588aca26ed1bfc095abf2de16bf97b57,5475,103.0,3,1786604357833,2026-08-13T13:59:17.833
10074,588aca26ed1bfc095abf2de16bf97b57,5476,104.0,3,1786604358831,2026-08-13T13:59:18.831
10075,588aca26ed1bfc095abf2de16bf97b57,5477,103.0,3,1786604359830,2026-08-13T13:59:19.830
10076,588aca26ed1bfc095abf2de16bf97b57,5478,102.0,3,1786604360830,2026-08-13T13:59:20.830
10077,588aca26ed1bfc095abf2de16bf97b57,5479,101.0,3,1786604361829,2026-08-13T13:59:21.829
10078,588aca26ed1bfc095abf2de16bf97b57,5480,100.0,3,1786604362829,2026-08-13T13:59:22.829
10079,588aca26ed1bfc095abf2de16bf97b57,5481,99.0,3,1786604363829,2026-08-13T13:59:23.829
10080,588aca26ed1bfc095abf2de16bf97b57,5482,100.0,3,1786604364828,2026-08-13T13:59:24.828
10081,588aca26ed1bfc095abf2de16bf97b57,5483,100.0,3,1786604365831,2026-08-13T13:59:25.831
10082,588aca26ed1bfc095abf2de16bf97b57,5484,100.0,3,1786604366833,2026-08-13T13:59:26.833
10083,588aca26ed1bfc095abf2de16bf97b57,5485,100.0,3,1786604367831,2026-08-13T13:59:27.831
10084,588aca26ed1bfc095abf2de16bf97b57,5486,100.0,3,1786604368830,2026-08-13T13:59:28.830
10085,588aca26ed1bfc095abf2de16bf97b57,5487,100.0,3,1786604369829,2026-08-13T13:59:29.829
10086,588aca26ed1bfc095abf2de16bf97b57,5488,100.0,3,1786604370829,2026-08-13T13:59:30.829
10087,588aca26ed1bfc095abf2de16bf97b57,5489,100.0,3,1786604371837,2026-08-13T13:59:31.837
10088,588aca26ed1bfc095abf2de16bf97b57,5490,99.0,3,1786604372829,2026-08-13T13:59:32.829
10089,588aca26ed1bfc095abf2de16bf97b57,5491,98.0,3,1786604373829,2026-08-13T13:59:33.829
10090,588aca26ed1bfc095abf2de16bf97b57,5492,97.0,3,1786604374829,2026-08-13T13:59:34.829
10091,588aca26ed1bfc095abf2de16bf97b57,5493,98.0,3,1786604375828,2026-08-13T13:59:35.828
10092,588aca26ed1bfc095abf2de16bf97b57,5494,97.0,3,1786604376828,2026-08-13T13:59:36.828
10093,588aca26ed1bfc095abf2de16bf97b57,5495,98.0,3,1786604377832,2026-08-13T13:59:37.832
10094,588aca26ed1bfc095abf2de16bf97b57,5496,98.0,3,1786604378832,2026-08-13T13:59:38.832
10095,588aca26ed1bfc095abf2de16bf97b57,5497,100.0,3,1786604379830,2026-08-13T13:59:39.830
10096,588aca26ed1bfc095abf2de16bf97b57,5498,101.0,3,1786604380828,2026-08-13T13:59:40.828
10097,588aca26ed1bfc095abf2de16bf97b57,5499,102.0,3,1786604381831,2026-08-13T13:59:41.831
10098,588aca26ed1bfc095abf2de16bf97b57,5500,102.0,3,1786604382828,2026-08-13T13:59:42.828
10099,588aca26ed1bfc095abf2de16bf97b57,5501,102.0,3,1786604383828,2026-08-13T13:59:43.828
10100,588aca26ed1bfc095abf2de16bf97b57,5502,102.0,3,1786604384828,2026-08-13T13:59:44.828
10101,588aca26ed1bfc095abf2de16bf97b57,5503,102.0,3,1786604385829,2026-08-13T13:59:45.829
10102,588aca26ed1bfc095abf2de16bf97b57,5504,102.0,3,1786604386829,2026-08-13T13:59:46.829
10103,588aca26ed1bfc095abf2de16bf97b57,5505,102.0,3,1786604387829,2026-08-13T13:59:47.829
10104,588aca26ed1bfc095abf2de16bf97b57,5506,102.0,3,1786604388830,2026-08-13T13:59:48.830
10105,588aca26ed1bfc095abf2de16bf97b57,5507,102.0,3,1786604389830,2026-08-13T13:59:49.830
10106,588aca26ed1bfc095abf2de16bf97b57,5508,102.0,3,1786604390829,2026-08-13T13:59:50.829
10107,588aca26ed1bfc095abf2de16bf97b57,5509,102.0,3,1786604391833,2026-08-13T13:59:51.833
10108,588aca26ed1bfc095abf2de16bf97b57,5510,102.0,3,1786604392830,2026-08-13T13:59:52.830
10109,588aca26ed1bfc095abf2de16bf97b57,5511,103.0,3,1786604393829,2026-08-13T13:59:53.829
10110,588aca26ed1bfc095abf2de16bf97b57,5512,104.0,3,1786604394829,2026-08-13T13:59:54.829
10111,588aca26ed1bfc095abf2de16bf97b57,5513,103.0,3,1786604395828,2026-08-13T13:59:55.828
10112,588aca26ed1bfc095abf2de16bf97b57,5514,104.0,3,1786604396830,2026-08-13T13:59:56.830
10113,588aca26ed1bfc095abf2de16bf97b57,5515,104.0,3,1786604397828,2026-08-13T13:59:57.828
10114,588aca26ed1bfc095abf2de16bf97b57,5516,105.0,3,1786604398829,2026-08-13T13:59:58.829
10115,588aca26ed1bfc095abf2de16bf97b57,5517,104.0,3,1786604399829,2026-08-13T13:59:59.829
10116,588aca26ed1bfc095abf2de16bf97b57,5518,103.0,3,1786604400829,2026-08-13T14:00:00.829
10117,588aca26ed1bfc095abf2de16bf97b57,5519,103.0,3,1786604401829,2026-08-13T14:00:01.829
10118,588aca26ed1bfc095abf2de16bf97b57,5520,103.0,3,1786604402829,2026-08-13T14:00:02.829
10119,588aca26ed1bfc095abf2de16bf97b57,5521,104.0,3,1786604403829,2026-08-13T14:00:03.829
10120,588aca26ed1bfc095abf2de16bf97b57,5522,104.0,3,1786604404830,2026-08-13T14:00:04.830
10121,588aca26ed1bfc095abf2de16bf97b57,5523,104.0,3,1786604405839,2026-08-13T14:00:05.839
10122,588aca26ed1bfc095abf2de16bf97b57,5524,104.0,3,1786604406839,2026-08-13T14:00:06.839
10123,588aca26ed1bfc095abf2de16bf97b57,5525,104.0,3,1786604407832,2026-08-13T14:00:07.832
10124,588aca26ed1bfc095abf2de16bf97b57,5526,103.0,3,1786604408836,2026-08-13T14:00:08.836
10125,588aca26ed1bfc095abf2de16bf97b57,5527,104.0,3,1786604409833,2026-08-13T14:00:09.833
10126,588aca26ed1bfc095abf2de16bf97b57,5528,105.0,3,1786604410831,2026-08-13T14:00:10.831
10127,588aca26ed1bfc095abf2de16bf97b57,5529,104.0,3,1786604411829,2026-08-13T14:00:11.829
10128,588aca26ed1bfc095abf2de16bf97b57,5530,104.0,3,1786604412829,2026-08-13T14:00:12.829
10129,588aca26ed1bfc095abf2de16bf97b57,5531,103.0,3,1786604413829,2026-08-13T14:00:13.829
10130,588aca26ed1bfc095abf2de16bf97b57,5532,102.0,3,1786604414829,2026-08-13T14:00:14.829
10131,588aca26ed1bfc095abf2de16bf97b57,5533,101.0,3,1786604415829,2026-08-13T14:00:15.829
10132,588aca26ed1bfc095abf2de16bf97b57,5534,100.0,3,1786604416830,2026-08-13T14:00:16.830
10133,588aca26ed1bfc095abf2de16bf97b57,5535,98.0,3,1786604417831,2026-08-13T14:00:17.831
10134,588aca26ed1bfc095abf2de16bf97b57,5536,98.0,3,1786604418831,2026-08-13T14:00:18.831
10135,588aca26ed1bfc095abf2de16bf97b57,5537,100.0,3,1786604419829,2026-08-13T14:00:19.829
10136,588aca26ed1bfc095abf2de16bf97b57,5538,101.0,3,1786604420829,2026-08-13T14:00:20.829
10137,588aca26ed1bfc095abf2de16bf97b57,5539,101.0,3,1786604421829,2026-08-13T14:00:21.829
10138,588aca26ed1bfc095abf2de16bf97b57,5540,102.0,3,1786604422829,2026-08-13T14:00:22.829
10139,588aca26ed1bfc095abf2de16bf97b57,5541,103.0,3,1786604423829,2026-08-13T14:00:23.829
10140,588aca26ed1bfc095abf2de16bf97b57,5542,103.0,3,1786604424829,2026-08-13T14:00:24.829
10141,588aca26ed1bfc095abf2de16bf97b57,5543,103.0,3,1786604425829,2026-08-13T14:00:25.829
10142,588aca26ed1bfc095abf2de16bf97b57,5544,103.0,3,1786604426829,2026-08-13T14:00:26.829
10143,588aca26ed1bfc095abf2de16bf97b57,5545,102.0,3,1786604427833,2026-08-13T14:00:27.833
10144,588aca26ed1bfc095abf2de16bf97b57,5546,102.0,3,1786604428836,2026-08-13T14:00:28.836
10145,588aca26ed1bfc095abf2de16bf97b57,5547,104.0,3,1786604429833,2026-08-13T14:00:29.833
10146,588aca26ed1bfc095abf2de16bf97b57,5548,105.0,3,1786604430829,2026-08-13T14:00:30.829
10147,588aca26ed1bfc095abf2de16bf97b57,5549,106.0,3,1786604431831,2026-08-13T14:00:31.831
10148,588aca26ed1bfc095abf2de16bf97b57,5550,108.0,3,1786604432828,2026-08-13T14:00:32.828
10149,588aca26ed1bfc095abf2de16bf97b57,5551,108.0,3,1786604433830,2026-08-13T14:00:33.830
10150,588aca26ed1bfc095abf2de16bf97b57,5552,108.0,3,1786604434831,2026-08-13T14:00:34.831
10151,588aca26ed1bfc095abf2de16bf97b57,5553,109.0,3,1786604435831,2026-08-13T14:00:35.831
10152,588aca26ed1bfc095abf2de16bf97b57,5554,109.0,3,1786604436831,2026-08-13T14:00:36.831
10153,588aca26ed1bfc095abf2de16bf97b57,5555,109.0,3,1786604437830,2026-08-13T14:00:37.830
10154,588aca26ed1bfc095abf2de16bf97b57,5556,109.0,3,1786604438828,2026-08-13T14:00:38.828
10155,588aca26ed1bfc095abf2de16bf97b57,5557,110.0,3,1786604439830,2026-08-13T14:00:39.830
10156,588aca26ed1bfc095abf2de16bf97b57,5558,111.0,3,1786604440829,2026-08-13T14:00:40.829
10157,588aca26ed1bfc095abf2de16bf97b57,5559,112.0,3,1786604441830,2026-08-13T14:00:41.830
10158,588aca26ed1bfc095abf2de16bf97b57,5560,113.0,3,1786604442829,2026-08-13T14:00:42.829
10159,588aca26ed1bfc095abf2de16bf97b57,5561,114.0,3,1786604443829,2026-08-13T14:00:43.829
10160,588aca26ed1bfc095abf2de16bf97b57,5562,115.0,3,1786604444829,2026-08-13T14:00:44.829
10161,588aca26ed1bfc095abf2de16bf97b57,5563,116.0,3,1786604445829,2026-08-13T14:00:45.829
10162,588aca26ed1bfc095abf2de16bf97b57,5564,115.0,3,1786604446840,2026-08-13T14:00:46.840
10163,588aca26ed1bfc095abf2de16bf97b57,5565,114.0,3,1786604447837,2026-08-13T14:00:47.837
10164,588aca26ed1bfc095abf2de16bf97b57,5566,112.0,3,1786604448833,2026-08-13T14:00:48.833
10165,588aca26ed1bfc095abf2de16bf97b57,5567,110.0,3,1786604449833,2026-08-13T14:00:49.833
10166,588aca26ed1bfc095abf2de16bf97b57,5568,109.0,3,1786604450832,2026-08-13T14:00:50.832
10167,588aca26ed1bfc095abf2de16bf97b57,5569,108.0,3,1786604451830,2026-08-13T14:00:51.830
10168,588aca26ed1bfc095abf2de16bf97b57,5570,107.0,3,1786604452829,2026-08-13T14:00:52.829
10169,588aca26ed1bfc095abf2de16bf97b57,5571,107.0,3,1786604453829,2026-08-13T14:00:53.829
10170,588aca26ed1bfc095abf2de16bf97b57,5572,107.0,3,1786604454829,2026-08-13T14:00:54.829
10171,588aca26ed1bfc095abf2de16bf97b57,5573,107.0,3,1786604455829,2026-08-13T14:00:55.829
10172,588aca26ed1bfc095abf2de16bf97b57,5574,107.0,3,1786604456829,2026-08-13T14:00:56.829
10173,588aca26ed1bfc095abf2de16bf97b57,5575,108.0,3,1786604457830,2026-08-13T14:00:57.830
10174,588aca26ed1bfc095abf2de16bf97b57,5576,107.0,3,1786604458831,2026-08-13T14:00:58.831
10175,588aca26ed1bfc095abf2de16bf97b57,5577,106.0,3,1786604459838,2026-08-13T14:00:59.838
10176,588aca26ed1bfc095abf2de16bf97b57,5578,105.0,3,1786604460830,2026-08-13T14:01:00.830
10177,588aca26ed1bfc095abf2de16bf97b57,5579,104.0,3,1786604461829,2026-08-13T14:01:01.829
10178,588aca26ed1bfc095abf2de16bf97b57,5580,103.0,3,1786604462829,2026-08-13T14:01:02.829
10179,588aca26ed1bfc095abf2de16bf97b57,5581,104.0,3,1786604463829,2026-08-13T14:01:03.829
10180,588aca26ed1bfc095abf2de16bf97b57,5582,104.0,3,1786604464829,2026-08-13T14:01:04.829
10181,588aca26ed1bfc095abf2de16bf97b57,5583,104.0,3,1786604465829,2026-08-13T14:01:05.829
10182,588aca26ed1bfc095abf2de16bf97b57,5584,104.0,3,1786604466829,2026-08-13T14:01:06.829
10183,588aca26ed1bfc095abf2de16bf97b57,5585,103.0,3,1786604467829,2026-08-13T14:01:07.829
10184,588aca26ed1bfc095abf2de16bf97b57,5586,102.0,3,1786604468829,2026-08-13T14:01:08.829
10185,588aca26ed1bfc095abf2de16bf97b57,5587,101.0,3,1786604469829,2026-08-13T14:01:09.829
10186,588aca26ed1bfc095abf2de16bf97b57,5588,100.0,3,1786604470830,2026-08-13T14:01:10.830
10187,588aca26ed1bfc095abf2de16bf97b57,5589,100.0,3,1786604471839,2026-08-13T14:01:11.839
10188,588aca26ed1bfc095abf2de16bf97b57,5590,100.0,3,1786604472834,2026-08-13T14:01:12.834
10189,588aca26ed1bfc095abf2de16bf97b57,5591,100.0,3,1786604473838,2026-08-13T14:01:13.838
10190,588aca26ed1bfc095abf2de16bf97b57,5592,100.0,3,1786604474835,2026-08-13T14:01:14.835
10191,588aca26ed1bfc095abf2de16bf97b57,5593,101.0,3,1786604475835,2026-08-13T14:01:15.835
10192,588aca26ed1bfc095abf2de16bf97b57,5594,101.0,3,1786604476836,2026-08-13T14:01:16.836
10193,588aca26ed1bfc095abf2de16bf97b57,5595,101.0,3,1786604477832,2026-08-13T14:01:17.832
10194,588aca26ed1bfc095abf2de16bf97b57,5596,101.0,3,1786604478832,2026-08-13T14:01:18.832
10195,588aca26ed1bfc095abf2de16bf97b57,5597,101.0,3,1786604479830,2026-08-13T14:01:19.830
10196,588aca26ed1bfc095abf2de16bf97b57,5598,101.0,3,1786604480830,2026-08-13T14:01:20.830
10197,588aca26ed1bfc095abf2de16bf97b57,5599,100.0,3,1786604481829,2026-08-13T14:01:21.829
10198,588aca26ed1bfc095abf2de16bf97b57,5600,100.0,3,1786604482829,2026-08-13T14:01:22.829
10199,588aca26ed1bfc095abf2de16bf97b57,5601,100.0,3,1786604483828,2026-08-13T14:01:23.828
10200,588aca26ed1bfc095abf2de16bf97b57,5602,101.0,3,1786604484828,2026-08-13T14:01:24.828
10201,588aca26ed1bfc095abf2de16bf97b57,5603,102.0,3,1786604485829,2026-08-13T14:01:25.829
10202,588aca26ed1bfc095abf2de16bf97b57,5604,103.0,3,1786604486828,2026-08-13T14:01:26.828
10203,588aca26ed1bfc095abf2de16bf97b57,5605,103.0,3,1786604487843,2026-08-13T14:01:27.843
10204,588aca26ed1bfc095abf2de16bf97b57,5606,102.0,3,1786604488831,2026-08-13T14:01:28.831
10205,588aca26ed1bfc095abf2de16bf97b57,5607,102.0,3,1786604489832,2026-08-13T14:01:29.832
10206,588aca26ed1bfc095abf2de16bf97b57,5608,102.0,3,1786604490830,2026-08-13T14:01:30.830
10207,588aca26ed1bfc095abf2de16bf97b57,5609,101.0,3,1786604491830,2026-08-13T14:01:31.830
10208,588aca26ed1bfc095abf2de16bf97b57,5610,100.0,3,1786604492829,2026-08-13T14:01:32.829
10209,588aca26ed1bfc095abf2de16bf97b57,5611,101.0,3,1786604493829,2026-08-13T14:01:33.829
10210,588aca26ed1bfc095abf2de16bf97b57,5612,100.0,3,1786604494829,2026-08-13T14:01:34.829
10211,588aca26ed1bfc095abf2de16bf97b57,5613,101.0,3,1786604495829,2026-08-13T14:01:35.829
10212,588aca26ed1bfc095abf2de16bf97b57,5614,104.0,3,1786604496829,2026-08-13T14:01:36.829
10213,588aca26ed1bfc095abf2de16bf97b57,5615,106.0,3,1786604497829,2026-08-13T14:01:37.829
10214,588aca26ed1bfc095abf2de16bf97b57,5616,108.0,3,1786604498828,2026-08-13T14:01:38.828
10215,588aca26ed1bfc095abf2de16bf97b57,5617,109.0,3,1786604499832,2026-08-13T14:01:39.832
10216,588aca26ed1bfc095abf2de16bf97b57,5618,109.0,3,1786604500837,2026-08-13T14:01:40.837
10217,588aca26ed1bfc095abf2de16bf97b57,5619,110.0,3,1786604501832,2026-08-13T14:01:41.832
10218,588aca26ed1bfc095abf2de16bf97b57,5620,111.0,3,1786604502828,2026-08-13T14:01:42.828
10219,588aca26ed1bfc095abf2de16bf97b57,5621,112.0,3,1786604503833,2026-08-13T14:01:43.833
10220,588aca26ed1bfc095abf2de16bf97b57,5622,113.0,3,1786604504828,2026-08-13T14:01:44.828
10221,588aca26ed1bfc095abf2de16bf97b57,5623,114.0,3,1786604505828,2026-08-13T14:01:45.828
10222,588aca26ed1bfc095abf2de16bf97b57,5624,115.0,3,1786604506828,2026-08-13T14:01:46.828
10223,588aca26ed1bfc095abf2de16bf97b57,5625,116.0,3,1786604507829,2026-08-13T14:01:47.829
10224,588aca26ed1bfc095abf2de16bf97b57,5626,116.0,3,1786604508829,2026-08-13T14:01:48.829
10225,588aca26ed1bfc095abf2de16bf97b57,5627,115.0,3,1786604509829,2026-08-13T14:01:49.829
10226,588aca26ed1bfc095abf2de16bf97b57,5628,115.0,3,1786604510829,2026-08-13T14:01:50.829
10227,588aca26ed1bfc095abf2de16bf97b57,5629,114.0,3,1786604511831,2026-08-13T14:01:51.831
10228,588aca26ed1bfc095abf2de16bf97b57,5630,114.0,3,1786604512830,2026-08-13T14:01:52.830
10229,588aca26ed1bfc095abf2de16bf97b57,5631,115.0,3,1786604513829,2026-08-13T14:01:53.829
10230,588aca26ed1bfc095abf2de16bf97b57,5632,115.0,3,1786604514830,2026-08-13T14:01:54.830
10231,588aca26ed1bfc095abf2de16bf97b57,5633,114.0,3,1786604515829,2026-08-13T14:01:55.829
10232,588aca26ed1bfc095abf2de16bf97b57,5634,114.0,3,1786604516829,2026-08-13T14:01:56.829
10233,588aca26ed1bfc095abf2de16bf97b57,5635,115.0,3,1786604517829,2026-08-13T14:01:57.829
10234,588aca26ed1bfc095abf2de16bf97b57,5636,115.0,3,1786604518829,2026-08-13T14:01:58.829
10235,588aca26ed1bfc095abf2de16bf97b57,5637,115.0,3,1786604519829,2026-08-13T14:01:59.829
10236,588aca26ed1bfc095abf2de16bf97b57,5638,114.0,3,1786604520829,2026-08-13T14:02:00.829
10237,588aca26ed1bfc095abf2de16bf97b57,5639,113.0,3,1786604521829,2026-08-13T14:02:01.829
10238,588aca26ed1bfc095abf2de16bf97b57,5640,114.0,3,1786604522829,2026-08-13T14:02:02.829
10239,588aca26ed1bfc095abf2de16bf97b57,5641,114.0,3,1786604523839,2026-08-13T14:02:03.839
10240,588aca26ed1bfc095abf2de16bf97b57,5642,113.0,3,1786604524832,2026-08-13T14:02:04.832
10241,588aca26ed1bfc095abf2de16bf97b57,5643,112.0,3,1786604525837,2026-08-13T14:02:05.837
10242,588aca26ed1bfc095abf2de16bf97b57,5644,111.0,3,1786604526834,2026-08-13T14:02:06.834
10243,588aca26ed1bfc095abf2de16bf97b57,5645,109.0,3,1786604527834,2026-08-13T14:02:07.834
10244,588aca26ed1bfc095abf2de16bf97b57,5646,109.0,3,1786604528832,2026-08-13T14:02:08.832
10245,588aca26ed1bfc095abf2de16bf97b57,5647,108.0,3,1786604529832,2026-08-13T14:02:09.832
10246,588aca26ed1bfc095abf2de16bf97b57,5648,108.0,3,1786604530830,2026-08-13T14:02:10.830
10247,588aca26ed1bfc095abf2de16bf97b57,5649,107.0,3,1786604531830,2026-08-13T14:02:11.830
10248,588aca26ed1bfc095abf2de16bf97b57,5650,106.0,3,1786604532830,2026-08-13T14:02:12.830
10249,588aca26ed1bfc095abf2de16bf97b57,5651,106.0,3,1786604533829,2026-08-13T14:02:13.829
10250,588aca26ed1bfc095abf2de16bf97b57,5652,105.0,3,1786604534829,2026-08-13T14:02:14.829
10251,588aca26ed1bfc095abf2de16bf97b57,5653,104.0,3,1786604535829,2026-08-13T14:02:15.829
10252,588aca26ed1bfc095abf2de16bf97b57,5654,104.0,3,1786604536830,2026-08-13T14:02:16.830
10253,588aca26ed1bfc095abf2de16bf97b57,5655,104.0,3,1786604537830,2026-08-13T14:02:17.830
10254,588aca26ed1bfc095abf2de16bf97b57,5656,105.0,3,1786604538829,2026-08-13T14:02:18.829
10255,588aca26ed1bfc095abf2de16bf97b57,5657,105.0,3,1786604539829,2026-08-13T14:02:19.829
10256,588aca26ed1bfc095abf2de16bf97b57,5658,105.0,3,1786604540829,2026-08-13T14:02:20.829
10257,588aca26ed1bfc095abf2de16bf97b57,5659,106.0,3,1786604541829,2026-08-13T14:02:21.829
10258,588aca26ed1bfc095abf2de16bf97b57,5660,106.0,3,1786604542830,2026-08-13T14:02:22.830
10259,588aca26ed1bfc095abf2de16bf97b57,5661,106.0,3,1786604543829,2026-08-13T14:02:23.829
10260,588aca26ed1bfc095abf2de16bf97b57,5662,106.0,3,1786604544829,2026-08-13T14:02:24.829
10261,588aca26ed1bfc095abf2de16bf97b57,5663,106.0,3,1786604545830,2026-08-13T14:02:25.830
10262,588aca26ed1bfc095abf2de16bf97b57,5664,105.0,3,1786604546841,2026-08-13T14:02:26.841
10263,588aca26ed1bfc095abf2de16bf97b57,5665,105.0,3,1786604547840,2026-08-13T14:02:27.840
10264,588aca26ed1bfc095abf2de16bf97b57,5666,104.0,3,1786604548836,2026-08-13T14:02:28.836
10265,588aca26ed1bfc095abf2de16bf97b57,5667,105.0,3,1786604549834,2026-08-13T14:02:29.834
10266,588aca26ed1bfc095abf2de16bf97b57,5668,105.0,3,1786604550830,2026-08-13T14:02:30.830
10267,588aca26ed1bfc095abf2de16bf97b57,5669,105.0,3,1786604551829,2026-08-13T14:02:31.829
10268,588aca26ed1bfc095abf2de16bf97b57,5670,104.0,3,1786604552829,2026-08-13T14:02:32.829
10269,588aca26ed1bfc095abf2de16bf97b57,5671,104.0,3,1786604553829,2026-08-13T14:02:33.829
10270,588aca26ed1bfc095abf2de16bf97b57,5672,103.0,3,1786604554832,2026-08-13T14:02:34.832
10271,588aca26ed1bfc095abf2de16bf97b57,5673,105.0,3,1786604555830,2026-08-13T14:02:35.830
10272,588aca26ed1bfc095abf2de16bf97b57,5674,106.0,3,1786604556829,2026-08-13T14:02:36.829
10273,588aca26ed1bfc095abf2de16bf97b57,5675,107.0,3,1786604557829,2026-08-13T14:02:37.829
10274,588aca26ed1bfc095abf2de16bf97b57,5676,108.0,3,1786604558829,2026-08-13T14:02:38.829
10275,588aca26ed1bfc095abf2de16bf97b57,5677,109.0,3,1786604559829,2026-08-13T14:02:39.829
10276,588aca26ed1bfc095abf2de16bf97b57,5678,108.0,3,1786604560830,2026-08-13T14:02:40.830
10277,588aca26ed1bfc095abf2de16bf97b57,5679,107.0,3,1786604561829,2026-08-13T14:02:41.829
10278,588aca26ed1bfc095abf2de16bf97b57,5680,105.0,3,1786604562829,2026-08-13T14:02:42.829
10279,588aca26ed1bfc095abf2de16bf97b57,5681,105.0,3,1786604563829,2026-08-13T14:02:43.829
10280,588aca26ed1bfc095abf2de16bf97b57,5682,105.0,3,1786604564839,2026-08-13T14:02:44.839
10281,588aca26ed1bfc095abf2de16bf97b57,5683,103.0,3,1786604565837,2026-08-13T14:02:45.837
10282,588aca26ed1bfc095abf2de16bf97b57,5684,103.0,3,1786604566835,2026-08-13T14:02:46.835
10283,588aca26ed1bfc095abf2de16bf97b57,5685,106.0,3,1786604567833,2026-08-13T14:02:47.833
10284,588aca26ed1bfc095abf2de16bf97b57,5686,106.0,3,1786604568830,2026-08-13T14:02:48.830
10285,588aca26ed1bfc095abf2de16bf97b57,5687,106.0,3,1786604569829,2026-08-13T14:02:49.829
10286,588aca26ed1bfc095abf2de16bf97b57,5688,106.0,3,1786604570829,2026-08-13T14:02:50.829
10287,588aca26ed1bfc095abf2de16bf97b57,5689,104.0,3,1786604571829,2026-08-13T14:02:51.829
10288,588aca26ed1bfc095abf2de16bf97b57,5690,106.0,3,1786604572828,2026-08-13T14:02:52.828
10289,588aca26ed1bfc095abf2de16bf97b57,5691,106.0,3,1786604573828,2026-08-13T14:02:53.828
10290,588aca26ed1bfc095abf2de16bf97b57,5692,105.0,3,1786604574829,2026-08-13T14:02:54.829
10291,588aca26ed1bfc095abf2de16bf97b57,5693,104.0,3,1786604575829,2026-08-13T14:02:55.829
10292,588aca26ed1bfc095abf2de16bf97b57,5694,103.0,3,1786604576833,2026-08-13T14:02:56.833
10293,588aca26ed1bfc095abf2de16bf97b57,5695,102.0,3,1786604577831,2026-08-13T14:02:57.831
10294,588aca26ed1bfc095abf2de16bf97b57,5696,101.0,3,1786604578831,2026-08-13T14:02:58.831
10295,588aca26ed1bfc095abf2de16bf97b57,5697,100.0,3,1786604579829,2026-08-13T14:02:59.829
10296,588aca26ed1bfc095abf2de16bf97b57,5698,100.0,3,1786604580830,2026-08-13T14:03:00.830
10297,588aca26ed1bfc095abf2de16bf97b57,5699,100.0,3,1786604581829,2026-08-13T14:03:01.829
10298,588aca26ed1bfc095abf2de16bf97b57,5700,99.0,3,1786604582829,2026-08-13T14:03:02.829
10299,588aca26ed1bfc095abf2de16bf97b57,5701,99.0,3,1786604583829,2026-08-13T14:03:03.829
10300,588aca26ed1bfc095abf2de16bf97b57,5702,99.0,3,1786604584829,2026-08-13T14:03:04.829
10301,588aca26ed1bfc095abf2de16bf97b57,5703,98.0,3,1786604585829,2026-08-13T14:03:05.829
10302,588aca26ed1bfc095abf2de16bf97b57,5704,98.0,3,1786604586832,2026-08-13T14:03:06.832
10303,588aca26ed1bfc095abf2de16bf97b57,5705,98.0,3,1786604587829,2026-08-13T14:03:07.829
10304,588aca26ed1bfc095abf2de16bf97b57,5706,97.0,3,1786604588830,2026-08-13T14:03:08.830
10305,588aca26ed1bfc095abf2de16bf97b57,5707,97.0,3,1786604589829,2026-08-13T14:03:09.829
10306,588aca26ed1bfc095abf2de16bf97b57,5708,98.0,3,1786604590834,2026-08-13T14:03:10.834
10307,588aca26ed1bfc095abf2de16bf97b57,5709,98.0,3,1786604591833,2026-08-13T14:03:11.833
10308,588aca26ed1bfc095abf2de16bf97b57,5710,98.0,3,1786604592831,2026-08-13T14:03:12.831
10309,588aca26ed1bfc095abf2de16bf97b57,5711,98.0,3,1786604593829,2026-08-13T14:03:13.829
10310,588aca26ed1bfc095abf2de16bf97b57,5712,98.0,3,1786604594829,2026-08-13T14:03:14.829
10311,588aca26ed1bfc095abf2de16bf97b57,5713,97.0,3,1786604595829,2026-08-13T14:03:15.829
10312,588aca26ed1bfc095abf2de16bf97b57,5714,96.0,3,1786604596839,2026-08-13T14:03:16.839
10313,588aca26ed1bfc095abf2de16bf97b57,5715,96.0,3,1786604597830,2026-08-13T14:03:17.830
10314,588aca26ed1bfc095abf2de16bf97b57,5716,97.0,3,1786604598828,2026-08-13T14:03:18.828
10315,588aca26ed1bfc095abf2de16bf97b57,5717,98.0,3,1786604599829,2026-08-13T14:03:19.829
10316,588aca26ed1bfc095abf2de16bf97b57,5718,99.0,3,1786604600829,2026-08-13T14:03:20.829
10317,588aca26ed1bfc095abf2de16bf97b57,5719,100.0,3,1786604601829,2026-08-13T14:03:21.829
10318,588aca26ed1bfc095abf2de16bf97b57,5720,101.0,3,1786604602830,2026-08-13T14:03:22.830
10319,588aca26ed1bfc095abf2de16bf97b57,5721,100.0,3,1786604603829,2026-08-13T14:03:23.829
10320,588aca26ed1bfc095abf2de16bf97b57,5722,99.0,3,1786604604828,2026-08-13T14:03:24.828
10321,588aca26ed1bfc095abf2de16bf97b57,5723,99.0,3,1786604605828,2026-08-13T14:03:25.828
10322,588aca26ed1bfc095abf2de16bf97b57,5724,99.0,3,1786604606829,2026-08-13T14:03:26.829
10323,588aca26ed1bfc095abf2de16bf97b57,5725,99.0,3,1786604607829,2026-08-13T14:03:27.829
10324,588aca26ed1bfc095abf2de16bf97b57,5726,99.0,3,1786604608838,2026-08-13T14:03:28.838
10325,588aca26ed1bfc095abf2de16bf97b57,5727,100.0,3,1786604609836,2026-08-13T14:03:29.836
10326,588aca26ed1bfc095abf2de16bf97b57,5728,100.0,3,1786604610829,2026-08-13T14:03:30.829
10327,588aca26ed1bfc095abf2de16bf97b57,5729,100.0,3,1786604611835,2026-08-13T14:03:31.835
10328,588aca26ed1bfc095abf2de16bf97b57,5730,100.0,3,1786604612837,2026-08-13T14:03:32.837
10329,588aca26ed1bfc095abf2de16bf97b57,5731,100.0,3,1786604613833,2026-08-13T14:03:33.833
10330,588aca26ed1bfc095abf2de16bf97b57,5732,100.0,3,1786604614833,2026-08-13T14:03:34.833
10331,588aca26ed1bfc095abf2de16bf97b57,5733,99.0,3,1786604615828,2026-08-13T14:03:35.828
10332,588aca26ed1bfc095abf2de16bf97b57,5734,98.0,3,1786604616829,2026-08-13T14:03:36.829
10333,588aca26ed1bfc095abf2de16bf97b57,5735,99.0,3,1786604617835,2026-08-13T14:03:37.835
10334,588aca26ed1bfc095abf2de16bf97b57,5736,100.0,3,1786604618829,2026-08-13T14:03:38.829
10335,588aca26ed1bfc095abf2de16bf97b57,5737,100.0,3,1786604619829,2026-08-13T14:03:39.829
10336,588aca26ed1bfc095abf2de16bf97b57,5738,101.0,3,1786604620829,2026-08-13T14:03:40.829
10337,588aca26ed1bfc095abf2de16bf97b57,5739,101.0,3,1786604621831,2026-08-13T14:03:41.831
10338,588aca26ed1bfc095abf2de16bf97b57,5740,101.0,3,1786604622829,2026-08-13T14:03:42.829
10339,588aca26ed1bfc095abf2de16bf97b57,5741,101.0,3,1786604623829,2026-08-13T14:03:43.829
10340,588aca26ed1bfc095abf2de16bf97b57,5742,101.0,3,1786604624830,2026-08-13T14:03:44.830
10341,588aca26ed1bfc095abf2de16bf97b57,5743,101.0,3,1786604625829,2026-08-13T14:03:45.829
10342,588aca26ed1bfc095abf2de16bf97b57,5744,100.0,3,1786604626829,2026-08-13T14:03:46.829
10343,588aca26ed1bfc095abf2de16bf97b57,5745,100.0,3,1786604627829,2026-08-13T14:03:47.829
10344,588aca26ed1bfc095abf2de16bf97b57,5746,101.0,3,1786604628829,2026-08-13T14:03:48.829
10345,588aca26ed1bfc095abf2de16bf97b57,5747,101.0,3,1786604629839,2026-08-13T14:03:49.839
10346,588aca26ed1bfc095abf2de16bf97b57,5748,102.0,3,1786604630838,2026-08-13T14:03:50.838
10347,588aca26ed1bfc095abf2de16bf97b57,5749,101.0,3,1786604631836,2026-08-13T14:03:51.836
10348,588aca26ed1bfc095abf2de16bf97b57,5750,100.0,3,1786604632832,2026-08-13T14:03:52.832
10349,588aca26ed1bfc095abf2de16bf97b57,5751,100.0,3,1786604633834,2026-08-13T14:03:53.834
10350,588aca26ed1bfc095abf2de16bf97b57,5752,99.0,3,1786604634835,2026-08-13T14:03:54.835
10351,588aca26ed1bfc095abf2de16bf97b57,5753,100.0,3,1786604635831,2026-08-13T14:03:55.831
10352,588aca26ed1bfc095abf2de16bf97b57,5754,101.0,3,1786604636829,2026-08-13T14:03:56.829
10353,588aca26ed1bfc095abf2de16bf97b57,5755,102.0,3,1786604637830,2026-08-13T14:03:57.830
10354,588aca26ed1bfc095abf2de16bf97b57,5756,102.0,3,1786604638829,2026-08-13T14:03:58.829
10355,588aca26ed1bfc095abf2de16bf97b57,5757,103.0,3,1786604639829,2026-08-13T14:03:59.829
10356,588aca26ed1bfc095abf2de16bf97b57,5758,104.0,3,1786604640829,2026-08-13T14:04:00.829
10357,588aca26ed1bfc095abf2de16bf97b57,5759,105.0,3,1786604641829,2026-08-13T14:04:01.829
10358,588aca26ed1bfc095abf2de16bf97b57,5760,106.0,3,1786604642830,2026-08-13T14:04:02.830
10359,588aca26ed1bfc095abf2de16bf97b57,5761,106.0,3,1786604643829,2026-08-13T14:04:03.829
10360,588aca26ed1bfc095abf2de16bf97b57,5762,106.0,3,1786604644829,2026-08-13T14:04:04.829
10361,588aca26ed1bfc095abf2de16bf97b57,5763,105.0,3,1786604645829,2026-08-13T14:04:05.829
10362,588aca26ed1bfc095abf2de16bf97b57,5764,105.0,3,1786604646829,2026-08-13T14:04:06.829
10363,588aca26ed1bfc095abf2de16bf97b57,5765,106.0,3,1786604647830,2026-08-13T14:04:07.830
10364,588aca26ed1bfc095abf2de16bf97b57,5766,106.0,3,1786604648829,2026-08-13T14:04:08.829
10365,588aca26ed1bfc095abf2de16bf97b57,5767,105.0,3,1786604649829,2026-08-13T14:04:09.829
10366,588aca26ed1bfc095abf2de16bf97b57,5768,104.0,3,1786604650830,2026-08-13T14:04:10.830
10367,588aca26ed1bfc095abf2de16bf97b57,5769,104.0,3,1786604651838,2026-08-13T14:04:11.838
10368,588aca26ed1bfc095abf2de16bf97b57,5770,104.0,3,1786604652837,2026-08-13T14:04:12.837
10369,588aca26ed1bfc095abf2de16bf97b57,5771,105.0,3,1786604653833,2026-08-13T14:04:13.833
10370,588aca26ed1bfc095abf2de16bf97b57,5772,105.0,3,1786604654829,2026-08-13T14:04:14.829
10371,588aca26ed1bfc095abf2de16bf97b57,5773,106.0,3,1786604655829,2026-08-13T14:04:15.829
10372,588aca26ed1bfc095abf2de16bf97b57,5774,106.0,3,1786604656831,2026-08-13T14:04:16.831
10373,588aca26ed1bfc095abf2de16bf97b57,5775,107.0,3,1786604657829,2026-08-13T14:04:17.829
10374,588aca26ed1bfc095abf2de16bf97b57,5776,107.0,3,1786604658830,2026-08-13T14:04:18.830
10375,588aca26ed1bfc095abf2de16bf97b57,5777,106.0,3,1786604659829,2026-08-13T14:04:19.829
10376,588aca26ed1bfc095abf2de16bf97b57,5778,105.0,3,1786604660829,2026-08-13T14:04:20.829
10377,588aca26ed1bfc095abf2de16bf97b57,5779,105.0,3,1786604661830,2026-08-13T14:04:21.830
10378,588aca26ed1bfc095abf2de16bf97b57,5780,105.0,3,1786604662831,2026-08-13T14:04:22.831
10379,588aca26ed1bfc095abf2de16bf97b57,5781,104.0,3,1786604663830,2026-08-13T14:04:23.830
10380,588aca26ed1bfc095abf2de16bf97b57,5782,104.0,3,1786604664830,2026-08-13T14:04:24.830
10381,588aca26ed1bfc095abf2de16bf97b57,5783,102.0,3,1786604665828,2026-08-13T14:04:25.828
10382,588aca26ed1bfc095abf2de16bf97b57,5784,102.0,3,1786604666828,2026-08-13T14:04:26.828
10383,588aca26ed1bfc095abf2de16bf97b57,5785,103.0,3,1786604667829,2026-08-13T14:04:27.829
10384,588aca26ed1bfc095abf2de16bf97b57,5786,104.0,3,1786604668832,2026-08-13T14:04:28.832
10385,588aca26ed1bfc095abf2de16bf97b57,5787,104.0,3,1786604669828,2026-08-13T14:04:29.828
10386,588aca26ed1bfc095abf2de16bf97b57,5788,104.0,3,1786604670828,2026-08-13T14:04:30.828
10387,588aca26ed1bfc095abf2de16bf97b57,5789,103.0,3,1786604671828,2026-08-13T14:04:31.828
10388,588aca26ed1bfc095abf2de16bf97b57,5790,103.0,3,1786604672828,2026-08-13T14:04:32.828
10389,588aca26ed1bfc095abf2de16bf97b57,5791,103.0,3,1786604673832,2026-08-13T14:04:33.832
10390,588aca26ed1bfc095abf2de16bf97b57,5792,103.0,3,1786604674831,2026-08-13T14:04:34.831
10391,588aca26ed1bfc095abf2de16bf97b57,5793,103.0,3,1786604675833,2026-08-13T14:04:35.833
10392,588aca26ed1bfc095abf2de16bf97b57,5794,103.0,3,1786604676831,2026-08-13T14:04:36.831
10393,588aca26ed1bfc095abf2de16bf97b57,5795,104.0,3,1786604677828,2026-08-13T14:04:37.828
10394,588aca26ed1bfc095abf2de16bf97b57,5796,104.0,3,1786604678829,2026-08-13T14:04:38.829
10395,588aca26ed1bfc095abf2de16bf97b57,5797,104.0,3,1786604679830,2026-08-13T14:04:39.830
10396,588aca26ed1bfc095abf2de16bf97b57,5798,105.0,3,1786604680828,2026-08-13T14:04:40.828
10397,588aca26ed1bfc095abf2de16bf97b57,5799,107.0,3,1786604681829,2026-08-13T14:04:41.829
10398,588aca26ed1bfc095abf2de16bf97b57,5800,107.0,3,1786604682828,2026-08-13T14:04:42.828
10399,588aca26ed1bfc095abf2de16bf97b57,5801,105.0,3,1786604683829,2026-08-13T14:04:43.829
10400,588aca26ed1bfc095abf2de16bf97b57,5802,104.0,3,1786604684832,2026-08-13T14:04:44.832
10401,588aca26ed1bfc095abf2de16bf97b57,5803,103.0,3,1786604685830,2026-08-13T14:04:45.830
10402,588aca26ed1bfc095abf2de16bf97b57,5804,105.0,3,1786604686829,2026-08-13T14:04:46.829
10403,588aca26ed1bfc095abf2de16bf97b57,5805,106.0,3,1786604687828,2026-08-13T14:04:47.828
10404,588aca26ed1bfc095abf2de16bf97b57,5806,107.0,3,1786604688829,2026-08-13T14:04:48.829
10405,588aca26ed1bfc095abf2de16bf97b57,5807,105.0,3,1786604689829,2026-08-13T14:04:49.829
10406,588aca26ed1bfc095abf2de16bf97b57,5808,104.0,3,1786604690829,2026-08-13T14:04:50.829
10407,588aca26ed1bfc095abf2de16bf97b57,5809,102.0,3,1786604691829,2026-08-13T14:04:51.829
10408,588aca26ed1bfc095abf2de16bf97b57,5810,101.0,3,1786604692829,2026-08-13T14:04:52.829
10409,588aca26ed1bfc095abf2de16bf97b57,5811,100.0,3,1786604693828,2026-08-13T14:04:53.828
10410,588aca26ed1bfc095abf2de16bf97b57,5812,99.0,3,1786604694829,2026-08-13T14:04:54.829
10411,588aca26ed1bfc095abf2de16bf97b57,5813,98.0,3,1786604695829,2026-08-13T14:04:55.829
10412,588aca26ed1bfc095abf2de16bf97b57,5814,100.0,3,1786604696829,2026-08-13T14:04:56.829
10413,588aca26ed1bfc095abf2de16bf97b57,5815,100.0,3,1786604697829,2026-08-13T14:04:57.829
10414,588aca26ed1bfc095abf2de16bf97b57,5816,100.0,3,1786604698829,2026-08-13T14:04:58.829
10415,588aca26ed1bfc095abf2de16bf97b57,5817,100.0,3,1786604699829,2026-08-13T14:04:59.829
10416,588aca26ed1bfc095abf2de16bf97b57,5818,99.0,3,1786604700829,2026-08-13T14:05:00.829
10417,588aca26ed1bfc095abf2de16bf97b57,5819,99.0,3,1786604701829,2026-08-13T14:05:01.829
10418,588aca26ed1bfc095abf2de16bf97b57,5820,99.0,3,1786604702828,2026-08-13T14:05:02.828
10419,588aca26ed1bfc095abf2de16bf97b57,5821,98.0,3,1786604703829,2026-08-13T14:05:03.829
10420,588aca26ed1bfc095abf2de16bf97b57,5822,100.0,3,1786604704829,2026-08-13T14:05:04.829
10421,588aca26ed1bfc095abf2de16bf97b57,5823,101.0,3,1786604705828,2026-08-13T14:05:05.828
10422,588aca26ed1bfc095abf2de16bf97b57,5824,101.0,3,1786604706829,2026-08-13T14:05:06.829
10423,588aca26ed1bfc095abf2de16bf97b57,5825,101.0,3,1786604707829,2026-08-13T14:05:07.829
10424,588aca26ed1bfc095abf2de16bf97b57,5826,101.0,3,1786604708829,2026-08-13T14:05:08.829
10425,588aca26ed1bfc095abf2de16bf97b57,5827,101.0,3,1786604709829,2026-08-13T14:05:09.829
10426,588aca26ed1bfc095abf2de16bf97b57,5828,100.0,3,1786604710828,2026-08-13T14:05:10.828
10427,588aca26ed1bfc095abf2de16bf97b57,5829,100.0,3,1786604711829,2026-08-13T14:05:11.829
10428,588aca26ed1bfc095abf2de16bf97b57,5830,101.0,3,1786604712829,2026-08-13T14:05:12.829
10429,588aca26ed1bfc095abf2de16bf97b57,5831,102.0,3,1786604713829,2026-08-13T14:05:13.829
10430,588aca26ed1bfc095abf2de16bf97b57,5832,102.0,3,1786604714829,2026-08-13T14:05:14.829
10431,588aca26ed1bfc095abf2de16bf97b57,5833,102.0,3,1786604715829,2026-08-13T14:05:15.829
10432,588aca26ed1bfc095abf2de16bf97b57,5834,102.0,3,1786604716829,2026-08-13T14:05:16.829
10433,588aca26ed1bfc095abf2de16bf97b57,5835,101.0,3,1786604717829,2026-08-13T14:05:17.829
10434,588aca26ed1bfc095abf2de16bf97b57,5836,100.0,3,1786604718830,2026-08-13T14:05:18.830
10435,588aca26ed1bfc095abf2de16bf97b57,5837,99.0,3,1786604719829,2026-08-13T14:05:19.829
10436,588aca26ed1bfc095abf2de16bf97b57,5838,99.0,3,1786604720838,2026-08-13T14:05:20.838
10437,588aca26ed1bfc095abf2de16bf97b57,5839,99.0,3,1786604721833,2026-08-13T14:05:21.833
10438,588aca26ed1bfc095abf2de16bf97b57,5840,98.0,3,1786604722833,2026-08-13T14:05:22.833
10439,588aca26ed1bfc095abf2de16bf97b57,5841,99.0,3,1786604723833,2026-08-13T14:05:23.833
10440,588aca26ed1bfc095abf2de16bf97b57,5842,100.0,3,1786604724833,2026-08-13T14:05:24.833
10441,588aca26ed1bfc095abf2de16bf97b57,5843,100.0,3,1786604725830,2026-08-13T14:05:25.830
10442,588aca26ed1bfc095abf2de16bf97b57,5844,100.0,3,1786604726831,2026-08-13T14:05:26.831
10443,588aca26ed1bfc095abf2de16bf97b57,5845,101.0,3,1786604727830,2026-08-13T14:05:27.830
10444,588aca26ed1bfc095abf2de16bf97b57,5846,102.0,3,1786604728829,2026-08-13T14:05:28.829
10445,588aca26ed1bfc095abf2de16bf97b57,5847,102.0,3,1786604729829,2026-08-13T14:05:29.829
10446,588aca26ed1bfc095abf2de16bf97b57,5848,102.0,3,1786604730829,2026-08-13T14:05:30.829
10447,588aca26ed1bfc095abf2de16bf97b57,5849,102.0,3,1786604731833,2026-08-13T14:05:31.833
10448,588aca26ed1bfc095abf2de16bf97b57,5850,101.0,3,1786604732829,2026-08-13T14:05:32.829
10449,588aca26ed1bfc095abf2de16bf97b57,5851,100.0,3,1786604733829,2026-08-13T14:05:33.829
10450,588aca26ed1bfc095abf2de16bf97b57,5852,100.0,3,1786604734829,2026-08-13T14:05:34.829
10451,588aca26ed1bfc095abf2de16bf97b57,5853,99.0,3,1786604735829,2026-08-13T14:05:35.829
10452,588aca26ed1bfc095abf2de16bf97b57,5854,98.0,3,1786604736829,2026-08-13T14:05:36.829
10453,588aca26ed1bfc095abf2de16bf97b57,5855,97.0,3,1786604737829,2026-08-13T14:05:37.829
10454,588aca26ed1bfc095abf2de16bf97b57,5856,97.0,3,1786604738830,2026-08-13T14:05:38.830
10455,588aca26ed1bfc095abf2de16bf97b57,5857,96.0,3,1786604739829,2026-08-13T14:05:39.829
10456,588aca26ed1bfc095abf2de16bf97b57,5858,96.0,3,1786604740829,2026-08-13T14:05:40.829
10457,588aca26ed1bfc095abf2de16bf97b57,5859,96.0,3,1786604741829,2026-08-13T14:05:41.829
10458,588aca26ed1bfc095abf2de16bf97b57,5860,97.0,3,1786604742829,2026-08-13T14:05:42.829
10459,588aca26ed1bfc095abf2de16bf97b57,5861,97.0,3,1786604743828,2026-08-13T14:05:43.828
10460,588aca26ed1bfc095abf2de16bf97b57,5862,98.0,3,1786604744829,2026-08-13T14:05:44.829
10461,588aca26ed1bfc095abf2de16bf97b57,5863,97.0,3,1786604745840,2026-08-13T14:05:45.840
10462,588aca26ed1bfc095abf2de16bf97b57,5864,98.0,3,1786604746836,2026-08-13T14:05:46.836
10463,588aca26ed1bfc095abf2de16bf97b57,5865,98.0,3,1786604747835,2026-08-13T14:05:47.835
10464,588aca26ed1bfc095abf2de16bf97b57,5866,99.0,3,1786604748836,2026-08-13T14:05:48.836
10465,588aca26ed1bfc095abf2de16bf97b57,5867,100.0,3,1786604749833,2026-08-13T14:05:49.833
10466,588aca26ed1bfc095abf2de16bf97b57,5868,101.0,3,1786604750829,2026-08-13T14:05:50.829
10467,588aca26ed1bfc095abf2de16bf97b57,5869,102.0,3,1786604751829,2026-08-13T14:05:51.829
10468,588aca26ed1bfc095abf2de16bf97b57,5870,102.0,3,1786604752829,2026-08-13T14:05:52.829
10469,588aca26ed1bfc095abf2de16bf97b57,5871,103.0,3,1786604753829,2026-08-13T14:05:53.829
10470,588aca26ed1bfc095abf2de16bf97b57,5872,103.0,3,1786604754829,2026-08-13T14:05:54.829
10471,588aca26ed1bfc095abf2de16bf97b57,5873,103.0,3,1786604755832,2026-08-13T14:05:55.832
10472,588aca26ed1bfc095abf2de16bf97b57,5874,102.0,3,1786604756830,2026-08-13T14:05:56.830
10473,588aca26ed1bfc095abf2de16bf97b57,5875,102.0,3,1786604757829,2026-08-13T14:05:57.829
10474,588aca26ed1bfc095abf2de16bf97b57,5876,102.0,3,1786604758829,2026-08-13T14:05:58.829
10475,588aca26ed1bfc095abf2de16bf97b57,5877,101.0,3,1786604759829,2026-08-13T14:05:59.829
10476,588aca26ed1bfc095abf2de16bf97b57,5878,101.0,3,1786604760829,2026-08-13T14:06:00.829
10477,588aca26ed1bfc095abf2de16bf97b57,5879,100.0,3,1786604761829,2026-08-13T14:06:01.829
10478,588aca26ed1bfc095abf2de16bf97b57,5880,100.0,3,1786604762829,2026-08-13T14:06:02.829
10479,588aca26ed1bfc095abf2de16bf97b57,5881,99.0,3,1786604763829,2026-08-13T14:06:03.829
10480,588aca26ed1bfc095abf2de16bf97b57,5882,99.0,3,1786604764829,2026-08-13T14:06:04.829
10481,588aca26ed1bfc095abf2de16bf97b57,5883,99.0,3,1786604765829,2026-08-13T14:06:05.829
10482,588aca26ed1bfc095abf2de16bf97b57,5884,100.0,3,1786604766829,2026-08-13T14:06:06.829
10483,588aca26ed1bfc095abf2de16bf97b57,5885,100.0,3,1786604767839,2026-08-13T14:06:07.839
10484,588aca26ed1bfc095abf2de16bf97b57,5886,100.0,3,1786604768831,2026-08-13T14:06:08.831
10485,588aca26ed1bfc095abf2de16bf97b57,5887,100.0,3,1786604769836,2026-08-13T14:06:09.836
10486,588aca26ed1bfc095abf2de16bf97b57,5888,100.0,3,1786604770836,2026-08-13T14:06:10.836
10487,588aca26ed1bfc095abf2de16bf97b57,5889,99.0,3,1786604771830,2026-08-13T14:06:11.830
10488,588aca26ed1bfc095abf2de16bf97b57,5890,99.0,3,1786604772833,2026-08-13T14:06:12.833
10489,588aca26ed1bfc095abf2de16bf97b57,5891,99.0,3,1786604773833,2026-08-13T14:06:13.833
10490,588aca26ed1bfc095abf2de16bf97b57,5892,100.0,3,1786604774830,2026-08-13T14:06:14.830
10491,588aca26ed1bfc095abf2de16bf97b57,5893,101.0,3,1786604775830,2026-08-13T14:06:15.830
10492,588aca26ed1bfc095abf2de16bf97b57,5894,102.0,3,1786604776829,2026-08-13T14:06:16.829
10493,588aca26ed1bfc095abf2de16bf97b57,5895,102.0,3,1786604777829,2026-08-13T14:06:17.829
10494,588aca26ed1bfc095abf2de16bf97b57,5896,102.0,3,1786604778830,2026-08-13T14:06:18.830
10495,588aca26ed1bfc095abf2de16bf97b57,5897,102.0,3,1786604779829,2026-08-13T14:06:19.829
10496,588aca26ed1bfc095abf2de16bf97b57,5898,103.0,3,1786604780833,2026-08-13T14:06:20.833
10497,588aca26ed1bfc095abf2de16bf97b57,5899,103.0,3,1786604781829,2026-08-13T14:06:21.829
10498,588aca26ed1bfc095abf2de16bf97b57,5900,102.0,3,1786604782831,2026-08-13T14:06:22.831
10499,588aca26ed1bfc095abf2de16bf97b57,5901,102.0,3,1786604783830,2026-08-13T14:06:23.830
10500,588aca26ed1bfc095abf2de16bf97b57,5902,101.0,3,1786604784831,2026-08-13T14:06:24.831
10501,588aca26ed1bfc095abf2de16bf97b57,5903,100.0,3,1786604785830,2026-08-13T14:06:25.830
10502,588aca26ed1bfc095abf2de16bf97b57,5904,99.0,3,1786604786830,2026-08-13T14:06:26.830
10503,588aca26ed1bfc095abf2de16bf97b57,5905,98.0,3,1786604787829,2026-08-13T14:06:27.829
10504,588aca26ed1bfc095abf2de16bf97b57,5906,97.0,3,1786604788829,2026-08-13T14:06:28.829
10505,588aca26ed1bfc095abf2de16bf97b57,5907,97.0,3,1786604789829,2026-08-13T14:06:29.829
10506,588aca26ed1bfc095abf2de16bf97b57,5908,97.0,3,1786604790829,2026-08-13T14:06:30.829
10507,588aca26ed1bfc095abf2de16bf97b57,5909,96.0,3,1786604791829,2026-08-13T14:06:31.829
10508,588aca26ed1bfc095abf2de16bf97b57,5910,96.0,3,1786604792829,2026-08-13T14:06:32.829
10509,588aca26ed1bfc095abf2de16bf97b57,5911,95.0,3,1786604793829,2026-08-13T14:06:33.829
10510,588aca26ed1bfc095abf2de16bf97b57,5912,95.0,3,1786604794828,2026-08-13T14:06:34.828
10511,588aca26ed1bfc095abf2de16bf97b57,5913,96.0,3,1786604795829,2026-08-13T14:06:35.829
10512,588aca26ed1bfc095abf2de16bf97b57,5914,96.0,3,1786604796829,2026-08-13T14:06:36.829
10513,588aca26ed1bfc095abf2de16bf97b57,5915,96.0,3,1786604797829,2026-08-13T14:06:37.829
10514,588aca26ed1bfc095abf2de16bf97b57,5916,96.0,3,1786604798829,2026-08-13T14:06:38.829
10515,588aca26ed1bfc095abf2de16bf97b57,5917,97.0,3,1786604799829,2026-08-13T14:06:39.829
10516,588aca26ed1bfc095abf2de16bf97b57,5918,97.0,3,1786604800830,2026-08-13T14:06:40.830
10517,588aca26ed1bfc095abf2de16bf97b57,5919,98.0,3,1786604801829,2026-08-13T14:06:41.829
10518,588aca26ed1bfc095abf2de16bf97b57,5920,98.0,3,1786604802829,2026-08-13T14:06:42.829
10519,588aca26ed1bfc095abf2de16bf97b57,5921,97.0,3,1786604803829,2026-08-13T14:06:43.829
10520,588aca26ed1bfc095abf2de16bf97b57,5922,97.0,3,1786604804829,2026-08-13T14:06:44.829
10521,588aca26ed1bfc095abf2de16bf97b57,5923,96.0,3,1786604805829,2026-08-13T14:06:45.829
10522,588aca26ed1bfc095abf2de16bf97b57,5924,95.0,3,1786604806828,2026-08-13T14:06:46.828
10523,588aca26ed1bfc095abf2de16bf97b57,5925,95.0,3,1786604807829,2026-08-13T14:06:47.829
10524,588aca26ed1bfc095abf2de16bf97b57,5926,94.0,3,1786604808829,2026-08-13T14:06:48.829
10525,588aca26ed1bfc095abf2de16bf97b57,5927,94.0,3,1786604809829,2026-08-13T14:06:49.829
10526,588aca26ed1bfc095abf2de16bf97b57,5928,95.0,3,1786604810838,2026-08-13T14:06:50.838
10527,588aca26ed1bfc095abf2de16bf97b57,5929,95.0,3,1786604811837,2026-08-13T14:06:51.837
10528,588aca26ed1bfc095abf2de16bf97b57,5930,95.0,3,1786604812846,2026-08-13T14:06:52.846
10529,588aca26ed1bfc095abf2de16bf97b57,5931,96.0,3,1786604813847,2026-08-13T14:06:53.847
10530,588aca26ed1bfc095abf2de16bf97b57,5932,97.0,3,1786604814846,2026-08-13T14:06:54.846
10531,588aca26ed1bfc095abf2de16bf97b57,5933,98.0,3,1786604815846,2026-08-13T14:06:55.846
10532,588aca26ed1bfc095abf2de16bf97b57,5934,98.0,3,1786604816844,2026-08-13T14:06:56.844
10533,588aca26ed1bfc095abf2de16bf97b57,5935,98.0,3,1786604817838,2026-08-13T14:06:57.838
10534,588aca26ed1bfc095abf2de16bf97b57,5936,99.0,3,1786604818845,2026-08-13T14:06:58.845
10535,588aca26ed1bfc095abf2de16bf97b57,5937,100.0,3,1786604819850,2026-08-13T14:06:59.850
10536,588aca26ed1bfc095abf2de16bf97b57,5938,100.0,3,1786604820834,2026-08-13T14:07:00.834
10537,588aca26ed1bfc095abf2de16bf97b57,5939,101.0,3,1786604821833,2026-08-13T14:07:01.833
10538,588aca26ed1bfc095abf2de16bf97b57,5940,101.0,3,1786604822834,2026-08-13T14:07:02.834
10539,588aca26ed1bfc095abf2de16bf97b57,5941,102.0,3,1786604823833,2026-08-13T14:07:03.833
10540,588aca26ed1bfc095abf2de16bf97b57,5942,102.0,3,1786604824834,2026-08-13T14:07:04.834
10541,588aca26ed1bfc095abf2de16bf97b57,5943,102.0,3,1786604825835,2026-08-13T14:07:05.835
10542,588aca26ed1bfc095abf2de16bf97b57,5944,101.0,3,1786604826831,2026-08-13T14:07:06.831
10543,588aca26ed1bfc095abf2de16bf97b57,5945,101.0,3,1786604827828,2026-08-13T14:07:07.828
10544,588aca26ed1bfc095abf2de16bf97b57,5946,101.0,3,1786604828828,2026-08-13T14:07:08.828
10545,588aca26ed1bfc095abf2de16bf97b57,5947,101.0,3,1786604829835,2026-08-13T14:07:09.835
10546,588aca26ed1bfc095abf2de16bf97b57,5948,100.0,3,1786604830835,2026-08-13T14:07:10.835
10547,588aca26ed1bfc095abf2de16bf97b57,5949,101.0,3,1786604831831,2026-08-13T14:07:11.831
10548,588aca26ed1bfc095abf2de16bf97b57,5950,101.0,3,1786604832833,2026-08-13T14:07:12.833
10549,588aca26ed1bfc095abf2de16bf97b57,5951,101.0,3,1786604833832,2026-08-13T14:07:13.832
10550,588aca26ed1bfc095abf2de16bf97b57,5952,101.0,3,1786604834830,2026-08-13T14:07:14.830
10551,588aca26ed1bfc095abf2de16bf97b57,5953,102.0,3,1786604835830,2026-08-13T14:07:15.830
10552,588aca26ed1bfc095abf2de16bf97b57,5954,102.0,3,1786604836830,2026-08-13T14:07:16.830
10553,588aca26ed1bfc095abf2de16bf97b57,5955,103.0,3,1786604837829,2026-08-13T14:07:17.829
10554,588aca26ed1bfc095abf2de16bf97b57,5956,103.0,3,1786604838829,2026-08-13T14:07:18.829
10555,588aca26ed1bfc095abf2de16bf97b57,5957,103.0,3,1786604839829,2026-08-13T14:07:19.829
10556,588aca26ed1bfc095abf2de16bf97b57,5958,103.0,3,1786604840828,2026-08-13T14:07:20.828
10557,588aca26ed1bfc095abf2de16bf97b57,5959,103.0,3,1786604841829,2026-08-13T14:07:21.829
10558,588aca26ed1bfc095abf2de16bf97b57,5960,103.0,3,1786604842829,2026-08-13T14:07:22.829
10559,588aca26ed1bfc095abf2de16bf97b57,5961,102.0,3,1786604843830,2026-08-13T14:07:23.830
10560,588aca26ed1bfc095abf2de16bf97b57,5962,102.0,3,1786604844829,2026-08-13T14:07:24.829
10561,588aca26ed1bfc095abf2de16bf97b57,5963,102.0,3,1786604845830,2026-08-13T14:07:25.830
10562,588aca26ed1bfc095abf2de16bf97b57,5964,101.0,3,1786604846831,2026-08-13T14:07:26.831
10563,588aca26ed1bfc095abf2de16bf97b57,5965,102.0,3,1786604847830,2026-08-13T14:07:27.830
10564,588aca26ed1bfc095abf2de16bf97b57,5966,103.0,3,1786604848832,2026-08-13T14:07:28.832
10565,588aca26ed1bfc095abf2de16bf97b57,5967,103.0,3,1786604849831,2026-08-13T14:07:29.831
10566,588aca26ed1bfc095abf2de16bf97b57,5968,103.0,3,1786604850831,2026-08-13T14:07:30.831
10567,588aca26ed1bfc095abf2de16bf97b57,5969,103.0,3,1786604851830,2026-08-13T14:07:31.830
10568,588aca26ed1bfc095abf2de16bf97b57,5970,101.0,3,1786604852830,2026-08-13T14:07:32.830
10569,588aca26ed1bfc095abf2de16bf97b57,5971,100.0,3,1786604853831,2026-08-13T14:07:33.831
10570,588aca26ed1bfc095abf2de16bf97b57,5972,99.0,3,1786604854831,2026-08-13T14:07:34.831
10571,588aca26ed1bfc095abf2de16bf97b57,5973,98.0,3,1786604855831,2026-08-13T14:07:35.831
10572,588aca26ed1bfc095abf2de16bf97b57,5974,97.0,3,1786604856830,2026-08-13T14:07:36.830
10573,588aca26ed1bfc095abf2de16bf97b57,5975,97.0,3,1786604857830,2026-08-13T14:07:37.830
10574,588aca26ed1bfc095abf2de16bf97b57,5976,97.0,3,1786604858830,2026-08-13T14:07:38.830
10575,588aca26ed1bfc095abf2de16bf97b57,5977,97.0,3,1786604859829,2026-08-13T14:07:39.829
10576,588aca26ed1bfc095abf2de16bf97b57,5978,97.0,3,1786604860829,2026-08-13T14:07:40.829
10577,588aca26ed1bfc095abf2de16bf97b57,5979,97.0,3,1786604861829,2026-08-13T14:07:41.829
10578,588aca26ed1bfc095abf2de16bf97b57,5980,97.0,3,1786604862829,2026-08-13T14:07:42.829
10579,588aca26ed1bfc095abf2de16bf97b57,5981,97.0,3,1786604863829,2026-08-13T14:07:43.829
10580,588aca26ed1bfc095abf2de16bf97b57,5982,97.0,3,1786604864829,2026-08-13T14:07:44.829
10581,588aca26ed1bfc095abf2de16bf97b57,5983,98.0,3,1786604865829,2026-08-13T14:07:45.829
10582,588aca26ed1bfc095abf2de16bf97b57,5984,98.0,3,1786604866829,2026-08-13T14:07:46.829
10583,588aca26ed1bfc095abf2de16bf97b57,5985,99.0,3,1786604867829,2026-08-13T14:07:47.829
10584,588aca26ed1bfc095abf2de16bf97b57,5986,99.0,3,1786604868838,2026-08-13T14:07:48.838
10585,588aca26ed1bfc095abf2de16bf97b57,5987,100.0,3,1786604869837,2026-08-13T14:07:49.837
10586,588aca26ed1bfc095abf2de16bf97b57,5988,100.0,3,1786604870836,2026-08-13T14:07:50.836
10587,588aca26ed1bfc095abf2de16bf97b57,5989,100.0,3,1786604871831,2026-08-13T14:07:51.831
10588,588aca26ed1bfc095abf2de16bf97b57,5990,99.0,3,1786604872833,2026-08-13T14:07:52.833
10589,588aca26ed1bfc095abf2de16bf97b57,5991,99.0,3,1786604873831,2026-08-13T14:07:53.831
10590,588aca26ed1bfc095abf2de16bf97b57,5992,99.0,3,1786604874829,2026-08-13T14:07:54.829
10591,588aca26ed1bfc095abf2de16bf97b57,5993,99.0,3,1786604875829,2026-08-13T14:07:55.829
10592,588aca26ed1bfc095abf2de16bf97b57,5994,100.0,3,1786604876830,2026-08-13T14:07:56.830
10593,588aca26ed1bfc095abf2de16bf97b57,5995,100.0,3,1786604877829,2026-08-13T14:07:57.829
10594,588aca26ed1bfc095abf2de16bf97b57,5996,100.0,3,1786604878829,2026-08-13T14:07:58.829
10595,588aca26ed1bfc095abf2de16bf97b57,5997,100.0,3,1786604879829,2026-08-13T14:07:59.829
10596,588aca26ed1bfc095abf2de16bf97b57,5998,100.0,3,1786604880830,2026-08-13T14:08:00.830
10597,588aca26ed1bfc095abf2de16bf97b57,5999,99.0,3,1786604881830,2026-08-13T14:08:01.830
10598,588aca26ed1bfc095abf2de16bf97b57,6000,99.0,3,1786604882829,2026-08-13T14:08:02.829
10599,588aca26ed1bfc095abf2de16bf97b57,6001,99.0,3,1786604883829,2026-08-13T14:08:03.829
10600,588aca26ed1bfc095abf2de16bf97b57,6002,100.0,3,1786604884829,2026-08-13T14:08:04.829
10601,588aca26ed1bfc095abf2de16bf97b57,6003,100.0,3,1786604885830,2026-08-13T14:08:05.830
10602,588aca26ed1bfc095abf2de16bf97b57,6004,100.0,3,1786604886828,2026-08-13T14:08:06.828
10603,588aca26ed1bfc095abf2de16bf97b57,6005,99.0,3,1786604887830,2026-08-13T14:08:07.830
10604,588aca26ed1bfc095abf2de16bf97b57,6006,99.0,3,1786604888833,2026-08-13T14:08:08.833
10605,588aca26ed1bfc095abf2de16bf97b57,6007,98.0,3,1786604889832,2026-08-13T14:08:09.832
10606,588aca26ed1bfc095abf2de16bf97b57,6008,98.0,3,1786604890829,2026-08-13T14:08:10.829
10607,588aca26ed1bfc095abf2de16bf97b57,6009,98.0,3,1786604891828,2026-08-13T14:08:11.828
10608,588aca26ed1bfc095abf2de16bf97b57,6010,98.0,3,1786604892829,2026-08-13T14:08:12.829
10609,588aca26ed1bfc095abf2de16bf97b57,6011,99.0,3,1786604893829,2026-08-13T14:08:13.829
10610,588aca26ed1bfc095abf2de16bf97b57,6012,99.0,3,1786604894830,2026-08-13T14:08:14.830
10611,588aca26ed1bfc095abf2de16bf97b57,6013,100.0,3,1786604895829,2026-08-13T14:08:15.829
10612,588aca26ed1bfc095abf2de16bf97b57,6014,100.0,3,1786604896829,2026-08-13T14:08:16.829
10613,588aca26ed1bfc095abf2de16bf97b57,6015,100.0,3,1786604897829,2026-08-13T14:08:17.829
10614,588aca26ed1bfc095abf2de16bf97b57,6016,100.0,3,1786604898829,2026-08-13T14:08:18.829
10615,588aca26ed1bfc095abf2de16bf97b57,6017,101.0,3,1786604899829,2026-08-13T14:08:19.829
10616,588aca26ed1bfc095abf2de16bf97b57,6018,102.0,3,1786604900829,2026-08-13T14:08:20.829
10617,588aca26ed1bfc095abf2de16bf97b57,6019,102.0,3,1786604901840,2026-08-13T14:08:21.840
10618,588aca26ed1bfc095abf2de16bf97b57,6020,104.0,3,1786604902838,2026-08-13T14:08:22.838
10619,588aca26ed1bfc095abf2de16bf97b57,6021,104.0,3,1786604903838,2026-08-13T14:08:23.838
10620,588aca26ed1bfc095abf2de16bf97b57,6022,105.0,3,1786604904837,2026-08-13T14:08:24.837
10621,588aca26ed1bfc095abf2de16bf97b57,6023,105.0,3,1786604905835,2026-08-13T14:08:25.835
10622,588aca26ed1bfc095abf2de16bf97b57,6024,104.0,3,1786604906840,2026-08-13T14:08:26.840
10623,588aca26ed1bfc095abf2de16bf97b57,6025,103.0,3,1786604907836,2026-08-13T14:08:27.836
10624,588aca26ed1bfc095abf2de16bf97b57,6026,102.0,3,1786604908836,2026-08-13T14:08:28.836
10625,588aca26ed1bfc095abf2de16bf97b57,6027,101.0,3,1786604909835,2026-08-13T14:08:29.835
10626,588aca26ed1bfc095abf2de16bf97b57,6028,101.0,3,1786604910835,2026-08-13T14:08:30.835
10627,588aca26ed1bfc095abf2de16bf97b57,6029,102.0,3,1786604911830,2026-08-13T14:08:31.830
10628,588aca26ed1bfc095abf2de16bf97b57,6030,103.0,3,1786604912832,2026-08-13T14:08:32.832
10629,588aca26ed1bfc095abf2de16bf97b57,6031,103.0,3,1786604913834,2026-08-13T14:08:33.834
10630,588aca26ed1bfc095abf2de16bf97b57,6032,102.0,3,1786604914833,2026-08-13T14:08:34.833
10631,588aca26ed1bfc095abf2de16bf97b57,6033,101.0,3,1786604915828,2026-08-13T14:08:35.828
10632,588aca26ed1bfc095abf2de16bf97b57,6034,99.0,3,1786604916838,2026-08-13T14:08:36.838
10633,588aca26ed1bfc095abf2de16bf97b57,6035,97.0,3,1786604917829,2026-08-13T14:08:37.829
10634,588aca26ed1bfc095abf2de16bf97b57,6036,97.0,3,1786604918829,2026-08-13T14:08:38.829
10635,588aca26ed1bfc095abf2de16bf97b57,6037,96.0,3,1786604919829,2026-08-13T14:08:39.829
10636,588aca26ed1bfc095abf2de16bf97b57,6038,94.0,3,1786604920828,2026-08-13T14:08:40.828
10637,588aca26ed1bfc095abf2de16bf97b57,6039,93.0,3,1786604921829,2026-08-13T14:08:41.829
10638,588aca26ed1bfc095abf2de16bf97b57,6040,92.0,3,1786604922829,2026-08-13T14:08:42.829
10639,588aca26ed1bfc095abf2de16bf97b57,6041,93.0,3,1786604923829,2026-08-13T14:08:43.829
10640,588aca26ed1bfc095abf2de16bf97b57,6042,93.0,3,1786604924832,2026-08-13T14:08:44.832
10641,588aca26ed1bfc095abf2de16bf97b57,6043,94.0,3,1786604925831,2026-08-13T14:08:45.831
10642,588aca26ed1bfc095abf2de16bf97b57,6044,95.0,3,1786604926830,2026-08-13T14:08:46.830
10643,588aca26ed1bfc095abf2de16bf97b57,6045,97.0,3,1786604927829,2026-08-13T14:08:47.829
10644,588aca26ed1bfc095abf2de16bf97b57,6046,98.0,3,1786604928829,2026-08-13T14:08:48.829
10645,588aca26ed1bfc095abf2de16bf97b57,6047,98.0,3,1786604929829,2026-08-13T14:08:49.829
10646,588aca26ed1bfc095abf2de16bf97b57,6048,98.0,3,1786604930830,2026-08-13T14:08:50.830
10647,588aca26ed1bfc095abf2de16bf97b57,6049,98.0,3,1786604931829,2026-08-13T14:08:51.829
10648,588aca26ed1bfc095abf2de16bf97b57,6050,99.0,3,1786604932829,2026-08-13T14:08:52.829
10649,588aca26ed1bfc095abf2de16bf97b57,6051,99.0,3,1786604933829,2026-08-13T14:08:53.829
10650,588aca26ed1bfc095abf2de16bf97b57,6052,99.0,3,1786604934830,2026-08-13T14:08:54.830
10651,588aca26ed1bfc095abf2de16bf97b57,6053,99.0,3,1786604935829,2026-08-13T14:08:55.829
10652,588aca26ed1bfc095abf2de16bf97b57,6054,99.0,3,1786604936829,2026-08-13T14:08:56.829
10653,588aca26ed1bfc095abf2de16bf97b57,6055,99.0,3,1786604937829,2026-08-13T14:08:57.829
10654,588aca26ed1bfc095abf2de16bf97b57,6056,98.0,3,1786604938829,2026-08-13T14:08:58.829
10655,588aca26ed1bfc095abf2de16bf97b57,6057,96.0,3,1786604939829,2026-08-13T14:08:59.829
10656,588aca26ed1bfc095abf2de16bf97b57,6058,94.0,3,1786604940829,2026-08-13T14:09:00.829
10657,588aca26ed1bfc095abf2de16bf97b57,6059,96.0,3,1786604941830,2026-08-13T14:09:01.830
10658,588aca26ed1bfc095abf2de16bf97b57,6060,96.0,3,1786604942838,2026-08-13T14:09:02.838
10659,588aca26ed1bfc095abf2de16bf97b57,6061,95.0,3,1786604943836,2026-08-13T14:09:03.836
10660,588aca26ed1bfc095abf2de16bf97b57,6062,94.0,3,1786604944840,2026-08-13T14:09:04.840
10661,588aca26ed1bfc095abf2de16bf97b57,6063,93.0,3,1786604945845,2026-08-13T14:09:05.845
10662,588aca26ed1bfc095abf2de16bf97b57,6064,93.0,3,1786604946831,2026-08-13T14:09:06.831
10663,588aca26ed1bfc095abf2de16bf97b57,6065,92.0,3,1786604947835,2026-08-13T14:09:07.835
10664,588aca26ed1bfc095abf2de16bf97b57,6066,92.0,3,1786604948831,2026-08-13T14:09:08.831
10665,588aca26ed1bfc095abf2de16bf97b57,6067,91.0,3,1786604949833,2026-08-13T14:09:09.833
10666,588aca26ed1bfc095abf2de16bf97b57,6068,91.0,3,1786604950834,2026-08-13T14:09:10.834
10667,588aca26ed1bfc095abf2de16bf97b57,6069,92.0,3,1786604951833,2026-08-13T14:09:11.833
10668,588aca26ed1bfc095abf2de16bf97b57,6070,93.0,3,1786604952831,2026-08-13T14:09:12.831
10669,588aca26ed1bfc095abf2de16bf97b57,6071,93.0,3,1786604953833,2026-08-13T14:09:13.833
10670,588aca26ed1bfc095abf2de16bf97b57,6072,94.0,3,1786604954831,2026-08-13T14:09:14.831
10671,588aca26ed1bfc095abf2de16bf97b57,6073,94.0,3,1786604955829,2026-08-13T14:09:15.829
10672,588aca26ed1bfc095abf2de16bf97b57,6074,94.0,3,1786604956831,2026-08-13T14:09:16.831
10673,588aca26ed1bfc095abf2de16bf97b57,6075,93.0,3,1786604957831,2026-08-13T14:09:17.831
10674,588aca26ed1bfc095abf2de16bf97b57,6076,94.0,3,1786604958829,2026-08-13T14:09:18.829
10675,588aca26ed1bfc095abf2de16bf97b57,6077,94.0,3,1786604959831,2026-08-13T14:09:19.831
10676,588aca26ed1bfc095abf2de16bf97b57,6078,94.0,3,1786604960832,2026-08-13T14:09:20.832
10677,588aca26ed1bfc095abf2de16bf97b57,6079,93.0,3,1786604961831,2026-08-13T14:09:21.831
10678,588aca26ed1bfc095abf2de16bf97b57,6080,92.0,3,1786604962831,2026-08-13T14:09:22.831
10679,588aca26ed1bfc095abf2de16bf97b57,6081,93.0,3,1786604963829,2026-08-13T14:09:23.829
10680,588aca26ed1bfc095abf2de16bf97b57,6082,93.0,3,1786604964830,2026-08-13T14:09:24.830
10681,588aca26ed1bfc095abf2de16bf97b57,6083,94.0,3,1786604965830,2026-08-13T14:09:25.830
10682,588aca26ed1bfc095abf2de16bf97b57,6084,95.0,3,1786604966830,2026-08-13T14:09:26.830
10683,588aca26ed1bfc095abf2de16bf97b57,6085,96.0,3,1786604967830,2026-08-13T14:09:27.830
10684,588aca26ed1bfc095abf2de16bf97b57,6086,96.0,3,1786604968840,2026-08-13T14:09:28.840
10685,588aca26ed1bfc095abf2de16bf97b57,6087,96.0,3,1786604969829,2026-08-13T14:09:29.829
10686,588aca26ed1bfc095abf2de16bf97b57,6088,96.0,3,1786604970829,2026-08-13T14:09:30.829
10687,588aca26ed1bfc095abf2de16bf97b57,6089,96.0,3,1786604971829,2026-08-13T14:09:31.829
10688,588aca26ed1bfc095abf2de16bf97b57,6090,96.0,3,1786604972829,2026-08-13T14:09:32.829
10689,588aca26ed1bfc095abf2de16bf97b57,6091,96.0,3,1786604973829,2026-08-13T14:09:33.829
10690,588aca26ed1bfc095abf2de16bf97b57,6092,96.0,3,1786604974828,2026-08-13T14:09:34.828
10691,588aca26ed1bfc095abf2de16bf97b57,6093,96.0,3,1786604975829,2026-08-13T14:09:35.829
10692,588aca26ed1bfc095abf2de16bf97b57,6094,96.0,3,1786604976829,2026-08-13T14:09:36.829
10693,588aca26ed1bfc095abf2de16bf97b57,6095,96.0,3,1786604977829,2026-08-13T14:09:37.829
10694,588aca26ed1bfc095abf2de16bf97b57,6096,96.0,3,1786604978829,2026-08-13T14:09:38.829
10695,588aca26ed1bfc095abf2de16bf97b57,6097,96.0,3,1786604979830,2026-08-13T14:09:39.830
10696,588aca26ed1bfc095abf2de16bf97b57,6098,96.0,3,1786604980832,2026-08-13T14:09:40.832
10697,588aca26ed1bfc095abf2de16bf97b57,6099,97.0,3,1786604981830,2026-08-13T14:09:41.830
10698,588aca26ed1bfc095abf2de16bf97b57,6100,97.0,3,1786604982830,2026-08-13T14:09:42.830
10699,588aca26ed1bfc095abf2de16bf97b57,6101,97.0,3,1786604983830,2026-08-13T14:09:43.830
10700,588aca26ed1bfc095abf2de16bf97b57,6102,97.0,3,1786604984830,2026-08-13T14:09:44.830
10701,588aca26ed1bfc095abf2de16bf97b57,6103,96.0,3,1786604985832,2026-08-13T14:09:45.832
10702,588aca26ed1bfc095abf2de16bf97b57,6104,96.0,3,1786604986831,2026-08-13T14:09:46.831
10703,588aca26ed1bfc095abf2de16bf97b57,6105,96.0,3,1786604987830,2026-08-13T14:09:47.830
10704,588aca26ed1bfc095abf2de16bf97b57,6106,95.0,3,1786604988830,2026-08-13T14:09:48.830
10705,588aca26ed1bfc095abf2de16bf97b57,6107,96.0,3,1786604989829,2026-08-13T14:09:49.829
10706,588aca26ed1bfc095abf2de16bf97b57,6108,97.0,3,1786604990829,2026-08-13T14:09:50.829
10707,588aca26ed1bfc095abf2de16bf97b57,6109,97.0,3,1786604991829,2026-08-13T14:09:51.829
10708,588aca26ed1bfc095abf2de16bf97b57,6110,97.0,3,1786604992829,2026-08-13T14:09:52.829
10709,588aca26ed1bfc095abf2de16bf97b57,6111,97.0,3,1786604993829,2026-08-13T14:09:53.829
10710,588aca26ed1bfc095abf2de16bf97b57,6112,97.0,3,1786604994829,2026-08-13T14:09:54.829
10711,588aca26ed1bfc095abf2de16bf97b57,6113,96.0,3,1786604995829,2026-08-13T14:09:55.829
10712,588aca26ed1bfc095abf2de16bf97b57,6114,97.0,3,1786604996829,2026-08-13T14:09:56.829
10713,588aca26ed1bfc095abf2de16bf97b57,6115,97.0,3,1786604997829,2026-08-13T14:09:57.829
10714,588aca26ed1bfc095abf2de16bf97b57,6116,98.0,3,1786604998830,2026-08-13T14:09:58.830
10715,588aca26ed1bfc095abf2de16bf97b57,6117,98.0,3,1786604999830,2026-08-13T14:09:59.830
10716,588aca26ed1bfc095abf2de16bf97b57,6118,98.0,3,1786605000830,2026-08-13T14:10:00.830
10717,588aca26ed1bfc095abf2de16bf97b57,6119,99.0,3,1786605001829,2026-08-13T14:10:01.829
10718,588aca26ed1bfc095abf2de16bf97b57,6120,99.0,3,1786605002829,2026-08-13T14:10:02.829
10719,588aca26ed1bfc095abf2de16bf97b57,6121,98.0,3,1786605003829,2026-08-13T14:10:03.829
10720,588aca26ed1bfc095abf2de16bf97b57,6122,98.0,3,1786605004829,2026-08-13T14:10:04.829
10721,588aca26ed1bfc095abf2de16bf97b57,6123,98.0,3,1786605005828,2026-08-13T14:10:05.828
10722,588aca26ed1bfc095abf2de16bf97b57,6124,97.0,3,1786605006829,2026-08-13T14:10:06.829
10723,588aca26ed1bfc095abf2de16bf97b57,6125,96.0,3,1786605007829,2026-08-13T14:10:07.829
10724,588aca26ed1bfc095abf2de16bf97b57,6126,97.0,3,1786605008829,2026-08-13T14:10:08.829
10725,588aca26ed1bfc095abf2de16bf97b57,6127,97.0,3,1786605009830,2026-08-13T14:10:09.830
10726,588aca26ed1bfc095abf2de16bf97b57,6128,98.0,3,1786605010830,2026-08-13T14:10:10.830
10727,588aca26ed1bfc095abf2de16bf97b57,6129,98.0,3,1786605011838,2026-08-13T14:10:11.838
10728,588aca26ed1bfc095abf2de16bf97b57,6130,97.0,3,1786605012837,2026-08-13T14:10:12.837
10729,588aca26ed1bfc095abf2de16bf97b57,6131,97.0,3,1786605013836,2026-08-13T14:10:13.836
10730,588aca26ed1bfc095abf2de16bf97b57,6132,97.0,3,1786605014835,2026-08-13T14:10:14.835
10731,588aca26ed1bfc095abf2de16bf97b57,6133,96.0,3,1786605015836,2026-08-13T14:10:15.836
10732,588aca26ed1bfc095abf2de16bf97b57,6134,97.0,3,1786605016832,2026-08-13T14:10:16.832
10733,588aca26ed1bfc095abf2de16bf97b57,6135,97.0,3,1786605017833,2026-08-13T14:10:17.833
10734,588aca26ed1bfc095abf2de16bf97b57,6136,98.0,3,1786605018832,2026-08-13T14:10:18.832
10735,588aca26ed1bfc095abf2de16bf97b57,6137,98.0,3,1786605019833,2026-08-13T14:10:19.833
10736,588aca26ed1bfc095abf2de16bf97b57,6138,99.0,3,1786605020832,2026-08-13T14:10:20.832
10737,588aca26ed1bfc095abf2de16bf97b57,6139,100.0,3,1786605021833,2026-08-13T14:10:21.833
10738,588aca26ed1bfc095abf2de16bf97b57,6140,100.0,3,1786605022830,2026-08-13T14:10:22.830
10739,588aca26ed1bfc095abf2de16bf97b57,6141,101.0,3,1786605023832,2026-08-13T14:10:23.832
10740,588aca26ed1bfc095abf2de16bf97b57,6142,101.0,3,1786605024831,2026-08-13T14:10:24.831
10741,588aca26ed1bfc095abf2de16bf97b57,6143,102.0,3,1786605025829,2026-08-13T14:10:25.829
10742,588aca26ed1bfc095abf2de16bf97b57,6144,103.0,3,1786605026829,2026-08-13T14:10:26.829
10743,588aca26ed1bfc095abf2de16bf97b57,6145,104.0,3,1786605027831,2026-08-13T14:10:27.831
10744,588aca26ed1bfc095abf2de16bf97b57,6146,105.0,3,1786605028830,2026-08-13T14:10:28.830
10745,588aca26ed1bfc095abf2de16bf97b57,6147,106.0,3,1786605029829,2026-08-13T14:10:29.829
10746,588aca26ed1bfc095abf2de16bf97b57,6148,105.0,3,1786605030829,2026-08-13T14:10:30.829
10747,588aca26ed1bfc095abf2de16bf97b57,6149,104.0,3,1786605031829,2026-08-13T14:10:31.829
10748,588aca26ed1bfc095abf2de16bf97b57,6150,103.0,3,1786605032829,2026-08-13T14:10:32.829
10749,588aca26ed1bfc095abf2de16bf97b57,6151,102.0,3,1786605033829,2026-08-13T14:10:33.829
10750,588aca26ed1bfc095abf2de16bf97b57,6152,101.0,3,1786605034829,2026-08-13T14:10:34.829
10751,588aca26ed1bfc095abf2de16bf97b57,6153,99.0,3,1786605035830,2026-08-13T14:10:35.830
10752,588aca26ed1bfc095abf2de16bf97b57,6154,99.0,3,1786605036836,2026-08-13T14:10:36.836
10753,588aca26ed1bfc095abf2de16bf97b57,6155,99.0,3,1786605037828,2026-08-13T14:10:37.828
10754,588aca26ed1bfc095abf2de16bf97b57,6156,99.0,3,1786605038828,2026-08-13T14:10:38.828
10755,588aca26ed1bfc095abf2de16bf97b57,6157,99.0,3,1786605039829,2026-08-13T14:10:39.829
10756,588aca26ed1bfc095abf2de16bf97b57,6158,98.0,3,1786605040831,2026-08-13T14:10:40.831
10757,588aca26ed1bfc095abf2de16bf97b57,6159,97.0,3,1786605041832,2026-08-13T14:10:41.832
10758,588aca26ed1bfc095abf2de16bf97b57,6160,97.0,3,1786605042828,2026-08-13T14:10:42.828
10759,588aca26ed1bfc095abf2de16bf97b57,6161,96.0,3,1786605043829,2026-08-13T14:10:43.829
10760,588aca26ed1bfc095abf2de16bf97b57,6162,96.0,3,1786605044829,2026-08-13T14:10:44.829
10761,588aca26ed1bfc095abf2de16bf97b57,6163,96.0,3,1786605045830,2026-08-13T14:10:45.830
10762,588aca26ed1bfc095abf2de16bf97b57,6164,96.0,3,1786605046829,2026-08-13T14:10:46.829
10763,588aca26ed1bfc095abf2de16bf97b57,6165,97.0,3,1786605047829,2026-08-13T14:10:47.829
10764,588aca26ed1bfc095abf2de16bf97b57,6166,98.0,3,1786605048829,2026-08-13T14:10:48.829
10765,588aca26ed1bfc095abf2de16bf97b57,6167,99.0,3,1786605049829,2026-08-13T14:10:49.829
10766,588aca26ed1bfc095abf2de16bf97b57,6168,99.0,3,1786605050829,2026-08-13T14:10:50.829
10767,588aca26ed1bfc095abf2de16bf97b57,6169,99.0,3,1786605051829,2026-08-13T14:10:51.829
10768,588aca26ed1bfc095abf2de16bf97b57,6170,99.0,3,1786605052830,2026-08-13T14:10:52.830
10769,588aca26ed1bfc095abf2de16bf97b57,6171,99.0,3,1786605053829,2026-08-13T14:10:53.829
10770,588aca26ed1bfc095abf2de16bf97b57,6172,99.0,3,1786605054830,2026-08-13T14:10:54.830
10771,588aca26ed1bfc095abf2de16bf97b57,6173,99.0,3,1786605055829,2026-08-13T14:10:55.829
10772,588aca26ed1bfc095abf2de16bf97b57,6174,98.0,3,1786605056829,2026-08-13T14:10:56.829
10773,588aca26ed1bfc095abf2de16bf97b57,6175,98.0,3,1786605057829,2026-08-13T14:10:57.829
10774,588aca26ed1bfc095abf2de16bf97b57,6176,98.0,3,1786605058829,2026-08-13T14:10:58.829
10775,588aca26ed1bfc095abf2de16bf97b57,6177,98.0,3,1786605059829,2026-08-13T14:10:59.829
10776,588aca26ed1bfc095abf2de16bf97b57,6178,98.0,3,1786605060829,2026-08-13T14:11:00.829
10777,588aca26ed1bfc095abf2de16bf97b57,6179,99.0,3,1786605061829,2026-08-13T14:11:01.829
10778,588aca26ed1bfc095abf2de16bf97b57,6180,100.0,3,1786605062830,2026-08-13T14:11:02.830
10779,588aca26ed1bfc095abf2de16bf97b57,6181,100.0,3,1786605063836,2026-08-13T14:11:03.836
10780,588aca26ed1bfc095abf2de16bf97b57,6182,99.0,3,1786605064839,2026-08-13T14:11:04.839
10781,588aca26ed1bfc095abf2de16bf97b57,6183,99.0,3,1786605065837,2026-08-13T14:11:05.837
10782,588aca26ed1bfc095abf2de16bf97b57,6184,98.0,3,1786605066838,2026-08-13T14:11:06.838
10783,588aca26ed1bfc095abf2de16bf97b57,6185,97.0,3,1786605067836,2026-08-13T14:11:07.836
10784,588aca26ed1bfc095abf2de16bf97b57,6186,96.0,3,1786605068843,2026-08-13T14:11:08.843
10785,588aca26ed1bfc095abf2de16bf97b57,6187,96.0,3,1786605069834,2026-08-13T14:11:09.834
10786,588aca26ed1bfc095abf2de16bf97b57,6188,96.0,3,1786605070831,2026-08-13T14:11:10.831
10787,588aca26ed1bfc095abf2de16bf97b57,6189,96.0,3,1786605071828,2026-08-13T14:11:11.828
10788,588aca26ed1bfc095abf2de16bf97b57,6190,97.0,3,1786605072833,2026-08-13T14:11:12.833
10789,588aca26ed1bfc095abf2de16bf97b57,6191,97.0,3,1786605073832,2026-08-13T14:11:13.832
10790,588aca26ed1bfc095abf2de16bf97b57,6192,97.0,3,1786605074830,2026-08-13T14:11:14.830
10791,588aca26ed1bfc095abf2de16bf97b57,6193,96.0,3,1786605075830,2026-08-13T14:11:15.830
10792,588aca26ed1bfc095abf2de16bf97b57,6194,96.0,3,1786605076830,2026-08-13T14:11:16.830
10793,588aca26ed1bfc095abf2de16bf97b57,6195,96.0,3,1786605077829,2026-08-13T14:11:17.829
10794,588aca26ed1bfc095abf2de16bf97b57,6196,97.0,3,1786605078829,2026-08-13T14:11:18.829
10795,588aca26ed1bfc095abf2de16bf97b57,6197,97.0,3,1786605079829,2026-08-13T14:11:19.829
10796,588aca26ed1bfc095abf2de16bf97b57,6198,97.0,3,1786605080831,2026-08-13T14:11:20.831
10797,588aca26ed1bfc095abf2de16bf97b57,6199,98.0,3,1786605081829,2026-08-13T14:11:21.829
10798,588aca26ed1bfc095abf2de16bf97b57,6200,98.0,3,1786605082830,2026-08-13T14:11:22.830
10799,588aca26ed1bfc095abf2de16bf97b57,6201,98.0,3,1786605083829,2026-08-13T14:11:23.829
10800,588aca26ed1bfc095abf2de16bf97b57,6202,99.0,3,1786605084830,2026-08-13T14:11:24.830
10801,588aca26ed1bfc095abf2de16bf97b57,6203,99.0,3,1786605085830,2026-08-13T14:11:25.830
10802,588aca26ed1bfc095abf2de16bf97b57,6204,99.0,3,1786605086831,2026-08-13T14:11:26.831
10803,588aca26ed1bfc095abf2de16bf97b57,6205,98.0,3,1786605087829,2026-08-13T14:11:27.829
10804,588aca26ed1bfc095abf2de16bf97b57,6206,98.0,3,1786605088829,2026-08-13T14:11:28.829
10805,588aca26ed1bfc095abf2de16bf97b57,6207,97.0,3,1786605089829,2026-08-13T14:11:29.829
10806,588aca26ed1bfc095abf2de16bf97b57,6208,97.0,3,1786605090829,2026-08-13T14:11:30.829
10807,588aca26ed1bfc095abf2de16bf97b57,6209,96.0,3,1786605091829,2026-08-13T14:11:31.829
10808,588aca26ed1bfc095abf2de16bf97b57,6210,96.0,3,1786605092828,2026-08-13T14:11:32.828
10809,588aca26ed1bfc095abf2de16bf97b57,6211,96.0,3,1786605093829,2026-08-13T14:11:33.829
10810,588aca26ed1bfc095abf2de16bf97b57,6212,95.0,3,1786605094829,2026-08-13T14:11:34.829
10811,588aca26ed1bfc095abf2de16bf97b57,6213,95.0,3,1786605095829,2026-08-13T14:11:35.829
10812,588aca26ed1bfc095abf2de16bf97b57,6214,95.0,3,1786605096829,2026-08-13T14:11:36.829
10813,588aca26ed1bfc095abf2de16bf97b57,6215,94.0,3,1786605097829,2026-08-13T14:11:37.829
10814,588aca26ed1bfc095abf2de16bf97b57,6216,94.0,3,1786605098829,2026-08-13T14:11:38.829
10815,588aca26ed1bfc095abf2de16bf97b57,6217,94.0,3,1786605099829,2026-08-13T14:11:39.829
10816,588aca26ed1bfc095abf2de16bf97b57,6218,94.0,3,1786605100829,2026-08-13T14:11:40.829
10817,588aca26ed1bfc095abf2de16bf97b57,6219,93.0,3,1786605101830,2026-08-13T14:11:41.830
10818,588aca26ed1bfc095abf2de16bf97b57,6220,93.0,3,1786605102840,2026-08-13T14:11:42.840
10819,588aca26ed1bfc095abf2de16bf97b57,6221,93.0,3,1786605103839,2026-08-13T14:11:43.839
10820,588aca26ed1bfc095abf2de16bf97b57,6222,93.0,3,1786605104838,2026-08-13T14:11:44.838
10821,588aca26ed1bfc095abf2de16bf97b57,6223,92.0,3,1786605105837,2026-08-13T14:11:45.837
10822,588aca26ed1bfc095abf2de16bf97b57,6224,92.0,3,1786605106836,2026-08-13T14:11:46.836
10823,588aca26ed1bfc095abf2de16bf97b57,6225,91.0,3,1786605107844,2026-08-13T14:11:47.844
10824,588aca26ed1bfc095abf2de16bf97b57,6226,90.0,3,1786605108833,2026-08-13T14:11:48.833
10825,588aca26ed1bfc095abf2de16bf97b57,6227,89.0,3,1786605109832,2026-08-13T14:11:49.832
10826,588aca26ed1bfc095abf2de16bf97b57,6228,89.0,3,1786605110832,2026-08-13T14:11:50.832
10827,588aca26ed1bfc095abf2de16bf97b57,6229,90.0,3,1786605111829,2026-08-13T14:11:51.829
10828,588aca26ed1bfc095abf2de16bf97b57,6230,90.0,3,1786605112829,2026-08-13T14:11:52.829
10829,588aca26ed1bfc095abf2de16bf97b57,6231,91.0,3,1786605113829,2026-08-13T14:11:53.829
10830,588aca26ed1bfc095abf2de16bf97b57,6232,92.0,3,1786605114829,2026-08-13T14:11:54.829
10831,588aca26ed1bfc095abf2de16bf97b57,6233,92.0,3,1786605115829,2026-08-13T14:11:55.829
10832,588aca26ed1bfc095abf2de16bf97b57,6234,93.0,3,1786605116829,2026-08-13T14:11:56.829
10833,588aca26ed1bfc095abf2de16bf97b57,6235,94.0,3,1786605117830,2026-08-13T14:11:57.830
10834,588aca26ed1bfc095abf2de16bf97b57,6236,94.0,3,1786605118831,2026-08-13T14:11:58.831
10835,588aca26ed1bfc095abf2de16bf97b57,6237,95.0,3,1786605119829,2026-08-13T14:11:59.829
10836,588aca26ed1bfc095abf2de16bf97b57,6238,95.0,3,1786605120841,2026-08-13T14:12:00.841
10837,588aca26ed1bfc095abf2de16bf97b57,6239,95.0,3,1786605121829,2026-08-13T14:12:01.829
10838,588aca26ed1bfc095abf2de16bf97b57,6240,95.0,3,1786605122828,2026-08-13T14:12:02.828
10839,588aca26ed1bfc095abf2de16bf97b57,6241,95.0,3,1786605123829,2026-08-13T14:12:03.829
10840,588aca26ed1bfc095abf2de16bf97b57,6242,95.0,3,1786605124829,2026-08-13T14:12:04.829
10841,588aca26ed1bfc095abf2de16bf97b57,6243,94.0,3,1786605125829,2026-08-13T14:12:05.829
10842,588aca26ed1bfc095abf2de16bf97b57,6244,95.0,3,1786605126829,2026-08-13T14:12:06.829
10843,588aca26ed1bfc095abf2de16bf97b57,6245,95.0,3,1786605127829,2026-08-13T14:12:07.829
10844,588aca26ed1bfc095abf2de16bf97b57,6246,96.0,3,1786605128830,2026-08-13T14:12:08.830
10845,588aca26ed1bfc095abf2de16bf97b57,6247,96.0,3,1786605129838,2026-08-13T14:12:09.838
10846,588aca26ed1bfc095abf2de16bf97b57,6248,96.0,3,1786605130836,2026-08-13T14:12:10.836
10847,588aca26ed1bfc095abf2de16bf97b57,6249,96.0,3,1786605131835,2026-08-13T14:12:11.835
10848,588aca26ed1bfc095abf2de16bf97b57,6250,96.0,3,1786605132838,2026-08-13T14:12:12.838
10849,588aca26ed1bfc095abf2de16bf97b57,6251,96.0,3,1786605133834,2026-08-13T14:12:13.834
10850,588aca26ed1bfc095abf2de16bf97b57,6252,96.0,3,1786605134833,2026-08-13T14:12:14.833
10851,588aca26ed1bfc095abf2de16bf97b57,6253,96.0,3,1786605135831,2026-08-13T14:12:15.831
10852,588aca26ed1bfc095abf2de16bf97b57,6254,96.0,3,1786605136830,2026-08-13T14:12:16.830
10853,588aca26ed1bfc095abf2de16bf97b57,6255,96.0,3,1786605137831,2026-08-13T14:12:17.831
10854,588aca26ed1bfc095abf2de16bf97b57,6256,97.0,3,1786605138829,2026-08-13T14:12:18.829
10855,588aca26ed1bfc095abf2de16bf97b57,6257,97.0,3,1786605139829,2026-08-13T14:12:19.829
10856,588aca26ed1bfc095abf2de16bf97b57,6258,97.0,3,1786605140829,2026-08-13T14:12:20.829
10857,588aca26ed1bfc095abf2de16bf97b57,6259,97.0,3,1786605141829,2026-08-13T14:12:21.829
10858,588aca26ed1bfc095abf2de16bf97b57,6260,97.0,3,1786605142829,2026-08-13T14:12:22.829
10859,588aca26ed1bfc095abf2de16bf97b57,6261,97.0,3,1786605143832,2026-08-13T14:12:23.832
10860,588aca26ed1bfc095abf2de16bf97b57,6262,96.0,3,1786605144845,2026-08-13T14:12:24.845
10861,588aca26ed1bfc095abf2de16bf97b57,6263,96.0,3,1786605145830,2026-08-13T14:12:25.830
10862,588aca26ed1bfc095abf2de16bf97b57,6264,97.0,3,1786605146829,2026-08-13T14:12:26.829
10863,588aca26ed1bfc095abf2de16bf97b57,6265,97.0,3,1786605147829,2026-08-13T14:12:27.829
10864,588aca26ed1bfc095abf2de16bf97b57,6266,98.0,3,1786605148828,2026-08-13T14:12:28.828
10865,588aca26ed1bfc095abf2de16bf97b57,6267,99.0,3,1786605149829,2026-08-13T14:12:29.829
10866,588aca26ed1bfc095abf2de16bf97b57,6268,99.0,3,1786605150829,2026-08-13T14:12:30.829
10867,588aca26ed1bfc095abf2de16bf97b57,6269,98.0,3,1786605151830,2026-08-13T14:12:31.830
10868,588aca26ed1bfc095abf2de16bf97b57,6270,98.0,3,1786605152839,2026-08-13T14:12:32.839
10869,588aca26ed1bfc095abf2de16bf97b57,6271,97.0,3,1786605153837,2026-08-13T14:12:33.837
10870,588aca26ed1bfc095abf2de16bf97b57,6272,97.0,3,1786605154836,2026-08-13T14:12:34.836
10871,588aca26ed1bfc095abf2de16bf97b57,6273,96.0,3,1786605155844,2026-08-13T14:12:35.844
10872,588aca26ed1bfc095abf2de16bf97b57,6274,96.0,3,1786605156836,2026-08-13T14:12:36.836
10873,588aca26ed1bfc095abf2de16bf97b57,6275,95.0,3,1786605157832,2026-08-13T14:12:37.832
10874,588aca26ed1bfc095abf2de16bf97b57,6276,94.0,3,1786605158833,2026-08-13T14:12:38.833
10875,588aca26ed1bfc095abf2de16bf97b57,6277,94.0,3,1786605159833,2026-08-13T14:12:39.833
10876,588aca26ed1bfc095abf2de16bf97b57,6278,94.0,3,1786605160830,2026-08-13T14:12:40.830
10877,588aca26ed1bfc095abf2de16bf97b57,6279,94.0,3,1786605161830,2026-08-13T14:12:41.830
10878,588aca26ed1bfc095abf2de16bf97b57,6280,95.0,3,1786605162829,2026-08-13T14:12:42.829
10879,588aca26ed1bfc095abf2de16bf97b57,6281,97.0,3,1786605163829,2026-08-13T14:12:43.829
10880,588aca26ed1bfc095abf2de16bf97b57,6282,97.0,3,1786605164829,2026-08-13T14:12:44.829
10881,588aca26ed1bfc095abf2de16bf97b57,6283,98.0,3,1786605165829,2026-08-13T14:12:45.829
10882,588aca26ed1bfc095abf2de16bf97b57,6284,97.0,3,1786605166829,2026-08-13T14:12:46.829
10883,588aca26ed1bfc095abf2de16bf97b57,6285,97.0,3,1786605167830,2026-08-13T14:12:47.830
10884,588aca26ed1bfc095abf2de16bf97b57,6286,96.0,3,1786605168829,2026-08-13T14:12:48.829
10885,588aca26ed1bfc095abf2de16bf97b57,6287,96.0,3,1786605169830,2026-08-13T14:12:49.830
10886,588aca26ed1bfc095abf2de16bf97b57,6288,97.0,3,1786605170830,2026-08-13T14:12:50.830
10887,588aca26ed1bfc095abf2de16bf97b57,6289,97.0,3,1786605171829,2026-08-13T14:12:51.829
10888,588aca26ed1bfc095abf2de16bf97b57,6290,97.0,3,1786605172829,2026-08-13T14:12:52.829
10889,588aca26ed1bfc095abf2de16bf97b57,6291,97.0,3,1786605173829,2026-08-13T14:12:53.829
10890,588aca26ed1bfc095abf2de16bf97b57,6292,97.0,3,1786605174829,2026-08-13T14:12:54.829
10891,588aca26ed1bfc095abf2de16bf97b57,6293,97.0,3,1786605175829,2026-08-13T14:12:55.829
10892,588aca26ed1bfc095abf2de16bf97b57,6294,96.0,3,1786605176829,2026-08-13T14:12:56.829
10893,588aca26ed1bfc095abf2de16bf97b57,6295,96.0,3,1786605177829,2026-08-13T14:12:57.829
10894,588aca26ed1bfc095abf2de16bf97b57,6296,95.0,3,1786605178829,2026-08-13T14:12:58.829
10895,588aca26ed1bfc095abf2de16bf97b57,6297,95.0,3,1786605179829,2026-08-13T14:12:59.829
10896,588aca26ed1bfc095abf2de16bf97b57,6298,94.0,3,1786605180829,2026-08-13T14:13:00.829
