id,device_id,bpm,accuracy,time_ms,time_iso,synced,fresh
5050,588aca26ed1bfc095abf2de16bf97b57,98.0,3,1786603932830,2026-08-13T13:52:12.830,1,1
5051,588aca26ed1bfc095abf2de16bf97b57,97.0,3,1786603933829,2026-08-13T13:52:13.829,1,1
5052,588aca26ed1bfc095abf2de16bf97b57,97.0,3,1786603934829,2026-08-13T13:52:14.829,1,1
5053,588aca26ed1bfc095abf2de16bf97b57,96.0,3,1786603935829,2026-08-13T13:52:15.829,1,1
5054,588aca26ed1bfc095abf2de16bf97b57,96.0,3,1786603936829,2026-08-13T13:52:16.829,1,1
5055,588aca26ed1bfc095abf2de16bf97b57,97.0,3,1786603937829,2026-08-13T13:52:17.829,1,1
5056,588aca26ed1bfc095abf2de16bf97b57,97.0,3,1786603938828,2026-08-13T13:52:18.828,1,1
5057,588aca26ed1bfc095abf2de16bf97b57,97.0,3,1786603939829,2026-08-13T13:52:19.829,1,1
5058,588aca26ed1bfc095abf2de16bf97b57,97.0,3,1786603940829,2026-08-13T13:52:20.829,1,1
5059,588aca26ed1bfc095abf2de16bf97b57,97.0,3,1786603941829,2026-08-13T13:52:21.829,1,1
5060,588aca26ed1bfc095abf2de16bf97b57,97.0,3,1786603942828,2026-08-13T13:52:22.828,1,1
5061,588aca26ed1bfc095abf2de16bf97b57,97.0,3,1786603943831,2026-08-13T13:52:23.831,1,1
5062,588aca26ed1bfc095abf2de16bf97b57,98.0,3,1786603944829,2026-08-13T13:52:24.829,1,1
5063,588aca26ed1bfc095abf2de16bf97b57,98.0,3,1786603945829,2026-08-13T13:52:25.829,1,1
5064,588aca26ed1bfc095abf2de16bf97b57,98.0,3,1786603946839,2026-08-13T13:52:26.839,1,1
5065,588aca26ed1bfc095abf2de16bf97b57,98.0,3,1786603947834,2026-08-13T13:52:27.834,1,1
5066,588aca26ed1bfc095abf2de16bf97b57,99.0,3,1786603948829,2026-08-13T13:52:28.829,1,1
5067,588aca26ed1bfc095abf2de16bf97b57,100.0,3,1786603949831,2026-08-13T13:52:29.831,1,1
5068,588aca26ed1bfc095abf2de16bf97b57,100.0,3,1786603950830,2026-08-13T13:52:30.830,1,1
5069,588aca26ed1bfc095abf2de16bf97b57,100.0,3,1786603951829,2026-08-13T13:52:31.829,1,1
5070,588aca26ed1bfc095abf2de16bf97b57,99.0,3,1786603952829,2026-08-13T13:52:32.829,1,1
5071,588aca26ed1bfc095abf2de16bf97b57,99.0,3,1786603953829,2026-08-13T13:52:33.829,1,1
5072,588aca26ed1bfc095abf2de16bf97b57,98.0,3,1786603954830,2026-08-13T13:52:34.830,1,1
5073,588aca26ed1bfc095abf2de16bf97b57,99.0,3,1786603955829,2026-08-13T13:52:35.829,1,1
5074,588aca26ed1bfc095abf2de16bf97b57,99.0,3,1786603956829,2026-08-13T13:52:36.829,1,1
5075,588aca26ed1bfc095abf2de16bf97b57,99.0,3,1786603957829,2026-08-13T13:52:37.829,1,1
5076,588aca26ed1bfc095abf2de16bf97b57,99.0,3,1786603958830,2026-08-13T13:52:38.830,1,1
5077,588aca26ed1bfc095abf2de16bf97b57,99.0,3,1786603959830,2026-08-13T13:52:39.830,1,1
5078,588aca26ed1bfc095abf2de16bf97b57,99.0,3,1786603960829,2026-08-13T13:52:40.829,1,1
5079,588aca26ed1bfc095abf2de16bf97b57,99.0,3,1786603961830,2026-08-13T13:52:41.830,1,1
5080,588aca26ed1bfc095abf2de16bf97b57,99.0,3,1786603962829,2026-08-13T13:52:42.829,1,1
5081,588aca26ed1bfc095abf2de16bf97b57,99.0,3,1786603963829,2026-08-13T13:52:43.829,1,1
5082,588aca26ed1bfc095abf2de16bf97b57,99.0,3,1786603964829,2026-08-13T13:52:44.829,1,1
5083,588aca26ed1bfc095abf2de16bf97b57,100.0,3,1786603965829,2026-08-13T13:52:45.829,1,1
5084,588aca26ed1bfc095abf2de16bf97b57,101.0,3,1786603966829,2026-08-13T13:52:46.829,1,1
5085,588aca26ed1bfc095abf2de16bf97b57,102.0,3,1786603967839,2026-08-13T13:52:47.839,1,1
5086,588aca26ed1bfc095abf2de16bf97b57,102.0,3,1786603968837,2026-08-13T13:52:48.837,1,1
5087,588aca26ed1bfc095abf2de16bf97b57,103.0,3,1786603969835,2026-08-13T13:52:49.835,1,1
5088,588aca26ed1bfc095abf2de16bf97b57,104.0,3,1786603970833,2026-08-13T13:52:50.833,1,1
5089,588aca26ed1bfc095abf2de16bf97b57,105.0,3,1786603971834,2026-08-13T13:52:51.834,1,1
5090,588aca26ed1bfc095abf2de16bf97b57,104.0,3,1786603972832,2026-08-13T13:52:52.832,1,1
5091,588aca26ed1bfc095abf2de16bf97b57,102.0,3,1786603973830,2026-08-13T13:52:53.830,1,1
5092,588aca26ed1bfc095abf2de16bf97b57,100.0,3,1786603974830,2026-08-13T13:52:54.830,1,1
5093,588aca26ed1bfc095abf2de16bf97b57,99.0,3,1786603975829,2026-08-13T13:52:55.829,1,1
5094,588aca26ed1bfc095abf2de16bf97b57,97.0,3,1786603976829,2026-08-13T13:52:56.829,1,1
5095,588aca26ed1bfc095abf2de16bf97b57,97.0,3,1786603977829,2026-08-13T13:52:57.829,1,1
5096,588aca26ed1bfc095abf2de16bf97b57,97.0,3,1786603978829,2026-08-13T13:52:58.829,1,1
5097,588aca26ed1bfc095abf2de16bf97b57,97.0,3,1786603979829,2026-08-13T13:52:59.829,1,1
5098,588aca26ed1bfc095abf2de16bf97b57,97.0,3,1786603980831,2026-08-13T13:53:00.831,1,1
5099,588aca26ed1bfc095abf2de16bf97b57,97.0,3,1786603981830,2026-08-13T13:53:01.830,1,1
5100,588aca26ed1bfc095abf2de16bf97b57,99.0,3,1786603982831,2026-08-13T13:53:02.831,1,1
5101,588aca26ed1bfc095abf2de16bf97b57,100.0,3,1786603983831,2026-08-13T13:53:03.831,1,1
5102,588aca26ed1bfc095abf2de16bf97b57,102.0,3,1786603984830,2026-08-13T13:53:04.830,1,1
5103,588aca26ed1bfc095abf2de16bf97b57,103.0,3,1786603985828,2026-08-13T13:53:05.828,1,1
5104,588aca26ed1bfc095abf2de16bf97b57,104.0,3,1786603986829,2026-08-13T13:53:06.829,1,1
5105,588aca26ed1bfc095abf2de16bf97b57,103.0,3,1786603987829,2026-08-13T13:53:07.829,1,1
5106,588aca26ed1bfc095abf2de16bf97b57,103.0,3,1786603988829,2026-08-13T13:53:08.829,1,1
5107,588aca26ed1bfc095abf2de16bf97b57,103.0,3,1786603989829,2026-08-13T13:53:09.829,1,1
5108,588aca26ed1bfc095abf2de16bf97b57,103.0,3,1786603990830,2026-08-13T13:53:10.830,1,1
5109,588aca26ed1bfc095abf2de16bf97b57,102.0,3,1786603991828,2026-08-13T13:53:11.828,1,1
5110,588aca26ed1bfc095abf2de16bf97b57,103.0,3,1786603992828,2026-08-13T13:53:12.828,1,1
5111,588aca26ed1bfc095abf2de16bf97b57,103.0,3,1786603993831,2026-08-13T13:53:13.831,1,1
5112,588aca26ed1bfc095abf2de16bf97b57,102.0,3,1786603994831,2026-08-13T13:53:14.831,1,1
5113,588aca26ed1bfc095abf2de16bf97b57,102.0,3,1786603995835,2026-08-13T13:53:15.835,1,1
5114,588aca26ed1bfc095abf2de16bf97b57,102.0,3,1786603996828,2026-08-13T13:53:16.828,1,1
5115,588aca26ed1bfc095abf2de16bf97b57,103.0,3,1786603997833,2026-08-13T13:53:17.833,1,1
5116,588aca26ed1bfc095abf2de16bf97b57,104.0,3,1786603998829,2026-08-13T13:53:18.829,1,1
5117,588aca26ed1bfc095abf2de16bf97b57,104.0,3,1786603999831,2026-08-13T13:53:19.831,1,1
5118,588aca26ed1bfc095abf2de16bf97b57,103.0,3,1786604000830,2026-08-13T13:53:20.830,1,1
5119,588aca26ed1bfc095abf2de16bf97b57,103.0,3,1786604001833,2026-08-13T13:53:21.833,1,1
5120,588aca26ed1bfc095abf2de16bf97b57,103.0,3,1786604002829,2026-08-13T13:53:22.829,1,1
5121,588aca26ed1bfc095abf2de16bf97b57,102.0,3,1786604003829,2026-08-13T13:53:23.829,1,1
5122,588aca26ed1bfc095abf2de16bf97b57,102.0,3,1786604004828,2026-08-13T13:53:24.828,1,1
5123,588aca26ed1bfc095abf2de16bf97b57,101.0,3,1786604005829,2026-08-13T13:53:25.829,1,1
5124,588aca26ed1bfc095abf2de16bf97b57,100.0,3,1786604006830,2026-08-13T13:53:26.830,1,1
5125,588aca26ed1bfc095abf2de16bf97b57,100.0,3,1786604007829,2026-08-13T13:53:27.829,1,1
5126,588aca26ed1bfc095abf2de16bf97b57,100.0,3,1786604008829,2026-08-13T13:53:28.829,1,1
5127,588aca26ed1bfc095abf2de16bf97b57,100.0,3,1786604009829,2026-08-13T13:53:29.829,1,1
5128,588aca26ed1bfc095abf2de16bf97b57,101.0,3,1786604010833,2026-08-13T13:53:30.833,1,1
5129,588aca26ed1bfc095abf2de16bf97b57,102.0,3,1786604011830,2026-08-13T13:53:31.830,1,1
5130,588aca26ed1bfc095abf2de16bf97b57,102.0,3,1786604012828,2026-08-13T13:53:32.828,1,1
5131,588aca26ed1bfc095abf2de16bf97b57,103.0,3,1786604013830,2026-08-13T13:53:33.830,1,1
5132,588aca26ed1bfc095abf2de16bf97b57,103.0,3,1786604014831,2026-08-13T13:53:34.831,1,1
5133,588aca26ed1bfc095abf2de16bf97b57,102.0,3,1786604015831,2026-08-13T13:53:35.831,1,1
5134,588aca26ed1bfc095abf2de16bf97b57,101.0,3,1786604016831,2026-08-13T13:53:36.831,1,1
5135,588aca26ed1bfc095abf2de16bf97b57,101.0,3,1786604017832,2026-08-13T13:53:37.832,1,1
5136,588aca26ed1bfc095abf2de16bf97b57,100.0,3,1786604018831,2026-08-13T13:53:38.831,1,1
5137,588aca26ed1bfc095abf2de16bf97b57,100.0,3,1786604019831,2026-08-13T13:53:39.831,1,1
5138,588aca26ed1bfc095abf2de16bf97b57,100.0,3,1786604020830,2026-08-13T13:53:40.830,1,1
5139,588aca26ed1bfc095abf2de16bf97b57,100.0,3,1786604021830,2026-08-13T13:53:41.830,1,1
5140,588aca26ed1bfc095abf2de16bf97b57,100.0,3,1786604022832,2026-08-13T13:53:42.832,1,1
5141,588aca26ed1bfc095abf2de16bf97b57,100.0,3,1786604023829,2026-08-13T13:53:43.829,1,1
5142,588aca26ed1bfc095abf2de16bf97b57,100.0,3,1786604024828,2026-08-13T13:53:44.828,1,1
5143,588aca26ed1bfc095abf2de16bf97b57,99.0,3,1786604025829,2026-08-13T13:53:45.829,1,1
5144,588aca26ed1bfc095abf2de16bf97b57,99.0,3,1786604026829,2026-08-13T13:53:46.829,1,1
5145,588aca26ed1bfc095abf2de16bf97b57,98.0,3,1786604027829,2026-08-13T13:53:47.829,1,1
5146,588aca26ed1bfc095abf2de16bf97b57,98.0,3,1786604028829,2026-08-13T13:53:48.829,1,1
5147,588aca26ed1bfc095abf2de16bf97b57,98.0,3,1786604029829,2026-08-13T13:53:49.829,1,1
5148,588aca26ed1bfc095abf2de16bf97b57,97.0,3,1786604030832,2026-08-13T13:53:50.832,1,1
5149,588aca26ed1bfc095abf2de16bf97b57,97.0,3,1786604031828,2026-08-13T13:53:51.828,1,1
5150,588aca26ed1bfc095abf2de16bf97b57,97.0,3,1786604032831,2026-08-13T13:53:52.831,1,1
5151,588aca26ed1bfc095abf2de16bf97b57,97.0,3,1786604033832,2026-08-13T13:53:53.832,1,1
5152,588aca26ed1bfc095abf2de16bf97b57,97.0,3,1786604034830,2026-08-13T13:53:54.830,1,1
5153,588aca26ed1bfc095abf2de16bf97b57,97.0,3,1786604035837,2026-08-13T13:53:55.837,1,1
5154,588aca26ed1bfc095abf2de16bf97b57,96.0,3,1786604036829,2026-08-13T13:53:56.829,1,1
5155,588aca26ed1bfc095abf2de16bf97b57,95.0,3,1786604037829,2026-08-13T13:53:57.829,1,1
5156,588aca26ed1bfc095abf2de16bf97b57,95.0,3,1786604038829,2026-08-13T13:53:58.829,1,1
5157,588aca26ed1bfc095abf2de16bf97b57,94.0,3,1786604039830,2026-08-13T13:53:59.830,1,1
5158,588aca26ed1bfc095abf2de16bf97b57,94.0,3,1786604040831,2026-08-13T13:54:00.831,1,1
5159,588aca26ed1bfc095abf2de16bf97b57,93.0,3,1786604041830,2026-08-13T13:54:01.830,1,1
5160,588aca26ed1bfc095abf2de16bf97b57,93.0,3,1786604042831,2026-08-13T13:54:02.831,1,1
5161,588aca26ed1bfc095abf2de16bf97b57,93.0,3,1786604043830,2026-08-13T13:54:03.830,1,1
5162,588aca26ed1bfc095abf2de16bf97b57,94.0,3,1786604044831,2026-08-13T13:54:04.831,1,1
5163,588aca26ed1bfc095abf2de16bf97b57,95.0,3,1786604045831,2026-08-13T13:54:05.831,1,1
5164,588aca26ed1bfc095abf2de16bf97b57,96.0,3,1786604046830,2026-08-13T13:54:06.830,1,1
5165,588aca26ed1bfc095abf2de16bf97b57,97.0,3,1786604047829,2026-08-13T13:54:07.829,1,1
5166,588aca26ed1bfc095abf2de16bf97b57,97.0,3,1786604048830,2026-08-13T13:54:08.830,1,1
5167,588aca26ed1bfc095abf2de16bf97b57,97.0,3,1786604049828,2026-08-13T13:54:09.828,1,1
5168,588aca26ed1bfc095abf2de16bf97b57,97.0,3,1786604050829,2026-08-13T13:54:10.829,1,1
5169,588aca26ed1bfc095abf2de16bf97b57,96.0,3,1786604051829,2026-08-13T13:54:11.829,1,1
5170,588aca26ed1bfc095abf2de16bf97b57,96.0,3,1786604052829,2026-08-13T13:54:12.829,1,1
5171,588aca26ed1bfc095abf2de16bf97b57,96.0,3,1786604053829,2026-08-13T13:54:13.829,1,1
5172,588aca26ed1bfc095abf2de16bf97b57,96.0,3,1786604054829,2026-08-13T13:54:14.829,1,1
5173,588aca26ed1bfc095abf2de16bf97b57,96.0,3,1786604055829,2026-08-13T13:54:15.829,1,1
5174,588aca26ed1bfc095abf2de16bf97b57,96.0,3,1786604056829,2026-08-13T13:54:16.829,1,1
5175,588aca26ed1bfc095abf2de16bf97b57,96.0,3,1786604057841,2026-08-13T13:54:17.841,1,1
5176,588aca26ed1bfc095abf2de16bf97b57,96.0,3,1786604058831,2026-08-13T13:54:18.831,1,1
5177,588aca26ed1bfc095abf2de16bf97b57,95.0,3,1786604059829,2026-08-13T13:54:19.829,1,1
5178,588aca26ed1bfc095abf2de16bf97b57,95.0,3,1786604060828,2026-08-13T13:54:20.828,1,1
5179,588aca26ed1bfc095abf2de16bf97b57,94.0,3,1786604061829,2026-08-13T13:54:21.829,1,1
5180,588aca26ed1bfc095abf2de16bf97b57,95.0,3,1786604062828,2026-08-13T13:54:22.828,1,1
5181,588aca26ed1bfc095abf2de16bf97b57,96.0,3,1786604063828,2026-08-13T13:54:23.828,1,1
5182,588aca26ed1bfc095abf2de16bf97b57,96.0,3,1786604064828,2026-08-13T13:54:24.828,1,1
5183,588aca26ed1bfc095abf2de16bf97b57,96.0,3,1786604065830,2026-08-13T13:54:25.830,1,1
5184,588aca26ed1bfc095abf2de16bf97b57,97.0,3,1786604066828,2026-08-13T13:54:26.828,1,1
5185,588aca26ed1bfc095abf2de16bf97b57,97.0,3,1786604067831,2026-08-13T13:54:27.831,1,1
5186,588aca26ed1bfc095abf2de16bf97b57,97.0,3,1786604068829,2026-08-13T13:54:28.829,1,1
5187,588aca26ed1bfc095abf2de16bf97b57,96.0,3,1786604069829,2026-08-13T13:54:29.829,1,1
5188,588aca26ed1bfc095abf2de16bf97b57,97.0,3,1786604070829,2026-08-13T13:54:30.829,1,1
5189,588aca26ed1bfc095abf2de16bf97b57,97.0,3,1786604071829,2026-08-13T13:54:31.829,1,1
5190,588aca26ed1bfc095abf2de16bf97b57,97.0,3,1786604072829,2026-08-13T13:54:32.829,1,1
5191,588aca26ed1bfc095abf2de16bf97b57,97.0,3,1786604073829,2026-08-13T13:54:33.829,1,1
5192,588aca26ed1bfc095abf2de16bf97b57,96.0,3,1786604074829,2026-08-13T13:54:34.829,1,1
5193,588aca26ed1bfc095abf2de16bf97b57,95.0,3,1786604075834,2026-08-13T13:54:35.834,1,1
5194,588aca26ed1bfc095abf2de16bf97b57,93.0,3,1786604076838,2026-08-13T13:54:36.838,1,1
5195,588aca26ed1bfc095abf2de16bf97b57,92.0,3,1786604077833,2026-08-13T13:54:37.833,1,1
5196,588aca26ed1bfc095abf2de16bf97b57,92.0,3,1786604078834,2026-08-13T13:54:38.834,1,1
5197,588aca26ed1bfc095abf2de16bf97b57,92.0,3,1786604079829,2026-08-13T13:54:39.829,1,1
5198,588aca26ed1bfc095abf2de16bf97b57,92.0,3,1786604080829,2026-08-13T13:54:40.829,1,1
5199,588aca26ed1bfc095abf2de16bf97b57,92.0,3,1786604081832,2026-08-13T13:54:41.832,1,1
5200,588aca26ed1bfc095abf2de16bf97b57,92.0,3,1786604082830,2026-08-13T13:54:42.830,1,1
5201,588aca26ed1bfc095abf2de16bf97b57,92.0,3,1786604083830,2026-08-13T13:54:43.830,1,1
5202,588aca26ed1bfc095abf2de16bf97b57,91.0,3,1786604084829,2026-08-13T13:54:44.829,1,1
5203,588aca26ed1bfc095abf2de16bf97b57,91.0,3,1786604085829,2026-08-13T13:54:45.829,1,1
5204,588aca26ed1bfc095abf2de16bf97b57,92.0,3,1786604086829,2026-08-13T13:54:46.829,1,1
5205,588aca26ed1bfc095abf2de16bf97b57,93.0,3,1786604087829,2026-08-13T13:54:47.829,1,1
5206,588aca26ed1bfc095abf2de16bf97b57,94.0,3,1786604088830,2026-08-13T13:54:48.830,1,1
5207,588aca26ed1bfc095abf2de16bf97b57,95.0,3,1786604089830,2026-08-13T13:54:49.830,1,1
5208,588aca26ed1bfc095abf2de16bf97b57,96.0,3,1786604090831,2026-08-13T13:54:50.831,1,1
5209,588aca26ed1bfc095abf2de16bf97b57,96.0,3,1786604091829,2026-08-13T13:54:51.829,1,1
5210,588aca26ed1bfc095abf2de16bf97b57,97.0,3,1786604092829,2026-08-13T13:54:52.829,1,1
5211,588aca26ed1bfc095abf2de16bf97b57,97.0,3,1786604093829,2026-08-13T13:54:53.829,1,1
5212,588aca26ed1bfc095abf2de16bf97b57,97.0,3,1786604094829,2026-08-13T13:54:54.829,1,1
5213,588aca26ed1bfc095abf2de16bf97b57,96.0,3,1786604095829,2026-08-13T13:54:55.829,1,1
5214,588aca26ed1bfc095abf2de16bf97b57,96.0,3,1786604096829,2026-08-13T13:54:56.829,1,1
5215,588aca26ed1bfc095abf2de16bf97b57,96.0,3,1786604097829,2026-08-13T13:54:57.829,1,1
5216,588aca26ed1bfc095abf2de16bf97b57,96.0,3,1786604098829,2026-08-13T13:54:58.829,1,1
5217,588aca26ed1bfc095abf2de16bf97b57,96.0,3,1786604099829,2026-08-13T13:54:59.829,1,1
5218,588aca26ed1bfc095abf2de16bf97b57,96.0,3,1786604100828,2026-08-13T13:55:00.828,1,1
5219,588aca26ed1bfc095abf2de16bf97b57,94.0,3,1786604101830,2026-08-13T13:55:01.830,1,1
5220,588aca26ed1bfc095abf2de16bf97b57,94.0,3,1786604102830,2026-08-13T13:55:02.830,1,1
5221,588aca26ed1bfc095abf2de16bf97b57,93.0,3,1786604103830,2026-08-13T13:55:03.830,1,1
5222,588aca26ed1bfc095abf2de16bf97b57,95.0,3,1786604104828,2026-08-13T13:55:04.828,1,1
5223,588aca26ed1bfc095abf2de16bf97b57,97.0,3,1786604105829,2026-08-13T13:55:05.829,1,1
5224,588aca26ed1bfc095abf2de16bf97b57,98.0,3,1786604106830,2026-08-13T13:55:06.830,1,1
5225,588aca26ed1bfc095abf2de16bf97b57,99.0,3,1786604107828,2026-08-13T13:55:07.828,1,1
5226,588aca26ed1bfc095abf2de16bf97b57,101.0,3,1786604108829,2026-08-13T13:55:08.829,1,1
5227,588aca26ed1bfc095abf2de16bf97b57,101.0,3,1786604109829,2026-08-13T13:55:09.829,1,1
5228,588aca26ed1bfc095abf2de16bf97b57,101.0,3,1786604110829,2026-08-13T13:55:10.829,1,1
5229,588aca26ed1bfc095abf2de16bf97b57,101.0,3,1786604111829,2026-08-13T13:55:11.829,1,1
5230,588aca26ed1bfc095abf2de16bf97b57,101.0,3,1786604112829,2026-08-13T13:55:12.829,1,1
5231,588aca26ed1bfc095abf2de16bf97b57,101.0,3,1786604113829,2026-08-13T13:55:13.829,1,1
5232,588aca26ed1bfc095abf2de16bf97b57,100.0,3,1786604114830,2026-08-13T13:55:14.830,1,1
5233,588aca26ed1bfc095abf2de16bf97b57,100.0,3,1786604115831,2026-08-13T13:55:15.831,1,1
5234,588aca26ed1bfc095abf2de16bf97b57,99.0,3,1786604116833,2026-08-13T13:55:16.833,1,1
5235,588aca26ed1bfc095abf2de16bf97b57,99.0,3,1786604117833,2026-08-13T13:55:17.833,1,1
5236,588aca26ed1bfc095abf2de16bf97b57,99.0,3,1786604118830,2026-08-13T13:55:18.830,1,1
5237,588aca26ed1bfc095abf2de16bf97b57,98.0,3,1786604119829,2026-08-13T13:55:19.829,1,1
5238,588aca26ed1bfc095abf2de16bf97b57,98.0,3,1786604120829,2026-08-13T13:55:20.829,1,1
5239,588aca26ed1bfc095abf2de16bf97b57,98.0,3,1786604121828,2026-08-13T13:55:21.828,1,1
5240,588aca26ed1bfc095abf2de16bf97b57,97.0,3,1786604122829,2026-08-13T13:55:22.829,1,1
5241,588aca26ed1bfc095abf2de16bf97b57,96.0,3,1786604123828,2026-08-13T13:55:23.828,1,1
5242,588aca26ed1bfc095abf2de16bf97b57,96.0,3,1786604124830,2026-08-13T13:55:24.830,1,0
5243,588aca26ed1bfc095abf2de16bf97b57,96.0,3,1786604125830,2026-08-13T13:55:25.830,1,1
5244,588aca26ed1bfc095abf2de16bf97b57,96.0,3,1786604126828,2026-08-13T13:55:26.828,1,1
5245,588aca26ed1bfc095abf2de16bf97b57,96.0,3,1786604127829,2026-08-13T13:55:27.829,1,1
5246,588aca26ed1bfc095abf2de16bf97b57,95.0,3,1786604128828,2026-08-13T13:55:28.828,1,1
5247,588aca26ed1bfc095abf2de16bf97b57,95.0,3,1786604129830,2026-08-13T13:55:29.830,1,1
5248,588aca26ed1bfc095abf2de16bf97b57,95.0,3,1786604130840,2026-08-13T13:55:30.840,1,1
5249,588aca26ed1bfc095abf2de16bf97b57,94.0,3,1786604131839,2026-08-13T13:55:31.839,1,1
5250,588aca26ed1bfc095abf2de16bf97b57,94.0,3,1786604132838,2026-08-13T13:55:32.838,1,1
5251,588aca26ed1bfc095abf2de16bf97b57,94.0,3,1786604133829,2026-08-13T13:55:33.829,1,1
5252,588aca26ed1bfc095abf2de16bf97b57,93.0,3,1786604134835,2026-08-13T13:55:34.835,1,1
5253,588aca26ed1bfc095abf2de16bf97b57,93.0,3,1786604135830,2026-08-13T13:55:35.830,1,1
5254,588aca26ed1bfc095abf2de16bf97b57,93.0,3,1786604136834,2026-08-13T13:55:36.834,1,1
5255,588aca26ed1bfc095abf2de16bf97b57,93.0,3,1786604137828,2026-08-13T13:55:37.828,1,1
5256,588aca26ed1bfc095abf2de16bf97b57,94.0,3,1786604138832,2026-08-13T13:55:38.832,1,1
5257,588aca26ed1bfc095abf2de16bf97b57,94.0,3,1786604139833,2026-08-13T13:55:39.833,1,1
5258,588aca26ed1bfc095abf2de16bf97b57,95.0,3,1786604140831,2026-08-13T13:55:40.831,1,1
5259,588aca26ed1bfc095abf2de16bf97b57,95.0,3,1786604141830,2026-08-13T13:55:41.830,1,1
5260,588aca26ed1bfc095abf2de16bf97b57,94.0,3,1786604142829,2026-08-13T13:55:42.829,1,1
5261,588aca26ed1bfc095abf2de16bf97b57,94.0,3,1786604143829,2026-08-13T13:55:43.829,1,1
5262,588aca26ed1bfc095abf2de16bf97b57,94.0,3,1786604144829,2026-08-13T13:55:44.829,1,1
5263,588aca26ed1bfc095abf2de16bf97b57,94.0,3,1786604145829,2026-08-13T13:55:45.829,1,1
5264,588aca26ed1bfc095abf2de16bf97b57,94.0,3,1786604146829,2026-08-13T13:55:46.829,1,1
5265,588aca26ed1bfc095abf2de16bf97b57,94.0,3,1786604147829,2026-08-13T13:55:47.829,1,1
5266,588aca26ed1bfc095abf2de16bf97b57,95.0,3,1786604148830,2026-08-13T13:55:48.830,1,1
5267,588aca26ed1bfc095abf2de16bf97b57,95.0,3,1786604149831,2026-08-13T13:55:49.831,1,1
5268,588aca26ed1bfc095abf2de16bf97b57,95.0,3,1786604150831,2026-08-13T13:55:50.831,1,1
5269,588aca26ed1bfc095abf2de16bf97b57,95.0,3,1786604151829,2026-08-13T13:55:51.829,1,1
5270,588aca26ed1bfc095abf2de16bf97b57,94.0,3,1786604152828,2026-08-13T13:55:52.828,1,1
5271,588aca26ed1bfc095abf2de16bf97b57,95.0,3,1786604153829,2026-08-13T13:55:53.829,1,1
5272,588aca26ed1bfc095abf2de16bf97b57,94.0,3,1786604154829,2026-08-13T13:55:54.829,1,1
5273,588aca26ed1bfc095abf2de16bf97b57,93.0,3,1786604155829,2026-08-13T13:55:55.829,1,1
5274,588aca26ed1bfc095abf2de16bf97b57,94.0,3,1786604156829,2026-08-13T13:55:56.829,1,1
5275,588aca26ed1bfc095abf2de16bf97b57,95.0,3,1786604157829,2026-08-13T13:55:57.829,1,1
5276,588aca26ed1bfc095abf2de16bf97b57,97.0,3,1786604158829,2026-08-13T13:55:58.829,1,1
5277,588aca26ed1bfc095abf2de16bf97b57,98.0,3,1786604159829,2026-08-13T13:55:59.829,1,1
5278,588aca26ed1bfc095abf2de16bf97b57,99.0,3,1786604160829,2026-08-13T13:56:00.829,1,1
5279,588aca26ed1bfc095abf2de16bf97b57,99.0,3,1786604161829,2026-08-13T13:56:01.829,1,1
5280,588aca26ed1bfc095abf2de16bf97b57,98.0,3,1786604162829,2026-08-13T13:56:02.829,1,1
5281,588aca26ed1bfc095abf2de16bf97b57,97.0,3,1786604163829,2026-08-13T13:56:03.829,1,1
5282,588aca26ed1bfc095abf2de16bf97b57,96.0,3,1786604164829,2026-08-13T13:56:04.829,1,1
5283,588aca26ed1bfc095abf2de16bf97b57,95.0,3,1786604165829,2026-08-13T13:56:05.829,1,1
5284,588aca26ed1bfc095abf2de16bf97b57,95.0,3,1786604166829,2026-08-13T13:56:06.829,1,1
5285,588aca26ed1bfc095abf2de16bf97b57,94.0,3,1786604167829,2026-08-13T13:56:07.829,1,1
5286,588aca26ed1bfc095abf2de16bf97b57,94.0,3,1786604168838,2026-08-13T13:56:08.838,1,1
5287,588aca26ed1bfc095abf2de16bf97b57,93.0,3,1786604169835,2026-08-13T13:56:09.835,1,1
5288,588aca26ed1bfc095abf2de16bf97b57,93.0,3,1786604170836,2026-08-13T13:56:10.836,1,1
5289,588aca26ed1bfc095abf2de16bf97b57,93.0,3,1786604171832,2026-08-13T13:56:11.832,1,1
5290,588aca26ed1bfc095abf2de16bf97b57,93.0,3,1786604172833,2026-08-13T13:56:12.833,1,1
5291,588aca26ed1bfc095abf2de16bf97b57,94.0,3,1786604173844,2026-08-13T13:56:13.844,1,1
5292,588aca26ed1bfc095abf2de16bf97b57,94.0,3,1786604174832,2026-08-13T13:56:14.832,1,1
5293,588aca26ed1bfc095abf2de16bf97b57,94.0,3,1786604175830,2026-08-13T13:56:15.830,1,1
5294,588aca26ed1bfc095abf2de16bf97b57,93.0,3,1786604176829,2026-08-13T13:56:16.829,1,1
5295,588aca26ed1bfc095abf2de16bf97b57,94.0,3,1786604177829,2026-08-13T13:56:17.829,1,1
5296,588aca26ed1bfc095abf2de16bf97b57,94.0,3,1786604178829,2026-08-13T13:56:18.829,1,1
5297,588aca26ed1bfc095abf2de16bf97b57,94.0,3,1786604179829,2026-08-13T13:56:19.829,1,1
5298,588aca26ed1bfc095abf2de16bf97b57,94.0,3,1786604180831,2026-08-13T13:56:20.831,1,1
5299,588aca26ed1bfc095abf2de16bf97b57,93.0,3,1786604181829,2026-08-13T13:56:21.829,1,1
5300,588aca26ed1bfc095abf2de16bf97b57,92.0,3,1786604182829,2026-08-13T13:56:22.829,1,1
5301,588aca26ed1bfc095abf2de16bf97b57,92.0,3,1786604183828,2026-08-13T13:56:23.828,1,1
5302,588aca26ed1bfc095abf2de16bf97b57,93.0,3,1786604184829,2026-08-13T13:56:24.829,1,1
5303,588aca26ed1bfc095abf2de16bf97b57,93.0,3,1786604185829,2026-08-13T13:56:25.829,1,1
5304,588aca26ed1bfc095abf2de16bf97b57,93.0,3,1786604186829,2026-08-13T13:56:26.829,1,1
5305,588aca26ed1bfc095abf2de16bf97b57,94.0,3,1786604187829,2026-08-13T13:56:27.829,1,1
5306,588aca26ed1bfc095abf2de16bf97b57,95.0,3,1786604188829,2026-08-13T13:56:28.829,1,1
5307,588aca26ed1bfc095abf2de16bf97b57,95.0,3,1786604189830,2026-08-13T13:56:29.830,1,1
5308,588aca26ed1bfc095abf2de16bf97b57,94.0,3,1786604190837,2026-08-13T13:56:30.837,1,1
5309,588aca26ed1bfc095abf2de16bf97b57,94.0,3,1786604191834,2026-08-13T13:56:31.834,1,1
5310,588aca26ed1bfc095abf2de16bf97b57,93.0,3,1786604192835,2026-08-13T13:56:32.835,1,1
5311,588aca26ed1bfc095abf2de16bf97b57,93.0,3,1786604193832,2026-08-13T13:56:33.832,1,1
5312,588aca26ed1bfc095abf2de16bf97b57,92.0,3,1786604194830,2026-08-13T13:56:34.830,1,1
5313,588aca26ed1bfc095abf2de16bf97b57,92.0,3,1786604195829,2026-08-13T13:56:35.829,1,1
5314,588aca26ed1bfc095abf2de16bf97b57,92.0,3,1786604196829,2026-08-13T13:56:36.829,1,1
5315,588aca26ed1bfc095abf2de16bf97b57,92.0,3,1786604197829,2026-08-13T13:56:37.829,1,1
5316,588aca26ed1bfc095abf2de16bf97b57,92.0,3,1786604198829,2026-08-13T13:56:38.829,1,1
5317,588aca26ed1bfc095abf2de16bf97b57,93.0,3,1786604199830,2026-08-13T13:56:39.830,1,1
5318,588aca26ed1bfc095abf2de16bf97b57,93.0,3,1786604200829,2026-08-13T13:56:40.829,1,1
5319,588aca26ed1bfc095abf2de16bf97b57,92.0,3,1786604201831,2026-08-13T13:56:41.831,1,1
5320,588aca26ed1bfc095abf2de16bf97b57,92.0,3,1786604202830,2026-08-13T13:56:42.830,1,1
5321,588aca26ed1bfc095abf2de16bf97b57,92.0,3,1786604203829,2026-08-13T13:56:43.829,1,1
5322,588aca26ed1bfc095abf2de16bf97b57,91.0,3,1786604204829,2026-08-13T13:56:44.829,1,1
5323,588aca26ed1bfc095abf2de16bf97b57,92.0,3,1786604205829,2026-08-13T13:56:45.829,1,1
5324,588aca26ed1bfc095abf2de16bf97b57,92.0,3,1786604206829,2026-08-13T13:56:46.829,1,1
5325,588aca26ed1bfc095abf2de16bf97b57,92.0,3,1786604207829,2026-08-13T13:56:47.829,1,1
5326,588aca26ed1bfc095abf2de16bf97b57,93.0,3,1786604208829,2026-08-13T13:56:48.829,1,1
5327,588aca26ed1bfc095abf2de16bf97b57,94.0,3,1786604209829,2026-08-13T13:56:49.829,1,1
5328,588aca26ed1bfc095abf2de16bf97b57,95.0,3,1786604210830,2026-08-13T13:56:50.830,1,1
5329,588aca26ed1bfc095abf2de16bf97b57,96.0,3,1786604211838,2026-08-13T13:56:51.838,1,1
5330,588aca26ed1bfc095abf2de16bf97b57,97.0,3,1786604212837,2026-08-13T13:56:52.837,1,1
5331,588aca26ed1bfc095abf2de16bf97b57,97.0,3,1786604213837,2026-08-13T13:56:53.837,1,1
5332,588aca26ed1bfc095abf2de16bf97b57,98.0,3,1786604214836,2026-08-13T13:56:54.836,1,1
5333,588aca26ed1bfc095abf2de16bf97b57,99.0,3,1786604215835,2026-08-13T13:56:55.835,1,1
5334,588aca26ed1bfc095abf2de16bf97b57,100.0,3,1786604216833,2026-08-13T13:56:56.833,1,1
5335,588aca26ed1bfc095abf2de16bf97b57,100.0,3,1786604217832,2026-08-13T13:56:57.832,1,1
5336,588aca26ed1bfc095abf2de16bf97b57,99.0,3,1786604218830,2026-08-13T13:56:58.830,1,1
5337,588aca26ed1bfc095abf2de16bf97b57,98.0,3,1786604219829,2026-08-13T13:56:59.829,1,1
5338,588aca26ed1bfc095abf2de16bf97b57,97.0,3,1786604220829,2026-08-13T13:57:00.829,1,1
5339,588aca26ed1bfc095abf2de16bf97b57,96.0,3,1786604221829,2026-08-13T13:57:01.829,1,1
5340,588aca26ed1bfc095abf2de16bf97b57,95.0,3,1786604222831,2026-08-13T13:57:02.831,1,1
5341,588aca26ed1bfc095abf2de16bf97b57,94.0,3,1786604223831,2026-08-13T13:57:03.831,1,1
5342,588aca26ed1bfc095abf2de16bf97b57,94.0,3,1786604224828,2026-08-13T13:57:04.828,1,1
5343,588aca26ed1bfc095abf2de16bf97b57,94.0,3,1786604225832,2026-08-13T13:57:05.832,1,1
5344,588aca26ed1bfc095abf2de16bf97b57,95.0,3,1786604226829,2026-08-13T13:57:06.829,1,1
5345,588aca26ed1bfc095abf2de16bf97b57,96.0,3,1786604227829,2026-08-13T13:57:07.829,1,1
5346,588aca26ed1bfc095abf2de16bf97b57,96.0,3,1786604228830,2026-08-13T13:57:08.830,1,1
5347,588aca26ed1bfc095abf2de16bf97b57,95.0,3,1786604229829,2026-08-13T13:57:09.829,1,1
5348,588aca26ed1bfc095abf2de16bf97b57,95.0,3,1786604230829,2026-08-13T13:57:10.829,1,1
5349,588aca26ed1bfc095abf2de16bf97b57,95.0,3,1786604231829,2026-08-13T13:57:11.829,1,1
5350,588aca26ed1bfc095abf2de16bf97b57,95.0,3,1786604232829,2026-08-13T13:57:12.829,1,1
5351,588aca26ed1bfc095abf2de16bf97b57,96.0,3,1786604233836,2026-08-13T13:57:13.836,1,1
5352,588aca26ed1bfc095abf2de16bf97b57,97.0,3,1786604234837,2026-08-13T13:57:14.837,1,1
5353,588aca26ed1bfc095abf2de16bf97b57,98.0,3,1786604235830,2026-08-13T13:57:15.830,1,1
5354,588aca26ed1bfc095abf2de16bf97b57,99.0,3,1786604236829,2026-08-13T13:57:16.829,1,1
5355,588aca26ed1bfc095abf2de16bf97b57,99.0,3,1786604237832,2026-08-13T13:57:17.832,1,1
5356,588aca26ed1bfc095abf2de16bf97b57,99.0,3,1786604238829,2026-08-13T13:57:18.829,1,1
5357,588aca26ed1bfc095abf2de16bf97b57,99.0,3,1786604239829,2026-08-13T13:57:19.829,1,1
5358,588aca26ed1bfc095abf2de16bf97b57,98.0,3,1786604240829,2026-08-13T13:57:20.829,1,1
5359,588aca26ed1bfc095abf2de16bf97b57,97.0,3,1786604241829,2026-08-13T13:57:21.829,1,1
5360,588aca26ed1bfc095abf2de16bf97b57,97.0,3,1786604242829,2026-08-13T13:57:22.829,1,1
5361,588aca26ed1bfc095abf2de16bf97b57,96.0,3,1786604243830,2026-08-13T13:57:23.830,1,1
5362,588aca26ed1bfc095abf2de16bf97b57,95.0,3,1786604244832,2026-08-13T13:57:24.832,1,1
5363,588aca26ed1bfc095abf2de16bf97b57,95.0,3,1786604245829,2026-08-13T13:57:25.829,1,1
5364,588aca26ed1bfc095abf2de16bf97b57,95.0,3,1786604246828,2026-08-13T13:57:26.828,1,1
5365,588aca26ed1bfc095abf2de16bf97b57,94.0,3,1786604247830,2026-08-13T13:57:27.830,1,1
5366,588aca26ed1bfc095abf2de16bf97b57,93.0,3,1786604248833,2026-08-13T13:57:28.833,1,1
5367,588aca26ed1bfc095abf2de16bf97b57,94.0,3,1786604249829,2026-08-13T13:57:29.829,1,1
5368,588aca26ed1bfc095abf2de16bf97b57,96.0,3,1786604250832,2026-08-13T13:57:30.832,1,1
5369,588aca26ed1bfc095abf2de16bf97b57,96.0,3,1786604251829,2026-08-13T13:57:31.829,1,1
5370,588aca26ed1bfc095abf2de16bf97b57,96.0,3,1786604252829,2026-08-13T13:57:32.829,1,1
5371,588aca26ed1bfc095abf2de16bf97b57,96.0,3,1786604253829,2026-08-13T13:57:33.829,1,1
5372,588aca26ed1bfc095abf2de16bf97b57,96.0,3,1786604254829,2026-08-13T13:57:34.829,1,1
5373,588aca26ed1bfc095abf2de16bf97b57,96.0,3,1786604255830,2026-08-13T13:57:35.830,1,1
5374,588aca26ed1bfc095abf2de16bf97b57,96.0,3,1786604256838,2026-08-13T13:57:36.838,1,1
5375,588aca26ed1bfc095abf2de16bf97b57,95.0,3,1786604257838,2026-08-13T13:57:37.838,1,1
5376,588aca26ed1bfc095abf2de16bf97b57,95.0,3,1786604258837,2026-08-13T13:57:38.837,1,1
5377,588aca26ed1bfc095abf2de16bf97b57,95.0,3,1786604259842,2026-08-13T13:57:39.842,1,1
5378,588aca26ed1bfc095abf2de16bf97b57,93.0,3,1786604260832,2026-08-13T13:57:40.832,1,1
5379,588aca26ed1bfc095abf2de16bf97b57,93.0,3,1786604261833,2026-08-13T13:57:41.833,1,1
5380,588aca26ed1bfc095abf2de16bf97b57,95.0,3,1786604262830,2026-08-13T13:57:42.830,1,1
5381,588aca26ed1bfc095abf2de16bf97b57,94.0,3,1786604263829,2026-08-13T13:57:43.829,1,1
5382,588aca26ed1bfc095abf2de16bf97b57,93.0,3,1786604264829,2026-08-13T13:57:44.829,1,1
5383,588aca26ed1bfc095abf2de16bf97b57,94.0,3,1786604265830,2026-08-13T13:57:45.830,1,1
5384,588aca26ed1bfc095abf2de16bf97b57,94.0,3,1786604266829,2026-08-13T13:57:46.829,1,1
5385,588aca26ed1bfc095abf2de16bf97b57,94.0,3,1786604267830,2026-08-13T13:57:47.830,1,1
5386,588aca26ed1bfc095abf2de16bf97b57,96.0,3,1786604268828,2026-08-13T13:57:48.828,1,1
5387,588aca26ed1bfc095abf2de16bf97b57,97.0,3,1786604269829,2026-08-13T13:57:49.829,1,1
5388,588aca26ed1bfc095abf2de16bf97b57,97.0,3,1786604270829,2026-08-13T13:57:50.829,1,1
5389,588aca26ed1bfc095abf2de16bf97b57,97.0,3,1786604271829,2026-08-13T13:57:51.829,1,1
5390,588aca26ed1bfc095abf2de16bf97b57,97.0,3,1786604272829,2026-08-13T13:57:52.829,1,1
5391,588aca26ed1bfc095abf2de16bf97b57,97.0,3,1786604273829,2026-08-13T13:57:53.829,1,1
5392,588aca26ed1bfc095abf2de16bf97b57,96.0,3,1786604274829,2026-08-13T13:57:54.829,1,1
5393,588aca26ed1bfc095abf2de16bf97b57,96.0,3,1786604275829,2026-08-13T13:57:55.829,1,1
5394,588aca26ed1bfc095abf2de16bf97b57,95.0,3,1786604276829,2026-08-13T13:57:56.829,1,1
5395,588aca26ed1bfc095abf2de16bf97b57,94.0,3,1786604277829,2026-08-13T13:57:57.829,1,1
5396,588aca26ed1bfc095abf2de16bf97b57,93.0,3,1786604278828,2026-08-13T13:57:58.828,1,1
5397,588aca26ed1bfc095abf2de16bf97b57,93.0,3,1786604279837,2026-08-13T13:57:59.837,1,1
5398,588aca26ed1bfc095abf2de16bf97b57,93.0,3,1786604280838,2026-08-13T13:58:00.838,1,1
5399,588aca26ed1bfc095abf2de16bf97b57,95.0,3,1786604281837,2026-08-13T13:58:01.837,1,1
5400,588aca26ed1bfc095abf2de16bf97b57,96.0,3,1786604282829,2026-08-13T13:58:02.829,1,1
5401,588aca26ed1bfc095abf2de16bf97b57,96.0,3,1786604283833,2026-08-13T13:58:03.833,1,1
5402,588aca26ed1bfc095abf2de16bf97b57,97.0,3,1786604284830,2026-08-13T13:58:04.830,1,1
5403,588aca26ed1bfc095abf2de16bf97b57,97.0,3,1786604285829,2026-08-13T13:58:05.829,1,1
5404,588aca26ed1bfc095abf2de16bf97b57,97.0,3,1786604286829,2026-08-13T13:58:06.829,1,1
5405,588aca26ed1bfc095abf2de16bf97b57,97.0,3,1786604287829,2026-08-13T13:58:07.829,1,1
5406,588aca26ed1bfc095abf2de16bf97b57,96.0,3,1786604288829,2026-08-13T13:58:08.829,1,1
5407,588aca26ed1bfc095abf2de16bf97b57,96.0,3,1786604289831,2026-08-13T13:58:09.831,1,1
5408,588aca26ed1bfc095abf2de16bf97b57,97.0,3,1786604290829,2026-08-13T13:58:10.829,1,1
5409,588aca26ed1bfc095abf2de16bf97b57,97.0,3,1786604291829,2026-08-13T13:58:11.829,1,1
5410,588aca26ed1bfc095abf2de16bf97b57,97.0,3,1786604292829,2026-08-13T13:58:12.829,1,1
5411,588aca26ed1bfc095abf2de16bf97b57,97.0,3,1786604293829,2026-08-13T13:58:13.829,1,1
5412,588aca26ed1bfc095abf2de16bf97b57,97.0,3,1786604294829,2026-08-13T13:58:14.829,1,1
5413,588aca26ed1bfc095abf2de16bf97b57,98.0,3,1786604295829,2026-08-13T13:58:15.829,1,1
5414,588aca26ed1bfc095abf2de16bf97b57,98.0,3,1786604296829,2026-08-13T13:58:16.829,1,1
5415,588aca26ed1bfc095abf2de16bf97b57,97.0,3,1786604297838,2026-08-13T13:58:17.838,1,1
5416,588aca26ed1bfc095abf2de16bf97b57,97.0,3,1786604298828,2026-08-13T13:58:18.828,1,1
5417,588aca26ed1bfc095abf2de16bf97b57,97.0,3,1786604299829,2026-08-13T13:58:19.829,1,1
5418,588aca26ed1bfc095abf2de16bf97b57,98.0,3,1786604300830,2026-08-13T13:58:20.830,1,1
5419,588aca26ed1bfc095abf2de16bf97b57,98.0,3,1786604301831,2026-08-13T13:58:21.831,1,1
5420,588aca26ed1bfc095abf2de16bf97b57,98.0,3,1786604302831,2026-08-13T13:58:22.831,1,1
5421,588aca26ed1bfc095abf2de16bf97b57,100.0,3,1786604303829,2026-08-13T13:58:23.829,1,1
5422,588aca26ed1bfc095abf2de16bf97b57,101.0,3,1786604304831,2026-08-13T13:58:24.831,1,1
5423,588aca26ed1bfc095abf2de16bf97b57,100.0,3,1786604305830,2026-08-13T13:58:25.830,1,1
5424,588aca26ed1bfc095abf2de16bf97b57,100.0,3,1786604306829,2026-08-13T13:58:26.829,1,1
5425,588aca26ed1bfc095abf2de16bf97b57,100.0,3,1786604307829,2026-08-13T13:58:27.829,1,1
5426,588aca26ed1bfc095abf2de16bf97b57,100.0,3,1786604308829,2026-08-13T13:58:28.829,1,1
5427,588aca26ed1bfc095abf2de16bf97b57,101.0,3,1786604309829,2026-08-13T13:58:29.829,1,1
5428,588aca26ed1bfc095abf2de16bf97b57,101.0,3,1786604310828,2026-08-13T13:58:30.828,1,1
5429,588aca26ed1bfc095abf2de16bf97b57,101.0,3,1786604311831,2026-08-13T13:58:31.831,1,1
5430,588aca26ed1bfc095abf2de16bf97b57,101.0,3,1786604312828,2026-08-13T13:58:32.828,1,1
5431,588aca26ed1bfc095abf2de16bf97b57,100.0,3,1786604313829,2026-08-13T13:58:33.829,1,1
5432,588aca26ed1bfc095abf2de16bf97b57,101.0,3,1786604314828,2026-08-13T13:58:34.828,1,1
5433,588aca26ed1bfc095abf2de16bf97b57,101.0,3,1786604315830,2026-08-13T13:58:35.830,1,1
5434,588aca26ed1bfc095abf2de16bf97b57,101.0,3,1786604316829,2026-08-13T13:58:36.829,1,1
5435,588aca26ed1bfc095abf2de16bf97b57,100.0,3,1786604317837,2026-08-13T13:58:37.837,1,1
5436,588aca26ed1bfc095abf2de16bf97b57,101.0,3,1786604318836,2026-08-13T13:58:38.836,1,1
5437,588aca26ed1bfc095abf2de16bf97b57,101.0,3,1786604319833,2026-08-13T13:58:39.833,1,1
5438,588aca26ed1bfc095abf2de16bf97b57,102.0,3,1786604320832,2026-08-13T13:58:40.832,1,1
5439,588aca26ed1bfc095abf2de16bf97b57,103.0,3,1786604321830,2026-08-13T13:58:41.830,1,1
5440,588aca26ed1bfc095abf2de16bf97b57,103.0,3,1786604322829,2026-08-13T13:58:42.829,1,1
5441,588aca26ed1bfc095abf2de16bf97b57,104.0,3,1786604323828,2026-08-13T13:58:43.828,1,1
5442,588aca26ed1bfc095abf2de16bf97b57,105.0,3,1786604324829,2026-08-13T13:58:44.829,1,1
5443,588aca26ed1bfc095abf2de16bf97b57,105.0,3,1786604325830,2026-08-13T13:58:45.830,1,1
5444,588aca26ed1bfc095abf2de16bf97b57,106.0,3,1786604326831,2026-08-13T13:58:46.831,1,1
5445,588aca26ed1bfc095abf2de16bf97b57,106.0,3,1786604327829,2026-08-13T13:58:47.829,1,1
5446,588aca26ed1bfc095abf2de16bf97b57,106.0,3,1786604328829,2026-08-13T13:58:48.829,1,1
5447,588aca26ed1bfc095abf2de16bf97b57,106.0,3,1786604329829,2026-08-13T13:58:49.829,1,1
5448,588aca26ed1bfc095abf2de16bf97b57,105.0,3,1786604330829,2026-08-13T13:58:50.829,1,1
5449,588aca26ed1bfc095abf2de16bf97b57,105.0,3,1786604331830,2026-08-13T13:58:51.830,1,1
5450,588aca26ed1bfc095abf2de16bf97b57,105.0,3,1786604332829,2026-08-13T13:58:52.829,1,1
5451,588aca26ed1bfc095abf2de16bf97b57,105.0,3,1786604333829,2026-08-13T13:58:53.829,1,1
5452,588aca26ed1bfc095abf2de16bf97b57,104.0,3,1786604334838,2026-08-13T13:58:54.838,1,1
5453,588aca26ed1bfc095abf2de16bf97b57,104.0,3,1786604335836,2026-08-13T13:58:55.836,1,1
5454,588aca26ed1bfc095abf2de16bf97b57,104.0,3,1786604336834,2026-08-13T13:58:56.834,1,1
5455,588aca26ed1bfc095abf2de16bf97b57,105.0,3,1786604337830,2026-08-13T13:58:57.830,1,1
5456,588aca26ed1bfc095abf2de16bf97b57,104.0,3,1786604338829,2026-08-13T13:58:58.829,1,1
5457,588aca26ed1bfc095abf2de16bf97b57,104.0,3,1786604339829,2026-08-13T13:58:59.829,1,1
5458,588aca26ed1bfc095abf2de16bf97b57,104.0,3,1786604340829,2026-08-13T13:59:00.829,1,1
5459,588aca26ed1bfc095abf2de16bf97b57,103.0,3,1786604341828,2026-08-13T13:59:01.828,1,1
5460,588aca26ed1bfc095abf2de16bf97b57,102.0,3,1786604342829,2026-08-13T13:59:02.829,1,1
5461,588aca26ed1bfc095abf2de16bf97b57,101.0,3,1786604343831,2026-08-13T13:59:03.831,1,1
5462,588aca26ed1bfc095abf2de16bf97b57,101.0,3,1786604344829,2026-08-13T13:59:04.829,1,1
5463,588aca26ed1bfc095abf2de16bf97b57,101.0,3,1786604345829,2026-08-13T13:59:05.829,1,1
5464,588aca26ed1bfc095abf2de16bf97b57,102.0,3,1786604346830,2026-08-13T13:59:06.830,1,1
5465,588aca26ed1bfc095abf2de16bf97b57,103.0,3,1786604347829,2026-08-13T13:59:07.829,1,1
5466,588aca26ed1bfc095abf2de16bf97b57,104.0,3,1786604348828,2026-08-13T13:59:08.828,1,1
5467,588aca26ed1bfc095abf2de16bf97b57,104.0,3,1786604349829,2026-08-13T13:59:09.829,1,1
5468,588aca26ed1bfc095abf2de16bf97b57,104.0,3,1786604350830,2026-08-13T13:59:10.830,1,1
5469,588aca26ed1bfc095abf2de16bf97b57,103.0,3,1786604351829,2026-08-13T13:59:11.829,1,1
5470,588aca26ed1bfc095abf2de16bf97b57,103.0,3,1786604352830,2026-08-13T13:59:12.830,1,1
5471,588aca26ed1bfc095abf2de16bf97b57,102.0,3,1786604353829,2026-08-13T13:59:13.829,1,1
5472,588aca26ed1bfc095abf2de16bf97b57,103.0,3,1786604354829,2026-08-13T13:59:14.829,1,1
5473,588aca26ed1bfc095abf2de16bf97b57,103.0,3,1786604355843,2026-08-13T13:59:15.843,1,0
5474,588aca26ed1bfc095abf2de16bf97b57,103.0,3,1786604356837,2026-08-13T13:59:16.837,1,1
5475,588aca26ed1bfc095abf2de16bf97b57,103.0,3,1786604357833,2026-08-13T13:59:17.833,1,1
5476,588aca26ed1bfc095abf2de16bf97b57,104.0,3,1786604358831,2026-08-13T13:59:18.831,1,1
5477,588aca26ed1bfc095abf2de16bf97b57,103.0,3,1786604359830,2026-08-13T13:59:19.830,1,1
5478,588aca26ed1bfc095abf2de16bf97b57,102.0,3,1786604360830,2026-08-13T13:59:20.830,1,1
5479,588aca26ed1bfc095abf2de16bf97b57,101.0,3,1786604361829,2026-08-13T13:59:21.829,1,1
5480,588aca26ed1bfc095abf2de16bf97b57,100.0,3,1786604362829,2026-08-13T13:59:22.829,1,1
5481,588aca26ed1bfc095abf2de16bf97b57,99.0,3,1786604363829,2026-08-13T13:59:23.829,1,1
5482,588aca26ed1bfc095abf2de16bf97b57,100.0,3,1786604364828,2026-08-13T13:59:24.828,1,1
5483,588aca26ed1bfc095abf2de16bf97b57,100.0,3,1786604365831,2026-08-13T13:59:25.831,1,1
5484,588aca26ed1bfc095abf2de16bf97b57,100.0,3,1786604366833,2026-08-13T13:59:26.833,1,1
5485,588aca26ed1bfc095abf2de16bf97b57,100.0,3,1786604367831,2026-08-13T13:59:27.831,1,1
5486,588aca26ed1bfc095abf2de16bf97b57,100.0,3,1786604368830,2026-08-13T13:59:28.830,1,1
5487,588aca26ed1bfc095abf2de16bf97b57,100.0,3,1786604369829,2026-08-13T13:59:29.829,1,1
5488,588aca26ed1bfc095abf2de16bf97b57,100.0,3,1786604370829,2026-08-13T13:59:30.829,1,1
5489,588aca26ed1bfc095abf2de16bf97b57,100.0,3,1786604371837,2026-08-13T13:59:31.837,1,1
5490,588aca26ed1bfc095abf2de16bf97b57,99.0,3,1786604372829,2026-08-13T13:59:32.829,1,1
5491,588aca26ed1bfc095abf2de16bf97b57,98.0,3,1786604373829,2026-08-13T13:59:33.829,1,1
5492,588aca26ed1bfc095abf2de16bf97b57,97.0,3,1786604374829,2026-08-13T13:59:34.829,1,1
5493,588aca26ed1bfc095abf2de16bf97b57,98.0,3,1786604375828,2026-08-13T13:59:35.828,1,1
5494,588aca26ed1bfc095abf2de16bf97b57,97.0,3,1786604376828,2026-08-13T13:59:36.828,1,1
5495,588aca26ed1bfc095abf2de16bf97b57,98.0,3,1786604377832,2026-08-13T13:59:37.832,1,1
5496,588aca26ed1bfc095abf2de16bf97b57,98.0,3,1786604378832,2026-08-13T13:59:38.832,1,1
5497,588aca26ed1bfc095abf2de16bf97b57,100.0,3,1786604379830,2026-08-13T13:59:39.830,1,1
5498,588aca26ed1bfc095abf2de16bf97b57,101.0,3,1786604380828,2026-08-13T13:59:40.828,1,1
5499,588aca26ed1bfc095abf2de16bf97b57,102.0,3,1786604381831,2026-08-13T13:59:41.831,1,1
5500,588aca26ed1bfc095abf2de16bf97b57,102.0,3,1786604382828,2026-08-13T13:59:42.828,1,1
5501,588aca26ed1bfc095abf2de16bf97b57,102.0,3,1786604383828,2026-08-13T13:59:43.828,1,1
5502,588aca26ed1bfc095abf2de16bf97b57,102.0,3,1786604384828,2026-08-13T13:59:44.828,1,1
5503,588aca26ed1bfc095abf2de16bf97b57,102.0,3,1786604385829,2026-08-13T13:59:45.829,1,1
5504,588aca26ed1bfc095abf2de16bf97b57,102.0,3,1786604386829,2026-08-13T13:59:46.829,1,1
5505,588aca26ed1bfc095abf2de16bf97b57,102.0,3,1786604387829,2026-08-13T13:59:47.829,1,1
5506,588aca26ed1bfc095abf2de16bf97b57,102.0,3,1786604388830,2026-08-13T13:59:48.830,1,1
5507,588aca26ed1bfc095abf2de16bf97b57,102.0,3,1786604389830,2026-08-13T13:59:49.830,1,1
5508,588aca26ed1bfc095abf2de16bf97b57,102.0,3,1786604390829,2026-08-13T13:59:50.829,1,1
5509,588aca26ed1bfc095abf2de16bf97b57,102.0,3,1786604391833,2026-08-13T13:59:51.833,1,1
5510,588aca26ed1bfc095abf2de16bf97b57,102.0,3,1786604392830,2026-08-13T13:59:52.830,1,1
5511,588aca26ed1bfc095abf2de16bf97b57,103.0,3,1786604393829,2026-08-13T13:59:53.829,1,1
5512,588aca26ed1bfc095abf2de16bf97b57,104.0,3,1786604394829,2026-08-13T13:59:54.829,1,1
5513,588aca26ed1bfc095abf2de16bf97b57,103.0,3,1786604395828,2026-08-13T13:59:55.828,1,1
5514,588aca26ed1bfc095abf2de16bf97b57,104.0,3,1786604396830,2026-08-13T13:59:56.830,1,1
5515,588aca26ed1bfc095abf2de16bf97b57,104.0,3,1786604397828,2026-08-13T13:59:57.828,1,1
5516,588aca26ed1bfc095abf2de16bf97b57,105.0,3,1786604398829,2026-08-13T13:59:58.829,1,1
5517,588aca26ed1bfc095abf2de16bf97b57,104.0,3,1786604399829,2026-08-13T13:59:59.829,1,1
5518,588aca26ed1bfc095abf2de16bf97b57,103.0,3,1786604400829,2026-08-13T14:00:00.829,1,1
5519,588aca26ed1bfc095abf2de16bf97b57,103.0,3,1786604401829,2026-08-13T14:00:01.829,1,1
5520,588aca26ed1bfc095abf2de16bf97b57,103.0,3,1786604402829,2026-08-13T14:00:02.829,1,1
5521,588aca26ed1bfc095abf2de16bf97b57,104.0,3,1786604403829,2026-08-13T14:00:03.829,1,1
5522,588aca26ed1bfc095abf2de16bf97b57,104.0,3,1786604404830,2026-08-13T14:00:04.830,1,1
5523,588aca26ed1bfc095abf2de16bf97b57,104.0,3,1786604405839,2026-08-13T14:00:05.839,1,1
5524,588aca26ed1bfc095abf2de16bf97b57,104.0,3,1786604406839,2026-08-13T14:00:06.839,1,1
5525,588aca26ed1bfc095abf2de16bf97b57,104.0,3,1786604407832,2026-08-13T14:00:07.832,1,1
5526,588aca26ed1bfc095abf2de16bf97b57,103.0,3,1786604408836,2026-08-13T14:00:08.836,1,1
5527,588aca26ed1bfc095abf2de16bf97b57,104.0,3,1786604409833,2026-08-13T14:00:09.833,1,1
5528,588aca26ed1bfc095abf2de16bf97b57,105.0,3,1786604410831,2026-08-13T14:00:10.831,1,1
5529,588aca26ed1bfc095abf2de16bf97b57,104.0,3,1786604411829,2026-08-13T14:00:11.829,1,1
5530,588aca26ed1bfc095abf2de16bf97b57,104.0,3,1786604412829,2026-08-13T14:00:12.829,1,1
5531,588aca26ed1bfc095abf2de16bf97b57,103.0,3,1786604413829,2026-08-13T14:00:13.829,1,1
5532,588aca26ed1bfc095abf2de16bf97b57,102.0,3,1786604414829,2026-08-13T14:00:14.829,1,1
5533,588aca26ed1bfc095abf2de16bf97b57,101.0,3,1786604415829,2026-08-13T14:00:15.829,1,1
5534,588aca26ed1bfc095abf2de16bf97b57,100.0,3,1786604416830,2026-08-13T14:00:16.830,1,1
5535,588aca26ed1bfc095abf2de16bf97b57,98.0,3,1786604417831,2026-08-13T14:00:17.831,1,1
5536,588aca26ed1bfc095abf2de16bf97b57,98.0,3,1786604418831,2026-08-13T14:00:18.831,1,1
5537,588aca26ed1bfc095abf2de16bf97b57,100.0,3,1786604419829,2026-08-13T14:00:19.829,1,1
5538,588aca26ed1bfc095abf2de16bf97b57,101.0,3,1786604420829,2026-08-13T14:00:20.829,1,1
5539,588aca26ed1bfc095abf2de16bf97b57,101.0,3,1786604421829,2026-08-13T14:00:21.829,1,1
5540,588aca26ed1bfc095abf2de16bf97b57,102.0,3,1786604422829,2026-08-13T14:00:22.829,1,1
5541,588aca26ed1bfc095abf2de16bf97b57,103.0,3,1786604423829,2026-08-13T14:00:23.829,1,1
5542,588aca26ed1bfc095abf2de16bf97b57,103.0,3,1786604424829,2026-08-13T14:00:24.829,1,1
5543,588aca26ed1bfc095abf2de16bf97b57,103.0,3,1786604425829,2026-08-13T14:00:25.829,1,1
5544,588aca26ed1bfc095abf2de16bf97b57,103.0,3,1786604426829,2026-08-13T14:00:26.829,1,1
5545,588aca26ed1bfc095abf2de16bf97b57,102.0,3,1786604427833,2026-08-13T14:00:27.833,1,1
5546,588aca26ed1bfc095abf2de16bf97b57,102.0,3,1786604428836,2026-08-13T14:00:28.836,1,1
5547,588aca26ed1bfc095abf2de16bf97b57,104.0,3,1786604429833,2026-08-13T14:00:29.833,1,1
5548,588aca26ed1bfc095abf2de16bf97b57,105.0,3,1786604430829,2026-08-13T14:00:30.829,1,1
5549,588aca26ed1bfc095abf2de16bf97b57,106.0,3,1786604431831,2026-08-13T14:00:31.831,1,1
5550,588aca26ed1bfc095abf2de16bf97b57,108.0,3,1786604432828,2026-08-13T14:00:32.828,1,1
5551,588aca26ed1bfc095abf2de16bf97b57,108.0,3,1786604433830,2026-08-13T14:00:33.830,1,1
5552,588aca26ed1bfc095abf2de16bf97b57,108.0,3,1786604434831,2026-08-13T14:00:34.831,1,1
5553,588aca26ed1bfc095abf2de16bf97b57,109.0,3,1786604435831,2026-08-13T14:00:35.831,1,1
5554,588aca26ed1bfc095abf2de16bf97b57,109.0,3,1786604436831,2026-08-13T14:00:36.831,1,1
5555,588aca26ed1bfc095abf2de16bf97b57,109.0,3,1786604437830,2026-08-13T14:00:37.830,1,1
5556,588aca26ed1bfc095abf2de16bf97b57,109.0,3,1786604438828,2026-08-13T14:00:38.828,1,1
5557,588aca26ed1bfc095abf2de16bf97b57,110.0,3,1786604439830,2026-08-13T14:00:39.830,1,1
5558,588aca26ed1bfc095abf2de16bf97b57,111.0,3,1786604440829,2026-08-13T14:00:40.829,1,1
5559,588aca26ed1bfc095abf2de16bf97b57,112.0,3,1786604441830,2026-08-13T14:00:41.830,1,1
5560,588aca26ed1bfc095abf2de16bf97b57,113.0,3,1786604442829,2026-08-13T14:00:42.829,1,1
5561,588aca26ed1bfc095abf2de16bf97b57,114.0,3,1786604443829,2026-08-13T14:00:43.829,1,1
5562,588aca26ed1bfc095abf2de16bf97b57,115.0,3,1786604444829,2026-08-13T14:00:44.829,1,1
5563,588aca26ed1bfc095abf2de16bf97b57,116.0,3,1786604445829,2026-08-13T14:00:45.829,1,1
5564,588aca26ed1bfc095abf2de16bf97b57,115.0,3,1786604446840,2026-08-13T14:00:46.840,1,1
5565,588aca26ed1bfc095abf2de16bf97b57,114.0,3,1786604447837,2026-08-13T14:00:47.837,1,1
5566,588aca26ed1bfc095abf2de16bf97b57,112.0,3,1786604448833,2026-08-13T14:00:48.833,1,1
5567,588aca26ed1bfc095abf2de16bf97b57,110.0,3,1786604449833,2026-08-13T14:00:49.833,1,1
5568,588aca26ed1bfc095abf2de16bf97b57,109.0,3,1786604450832,2026-08-13T14:00:50.832,1,1
5569,588aca26ed1bfc095abf2de16bf97b57,108.0,3,1786604451830,2026-08-13T14:00:51.830,1,1
5570,588aca26ed1bfc095abf2de16bf97b57,107.0,3,1786604452829,2026-08-13T14:00:52.829,1,1
5571,588aca26ed1bfc095abf2de16bf97b57,107.0,3,1786604453829,2026-08-13T14:00:53.829,1,1
5572,588aca26ed1bfc095abf2de16bf97b57,107.0,3,1786604454829,2026-08-13T14:00:54.829,1,1
5573,588aca26ed1bfc095abf2de16bf97b57,107.0,3,1786604455829,2026-08-13T14:00:55.829,1,1
5574,588aca26ed1bfc095abf2de16bf97b57,107.0,3,1786604456829,2026-08-13T14:00:56.829,1,1
5575,588aca26ed1bfc095abf2de16bf97b57,108.0,3,1786604457830,2026-08-13T14:00:57.830,1,1
5576,588aca26ed1bfc095abf2de16bf97b57,107.0,3,1786604458831,2026-08-13T14:00:58.831,1,1
5577,588aca26ed1bfc095abf2de16bf97b57,106.0,3,1786604459838,2026-08-13T14:00:59.838,1,1
5578,588aca26ed1bfc095abf2de16bf97b57,105.0,3,1786604460830,2026-08-13T14:01:00.830,1,1
5579,588aca26ed1bfc095abf2de16bf97b57,104.0,3,1786604461829,2026-08-13T14:01:01.829,1,1
5580,588aca26ed1bfc095abf2de16bf97b57,103.0,3,1786604462829,2026-08-13T14:01:02.829,1,1
5581,588aca26ed1bfc095abf2de16bf97b57,104.0,3,1786604463829,2026-08-13T14:01:03.829,1,1
5582,588aca26ed1bfc095abf2de16bf97b57,104.0,3,1786604464829,2026-08-13T14:01:04.829,1,1
5583,588aca26ed1bfc095abf2de16bf97b57,104.0,3,1786604465829,2026-08-13T14:01:05.829,1,1
5584,588aca26ed1bfc095abf2de16bf97b57,104.0,3,1786604466829,2026-08-13T14:01:06.829,1,1
5585,588aca26ed1bfc095abf2de16bf97b57,103.0,3,1786604467829,2026-08-13T14:01:07.829,1,1
5586,588aca26ed1bfc095abf2de16bf97b57,102.0,3,1786604468829,2026-08-13T14:01:08.829,1,1
5587,588aca26ed1bfc095abf2de16bf97b57,101.0,3,1786604469829,2026-08-13T14:01:09.829,1,1
5588,588aca26ed1bfc095abf2de16bf97b57,100.0,3,1786604470830,2026-08-13T14:01:10.830,1,1
5589,588aca26ed1bfc095abf2de16bf97b57,100.0,3,1786604471839,2026-08-13T14:01:11.839,1,1
5590,588aca26ed1bfc095abf2de16bf97b57,100.0,3,1786604472834,2026-08-13T14:01:12.834,1,1
5591,588aca26ed1bfc095abf2de16bf97b57,100.0,3,1786604473838,2026-08-13T14:01:13.838,1,1
5592,588aca26ed1bfc095abf2de16bf97b57,100.0,3,1786604474835,2026-08-13T14:01:14.835,1,1
5593,588aca26ed1bfc095abf2de16bf97b57,101.0,3,1786604475835,2026-08-13T14:01:15.835,1,1
5594,588aca26ed1bfc095abf2de16bf97b57,101.0,3,1786604476836,2026-08-13T14:01:16.836,1,1
5595,588aca26ed1bfc095abf2de16bf97b57,101.0,3,1786604477832,2026-08-13T14:01:17.832,1,1
5596,588aca26ed1bfc095abf2de16bf97b57,101.0,3,1786604478832,2026-08-13T14:01:18.832,1,1
5597,588aca26ed1bfc095abf2de16bf97b57,101.0,3,1786604479830,2026-08-13T14:01:19.830,1,1
5598,588aca26ed1bfc095abf2de16bf97b57,101.0,3,1786604480830,2026-08-13T14:01:20.830,1,1
5599,588aca26ed1bfc095abf2de16bf97b57,100.0,3,1786604481829,2026-08-13T14:01:21.829,1,1
5600,588aca26ed1bfc095abf2de16bf97b57,100.0,3,1786604482829,2026-08-13T14:01:22.829,1,1
5601,588aca26ed1bfc095abf2de16bf97b57,100.0,3,1786604483828,2026-08-13T14:01:23.828,1,1
5602,588aca26ed1bfc095abf2de16bf97b57,101.0,3,1786604484828,2026-08-13T14:01:24.828,1,1
5603,588aca26ed1bfc095abf2de16bf97b57,102.0,3,1786604485829,2026-08-13T14:01:25.829,1,1
5604,588aca26ed1bfc095abf2de16bf97b57,103.0,3,1786604486828,2026-08-13T14:01:26.828,1,1
5605,588aca26ed1bfc095abf2de16bf97b57,103.0,3,1786604487843,2026-08-13T14:01:27.843,1,1
5606,588aca26ed1bfc095abf2de16bf97b57,102.0,3,1786604488831,2026-08-13T14:01:28.831,1,1
5607,588aca26ed1bfc095abf2de16bf97b57,102.0,3,1786604489832,2026-08-13T14:01:29.832,1,1
5608,588aca26ed1bfc095abf2de16bf97b57,102.0,3,1786604490830,2026-08-13T14:01:30.830,1,1
5609,588aca26ed1bfc095abf2de16bf97b57,101.0,3,1786604491830,2026-08-13T14:01:31.830,1,1
5610,588aca26ed1bfc095abf2de16bf97b57,100.0,3,1786604492829,2026-08-13T14:01:32.829,1,1
5611,588aca26ed1bfc095abf2de16bf97b57,101.0,3,1786604493829,2026-08-13T14:01:33.829,1,1
5612,588aca26ed1bfc095abf2de16bf97b57,100.0,3,1786604494829,2026-08-13T14:01:34.829,1,1
5613,588aca26ed1bfc095abf2de16bf97b57,101.0,3,1786604495829,2026-08-13T14:01:35.829,1,1
5614,588aca26ed1bfc095abf2de16bf97b57,104.0,3,1786604496829,2026-08-13T14:01:36.829,1,1
5615,588aca26ed1bfc095abf2de16bf97b57,106.0,3,1786604497829,2026-08-13T14:01:37.829,1,1
5616,588aca26ed1bfc095abf2de16bf97b57,108.0,3,1786604498828,2026-08-13T14:01:38.828,1,1
5617,588aca26ed1bfc095abf2de16bf97b57,109.0,3,1786604499832,2026-08-13T14:01:39.832,1,1
5618,588aca26ed1bfc095abf2de16bf97b57,109.0,3,1786604500837,2026-08-13T14:01:40.837,1,1
5619,588aca26ed1bfc095abf2de16bf97b57,110.0,3,1786604501832,2026-08-13T14:01:41.832,1,1
5620,588aca26ed1bfc095abf2de16bf97b57,111.0,3,1786604502828,2026-08-13T14:01:42.828,1,1
5621,588aca26ed1bfc095abf2de16bf97b57,112.0,3,1786604503833,2026-08-13T14:01:43.833,1,1
5622,588aca26ed1bfc095abf2de16bf97b57,113.0,3,1786604504828,2026-08-13T14:01:44.828,1,1
5623,588aca26ed1bfc095abf2de16bf97b57,114.0,3,1786604505828,2026-08-13T14:01:45.828,1,1
5624,588aca26ed1bfc095abf2de16bf97b57,115.0,3,1786604506828,2026-08-13T14:01:46.828,1,1
5625,588aca26ed1bfc095abf2de16bf97b57,116.0,3,1786604507829,2026-08-13T14:01:47.829,1,1
5626,588aca26ed1bfc095abf2de16bf97b57,116.0,3,1786604508829,2026-08-13T14:01:48.829,1,1
5627,588aca26ed1bfc095abf2de16bf97b57,115.0,3,1786604509829,2026-08-13T14:01:49.829,1,1
5628,588aca26ed1bfc095abf2de16bf97b57,115.0,3,1786604510829,2026-08-13T14:01:50.829,1,1
5629,588aca26ed1bfc095abf2de16bf97b57,114.0,3,1786604511831,2026-08-13T14:01:51.831,1,1
5630,588aca26ed1bfc095abf2de16bf97b57,114.0,3,1786604512830,2026-08-13T14:01:52.830,1,1
5631,588aca26ed1bfc095abf2de16bf97b57,115.0,3,1786604513829,2026-08-13T14:01:53.829,1,1
5632,588aca26ed1bfc095abf2de16bf97b57,115.0,3,1786604514830,2026-08-13T14:01:54.830,1,1
5633,588aca26ed1bfc095abf2de16bf97b57,114.0,3,1786604515829,2026-08-13T14:01:55.829,1,1
5634,588aca26ed1bfc095abf2de16bf97b57,114.0,3,1786604516829,2026-08-13T14:01:56.829,1,1
5635,588aca26ed1bfc095abf2de16bf97b57,115.0,3,1786604517829,2026-08-13T14:01:57.829,1,1
5636,588aca26ed1bfc095abf2de16bf97b57,115.0,3,1786604518829,2026-08-13T14:01:58.829,1,1
5637,588aca26ed1bfc095abf2de16bf97b57,115.0,3,1786604519829,2026-08-13T14:01:59.829,1,1
5638,588aca26ed1bfc095abf2de16bf97b57,114.0,3,1786604520829,2026-08-13T14:02:00.829,1,1
5639,588aca26ed1bfc095abf2de16bf97b57,113.0,3,1786604521829,2026-08-13T14:02:01.829,1,1
5640,588aca26ed1bfc095abf2de16bf97b57,114.0,3,1786604522829,2026-08-13T14:02:02.829,1,1
5641,588aca26ed1bfc095abf2de16bf97b57,114.0,3,1786604523839,2026-08-13T14:02:03.839,1,1
5642,588aca26ed1bfc095abf2de16bf97b57,113.0,3,1786604524832,2026-08-13T14:02:04.832,1,1
5643,588aca26ed1bfc095abf2de16bf97b57,112.0,3,1786604525837,2026-08-13T14:02:05.837,1,1
5644,588aca26ed1bfc095abf2de16bf97b57,111.0,3,1786604526834,2026-08-13T14:02:06.834,1,1
5645,588aca26ed1bfc095abf2de16bf97b57,109.0,3,1786604527834,2026-08-13T14:02:07.834,1,1
5646,588aca26ed1bfc095abf2de16bf97b57,109.0,3,1786604528832,2026-08-13T14:02:08.832,1,1
5647,588aca26ed1bfc095abf2de16bf97b57,108.0,3,1786604529832,2026-08-13T14:02:09.832,1,1
5648,588aca26ed1bfc095abf2de16bf97b57,108.0,3,1786604530830,2026-08-13T14:02:10.830,1,1
5649,588aca26ed1bfc095abf2de16bf97b57,107.0,3,1786604531830,2026-08-13T14:02:11.830,1,1
5650,588aca26ed1bfc095abf2de16bf97b57,106.0,3,1786604532830,2026-08-13T14:02:12.830,1,1
5651,588aca26ed1bfc095abf2de16bf97b57,106.0,3,1786604533829,2026-08-13T14:02:13.829,1,1
5652,588aca26ed1bfc095abf2de16bf97b57,105.0,3,1786604534829,2026-08-13T14:02:14.829,1,1
5653,588aca26ed1bfc095abf2de16bf97b57,104.0,3,1786604535829,2026-08-13T14:02:15.829,1,1
5654,588aca26ed1bfc095abf2de16bf97b57,104.0,3,1786604536830,2026-08-13T14:02:16.830,1,1
5655,588aca26ed1bfc095abf2de16bf97b57,104.0,3,1786604537830,2026-08-13T14:02:17.830,1,1
5656,588aca26ed1bfc095abf2de16bf97b57,105.0,3,1786604538829,2026-08-13T14:02:18.829,1,1
5657,588aca26ed1bfc095abf2de16bf97b57,105.0,3,1786604539829,2026-08-13T14:02:19.829,1,1
5658,588aca26ed1bfc095abf2de16bf97b57,105.0,3,1786604540829,2026-08-13T14:02:20.829,1,1
5659,588aca26ed1bfc095abf2de16bf97b57,106.0,3,1786604541829,2026-08-13T14:02:21.829,1,1
5660,588aca26ed1bfc095abf2de16bf97b57,106.0,3,1786604542830,2026-08-13T14:02:22.830,1,1
5661,588aca26ed1bfc095abf2de16bf97b57,106.0,3,1786604543829,2026-08-13T14:02:23.829,1,1
5662,588aca26ed1bfc095abf2de16bf97b57,106.0,3,1786604544829,2026-08-13T14:02:24.829,1,1
5663,588aca26ed1bfc095abf2de16bf97b57,106.0,3,1786604545830,2026-08-13T14:02:25.830,1,1
5664,588aca26ed1bfc095abf2de16bf97b57,105.0,3,1786604546841,2026-08-13T14:02:26.841,1,1
5665,588aca26ed1bfc095abf2de16bf97b57,105.0,3,1786604547840,2026-08-13T14:02:27.840,1,1
5666,588aca26ed1bfc095abf2de16bf97b57,104.0,3,1786604548836,2026-08-13T14:02:28.836,1,1
5667,588aca26ed1bfc095abf2de16bf97b57,105.0,3,1786604549834,2026-08-13T14:02:29.834,1,1
5668,588aca26ed1bfc095abf2de16bf97b57,105.0,3,1786604550830,2026-08-13T14:02:30.830,1,1
5669,588aca26ed1bfc095abf2de16bf97b57,105.0,3,1786604551829,2026-08-13T14:02:31.829,1,1
5670,588aca26ed1bfc095abf2de16bf97b57,104.0,3,1786604552829,2026-08-13T14:02:32.829,1,1
5671,588aca26ed1bfc095abf2de16bf97b57,104.0,3,1786604553829,2026-08-13T14:02:33.829,1,1
5672,588aca26ed1bfc095abf2de16bf97b57,103.0,3,1786604554832,2026-08-13T14:02:34.832,1,1
5673,588aca26ed1bfc095abf2de16bf97b57,105.0,3,1786604555830,2026-08-13T14:02:35.830,1,1
5674,588aca26ed1bfc095abf2de16bf97b57,106.0,3,1786604556829,2026-08-13T14:02:36.829,1,1
5675,588aca26ed1bfc095abf2de16bf97b57,107.0,3,1786604557829,2026-08-13T14:02:37.829,1,1
5676,588aca26ed1bfc095abf2de16bf97b57,108.0,3,1786604558829,2026-08-13T14:02:38.829,1,1
5677,588aca26ed1bfc095abf2de16bf97b57,109.0,3,1786604559829,2026-08-13T14:02:39.829,1,1
5678,588aca26ed1bfc095abf2de16bf97b57,108.0,3,1786604560830,2026-08-13T14:02:40.830,1,1
5679,588aca26ed1bfc095abf2de16bf97b57,107.0,3,1786604561829,2026-08-13T14:02:41.829,1,1
5680,588aca26ed1bfc095abf2de16bf97b57,105.0,3,1786604562829,2026-08-13T14:02:42.829,1,1
5681,588aca26ed1bfc095abf2de16bf97b57,105.0,3,1786604563829,2026-08-13T14:02:43.829,1,1
5682,588aca26ed1bfc095abf2de16bf97b57,105.0,3,1786604564839,2026-08-13T14:02:44.839,1,1
5683,588aca26ed1bfc095abf2de16bf97b57,103.0,3,1786604565837,2026-08-13T14:02:45.837,1,1
5684,588aca26ed1bfc095abf2de16bf97b57,103.0,3,1786604566835,2026-08-13T14:02:46.835,1,1
5685,588aca26ed1bfc095abf2de16bf97b57,106.0,3,1786604567833,2026-08-13T14:02:47.833,1,1
5686,588aca26ed1bfc095abf2de16bf97b57,106.0,3,1786604568830,2026-08-13T14:02:48.830,1,1
5687,588aca26ed1bfc095abf2de16bf97b57,106.0,3,1786604569829,2026-08-13T14:02:49.829,1,1
5688,588aca26ed1bfc095abf2de16bf97b57,106.0,3,1786604570829,2026-08-13T14:02:50.829,1,1
5689,588aca26ed1bfc095abf2de16bf97b57,104.0,3,1786604571829,2026-08-13T14:02:51.829,1,1
5690,588aca26ed1bfc095abf2de16bf97b57,106.0,3,1786604572828,2026-08-13T14:02:52.828,1,1
5691,588aca26ed1bfc095abf2de16bf97b57,106.0,3,1786604573828,2026-08-13T14:02:53.828,1,1
5692,588aca26ed1bfc095abf2de16bf97b57,105.0,3,1786604574829,2026-08-13T14:02:54.829,1,1
5693,588aca26ed1bfc095abf2de16bf97b57,104.0,3,1786604575829,2026-08-13T14:02:55.829,1,1
5694,588aca26ed1bfc095abf2de16bf97b57,103.0,3,1786604576833,2026-08-13T14:02:56.833,1,1
5695,588aca26ed1bfc095abf2de16bf97b57,102.0,3,1786604577831,2026-08-13T14:02:57.831,1,1
5696,588aca26ed1bfc095abf2de16bf97b57,101.0,3,1786604578831,2026-08-13T14:02:58.831,1,1
5697,588aca26ed1bfc095abf2de16bf97b57,100.0,3,1786604579829,2026-08-13T14:02:59.829,1,1
5698,588aca26ed1bfc095abf2de16bf97b57,100.0,3,1786604580830,2026-08-13T14:03:00.830,1,1
5699,588aca26ed1bfc095abf2de16bf97b57,100.0,3,1786604581829,2026-08-13T14:03:01.829,1,1
5700,588aca26ed1bfc095abf2de16bf97b57,99.0,3,1786604582829,2026-08-13T14:03:02.829,1,1
5701,588aca26ed1bfc095abf2de16bf97b57,99.0,3,1786604583829,2026-08-13T14:03:03.829,1,1
5702,588aca26ed1bfc095abf2de16bf97b57,99.0,3,1786604584829,2026-08-13T14:03:04.829,1,1
5703,588aca26ed1bfc095abf2de16bf97b57,98.0,3,1786604585829,2026-08-13T14:03:05.829,1,1
5704,588aca26ed1bfc095abf2de16bf97b57,98.0,3,1786604586832,2026-08-13T14:03:06.832,1,1
5705,588aca26ed1bfc095abf2de16bf97b57,98.0,3,1786604587829,2026-08-13T14:03:07.829,1,0
5706,588aca26ed1bfc095abf2de16bf97b57,97.0,3,1786604588830,2026-08-13T14:03:08.830,1,1
5707,588aca26ed1bfc095abf2de16bf97b57,97.0,3,1786604589829,2026-08-13T14:03:09.829,1,1
5708,588aca26ed1bfc095abf2de16bf97b57,98.0,3,1786604590834,2026-08-13T14:03:10.834,1,1
5709,588aca26ed1bfc095abf2de16bf97b57,98.0,3,1786604591833,2026-08-13T14:03:11.833,1,1
5710,588aca26ed1bfc095abf2de16bf97b57,98.0,3,1786604592831,2026-08-13T14:03:12.831,1,1
5711,588aca26ed1bfc095abf2de16bf97b57,98.0,3,1786604593829,2026-08-13T14:03:13.829,1,1
5712,588aca26ed1bfc095abf2de16bf97b57,98.0,3,1786604594829,2026-08-13T14:03:14.829,1,1
5713,588aca26ed1bfc095abf2de16bf97b57,97.0,3,1786604595829,2026-08-13T14:03:15.829,1,1
5714,588aca26ed1bfc095abf2de16bf97b57,96.0,3,1786604596839,2026-08-13T14:03:16.839,1,1
5715,588aca26ed1bfc095abf2de16bf97b57,96.0,3,1786604597830,2026-08-13T14:03:17.830,1,1
5716,588aca26ed1bfc095abf2de16bf97b57,97.0,3,1786604598828,2026-08-13T14:03:18.828,1,1
5717,588aca26ed1bfc095abf2de16bf97b57,98.0,3,1786604599829,2026-08-13T14:03:19.829,1,1
5718,588aca26ed1bfc095abf2de16bf97b57,99.0,3,1786604600829,2026-08-13T14:03:20.829,1,1
5719,588aca26ed1bfc095abf2de16bf97b57,100.0,3,1786604601829,2026-08-13T14:03:21.829,1,1
5720,588aca26ed1bfc095abf2de16bf97b57,101.0,3,1786604602830,2026-08-13T14:03:22.830,1,1
5721,588aca26ed1bfc095abf2de16bf97b57,100.0,3,1786604603829,2026-08-13T14:03:23.829,1,1
5722,588aca26ed1bfc095abf2de16bf97b57,99.0,3,1786604604828,2026-08-13T14:03:24.828,1,1
5723,588aca26ed1bfc095abf2de16bf97b57,99.0,3,1786604605828,2026-08-13T14:03:25.828,1,1
5724,588aca26ed1bfc095abf2de16bf97b57,99.0,3,1786604606829,2026-08-13T14:03:26.829,1,1
5725,588aca26ed1bfc095abf2de16bf97b57,99.0,3,1786604607829,2026-08-13T14:03:27.829,1,1
5726,588aca26ed1bfc095abf2de16bf97b57,99.0,3,1786604608838,2026-08-13T14:03:28.838,1,1
5727,588aca26ed1bfc095abf2de16bf97b57,100.0,3,1786604609836,2026-08-13T14:03:29.836,1,1
5728,588aca26ed1bfc095abf2de16bf97b57,100.0,3,1786604610829,2026-08-13T14:03:30.829,1,1
5729,588aca26ed1bfc095abf2de16bf97b57,100.0,3,1786604611835,2026-08-13T14:03:31.835,1,1
5730,588aca26ed1bfc095abf2de16bf97b57,100.0,3,1786604612837,2026-08-13T14:03:32.837,1,1
5731,588aca26ed1bfc095abf2de16bf97b57,100.0,3,1786604613833,2026-08-13T14:03:33.833,1,1
5732,588aca26ed1bfc095abf2de16bf97b57,100.0,3,1786604614833,2026-08-13T14:03:34.833,1,1
5733,588aca26ed1bfc095abf2de16bf97b57,99.0,3,1786604615828,2026-08-13T14:03:35.828,1,1
5734,588aca26ed1bfc095abf2de16bf97b57,98.0,3,1786604616829,2026-08-13T14:03:36.829,1,1
5735,588aca26ed1bfc095abf2de16bf97b57,99.0,3,1786604617835,2026-08-13T14:03:37.835,1,1
5736,588aca26ed1bfc095abf2de16bf97b57,100.0,3,1786604618829,2026-08-13T14:03:38.829,1,1
5737,588aca26ed1bfc095abf2de16bf97b57,100.0,3,1786604619829,2026-08-13T14:03:39.829,1,1
5738,588aca26ed1bfc095abf2de16bf97b57,101.0,3,1786604620829,2026-08-13T14:03:40.829,1,1
5739,588aca26ed1bfc095abf2de16bf97b57,101.0,3,1786604621831,2026-08-13T14:03:41.831,1,1
5740,588aca26ed1bfc095abf2de16bf97b57,101.0,3,1786604622829,2026-08-13T14:03:42.829,1,1
5741,588aca26ed1bfc095abf2de16bf97b57,101.0,3,1786604623829,2026-08-13T14:03:43.829,1,1
5742,588aca26ed1bfc095abf2de16bf97b57,101.0,3,1786604624830,2026-08-13T14:03:44.830,1,1
5743,588aca26ed1bfc095abf2de16bf97b57,101.0,3,1786604625829,2026-08-13T14:03:45.829,1,1
5744,588aca26ed1bfc095abf2de16bf97b57,100.0,3,1786604626829,2026-08-13T14:03:46.829,1,1
5745,588aca26ed1bfc095abf2de16bf97b57,100.0,3,1786604627829,2026-08-13T14:03:47.829,1,1
5746,588aca26ed1bfc095abf2de16bf97b57,101.0,3,1786604628829,2026-08-13T14:03:48.829,1,1
5747,588aca26ed1bfc095abf2de16bf97b57,101.0,3,1786604629839,2026-08-13T14:03:49.839,1,1
5748,588aca26ed1bfc095abf2de16bf97b57,102.0,3,1786604630838,2026-08-13T14:03:50.838,1,1
5749,588aca26ed1bfc095abf2de16bf97b57,101.0,3,1786604631836,2026-08-13T14:03:51.836,1,1
5750,588aca26ed1bfc095abf2de16bf97b57,100.0,3,1786604632832,2026-08-13T14:03:52.832,1,1
5751,588aca26ed1bfc095abf2de16bf97b57,100.0,3,1786604633834,2026-08-13T14:03:53.834,1,1
5752,588aca26ed1bfc095abf2de16bf97b57,99.0,3,1786604634835,2026-08-13T14:03:54.835,1,1
5753,588aca26ed1bfc095abf2de16bf97b57,100.0,3,1786604635831,2026-08-13T14:03:55.831,1,1
5754,588aca26ed1bfc095abf2de16bf97b57,101.0,3,1786604636829,2026-08-13T14:03:56.829,1,1
5755,588aca26ed1bfc095abf2de16bf97b57,102.0,3,1786604637830,2026-08-13T14:03:57.830,1,1
5756,588aca26ed1bfc095abf2de16bf97b57,102.0,3,1786604638829,2026-08-13T14:03:58.829,1,1
5757,588aca26ed1bfc095abf2de16bf97b57,103.0,3,1786604639829,2026-08-13T14:03:59.829,1,1
5758,588aca26ed1bfc095abf2de16bf97b57,104.0,3,1786604640829,2026-08-13T14:04:00.829,1,1
5759,588aca26ed1bfc095abf2de16bf97b57,105.0,3,1786604641829,2026-08-13T14:04:01.829,1,1
5760,588aca26ed1bfc095abf2de16bf97b57,106.0,3,1786604642830,2026-08-13T14:04:02.830,1,1
5761,588aca26ed1bfc095abf2de16bf97b57,106.0,3,1786604643829,2026-08-13T14:04:03.829,1,1
5762,588aca26ed1bfc095abf2de16bf97b57,106.0,3,1786604644829,2026-08-13T14:04:04.829,1,1
5763,588aca26ed1bfc095abf2de16bf97b57,105.0,3,1786604645829,2026-08-13T14:04:05.829,1,1
5764,588aca26ed1bfc095abf2de16bf97b57,105.0,3,1786604646829,2026-08-13T14:04:06.829,1,1
5765,588aca26ed1bfc095abf2de16bf97b57,106.0,3,1786604647830,2026-08-13T14:04:07.830,1,1
5766,588aca26ed1bfc095abf2de16bf97b57,106.0,3,1786604648829,2026-08-13T14:04:08.829,1,1
5767,588aca26ed1bfc095abf2de16bf97b57,105.0,3,1786604649829,2026-08-13T14:04:09.829,1,1
5768,588aca26ed1bfc095abf2de16bf97b57,104.0,3,1786604650830,2026-08-13T14:04:10.830,1,1
5769,588aca26ed1bfc095abf2de16bf97b57,104.0,3,1786604651838,2026-08-13T14:04:11.838,1,1
5770,588aca26ed1bfc095abf2de16bf97b57,104.0,3,1786604652837,2026-08-13T14:04:12.837,1,1
5771,588aca26ed1bfc095abf2de16bf97b57,105.0,3,1786604653833,2026-08-13T14:04:13.833,1,1
5772,588aca26ed1bfc095abf2de16bf97b57,105.0,3,1786604654829,2026-08-13T14:04:14.829,1,1
5773,588aca26ed1bfc095abf2de16bf97b57,106.0,3,1786604655829,2026-08-13T14:04:15.829,1,1
5774,588aca26ed1bfc095abf2de16bf97b57,106.0,3,1786604656831,2026-08-13T14:04:16.831,1,1
5775,588aca26ed1bfc095abf2de16bf97b57,107.0,3,1786604657829,2026-08-13T14:04:17.829,1,1
5776,588aca26ed1bfc095abf2de16bf97b57,107.0,3,1786604658830,2026-08-13T14:04:18.830,1,1
5777,588aca26ed1bfc095abf2de16bf97b57,106.0,3,1786604659829,2026-08-13T14:04:19.829,1,1
5778,588aca26ed1bfc095abf2de16bf97b57,105.0,3,1786604660829,2026-08-13T14:04:20.829,1,1
5779,588aca26ed1bfc095abf2de16bf97b57,105.0,3,1786604661830,2026-08-13T14:04:21.830,1,1
5780,588aca26ed1bfc095abf2de16bf97b57,105.0,3,1786604662831,2026-08-13T14:04:22.831,1,1
5781,588aca26ed1bfc095abf2de16bf97b57,104.0,3,1786604663830,2026-08-13T14:04:23.830,1,1
5782,588aca26ed1bfc095abf2de16bf97b57,104.0,3,1786604664830,2026-08-13T14:04:24.830,1,1
5783,588aca26ed1bfc095abf2de16bf97b57,102.0,3,1786604665828,2026-08-13T14:04:25.828,1,1
5784,588aca26ed1bfc095abf2de16bf97b57,102.0,3,1786604666828,2026-08-13T14:04:26.828,1,1
5785,588aca26ed1bfc095abf2de16bf97b57,103.0,3,1786604667829,2026-08-13T14:04:27.829,1,1
5786,588aca26ed1bfc095abf2de16bf97b57,104.0,3,1786604668832,2026-08-13T14:04:28.832,1,1
5787,588aca26ed1bfc095abf2de16bf97b57,104.0,3,1786604669828,2026-08-13T14:04:29.828,1,1
5788,588aca26ed1bfc095abf2de16bf97b57,104.0,3,1786604670828,2026-08-13T14:04:30.828,1,1
5789,588aca26ed1bfc095abf2de16bf97b57,103.0,3,1786604671828,2026-08-13T14:04:31.828,1,1
5790,588aca26ed1bfc095abf2de16bf97b57,103.0,3,1786604672828,2026-08-13T14:04:32.828,1,1
5791,588aca26ed1bfc095abf2de16bf97b57,103.0,3,1786604673832,2026-08-13T14:04:33.832,1,1
5792,588aca26ed1bfc095abf2de16bf97b57,103.0,3,1786604674831,2026-08-13T14:04:34.831,1,1
5793,588aca26ed1bfc095abf2de16bf97b57,103.0,3,1786604675833,2026-08-13T14:04:35.833,1,1
5794,588aca26ed1bfc095abf2de16bf97b57,103.0,3,1786604676831,2026-08-13T14:04:36.831,1,1
5795,588aca26ed1bfc095abf2de16bf97b57,104.0,3,1786604677828,2026-08-13T14:04:37.828,1,1
5796,588aca26ed1bfc095abf2de16bf97b57,104.0,3,1786604678829,2026-08-13T14:04:38.829,1,1
5797,588aca26ed1bfc095abf2de16bf97b57,104.0,3,1786604679830,2026-08-13T14:04:39.830,1,1
5798,588aca26ed1bfc095abf2de16bf97b57,105.0,3,1786604680828,2026-08-13T14:04:40.828,1,1
5799,588aca26ed1bfc095abf2de16bf97b57,107.0,3,1786604681829,2026-08-13T14:04:41.829,1,1
5800,588aca26ed1bfc095abf2de16bf97b57,107.0,3,1786604682828,2026-08-13T14:04:42.828,1,1
5801,588aca26ed1bfc095abf2de16bf97b57,105.0,3,1786604683829,2026-08-13T14:04:43.829,1,1
5802,588aca26ed1bfc095abf2de16bf97b57,104.0,3,1786604684832,2026-08-13T14:04:44.832,1,1
5803,588aca26ed1bfc095abf2de16bf97b57,103.0,3,1786604685830,2026-08-13T14:04:45.830,1,1
5804,588aca26ed1bfc095abf2de16bf97b57,105.0,3,1786604686829,2026-08-13T14:04:46.829,1,1
5805,588aca26ed1bfc095abf2de16bf97b57,106.0,3,1786604687828,2026-08-13T14:04:47.828,1,1
5806,588aca26ed1bfc095abf2de16bf97b57,107.0,3,1786604688829,2026-08-13T14:04:48.829,1,1
5807,588aca26ed1bfc095abf2de16bf97b57,105.0,3,1786604689829,2026-08-13T14:04:49.829,1,1
5808,588aca26ed1bfc095abf2de16bf97b57,104.0,3,1786604690829,2026-08-13T14:04:50.829,1,1
5809,588aca26ed1bfc095abf2de16bf97b57,102.0,3,1786604691829,2026-08-13T14:04:51.829,1,1
5810,588aca26ed1bfc095abf2de16bf97b57,101.0,3,1786604692829,2026-08-13T14:04:52.829,1,1
5811,588aca26ed1bfc095abf2de16bf97b57,100.0,3,1786604693828,2026-08-13T14:04:53.828,1,1
5812,588aca26ed1bfc095abf2de16bf97b57,99.0,3,1786604694829,2026-08-13T14:04:54.829,1,1
5813,588aca26ed1bfc095abf2de16bf97b57,98.0,3,1786604695829,2026-08-13T14:04:55.829,1,1
5814,588aca26ed1bfc095abf2de16bf97b57,100.0,3,1786604696829,2026-08-13T14:04:56.829,1,1
5815,588aca26ed1bfc095abf2de16bf97b57,100.0,3,1786604697829,2026-08-13T14:04:57.829,1,1
5816,588aca26ed1bfc095abf2de16bf97b57,100.0,3,1786604698829,2026-08-13T14:04:58.829,1,1
5817,588aca26ed1bfc095abf2de16bf97b57,100.0,3,1786604699829,2026-08-13T14:04:59.829,1,1
5818,588aca26ed1bfc095abf2de16bf97b57,99.0,3,1786604700829,2026-08-13T14:05:00.829,1,1
5819,588aca26ed1bfc095abf2de16bf97b57,99.0,3,1786604701829,2026-08-13T14:05:01.829,1,1
5820,588aca26ed1bfc095abf2de16bf97b57,99.0,3,1786604702828,2026-08-13T14:05:02.828,1,1
5821,588aca26ed1bfc095abf2de16bf97b57,98.0,3,1786604703829,2026-08-13T14:05:03.829,1,1
5822,588aca26ed1bfc095abf2de16bf97b57,100.0,3,1786604704829,2026-08-13T14:05:04.829,1,1
5823,588aca26ed1bfc095abf2de16bf97b57,101.0,3,1786604705828,2026-08-13T14:05:05.828,1,1
5824,588aca26ed1bfc095abf2de16bf97b57,101.0,3,1786604706829,2026-08-13T14:05:06.829,1,1
5825,588aca26ed1bfc095abf2de16bf97b57,101.0,3,1786604707829,2026-08-13T14:05:07.829,1,1
5826,588aca26ed1bfc095abf2de16bf97b57,101.0,3,1786604708829,2026-08-13T14:05:08.829,1,1
5827,588aca26ed1bfc095abf2de16bf97b57,101.0,3,1786604709829,2026-08-13T14:05:09.829,1,1
5828,588aca26ed1bfc095abf2de16bf97b57,100.0,3,1786604710828,2026-08-13T14:05:10.828,1,1
5829,588aca26ed1bfc095abf2de16bf97b57,100.0,3,1786604711829,2026-08-13T14:05:11.829,1,1
5830,588aca26ed1bfc095abf2de16bf97b57,101.0,3,1786604712829,2026-08-13T14:05:12.829,1,1
5831,588aca26ed1bfc095abf2de16bf97b57,102.0,3,1786604713829,2026-08-13T14:05:13.829,1,1
5832,588aca26ed1bfc095abf2de16bf97b57,102.0,3,1786604714829,2026-08-13T14:05:14.829,1,1
5833,588aca26ed1bfc095abf2de16bf97b57,102.0,3,1786604715829,2026-08-13T14:05:15.829,1,1
5834,588aca26ed1bfc095abf2de16bf97b57,102.0,3,1786604716829,2026-08-13T14:05:16.829,1,1
5835,588aca26ed1bfc095abf2de16bf97b57,101.0,3,1786604717829,2026-08-13T14:05:17.829,1,1
5836,588aca26ed1bfc095abf2de16bf97b57,100.0,3,1786604718830,2026-08-13T14:05:18.830,1,1
5837,588aca26ed1bfc095abf2de16bf97b57,99.0,3,1786604719829,2026-08-13T14:05:19.829,1,1
5838,588aca26ed1bfc095abf2de16bf97b57,99.0,3,1786604720838,2026-08-13T14:05:20.838,1,1
5839,588aca26ed1bfc095abf2de16bf97b57,99.0,3,1786604721833,2026-08-13T14:05:21.833,1,1
5840,588aca26ed1bfc095abf2de16bf97b57,98.0,3,1786604722833,2026-08-13T14:05:22.833,1,1
5841,588aca26ed1bfc095abf2de16bf97b57,99.0,3,1786604723833,2026-08-13T14:05:23.833,1,1
5842,588aca26ed1bfc095abf2de16bf97b57,100.0,3,1786604724833,2026-08-13T14:05:24.833,1,1
5843,588aca26ed1bfc095abf2de16bf97b57,100.0,3,1786604725830,2026-08-13T14:05:25.830,1,1
5844,588aca26ed1bfc095abf2de16bf97b57,100.0,3,1786604726831,2026-08-13T14:05:26.831,1,1
5845,588aca26ed1bfc095abf2de16bf97b57,101.0,3,1786604727830,2026-08-13T14:05:27.830,1,1
5846,588aca26ed1bfc095abf2de16bf97b57,102.0,3,1786604728829,2026-08-13T14:05:28.829,1,1
5847,588aca26ed1bfc095abf2de16bf97b57,102.0,3,1786604729829,2026-08-13T14:05:29.829,1,1
5848,588aca26ed1bfc095abf2de16bf97b57,102.0,3,1786604730829,2026-08-13T14:05:30.829,1,1
5849,588aca26ed1bfc095abf2de16bf97b57,102.0,3,1786604731833,2026-08-13T14:05:31.833,1,1
5850,588aca26ed1bfc095abf2de16bf97b57,101.0,3,1786604732829,2026-08-13T14:05:32.829,1,1
5851,588aca26ed1bfc095abf2de16bf97b57,100.0,3,1786604733829,2026-08-13T14:05:33.829,1,1
5852,588aca26ed1bfc095abf2de16bf97b57,100.0,3,1786604734829,2026-08-13T14:05:34.829,1,1
5853,588aca26ed1bfc095abf2de16bf97b57,99.0,3,1786604735829,2026-08-13T14:05:35.829,1,1
5854,588aca26ed1bfc095abf2de16bf97b57,98.0,3,1786604736829,2026-08-13T14:05:36.829,1,1
5855,588aca26ed1bfc095abf2de16bf97b57,97.0,3,1786604737829,2026-08-13T14:05:37.829,1,1
5856,588aca26ed1bfc095abf2de16bf97b57,97.0,3,1786604738830,2026-08-13T14:05:38.830,1,1
5857,588aca26ed1bfc095abf2de16bf97b57,96.0,3,1786604739829,2026-08-13T14:05:39.829,1,1
5858,588aca26ed1bfc095abf2de16bf97b57,96.0,3,1786604740829,2026-08-13T14:05:40.829,1,1
5859,588aca26ed1bfc095abf2de16bf97b57,96.0,3,1786604741829,2026-08-13T14:05:41.829,1,1
5860,588aca26ed1bfc095abf2de16bf97b57,97.0,3,1786604742829,2026-08-13T14:05:42.829,1,1
5861,588aca26ed1bfc095abf2de16bf97b57,97.0,3,1786604743828,2026-08-13T14:05:43.828,1,1
5862,588aca26ed1bfc095abf2de16bf97b57,98.0,3,1786604744829,2026-08-13T14:05:44.829,1,1
5863,588aca26ed1bfc095abf2de16bf97b57,97.0,3,1786604745840,2026-08-13T14:05:45.840,1,1
5864,588aca26ed1bfc095abf2de16bf97b57,98.0,3,1786604746836,2026-08-13T14:05:46.836,1,1
5865,588aca26ed1bfc095abf2de16bf97b57,98.0,3,1786604747835,2026-08-13T14:05:47.835,1,1
5866,588aca26ed1bfc095abf2de16bf97b57,99.0,3,1786604748836,2026-08-13T14:05:48.836,1,1
5867,588aca26ed1bfc095abf2de16bf97b57,100.0,3,1786604749833,2026-08-13T14:05:49.833,1,1
5868,588aca26ed1bfc095abf2de16bf97b57,101.0,3,1786604750829,2026-08-13T14:05:50.829,1,1
5869,588aca26ed1bfc095abf2de16bf97b57,102.0,3,1786604751829,2026-08-13T14:05:51.829,1,1
5870,588aca26ed1bfc095abf2de16bf97b57,102.0,3,1786604752829,2026-08-13T14:05:52.829,1,1
5871,588aca26ed1bfc095abf2de16bf97b57,103.0,3,1786604753829,2026-08-13T14:05:53.829,1,1
5872,588aca26ed1bfc095abf2de16bf97b57,103.0,3,1786604754829,2026-08-13T14:05:54.829,1,1
5873,588aca26ed1bfc095abf2de16bf97b57,103.0,3,1786604755832,2026-08-13T14:05:55.832,1,1
5874,588aca26ed1bfc095abf2de16bf97b57,102.0,3,1786604756830,2026-08-13T14:05:56.830,1,1
5875,588aca26ed1bfc095abf2de16bf97b57,102.0,3,1786604757829,2026-08-13T14:05:57.829,1,1
5876,588aca26ed1bfc095abf2de16bf97b57,102.0,3,1786604758829,2026-08-13T14:05:58.829,1,1
5877,588aca26ed1bfc095abf2de16bf97b57,101.0,3,1786604759829,2026-08-13T14:05:59.829,1,1
5878,588aca26ed1bfc095abf2de16bf97b57,101.0,3,1786604760829,2026-08-13T14:06:00.829,1,1
5879,588aca26ed1bfc095abf2de16bf97b57,100.0,3,1786604761829,2026-08-13T14:06:01.829,1,1
5880,588aca26ed1bfc095abf2de16bf97b57,100.0,3,1786604762829,2026-08-13T14:06:02.829,1,1
5881,588aca26ed1bfc095abf2de16bf97b57,99.0,3,1786604763829,2026-08-13T14:06:03.829,1,1
5882,588aca26ed1bfc095abf2de16bf97b57,99.0,3,1786604764829,2026-08-13T14:06:04.829,1,1
5883,588aca26ed1bfc095abf2de16bf97b57,99.0,3,1786604765829,2026-08-13T14:06:05.829,1,1
5884,588aca26ed1bfc095abf2de16bf97b57,100.0,3,1786604766829,2026-08-13T14:06:06.829,1,1
5885,588aca26ed1bfc095abf2de16bf97b57,100.0,3,1786604767839,2026-08-13T14:06:07.839,1,1
5886,588aca26ed1bfc095abf2de16bf97b57,100.0,3,1786604768831,2026-08-13T14:06:08.831,1,1
5887,588aca26ed1bfc095abf2de16bf97b57,100.0,3,1786604769836,2026-08-13T14:06:09.836,1,1
5888,588aca26ed1bfc095abf2de16bf97b57,100.0,3,1786604770836,2026-08-13T14:06:10.836,1,1
5889,588aca26ed1bfc095abf2de16bf97b57,99.0,3,1786604771830,2026-08-13T14:06:11.830,1,1
5890,588aca26ed1bfc095abf2de16bf97b57,99.0,3,1786604772833,2026-08-13T14:06:12.833,1,1
5891,588aca26ed1bfc095abf2de16bf97b57,99.0,3,1786604773833,2026-08-13T14:06:13.833,1,1
5892,588aca26ed1bfc095abf2de16bf97b57,100.0,3,1786604774830,2026-08-13T14:06:14.830,1,1
5893,588aca26ed1bfc095abf2de16bf97b57,101.0,3,1786604775830,2026-08-13T14:06:15.830,1,1
5894,588aca26ed1bfc095abf2de16bf97b57,102.0,3,1786604776829,2026-08-13T14:06:16.829,1,1
5895,588aca26ed1bfc095abf2de16bf97b57,102.0,3,1786604777829,2026-08-13T14:06:17.829,1,1
5896,588aca26ed1bfc095abf2de16bf97b57,102.0,3,1786604778830,2026-08-13T14:06:18.830,1,1
5897,588aca26ed1bfc095abf2de16bf97b57,102.0,3,1786604779829,2026-08-13T14:06:19.829,1,1
5898,588aca26ed1bfc095abf2de16bf97b57,103.0,3,1786604780833,2026-08-13T14:06:20.833,1,1
5899,588aca26ed1bfc095abf2de16bf97b57,103.0,3,1786604781829,2026-08-13T14:06:21.829,1,1
5900,588aca26ed1bfc095abf2de16bf97b57,102.0,3,1786604782831,2026-08-13T14:06:22.831,1,1
5901,588aca26ed1bfc095abf2de16bf97b57,102.0,3,1786604783830,2026-08-13T14:06:23.830,1,1
5902,588aca26ed1bfc095abf2de16bf97b57,101.0,3,1786604784831,2026-08-13T14:06:24.831,1,1
5903,588aca26ed1bfc095abf2de16bf97b57,100.0,3,1786604785830,2026-08-13T14:06:25.830,1,1
5904,588aca26ed1bfc095abf2de16bf97b57,99.0,3,1786604786830,2026-08-13T14:06:26.830,1,1
5905,588aca26ed1bfc095abf2de16bf97b57,98.0,3,1786604787829,2026-08-13T14:06:27.829,1,1
5906,588aca26ed1bfc095abf2de16bf97b57,97.0,3,1786604788829,2026-08-13T14:06:28.829,1,1
5907,588aca26ed1bfc095abf2de16bf97b57,97.0,3,1786604789829,2026-08-13T14:06:29.829,1,1
5908,588aca26ed1bfc095abf2de16bf97b57,97.0,3,1786604790829,2026-08-13T14:06:30.829,1,1
5909,588aca26ed1bfc095abf2de16bf97b57,96.0,3,1786604791829,2026-08-13T14:06:31.829,1,1
5910,588aca26ed1bfc095abf2de16bf97b57,96.0,3,1786604792829,2026-08-13T14:06:32.829,1,1
5911,588aca26ed1bfc095abf2de16bf97b57,95.0,3,1786604793829,2026-08-13T14:06:33.829,1,1
5912,588aca26ed1bfc095abf2de16bf97b57,95.0,3,1786604794828,2026-08-13T14:06:34.828,1,1
5913,588aca26ed1bfc095abf2de16bf97b57,96.0,3,1786604795829,2026-08-13T14:06:35.829,1,1
5914,588aca26ed1bfc095abf2de16bf97b57,96.0,3,1786604796829,2026-08-13T14:06:36.829,1,1
5915,588aca26ed1bfc095abf2de16bf97b57,96.0,3,1786604797829,2026-08-13T14:06:37.829,1,1
5916,588aca26ed1bfc095abf2de16bf97b57,96.0,3,1786604798829,2026-08-13T14:06:38.829,1,1
5917,588aca26ed1bfc095abf2de16bf97b57,97.0,3,1786604799829,2026-08-13T14:06:39.829,1,1
5918,588aca26ed1bfc095abf2de16bf97b57,97.0,3,1786604800830,2026-08-13T14:06:40.830,1,1
5919,588aca26ed1bfc095abf2de16bf97b57,98.0,3,1786604801829,2026-08-13T14:06:41.829,1,1
5920,588aca26ed1bfc095abf2de16bf97b57,98.0,3,1786604802829,2026-08-13T14:06:42.829,1,1
5921,588aca26ed1bfc095abf2de16bf97b57,97.0,3,1786604803829,2026-08-13T14:06:43.829,1,1
5922,588aca26ed1bfc095abf2de16bf97b57,97.0,3,1786604804829,2026-08-13T14:06:44.829,1,1
5923,588aca26ed1bfc095abf2de16bf97b57,96.0,3,1786604805829,2026-08-13T14:06:45.829,1,1
5924,588aca26ed1bfc095abf2de16bf97b57,95.0,3,1786604806828,2026-08-13T14:06:46.828,1,1
5925,588aca26ed1bfc095abf2de16bf97b57,95.0,3,1786604807829,2026-08-13T14:06:47.829,1,1
5926,588aca26ed1bfc095abf2de16bf97b57,94.0,3,1786604808829,2026-08-13T14:06:48.829,1,1
5927,588aca26ed1bfc095abf2de16bf97b57,94.0,3,1786604809829,2026-08-13T14:06:49.829,1,1
5928,588aca26ed1bfc095abf2de16bf97b57,95.0,3,1786604810838,2026-08-13T14:06:50.838,1,1
5929,588aca26ed1bfc095abf2de16bf97b57,95.0,3,1786604811837,2026-08-13T14:06:51.837,1,1
5930,588aca26ed1bfc095abf2de16bf97b57,95.0,3,1786604812846,2026-08-13T14:06:52.846,1,1
5931,588aca26ed1bfc095abf2de16bf97b57,96.0,3,1786604813847,2026-08-13T14:06:53.847,1,1
5932,588aca26ed1bfc095abf2de16bf97b57,97.0,3,1786604814846,2026-08-13T14:06:54.846,1,1
5933,588aca26ed1bfc095abf2de16bf97b57,98.0,3,1786604815846,2026-08-13T14:06:55.846,1,1
5934,588aca26ed1bfc095abf2de16bf97b57,98.0,3,1786604816844,2026-08-13T14:06:56.844,1,1
5935,588aca26ed1bfc095abf2de16bf97b57,98.0,3,1786604817838,2026-08-13T14:06:57.838,1,1
5936,588aca26ed1bfc095abf2de16bf97b57,99.0,3,1786604818845,2026-08-13T14:06:58.845,1,1
5937,588aca26ed1bfc095abf2de16bf97b57,100.0,3,1786604819850,2026-08-13T14:06:59.850,1,1
5938,588aca26ed1bfc095abf2de16bf97b57,100.0,3,1786604820834,2026-08-13T14:07:00.834,1,0
5939,588aca26ed1bfc095abf2de16bf97b57,101.0,3,1786604821833,2026-08-13T14:07:01.833,1,1
5940,588aca26ed1bfc095abf2de16bf97b57,101.0,3,1786604822834,2026-08-13T14:07:02.834,1,1
5941,588aca26ed1bfc095abf2de16bf97b57,102.0,3,1786604823833,2026-08-13T14:07:03.833,1,1
5942,588aca26ed1bfc095abf2de16bf97b57,102.0,3,1786604824834,2026-08-13T14:07:04.834,1,1
5943,588aca26ed1bfc095abf2de16bf97b57,102.0,3,1786604825835,2026-08-13T14:07:05.835,1,1
5944,588aca26ed1bfc095abf2de16bf97b57,101.0,3,1786604826831,2026-08-13T14:07:06.831,1,1
5945,588aca26ed1bfc095abf2de16bf97b57,101.0,3,1786604827828,2026-08-13T14:07:07.828,1,1
5946,588aca26ed1bfc095abf2de16bf97b57,101.0,3,1786604828828,2026-08-13T14:07:08.828,1,1
5947,588aca26ed1bfc095abf2de16bf97b57,101.0,3,1786604829835,2026-08-13T14:07:09.835,1,1
5948,588aca26ed1bfc095abf2de16bf97b57,100.0,3,1786604830835,2026-08-13T14:07:10.835,1,1
5949,588aca26ed1bfc095abf2de16bf97b57,101.0,3,1786604831831,2026-08-13T14:07:11.831,1,1
5950,588aca26ed1bfc095abf2de16bf97b57,101.0,3,1786604832833,2026-08-13T14:07:12.833,1,1
5951,588aca26ed1bfc095abf2de16bf97b57,101.0,3,1786604833832,2026-08-13T14:07:13.832,1,1
5952,588aca26ed1bfc095abf2de16bf97b57,101.0,3,1786604834830,2026-08-13T14:07:14.830,1,1
5953,588aca26ed1bfc095abf2de16bf97b57,102.0,3,1786604835830,2026-08-13T14:07:15.830,1,1
5954,588aca26ed1bfc095abf2de16bf97b57,102.0,3,1786604836830,2026-08-13T14:07:16.830,1,1
5955,588aca26ed1bfc095abf2de16bf97b57,103.0,3,1786604837829,2026-08-13T14:07:17.829,1,1
5956,588aca26ed1bfc095abf2de16bf97b57,103.0,3,1786604838829,2026-08-13T14:07:18.829,1,1
5957,588aca26ed1bfc095abf2de16bf97b57,103.0,3,1786604839829,2026-08-13T14:07:19.829,1,1
5958,588aca26ed1bfc095abf2de16bf97b57,103.0,3,1786604840828,2026-08-13T14:07:20.828,1,1
5959,588aca26ed1bfc095abf2de16bf97b57,103.0,3,1786604841829,2026-08-13T14:07:21.829,1,1
5960,588aca26ed1bfc095abf2de16bf97b57,103.0,3,1786604842829,2026-08-13T14:07:22.829,1,1
5961,588aca26ed1bfc095abf2de16bf97b57,102.0,3,1786604843830,2026-08-13T14:07:23.830,1,1
5962,588aca26ed1bfc095abf2de16bf97b57,102.0,3,1786604844829,2026-08-13T14:07:24.829,1,1
5963,588aca26ed1bfc095abf2de16bf97b57,102.0,3,1786604845830,2026-08-13T14:07:25.830,1,1
5964,588aca26ed1bfc095abf2de16bf97b57,101.0,3,1786604846831,2026-08-13T14:07:26.831,1,1
5965,588aca26ed1bfc095abf2de16bf97b57,102.0,3,1786604847830,2026-08-13T14:07:27.830,1,1
5966,588aca26ed1bfc095abf2de16bf97b57,103.0,3,1786604848832,2026-08-13T14:07:28.832,1,1
5967,588aca26ed1bfc095abf2de16bf97b57,103.0,3,1786604849831,2026-08-13T14:07:29.831,1,1
5968,588aca26ed1bfc095abf2de16bf97b57,103.0,3,1786604850831,2026-08-13T14:07:30.831,1,1
5969,588aca26ed1bfc095abf2de16bf97b57,103.0,3,1786604851830,2026-08-13T14:07:31.830,1,1
5970,588aca26ed1bfc095abf2de16bf97b57,101.0,3,1786604852830,2026-08-13T14:07:32.830,1,1
5971,588aca26ed1bfc095abf2de16bf97b57,100.0,3,1786604853831,2026-08-13T14:07:33.831,1,1
5972,588aca26ed1bfc095abf2de16bf97b57,99.0,3,1786604854831,2026-08-13T14:07:34.831,1,1
5973,588aca26ed1bfc095abf2de16bf97b57,98.0,3,1786604855831,2026-08-13T14:07:35.831,1,1
5974,588aca26ed1bfc095abf2de16bf97b57,97.0,3,1786604856830,2026-08-13T14:07:36.830,1,1
5975,588aca26ed1bfc095abf2de16bf97b57,97.0,3,1786604857830,2026-08-13T14:07:37.830,1,1
5976,588aca26ed1bfc095abf2de16bf97b57,97.0,3,1786604858830,2026-08-13T14:07:38.830,1,1
5977,588aca26ed1bfc095abf2de16bf97b57,97.0,3,1786604859829,2026-08-13T14:07:39.829,1,1
5978,588aca26ed1bfc095abf2de16bf97b57,97.0,3,1786604860829,2026-08-13T14:07:40.829,1,1
5979,588aca26ed1bfc095abf2de16bf97b57,97.0,3,1786604861829,2026-08-13T14:07:41.829,1,1
5980,588aca26ed1bfc095abf2de16bf97b57,97.0,3,1786604862829,2026-08-13T14:07:42.829,1,1
5981,588aca26ed1bfc095abf2de16bf97b57,97.0,3,1786604863829,2026-08-13T14:07:43.829,1,1
5982,588aca26ed1bfc095abf2de16bf97b57,97.0,3,1786604864829,2026-08-13T14:07:44.829,1,1
5983,588aca26ed1bfc095abf2de16bf97b57,98.0,3,1786604865829,2026-08-13T14:07:45.829,1,1
5984,588aca26ed1bfc095abf2de16bf97b57,98.0,3,1786604866829,2026-08-13T14:07:46.829,1,1
5985,588aca26ed1bfc095abf2de16bf97b57,99.0,3,1786604867829,2026-08-13T14:07:47.829,1,1
5986,588aca26ed1bfc095abf2de16bf97b57,99.0,3,1786604868838,2026-08-13T14:07:48.838,1,1
5987,588aca26ed1bfc095abf2de16bf97b57,100.0,3,1786604869837,2026-08-13T14:07:49.837,1,1
5988,588aca26ed1bfc095abf2de16bf97b57,100.0,3,1786604870836,2026-08-13T14:07:50.836,1,1
5989,588aca26ed1bfc095abf2de16bf97b57,100.0,3,1786604871831,2026-08-13T14:07:51.831,1,1
5990,588aca26ed1bfc095abf2de16bf97b57,99.0,3,1786604872833,2026-08-13T14:07:52.833,1,1
5991,588aca26ed1bfc095abf2de16bf97b57,99.0,3,1786604873831,2026-08-13T14:07:53.831,1,1
5992,588aca26ed1bfc095abf2de16bf97b57,99.0,3,1786604874829,2026-08-13T14:07:54.829,1,1
5993,588aca26ed1bfc095abf2de16bf97b57,99.0,3,1786604875829,2026-08-13T14:07:55.829,1,1
5994,588aca26ed1bfc095abf2de16bf97b57,100.0,3,1786604876830,2026-08-13T14:07:56.830,1,1
5995,588aca26ed1bfc095abf2de16bf97b57,100.0,3,1786604877829,2026-08-13T14:07:57.829,1,1
5996,588aca26ed1bfc095abf2de16bf97b57,100.0,3,1786604878829,2026-08-13T14:07:58.829,1,1
5997,588aca26ed1bfc095abf2de16bf97b57,100.0,3,1786604879829,2026-08-13T14:07:59.829,1,1
5998,588aca26ed1bfc095abf2de16bf97b57,100.0,3,1786604880830,2026-08-13T14:08:00.830,1,1
5999,588aca26ed1bfc095abf2de16bf97b57,99.0,3,1786604881830,2026-08-13T14:08:01.830,1,1
6000,588aca26ed1bfc095abf2de16bf97b57,99.0,3,1786604882829,2026-08-13T14:08:02.829,1,1
6001,588aca26ed1bfc095abf2de16bf97b57,99.0,3,1786604883829,2026-08-13T14:08:03.829,1,1
6002,588aca26ed1bfc095abf2de16bf97b57,100.0,3,1786604884829,2026-08-13T14:08:04.829,1,1
6003,588aca26ed1bfc095abf2de16bf97b57,100.0,3,1786604885830,2026-08-13T14:08:05.830,1,1
6004,588aca26ed1bfc095abf2de16bf97b57,100.0,3,1786604886828,2026-08-13T14:08:06.828,1,1
6005,588aca26ed1bfc095abf2de16bf97b57,99.0,3,1786604887830,2026-08-13T14:08:07.830,1,1
6006,588aca26ed1bfc095abf2de16bf97b57,99.0,3,1786604888833,2026-08-13T14:08:08.833,1,1
6007,588aca26ed1bfc095abf2de16bf97b57,98.0,3,1786604889832,2026-08-13T14:08:09.832,1,1
6008,588aca26ed1bfc095abf2de16bf97b57,98.0,3,1786604890829,2026-08-13T14:08:10.829,1,1
6009,588aca26ed1bfc095abf2de16bf97b57,98.0,3,1786604891828,2026-08-13T14:08:11.828,1,1
6010,588aca26ed1bfc095abf2de16bf97b57,98.0,3,1786604892829,2026-08-13T14:08:12.829,1,1
6011,588aca26ed1bfc095abf2de16bf97b57,99.0,3,1786604893829,2026-08-13T14:08:13.829,1,1
6012,588aca26ed1bfc095abf2de16bf97b57,99.0,3,1786604894830,2026-08-13T14:08:14.830,1,1
6013,588aca26ed1bfc095abf2de16bf97b57,100.0,3,1786604895829,2026-08-13T14:08:15.829,1,1
6014,588aca26ed1bfc095abf2de16bf97b57,100.0,3,1786604896829,2026-08-13T14:08:16.829,1,1
6015,588aca26ed1bfc095abf2de16bf97b57,100.0,3,1786604897829,2026-08-13T14:08:17.829,1,1
6016,588aca26ed1bfc095abf2de16bf97b57,100.0,3,1786604898829,2026-08-13T14:08:18.829,1,1
6017,588aca26ed1bfc095abf2de16bf97b57,101.0,3,1786604899829,2026-08-13T14:08:19.829,1,1
6018,588aca26ed1bfc095abf2de16bf97b57,102.0,3,1786604900829,2026-08-13T14:08:20.829,1,1
6019,588aca26ed1bfc095abf2de16bf97b57,102.0,3,1786604901840,2026-08-13T14:08:21.840,1,1
6020,588aca26ed1bfc095abf2de16bf97b57,104.0,3,1786604902838,2026-08-13T14:08:22.838,1,1
6021,588aca26ed1bfc095abf2de16bf97b57,104.0,3,1786604903838,2026-08-13T14:08:23.838,1,1
6022,588aca26ed1bfc095abf2de16bf97b57,105.0,3,1786604904837,2026-08-13T14:08:24.837,1,1
6023,588aca26ed1bfc095abf2de16bf97b57,105.0,3,1786604905835,2026-08-13T14:08:25.835,1,1
6024,588aca26ed1bfc095abf2de16bf97b57,104.0,3,1786604906840,2026-08-13T14:08:26.840,1,1
6025,588aca26ed1bfc095abf2de16bf97b57,103.0,3,1786604907836,2026-08-13T14:08:27.836,1,1
6026,588aca26ed1bfc095abf2de16bf97b57,102.0,3,1786604908836,2026-08-13T14:08:28.836,1,1
6027,588aca26ed1bfc095abf2de16bf97b57,101.0,3,1786604909835,2026-08-13T14:08:29.835,1,1
6028,588aca26ed1bfc095abf2de16bf97b57,101.0,3,1786604910835,2026-08-13T14:08:30.835,1,1
6029,588aca26ed1bfc095abf2de16bf97b57,102.0,3,1786604911830,2026-08-13T14:08:31.830,1,1
6030,588aca26ed1bfc095abf2de16bf97b57,103.0,3,1786604912832,2026-08-13T14:08:32.832,1,1
6031,588aca26ed1bfc095abf2de16bf97b57,103.0,3,1786604913834,2026-08-13T14:08:33.834,1,1
6032,588aca26ed1bfc095abf2de16bf97b57,102.0,3,1786604914833,2026-08-13T14:08:34.833,1,1
6033,588aca26ed1bfc095abf2de16bf97b57,101.0,3,1786604915828,2026-08-13T14:08:35.828,1,1
6034,588aca26ed1bfc095abf2de16bf97b57,99.0,3,1786604916838,2026-08-13T14:08:36.838,1,1
6035,588aca26ed1bfc095abf2de16bf97b57,97.0,3,1786604917829,2026-08-13T14:08:37.829,1,1
6036,588aca26ed1bfc095abf2de16bf97b57,97.0,3,1786604918829,2026-08-13T14:08:38.829,1,1
6037,588aca26ed1bfc095abf2de16bf97b57,96.0,3,1786604919829,2026-08-13T14:08:39.829,1,1
6038,588aca26ed1bfc095abf2de16bf97b57,94.0,3,1786604920828,2026-08-13T14:08:40.828,1,1
6039,588aca26ed1bfc095abf2de16bf97b57,93.0,3,1786604921829,2026-08-13T14:08:41.829,1,1
6040,588aca26ed1bfc095abf2de16bf97b57,92.0,3,1786604922829,2026-08-13T14:08:42.829,1,1
6041,588aca26ed1bfc095abf2de16bf97b57,93.0,3,1786604923829,2026-08-13T14:08:43.829,1,1
6042,588aca26ed1bfc095abf2de16bf97b57,93.0,3,1786604924832,2026-08-13T14:08:44.832,1,1
6043,588aca26ed1bfc095abf2de16bf97b57,94.0,3,1786604925831,2026-08-13T14:08:45.831,1,1
6044,588aca26ed1bfc095abf2de16bf97b57,95.0,3,1786604926830,2026-08-13T14:08:46.830,1,1
6045,588aca26ed1bfc095abf2de16bf97b57,97.0,3,1786604927829,2026-08-13T14:08:47.829,1,1
6046,588aca26ed1bfc095abf2de16bf97b57,98.0,3,1786604928829,2026-08-13T14:08:48.829,1,1
6047,588aca26ed1bfc095abf2de16bf97b57,98.0,3,1786604929829,2026-08-13T14:08:49.829,1,1
6048,588aca26ed1bfc095abf2de16bf97b57,98.0,3,1786604930830,2026-08-13T14:08:50.830,1,1
6049,588aca26ed1bfc095abf2de16bf97b57,98.0,3,1786604931829,2026-08-13T14:08:51.829,1,1
6050,588aca26ed1bfc095abf2de16bf97b57,99.0,3,1786604932829,2026-08-13T14:08:52.829,1,1
6051,588aca26ed1bfc095abf2de16bf97b57,99.0,3,1786604933829,2026-08-13T14:08:53.829,1,1
6052,588aca26ed1bfc095abf2de16bf97b57,99.0,3,1786604934830,2026-08-13T14:08:54.830,1,1
6053,588aca26ed1bfc095abf2de16bf97b57,99.0,3,1786604935829,2026-08-13T14:08:55.829,1,1
6054,588aca26ed1bfc095abf2de16bf97b57,99.0,3,1786604936829,2026-08-13T14:08:56.829,1,1
6055,588aca26ed1bfc095abf2de16bf97b57,99.0,3,1786604937829,2026-08-13T14:08:57.829,1,1
6056,588aca26ed1bfc095abf2de16bf97b57,98.0,3,1786604938829,2026-08-13T14:08:58.829,1,1
6057,588aca26ed1bfc095abf2de16bf97b57,96.0,3,1786604939829,2026-08-13T14:08:59.829,1,1
6058,588aca26ed1bfc095abf2de16bf97b57,94.0,3,1786604940829,2026-08-13T14:09:00.829,1,1
6059,588aca26ed1bfc095abf2de16bf97b57,96.0,3,1786604941830,2026-08-13T14:09:01.830,1,1
6060,588aca26ed1bfc095abf2de16bf97b57,96.0,3,1786604942838,2026-08-13T14:09:02.838,1,1
6061,588aca26ed1bfc095abf2de16bf97b57,95.0,3,1786604943836,2026-08-13T14:09:03.836,1,1
6062,588aca26ed1bfc095abf2de16bf97b57,94.0,3,1786604944840,2026-08-13T14:09:04.840,1,1
6063,588aca26ed1bfc095abf2de16bf97b57,93.0,3,1786604945845,2026-08-13T14:09:05.845,1,1
6064,588aca26ed1bfc095abf2de16bf97b57,93.0,3,1786604946831,2026-08-13T14:09:06.831,1,1
6065,588aca26ed1bfc095abf2de16bf97b57,92.0,3,1786604947835,2026-08-13T14:09:07.835,1,1
6066,588aca26ed1bfc095abf2de16bf97b57,92.0,3,1786604948831,2026-08-13T14:09:08.831,1,1
6067,588aca26ed1bfc095abf2de16bf97b57,91.0,3,1786604949833,2026-08-13T14:09:09.833,1,1
6068,588aca26ed1bfc095abf2de16bf97b57,91.0,3,1786604950834,2026-08-13T14:09:10.834,1,1
6069,588aca26ed1bfc095abf2de16bf97b57,92.0,3,1786604951833,2026-08-13T14:09:11.833,1,1
6070,588aca26ed1bfc095abf2de16bf97b57,93.0,3,1786604952831,2026-08-13T14:09:12.831,1,1
6071,588aca26ed1bfc095abf2de16bf97b57,93.0,3,1786604953833,2026-08-13T14:09:13.833,1,1
6072,588aca26ed1bfc095abf2de16bf97b57,94.0,3,1786604954831,2026-08-13T14:09:14.831,1,1
6073,588aca26ed1bfc095abf2de16bf97b57,94.0,3,1786604955829,2026-08-13T14:09:15.829,1,1
6074,588aca26ed1bfc095abf2de16bf97b57,94.0,3,1786604956831,2026-08-13T14:09:16.831,1,1
6075,588aca26ed1bfc095abf2de16bf97b57,93.0,3,1786604957831,2026-08-13T14:09:17.831,1,1
6076,588aca26ed1bfc095abf2de16bf97b57,94.0,3,1786604958829,2026-08-13T14:09:18.829,1,1
6077,588aca26ed1bfc095abf2de16bf97b57,94.0,3,1786604959831,2026-08-13T14:09:19.831,1,1
6078,588aca26ed1bfc095abf2de16bf97b57,94.0,3,1786604960832,2026-08-13T14:09:20.832,1,1
6079,588aca26ed1bfc095abf2de16bf97b57,93.0,3,1786604961831,2026-08-13T14:09:21.831,1,1
6080,588aca26ed1bfc095abf2de16bf97b57,92.0,3,1786604962831,2026-08-13T14:09:22.831,1,1
6081,588aca26ed1bfc095abf2de16bf97b57,93.0,3,1786604963829,2026-08-13T14:09:23.829,1,1
6082,588aca26ed1bfc095abf2de16bf97b57,93.0,3,1786604964830,2026-08-13T14:09:24.830,1,1
6083,588aca26ed1bfc095abf2de16bf97b57,94.0,3,1786604965830,2026-08-13T14:09:25.830,1,1
6084,588aca26ed1bfc095abf2de16bf97b57,95.0,3,1786604966830,2026-08-13T14:09:26.830,1,1
6085,588aca26ed1bfc095abf2de16bf97b57,96.0,3,1786604967830,2026-08-13T14:09:27.830,1,1
6086,588aca26ed1bfc095abf2de16bf97b57,96.0,3,1786604968840,2026-08-13T14:09:28.840,1,1
6087,588aca26ed1bfc095abf2de16bf97b57,96.0,3,1786604969829,2026-08-13T14:09:29.829,1,1
6088,588aca26ed1bfc095abf2de16bf97b57,96.0,3,1786604970829,2026-08-13T14:09:30.829,1,1
6089,588aca26ed1bfc095abf2de16bf97b57,96.0,3,1786604971829,2026-08-13T14:09:31.829,1,1
6090,588aca26ed1bfc095abf2de16bf97b57,96.0,3,1786604972829,2026-08-13T14:09:32.829,1,1
6091,588aca26ed1bfc095abf2de16bf97b57,96.0,3,1786604973829,2026-08-13T14:09:33.829,1,1
6092,588aca26ed1bfc095abf2de16bf97b57,96.0,3,1786604974828,2026-08-13T14:09:34.828,1,1
6093,588aca26ed1bfc095abf2de16bf97b57,96.0,3,1786604975829,2026-08-13T14:09:35.829,1,1
6094,588aca26ed1bfc095abf2de16bf97b57,96.0,3,1786604976829,2026-08-13T14:09:36.829,1,1
6095,588aca26ed1bfc095abf2de16bf97b57,96.0,3,1786604977829,2026-08-13T14:09:37.829,1,1
6096,588aca26ed1bfc095abf2de16bf97b57,96.0,3,1786604978829,2026-08-13T14:09:38.829,1,1
6097,588aca26ed1bfc095abf2de16bf97b57,96.0,3,1786604979830,2026-08-13T14:09:39.830,1,1
6098,588aca26ed1bfc095abf2de16bf97b57,96.0,3,1786604980832,2026-08-13T14:09:40.832,1,1
6099,588aca26ed1bfc095abf2de16bf97b57,97.0,3,1786604981830,2026-08-13T14:09:41.830,1,1
6100,588aca26ed1bfc095abf2de16bf97b57,97.0,3,1786604982830,2026-08-13T14:09:42.830,1,1
6101,588aca26ed1bfc095abf2de16bf97b57,97.0,3,1786604983830,2026-08-13T14:09:43.830,1,1
6102,588aca26ed1bfc095abf2de16bf97b57,97.0,3,1786604984830,2026-08-13T14:09:44.830,1,1
6103,588aca26ed1bfc095abf2de16bf97b57,96.0,3,1786604985832,2026-08-13T14:09:45.832,1,1
6104,588aca26ed1bfc095abf2de16bf97b57,96.0,3,1786604986831,2026-08-13T14:09:46.831,1,1
6105,588aca26ed1bfc095abf2de16bf97b57,96.0,3,1786604987830,2026-08-13T14:09:47.830,1,1
6106,588aca26ed1bfc095abf2de16bf97b57,95.0,3,1786604988830,2026-08-13T14:09:48.830,1,1
6107,588aca26ed1bfc095abf2de16bf97b57,96.0,3,1786604989829,2026-08-13T14:09:49.829,1,1
6108,588aca26ed1bfc095abf2de16bf97b57,97.0,3,1786604990829,2026-08-13T14:09:50.829,1,1
6109,588aca26ed1bfc095abf2de16bf97b57,97.0,3,1786604991829,2026-08-13T14:09:51.829,1,1
6110,588aca26ed1bfc095abf2de16bf97b57,97.0,3,1786604992829,2026-08-13T14:09:52.829,1,1
6111,588aca26ed1bfc095abf2de16bf97b57,97.0,3,1786604993829,2026-08-13T14:09:53.829,1,1
6112,588aca26ed1bfc095abf2de16bf97b57,97.0,3,1786604994829,2026-08-13T14:09:54.829,1,1
6113,588aca26ed1bfc095abf2de16bf97b57,96.0,3,1786604995829,2026-08-13T14:09:55.829,1,1
6114,588aca26ed1bfc095abf2de16bf97b57,97.0,3,1786604996829,2026-08-13T14:09:56.829,1,1
6115,588aca26ed1bfc095abf2de16bf97b57,97.0,3,1786604997829,2026-08-13T14:09:57.829,1,1
6116,588aca26ed1bfc095abf2de16bf97b57,98.0,3,1786604998830,2026-08-13T14:09:58.830,1,1
6117,588aca26ed1bfc095abf2de16bf97b57,98.0,3,1786604999830,2026-08-13T14:09:59.830,1,1
6118,588aca26ed1bfc095abf2de16bf97b57,98.0,3,1786605000830,2026-08-13T14:10:00.830,1,1
6119,588aca26ed1bfc095abf2de16bf97b57,99.0,3,1786605001829,2026-08-13T14:10:01.829,1,1
6120,588aca26ed1bfc095abf2de16bf97b57,99.0,3,1786605002829,2026-08-13T14:10:02.829,1,1
6121,588aca26ed1bfc095abf2de16bf97b57,98.0,3,1786605003829,2026-08-13T14:10:03.829,1,1
6122,588aca26ed1bfc095abf2de16bf97b57,98.0,3,1786605004829,2026-08-13T14:10:04.829,1,1
6123,588aca26ed1bfc095abf2de16bf97b57,98.0,3,1786605005828,2026-08-13T14:10:05.828,1,1
6124,588aca26ed1bfc095abf2de16bf97b57,97.0,3,1786605006829,2026-08-13T14:10:06.829,1,1
6125,588aca26ed1bfc095abf2de16bf97b57,96.0,3,1786605007829,2026-08-13T14:10:07.829,1,1
6126,588aca26ed1bfc095abf2de16bf97b57,97.0,3,1786605008829,2026-08-13T14:10:08.829,1,1
6127,588aca26ed1bfc095abf2de16bf97b57,97.0,3,1786605009830,2026-08-13T14:10:09.830,1,1
6128,588aca26ed1bfc095abf2de16bf97b57,98.0,3,1786605010830,2026-08-13T14:10:10.830,1,1
6129,588aca26ed1bfc095abf2de16bf97b57,98.0,3,1786605011838,2026-08-13T14:10:11.838,1,1
6130,588aca26ed1bfc095abf2de16bf97b57,97.0,3,1786605012837,2026-08-13T14:10:12.837,1,1
6131,588aca26ed1bfc095abf2de16bf97b57,97.0,3,1786605013836,2026-08-13T14:10:13.836,1,1
6132,588aca26ed1bfc095abf2de16bf97b57,97.0,3,1786605014835,2026-08-13T14:10:14.835,1,1
6133,588aca26ed1bfc095abf2de16bf97b57,96.0,3,1786605015836,2026-08-13T14:10:15.836,1,1
6134,588aca26ed1bfc095abf2de16bf97b57,97.0,3,1786605016832,2026-08-13T14:10:16.832,1,1
6135,588aca26ed1bfc095abf2de16bf97b57,97.0,3,1786605017833,2026-08-13T14:10:17.833,1,1
6136,588aca26ed1bfc095abf2de16bf97b57,98.0,3,1786605018832,2026-08-13T14:10:18.832,1,1
6137,588aca26ed1bfc095abf2de16bf97b57,98.0,3,1786605019833,2026-08-13T14:10:19.833,1,1
6138,588aca26ed1bfc095abf2de16bf97b57,99.0,3,1786605020832,2026-08-13T14:10:20.832,1,1
6139,588aca26ed1bfc095abf2de16bf97b57,100.0,3,1786605021833,2026-08-13T14:10:21.833,1,1
6140,588aca26ed1bfc095abf2de16bf97b57,100.0,3,1786605022830,2026-08-13T14:10:22.830,1,1
6141,588aca26ed1bfc095abf2de16bf97b57,101.0,3,1786605023832,2026-08-13T14:10:23.832,1,1
6142,588aca26ed1bfc095abf2de16bf97b57,101.0,3,1786605024831,2026-08-13T14:10:24.831,1,1
6143,588aca26ed1bfc095abf2de16bf97b57,102.0,3,1786605025829,2026-08-13T14:10:25.829,1,1
6144,588aca26ed1bfc095abf2de16bf97b57,103.0,3,1786605026829,2026-08-13T14:10:26.829,1,1
6145,588aca26ed1bfc095abf2de16bf97b57,104.0,3,1786605027831,2026-08-13T14:10:27.831,1,1
6146,588aca26ed1bfc095abf2de16bf97b57,105.0,3,1786605028830,2026-08-13T14:10:28.830,1,1
6147,588aca26ed1bfc095abf2de16bf97b57,106.0,3,1786605029829,2026-08-13T14:10:29.829,1,1
6148,588aca26ed1bfc095abf2de16bf97b57,105.0,3,1786605030829,2026-08-13T14:10:30.829,1,1
6149,588aca26ed1bfc095abf2de16bf97b57,104.0,3,1786605031829,2026-08-13T14:10:31.829,1,1
6150,588aca26ed1bfc095abf2de16bf97b57,103.0,3,1786605032829,2026-08-13T14:10:32.829,1,1
6151,588aca26ed1bfc095abf2de16bf97b57,102.0,3,1786605033829,2026-08-13T14:10:33.829,1,1
6152,588aca26ed1bfc095abf2de16bf97b57,101.0,3,1786605034829,2026-08-13T14:10:34.829,1,1
6153,588aca26ed1bfc095abf2de16bf97b57,99.0,3,1786605035830,2026-08-13T14:10:35.830,1,1
6154,588aca26ed1bfc095abf2de16bf97b57,99.0,3,1786605036836,2026-08-13T14:10:36.836,1,1
6155,588aca26ed1bfc095abf2de16bf97b57,99.0,3,1786605037828,2026-08-13T14:10:37.828,1,1
6156,588aca26ed1bfc095abf2de16bf97b57,99.0,3,1786605038828,2026-08-13T14:10:38.828,1,1
6157,588aca26ed1bfc095abf2de16bf97b57,99.0,3,1786605039829,2026-08-13T14:10:39.829,1,1
6158,588aca26ed1bfc095abf2de16bf97b57,98.0,3,1786605040831,2026-08-13T14:10:40.831,1,1
6159,588aca26ed1bfc095abf2de16bf97b57,97.0,3,1786605041832,2026-08-13T14:10:41.832,1,1
6160,588aca26ed1bfc095abf2de16bf97b57,97.0,3,1786605042828,2026-08-13T14:10:42.828,1,1
6161,588aca26ed1bfc095abf2de16bf97b57,96.0,3,1786605043829,2026-08-13T14:10:43.829,1,1
6162,588aca26ed1bfc095abf2de16bf97b57,96.0,3,1786605044829,2026-08-13T14:10:44.829,1,1
6163,588aca26ed1bfc095abf2de16bf97b57,96.0,3,1786605045830,2026-08-13T14:10:45.830,1,0
6164,588aca26ed1bfc095abf2de16bf97b57,96.0,3,1786605046829,2026-08-13T14:10:46.829,1,1
6165,588aca26ed1bfc095abf2de16bf97b57,97.0,3,1786605047829,2026-08-13T14:10:47.829,1,1
6166,588aca26ed1bfc095abf2de16bf97b57,98.0,3,1786605048829,2026-08-13T14:10:48.829,1,1
6167,588aca26ed1bfc095abf2de16bf97b57,99.0,3,1786605049829,2026-08-13T14:10:49.829,1,1
6168,588aca26ed1bfc095abf2de16bf97b57,99.0,3,1786605050829,2026-08-13T14:10:50.829,1,1
6169,588aca26ed1bfc095abf2de16bf97b57,99.0,3,1786605051829,2026-08-13T14:10:51.829,1,1
6170,588aca26ed1bfc095abf2de16bf97b57,99.0,3,1786605052830,2026-08-13T14:10:52.830,1,1
6171,588aca26ed1bfc095abf2de16bf97b57,99.0,3,1786605053829,2026-08-13T14:10:53.829,1,1
6172,588aca26ed1bfc095abf2de16bf97b57,99.0,3,1786605054830,2026-08-13T14:10:54.830,1,1
6173,588aca26ed1bfc095abf2de16bf97b57,99.0,3,1786605055829,2026-08-13T14:10:55.829,1,1
6174,588aca26ed1bfc095abf2de16bf97b57,98.0,3,1786605056829,2026-08-13T14:10:56.829,1,1
6175,588aca26ed1bfc095abf2de16bf97b57,98.0,3,1786605057829,2026-08-13T14:10:57.829,1,1
6176,588aca26ed1bfc095abf2de16bf97b57,98.0,3,1786605058829,2026-08-13T14:10:58.829,1,1
6177,588aca26ed1bfc095abf2de16bf97b57,98.0,3,1786605059829,2026-08-13T14:10:59.829,1,1
6178,588aca26ed1bfc095abf2de16bf97b57,98.0,3,1786605060829,2026-08-13T14:11:00.829,1,1
6179,588aca26ed1bfc095abf2de16bf97b57,99.0,3,1786605061829,2026-08-13T14:11:01.829,1,1
6180,588aca26ed1bfc095abf2de16bf97b57,100.0,3,1786605062830,2026-08-13T14:11:02.830,1,1
6181,588aca26ed1bfc095abf2de16bf97b57,100.0,3,1786605063836,2026-08-13T14:11:03.836,1,1
6182,588aca26ed1bfc095abf2de16bf97b57,99.0,3,1786605064839,2026-08-13T14:11:04.839,1,1
6183,588aca26ed1bfc095abf2de16bf97b57,99.0,3,1786605065837,2026-08-13T14:11:05.837,1,1
6184,588aca26ed1bfc095abf2de16bf97b57,98.0,3,1786605066838,2026-08-13T14:11:06.838,1,1
6185,588aca26ed1bfc095abf2de16bf97b57,97.0,3,1786605067836,2026-08-13T14:11:07.836,1,1
6186,588aca26ed1bfc095abf2de16bf97b57,96.0,3,1786605068843,2026-08-13T14:11:08.843,1,1
6187,588aca26ed1bfc095abf2de16bf97b57,96.0,3,1786605069834,2026-08-13T14:11:09.834,1,1
6188,588aca26ed1bfc095abf2de16bf97b57,96.0,3,1786605070831,2026-08-13T14:11:10.831,1,1
6189,588aca26ed1bfc095abf2de16bf97b57,96.0,3,1786605071828,2026-08-13T14:11:11.828,1,1
6190,588aca26ed1bfc095abf2de16bf97b57,97.0,3,1786605072833,2026-08-13T14:11:12.833,1,1
6191,588aca26ed1bfc095abf2de16bf97b57,97.0,3,1786605073832,2026-08-13T14:11:13.832,1,1
6192,588aca26ed1bfc095abf2de16bf97b57,97.0,3,1786605074830,2026-08-13T14:11:14.830,1,1
6193,588aca26ed1bfc095abf2de16bf97b57,96.0,3,1786605075830,2026-08-13T14:11:15.830,1,1
6194,588aca26ed1bfc095abf2de16bf97b57,96.0,3,1786605076830,2026-08-13T14:11:16.830,1,1
6195,588aca26ed1bfc095abf2de16bf97b57,96.0,3,1786605077829,2026-08-13T14:11:17.829,1,1
6196,588aca26ed1bfc095abf2de16bf97b57,97.0,3,1786605078829,2026-08-13T14:11:18.829,1,1
6197,588aca26ed1bfc095abf2de16bf97b57,97.0,3,1786605079829,2026-08-13T14:11:19.829,1,1
6198,588aca26ed1bfc095abf2de16bf97b57,97.0,3,1786605080831,2026-08-13T14:11:20.831,1,1
6199,588aca26ed1bfc095abf2de16bf97b57,98.0,3,1786605081829,2026-08-13T14:11:21.829,1,1
6200,588aca26ed1bfc095abf2de16bf97b57,98.0,3,1786605082830,2026-08-13T14:11:22.830,1,1
6201,588aca26ed1bfc095abf2de16bf97b57,98.0,3,1786605083829,2026-08-13T14:11:23.829,1,1
6202,588aca26ed1bfc095abf2de16bf97b57,99.0,3,1786605084830,2026-08-13T14:11:24.830,1,1
6203,588aca26ed1bfc095abf2de16bf97b57,99.0,3,1786605085830,2026-08-13T14:11:25.830,1,1
6204,588aca26ed1bfc095abf2de16bf97b57,99.0,3,1786605086831,2026-08-13T14:11:26.831,1,1
6205,588aca26ed1bfc095abf2de16bf97b57,98.0,3,1786605087829,2026-08-13T14:11:27.829,1,1
6206,588aca26ed1bfc095abf2de16bf97b57,98.0,3,1786605088829,2026-08-13T14:11:28.829,1,1
6207,588aca26ed1bfc095abf2de16bf97b57,97.0,3,1786605089829,2026-08-13T14:11:29.829,1,1
6208,588aca26ed1bfc095abf2de16bf97b57,97.0,3,1786605090829,2026-08-13T14:11:30.829,1,1
6209,588aca26ed1bfc095abf2de16bf97b57,96.0,3,1786605091829,2026-08-13T14:11:31.829,1,1
6210,588aca26ed1bfc095abf2de16bf97b57,96.0,3,1786605092828,2026-08-13T14:11:32.828,1,1
6211,588aca26ed1bfc095abf2de16bf97b57,96.0,3,1786605093829,2026-08-13T14:11:33.829,1,1
6212,588aca26ed1bfc095abf2de16bf97b57,95.0,3,1786605094829,2026-08-13T14:11:34.829,1,1
6213,588aca26ed1bfc095abf2de16bf97b57,95.0,3,1786605095829,2026-08-13T14:11:35.829,1,1
6214,588aca26ed1bfc095abf2de16bf97b57,95.0,3,1786605096829,2026-08-13T14:11:36.829,1,1
6215,588aca26ed1bfc095abf2de16bf97b57,94.0,3,1786605097829,2026-08-13T14:11:37.829,1,1
6216,588aca26ed1bfc095abf2de16bf97b57,94.0,3,1786605098829,2026-08-13T14:11:38.829,1,1
6217,588aca26ed1bfc095abf2de16bf97b57,94.0,3,1786605099829,2026-08-13T14:11:39.829,1,1
6218,588aca26ed1bfc095abf2de16bf97b57,94.0,3,1786605100829,2026-08-13T14:11:40.829,1,1
6219,588aca26ed1bfc095abf2de16bf97b57,93.0,3,1786605101830,2026-08-13T14:11:41.830,1,1
6220,588aca26ed1bfc095abf2de16bf97b57,93.0,3,1786605102840,2026-08-13T14:11:42.840,1,1
6221,588aca26ed1bfc095abf2de16bf97b57,93.0,3,1786605103839,2026-08-13T14:11:43.839,1,1
6222,588aca26ed1bfc095abf2de16bf97b57,93.0,3,1786605104838,2026-08-13T14:11:44.838,1,1
6223,588aca26ed1bfc095abf2de16bf97b57,92.0,3,1786605105837,2026-08-13T14:11:45.837,1,1
6224,588aca26ed1bfc095abf2de16bf97b57,92.0,3,1786605106836,2026-08-13T14:11:46.836,1,1
6225,588aca26ed1bfc095abf2de16bf97b57,91.0,3,1786605107844,2026-08-13T14:11:47.844,1,1
6226,588aca26ed1bfc095abf2de16bf97b57,90.0,3,1786605108833,2026-08-13T14:11:48.833,1,1
6227,588aca26ed1bfc095abf2de16bf97b57,89.0,3,1786605109832,2026-08-13T14:11:49.832,1,1
6228,588aca26ed1bfc095abf2de16bf97b57,89.0,3,1786605110832,2026-08-13T14:11:50.832,1,1
6229,588aca26ed1bfc095abf2de16bf97b57,90.0,3,1786605111829,2026-08-13T14:11:51.829,1,1
6230,588aca26ed1bfc095abf2de16bf97b57,90.0,3,1786605112829,2026-08-13T14:11:52.829,1,1
6231,588aca26ed1bfc095abf2de16bf97b57,91.0,3,1786605113829,2026-08-13T14:11:53.829,1,1
6232,588aca26ed1bfc095abf2de16bf97b57,92.0,3,1786605114829,2026-08-13T14:11:54.829,1,1
6233,588aca26ed1bfc095abf2de16bf97b57,92.0,3,1786605115829,2026-08-13T14:11:55.829,1,1
6234,588aca26ed1bfc095abf2de16bf97b57,93.0,3,1786605116829,2026-08-13T14:11:56.829,1,1
6235,588aca26ed1bfc095abf2de16bf97b57,94.0,3,1786605117830,2026-08-13T14:11:57.830,1,1
6236,588aca26ed1bfc095abf2de16bf97b57,94.0,3,1786605118831,2026-08-13T14:11:58.831,1,1
6237,588aca26ed1bfc095abf2de16bf97b57,95.0,3,1786605119829,2026-08-13T14:11:59.829,1,1
6238,588aca26ed1bfc095abf2de16bf97b57,95.0,3,1786605120841,2026-08-13T14:12:00.841,1,1
6239,588aca26ed1bfc095abf2de16bf97b57,95.0,3,1786605121829,2026-08-13T14:12:01.829,1,1
6240,588aca26ed1bfc095abf2de16bf97b57,95.0,3,1786605122828,2026-08-13T14:12:02.828,1,1
6241,588aca26ed1bfc095abf2de16bf97b57,95.0,3,1786605123829,2026-08-13T14:12:03.829,1,1
6242,588aca26ed1bfc095abf2de16bf97b57,95.0,3,1786605124829,2026-08-13T14:12:04.829,1,1
6243,588aca26ed1bfc095abf2de16bf97b57,94.0,3,1786605125829,2026-08-13T14:12:05.829,1,1
6244,588aca26ed1bfc095abf2de16bf97b57,95.0,3,1786605126829,2026-08-13T14:12:06.829,1,1
6245,588aca26ed1bfc095abf2de16bf97b57,95.0,3,1786605127829,2026-08-13T14:12:07.829,1,1
6246,588aca26ed1bfc095abf2de16bf97b57,96.0,3,1786605128830,2026-08-13T14:12:08.830,1,1
6247,588aca26ed1bfc095abf2de16bf97b57,96.0,3,1786605129838,2026-08-13T14:12:09.838,1,1
6248,588aca26ed1bfc095abf2de16bf97b57,96.0,3,1786605130836,2026-08-13T14:12:10.836,1,1
6249,588aca26ed1bfc095abf2de16bf97b57,96.0,3,1786605131835,2026-08-13T14:12:11.835,1,1
6250,588aca26ed1bfc095abf2de16bf97b57,96.0,3,1786605132838,2026-08-13T14:12:12.838,1,1
6251,588aca26ed1bfc095abf2de16bf97b57,96.0,3,1786605133834,2026-08-13T14:12:13.834,1,1
6252,588aca26ed1bfc095abf2de16bf97b57,96.0,3,1786605134833,2026-08-13T14:12:14.833,1,1
6253,588aca26ed1bfc095abf2de16bf97b57,96.0,3,1786605135831,2026-08-13T14:12:15.831,1,1
6254,588aca26ed1bfc095abf2de16bf97b57,96.0,3,1786605136830,2026-08-13T14:12:16.830,1,1
6255,588aca26ed1bfc095abf2de16bf97b57,96.0,3,1786605137831,2026-08-13T14:12:17.831,1,1
6256,588aca26ed1bfc095abf2de16bf97b57,97.0,3,1786605138829,2026-08-13T14:12:18.829,1,1
6257,588aca26ed1bfc095abf2de16bf97b57,97.0,3,1786605139829,2026-08-13T14:12:19.829,1,1
6258,588aca26ed1bfc095abf2de16bf97b57,97.0,3,1786605140829,2026-08-13T14:12:20.829,1,1
6259,588aca26ed1bfc095abf2de16bf97b57,97.0,3,1786605141829,2026-08-13T14:12:21.829,1,1
6260,588aca26ed1bfc095abf2de16bf97b57,97.0,3,1786605142829,2026-08-13T14:12:22.829,1,1
6261,588aca26ed1bfc095abf2de16bf97b57,97.0,3,1786605143832,2026-08-13T14:12:23.832,1,1
6262,588aca26ed1bfc095abf2de16bf97b57,96.0,3,1786605144845,2026-08-13T14:12:24.845,1,1
6263,588aca26ed1bfc095abf2de16bf97b57,96.0,3,1786605145830,2026-08-13T14:12:25.830,1,1
6264,588aca26ed1bfc095abf2de16bf97b57,97.0,3,1786605146829,2026-08-13T14:12:26.829,1,1
6265,588aca26ed1bfc095abf2de16bf97b57,97.0,3,1786605147829,2026-08-13T14:12:27.829,1,1
6266,588aca26ed1bfc095abf2de16bf97b57,98.0,3,1786605148828,2026-08-13T14:12:28.828,1,1
6267,588aca26ed1bfc095abf2de16bf97b57,99.0,3,1786605149829,2026-08-13T14:12:29.829,1,1
6268,588aca26ed1bfc095abf2de16bf97b57,99.0,3,1786605150829,2026-08-13T14:12:30.829,1,1
6269,588aca26ed1bfc095abf2de16bf97b57,98.0,3,1786605151830,2026-08-13T14:12:31.830,1,1
6270,588aca26ed1bfc095abf2de16bf97b57,98.0,3,1786605152839,2026-08-13T14:12:32.839,1,1
6271,588aca26ed1bfc095abf2de16bf97b57,97.0,3,1786605153837,2026-08-13T14:12:33.837,1,1
6272,588aca26ed1bfc095abf2de16bf97b57,97.0,3,1786605154836,2026-08-13T14:12:34.836,1,1
6273,588aca26ed1bfc095abf2de16bf97b57,96.0,3,1786605155844,2026-08-13T14:12:35.844,1,1
6274,588aca26ed1bfc095abf2de16bf97b57,96.0,3,1786605156836,2026-08-13T14:12:36.836,1,1
6275,588aca26ed1bfc095abf2de16bf97b57,95.0,3,1786605157832,2026-08-13T14:12:37.832,1,1
6276,588aca26ed1bfc095abf2de16bf97b57,94.0,3,1786605158833,2026-08-13T14:12:38.833,1,1
6277,588aca26ed1bfc095abf2de16bf97b57,94.0,3,1786605159833,2026-08-13T14:12:39.833,1,1
6278,588aca26ed1bfc095abf2de16bf97b57,94.0,3,1786605160830,2026-08-13T14:12:40.830,1,1
6279,588aca26ed1bfc095abf2de16bf97b57,94.0,3,1786605161830,2026-08-13T14:12:41.830,1,1
6280,588aca26ed1bfc095abf2de16bf97b57,95.0,3,1786605162829,2026-08-13T14:12:42.829,1,1
6281,588aca26ed1bfc095abf2de16bf97b57,97.0,3,1786605163829,2026-08-13T14:12:43.829,1,1
6282,588aca26ed1bfc095abf2de16bf97b57,97.0,3,1786605164829,2026-08-13T14:12:44.829,1,1
6283,588aca26ed1bfc095abf2de16bf97b57,98.0,3,1786605165829,2026-08-13T14:12:45.829,1,1
6284,588aca26ed1bfc095abf2de16bf97b57,97.0,3,1786605166829,2026-08-13T14:12:46.829,1,1
6285,588aca26ed1bfc095abf2de16bf97b57,97.0,3,1786605167830,2026-08-13T14:12:47.830,1,1
6286,588aca26ed1bfc095abf2de16bf97b57,96.0,3,1786605168829,2026-08-13T14:12:48.829,1,1
6287,588aca26ed1bfc095abf2de16bf97b57,96.0,3,1786605169830,2026-08-13T14:12:49.830,1,1
6288,588aca26ed1bfc095abf2de16bf97b57,97.0,3,1786605170830,2026-08-13T14:12:50.830,1,1
6289,588aca26ed1bfc095abf2de16bf97b57,97.0,3,1786605171829,2026-08-13T14:12:51.829,1,1
6290,588aca26ed1bfc095abf2de16bf97b57,97.0,3,1786605172829,2026-08-13T14:12:52.829,1,1
6291,588aca26ed1bfc095abf2de16bf97b57,97.0,3,1786605173829,2026-08-13T14:12:53.829,1,1
6292,588aca26ed1bfc095abf2de16bf97b57,97.0,3,1786605174829,2026-08-13T14:12:54.829,1,1
6293,588aca26ed1bfc095abf2de16bf97b57,97.0,3,1786605175829,2026-08-13T14:12:55.829,1,1
6294,588aca26ed1bfc095abf2de16bf97b57,96.0,3,1786605176829,2026-08-13T14:12:56.829,1,1
6295,588aca26ed1bfc095abf2de16bf97b57,96.0,3,1786605177829,2026-08-13T14:12:57.829,1,1
6296,588aca26ed1bfc095abf2de16bf97b57,95.0,3,1786605178829,2026-08-13T14:12:58.829,1,1
6297,588aca26ed1bfc095abf2de16bf97b57,95.0,3,1786605179829,2026-08-13T14:12:59.829,1,1
6298,588aca26ed1bfc095abf2de16bf97b57,94.0,3,1786605180829,2026-08-13T14:13:00.829,1,1
6299,588aca26ed1bfc095abf2de16bf97b57,94.0,3,1786605181829,2026-08-13T14:13:01.829,0,1
6300,588aca26ed1bfc095abf2de16bf97b57,95.0,3,1786605182829,2026-08-13T14:13:02.829,0,1
6301,588aca26ed1bfc095abf2de16bf97b57,96.0,3,1786605183829,2026-08-13T14:13:03.829,0,1
6302,588aca26ed1bfc095abf2de16bf97b57,96.0,3,1786605184829,2026-08-13T14:13:04.829,0,1
6303,588aca26ed1bfc095abf2de16bf97b57,97.0,3,1786605185829,2026-08-13T14:13:05.829,0,1
6304,588aca26ed1bfc095abf2de16bf97b57,98.0,3,1786605186839,2026-08-13T14:13:06.839,0,1
6305,588aca26ed1bfc095abf2de16bf97b57,98.0,3,1786605187837,2026-08-13T14:13:07.837,0,1
6306,588aca26ed1bfc095abf2de16bf97b57,99.0,3,1786605188836,2026-08-13T14:13:08.836,0,1
6307,588aca26ed1bfc095abf2de16bf97b57,100.0,3,1786605189845,2026-08-13T14:13:09.845,0,1
6308,588aca26ed1bfc095abf2de16bf97b57,100.0,3,1786605190835,2026-08-13T14:13:10.835,0,1
6309,588aca26ed1bfc095abf2de16bf97b57,101.0,3,1786605191835,2026-08-13T14:13:11.835,0,1
6310,588aca26ed1bfc095abf2de16bf97b57,101.0,3,1786605192840,2026-08-13T14:13:12.840,0,1
